solid 
 facet normal  9.961989e-01  8.710716e-02  3.400596e-06
   outer loop
     vertex -5.894109e+01 -1.315562e+01  1.687858e+02
     vertex -5.892589e+01 -1.332926e+01  1.662859e+02
     vertex -5.894108e+01 -1.315562e+01  1.662858e+02
   endloop
 endfacet
 facet normal  9.659258e-01  2.588190e-01  1.765369e-11
   outer loop
     vertex -5.892589e+01 -1.332926e+01  1.687858e+02
     vertex -5.888078e+01 -1.349764e+01  1.662859e+02
     vertex -5.892589e+01 -1.332926e+01  1.662859e+02
   endloop
 endfacet
 facet normal  9.961947e-01  8.715574e-02 -1.765520e-11
   outer loop
     vertex -5.892589e+01 -1.332926e+01  1.687858e+02
     vertex -5.892589e+01 -1.332926e+01  1.662859e+02
     vertex -5.894109e+01 -1.315562e+01  1.687858e+02
   endloop
 endfacet
 facet normal  9.063078e-01  4.226183e-01  1.661459e-11
   outer loop
     vertex -5.888078e+01 -1.349764e+01  1.687858e+02
     vertex -5.880711e+01 -1.365562e+01  1.662859e+02
     vertex -5.888078e+01 -1.349764e+01  1.662859e+02
   endloop
 endfacet
 facet normal  9.659258e-01  2.588190e-01 -1.661725e-11
   outer loop
     vertex -5.888078e+01 -1.349764e+01  1.687858e+02
     vertex -5.888078e+01 -1.349764e+01  1.662859e+02
     vertex -5.892589e+01 -1.332926e+01  1.687858e+02
   endloop
 endfacet
 facet normal  8.191520e-01  5.735764e-01  1.557793e-11
   outer loop
     vertex -5.880711e+01 -1.365562e+01  1.687858e+02
     vertex -5.870713e+01 -1.379840e+01  1.662859e+02
     vertex -5.880711e+01 -1.365562e+01  1.662859e+02
   endloop
 endfacet
 facet normal  9.063078e-01  4.226183e-01 -1.557691e-11
   outer loop
     vertex -5.880711e+01 -1.365562e+01  1.687858e+02
     vertex -5.880711e+01 -1.365562e+01  1.662859e+02
     vertex -5.888078e+01 -1.349764e+01  1.687858e+02
   endloop
 endfacet
 facet normal  7.071068e-01  7.071068e-01  1.454055e-11
   outer loop
     vertex -5.870713e+01 -1.379840e+01  1.687858e+02
     vertex -5.858387e+01 -1.392166e+01  1.662859e+02
     vertex -5.870713e+01 -1.379840e+01  1.662859e+02
   endloop
 endfacet
 facet normal  8.191520e-01  5.735764e-01 -1.453726e-11
   outer loop
     vertex -5.870713e+01 -1.379840e+01  1.687858e+02
     vertex -5.870713e+01 -1.379840e+01  1.662859e+02
     vertex -5.880711e+01 -1.365562e+01  1.687858e+02
   endloop
 endfacet
 facet normal  5.735764e-01  8.191520e-01  1.350136e-11
   outer loop
     vertex -5.858387e+01 -1.392166e+01  1.687858e+02
     vertex -5.844109e+01 -1.402164e+01  1.662859e+02
     vertex -5.858387e+01 -1.392166e+01  1.662859e+02
   endloop
 endfacet
 facet normal  7.071068e-01  7.071068e-01 -1.349950e-11
   outer loop
     vertex -5.858387e+01 -1.392166e+01  1.687858e+02
     vertex -5.858387e+01 -1.392166e+01  1.662859e+02
     vertex -5.870713e+01 -1.379840e+01  1.687858e+02
   endloop
 endfacet
 facet normal  4.226183e-01  9.063078e-01  1.246392e-11
   outer loop
     vertex -5.844109e+01 -1.402164e+01  1.687858e+02
     vertex -5.828311e+01 -1.409531e+01  1.662859e+02
     vertex -5.844109e+01 -1.402164e+01  1.662859e+02
   endloop
 endfacet
 facet normal  5.735764e-01  8.191520e-01 -1.245985e-11
   outer loop
     vertex -5.844109e+01 -1.402164e+01  1.687858e+02
     vertex -5.844109e+01 -1.402164e+01  1.662859e+02
     vertex -5.858387e+01 -1.392166e+01  1.687858e+02
   endloop
 endfacet
 facet normal  2.588190e-01  9.659258e-01  1.142538e-11
   outer loop
     vertex -5.828311e+01 -1.409531e+01  1.687858e+02
     vertex -5.811473e+01 -1.414042e+01  1.662859e+02
     vertex -5.828311e+01 -1.409531e+01  1.662859e+02
   endloop
 endfacet
 facet normal  4.226183e-01  9.063078e-01 -1.142158e-11
   outer loop
     vertex -5.828311e+01 -1.409531e+01  1.687858e+02
     vertex -5.828311e+01 -1.409531e+01  1.662859e+02
     vertex -5.844109e+01 -1.402164e+01  1.687858e+02
   endloop
 endfacet
 facet normal  8.715574e-02  9.961947e-01  1.038683e-11
   outer loop
     vertex -5.811473e+01 -1.414042e+01  1.687858e+02
     vertex -5.794109e+01 -1.415562e+01  1.662859e+02
     vertex -5.811473e+01 -1.414042e+01  1.662859e+02
   endloop
 endfacet
 facet normal  2.588190e-01  9.659258e-01 -1.038313e-11
   outer loop
     vertex -5.811473e+01 -1.414042e+01  1.687858e+02
     vertex -5.811473e+01 -1.414042e+01  1.662859e+02
     vertex -5.828311e+01 -1.409531e+01  1.687858e+02
   endloop
 endfacet
 facet normal -8.715574e-02  9.961947e-01  9.349137e-12
   outer loop
     vertex -5.794109e+01 -1.415562e+01  1.687858e+02
     vertex -5.776744e+01 -1.414042e+01  1.662859e+02
     vertex -5.794109e+01 -1.415562e+01  1.662859e+02
   endloop
 endfacet
 facet normal  8.715574e-02  9.961947e-01 -9.343475e-12
   outer loop
     vertex -5.794109e+01 -1.415562e+01  1.687858e+02
     vertex -5.794109e+01 -1.415562e+01  1.662859e+02
     vertex -5.811473e+01 -1.414042e+01  1.687858e+02
   endloop
 endfacet
 facet normal -2.588190e-01  9.659258e-01  8.309759e-12
   outer loop
     vertex -5.776744e+01 -1.414042e+01  1.687858e+02
     vertex -5.759907e+01 -1.409531e+01  1.662859e+02
     vertex -5.776744e+01 -1.414042e+01  1.662859e+02
   endloop
 endfacet
 facet normal -8.715574e-02  9.961947e-01 -8.305701e-12
   outer loop
     vertex -5.776744e+01 -1.414042e+01  1.687858e+02
     vertex -5.776744e+01 -1.414042e+01  1.662859e+02
     vertex -5.794109e+01 -1.415562e+01  1.687858e+02
   endloop
 endfacet
 facet normal -4.226183e-01  9.063078e-01  7.270929e-12
   outer loop
     vertex -5.759907e+01 -1.409531e+01  1.687858e+02
     vertex -5.744109e+01 -1.402164e+01  1.662859e+02
     vertex -5.759907e+01 -1.409531e+01  1.662859e+02
   endloop
 endfacet
 facet normal -2.588190e-01  9.659258e-01 -7.267773e-12
   outer loop
     vertex -5.759907e+01 -1.409531e+01  1.687858e+02
     vertex -5.759907e+01 -1.409531e+01  1.662859e+02
     vertex -5.776744e+01 -1.414042e+01  1.687858e+02
   endloop
 endfacet
 facet normal -5.735764e-01  8.191520e-01  6.233359e-12
   outer loop
     vertex -5.744109e+01 -1.402164e+01  1.687858e+02
     vertex -5.729830e+01 -1.392166e+01  1.662859e+02
     vertex -5.744109e+01 -1.402164e+01  1.662859e+02
   endloop
 endfacet
 facet normal -4.226183e-01  9.063078e-01 -6.228464e-12
   outer loop
     vertex -5.744109e+01 -1.402164e+01  1.687858e+02
     vertex -5.744109e+01 -1.402164e+01  1.662859e+02
     vertex -5.759907e+01 -1.409531e+01  1.687858e+02
   endloop
 endfacet
 facet normal -7.071068e-01  7.071068e-01  5.193698e-12
   outer loop
     vertex -5.729830e+01 -1.392166e+01  1.687858e+02
     vertex -5.717504e+01 -1.379840e+01  1.662859e+02
     vertex -5.729830e+01 -1.392166e+01  1.662859e+02
   endloop
 endfacet
 facet normal -5.735764e-01  8.191520e-01 -5.190780e-12
   outer loop
     vertex -5.729830e+01 -1.392166e+01  1.687858e+02
     vertex -5.729830e+01 -1.392166e+01  1.662859e+02
     vertex -5.744109e+01 -1.402164e+01  1.687858e+02
   endloop
 endfacet
 facet normal -8.191520e-01  5.735764e-01  4.155465e-12
   outer loop
     vertex -5.717504e+01 -1.379840e+01  1.687858e+02
     vertex -5.707506e+01 -1.365562e+01  1.662859e+02
     vertex -5.717504e+01 -1.379840e+01  1.662859e+02
   endloop
 endfacet
 facet normal -7.071068e-01  7.071068e-01 -4.152145e-12
   outer loop
     vertex -5.717504e+01 -1.379840e+01  1.687858e+02
     vertex -5.717504e+01 -1.379840e+01  1.662859e+02
     vertex -5.729830e+01 -1.392166e+01  1.687858e+02
   endloop
 endfacet
 facet normal -8.191520e-01  5.735764e-01 -3.115049e-12
   outer loop
     vertex -5.707506e+01 -1.365562e+01  1.687858e+02
     vertex -5.707506e+01 -1.365562e+01  1.662859e+02
     vertex -5.717504e+01 -1.379840e+01  1.687858e+02
   endloop
 endfacet
 facet normal -9.063078e-01  4.226183e-01  3.115433e-12
   outer loop
     vertex -5.707506e+01 -1.365562e+01  1.687858e+02
     vertex -5.700139e+01 -1.349764e+01  1.662859e+02
     vertex -5.707506e+01 -1.365562e+01  1.662859e+02
   endloop
 endfacet
 facet normal -9.063078e-01  4.226183e-01 -2.075391e-12
   outer loop
     vertex -5.700139e+01 -1.349764e+01  1.687858e+02
     vertex -5.700139e+01 -1.349764e+01  1.662859e+02
     vertex -5.707506e+01 -1.365562e+01  1.687858e+02
   endloop
 endfacet
 facet normal -9.659258e-01  2.588190e-01  2.078326e-12
   outer loop
     vertex -5.700139e+01 -1.349764e+01  1.687858e+02
     vertex -5.695628e+01 -1.332926e+01  1.662859e+02
     vertex -5.700139e+01 -1.349764e+01  1.662859e+02
   endloop
 endfacet
 facet normal -9.659258e-01  2.588190e-01 -1.038009e-12
   outer loop
     vertex -5.695628e+01 -1.332926e+01  1.687858e+02
     vertex -5.695628e+01 -1.332926e+01  1.662859e+02
     vertex -5.700139e+01 -1.349764e+01  1.687858e+02
   endloop
 endfacet
 facet normal -9.961989e-01  8.710716e-02  1.039269e-12
   outer loop
     vertex -5.695628e+01 -1.332926e+01  1.687858e+02
     vertex -5.694109e+01 -1.315562e+01  1.662858e+02
     vertex -5.695628e+01 -1.332926e+01  1.662859e+02
   endloop
 endfacet
 facet normal -9.961947e-01  8.715574e-02  3.400561e-06
   outer loop
     vertex -5.694109e+01 -1.315562e+01  1.687858e+02
     vertex -5.694109e+01 -1.315562e+01  1.662858e+02
     vertex -5.695628e+01 -1.332926e+01  1.687858e+02
   endloop
 endfacet
 facet normal  9.961947e-01  8.715574e-02 -8.370644e-15
   outer loop
     vertex -4.592589e+01 -1.332926e+01  1.687858e+02
     vertex -4.594109e+01 -1.315562e+01  1.662859e+02
     vertex -4.594109e+01 -1.315562e+01  1.687858e+02
   endloop
 endfacet
 facet normal  9.961947e-01  8.715574e-02  3.096444e-16
   outer loop
     vertex -4.592589e+01 -1.332926e+01  1.687858e+02
     vertex -4.592589e+01 -1.332926e+01  1.662859e+02
     vertex -4.594109e+01 -1.315562e+01  1.662859e+02
   endloop
 endfacet
 facet normal  9.659258e-01  2.588190e-01  9.195248e-16
   outer loop
     vertex -4.588078e+01 -1.349764e+01  1.687858e+02
     vertex -4.588078e+01 -1.349764e+01  1.662859e+02
     vertex -4.592589e+01 -1.332926e+01  1.662859e+02
   endloop
 endfacet
 facet normal  9.659258e-01  2.588190e-01  9.195667e-16
   outer loop
     vertex -4.588078e+01 -1.349764e+01  1.687858e+02
     vertex -4.592589e+01 -1.332926e+01  1.662859e+02
     vertex -4.592589e+01 -1.332926e+01  1.687858e+02
   endloop
 endfacet
 facet normal  9.063078e-01  4.226183e-01 -1.374750e-15
   outer loop
     vertex -4.580711e+01 -1.365562e+01  1.687858e+02
     vertex -4.580711e+01 -1.365562e+01  1.662859e+02
     vertex -4.588078e+01 -1.349764e+01  1.662859e+02
   endloop
 endfacet
 facet normal  9.063078e-01  4.226183e-01  1.500765e-15
   outer loop
     vertex -4.580711e+01 -1.365562e+01  1.687858e+02
     vertex -4.588078e+01 -1.349764e+01  1.662859e+02
     vertex -4.588078e+01 -1.349764e+01  1.687858e+02
   endloop
 endfacet
 facet normal  8.191520e-01  5.735764e-01  2.037786e-15
   outer loop
     vertex -4.570713e+01 -1.379840e+01  1.687858e+02
     vertex -4.570713e+01 -1.379840e+01  1.662859e+02
     vertex -4.580711e+01 -1.365562e+01  1.662859e+02
   endloop
 endfacet
 facet normal  8.191520e-01  5.735764e-01 -6.966414e-16
   outer loop
     vertex -4.570713e+01 -1.379840e+01  1.687858e+02
     vertex -4.580711e+01 -1.365562e+01  1.662859e+02
     vertex -4.580711e+01 -1.365562e+01  1.687858e+02
   endloop
 endfacet
 facet normal  7.071068e-01  7.071068e-01  2.009751e-15
   outer loop
     vertex -4.558387e+01 -1.392166e+01  1.687858e+02
     vertex -4.558387e+01 -1.392166e+01  1.662859e+02
     vertex -4.570713e+01 -1.379840e+01  1.662859e+02
   endloop
 endfacet
 facet normal  7.071068e-01  7.071068e-01  2.511890e-15
   outer loop
     vertex -4.558387e+01 -1.392166e+01  1.687858e+02
     vertex -4.570713e+01 -1.379840e+01  1.662859e+02
     vertex -4.570713e+01 -1.379840e+01  1.687858e+02
   endloop
 endfacet
 facet normal  5.735764e-01  8.191520e-01  2.328208e-15
   outer loop
     vertex -4.544109e+01 -1.402164e+01  1.687858e+02
     vertex -4.544109e+01 -1.402164e+01  1.662859e+02
     vertex -4.558387e+01 -1.392166e+01  1.662859e+02
   endloop
 endfacet
 facet normal  4.226183e-01  9.063078e-01  2.575923e-15
   outer loop
     vertex -4.544109e+01 -1.402164e+01  1.687858e+02
     vertex -4.528311e+01 -1.409531e+01  1.662859e+02
     vertex -4.544109e+01 -1.402164e+01  1.662859e+02
   endloop
 endfacet
 facet normal  5.735764e-01  8.191520e-01  2.328773e-15
   outer loop
     vertex -4.544109e+01 -1.402164e+01  1.687858e+02
     vertex -4.558387e+01 -1.392166e+01  1.662859e+02
     vertex -4.558387e+01 -1.392166e+01  1.687858e+02
   endloop
 endfacet
 facet normal  2.588190e-01  9.659258e-01  2.009751e-15
   outer loop
     vertex -4.528311e+01 -1.409531e+01  1.687858e+02
     vertex -4.511473e+01 -1.414042e+01  1.662859e+02
     vertex -4.528311e+01 -1.409531e+01  1.662859e+02
   endloop
 endfacet
 facet normal  4.226183e-01  9.063078e-01  1.374750e-15
   outer loop
     vertex -4.528311e+01 -1.409531e+01  1.687858e+02
     vertex -4.528311e+01 -1.409531e+01  1.662859e+02
     vertex -4.544109e+01 -1.402164e+01  1.687858e+02
   endloop
 endfacet
 facet normal  2.588190e-01  9.659258e-01  2.745371e-15
   outer loop
     vertex -4.511473e+01 -1.414042e+01  1.687858e+02
     vertex -4.511473e+01 -1.414042e+01  1.662859e+02
     vertex -4.528311e+01 -1.409531e+01  1.687858e+02
   endloop
 endfacet
 facet normal  8.715574e-02  9.961947e-01  2.831401e-15
   outer loop
     vertex -4.494109e+01 -1.415562e+01  1.687858e+02
     vertex -4.494109e+01 -1.415562e+01  1.662859e+02
     vertex -4.511473e+01 -1.414042e+01  1.662859e+02
   endloop
 endfacet
 facet normal -8.715574e-02  9.961947e-01  2.831401e-15
   outer loop
     vertex -4.494109e+01 -1.415562e+01  1.687858e+02
     vertex -4.476744e+01 -1.414042e+01  1.662859e+02
     vertex -4.494109e+01 -1.415562e+01  1.662859e+02
   endloop
 endfacet
 facet normal  8.715574e-02  9.961947e-01  2.831350e-15
   outer loop
     vertex -4.494109e+01 -1.415562e+01  1.687858e+02
     vertex -4.511473e+01 -1.414042e+01  1.662859e+02
     vertex -4.511473e+01 -1.414042e+01  1.687858e+02
   endloop
 endfacet
 facet normal -8.715574e-02  9.961947e-01  2.831401e-15
   outer loop
     vertex -4.476744e+01 -1.414042e+01  1.687858e+02
     vertex -4.476744e+01 -1.414042e+01  1.662859e+02
     vertex -4.494109e+01 -1.415562e+01  1.687858e+02
   endloop
 endfacet
 facet normal -2.588190e-01  9.659258e-01  2.745371e-15
   outer loop
     vertex -4.459907e+01 -1.409531e+01  1.687858e+02
     vertex -4.459907e+01 -1.409531e+01  1.662859e+02
     vertex -4.476744e+01 -1.414042e+01  1.662859e+02
   endloop
 endfacet
 facet normal -4.226183e-01  9.063078e-01  2.575923e-15
   outer loop
     vertex -4.459907e+01 -1.409531e+01  1.687858e+02
     vertex -4.444109e+01 -1.402164e+01  1.662859e+02
     vertex -4.459907e+01 -1.409531e+01  1.662859e+02
   endloop
 endfacet
 facet normal -2.588190e-01  9.659258e-01  2.744767e-15
   outer loop
     vertex -4.459907e+01 -1.409531e+01  1.687858e+02
     vertex -4.476744e+01 -1.414042e+01  1.662859e+02
     vertex -4.476744e+01 -1.414042e+01  1.687858e+02
   endloop
 endfacet
 facet normal -5.735764e-01  8.191520e-01  1.746156e-15
   outer loop
     vertex -4.444109e+01 -1.402164e+01  1.687858e+02
     vertex -4.429830e+01 -1.392166e+01  1.662859e+02
     vertex -4.444109e+01 -1.402164e+01  1.662859e+02
   endloop
 endfacet
 facet normal -4.226183e-01  9.063078e-01  1.931942e-15
   outer loop
     vertex -4.444109e+01 -1.402164e+01  1.687858e+02
     vertex -4.444109e+01 -1.402164e+01  1.662859e+02
     vertex -4.459907e+01 -1.409531e+01  1.687858e+02
   endloop
 endfacet
 facet normal -5.735764e-01  8.191520e-01  1.746156e-15
   outer loop
     vertex -4.429830e+01 -1.392166e+01  1.687858e+02
     vertex -4.429830e+01 -1.392166e+01  1.662859e+02
     vertex -4.444109e+01 -1.402164e+01  1.687858e+02
   endloop
 endfacet
 facet normal -7.071068e-01  7.071068e-01  1.507313e-15
   outer loop
     vertex -4.417504e+01 -1.379840e+01  1.687858e+02
     vertex -4.417504e+01 -1.379840e+01  1.662859e+02
     vertex -4.429830e+01 -1.392166e+01  1.662859e+02
   endloop
 endfacet
 facet normal -7.071068e-01  7.071068e-01  1.508726e-15
   outer loop
     vertex -4.417504e+01 -1.379840e+01  1.687858e+02
     vertex -4.429830e+01 -1.392166e+01  1.662859e+02
     vertex -4.429830e+01 -1.392166e+01  1.687858e+02
   endloop
 endfacet
 facet normal -8.191520e-01  5.735764e-01  1.222108e-15
   outer loop
     vertex -4.407506e+01 -1.365562e+01  1.687858e+02
     vertex -4.417504e+01 -1.379840e+01  1.662859e+02
     vertex -4.417504e+01 -1.379840e+01  1.687858e+02
   endloop
 endfacet
 facet normal -8.191520e-01  5.735764e-01  8.151143e-16
   outer loop
     vertex -4.407506e+01 -1.365562e+01  1.687858e+02
     vertex -4.407506e+01 -1.365562e+01  1.662859e+02
     vertex -4.417504e+01 -1.379840e+01  1.662859e+02
   endloop
 endfacet
 facet normal -9.063078e-01  4.226183e-01  6.005863e-16
   outer loop
     vertex -4.407506e+01 -1.365562e+01  1.687858e+02
     vertex -4.400139e+01 -1.349764e+01  1.662859e+02
     vertex -4.407506e+01 -1.365562e+01  1.662859e+02
   endloop
 endfacet
 facet normal -9.063078e-01  4.226183e-01  6.005863e-16
   outer loop
     vertex -4.400139e+01 -1.349764e+01  1.687858e+02
     vertex -4.400139e+01 -1.349764e+01  1.662859e+02
     vertex -4.407506e+01 -1.365562e+01  1.687858e+02
   endloop
 endfacet
 facet normal -9.659258e-01  2.588190e-01  3.682247e-16
   outer loop
     vertex -4.395628e+01 -1.332926e+01  1.687858e+02
     vertex -4.400139e+01 -1.349764e+01  1.662859e+02
     vertex -4.400139e+01 -1.349764e+01  1.687858e+02
   endloop
 endfacet
 facet normal -9.659258e-01  2.588190e-01  3.113180e-15
   outer loop
     vertex -4.395628e+01 -1.332926e+01  1.687858e+02
     vertex -4.395628e+01 -1.332926e+01  1.662859e+02
     vertex -4.400139e+01 -1.349764e+01  1.662859e+02
   endloop
 endfacet
 facet normal -9.961947e-01  8.715574e-02  2.954755e-15
   outer loop
     vertex -4.394109e+01 -1.315562e+01  1.687858e+02
     vertex -4.395628e+01 -1.332926e+01  1.662859e+02
     vertex -4.395628e+01 -1.332926e+01  1.687858e+02
   endloop
 endfacet
 facet normal -9.961947e-01  8.715574e-02 -8.246488e-15
   outer loop
     vertex -4.394109e+01 -1.315562e+01  1.687858e+02
     vertex -4.394109e+01 -1.315562e+01  1.662859e+02
     vertex -4.395628e+01 -1.332926e+01  1.662859e+02
   endloop
 endfacet
 facet normal  9.961989e-01  8.710716e-02  3.400596e-06
   outer loop
     vertex -5.894109e+01 -1.155616e+00  1.687858e+02
     vertex -5.892589e+01 -1.329264e+00  1.662859e+02
     vertex -5.894108e+01 -1.155616e+00  1.662858e+02
   endloop
 endfacet
 facet normal  9.659258e-01  2.588190e-01  1.765376e-11
   outer loop
     vertex -5.892589e+01 -1.329264e+00  1.687858e+02
     vertex -5.888078e+01 -1.497636e+00  1.662859e+02
     vertex -5.892589e+01 -1.329264e+00  1.662859e+02
   endloop
 endfacet
 facet normal  9.961947e-01  8.715574e-02 -1.765518e-11
   outer loop
     vertex -5.892589e+01 -1.329264e+00  1.687858e+02
     vertex -5.892589e+01 -1.329264e+00  1.662859e+02
     vertex -5.894109e+01 -1.155616e+00  1.687858e+02
   endloop
 endfacet
 facet normal  9.063078e-01  4.226183e-01  1.661511e-11
   outer loop
     vertex -5.888078e+01 -1.497636e+00  1.687858e+02
     vertex -5.880711e+01 -1.655616e+00  1.662859e+02
     vertex -5.888078e+01 -1.497636e+00  1.662859e+02
   endloop
 endfacet
 facet normal  9.659258e-01  2.588190e-01 -1.661693e-11
   outer loop
     vertex -5.888078e+01 -1.497636e+00  1.687858e+02
     vertex -5.888078e+01 -1.497636e+00  1.662859e+02
     vertex -5.892589e+01 -1.329264e+00  1.687858e+02
   endloop
 endfacet
 facet normal  8.191520e-01  5.735764e-01  1.557844e-11
   outer loop
     vertex -5.880711e+01 -1.655616e+00  1.687858e+02
     vertex -5.870713e+01 -1.798404e+00  1.662859e+02
     vertex -5.880711e+01 -1.655616e+00  1.662859e+02
   endloop
 endfacet
 facet normal  9.063078e-01  4.226183e-01 -1.557654e-11
   outer loop
     vertex -5.880711e+01 -1.655616e+00  1.687858e+02
     vertex -5.880711e+01 -1.655616e+00  1.662859e+02
     vertex -5.888078e+01 -1.497636e+00  1.687858e+02
   endloop
 endfacet
 facet normal  7.071068e-01  7.071068e-01  1.454099e-11
   outer loop
     vertex -5.870713e+01 -1.798404e+00  1.687858e+02
     vertex -5.858387e+01 -1.921661e+00  1.662859e+02
     vertex -5.870713e+01 -1.798404e+00  1.662859e+02
   endloop
 endfacet
 facet normal  8.191520e-01  5.735764e-01 -1.453690e-11
   outer loop
     vertex -5.870713e+01 -1.798404e+00  1.687858e+02
     vertex -5.870713e+01 -1.798404e+00  1.662859e+02
     vertex -5.880711e+01 -1.655616e+00  1.687858e+02
   endloop
 endfacet
 facet normal  5.735764e-01  8.191520e-01  1.350230e-11
   outer loop
     vertex -5.858387e+01 -1.921661e+00  1.687858e+02
     vertex -5.844109e+01 -2.021642e+00  1.662859e+02
     vertex -5.858387e+01 -1.921661e+00  1.662859e+02
   endloop
 endfacet
 facet normal  7.071068e-01  7.071068e-01 -1.349868e-11
   outer loop
     vertex -5.858387e+01 -1.921661e+00  1.687858e+02
     vertex -5.858387e+01 -1.921661e+00  1.662859e+02
     vertex -5.870713e+01 -1.798404e+00  1.687858e+02
   endloop
 endfacet
 facet normal  4.226183e-01  9.063078e-01  1.246593e-11
   outer loop
     vertex -5.844109e+01 -2.021642e+00  1.687858e+02
     vertex -5.828311e+01 -2.095309e+00  1.662859e+02
     vertex -5.844109e+01 -2.021642e+00  1.662859e+02
   endloop
 endfacet
 facet normal  5.735764e-01  8.191520e-01 -1.245749e-11
   outer loop
     vertex -5.844109e+01 -2.021642e+00  1.687858e+02
     vertex -5.844109e+01 -2.021642e+00  1.662859e+02
     vertex -5.858387e+01 -1.921661e+00  1.687858e+02
   endloop
 endfacet
 facet normal  2.588190e-01  9.659258e-01  1.142624e-11
   outer loop
     vertex -5.828311e+01 -2.095309e+00  1.687858e+02
     vertex -5.811473e+01 -2.140424e+00  1.662859e+02
     vertex -5.828311e+01 -2.095309e+00  1.662859e+02
   endloop
 endfacet
 facet normal  4.226183e-01  9.063078e-01 -1.142078e-11
   outer loop
     vertex -5.828311e+01 -2.095309e+00  1.687858e+02
     vertex -5.828311e+01 -2.095309e+00  1.662859e+02
     vertex -5.844109e+01 -2.021642e+00  1.687858e+02
   endloop
 endfacet
 facet normal  8.715574e-02  9.961947e-01  1.038814e-11
   outer loop
     vertex -5.811473e+01 -2.140424e+00  1.687858e+02
     vertex -5.794109e+01 -2.155616e+00  1.662859e+02
     vertex -5.811473e+01 -2.140424e+00  1.662859e+02
   endloop
 endfacet
 facet normal  2.588190e-01  9.659258e-01 -1.038136e-11
   outer loop
     vertex -5.811473e+01 -2.140424e+00  1.687858e+02
     vertex -5.811473e+01 -2.140424e+00  1.662859e+02
     vertex -5.828311e+01 -2.095309e+00  1.687858e+02
   endloop
 endfacet
 facet normal -8.715574e-02  9.961947e-01  9.349421e-12
   outer loop
     vertex -5.794109e+01 -2.155616e+00  1.687858e+02
     vertex -5.776744e+01 -2.140424e+00  1.662859e+02
     vertex -5.794109e+01 -2.155616e+00  1.662859e+02
   endloop
 endfacet
 facet normal  8.715574e-02  9.961947e-01 -9.342696e-12
   outer loop
     vertex -5.794109e+01 -2.155616e+00  1.687858e+02
     vertex -5.794109e+01 -2.155616e+00  1.662859e+02
     vertex -5.811473e+01 -2.140424e+00  1.687858e+02
   endloop
 endfacet
 facet normal -2.588190e-01  9.659258e-01  8.311131e-12
   outer loop
     vertex -5.776744e+01 -2.140424e+00  1.687858e+02
     vertex -5.759907e+01 -2.095309e+00  1.662859e+02
     vertex -5.776744e+01 -2.140424e+00  1.662859e+02
   endloop
 endfacet
 facet normal -8.715574e-02  9.961947e-01 -8.304286e-12
   outer loop
     vertex -5.776744e+01 -2.140424e+00  1.687858e+02
     vertex -5.776744e+01 -2.140424e+00  1.662859e+02
     vertex -5.794109e+01 -2.155616e+00  1.687858e+02
   endloop
 endfacet
 facet normal -4.226183e-01  9.063078e-01  7.271499e-12
   outer loop
     vertex -5.759907e+01 -2.095309e+00  1.687858e+02
     vertex -5.744109e+01 -2.021642e+00  1.662859e+02
     vertex -5.759907e+01 -2.095309e+00  1.662859e+02
   endloop
 endfacet
 facet normal -2.588190e-01  9.659258e-01 -7.266621e-12
   outer loop
     vertex -5.759907e+01 -2.095309e+00  1.687858e+02
     vertex -5.759907e+01 -2.095309e+00  1.662859e+02
     vertex -5.776744e+01 -2.140424e+00  1.687858e+02
   endloop
 endfacet
 facet normal -5.735764e-01  8.191520e-01  6.234669e-12
   outer loop
     vertex -5.744109e+01 -2.021642e+00  1.687858e+02
     vertex -5.729830e+01 -1.921661e+00  1.662859e+02
     vertex -5.744109e+01 -2.021642e+00  1.662859e+02
   endloop
 endfacet
 facet normal -4.226183e-01  9.063078e-01 -6.227015e-12
   outer loop
     vertex -5.744109e+01 -2.021642e+00  1.687858e+02
     vertex -5.744109e+01 -2.021642e+00  1.662859e+02
     vertex -5.759907e+01 -2.095309e+00  1.687858e+02
   endloop
 endfacet
 facet normal -7.071068e-01  7.071068e-01  5.194703e-12
   outer loop
     vertex -5.729830e+01 -1.921661e+00  1.687858e+02
     vertex -5.717504e+01 -1.798404e+00  1.662859e+02
     vertex -5.729830e+01 -1.921661e+00  1.662859e+02
   endloop
 endfacet
 facet normal -5.735764e-01  8.191520e-01 -5.189616e-12
   outer loop
     vertex -5.729830e+01 -1.921661e+00  1.687858e+02
     vertex -5.729830e+01 -1.921661e+00  1.662859e+02
     vertex -5.744109e+01 -2.021642e+00  1.687858e+02
   endloop
 endfacet
 facet normal -8.191520e-01  5.735764e-01  4.154053e-12
   outer loop
     vertex -5.717504e+01 -1.798404e+00  1.687858e+02
     vertex -5.707506e+01 -1.655616e+00  1.662859e+02
     vertex -5.717504e+01 -1.798404e+00  1.662859e+02
   endloop
 endfacet
 facet normal -7.071068e-01  7.071068e-01 -4.153024e-12
   outer loop
     vertex -5.717504e+01 -1.798404e+00  1.687858e+02
     vertex -5.717504e+01 -1.798404e+00  1.662859e+02
     vertex -5.729830e+01 -1.921661e+00  1.687858e+02
   endloop
 endfacet
 facet normal -8.191520e-01  5.735764e-01 -3.114132e-12
   outer loop
     vertex -5.707506e+01 -1.655616e+00  1.687858e+02
     vertex -5.707506e+01 -1.655616e+00  1.662859e+02
     vertex -5.717504e+01 -1.798404e+00  1.687858e+02
   endloop
 endfacet
 facet normal -9.063078e-01  4.226183e-01  3.116109e-12
   outer loop
     vertex -5.707506e+01 -1.655616e+00  1.687858e+02
     vertex -5.700139e+01 -1.497636e+00  1.662859e+02
     vertex -5.707506e+01 -1.655616e+00  1.662859e+02
   endloop
 endfacet
 facet normal -9.063078e-01  4.226183e-01 -2.074490e-12
   outer loop
     vertex -5.700139e+01 -1.497636e+00  1.687858e+02
     vertex -5.700139e+01 -1.497636e+00  1.662859e+02
     vertex -5.707506e+01 -1.655616e+00  1.687858e+02
   endloop
 endfacet
 facet normal -9.659258e-01  2.588190e-01  2.078878e-12
   outer loop
     vertex -5.700139e+01 -1.497636e+00  1.687858e+02
     vertex -5.695628e+01 -1.329264e+00  1.662859e+02
     vertex -5.700139e+01 -1.497636e+00  1.662859e+02
   endloop
 endfacet
 facet normal -9.659258e-01  2.588190e-01 -1.037457e-12
   outer loop
     vertex -5.695628e+01 -1.329264e+00  1.687858e+02
     vertex -5.695628e+01 -1.329264e+00  1.662859e+02
     vertex -5.700139e+01 -1.497636e+00  1.687858e+02
   endloop
 endfacet
 facet normal -9.961989e-01  8.710716e-02  1.039455e-12
   outer loop
     vertex -5.695628e+01 -1.329264e+00  1.687858e+02
     vertex -5.694109e+01 -1.155616e+00  1.662858e+02
     vertex -5.695628e+01 -1.329264e+00  1.662859e+02
   endloop
 endfacet
 facet normal -9.961947e-01  8.715574e-02  3.400561e-06
   outer loop
     vertex -5.694109e+01 -1.155616e+00  1.687858e+02
     vertex -5.694109e+01 -1.155616e+00  1.662858e+02
     vertex -5.695628e+01 -1.329264e+00  1.687858e+02
   endloop
 endfacet
 facet normal  9.961947e-01  8.715574e-02  2.978482e-15
   outer loop
     vertex -4.594109e+01 -1.155616e+00  1.687858e+02
     vertex -4.592589e+01 -1.329264e+00  1.662859e+02
     vertex -4.594109e+01 -1.155616e+00  1.662859e+02
   endloop
 endfacet
 facet normal  9.659258e-01  2.588190e-01  1.057453e-15
   outer loop
     vertex -4.592589e+01 -1.329264e+00  1.687858e+02
     vertex -4.588078e+01 -1.497636e+00  1.662859e+02
     vertex -4.592589e+01 -1.329264e+00  1.662859e+02
   endloop
 endfacet
 facet normal  9.961947e-01  8.715574e-02  3.560910e-16
   outer loop
     vertex -4.592589e+01 -1.329264e+00  1.687858e+02
     vertex -4.592589e+01 -1.329264e+00  1.662859e+02
     vertex -4.594109e+01 -1.155616e+00  1.687858e+02
   endloop
 endfacet
 facet normal  9.063078e-01  4.226183e-01  1.726686e-15
   outer loop
     vertex -4.588078e+01 -1.497636e+00  1.687858e+02
     vertex -4.580711e+01 -1.655616e+00  1.662859e+02
     vertex -4.588078e+01 -1.497636e+00  1.662859e+02
   endloop
 endfacet
 facet normal  9.659258e-01  2.588190e-01  1.057453e-15
   outer loop
     vertex -4.588078e+01 -1.497636e+00  1.687858e+02
     vertex -4.588078e+01 -1.497636e+00  1.662859e+02
     vertex -4.592589e+01 -1.329264e+00  1.687858e+02
   endloop
 endfacet
 facet normal  8.191520e-01  5.735764e-01 -3.569876e-17
   outer loop
     vertex -4.580711e+01 -1.655616e+00  1.687858e+02
     vertex -4.570713e+01 -1.798404e+00  1.662859e+02
     vertex -4.580711e+01 -1.655616e+00  1.662859e+02
   endloop
 endfacet
 facet normal  9.063078e-01  4.226183e-01 -8.867740e-16
   outer loop
     vertex -4.580711e+01 -1.655616e+00  1.687858e+02
     vertex -4.580711e+01 -1.655616e+00  1.662859e+02
     vertex -4.588078e+01 -1.497636e+00  1.687858e+02
   endloop
 endfacet
 facet normal  7.071068e-01  7.071068e-01  2.763407e-15
   outer loop
     vertex -4.570713e+01 -1.798404e+00  1.687858e+02
     vertex -4.558387e+01 -1.921661e+00  1.662859e+02
     vertex -4.570713e+01 -1.798404e+00  1.662859e+02
   endloop
 endfacet
 facet normal  8.191520e-01  5.735764e-01  2.241564e-15
   outer loop
     vertex -4.570713e+01 -1.798404e+00  1.687858e+02
     vertex -4.570713e+01 -1.798404e+00  1.662859e+02
     vertex -4.580711e+01 -1.655616e+00  1.687858e+02
   endloop
 endfacet
 facet normal  5.735764e-01  8.191520e-01  3.201285e-15
   outer loop
     vertex -4.558387e+01 -1.921661e+00  1.687858e+02
     vertex -4.544109e+01 -2.021642e+00  1.662859e+02
     vertex -4.558387e+01 -1.921661e+00  1.662859e+02
   endloop
 endfacet
 facet normal  7.071068e-01  7.071068e-01  2.763407e-15
   outer loop
     vertex -4.558387e+01 -1.921661e+00  1.687858e+02
     vertex -4.558387e+01 -1.921661e+00  1.662859e+02
     vertex -4.570713e+01 -1.798404e+00  1.687858e+02
   endloop
 endfacet
 facet normal  4.226183e-01  9.063078e-01  3.380899e-15
   outer loop
     vertex -4.544109e+01 -2.021642e+00  1.687858e+02
     vertex -4.528311e+01 -2.095309e+00  1.662859e+02
     vertex -4.544109e+01 -2.021642e+00  1.662859e+02
   endloop
 endfacet
 facet normal  5.735764e-01  8.191520e-01  3.055773e-15
   outer loop
     vertex -4.544109e+01 -2.021642e+00  1.687858e+02
     vertex -4.544109e+01 -2.021642e+00  1.662859e+02
     vertex -4.558387e+01 -1.921661e+00  1.687858e+02
   endloop
 endfacet
 facet normal  2.588190e-01  9.659258e-01  2.867679e-15
   outer loop
     vertex -4.528311e+01 -2.095309e+00  1.687858e+02
     vertex -4.511473e+01 -2.140424e+00  1.662859e+02
     vertex -4.528311e+01 -2.095309e+00  1.662859e+02
   endloop
 endfacet
 facet normal  4.226183e-01  9.063078e-01  2.179726e-15
   outer loop
     vertex -4.528311e+01 -2.095309e+00  1.687858e+02
     vertex -4.528311e+01 -2.095309e+00  1.662859e+02
     vertex -4.544109e+01 -2.021642e+00  1.687858e+02
   endloop
 endfacet
 facet normal  8.715574e-02  9.961947e-01  3.539252e-15
   outer loop
     vertex -4.511473e+01 -2.140424e+00  1.687858e+02
     vertex -4.494109e+01 -2.155616e+00  1.662859e+02
     vertex -4.511473e+01 -2.140424e+00  1.662859e+02
   endloop
 endfacet
 facet normal  2.588190e-01  9.659258e-01  3.431713e-15
   outer loop
     vertex -4.511473e+01 -2.140424e+00  1.687858e+02
     vertex -4.511473e+01 -2.140424e+00  1.662859e+02
     vertex -4.528311e+01 -2.095309e+00  1.687858e+02
   endloop
 endfacet
 facet normal -8.715574e-02  9.961947e-01  3.539252e-15
   outer loop
     vertex -4.494109e+01 -2.155616e+00  1.687858e+02
     vertex -4.476744e+01 -2.140424e+00  1.662859e+02
     vertex -4.494109e+01 -2.155616e+00  1.662859e+02
   endloop
 endfacet
 facet normal  8.715574e-02  9.961947e-01  3.539252e-15
   outer loop
     vertex -4.494109e+01 -2.155616e+00  1.687858e+02
     vertex -4.494109e+01 -2.155616e+00  1.662859e+02
     vertex -4.511473e+01 -2.140424e+00  1.687858e+02
   endloop
 endfacet
 facet normal -8.715574e-02  9.961947e-01  3.185326e-15
   outer loop
     vertex -4.476744e+01 -2.140424e+00  1.687858e+02
     vertex -4.476744e+01 -2.140424e+00  1.662859e+02
     vertex -4.494109e+01 -2.155616e+00  1.687858e+02
   endloop
 endfacet
 facet normal -2.588190e-01  9.659258e-01  3.088542e-15
   outer loop
     vertex -4.459907e+01 -2.095309e+00  1.687858e+02
     vertex -4.459907e+01 -2.095309e+00  1.662859e+02
     vertex -4.476744e+01 -2.140424e+00  1.662859e+02
   endloop
 endfacet
 facet normal -4.226183e-01  9.063078e-01  2.897914e-15
   outer loop
     vertex -4.459907e+01 -2.095309e+00  1.687858e+02
     vertex -4.444109e+01 -2.021642e+00  1.662859e+02
     vertex -4.459907e+01 -2.095309e+00  1.662859e+02
   endloop
 endfacet
 facet normal -2.588190e-01  9.659258e-01  3.089107e-15
   outer loop
     vertex -4.459907e+01 -2.095309e+00  1.687858e+02
     vertex -4.476744e+01 -2.140424e+00  1.662859e+02
     vertex -4.476744e+01 -2.140424e+00  1.687858e+02
   endloop
 endfacet
 facet normal -4.226183e-01  9.063078e-01  3.938091e-15
   outer loop
     vertex -4.444109e+01 -2.021642e+00  1.687858e+02
     vertex -4.444109e+01 -2.021642e+00  1.662859e+02
     vertex -4.459907e+01 -2.095309e+00  1.687858e+02
   endloop
 endfacet
 facet normal -5.735764e-01  8.191520e-01  2.182695e-15
   outer loop
     vertex -4.429830e+01 -1.921661e+00  1.687858e+02
     vertex -4.429830e+01 -1.921661e+00  1.662859e+02
     vertex -4.444109e+01 -2.021642e+00  1.662859e+02
   endloop
 endfacet
 facet normal -7.071068e-01  7.071068e-01  1.884141e-15
   outer loop
     vertex -4.429830e+01 -1.921661e+00  1.687858e+02
     vertex -4.417504e+01 -1.798404e+00  1.662859e+02
     vertex -4.429830e+01 -1.921661e+00  1.662859e+02
   endloop
 endfacet
 facet normal -5.735764e-01  8.191520e-01  4.104213e-15
   outer loop
     vertex -4.429830e+01 -1.921661e+00  1.687858e+02
     vertex -4.444109e+01 -2.021642e+00  1.662859e+02
     vertex -4.444109e+01 -2.021642e+00  1.687858e+02
   endloop
 endfacet
 facet normal -8.191520e-01  5.735764e-01  1.477395e-15
   outer loop
     vertex -4.417504e+01 -1.798404e+00  1.687858e+02
     vertex -4.407506e+01 -1.655616e+00  1.662859e+02
     vertex -4.417504e+01 -1.798404e+00  1.662859e+02
   endloop
 endfacet
 facet normal -7.071068e-01  7.071068e-01  1.821337e-15
   outer loop
     vertex -4.417504e+01 -1.798404e+00  1.687858e+02
     vertex -4.417504e+01 -1.798404e+00  1.662859e+02
     vertex -4.429830e+01 -1.921661e+00  1.687858e+02
   endloop
 endfacet
 facet normal -8.191520e-01  5.735764e-01  1.324561e-15
   outer loop
     vertex -4.407506e+01 -1.655616e+00  1.687858e+02
     vertex -4.407506e+01 -1.655616e+00  1.662859e+02
     vertex -4.417504e+01 -1.798404e+00  1.687858e+02
   endloop
 endfacet
 facet normal -9.063078e-01  4.226183e-01  9.752980e-16
   outer loop
     vertex -4.400139e+01 -1.497636e+00  1.687858e+02
     vertex -4.407506e+01 -1.655616e+00  1.662859e+02
     vertex -4.407506e+01 -1.655616e+00  1.687858e+02
   endloop
 endfacet
 facet normal -9.063078e-01  4.226183e-01  9.384162e-16
   outer loop
     vertex -4.400139e+01 -1.497636e+00  1.687858e+02
     vertex -4.400139e+01 -1.497636e+00  1.662859e+02
     vertex -4.407506e+01 -1.655616e+00  1.662859e+02
   endloop
 endfacet
 facet normal -9.659258e-01  2.588190e-01  5.747030e-16
   outer loop
     vertex -4.400139e+01 -1.497636e+00  1.687858e+02
     vertex -4.395628e+01 -1.329264e+00  1.662859e+02
     vertex -4.400139e+01 -1.497636e+00  1.662859e+02
   endloop
 endfacet
 facet normal -9.659258e-01  2.588190e-01  3.297085e-15
   outer loop
     vertex -4.395628e+01 -1.329264e+00  1.687858e+02
     vertex -4.395628e+01 -1.329264e+00  1.662859e+02
     vertex -4.400139e+01 -1.497636e+00  1.687858e+02
   endloop
 endfacet
 facet normal -9.961947e-01  8.715574e-02  3.017188e-15
   outer loop
     vertex -4.395628e+01 -1.329264e+00  1.687858e+02
     vertex -4.394109e+01 -1.155616e+00  1.662859e+02
     vertex -4.395628e+01 -1.329264e+00  1.662859e+02
   endloop
 endfacet
 facet normal -9.961947e-01  8.715574e-02  3.141046e-15
   outer loop
     vertex -4.394109e+01 -1.155616e+00  1.687858e+02
     vertex -4.394109e+01 -1.155616e+00  1.662859e+02
     vertex -4.395628e+01 -1.329264e+00  1.687858e+02
   endloop
 endfacet
 facet normal  7.016877e-01  1.237265e-01  7.016595e-01
   outer loop
     vertex -4.525432e+01 -1.326962e+01  1.656192e+02
     vertex -4.494109e+01 -1.315562e+01  1.652858e+02
     vertex -4.594109e+01 -1.315562e+01  1.662859e+02
   endloop
 endfacet
 facet normal  6.170539e-01  3.562562e-01  7.016595e-01
   outer loop
     vertex -4.519643e+01 -1.336988e+01  1.656192e+02
     vertex -4.494109e+01 -1.315562e+01  1.652858e+02
     vertex -4.525432e+01 -1.326962e+01  1.656192e+02
   endloop
 endfacet
 facet normal  4.579942e-01  5.458162e-01  7.016595e-01
   outer loop
     vertex -4.510775e+01 -1.344429e+01  1.656192e+02
     vertex -4.494109e+01 -1.315562e+01  1.652858e+02
     vertex -4.519643e+01 -1.336988e+01  1.656192e+02
   endloop
 endfacet
 facet normal  6.847397e-01  5.990696e-02  7.263214e-01
   outer loop
     vertex -4.556755e+01 -1.338363e+01  1.659525e+02
     vertex -4.594109e+01 -1.315562e+01  1.662859e+02
     vertex -4.592589e+01 -1.332926e+01  1.662859e+02
   endloop
 endfacet
 facet normal  6.843272e-01  1.833649e-01  7.057433e-01
   outer loop
     vertex -4.556755e+01 -1.338363e+01  1.659525e+02
     vertex -4.592589e+01 -1.332926e+01  1.662859e+02
     vertex -4.588078e+01 -1.349764e+01  1.662859e+02
   endloop
 endfacet
 facet normal  6.420897e-01  2.994114e-01  7.057433e-01
   outer loop
     vertex -4.556755e+01 -1.338363e+01  1.659525e+02
     vertex -4.588078e+01 -1.349764e+01  1.662859e+02
     vertex -4.580711e+01 -1.365562e+01  1.662859e+02
   endloop
 endfacet
 facet normal  7.016877e-01  1.237265e-01  7.016595e-01
   outer loop
     vertex -4.556755e+01 -1.338363e+01  1.659525e+02
     vertex -4.525432e+01 -1.326962e+01  1.656192e+02
     vertex -4.594109e+01 -1.315562e+01  1.662859e+02
   endloop
 endfacet
 facet normal  2.436936e-01  6.695427e-01  7.016595e-01
   outer loop
     vertex -4.499897e+01 -1.348389e+01  1.656192e+02
     vertex -4.494109e+01 -1.315562e+01  1.652858e+02
     vertex -4.510775e+01 -1.344429e+01  1.656192e+02
   endloop
 endfacet
 facet normal  5.803427e-01  4.063603e-01  7.057433e-01
   outer loop
     vertex -4.545178e+01 -1.358414e+01  1.659525e+02
     vertex -4.580711e+01 -1.365562e+01  1.662859e+02
     vertex -4.570713e+01 -1.379840e+01  1.662859e+02
   endloop
 endfacet
 facet normal  5.009623e-01  5.009623e-01  7.057433e-01
   outer loop
     vertex -4.545178e+01 -1.358414e+01  1.659525e+02
     vertex -4.570713e+01 -1.379840e+01  1.662859e+02
     vertex -4.558387e+01 -1.392166e+01  1.662859e+02
   endloop
 endfacet
 facet normal  6.170539e-01  3.562562e-01  7.016595e-01
   outer loop
     vertex -4.545178e+01 -1.358414e+01  1.659525e+02
     vertex -4.525432e+01 -1.326962e+01  1.656192e+02
     vertex -4.556755e+01 -1.338363e+01  1.659525e+02
   endloop
 endfacet
 facet normal  6.170539e-01  3.562562e-01  7.016595e-01
   outer loop
     vertex -4.545178e+01 -1.358414e+01  1.659525e+02
     vertex -4.519643e+01 -1.336988e+01  1.656192e+02
     vertex -4.525432e+01 -1.326962e+01  1.656192e+02
   endloop
 endfacet
 facet normal  6.031533e-01  3.482307e-01  7.175942e-01
   outer loop
     vertex -4.545178e+01 -1.358414e+01  1.659525e+02
     vertex -4.556755e+01 -1.338363e+01  1.659525e+02
     vertex -4.580711e+01 -1.365562e+01  1.662859e+02
   endloop
 endfacet
 facet normal  0.000000e+00  0.000000e+00  0.000000e+00
   outer loop
     vertex -4.488320e+01 -1.348389e+01  1.656192e+02
     vertex -4.494109e+01 -1.315562e+01  1.652858e+02
     vertex -4.494109e+01 -1.315562e+01  1.652858e+02
   endloop
 endfacet
 facet normal -1.093311e-14  7.125124e-01  7.016595e-01
   outer loop
     vertex -4.488320e+01 -1.348389e+01  1.656192e+02
     vertex -4.494109e+01 -1.315562e+01  1.652858e+02
     vertex -4.499897e+01 -1.348389e+01  1.656192e+02
   endloop
 endfacet
 facet normal  4.063603e-01  5.803427e-01  7.057433e-01
   outer loop
     vertex -4.527442e+01 -1.373297e+01  1.659525e+02
     vertex -4.558387e+01 -1.392166e+01  1.662859e+02
     vertex -4.544109e+01 -1.402164e+01  1.662859e+02
   endloop
 endfacet
 facet normal  2.994114e-01  6.420897e-01  7.057433e-01
   outer loop
     vertex -4.527442e+01 -1.373297e+01  1.659525e+02
     vertex -4.544109e+01 -1.402164e+01  1.662859e+02
     vertex -4.528311e+01 -1.409531e+01  1.662859e+02
   endloop
 endfacet
 facet normal  4.476768e-01  5.335204e-01  7.175942e-01
   outer loop
     vertex -4.527442e+01 -1.373297e+01  1.659525e+02
     vertex -4.545178e+01 -1.358414e+01  1.659525e+02
     vertex -4.558387e+01 -1.392166e+01  1.662859e+02
   endloop
 endfacet
 facet normal  4.579942e-01  5.458162e-01  7.016595e-01
   outer loop
     vertex -4.527442e+01 -1.373297e+01  1.659525e+02
     vertex -4.519643e+01 -1.336988e+01  1.656192e+02
     vertex -4.545178e+01 -1.358414e+01  1.659525e+02
   endloop
 endfacet
 facet normal  4.579942e-01  5.458162e-01  7.016595e-01
   outer loop
     vertex -4.527442e+01 -1.373297e+01  1.659525e+02
     vertex -4.510775e+01 -1.344429e+01  1.656192e+02
     vertex -4.519643e+01 -1.336988e+01  1.656192e+02
   endloop
 endfacet
 facet normal -2.436936e-01  6.695427e-01  7.016595e-01
   outer loop
     vertex -4.477442e+01 -1.344429e+01  1.656192e+02
     vertex -4.494109e+01 -1.315562e+01  1.652858e+02
     vertex -4.488320e+01 -1.348389e+01  1.656192e+02
   endloop
 endfacet
 facet normal  1.833649e-01  6.843272e-01  7.057433e-01
   outer loop
     vertex -4.505685e+01 -1.381215e+01  1.659525e+02
     vertex -4.528311e+01 -1.409531e+01  1.662859e+02
     vertex -4.511473e+01 -1.414042e+01  1.662859e+02
   endloop
 endfacet
 facet normal  6.174702e-02  7.057717e-01  7.057433e-01
   outer loop
     vertex -4.505685e+01 -1.381215e+01  1.659525e+02
     vertex -4.511473e+01 -1.414042e+01  1.662859e+02
     vertex -4.494109e+01 -1.415562e+01  1.662859e+02
   endloop
 endfacet
 facet normal  2.382038e-01  6.544597e-01  7.175942e-01
   outer loop
     vertex -4.505685e+01 -1.381215e+01  1.659525e+02
     vertex -4.527442e+01 -1.373297e+01  1.659525e+02
     vertex -4.528311e+01 -1.409531e+01  1.662859e+02
   endloop
 endfacet
 facet normal  2.436936e-01  6.695427e-01  7.016595e-01
   outer loop
     vertex -4.505685e+01 -1.381215e+01  1.659525e+02
     vertex -4.499897e+01 -1.348389e+01  1.656192e+02
     vertex -4.510775e+01 -1.344429e+01  1.656192e+02
   endloop
 endfacet
 facet normal  2.436936e-01  6.695427e-01  7.016595e-01
   outer loop
     vertex -4.505685e+01 -1.381215e+01  1.659525e+02
     vertex -4.510775e+01 -1.344429e+01  1.656192e+02
     vertex -4.527442e+01 -1.373297e+01  1.659525e+02
   endloop
 endfacet
 facet normal -4.579942e-01  5.458162e-01  7.016595e-01
   outer loop
     vertex -4.468574e+01 -1.336988e+01  1.656192e+02
     vertex -4.494109e+01 -1.315562e+01  1.652858e+02
     vertex -4.477442e+01 -1.344429e+01  1.656192e+02
   endloop
 endfacet
 facet normal -6.174702e-02  7.057717e-01  7.057433e-01
   outer loop
     vertex -4.482532e+01 -1.381215e+01  1.659525e+02
     vertex -4.494109e+01 -1.415562e+01  1.662859e+02
     vertex -4.476744e+01 -1.414042e+01  1.662859e+02
   endloop
 endfacet
 facet normal -1.833649e-01  6.843272e-01  7.057433e-01
   outer loop
     vertex -4.482532e+01 -1.381215e+01  1.659525e+02
     vertex -4.476744e+01 -1.414042e+01  1.662859e+02
     vertex -4.459907e+01 -1.409531e+01  1.662859e+02
   endloop
 endfacet
 facet normal  0.000000e+00  6.964615e-01  7.175942e-01
   outer loop
     vertex -4.482532e+01 -1.381215e+01  1.659525e+02
     vertex -4.505685e+01 -1.381215e+01  1.659525e+02
     vertex -4.494109e+01 -1.415562e+01  1.662859e+02
   endloop
 endfacet
 facet normal -1.076185e-14  7.125124e-01  7.016595e-01
   outer loop
     vertex -4.482532e+01 -1.381215e+01  1.659525e+02
     vertex -4.488320e+01 -1.348389e+01  1.656192e+02
     vertex -4.499897e+01 -1.348389e+01  1.656192e+02
   endloop
 endfacet
 facet normal  0.000000e+00  7.125124e-01  7.016595e-01
   outer loop
     vertex -4.482532e+01 -1.381215e+01  1.659525e+02
     vertex -4.499897e+01 -1.348389e+01  1.656192e+02
     vertex -4.505685e+01 -1.381215e+01  1.659525e+02
   endloop
 endfacet
 facet normal -6.170539e-01  3.562562e-01  7.016595e-01
   outer loop
     vertex -4.462786e+01 -1.326962e+01  1.656192e+02
     vertex -4.494109e+01 -1.315562e+01  1.652858e+02
     vertex -4.468574e+01 -1.336988e+01  1.656192e+02
   endloop
 endfacet
 facet normal -2.994114e-01  6.420897e-01  7.057433e-01
   outer loop
     vertex -4.460775e+01 -1.373297e+01  1.659525e+02
     vertex -4.459907e+01 -1.409531e+01  1.662859e+02
     vertex -4.444109e+01 -1.402164e+01  1.662859e+02
   endloop
 endfacet
 facet normal -4.063603e-01  5.803427e-01  7.057433e-01
   outer loop
     vertex -4.460775e+01 -1.373297e+01  1.659525e+02
     vertex -4.444109e+01 -1.402164e+01  1.662859e+02
     vertex -4.429830e+01 -1.392166e+01  1.662859e+02
   endloop
 endfacet
 facet normal -2.436936e-01  6.695427e-01  7.016595e-01
   outer loop
     vertex -4.460775e+01 -1.373297e+01  1.659525e+02
     vertex -4.488320e+01 -1.348389e+01  1.656192e+02
     vertex -4.482532e+01 -1.381215e+01  1.659525e+02
   endloop
 endfacet
 facet normal -2.436936e-01  6.695427e-01  7.016595e-01
   outer loop
     vertex -4.460775e+01 -1.373297e+01  1.659525e+02
     vertex -4.477442e+01 -1.344429e+01  1.656192e+02
     vertex -4.488320e+01 -1.348389e+01  1.656192e+02
   endloop
 endfacet
 facet normal -2.382038e-01  6.544597e-01  7.175942e-01
   outer loop
     vertex -4.460775e+01 -1.373297e+01  1.659525e+02
     vertex -4.482532e+01 -1.381215e+01  1.659525e+02
     vertex -4.459907e+01 -1.409531e+01  1.662859e+02
   endloop
 endfacet
 facet normal -5.009623e-01  5.009623e-01  7.057433e-01
   outer loop
     vertex -4.443039e+01 -1.358414e+01  1.659525e+02
     vertex -4.429830e+01 -1.392166e+01  1.662859e+02
     vertex -4.417504e+01 -1.379840e+01  1.662859e+02
   endloop
 endfacet
 facet normal -5.803427e-01  4.063603e-01  7.057433e-01
   outer loop
     vertex -4.443039e+01 -1.358414e+01  1.659525e+02
     vertex -4.417504e+01 -1.379840e+01  1.662859e+02
     vertex -4.407506e+01 -1.365562e+01  1.662859e+02
   endloop
 endfacet
 facet normal -4.476768e-01  5.335204e-01  7.175942e-01
   outer loop
     vertex -4.443039e+01 -1.358414e+01  1.659525e+02
     vertex -4.460775e+01 -1.373297e+01  1.659525e+02
     vertex -4.429830e+01 -1.392166e+01  1.662859e+02
   endloop
 endfacet
 facet normal -4.579942e-01  5.458162e-01  7.016595e-01
   outer loop
     vertex -4.443039e+01 -1.358414e+01  1.659525e+02
     vertex -4.468574e+01 -1.336988e+01  1.656192e+02
     vertex -4.477442e+01 -1.344429e+01  1.656192e+02
   endloop
 endfacet
 facet normal -4.579942e-01  5.458162e-01  7.016595e-01
   outer loop
     vertex -4.443039e+01 -1.358414e+01  1.659525e+02
     vertex -4.477442e+01 -1.344429e+01  1.656192e+02
     vertex -4.460775e+01 -1.373297e+01  1.659525e+02
   endloop
 endfacet
 facet normal -6.420897e-01  2.994114e-01  7.057433e-01
   outer loop
     vertex -4.431462e+01 -1.338363e+01  1.659525e+02
     vertex -4.407506e+01 -1.365562e+01  1.662859e+02
     vertex -4.400139e+01 -1.349764e+01  1.662859e+02
   endloop
 endfacet
 facet normal -6.843272e-01  1.833649e-01  7.057433e-01
   outer loop
     vertex -4.431462e+01 -1.338363e+01  1.659525e+02
     vertex -4.400139e+01 -1.349764e+01  1.662859e+02
     vertex -4.395628e+01 -1.332926e+01  1.662859e+02
   endloop
 endfacet
 facet normal -6.847397e-01  5.990696e-02  7.263214e-01
   outer loop
     vertex -4.431462e+01 -1.338363e+01  1.659525e+02
     vertex -4.395628e+01 -1.332926e+01  1.662859e+02
     vertex -4.394109e+01 -1.315562e+01  1.662859e+02
   endloop
 endfacet
 facet normal -7.016877e-01  1.237265e-01  7.016595e-01
   outer loop
     vertex -4.431462e+01 -1.338363e+01  1.659525e+02
     vertex -4.394109e+01 -1.315562e+01  1.662859e+02
     vertex -4.494109e+01 -1.315562e+01  1.652858e+02
   endloop
 endfacet
 facet normal -6.031533e-01  3.482307e-01  7.175942e-01
   outer loop
     vertex -4.431462e+01 -1.338363e+01  1.659525e+02
     vertex -4.443039e+01 -1.358414e+01  1.659525e+02
     vertex -4.407506e+01 -1.365562e+01  1.662859e+02
   endloop
 endfacet
 facet normal -4.117146e-01 -9.081140e-01  7.628875e-02
   outer loop
     vertex -4.431462e+01 -1.338363e+01  1.659525e+02
     vertex -4.494109e+01 -1.315562e+01  1.652858e+02
     vertex -4.462786e+01 -1.326962e+01  1.656192e+02
   endloop
 endfacet
 facet normal -6.170539e-01  3.562562e-01  7.016595e-01
   outer loop
     vertex -4.431462e+01 -1.338363e+01  1.659525e+02
     vertex -4.462786e+01 -1.326962e+01  1.656192e+02
     vertex -4.468574e+01 -1.336988e+01  1.656192e+02
   endloop
 endfacet
 facet normal -6.170539e-01  3.562562e-01  7.016595e-01
   outer loop
     vertex -4.431462e+01 -1.338363e+01  1.659525e+02
     vertex -4.468574e+01 -1.336988e+01  1.656192e+02
     vertex -4.443039e+01 -1.358414e+01  1.659525e+02
   endloop
 endfacet
 facet normal  7.016877e-01  1.237265e-01  7.016595e-01
   outer loop
     vertex -4.525432e+01 -1.269623e+00  1.656192e+02
     vertex -4.494109e+01 -1.155616e+00  1.652858e+02
     vertex -4.594109e+01 -1.155616e+00  1.662859e+02
   endloop
 endfacet
 facet normal  6.170539e-01  3.562562e-01  7.016595e-01
   outer loop
     vertex -4.519643e+01 -1.369879e+00  1.656192e+02
     vertex -4.494109e+01 -1.155616e+00  1.652858e+02
     vertex -4.525432e+01 -1.269623e+00  1.656192e+02
   endloop
 endfacet
 facet normal  4.579942e-01  5.458162e-01  7.016595e-01
   outer loop
     vertex -4.510775e+01 -1.444291e+00  1.656192e+02
     vertex -4.494109e+01 -1.155616e+00  1.652858e+02
     vertex -4.519643e+01 -1.369879e+00  1.656192e+02
   endloop
 endfacet
 facet normal  6.847397e-01  5.990696e-02  7.263214e-01
   outer loop
     vertex -4.556755e+01 -1.383630e+00  1.659525e+02
     vertex -4.594109e+01 -1.155616e+00  1.662859e+02
     vertex -4.592589e+01 -1.329264e+00  1.662859e+02
   endloop
 endfacet
 facet normal  6.843272e-01  1.833649e-01  7.057433e-01
   outer loop
     vertex -4.556755e+01 -1.383630e+00  1.659525e+02
     vertex -4.592589e+01 -1.329264e+00  1.662859e+02
     vertex -4.588078e+01 -1.497636e+00  1.662859e+02
   endloop
 endfacet
 facet normal  6.420897e-01  2.994114e-01  7.057433e-01
   outer loop
     vertex -4.556755e+01 -1.383630e+00  1.659525e+02
     vertex -4.588078e+01 -1.497636e+00  1.662859e+02
     vertex -4.580711e+01 -1.655616e+00  1.662859e+02
   endloop
 endfacet
 facet normal  7.016877e-01  1.237265e-01  7.016595e-01
   outer loop
     vertex -4.556755e+01 -1.383630e+00  1.659525e+02
     vertex -4.525432e+01 -1.269623e+00  1.656192e+02
     vertex -4.594109e+01 -1.155616e+00  1.662859e+02
   endloop
 endfacet
 facet normal  2.436936e-01  6.695427e-01  7.016595e-01
   outer loop
     vertex -4.499897e+01 -1.483885e+00  1.656192e+02
     vertex -4.494109e+01 -1.155616e+00  1.652858e+02
     vertex -4.510775e+01 -1.444291e+00  1.656192e+02
   endloop
 endfacet
 facet normal  5.803427e-01  4.063603e-01  7.057433e-01
   outer loop
     vertex -4.545178e+01 -1.584141e+00  1.659525e+02
     vertex -4.580711e+01 -1.655616e+00  1.662859e+02
     vertex -4.570713e+01 -1.798404e+00  1.662859e+02
   endloop
 endfacet
 facet normal  5.009623e-01  5.009623e-01  7.057433e-01
   outer loop
     vertex -4.545178e+01 -1.584141e+00  1.659525e+02
     vertex -4.570713e+01 -1.798404e+00  1.662859e+02
     vertex -4.558387e+01 -1.921661e+00  1.662859e+02
   endloop
 endfacet
 facet normal  6.170539e-01  3.562562e-01  7.016595e-01
   outer loop
     vertex -4.545178e+01 -1.584141e+00  1.659525e+02
     vertex -4.525432e+01 -1.269623e+00  1.656192e+02
     vertex -4.556755e+01 -1.383630e+00  1.659525e+02
   endloop
 endfacet
 facet normal  6.170539e-01  3.562562e-01  7.016595e-01
   outer loop
     vertex -4.545178e+01 -1.584141e+00  1.659525e+02
     vertex -4.519643e+01 -1.369879e+00  1.656192e+02
     vertex -4.525432e+01 -1.269623e+00  1.656192e+02
   endloop
 endfacet
 facet normal  6.031533e-01  3.482307e-01  7.175942e-01
   outer loop
     vertex -4.545178e+01 -1.584141e+00  1.659525e+02
     vertex -4.556755e+01 -1.383630e+00  1.659525e+02
     vertex -4.580711e+01 -1.655616e+00  1.662859e+02
   endloop
 endfacet
 facet normal  0.000000e+00  0.000000e+00  0.000000e+00
   outer loop
     vertex -4.488320e+01 -1.483885e+00  1.656192e+02
     vertex -4.494109e+01 -1.155616e+00  1.652858e+02
     vertex -4.494109e+01 -1.155616e+00  1.652858e+02
   endloop
 endfacet
 facet normal -2.733277e-15  7.125124e-01  7.016595e-01
   outer loop
     vertex -4.488320e+01 -1.483885e+00  1.656192e+02
     vertex -4.494109e+01 -1.155616e+00  1.652858e+02
     vertex -4.499897e+01 -1.483885e+00  1.656192e+02
   endloop
 endfacet
 facet normal  4.063603e-01  5.803427e-01  7.057433e-01
   outer loop
     vertex -4.527442e+01 -1.732966e+00  1.659525e+02
     vertex -4.558387e+01 -1.921661e+00  1.662859e+02
     vertex -4.544109e+01 -2.021642e+00  1.662859e+02
   endloop
 endfacet
 facet normal  2.994114e-01  6.420897e-01  7.057433e-01
   outer loop
     vertex -4.527442e+01 -1.732966e+00  1.659525e+02
     vertex -4.544109e+01 -2.021642e+00  1.662859e+02
     vertex -4.528311e+01 -2.095309e+00  1.662859e+02
   endloop
 endfacet
 facet normal  4.476768e-01  5.335204e-01  7.175942e-01
   outer loop
     vertex -4.527442e+01 -1.732966e+00  1.659525e+02
     vertex -4.545178e+01 -1.584141e+00  1.659525e+02
     vertex -4.558387e+01 -1.921661e+00  1.662859e+02
   endloop
 endfacet
 facet normal  4.579942e-01  5.458162e-01  7.016595e-01
   outer loop
     vertex -4.527442e+01 -1.732966e+00  1.659525e+02
     vertex -4.519643e+01 -1.369879e+00  1.656192e+02
     vertex -4.545178e+01 -1.584141e+00  1.659525e+02
   endloop
 endfacet
 facet normal  4.579942e-01  5.458162e-01  7.016595e-01
   outer loop
     vertex -4.527442e+01 -1.732966e+00  1.659525e+02
     vertex -4.510775e+01 -1.444291e+00  1.656192e+02
     vertex -4.519643e+01 -1.369879e+00  1.656192e+02
   endloop
 endfacet
 facet normal -2.436936e-01  6.695427e-01  7.016595e-01
   outer loop
     vertex -4.477442e+01 -1.444291e+00  1.656192e+02
     vertex -4.494109e+01 -1.155616e+00  1.652858e+02
     vertex -4.488320e+01 -1.483885e+00  1.656192e+02
   endloop
 endfacet
 facet normal  1.833649e-01  6.843272e-01  7.057433e-01
   outer loop
     vertex -4.505685e+01 -1.812155e+00  1.659525e+02
     vertex -4.528311e+01 -2.095309e+00  1.662859e+02
     vertex -4.511473e+01 -2.140424e+00  1.662859e+02
   endloop
 endfacet
 facet normal  6.174702e-02  7.057717e-01  7.057433e-01
   outer loop
     vertex -4.505685e+01 -1.812155e+00  1.659525e+02
     vertex -4.511473e+01 -2.140424e+00  1.662859e+02
     vertex -4.494109e+01 -2.155616e+00  1.662859e+02
   endloop
 endfacet
 facet normal  2.382038e-01  6.544597e-01  7.175942e-01
   outer loop
     vertex -4.505685e+01 -1.812155e+00  1.659525e+02
     vertex -4.527442e+01 -1.732966e+00  1.659525e+02
     vertex -4.528311e+01 -2.095309e+00  1.662859e+02
   endloop
 endfacet
 facet normal  2.436936e-01  6.695427e-01  7.016595e-01
   outer loop
     vertex -4.505685e+01 -1.812155e+00  1.659525e+02
     vertex -4.499897e+01 -1.483885e+00  1.656192e+02
     vertex -4.510775e+01 -1.444291e+00  1.656192e+02
   endloop
 endfacet
 facet normal  2.436936e-01  6.695427e-01  7.016595e-01
   outer loop
     vertex -4.505685e+01 -1.812155e+00  1.659525e+02
     vertex -4.510775e+01 -1.444291e+00  1.656192e+02
     vertex -4.527442e+01 -1.732966e+00  1.659525e+02
   endloop
 endfacet
 facet normal -4.579942e-01  5.458162e-01  7.016595e-01
   outer loop
     vertex -4.468574e+01 -1.369879e+00  1.656192e+02
     vertex -4.494109e+01 -1.155616e+00  1.652858e+02
     vertex -4.477442e+01 -1.444291e+00  1.656192e+02
   endloop
 endfacet
 facet normal -6.174702e-02  7.057717e-01  7.057433e-01
   outer loop
     vertex -4.482532e+01 -1.812155e+00  1.659525e+02
     vertex -4.494109e+01 -2.155616e+00  1.662859e+02
     vertex -4.476744e+01 -2.140424e+00  1.662859e+02
   endloop
 endfacet
 facet normal -1.833649e-01  6.843272e-01  7.057433e-01
   outer loop
     vertex -4.482532e+01 -1.812155e+00  1.659525e+02
     vertex -4.476744e+01 -2.140424e+00  1.662859e+02
     vertex -4.459907e+01 -2.095309e+00  1.662859e+02
   endloop
 endfacet
 facet normal -2.003778e-15  6.964615e-01  7.175942e-01
   outer loop
     vertex -4.482532e+01 -1.812155e+00  1.659525e+02
     vertex -4.505685e+01 -1.812155e+00  1.659525e+02
     vertex -4.494109e+01 -2.155616e+00  1.662859e+02
   endloop
 endfacet
 facet normal -2.818579e-15  7.125124e-01  7.016595e-01
   outer loop
     vertex -4.482532e+01 -1.812155e+00  1.659525e+02
     vertex -4.488320e+01 -1.483885e+00  1.656192e+02
     vertex -4.499897e+01 -1.483885e+00  1.656192e+02
   endloop
 endfacet
 facet normal -2.049958e-15  7.125124e-01  7.016595e-01
   outer loop
     vertex -4.482532e+01 -1.812155e+00  1.659525e+02
     vertex -4.499897e+01 -1.483885e+00  1.656192e+02
     vertex -4.505685e+01 -1.812155e+00  1.659525e+02
   endloop
 endfacet
 facet normal -6.170539e-01  3.562562e-01  7.016595e-01
   outer loop
     vertex -4.462786e+01 -1.269623e+00  1.656192e+02
     vertex -4.494109e+01 -1.155616e+00  1.652858e+02
     vertex -4.468574e+01 -1.369879e+00  1.656192e+02
   endloop
 endfacet
 facet normal -2.994114e-01  6.420897e-01  7.057433e-01
   outer loop
     vertex -4.460775e+01 -1.732966e+00  1.659525e+02
     vertex -4.459907e+01 -2.095309e+00  1.662859e+02
     vertex -4.444109e+01 -2.021642e+00  1.662859e+02
   endloop
 endfacet
 facet normal -4.063603e-01  5.803427e-01  7.057433e-01
   outer loop
     vertex -4.460775e+01 -1.732966e+00  1.659525e+02
     vertex -4.444109e+01 -2.021642e+00  1.662859e+02
     vertex -4.429830e+01 -1.921661e+00  1.662859e+02
   endloop
 endfacet
 facet normal -2.436936e-01  6.695427e-01  7.016595e-01
   outer loop
     vertex -4.460775e+01 -1.732966e+00  1.659525e+02
     vertex -4.488320e+01 -1.483885e+00  1.656192e+02
     vertex -4.482532e+01 -1.812155e+00  1.659525e+02
   endloop
 endfacet
 facet normal -2.436936e-01  6.695427e-01  7.016595e-01
   outer loop
     vertex -4.460775e+01 -1.732966e+00  1.659525e+02
     vertex -4.477442e+01 -1.444291e+00  1.656192e+02
     vertex -4.488320e+01 -1.483885e+00  1.656192e+02
   endloop
 endfacet
 facet normal -2.382038e-01  6.544597e-01  7.175942e-01
   outer loop
     vertex -4.460775e+01 -1.732966e+00  1.659525e+02
     vertex -4.482532e+01 -1.812155e+00  1.659525e+02
     vertex -4.459907e+01 -2.095309e+00  1.662859e+02
   endloop
 endfacet
 facet normal -5.009623e-01  5.009623e-01  7.057433e-01
   outer loop
     vertex -4.443039e+01 -1.584141e+00  1.659525e+02
     vertex -4.429830e+01 -1.921661e+00  1.662859e+02
     vertex -4.417504e+01 -1.798404e+00  1.662859e+02
   endloop
 endfacet
 facet normal -5.803427e-01  4.063603e-01  7.057433e-01
   outer loop
     vertex -4.443039e+01 -1.584141e+00  1.659525e+02
     vertex -4.417504e+01 -1.798404e+00  1.662859e+02
     vertex -4.407506e+01 -1.655616e+00  1.662859e+02
   endloop
 endfacet
 facet normal -4.476768e-01  5.335204e-01  7.175942e-01
   outer loop
     vertex -4.443039e+01 -1.584141e+00  1.659525e+02
     vertex -4.460775e+01 -1.732966e+00  1.659525e+02
     vertex -4.429830e+01 -1.921661e+00  1.662859e+02
   endloop
 endfacet
 facet normal -4.579942e-01  5.458162e-01  7.016595e-01
   outer loop
     vertex -4.443039e+01 -1.584141e+00  1.659525e+02
     vertex -4.468574e+01 -1.369879e+00  1.656192e+02
     vertex -4.477442e+01 -1.444291e+00  1.656192e+02
   endloop
 endfacet
 facet normal -4.579942e-01  5.458162e-01  7.016595e-01
   outer loop
     vertex -4.443039e+01 -1.584141e+00  1.659525e+02
     vertex -4.477442e+01 -1.444291e+00  1.656192e+02
     vertex -4.460775e+01 -1.732966e+00  1.659525e+02
   endloop
 endfacet
 facet normal -6.420897e-01  2.994114e-01  7.057433e-01
   outer loop
     vertex -4.431462e+01 -1.383630e+00  1.659525e+02
     vertex -4.407506e+01 -1.655616e+00  1.662859e+02
     vertex -4.400139e+01 -1.497636e+00  1.662859e+02
   endloop
 endfacet
 facet normal -6.843272e-01  1.833649e-01  7.057433e-01
   outer loop
     vertex -4.431462e+01 -1.383630e+00  1.659525e+02
     vertex -4.400139e+01 -1.497636e+00  1.662859e+02
     vertex -4.395628e+01 -1.329264e+00  1.662859e+02
   endloop
 endfacet
 facet normal -6.847397e-01  5.990696e-02  7.263214e-01
   outer loop
     vertex -4.431462e+01 -1.383630e+00  1.659525e+02
     vertex -4.395628e+01 -1.329264e+00  1.662859e+02
     vertex -4.394109e+01 -1.155616e+00  1.662859e+02
   endloop
 endfacet
 facet normal -7.016877e-01  1.237265e-01  7.016595e-01
   outer loop
     vertex -4.431462e+01 -1.383630e+00  1.659525e+02
     vertex -4.394109e+01 -1.155616e+00  1.662859e+02
     vertex -4.494109e+01 -1.155616e+00  1.652858e+02
   endloop
 endfacet
 facet normal -6.031533e-01  3.482307e-01  7.175942e-01
   outer loop
     vertex -4.431462e+01 -1.383630e+00  1.659525e+02
     vertex -4.443039e+01 -1.584141e+00  1.659525e+02
     vertex -4.407506e+01 -1.655616e+00  1.662859e+02
   endloop
 endfacet
 facet normal -4.117056e-01 -9.081190e-01  7.627854e-02
   outer loop
     vertex -4.431462e+01 -1.383630e+00  1.659525e+02
     vertex -4.494109e+01 -1.155616e+00  1.652858e+02
     vertex -4.462786e+01 -1.269623e+00  1.656192e+02
   endloop
 endfacet
 facet normal -6.170539e-01  3.562562e-01  7.016595e-01
   outer loop
     vertex -4.431462e+01 -1.383630e+00  1.659525e+02
     vertex -4.462786e+01 -1.269623e+00  1.656192e+02
     vertex -4.468574e+01 -1.369879e+00  1.656192e+02
   endloop
 endfacet
 facet normal -6.170539e-01  3.562562e-01  7.016595e-01
   outer loop
     vertex -4.431462e+01 -1.383630e+00  1.659525e+02
     vertex -4.468574e+01 -1.369879e+00  1.656192e+02
     vertex -4.443039e+01 -1.584141e+00  1.659525e+02
   endloop
 endfacet
 facet normal -3.426406e-15  9.807853e-01 -1.950903e-01
   outer loop
     vertex -6.234109e+01  1.067220e+00  1.651006e+02
     vertex -4.054109e+01  1.044384e+00  1.649858e+02
     vertex -6.234109e+01  1.044384e+00  1.649858e+02
   endloop
 endfacet
 facet normal -3.436498e-15  9.807853e-01 -1.950903e-01
   outer loop
     vertex -6.234109e+01  1.067220e+00  1.651006e+02
     vertex -4.054109e+01  1.067220e+00  1.651006e+02
     vertex -4.054109e+01  1.044384e+00  1.649858e+02
   endloop
 endfacet
 facet normal -2.913322e-15  8.314696e-01 -5.555702e-01
   outer loop
     vertex -6.234109e+01  1.067220e+00  1.651006e+02
     vertex -4.054109e+01  1.132252e+00  1.651980e+02
     vertex -4.054109e+01  1.067220e+00  1.651006e+02
   endloop
 endfacet
 facet normal -1.946620e-15  5.555702e-01 -8.314696e-01
   outer loop
     vertex -6.234109e+01  1.132252e+00  1.651980e+02
     vertex -4.054109e+01  1.229579e+00  1.652630e+02
     vertex -4.054109e+01  1.132252e+00  1.651980e+02
   endloop
 endfacet
 facet normal -2.913322e-15  8.314696e-01 -5.555702e-01
   outer loop
     vertex -6.234109e+01  1.132252e+00  1.651980e+02
     vertex -4.054109e+01  1.132252e+00  1.651980e+02
     vertex -6.234109e+01  1.067220e+00  1.651006e+02
   endloop
 endfacet
 facet normal -6.815749e-16  1.950903e-01 -9.807853e-01
   outer loop
     vertex -6.234109e+01  1.229579e+00  1.652630e+02
     vertex -4.054109e+01  1.344384e+00  1.652858e+02
     vertex -4.054109e+01  1.229579e+00  1.652630e+02
   endloop
 endfacet
 facet normal -1.940961e-15  5.555702e-01 -8.314696e-01
   outer loop
     vertex -6.234109e+01  1.229579e+00  1.652630e+02
     vertex -4.054109e+01  1.229579e+00  1.652630e+02
     vertex -6.234109e+01  1.132252e+00  1.651980e+02
   endloop
 endfacet
 facet normal -6.835620e-16  1.950903e-01 -9.807853e-01
   outer loop
     vertex -6.234109e+01  1.344384e+00  1.652858e+02
     vertex -4.054109e+01  1.344384e+00  1.652858e+02
     vertex -6.234109e+01  1.229579e+00  1.652630e+02
   endloop
 endfacet
 facet normal -2.570339e-12 -9.927089e-01  1.205367e-01
   outer loop
     vertex -4.104109e+01 -6.555616e+00  1.672858e+02
     vertex -3.604109e+01 -6.573051e+00  1.671422e+02
     vertex -3.604109e+01 -6.555616e+00  1.672858e+02
   endloop
 endfacet
 facet normal  3.155753e-15 -9.350162e-01  3.546049e-01
   outer loop
     vertex -4.104109e+01 -6.573051e+00  1.671422e+02
     vertex -3.604109e+01 -6.624343e+00  1.670070e+02
     vertex -3.604109e+01 -6.573051e+00  1.671422e+02
   endloop
 endfacet
 facet normal  3.350470e-15 -9.927089e-01  1.205367e-01
   outer loop
     vertex -4.104109e+01 -6.573051e+00  1.671422e+02
     vertex -3.604109e+01 -6.573051e+00  1.671422e+02
     vertex -4.104109e+01 -6.555616e+00  1.672858e+02
   endloop
 endfacet
 facet normal  2.923826e-15 -8.229839e-01  5.680647e-01
   outer loop
     vertex -4.104109e+01 -6.624343e+00  1.670070e+02
     vertex -3.604109e+01 -6.706510e+00  1.668879e+02
     vertex -3.604109e+01 -6.624343e+00  1.670070e+02
   endloop
 endfacet
 facet normal  3.321845e-15 -9.350162e-01  3.546049e-01
   outer loop
     vertex -4.104109e+01 -6.624343e+00  1.670070e+02
     vertex -3.604109e+01 -6.624343e+00  1.670070e+02
     vertex -4.104109e+01 -6.573051e+00  1.671422e+02
   endloop
 endfacet
 facet normal  2.355885e-15 -6.631227e-01  7.485107e-01
   outer loop
     vertex -4.104109e+01 -6.706510e+00  1.668879e+02
     vertex -3.604109e+01 -6.814777e+00  1.667920e+02
     vertex -3.604109e+01 -6.706510e+00  1.668879e+02
   endloop
 endfacet
 facet normal  2.923826e-15 -8.229839e-01  5.680647e-01
   outer loop
     vertex -4.104109e+01 -6.706510e+00  1.668879e+02
     vertex -3.604109e+01 -6.706510e+00  1.668879e+02
     vertex -4.104109e+01 -6.624343e+00  1.670070e+02
   endloop
 endfacet
 facet normal  2.355885e-15 -6.631227e-01  7.485107e-01
   outer loop
     vertex -4.104109e+01 -6.814777e+00  1.667920e+02
     vertex -3.604109e+01 -6.814777e+00  1.667920e+02
     vertex -4.104109e+01 -6.706510e+00  1.668879e+02
   endloop
 endfacet
 facet normal  1.651028e-15 -4.647232e-01  8.854560e-01
   outer loop
     vertex -4.104109e+01 -6.942853e+00  1.667248e+02
     vertex -3.604109e+01 -6.942853e+00  1.667248e+02
     vertex -3.604109e+01 -6.814777e+00  1.667920e+02
   endloop
 endfacet
 facet normal  8.502200e-16 -2.393157e-01  9.709418e-01
   outer loop
     vertex -4.104109e+01 -6.942853e+00  1.667248e+02
     vertex -3.604109e+01 -7.083294e+00  1.666902e+02
     vertex -3.604109e+01 -6.942853e+00  1.667248e+02
   endloop
 endfacet
 facet normal  1.650244e-15 -4.647232e-01  8.854560e-01
   outer loop
     vertex -4.104109e+01 -6.942853e+00  1.667248e+02
     vertex -3.604109e+01 -6.814777e+00  1.667920e+02
     vertex -4.104109e+01 -6.814777e+00  1.667920e+02
   endloop
 endfacet
 facet normal -0.000000e+00  0.000000e+00  1.000000e+00
   outer loop
     vertex -4.104109e+01 -7.083294e+00  1.666902e+02
     vertex -3.604109e+01 -7.227938e+00  1.666902e+02
     vertex -3.604109e+01 -7.083294e+00  1.666902e+02
   endloop
 endfacet
 facet normal  8.502200e-16 -2.393157e-01  9.709418e-01
   outer loop
     vertex -4.104109e+01 -7.083294e+00  1.666902e+02
     vertex -3.604109e+01 -7.083294e+00  1.666902e+02
     vertex -4.104109e+01 -6.942853e+00  1.667248e+02
   endloop
 endfacet
 facet normal -8.927310e-16  2.393157e-01  9.709418e-01
   outer loop
     vertex -4.104109e+01 -7.227938e+00  1.666902e+02
     vertex -3.604109e+01 -7.368379e+00  1.667248e+02
     vertex -3.604109e+01 -7.227938e+00  1.666902e+02
   endloop
 endfacet
 facet normal  0.000000e+00  0.000000e+00  1.000000e+00
   outer loop
     vertex -4.104109e+01 -7.227938e+00  1.666902e+02
     vertex -3.604109e+01 -7.227938e+00  1.666902e+02
     vertex -4.104109e+01 -7.083294e+00  1.666902e+02
   endloop
 endfacet
 facet normal -8.502200e-16  2.393157e-01  9.709418e-01
   outer loop
     vertex -4.104109e+01 -7.368379e+00  1.667248e+02
     vertex -3.604109e+01 -7.368379e+00  1.667248e+02
     vertex -4.104109e+01 -7.227938e+00  1.666902e+02
   endloop
 endfacet
 facet normal -1.651028e-15  4.647232e-01  8.854560e-01
   outer loop
     vertex -4.104109e+01 -7.496455e+00  1.667920e+02
     vertex -3.604109e+01 -7.496455e+00  1.667920e+02
     vertex -3.604109e+01 -7.368379e+00  1.667248e+02
   endloop
 endfacet
 facet normal -1.650244e-15  4.647232e-01  8.854560e-01
   outer loop
     vertex -4.104109e+01 -7.496455e+00  1.667920e+02
     vertex -3.604109e+01 -7.368379e+00  1.667248e+02
     vertex -4.104109e+01 -7.368379e+00  1.667248e+02
   endloop
 endfacet
 facet normal -2.355885e-15  6.631227e-01  7.485107e-01
   outer loop
     vertex -4.104109e+01 -7.604723e+00  1.668879e+02
     vertex -3.604109e+01 -7.604723e+00  1.668879e+02
     vertex -3.604109e+01 -7.496455e+00  1.667920e+02
   endloop
 endfacet
 facet normal -2.923826e-15  8.229839e-01  5.680647e-01
   outer loop
     vertex -4.104109e+01 -7.604723e+00  1.668879e+02
     vertex -3.604109e+01 -7.686890e+00  1.670070e+02
     vertex -3.604109e+01 -7.604723e+00  1.668879e+02
   endloop
 endfacet
 facet normal -2.355436e-15  6.631227e-01  7.485107e-01
   outer loop
     vertex -4.104109e+01 -7.604723e+00  1.668879e+02
     vertex -3.604109e+01 -7.496455e+00  1.667920e+02
     vertex -4.104109e+01 -7.496455e+00  1.667920e+02
   endloop
 endfacet
 facet normal -2.923826e-15  8.229839e-01  5.680647e-01
   outer loop
     vertex -4.104109e+01 -7.686890e+00  1.670070e+02
     vertex -3.604109e+01 -7.686890e+00  1.670070e+02
     vertex -4.104109e+01 -7.604723e+00  1.668879e+02
   endloop
 endfacet
 facet normal -3.321845e-15  9.350162e-01  3.546049e-01
   outer loop
     vertex -4.104109e+01 -7.738181e+00  1.671422e+02
     vertex -3.604109e+01 -7.738181e+00  1.671422e+02
     vertex -3.604109e+01 -7.686890e+00  1.670070e+02
   endloop
 endfacet
 facet normal -3.526810e-15  9.927089e-01  1.205367e-01
   outer loop
     vertex -4.104109e+01 -7.738181e+00  1.671422e+02
     vertex -3.604109e+01 -7.755616e+00  1.672858e+02
     vertex -3.604109e+01 -7.738181e+00  1.671422e+02
   endloop
 endfacet
 facet normal -3.322076e-15  9.350162e-01  3.546049e-01
   outer loop
     vertex -4.104109e+01 -7.738181e+00  1.671422e+02
     vertex -3.604109e+01 -7.686890e+00  1.670070e+02
     vertex -4.104109e+01 -7.686890e+00  1.670070e+02
   endloop
 endfacet
 facet normal -2.578451e-12  9.927089e-01  1.205367e-01
   outer loop
     vertex -4.104109e+01 -7.755616e+00  1.672858e+02
     vertex -3.604109e+01 -7.755616e+00  1.672858e+02
     vertex -4.104109e+01 -7.738181e+00  1.671422e+02
   endloop
 endfacet
 facet normal  2.570163e-12  9.927089e-01  1.205367e-01
   outer loop
     vertex -6.184109e+01 -7.755616e+00  1.672858e+02
     vertex -6.684109e+01 -7.738181e+00  1.671422e+02
     vertex -6.684109e+01 -7.755616e+00  1.672858e+02
   endloop
 endfacet
 facet normal -3.526810e-15  9.927089e-01  1.205367e-01
   outer loop
     vertex -6.184109e+01 -7.738181e+00  1.671422e+02
     vertex -6.684109e+01 -7.738181e+00  1.671422e+02
     vertex -6.184109e+01 -7.755616e+00  1.672858e+02
   endloop
 endfacet
 facet normal -2.923826e-15  8.229839e-01  5.680647e-01
   outer loop
     vertex -6.184109e+01 -7.686890e+00  1.670070e+02
     vertex -6.684109e+01 -7.604723e+00  1.668879e+02
     vertex -6.684109e+01 -7.686890e+00  1.670070e+02
   endloop
 endfacet
 facet normal -3.321845e-15  9.350162e-01  3.546049e-01
   outer loop
     vertex -6.184109e+01 -7.686890e+00  1.670070e+02
     vertex -6.684109e+01 -7.686890e+00  1.670070e+02
     vertex -6.684109e+01 -7.738181e+00  1.671422e+02
   endloop
 endfacet
 facet normal -3.322076e-15  9.350162e-01  3.546049e-01
   outer loop
     vertex -6.184109e+01 -7.686890e+00  1.670070e+02
     vertex -6.684109e+01 -7.738181e+00  1.671422e+02
     vertex -6.184109e+01 -7.738181e+00  1.671422e+02
   endloop
 endfacet
 facet normal -2.355885e-15  6.631227e-01  7.485107e-01
   outer loop
     vertex -6.184109e+01 -7.604723e+00  1.668879e+02
     vertex -6.684109e+01 -7.496455e+00  1.667920e+02
     vertex -6.684109e+01 -7.604723e+00  1.668879e+02
   endloop
 endfacet
 facet normal -2.923826e-15  8.229839e-01  5.680647e-01
   outer loop
     vertex -6.184109e+01 -7.604723e+00  1.668879e+02
     vertex -6.684109e+01 -7.604723e+00  1.668879e+02
     vertex -6.184109e+01 -7.686890e+00  1.670070e+02
   endloop
 endfacet
 facet normal -2.355885e-15  6.631227e-01  7.485107e-01
   outer loop
     vertex -6.184109e+01 -7.496455e+00  1.667920e+02
     vertex -6.684109e+01 -7.496455e+00  1.667920e+02
     vertex -6.184109e+01 -7.604723e+00  1.668879e+02
   endloop
 endfacet
 facet normal -1.651028e-15  4.647232e-01  8.854560e-01
   outer loop
     vertex -6.184109e+01 -7.368379e+00  1.667248e+02
     vertex -6.684109e+01 -7.368379e+00  1.667248e+02
     vertex -6.684109e+01 -7.496455e+00  1.667920e+02
   endloop
 endfacet
 facet normal -1.650244e-15  4.647232e-01  8.854560e-01
   outer loop
     vertex -6.184109e+01 -7.368379e+00  1.667248e+02
     vertex -6.684109e+01 -7.496455e+00  1.667920e+02
     vertex -6.184109e+01 -7.496455e+00  1.667920e+02
   endloop
 endfacet
 facet normal -8.502200e-16  2.393157e-01  9.709418e-01
   outer loop
     vertex -6.184109e+01 -7.227938e+00  1.666902e+02
     vertex -6.684109e+01 -7.227938e+00  1.666902e+02
     vertex -6.684109e+01 -7.368379e+00  1.667248e+02
   endloop
 endfacet
 facet normal -8.503075e-16  2.393157e-01  9.709418e-01
   outer loop
     vertex -6.184109e+01 -7.227938e+00  1.666902e+02
     vertex -6.684109e+01 -7.368379e+00  1.667248e+02
     vertex -6.184109e+01 -7.368379e+00  1.667248e+02
   endloop
 endfacet
 facet normal  0.000000e+00  0.000000e+00  1.000000e+00
   outer loop
     vertex -6.184109e+01 -7.083294e+00  1.666902e+02
     vertex -6.684109e+01 -7.083294e+00  1.666902e+02
     vertex -6.684109e+01 -7.227938e+00  1.666902e+02
   endloop
 endfacet
 facet normal  0.000000e+00  0.000000e+00  1.000000e+00
   outer loop
     vertex -6.184109e+01 -7.083294e+00  1.666902e+02
     vertex -6.684109e+01 -7.227938e+00  1.666902e+02
     vertex -6.184109e+01 -7.227938e+00  1.666902e+02
   endloop
 endfacet
 facet normal  1.651028e-15 -4.647232e-01  8.854560e-01
   outer loop
     vertex -6.184109e+01 -6.942853e+00  1.667248e+02
     vertex -6.684109e+01 -6.814777e+00  1.667920e+02
     vertex -6.684109e+01 -6.942853e+00  1.667248e+02
   endloop
 endfacet
 facet normal  8.502200e-16 -2.393157e-01  9.709418e-01
   outer loop
     vertex -6.184109e+01 -6.942853e+00  1.667248e+02
     vertex -6.684109e+01 -6.942853e+00  1.667248e+02
     vertex -6.684109e+01 -7.083294e+00  1.666902e+02
   endloop
 endfacet
 facet normal  8.503075e-16 -2.393157e-01  9.709418e-01
   outer loop
     vertex -6.184109e+01 -6.942853e+00  1.667248e+02
     vertex -6.684109e+01 -7.083294e+00  1.666902e+02
     vertex -6.184109e+01 -7.083294e+00  1.666902e+02
   endloop
 endfacet
 facet normal  1.651028e-15 -4.647232e-01  8.854560e-01
   outer loop
     vertex -6.184109e+01 -6.814777e+00  1.667920e+02
     vertex -6.684109e+01 -6.814777e+00  1.667920e+02
     vertex -6.184109e+01 -6.942853e+00  1.667248e+02
   endloop
 endfacet
 facet normal  2.355885e-15 -6.631227e-01  7.485107e-01
   outer loop
     vertex -6.184109e+01 -6.706510e+00  1.668879e+02
     vertex -6.684109e+01 -6.706510e+00  1.668879e+02
     vertex -6.684109e+01 -6.814777e+00  1.667920e+02
   endloop
 endfacet
 facet normal  2.355436e-15 -6.631227e-01  7.485107e-01
   outer loop
     vertex -6.184109e+01 -6.706510e+00  1.668879e+02
     vertex -6.684109e+01 -6.814777e+00  1.667920e+02
     vertex -6.184109e+01 -6.814777e+00  1.667920e+02
   endloop
 endfacet
 facet normal  2.923826e-15 -8.229839e-01  5.680647e-01
   outer loop
     vertex -6.184109e+01 -6.624343e+00  1.670070e+02
     vertex -6.684109e+01 -6.624343e+00  1.670070e+02
     vertex -6.684109e+01 -6.706510e+00  1.668879e+02
   endloop
 endfacet
 facet normal  2.923907e-15 -8.229839e-01  5.680647e-01
   outer loop
     vertex -6.184109e+01 -6.624343e+00  1.670070e+02
     vertex -6.684109e+01 -6.706510e+00  1.668879e+02
     vertex -6.184109e+01 -6.706510e+00  1.668879e+02
   endloop
 endfacet
 facet normal  3.321845e-15 -9.350162e-01  3.546049e-01
   outer loop
     vertex -6.184109e+01 -6.573051e+00  1.671422e+02
     vertex -6.684109e+01 -6.573051e+00  1.671422e+02
     vertex -6.684109e+01 -6.624343e+00  1.670070e+02
   endloop
 endfacet
 facet normal  3.322076e-15 -9.350162e-01  3.546049e-01
   outer loop
     vertex -6.184109e+01 -6.573051e+00  1.671422e+02
     vertex -6.684109e+01 -6.624343e+00  1.670070e+02
     vertex -6.184109e+01 -6.624343e+00  1.670070e+02
   endloop
 endfacet
 facet normal  2.578451e-12 -9.927089e-01  1.205367e-01
   outer loop
     vertex -6.184109e+01 -6.555616e+00  1.672858e+02
     vertex -6.684109e+01 -6.555616e+00  1.672858e+02
     vertex -6.684109e+01 -6.573051e+00  1.671422e+02
   endloop
 endfacet
 facet normal  3.526557e-15 -9.927089e-01  1.205367e-01
   outer loop
     vertex -6.184109e+01 -6.555616e+00  1.672858e+02
     vertex -6.684109e+01 -6.573051e+00  1.671422e+02
     vertex -6.184109e+01 -6.573051e+00  1.671422e+02
   endloop
 endfacet
 facet normal  8.536543e-01  4.510607e-01  2.604200e-01
   outer loop
     vertex -4.128143e+01 -7.308825e+00  1.671573e+02
     vertex -4.140160e+01 -7.155616e+00  1.672858e+02
     vertex -4.128143e+01 -7.343555e+00  1.672174e+02
   endloop
 endfacet
 facet normal  8.536543e-01  3.347895e-01  3.989866e-01
   outer loop
     vertex -4.128143e+01 -7.255616e+00  1.671126e+02
     vertex -4.140160e+01 -7.155616e+00  1.672858e+02
     vertex -4.128143e+01 -7.308825e+00  1.671573e+02
   endloop
 endfacet
 facet normal  8.637673e-01  5.002170e-01  6.073734e-02
   outer loop
     vertex -4.116126e+01 -7.531493e+00  1.671490e+02
     vertex -4.104109e+01 -7.755616e+00  1.672858e+02
     vertex -4.104109e+01 -7.738181e+00  1.671422e+02
   endloop
 endfacet
 facet normal  8.521146e-01  4.893457e-01  1.855843e-01
   outer loop
     vertex -4.116126e+01 -7.531493e+00  1.671490e+02
     vertex -4.104109e+01 -7.738181e+00  1.671422e+02
     vertex -4.104109e+01 -7.686890e+00  1.670070e+02
   endloop
 endfacet
 facet normal  8.536543e-01  5.129273e-01  9.044292e-02
   outer loop
     vertex -4.116126e+01 -7.531493e+00  1.671490e+02
     vertex -4.140160e+01 -7.155616e+00  1.672858e+02
     vertex -4.104109e+01 -7.755616e+00  1.672858e+02
   endloop
 endfacet
 facet normal -8.460363e-01 -4.227523e-01 -3.248123e-01
   outer loop
     vertex -4.116126e+01 -7.531493e+00  1.671490e+02
     vertex -4.128143e+01 -7.343555e+00  1.672174e+02
     vertex -4.140160e+01 -7.155616e+00  1.672858e+02
   endloop
 endfacet
 facet normal  8.536543e-01  1.781378e-01  4.894295e-01
   outer loop
     vertex -4.128143e+01 -7.190346e+00  1.670889e+02
     vertex -4.140160e+01 -7.155616e+00  1.672858e+02
     vertex -4.128143e+01 -7.255616e+00  1.671126e+02
   endloop
 endfacet
 facet normal  8.541574e-01  4.279636e-01  2.954019e-01
   outer loop
     vertex -4.116126e+01 -7.462034e+00  1.670287e+02
     vertex -4.104109e+01 -7.686890e+00  1.670070e+02
     vertex -4.104109e+01 -7.604723e+00  1.668879e+02
   endloop
 endfacet
 facet normal  8.571439e-01  3.415593e-01  3.855407e-01
   outer loop
     vertex -4.116126e+01 -7.462034e+00  1.670287e+02
     vertex -4.104109e+01 -7.604723e+00  1.668879e+02
     vertex -4.104109e+01 -7.496455e+00  1.667920e+02
   endloop
 endfacet
 facet normal  8.536543e-01  4.510607e-01  2.604200e-01
   outer loop
     vertex -4.116126e+01 -7.462034e+00  1.670287e+02
     vertex -4.128143e+01 -7.343555e+00  1.672174e+02
     vertex -4.116126e+01 -7.531493e+00  1.671490e+02
   endloop
 endfacet
 facet normal  8.633318e-01  4.370282e-01  2.523184e-01
   outer loop
     vertex -4.116126e+01 -7.462034e+00  1.670287e+02
     vertex -4.116126e+01 -7.531493e+00  1.671490e+02
     vertex -4.104109e+01 -7.686890e+00  1.670070e+02
   endloop
 endfacet
 facet normal  8.536543e-01  4.510607e-01  2.604200e-01
   outer loop
     vertex -4.116126e+01 -7.462034e+00  1.670287e+02
     vertex -4.128143e+01 -7.308825e+00  1.671573e+02
     vertex -4.128143e+01 -7.343555e+00  1.672174e+02
   endloop
 endfacet
 facet normal  0.000000e+00  0.000000e+00  0.000000e+00
   outer loop
     vertex -4.128143e+01 -7.120887e+00  1.670889e+02
     vertex -4.140160e+01 -7.155616e+00  1.672858e+02
     vertex -4.140160e+01 -7.155616e+00  1.672858e+02
   endloop
 endfacet
 facet normal  8.536543e-01  0.000000e+00  5.208400e-01
   outer loop
     vertex -4.128143e+01 -7.120887e+00  1.670889e+02
     vertex -4.140160e+01 -7.155616e+00  1.672858e+02
     vertex -4.128143e+01 -7.190346e+00  1.670889e+02
   endloop
 endfacet
 facet normal  8.524580e-01  2.429553e-01  4.629127e-01
   outer loop
     vertex -4.116126e+01 -7.355616e+00  1.669394e+02
     vertex -4.104109e+01 -7.496455e+00  1.667920e+02
     vertex -4.104109e+01 -7.368379e+00  1.667248e+02
   endloop
 endfacet
 facet normal  8.536543e-01  3.347895e-01  3.989866e-01
   outer loop
     vertex -4.116126e+01 -7.355616e+00  1.669394e+02
     vertex -4.128143e+01 -7.308825e+00  1.671573e+02
     vertex -4.116126e+01 -7.462034e+00  1.670287e+02
   endloop
 endfacet
 facet normal  8.609933e-01  3.269322e-01  3.896226e-01
   outer loop
     vertex -4.116126e+01 -7.355616e+00  1.669394e+02
     vertex -4.116126e+01 -7.462034e+00  1.670287e+02
     vertex -4.104109e+01 -7.496455e+00  1.667920e+02
   endloop
 endfacet
 facet normal  8.536543e-01  3.347895e-01  3.989866e-01
   outer loop
     vertex -4.116126e+01 -7.355616e+00  1.669394e+02
     vertex -4.128143e+01 -7.255616e+00  1.671126e+02
     vertex -4.128143e+01 -7.308825e+00  1.671573e+02
   endloop
 endfacet
 facet normal  8.536543e-01 -1.781378e-01  4.894295e-01
   outer loop
     vertex -4.128143e+01 -7.055616e+00  1.671126e+02
     vertex -4.140160e+01 -7.155616e+00  1.672858e+02
     vertex -4.128143e+01 -7.120887e+00  1.670889e+02
   endloop
 endfacet
 facet normal  8.531413e-01  1.248462e-01  5.065209e-01
   outer loop
     vertex -4.116126e+01 -7.225075e+00  1.668919e+02
     vertex -4.104109e+01 -7.368379e+00  1.667248e+02
     vertex -4.104109e+01 -7.227938e+00  1.666902e+02
   endloop
 endfacet
 facet normal  8.536543e-01  1.781378e-01  4.894295e-01
   outer loop
     vertex -4.116126e+01 -7.225075e+00  1.668919e+02
     vertex -4.128143e+01 -7.190346e+00  1.670889e+02
     vertex -4.128143e+01 -7.255616e+00  1.671126e+02
   endloop
 endfacet
 facet normal  8.536543e-01  1.781378e-01  4.894295e-01
   outer loop
     vertex -4.116126e+01 -7.225075e+00  1.668919e+02
     vertex -4.128143e+01 -7.255616e+00  1.671126e+02
     vertex -4.116126e+01 -7.355616e+00  1.669394e+02
   endloop
 endfacet
 facet normal  8.637932e-01  1.723256e-01  4.734608e-01
   outer loop
     vertex -4.116126e+01 -7.225075e+00  1.668919e+02
     vertex -4.116126e+01 -7.355616e+00  1.669394e+02
     vertex -4.104109e+01 -7.368379e+00  1.667248e+02
   endloop
 endfacet
 facet normal  8.536543e-01 -3.347895e-01  3.989866e-01
   outer loop
     vertex -4.128143e+01 -7.002407e+00  1.671573e+02
     vertex -4.140160e+01 -7.155616e+00  1.672858e+02
     vertex -4.128143e+01 -7.055616e+00  1.671126e+02
   endloop
 endfacet
 facet normal  8.590845e-01  0.000000e+00  5.118338e-01
   outer loop
     vertex -4.116126e+01 -7.086157e+00  1.668919e+02
     vertex -4.104109e+01 -7.227938e+00  1.666902e+02
     vertex -4.104109e+01 -7.083294e+00  1.666902e+02
   endloop
 endfacet
 facet normal  8.531413e-01 -1.248462e-01  5.065209e-01
   outer loop
     vertex -4.116126e+01 -7.086157e+00  1.668919e+02
     vertex -4.104109e+01 -7.083294e+00  1.666902e+02
     vertex -4.104109e+01 -6.942853e+00  1.667248e+02
   endloop
 endfacet
 facet normal  8.590845e-01  0.000000e+00  5.118338e-01
   outer loop
     vertex -4.116126e+01 -7.086157e+00  1.668919e+02
     vertex -4.116126e+01 -7.225075e+00  1.668919e+02
     vertex -4.104109e+01 -7.227938e+00  1.666902e+02
   endloop
 endfacet
 facet normal  8.536543e-01  0.000000e+00  5.208400e-01
   outer loop
     vertex -4.116126e+01 -7.086157e+00  1.668919e+02
     vertex -4.128143e+01 -7.190346e+00  1.670889e+02
     vertex -4.116126e+01 -7.225075e+00  1.668919e+02
   endloop
 endfacet
 facet normal  8.536543e-01  0.000000e+00  5.208400e-01
   outer loop
     vertex -4.116126e+01 -7.086157e+00  1.668919e+02
     vertex -4.128143e+01 -7.120887e+00  1.670889e+02
     vertex -4.128143e+01 -7.190346e+00  1.670889e+02
   endloop
 endfacet
 facet normal  8.536543e-01 -4.510607e-01  2.604200e-01
   outer loop
     vertex -4.128143e+01 -6.967678e+00  1.672174e+02
     vertex -4.140160e+01 -7.155616e+00  1.672858e+02
     vertex -4.128143e+01 -7.002407e+00  1.671573e+02
   endloop
 endfacet
 facet normal  8.524580e-01 -2.429553e-01  4.629127e-01
   outer loop
     vertex -4.116126e+01 -6.955616e+00  1.669394e+02
     vertex -4.104109e+01 -6.942853e+00  1.667248e+02
     vertex -4.104109e+01 -6.814777e+00  1.667920e+02
   endloop
 endfacet
 facet normal  8.536543e-01 -1.781378e-01  4.894295e-01
   outer loop
     vertex -4.116126e+01 -6.955616e+00  1.669394e+02
     vertex -4.128143e+01 -7.055616e+00  1.671126e+02
     vertex -4.128143e+01 -7.120887e+00  1.670889e+02
   endloop
 endfacet
 facet normal  8.637932e-01 -1.723256e-01  4.734608e-01
   outer loop
     vertex -4.116126e+01 -6.955616e+00  1.669394e+02
     vertex -4.116126e+01 -7.086157e+00  1.668919e+02
     vertex -4.104109e+01 -6.942853e+00  1.667248e+02
   endloop
 endfacet
 facet normal  8.536543e-01 -1.781378e-01  4.894295e-01
   outer loop
     vertex -4.116126e+01 -6.955616e+00  1.669394e+02
     vertex -4.128143e+01 -7.120887e+00  1.670889e+02
     vertex -4.116126e+01 -7.086157e+00  1.668919e+02
   endloop
 endfacet
 facet normal  8.571439e-01 -3.415593e-01  3.855407e-01
   outer loop
     vertex -4.116126e+01 -6.849198e+00  1.670287e+02
     vertex -4.104109e+01 -6.814777e+00  1.667920e+02
     vertex -4.104109e+01 -6.706510e+00  1.668879e+02
   endloop
 endfacet
 facet normal  8.541574e-01 -4.279636e-01  2.954019e-01
   outer loop
     vertex -4.116126e+01 -6.849198e+00  1.670287e+02
     vertex -4.104109e+01 -6.706510e+00  1.668879e+02
     vertex -4.104109e+01 -6.624343e+00  1.670070e+02
   endloop
 endfacet
 facet normal  8.536543e-01 -3.347895e-01  3.989866e-01
   outer loop
     vertex -4.116126e+01 -6.849198e+00  1.670287e+02
     vertex -4.128143e+01 -7.055616e+00  1.671126e+02
     vertex -4.116126e+01 -6.955616e+00  1.669394e+02
   endloop
 endfacet
 facet normal  8.536543e-01 -3.347895e-01  3.989866e-01
   outer loop
     vertex -4.116126e+01 -6.849198e+00  1.670287e+02
     vertex -4.128143e+01 -7.002407e+00  1.671573e+02
     vertex -4.128143e+01 -7.055616e+00  1.671126e+02
   endloop
 endfacet
 facet normal  8.609933e-01 -3.269322e-01  3.896226e-01
   outer loop
     vertex -4.116126e+01 -6.849198e+00  1.670287e+02
     vertex -4.116126e+01 -6.955616e+00  1.669394e+02
     vertex -4.104109e+01 -6.814777e+00  1.667920e+02
   endloop
 endfacet
 facet normal  8.521146e-01 -4.893457e-01  1.855843e-01
   outer loop
     vertex -4.116126e+01 -6.779739e+00  1.671490e+02
     vertex -4.104109e+01 -6.624343e+00  1.670070e+02
     vertex -4.104109e+01 -6.573051e+00  1.671422e+02
   endloop
 endfacet
 facet normal  8.637673e-01 -5.002170e-01  6.073734e-02
   outer loop
     vertex -4.116126e+01 -6.779739e+00  1.671490e+02
     vertex -4.104109e+01 -6.573051e+00  1.671422e+02
     vertex -4.104109e+01 -6.555616e+00  1.672858e+02
   endloop
 endfacet
 facet normal  8.536543e-01 -5.129273e-01  9.044292e-02
   outer loop
     vertex -4.116126e+01 -6.779739e+00  1.671490e+02
     vertex -4.104109e+01 -6.555616e+00  1.672858e+02
     vertex -4.140160e+01 -7.155616e+00  1.672858e+02
   endloop
 endfacet
 facet normal  8.633318e-01 -4.370282e-01  2.523184e-01
   outer loop
     vertex -4.116126e+01 -6.779739e+00  1.671490e+02
     vertex -4.116126e+01 -6.849198e+00  1.670287e+02
     vertex -4.104109e+01 -6.624343e+00  1.670070e+02
   endloop
 endfacet
 facet normal  3.010679e-01  1.502386e-01  9.416934e-01
   outer loop
     vertex -4.116126e+01 -6.779739e+00  1.671490e+02
     vertex -4.140160e+01 -7.155616e+00  1.672858e+02
     vertex -4.128143e+01 -6.967678e+00  1.672174e+02
   endloop
 endfacet
 facet normal  8.536543e-01 -4.510607e-01  2.604200e-01
   outer loop
     vertex -4.116126e+01 -6.779739e+00  1.671490e+02
     vertex -4.128143e+01 -6.967678e+00  1.672174e+02
     vertex -4.128143e+01 -7.002407e+00  1.671573e+02
   endloop
 endfacet
 facet normal  8.536543e-01 -4.510607e-01  2.604200e-01
   outer loop
     vertex -4.116126e+01 -6.779739e+00  1.671490e+02
     vertex -4.128143e+01 -7.002407e+00  1.671573e+02
     vertex -4.116126e+01 -6.849198e+00  1.670287e+02
   endloop
 endfacet
 facet normal -8.536543e-01 -4.510607e-01  2.604200e-01
   outer loop
     vertex -6.160074e+01 -7.002407e+00  1.671573e+02
     vertex -6.148057e+01 -7.155616e+00  1.672858e+02
     vertex -6.160074e+01 -6.967678e+00  1.672174e+02
   endloop
 endfacet
 facet normal -8.536543e-01 -3.347895e-01  3.989866e-01
   outer loop
     vertex -6.160074e+01 -7.055616e+00  1.671126e+02
     vertex -6.148057e+01 -7.155616e+00  1.672858e+02
     vertex -6.160074e+01 -7.002407e+00  1.671573e+02
   endloop
 endfacet
 facet normal -8.637673e-01 -5.002170e-01  6.073734e-02
   outer loop
     vertex -6.172091e+01 -6.779739e+00  1.671490e+02
     vertex -6.184109e+01 -6.555616e+00  1.672858e+02
     vertex -6.184109e+01 -6.573051e+00  1.671422e+02
   endloop
 endfacet
 facet normal -8.521146e-01 -4.893457e-01  1.855843e-01
   outer loop
     vertex -6.172091e+01 -6.779739e+00  1.671490e+02
     vertex -6.184109e+01 -6.573051e+00  1.671422e+02
     vertex -6.184109e+01 -6.624343e+00  1.670070e+02
   endloop
 endfacet
 facet normal -8.536543e-01 -5.129273e-01  9.044292e-02
   outer loop
     vertex -6.172091e+01 -6.779739e+00  1.671490e+02
     vertex -6.148057e+01 -7.155616e+00  1.672858e+02
     vertex -6.184109e+01 -6.555616e+00  1.672858e+02
   endloop
 endfacet
 facet normal -3.010736e-01  1.502345e-01  9.416922e-01
   outer loop
     vertex -6.172091e+01 -6.779739e+00  1.671490e+02
     vertex -6.160074e+01 -6.967678e+00  1.672174e+02
     vertex -6.148057e+01 -7.155616e+00  1.672858e+02
   endloop
 endfacet
 facet normal  0.000000e+00  0.000000e+00  0.000000e+00
   outer loop
     vertex -6.160074e+01 -7.120887e+00  1.670889e+02
     vertex -6.148057e+01 -7.155616e+00  1.672858e+02
     vertex -6.148057e+01 -7.155616e+00  1.672858e+02
   endloop
 endfacet
 facet normal -8.536543e-01 -1.781378e-01  4.894295e-01
   outer loop
     vertex -6.160074e+01 -7.120887e+00  1.670889e+02
     vertex -6.148057e+01 -7.155616e+00  1.672858e+02
     vertex -6.160074e+01 -7.055616e+00  1.671126e+02
   endloop
 endfacet
 facet normal -8.541574e-01 -4.279636e-01  2.954019e-01
   outer loop
     vertex -6.172091e+01 -6.849198e+00  1.670287e+02
     vertex -6.184109e+01 -6.624343e+00  1.670070e+02
     vertex -6.184109e+01 -6.706510e+00  1.668879e+02
   endloop
 endfacet
 facet normal -8.571439e-01 -3.415593e-01  3.855407e-01
   outer loop
     vertex -6.172091e+01 -6.849198e+00  1.670287e+02
     vertex -6.184109e+01 -6.706510e+00  1.668879e+02
     vertex -6.184109e+01 -6.814777e+00  1.667920e+02
   endloop
 endfacet
 facet normal -8.536543e-01 -4.510607e-01  2.604200e-01
   outer loop
     vertex -6.172091e+01 -6.849198e+00  1.670287e+02
     vertex -6.160074e+01 -6.967678e+00  1.672174e+02
     vertex -6.172091e+01 -6.779739e+00  1.671490e+02
   endloop
 endfacet
 facet normal -8.633318e-01 -4.370282e-01  2.523184e-01
   outer loop
     vertex -6.172091e+01 -6.849198e+00  1.670287e+02
     vertex -6.172091e+01 -6.779739e+00  1.671490e+02
     vertex -6.184109e+01 -6.624343e+00  1.670070e+02
   endloop
 endfacet
 facet normal -8.536543e-01 -4.510607e-01  2.604200e-01
   outer loop
     vertex -6.172091e+01 -6.849198e+00  1.670287e+02
     vertex -6.160074e+01 -7.002407e+00  1.671573e+02
     vertex -6.160074e+01 -6.967678e+00  1.672174e+02
   endloop
 endfacet
 facet normal -8.536543e-01  0.000000e+00  5.208400e-01
   outer loop
     vertex -6.160074e+01 -7.190346e+00  1.670889e+02
     vertex -6.148057e+01 -7.155616e+00  1.672858e+02
     vertex -6.160074e+01 -7.120887e+00  1.670889e+02
   endloop
 endfacet
 facet normal -8.524580e-01 -2.429553e-01  4.629127e-01
   outer loop
     vertex -6.172091e+01 -6.955616e+00  1.669394e+02
     vertex -6.184109e+01 -6.814777e+00  1.667920e+02
     vertex -6.184109e+01 -6.942853e+00  1.667248e+02
   endloop
 endfacet
 facet normal -8.536543e-01 -3.347895e-01  3.989866e-01
   outer loop
     vertex -6.172091e+01 -6.955616e+00  1.669394e+02
     vertex -6.160074e+01 -7.002407e+00  1.671573e+02
     vertex -6.172091e+01 -6.849198e+00  1.670287e+02
   endloop
 endfacet
 facet normal -8.609933e-01 -3.269322e-01  3.896226e-01
   outer loop
     vertex -6.172091e+01 -6.955616e+00  1.669394e+02
     vertex -6.172091e+01 -6.849198e+00  1.670287e+02
     vertex -6.184109e+01 -6.814777e+00  1.667920e+02
   endloop
 endfacet
 facet normal -8.536543e-01 -3.347895e-01  3.989866e-01
   outer loop
     vertex -6.172091e+01 -6.955616e+00  1.669394e+02
     vertex -6.160074e+01 -7.055616e+00  1.671126e+02
     vertex -6.160074e+01 -7.002407e+00  1.671573e+02
   endloop
 endfacet
 facet normal -8.536543e-01  1.781378e-01  4.894295e-01
   outer loop
     vertex -6.160074e+01 -7.255616e+00  1.671126e+02
     vertex -6.148057e+01 -7.155616e+00  1.672858e+02
     vertex -6.160074e+01 -7.190346e+00  1.670889e+02
   endloop
 endfacet
 facet normal -8.531413e-01 -1.248462e-01  5.065209e-01
   outer loop
     vertex -6.172091e+01 -7.086157e+00  1.668919e+02
     vertex -6.184109e+01 -6.942853e+00  1.667248e+02
     vertex -6.184109e+01 -7.083294e+00  1.666902e+02
   endloop
 endfacet
 facet normal -8.536543e-01 -1.781378e-01  4.894295e-01
   outer loop
     vertex -6.172091e+01 -7.086157e+00  1.668919e+02
     vertex -6.160074e+01 -7.120887e+00  1.670889e+02
     vertex -6.160074e+01 -7.055616e+00  1.671126e+02
   endloop
 endfacet
 facet normal -8.536543e-01 -1.781378e-01  4.894295e-01
   outer loop
     vertex -6.172091e+01 -7.086157e+00  1.668919e+02
     vertex -6.160074e+01 -7.055616e+00  1.671126e+02
     vertex -6.172091e+01 -6.955616e+00  1.669394e+02
   endloop
 endfacet
 facet normal -8.637932e-01 -1.723256e-01  4.734608e-01
   outer loop
     vertex -6.172091e+01 -7.086157e+00  1.668919e+02
     vertex -6.172091e+01 -6.955616e+00  1.669394e+02
     vertex -6.184109e+01 -6.942853e+00  1.667248e+02
   endloop
 endfacet
 facet normal -8.536543e-01  3.347895e-01  3.989866e-01
   outer loop
     vertex -6.160074e+01 -7.308825e+00  1.671573e+02
     vertex -6.148057e+01 -7.155616e+00  1.672858e+02
     vertex -6.160074e+01 -7.255616e+00  1.671126e+02
   endloop
 endfacet
 facet normal -8.590845e-01  0.000000e+00  5.118338e-01
   outer loop
     vertex -6.172091e+01 -7.225075e+00  1.668919e+02
     vertex -6.184109e+01 -7.083294e+00  1.666902e+02
     vertex -6.184109e+01 -7.227938e+00  1.666902e+02
   endloop
 endfacet
 facet normal -8.531413e-01  1.248462e-01  5.065209e-01
   outer loop
     vertex -6.172091e+01 -7.225075e+00  1.668919e+02
     vertex -6.184109e+01 -7.227938e+00  1.666902e+02
     vertex -6.184109e+01 -7.368379e+00  1.667248e+02
   endloop
 endfacet
 facet normal -8.536543e-01  0.000000e+00  5.208400e-01
   outer loop
     vertex -6.172091e+01 -7.225075e+00  1.668919e+02
     vertex -6.160074e+01 -7.190346e+00  1.670889e+02
     vertex -6.160074e+01 -7.120887e+00  1.670889e+02
   endloop
 endfacet
 facet normal -8.590845e-01  0.000000e+00  5.118338e-01
   outer loop
     vertex -6.172091e+01 -7.225075e+00  1.668919e+02
     vertex -6.172091e+01 -7.086157e+00  1.668919e+02
     vertex -6.184109e+01 -7.083294e+00  1.666902e+02
   endloop
 endfacet
 facet normal -8.536543e-01  0.000000e+00  5.208400e-01
   outer loop
     vertex -6.172091e+01 -7.225075e+00  1.668919e+02
     vertex -6.160074e+01 -7.120887e+00  1.670889e+02
     vertex -6.172091e+01 -7.086157e+00  1.668919e+02
   endloop
 endfacet
 facet normal -8.536543e-01  4.510607e-01  2.604200e-01
   outer loop
     vertex -6.160074e+01 -7.343555e+00  1.672174e+02
     vertex -6.148057e+01 -7.155616e+00  1.672858e+02
     vertex -6.160074e+01 -7.308825e+00  1.671573e+02
   endloop
 endfacet
 facet normal -8.524580e-01  2.429553e-01  4.629127e-01
   outer loop
     vertex -6.172091e+01 -7.355616e+00  1.669394e+02
     vertex -6.184109e+01 -7.368379e+00  1.667248e+02
     vertex -6.184109e+01 -7.496455e+00  1.667920e+02
   endloop
 endfacet
 facet normal -8.637932e-01  1.723256e-01  4.734608e-01
   outer loop
     vertex -6.172091e+01 -7.355616e+00  1.669394e+02
     vertex -6.172091e+01 -7.225075e+00  1.668919e+02
     vertex -6.184109e+01 -7.368379e+00  1.667248e+02
   endloop
 endfacet
 facet normal -8.536543e-01  1.781378e-01  4.894295e-01
   outer loop
     vertex -6.172091e+01 -7.355616e+00  1.669394e+02
     vertex -6.160074e+01 -7.190346e+00  1.670889e+02
     vertex -6.172091e+01 -7.225075e+00  1.668919e+02
   endloop
 endfacet
 facet normal -8.536543e-01  1.781378e-01  4.894295e-01
   outer loop
     vertex -6.172091e+01 -7.355616e+00  1.669394e+02
     vertex -6.160074e+01 -7.255616e+00  1.671126e+02
     vertex -6.160074e+01 -7.190346e+00  1.670889e+02
   endloop
 endfacet
 facet normal -8.571439e-01  3.415593e-01  3.855407e-01
   outer loop
     vertex -6.172091e+01 -7.462034e+00  1.670287e+02
     vertex -6.184109e+01 -7.496455e+00  1.667920e+02
     vertex -6.184109e+01 -7.604723e+00  1.668879e+02
   endloop
 endfacet
 facet normal -8.541574e-01  4.279636e-01  2.954019e-01
   outer loop
     vertex -6.172091e+01 -7.462034e+00  1.670287e+02
     vertex -6.184109e+01 -7.604723e+00  1.668879e+02
     vertex -6.184109e+01 -7.686890e+00  1.670070e+02
   endloop
 endfacet
 facet normal -8.536543e-01  3.347895e-01  3.989866e-01
   outer loop
     vertex -6.172091e+01 -7.462034e+00  1.670287e+02
     vertex -6.160074e+01 -7.308825e+00  1.671573e+02
     vertex -6.160074e+01 -7.255616e+00  1.671126e+02
   endloop
 endfacet
 facet normal -8.609933e-01  3.269322e-01  3.896226e-01
   outer loop
     vertex -6.172091e+01 -7.462034e+00  1.670287e+02
     vertex -6.172091e+01 -7.355616e+00  1.669394e+02
     vertex -6.184109e+01 -7.496455e+00  1.667920e+02
   endloop
 endfacet
 facet normal -8.536543e-01  3.347895e-01  3.989866e-01
   outer loop
     vertex -6.172091e+01 -7.462034e+00  1.670287e+02
     vertex -6.160074e+01 -7.255616e+00  1.671126e+02
     vertex -6.172091e+01 -7.355616e+00  1.669394e+02
   endloop
 endfacet
 facet normal -8.521146e-01  4.893457e-01  1.855843e-01
   outer loop
     vertex -6.172091e+01 -7.531493e+00  1.671490e+02
     vertex -6.184109e+01 -7.686890e+00  1.670070e+02
     vertex -6.184109e+01 -7.738181e+00  1.671422e+02
   endloop
 endfacet
 facet normal -8.637673e-01  5.002170e-01  6.073734e-02
   outer loop
     vertex -6.172091e+01 -7.531493e+00  1.671490e+02
     vertex -6.184109e+01 -7.738181e+00  1.671422e+02
     vertex -6.184109e+01 -7.755616e+00  1.672858e+02
   endloop
 endfacet
 facet normal -8.536543e-01  5.129273e-01  9.044292e-02
   outer loop
     vertex -6.172091e+01 -7.531493e+00  1.671490e+02
     vertex -6.184109e+01 -7.755616e+00  1.672858e+02
     vertex -6.148057e+01 -7.155616e+00  1.672858e+02
   endloop
 endfacet
 facet normal -8.633318e-01  4.370282e-01  2.523184e-01
   outer loop
     vertex -6.172091e+01 -7.531493e+00  1.671490e+02
     vertex -6.172091e+01 -7.462034e+00  1.670287e+02
     vertex -6.184109e+01 -7.686890e+00  1.670070e+02
   endloop
 endfacet
 facet normal  8.460389e-01 -4.227600e-01 -3.247955e-01
   outer loop
     vertex -6.172091e+01 -7.531493e+00  1.671490e+02
     vertex -6.148057e+01 -7.155616e+00  1.672858e+02
     vertex -6.160074e+01 -7.343555e+00  1.672174e+02
   endloop
 endfacet
 facet normal -8.536543e-01  4.510607e-01  2.604200e-01
   outer loop
     vertex -6.172091e+01 -7.531493e+00  1.671490e+02
     vertex -6.160074e+01 -7.343555e+00  1.672174e+02
     vertex -6.160074e+01 -7.308825e+00  1.671573e+02
   endloop
 endfacet
 facet normal -8.536543e-01  4.510607e-01  2.604200e-01
   outer loop
     vertex -6.172091e+01 -7.531493e+00  1.671490e+02
     vertex -6.160074e+01 -7.308825e+00  1.671573e+02
     vertex -6.172091e+01 -7.462034e+00  1.670287e+02
   endloop
 endfacet
 facet normal  3.434218e-16 -9.801714e-02 -9.951847e-01
   outer loop
     vertex -6.684109e+01 -3.655616e+00  1.633358e+02
     vertex -3.604109e+01 -3.655616e+00  1.633358e+02
     vertex -3.604109e+01 -3.801934e+00  1.633502e+02
   endloop
 endfacet
 facet normal  1.017068e-15 -2.902847e-01 -9.569403e-01
   outer loop
     vertex -6.684109e+01 -3.801934e+00  1.633502e+02
     vertex -3.604109e+01 -3.801934e+00  1.633502e+02
     vertex -3.604109e+01 -3.942629e+00  1.633929e+02
   endloop
 endfacet
 facet normal  3.434218e-16 -9.801714e-02 -9.951847e-01
   outer loop
     vertex -6.684109e+01 -3.801934e+00  1.633502e+02
     vertex -6.684109e+01 -3.655616e+00  1.633358e+02
     vertex -3.604109e+01 -3.801934e+00  1.633502e+02
   endloop
 endfacet
 facet normal  1.651628e-15 -4.713967e-01 -8.819213e-01
   outer loop
     vertex -6.684109e+01 -3.942629e+00  1.633929e+02
     vertex -3.604109e+01 -3.942629e+00  1.633929e+02
     vertex -3.604109e+01 -4.072294e+00  1.634622e+02
   endloop
 endfacet
 facet normal  1.017068e-15 -2.902847e-01 -9.569403e-01
   outer loop
     vertex -6.684109e+01 -3.942629e+00  1.633929e+02
     vertex -6.684109e+01 -3.801934e+00  1.633502e+02
     vertex -3.604109e+01 -3.942629e+00  1.633929e+02
   endloop
 endfacet
 facet normal  2.231865e-15 -6.343933e-01 -7.730105e-01
   outer loop
     vertex -6.684109e+01 -4.072294e+00  1.634622e+02
     vertex -3.604109e+01 -4.072294e+00  1.634622e+02
     vertex -3.604109e+01 -4.185946e+00  1.635555e+02
   endloop
 endfacet
 facet normal  1.658425e-15 -4.713967e-01 -8.819213e-01
   outer loop
     vertex -6.684109e+01 -4.072294e+00  1.634622e+02
     vertex -6.684109e+01 -3.942629e+00  1.633929e+02
     vertex -3.604109e+01 -4.072294e+00  1.634622e+02
   endloop
 endfacet
 facet normal  2.719535e-15 -7.730105e-01 -6.343933e-01
   outer loop
     vertex -6.684109e+01 -4.185946e+00  1.635555e+02
     vertex -3.604109e+01 -4.185946e+00  1.635555e+02
     vertex -3.604109e+01 -4.279218e+00  1.636691e+02
   endloop
 endfacet
 facet normal  2.231865e-15 -6.343933e-01 -7.730105e-01
   outer loop
     vertex -6.684109e+01 -4.185946e+00  1.635555e+02
     vertex -6.684109e+01 -4.072294e+00  1.634622e+02
     vertex -3.604109e+01 -4.185946e+00  1.635555e+02
   endloop
 endfacet
 facet normal  3.102695e-15 -8.819213e-01 -4.713967e-01
   outer loop
     vertex -6.684109e+01 -4.279218e+00  1.636691e+02
     vertex -3.604109e+01 -4.279218e+00  1.636691e+02
     vertex -3.604109e+01 -4.348526e+00  1.637988e+02
   endloop
 endfacet
 facet normal  2.719535e-15 -7.730105e-01 -6.343933e-01
   outer loop
     vertex -6.684109e+01 -4.279218e+00  1.636691e+02
     vertex -6.684109e+01 -4.185946e+00  1.635555e+02
     vertex -3.604109e+01 -4.279218e+00  1.636691e+02
   endloop
 endfacet
 facet normal  3.366621e-15 -9.569403e-01 -2.902847e-01
   outer loop
     vertex -6.684109e+01 -4.348526e+00  1.637988e+02
     vertex -3.604109e+01 -4.348526e+00  1.637988e+02
     vertex -3.604109e+01 -4.391205e+00  1.639395e+02
   endloop
 endfacet
 facet normal  3.102695e-15 -8.819213e-01 -4.713967e-01
   outer loop
     vertex -6.684109e+01 -4.348526e+00  1.637988e+02
     vertex -6.684109e+01 -4.279218e+00  1.636691e+02
     vertex -3.604109e+01 -4.348526e+00  1.637988e+02
   endloop
 endfacet
 facet normal  3.366621e-15 -9.569403e-01 -2.902847e-01
   outer loop
     vertex -6.684109e+01 -4.391205e+00  1.639395e+02
     vertex -6.684109e+01 -4.348526e+00  1.637988e+02
     vertex -3.604109e+01 -4.391205e+00  1.639395e+02
   endloop
 endfacet
 facet normal  3.472471e-15 -9.951847e-01 -9.801714e-02
   outer loop
     vertex -6.684109e+01 -4.405616e+00  1.640858e+02
     vertex -3.604109e+01 -4.391205e+00  1.639395e+02
     vertex -3.604109e+01 -4.405616e+00  1.640858e+02
   endloop
 endfacet
 facet normal  3.501134e-15 -9.951847e-01 -9.801714e-02
   outer loop
     vertex -6.684109e+01 -4.405616e+00  1.640858e+02
     vertex -6.684109e+01 -4.391205e+00  1.639395e+02
     vertex -3.604109e+01 -4.391205e+00  1.639395e+02
   endloop
 endfacet
 facet normal  0.000000e+00  0.000000e+00  1.000000e+00
   outer loop
     vertex -5.858387e+01 -1.392166e+01  1.687858e+02
     vertex -5.870713e+01 -1.379840e+01  1.687858e+02
     vertex -6.234109e+01 -1.525562e+01  1.687858e+02
   endloop
 endfacet
 facet normal  0.000000e+00  0.000000e+00  1.000000e+00
   outer loop
     vertex -5.844109e+01 -1.402164e+01  1.687858e+02
     vertex -5.858387e+01 -1.392166e+01  1.687858e+02
     vertex -6.234109e+01 -1.525562e+01  1.687858e+02
   endloop
 endfacet
 facet normal  0.000000e+00  0.000000e+00  1.000000e+00
   outer loop
     vertex -5.880711e+01 -1.365562e+01  1.687858e+02
     vertex -6.234109e+01 -1.525562e+01  1.687858e+02
     vertex -5.870713e+01 -1.379840e+01  1.687858e+02
   endloop
 endfacet
 facet normal  0.000000e+00  0.000000e+00  1.000000e+00
   outer loop
     vertex -5.888078e+01 -1.349764e+01  1.687858e+02
     vertex -6.234109e+01 -1.525562e+01  1.687858e+02
     vertex -5.880711e+01 -1.365562e+01  1.687858e+02
   endloop
 endfacet
 facet normal  0.000000e+00  0.000000e+00  1.000000e+00
   outer loop
     vertex -5.828311e+01 -1.409531e+01  1.687858e+02
     vertex -5.844109e+01 -1.402164e+01  1.687858e+02
     vertex -6.234109e+01 -1.525562e+01  1.687858e+02
   endloop
 endfacet
 facet normal  0.000000e+00  0.000000e+00  1.000000e+00
   outer loop
     vertex -5.892589e+01 -1.332926e+01  1.687858e+02
     vertex -6.234109e+01 -1.525562e+01  1.687858e+02
     vertex -5.888078e+01 -1.349764e+01  1.687858e+02
   endloop
 endfacet
 facet normal  0.000000e+00  0.000000e+00  1.000000e+00
   outer loop
     vertex -5.811473e+01 -1.414042e+01  1.687858e+02
     vertex -5.828311e+01 -1.409531e+01  1.687858e+02
     vertex -6.234109e+01 -1.525562e+01  1.687858e+02
   endloop
 endfacet
 facet normal  0.000000e+00  0.000000e+00  1.000000e+00
   outer loop
     vertex -5.894109e+01 -1.315562e+01  1.687858e+02
     vertex -6.234109e+01 -1.525562e+01  1.687858e+02
     vertex -5.892589e+01 -1.332926e+01  1.687858e+02
   endloop
 endfacet
 facet normal  0.000000e+00  0.000000e+00  1.000000e+00
   outer loop
     vertex -5.794109e+01 -1.415562e+01  1.687858e+02
     vertex -5.811473e+01 -1.414042e+01  1.687858e+02
     vertex -6.234109e+01 -1.525562e+01  1.687858e+02
   endloop
 endfacet
 facet normal  0.000000e+00  0.000000e+00  1.000000e+00
   outer loop
     vertex -5.892589e+01 -1.298197e+01  1.687858e+02
     vertex -6.234109e+01 -1.525562e+01  1.687858e+02
     vertex -5.894109e+01 -1.315562e+01  1.687858e+02
   endloop
 endfacet
 facet normal  0.000000e+00  0.000000e+00  1.000000e+00
   outer loop
     vertex -5.776744e+01 -1.414042e+01  1.687858e+02
     vertex -5.794109e+01 -1.415562e+01  1.687858e+02
     vertex -6.234109e+01 -1.525562e+01  1.687858e+02
   endloop
 endfacet
 facet normal  0.000000e+00  0.000000e+00  1.000000e+00
   outer loop
     vertex -5.888078e+01 -1.281360e+01  1.687858e+02
     vertex -6.234109e+01 -1.525562e+01  1.687858e+02
     vertex -5.892589e+01 -1.298197e+01  1.687858e+02
   endloop
 endfacet
 facet normal  0.000000e+00  0.000000e+00  1.000000e+00
   outer loop
     vertex -5.880711e+01 -1.265562e+01  1.687858e+02
     vertex -6.234109e+01 -1.525562e+01  1.687858e+02
     vertex -5.888078e+01 -1.281360e+01  1.687858e+02
   endloop
 endfacet
 facet normal  0.000000e+00  0.000000e+00  1.000000e+00
   outer loop
     vertex -5.870713e+01 -1.251283e+01  1.687858e+02
     vertex -6.234109e+01 -1.525562e+01  1.687858e+02
     vertex -5.880711e+01 -1.265562e+01  1.687858e+02
   endloop
 endfacet
 facet normal -2.648364e-15 -3.508853e-15  1.000000e+00
   outer loop
     vertex -5.870713e+01 -1.798404e+00  1.687858e+02
     vertex -6.234109e+01  9.443839e-01  1.687858e+02
     vertex -6.234109e+01 -1.525562e+01  1.687858e+02
   endloop
 endfacet
 facet normal  4.004275e-15 -5.305317e-15  1.000000e+00
   outer loop
     vertex -5.870713e+01 -1.798404e+00  1.687858e+02
     vertex -6.234109e+01 -1.525562e+01  1.687858e+02
     vertex -5.870713e+01 -1.251283e+01  1.687858e+02
   endloop
 endfacet
 facet normal  5.430254e-15 -5.430254e-15  1.000000e+00
   outer loop
     vertex -5.858387e+01 -1.921661e+00  1.687858e+02
     vertex -5.870713e+01 -1.251283e+01  1.687858e+02
     vertex -5.858387e+01 -1.238957e+01  1.687858e+02
   endloop
 endfacet
 facet normal -5.305317e-15 -5.305317e-15  1.000000e+00
   outer loop
     vertex -5.858387e+01 -1.921661e+00  1.687858e+02
     vertex -5.870713e+01 -1.798404e+00  1.687858e+02
     vertex -5.870713e+01 -1.251283e+01  1.687858e+02
   endloop
 endfacet
 facet normal  0.000000e+00  0.000000e+00  1.000000e+00
   outer loop
     vertex -5.880711e+01 -1.655616e+00  1.687858e+02
     vertex -6.234109e+01  9.443839e-01  1.687858e+02
     vertex -5.870713e+01 -1.798404e+00  1.687858e+02
   endloop
 endfacet
 facet normal -3.802305e-15 -5.430254e-15  1.000000e+00
   outer loop
     vertex -5.844109e+01 -2.021642e+00  1.687858e+02
     vertex -5.858387e+01 -1.921661e+00  1.687858e+02
     vertex -5.858387e+01 -1.238957e+01  1.687858e+02
   endloop
 endfacet
 facet normal  3.876352e-15 -5.536005e-15  1.000000e+00
   outer loop
     vertex -5.844109e+01 -2.021642e+00  1.687858e+02
     vertex -5.858387e+01 -1.238957e+01  1.687858e+02
     vertex -5.844109e+01 -1.228959e+01  1.687858e+02
   endloop
 endfacet
 facet normal  2.581482e-15 -5.536005e-15  1.000000e+00
   outer loop
     vertex -5.844109e+01 -2.021642e+00  1.687858e+02
     vertex -5.844109e+01 -1.228959e+01  1.687858e+02
     vertex -5.828311e+01 -1.221592e+01  1.687858e+02
   endloop
 endfacet
 facet normal  1.504963e-15 -5.616597e-15  1.000000e+00
   outer loop
     vertex -5.828311e+01 -2.095309e+00  1.687858e+02
     vertex -5.828311e+01 -1.221592e+01  1.687858e+02
     vertex -5.811473e+01 -1.217081e+01  1.687858e+02
   endloop
 endfacet
 facet normal -2.619062e-15 -5.616597e-15  1.000000e+00
   outer loop
     vertex -5.828311e+01 -2.095309e+00  1.687858e+02
     vertex -5.844109e+01 -2.021642e+00  1.687858e+02
     vertex -5.828311e+01 -1.221592e+01  1.687858e+02
   endloop
 endfacet
 facet normal  0.000000e+00  0.000000e+00  1.000000e+00
   outer loop
     vertex -5.888078e+01 -1.497636e+00  1.687858e+02
     vertex -6.234109e+01  9.443839e-01  1.687858e+02
     vertex -5.880711e+01 -1.655616e+00  1.687858e+02
   endloop
 endfacet
 facet normal  0.000000e+00  0.000000e+00  1.000000e+00
   outer loop
     vertex -5.892589e+01 -1.329264e+00  1.687858e+02
     vertex -6.234109e+01  9.443839e-01  1.687858e+02
     vertex -5.888078e+01 -1.497636e+00  1.687858e+02
   endloop
 endfacet
 facet normal -1.518501e-15 -5.667123e-15  1.000000e+00
   outer loop
     vertex -5.811473e+01 -2.140424e+00  1.687858e+02
     vertex -5.828311e+01 -2.095309e+00  1.687858e+02
     vertex -5.811473e+01 -1.217081e+01  1.687858e+02
   endloop
 endfacet
 facet normal  4.973155e-16 -5.684342e-15  1.000000e+00
   outer loop
     vertex -5.794109e+01 -2.155616e+00  1.687858e+02
     vertex -5.811473e+01 -1.217081e+01  1.687858e+02
     vertex -5.794109e+01 -1.215562e+01  1.687858e+02
   endloop
 endfacet
 facet normal -4.973155e-16 -5.684342e-15  1.000000e+00
   outer loop
     vertex -5.794109e+01 -2.155616e+00  1.687858e+02
     vertex -5.794109e+01 -1.215562e+01  1.687858e+02
     vertex -5.776744e+01 -1.217081e+01  1.687858e+02
   endloop
 endfacet
 facet normal -4.958090e-16 -5.667123e-15  1.000000e+00
   outer loop
     vertex -5.794109e+01 -2.155616e+00  1.687858e+02
     vertex -5.811473e+01 -2.140424e+00  1.687858e+02
     vertex -5.811473e+01 -1.217081e+01  1.687858e+02
   endloop
 endfacet
 facet normal  0.000000e+00  0.000000e+00  1.000000e+00
   outer loop
     vertex -5.894109e+01 -1.155616e+00  1.687858e+02
     vertex -6.234109e+01  9.443839e-01  1.687858e+02
     vertex -5.892589e+01 -1.329264e+00  1.687858e+02
   endloop
 endfacet
 facet normal  0.000000e+00  0.000000e+00  1.000000e+00
   outer loop
     vertex -5.892589e+01 -9.819680e-01  1.687858e+02
     vertex -6.234109e+01  9.443839e-01  1.687858e+02
     vertex -5.894109e+01 -1.155616e+00  1.687858e+02
   endloop
 endfacet
 facet normal  4.958090e-16 -5.667123e-15  1.000000e+00
   outer loop
     vertex -5.776744e+01 -2.140424e+00  1.687858e+02
     vertex -5.794109e+01 -2.155616e+00  1.687858e+02
     vertex -5.776744e+01 -1.217081e+01  1.687858e+02
   endloop
 endfacet
 facet normal -1.504963e-15 -5.616597e-15  1.000000e+00
   outer loop
     vertex -5.759907e+01 -2.095309e+00  1.687858e+02
     vertex -5.776744e+01 -1.217081e+01  1.687858e+02
     vertex -5.759907e+01 -1.221592e+01  1.687858e+02
   endloop
 endfacet
 facet normal  1.518501e-15 -5.667123e-15  1.000000e+00
   outer loop
     vertex -5.759907e+01 -2.095309e+00  1.687858e+02
     vertex -5.776744e+01 -2.140424e+00  1.687858e+02
     vertex -5.776744e+01 -1.217081e+01  1.687858e+02
   endloop
 endfacet
 facet normal  0.000000e+00  0.000000e+00  1.000000e+00
   outer loop
     vertex -5.888078e+01 -8.135960e-01  1.687858e+02
     vertex -6.234109e+01  9.443839e-01  1.687858e+02
     vertex -5.892589e+01 -9.819680e-01  1.687858e+02
   endloop
 endfacet
 facet normal  0.000000e+00  0.000000e+00  1.000000e+00
   outer loop
     vertex -4.570713e+01 -1.379840e+01  1.687858e+02
     vertex -5.729830e+01 -1.392166e+01  1.687858e+02
     vertex -4.558387e+01 -1.392166e+01  1.687858e+02
   endloop
 endfacet
 facet normal  0.000000e+00  0.000000e+00  1.000000e+00
   outer loop
     vertex -4.570713e+01 -1.379840e+01  1.687858e+02
     vertex -5.717504e+01 -1.379840e+01  1.687858e+02
     vertex -5.729830e+01 -1.392166e+01  1.687858e+02
   endloop
 endfacet
 facet normal  0.000000e+00  0.000000e+00  1.000000e+00
   outer loop
     vertex -4.544109e+01 -1.402164e+01  1.687858e+02
     vertex -4.558387e+01 -1.392166e+01  1.687858e+02
     vertex -5.729830e+01 -1.392166e+01  1.687858e+02
   endloop
 endfacet
 facet normal  0.000000e+00  0.000000e+00  1.000000e+00
   outer loop
     vertex -4.544109e+01 -1.402164e+01  1.687858e+02
     vertex -5.729830e+01 -1.392166e+01  1.687858e+02
     vertex -5.744109e+01 -1.402164e+01  1.687858e+02
   endloop
 endfacet
 facet normal  0.000000e+00  0.000000e+00  1.000000e+00
   outer loop
     vertex -4.580711e+01 -1.365562e+01  1.687858e+02
     vertex -5.707506e+01 -1.365562e+01  1.687858e+02
     vertex -5.717504e+01 -1.379840e+01  1.687858e+02
   endloop
 endfacet
 facet normal  0.000000e+00  0.000000e+00  1.000000e+00
   outer loop
     vertex -4.580711e+01 -1.365562e+01  1.687858e+02
     vertex -5.717504e+01 -1.379840e+01  1.687858e+02
     vertex -4.570713e+01 -1.379840e+01  1.687858e+02
   endloop
 endfacet
 facet normal  2.619062e-15 -5.616597e-15  1.000000e+00
   outer loop
     vertex -5.744109e+01 -2.021642e+00  1.687858e+02
     vertex -5.759907e+01 -2.095309e+00  1.687858e+02
     vertex -5.759907e+01 -1.221592e+01  1.687858e+02
   endloop
 endfacet
 facet normal -2.581482e-15 -5.536005e-15  1.000000e+00
   outer loop
     vertex -5.744109e+01 -2.021642e+00  1.687858e+02
     vertex -5.759907e+01 -1.221592e+01  1.687858e+02
     vertex -5.744109e+01 -1.228959e+01  1.687858e+02
   endloop
 endfacet
 facet normal  0.000000e+00  0.000000e+00  1.000000e+00
   outer loop
     vertex -5.880711e+01 -6.556161e-01  1.687858e+02
     vertex -6.234109e+01  9.443839e-01  1.687858e+02
     vertex -5.888078e+01 -8.135960e-01  1.687858e+02
   endloop
 endfacet
 facet normal  0.000000e+00  0.000000e+00  1.000000e+00
   outer loop
     vertex -4.528311e+01 -1.409531e+01  1.687858e+02
     vertex -5.744109e+01 -1.402164e+01  1.687858e+02
     vertex -5.759907e+01 -1.409531e+01  1.687858e+02
   endloop
 endfacet
 facet normal  0.000000e+00  0.000000e+00  1.000000e+00
   outer loop
     vertex -4.528311e+01 -1.409531e+01  1.687858e+02
     vertex -4.544109e+01 -1.402164e+01  1.687858e+02
     vertex -5.744109e+01 -1.402164e+01  1.687858e+02
   endloop
 endfacet
 facet normal  0.000000e+00  0.000000e+00  1.000000e+00
   outer loop
     vertex -4.588078e+01 -1.349764e+01  1.687858e+02
     vertex -5.700139e+01 -1.349764e+01  1.687858e+02
     vertex -5.707506e+01 -1.365562e+01  1.687858e+02
   endloop
 endfacet
 facet normal  0.000000e+00  0.000000e+00  1.000000e+00
   outer loop
     vertex -4.588078e+01 -1.349764e+01  1.687858e+02
     vertex -5.707506e+01 -1.365562e+01  1.687858e+02
     vertex -4.580711e+01 -1.365562e+01  1.687858e+02
   endloop
 endfacet
 facet normal  0.000000e+00  0.000000e+00  1.000000e+00
   outer loop
     vertex -4.592589e+01 -1.332926e+01  1.687858e+02
     vertex -5.695628e+01 -1.332926e+01  1.687858e+02
     vertex -5.700139e+01 -1.349764e+01  1.687858e+02
   endloop
 endfacet
 facet normal  0.000000e+00  0.000000e+00  1.000000e+00
   outer loop
     vertex -4.592589e+01 -1.332926e+01  1.687858e+02
     vertex -5.700139e+01 -1.349764e+01  1.687858e+02
     vertex -4.588078e+01 -1.349764e+01  1.687858e+02
   endloop
 endfacet
 facet normal  0.000000e+00  0.000000e+00  1.000000e+00
   outer loop
     vertex -4.511473e+01 -1.414042e+01  1.687858e+02
     vertex -5.759907e+01 -1.409531e+01  1.687858e+02
     vertex -5.776744e+01 -1.414042e+01  1.687858e+02
   endloop
 endfacet
 facet normal  0.000000e+00  0.000000e+00  1.000000e+00
   outer loop
     vertex -4.511473e+01 -1.414042e+01  1.687858e+02
     vertex -4.528311e+01 -1.409531e+01  1.687858e+02
     vertex -5.759907e+01 -1.409531e+01  1.687858e+02
   endloop
 endfacet
 facet normal  0.000000e+00  0.000000e+00  1.000000e+00
   outer loop
     vertex -5.870713e+01 -5.128285e-01  1.687858e+02
     vertex -6.234109e+01  9.443839e-01  1.687858e+02
     vertex -5.880711e+01 -6.556161e-01  1.687858e+02
   endloop
 endfacet
 facet normal -3.802305e-15 -5.430254e-15  1.000000e+00
   outer loop
     vertex -5.729830e+01 -1.921661e+00  1.687858e+02
     vertex -5.744109e+01 -1.228959e+01  1.687858e+02
     vertex -5.729830e+01 -1.238957e+01  1.687858e+02
   endloop
 endfacet
 facet normal  3.876352e-15 -5.536005e-15  1.000000e+00
   outer loop
     vertex -5.729830e+01 -1.921661e+00  1.687858e+02
     vertex -5.744109e+01 -2.021642e+00  1.687858e+02
     vertex -5.744109e+01 -1.228959e+01  1.687858e+02
   endloop
 endfacet
 facet normal  0.000000e+00  0.000000e+00  1.000000e+00
   outer loop
     vertex -4.594109e+01 -1.315562e+01  1.687858e+02
     vertex -5.694109e+01 -1.315562e+01  1.687858e+02
     vertex -5.695628e+01 -1.332926e+01  1.687858e+02
   endloop
 endfacet
 facet normal  0.000000e+00  0.000000e+00  1.000000e+00
   outer loop
     vertex -4.594109e+01 -1.315562e+01  1.687858e+02
     vertex -5.695628e+01 -1.298197e+01  1.687858e+02
     vertex -5.694109e+01 -1.315562e+01  1.687858e+02
   endloop
 endfacet
 facet normal  0.000000e+00  0.000000e+00  1.000000e+00
   outer loop
     vertex -4.594109e+01 -1.315562e+01  1.687858e+02
     vertex -5.695628e+01 -1.332926e+01  1.687858e+02
     vertex -4.592589e+01 -1.332926e+01  1.687858e+02
   endloop
 endfacet
 facet normal -5.305317e-15 -5.305317e-15  1.000000e+00
   outer loop
     vertex -5.717504e+01 -1.798404e+00  1.687858e+02
     vertex -5.729830e+01 -1.238957e+01  1.687858e+02
     vertex -5.717504e+01 -1.251283e+01  1.687858e+02
   endloop
 endfacet
 facet normal  5.430254e-15 -5.430254e-15  1.000000e+00
   outer loop
     vertex -5.717504e+01 -1.798404e+00  1.687858e+02
     vertex -5.729830e+01 -1.921661e+00  1.687858e+02
     vertex -5.729830e+01 -1.238957e+01  1.687858e+02
   endloop
 endfacet
 facet normal  0.000000e+00  0.000000e+00  1.000000e+00
   outer loop
     vertex -5.858387e+01 -3.895717e-01  1.687858e+02
     vertex -6.234109e+01  9.443839e-01  1.687858e+02
     vertex -5.870713e+01 -5.128285e-01  1.687858e+02
   endloop
 endfacet
 facet normal  0.000000e+00  0.000000e+00  1.000000e+00
   outer loop
     vertex -4.592589e+01 -1.298197e+01  1.687858e+02
     vertex -5.700139e+01 -1.281360e+01  1.687858e+02
     vertex -5.695628e+01 -1.298197e+01  1.687858e+02
   endloop
 endfacet
 facet normal  0.000000e+00  0.000000e+00  1.000000e+00
   outer loop
     vertex -4.592589e+01 -1.298197e+01  1.687858e+02
     vertex -5.695628e+01 -1.298197e+01  1.687858e+02
     vertex -4.594109e+01 -1.315562e+01  1.687858e+02
   endloop
 endfacet
 facet normal  0.000000e+00  0.000000e+00  1.000000e+00
   outer loop
     vertex -5.844109e+01 -2.895907e-01  1.687858e+02
     vertex -6.234109e+01  9.443839e-01  1.687858e+02
     vertex -5.858387e+01 -3.895717e-01  1.687858e+02
   endloop
 endfacet
 facet normal  0.000000e+00  0.000000e+00  1.000000e+00
   outer loop
     vertex -4.588078e+01 -1.281360e+01  1.687858e+02
     vertex -5.700139e+01 -1.281360e+01  1.687858e+02
     vertex -4.592589e+01 -1.298197e+01  1.687858e+02
   endloop
 endfacet
 facet normal  0.000000e+00  0.000000e+00  1.000000e+00
   outer loop
     vertex -5.828311e+01 -2.159235e-01  1.687858e+02
     vertex -6.234109e+01  9.443839e-01  1.687858e+02
     vertex -5.844109e+01 -2.895907e-01  1.687858e+02
   endloop
 endfacet
 facet normal  0.000000e+00  0.000000e+00  1.000000e+00
   outer loop
     vertex -4.580711e+01 -1.265562e+01  1.687858e+02
     vertex -5.707506e+01 -1.265562e+01  1.687858e+02
     vertex -5.700139e+01 -1.281360e+01  1.687858e+02
   endloop
 endfacet
 facet normal  0.000000e+00  0.000000e+00  1.000000e+00
   outer loop
     vertex -4.580711e+01 -1.265562e+01  1.687858e+02
     vertex -5.700139e+01 -1.281360e+01  1.687858e+02
     vertex -4.588078e+01 -1.281360e+01  1.687858e+02
   endloop
 endfacet
 facet normal  0.000000e+00  0.000000e+00  1.000000e+00
   outer loop
     vertex -5.811473e+01 -1.708084e-01  1.687858e+02
     vertex -6.234109e+01  9.443839e-01  1.687858e+02
     vertex -5.828311e+01 -2.159235e-01  1.687858e+02
   endloop
 endfacet
 facet normal  0.000000e+00  0.000000e+00  1.000000e+00
   outer loop
     vertex -4.570713e+01 -1.251283e+01  1.687858e+02
     vertex -5.717504e+01 -1.251283e+01  1.687858e+02
     vertex -5.707506e+01 -1.265562e+01  1.687858e+02
   endloop
 endfacet
 facet normal  1.643566e-29 -5.305317e-15  1.000000e+00
   outer loop
     vertex -4.570713e+01 -1.251283e+01  1.687858e+02
     vertex -5.717504e+01 -1.798404e+00  1.687858e+02
     vertex -5.717504e+01 -1.251283e+01  1.687858e+02
   endloop
 endfacet
 facet normal  0.000000e+00  0.000000e+00  1.000000e+00
   outer loop
     vertex -4.570713e+01 -1.251283e+01  1.687858e+02
     vertex -5.707506e+01 -1.265562e+01  1.687858e+02
     vertex -4.580711e+01 -1.265562e+01  1.687858e+02
   endloop
 endfacet
 facet normal  0.000000e+00  0.000000e+00  1.000000e+00
   outer loop
     vertex -5.794109e+01 -1.556161e-01  1.687858e+02
     vertex -6.234109e+01  9.443839e-01  1.687858e+02
     vertex -5.811473e+01 -1.708084e-01  1.687858e+02
   endloop
 endfacet
 facet normal  0.000000e+00  0.000000e+00  1.000000e+00
   outer loop
     vertex -4.054109e+01 -1.525562e+01  1.687858e+02
     vertex -4.394109e+01 -1.315562e+01  1.687858e+02
     vertex -4.395628e+01 -1.332926e+01  1.687858e+02
   endloop
 endfacet
 facet normal  0.000000e+00  0.000000e+00  1.000000e+00
   outer loop
     vertex -4.054109e+01 -1.525562e+01  1.687858e+02
     vertex -4.395628e+01 -1.332926e+01  1.687858e+02
     vertex -4.400139e+01 -1.349764e+01  1.687858e+02
   endloop
 endfacet
 facet normal  0.000000e+00  0.000000e+00  1.000000e+00
   outer loop
     vertex -4.054109e+01 -1.525562e+01  1.687858e+02
     vertex -4.400139e+01 -1.349764e+01  1.687858e+02
     vertex -4.407506e+01 -1.365562e+01  1.687858e+02
   endloop
 endfacet
 facet normal  0.000000e+00  0.000000e+00  1.000000e+00
   outer loop
     vertex -4.054109e+01 -1.525562e+01  1.687858e+02
     vertex -4.407506e+01 -1.365562e+01  1.687858e+02
     vertex -4.417504e+01 -1.379840e+01  1.687858e+02
   endloop
 endfacet
 facet normal  0.000000e+00  0.000000e+00  1.000000e+00
   outer loop
     vertex -4.054109e+01 -1.525562e+01  1.687858e+02
     vertex -4.417504e+01 -1.379840e+01  1.687858e+02
     vertex -4.429830e+01 -1.392166e+01  1.687858e+02
   endloop
 endfacet
 facet normal  0.000000e+00  0.000000e+00  1.000000e+00
   outer loop
     vertex -4.054109e+01 -1.525562e+01  1.687858e+02
     vertex -4.429830e+01 -1.392166e+01  1.687858e+02
     vertex -4.444109e+01 -1.402164e+01  1.687858e+02
   endloop
 endfacet
 facet normal  0.000000e+00  0.000000e+00  1.000000e+00
   outer loop
     vertex -4.054109e+01 -1.525562e+01  1.687858e+02
     vertex -4.444109e+01 -1.402164e+01  1.687858e+02
     vertex -4.459907e+01 -1.409531e+01  1.687858e+02
   endloop
 endfacet
 facet normal  0.000000e+00  0.000000e+00  1.000000e+00
   outer loop
     vertex -4.054109e+01 -1.525562e+01  1.687858e+02
     vertex -4.459907e+01 -1.409531e+01  1.687858e+02
     vertex -4.476744e+01 -1.414042e+01  1.687858e+02
   endloop
 endfacet
 facet normal  0.000000e+00  0.000000e+00  1.000000e+00
   outer loop
     vertex -4.054109e+01 -1.525562e+01  1.687858e+02
     vertex -4.476744e+01 -1.414042e+01  1.687858e+02
     vertex -4.494109e+01 -1.415562e+01  1.687858e+02
   endloop
 endfacet
 facet normal  0.000000e+00  0.000000e+00  1.000000e+00
   outer loop
     vertex -4.054109e+01 -1.525562e+01  1.687858e+02
     vertex -4.494109e+01 -1.415562e+01  1.687858e+02
     vertex -4.511473e+01 -1.414042e+01  1.687858e+02
   endloop
 endfacet
 facet normal  0.000000e+00  0.000000e+00  1.000000e+00
   outer loop
     vertex -4.054109e+01 -1.525562e+01  1.687858e+02
     vertex -4.511473e+01 -1.414042e+01  1.687858e+02
     vertex -5.776744e+01 -1.414042e+01  1.687858e+02
   endloop
 endfacet
 facet normal  0.000000e+00  0.000000e+00  1.000000e+00
   outer loop
     vertex -4.054109e+01 -1.525562e+01  1.687858e+02
     vertex -4.417504e+01 -1.251283e+01  1.687858e+02
     vertex -4.407506e+01 -1.265562e+01  1.687858e+02
   endloop
 endfacet
 facet normal  0.000000e+00  0.000000e+00  1.000000e+00
   outer loop
     vertex -4.054109e+01 -1.525562e+01  1.687858e+02
     vertex -4.407506e+01 -1.265562e+01  1.687858e+02
     vertex -4.400139e+01 -1.281360e+01  1.687858e+02
   endloop
 endfacet
 facet normal  0.000000e+00  0.000000e+00  1.000000e+00
   outer loop
     vertex -4.054109e+01 -1.525562e+01  1.687858e+02
     vertex -4.400139e+01 -1.281360e+01  1.687858e+02
     vertex -4.395628e+01 -1.298197e+01  1.687858e+02
   endloop
 endfacet
 facet normal  0.000000e+00  0.000000e+00  1.000000e+00
   outer loop
     vertex -4.054109e+01 -1.525562e+01  1.687858e+02
     vertex -4.395628e+01 -1.298197e+01  1.687858e+02
     vertex -4.394109e+01 -1.315562e+01  1.687858e+02
   endloop
 endfacet
 facet normal  0.000000e+00  0.000000e+00  1.000000e+00
   outer loop
     vertex -4.054109e+01 -1.525562e+01  1.687858e+02
     vertex -5.776744e+01 -1.414042e+01  1.687858e+02
     vertex -6.234109e+01 -1.525562e+01  1.687858e+02
   endloop
 endfacet
 facet normal  5.430254e-15 -5.430254e-15  1.000000e+00
   outer loop
     vertex -4.558387e+01 -1.921661e+00  1.687858e+02
     vertex -4.570713e+01 -1.251283e+01  1.687858e+02
     vertex -4.558387e+01 -1.238957e+01  1.687858e+02
   endloop
 endfacet
 facet normal -5.305317e-15 -5.305317e-15  1.000000e+00
   outer loop
     vertex -4.570713e+01 -1.798404e+00  1.687858e+02
     vertex -4.570713e+01 -1.251283e+01  1.687858e+02
     vertex -4.558387e+01 -1.921661e+00  1.687858e+02
   endloop
 endfacet
 facet normal  0.000000e+00  0.000000e+00  1.000000e+00
   outer loop
     vertex -4.570713e+01 -1.798404e+00  1.687858e+02
     vertex -5.707506e+01 -1.655616e+00  1.687858e+02
     vertex -5.717504e+01 -1.798404e+00  1.687858e+02
   endloop
 endfacet
 facet normal  1.807923e-29 -5.305317e-15  1.000000e+00
   outer loop
     vertex -4.570713e+01 -1.798404e+00  1.687858e+02
     vertex -5.717504e+01 -1.798404e+00  1.687858e+02
     vertex -4.570713e+01 -1.251283e+01  1.687858e+02
   endloop
 endfacet
 facet normal -3.802305e-15 -5.430254e-15  1.000000e+00
   outer loop
     vertex -4.544109e+01 -2.021642e+00  1.687858e+02
     vertex -4.558387e+01 -1.921661e+00  1.687858e+02
     vertex -4.558387e+01 -1.238957e+01  1.687858e+02
   endloop
 endfacet
 facet normal  3.876352e-15 -5.536005e-15  1.000000e+00
   outer loop
     vertex -4.544109e+01 -2.021642e+00  1.687858e+02
     vertex -4.558387e+01 -1.238957e+01  1.687858e+02
     vertex -4.544109e+01 -1.228959e+01  1.687858e+02
   endloop
 endfacet
 facet normal  2.581482e-15 -5.536005e-15  1.000000e+00
   outer loop
     vertex -4.544109e+01 -2.021642e+00  1.687858e+02
     vertex -4.544109e+01 -1.228959e+01  1.687858e+02
     vertex -4.528311e+01 -1.221592e+01  1.687858e+02
   endloop
 endfacet
 facet normal  0.000000e+00  0.000000e+00  1.000000e+00
   outer loop
     vertex -4.580711e+01 -1.655616e+00  1.687858e+02
     vertex -5.707506e+01 -1.655616e+00  1.687858e+02
     vertex -4.570713e+01 -1.798404e+00  1.687858e+02
   endloop
 endfacet
 facet normal  0.000000e+00  0.000000e+00  1.000000e+00
   outer loop
     vertex -4.588078e+01 -1.497636e+00  1.687858e+02
     vertex -5.707506e+01 -1.655616e+00  1.687858e+02
     vertex -4.580711e+01 -1.655616e+00  1.687858e+02
   endloop
 endfacet
 facet normal  0.000000e+00  0.000000e+00  1.000000e+00
   outer loop
     vertex -4.588078e+01 -1.497636e+00  1.687858e+02
     vertex -5.700139e+01 -1.497636e+00  1.687858e+02
     vertex -5.707506e+01 -1.655616e+00  1.687858e+02
   endloop
 endfacet
 facet normal -2.619062e-15 -5.616597e-15  1.000000e+00
   outer loop
     vertex -4.528311e+01 -2.095309e+00  1.687858e+02
     vertex -4.544109e+01 -2.021642e+00  1.687858e+02
     vertex -4.528311e+01 -1.221592e+01  1.687858e+02
   endloop
 endfacet
 facet normal  1.504963e-15 -5.616597e-15  1.000000e+00
   outer loop
     vertex -4.528311e+01 -2.095309e+00  1.687858e+02
     vertex -4.528311e+01 -1.221592e+01  1.687858e+02
     vertex -4.511473e+01 -1.217081e+01  1.687858e+02
   endloop
 endfacet
 facet normal  0.000000e+00  0.000000e+00  1.000000e+00
   outer loop
     vertex -4.592589e+01 -1.329264e+00  1.687858e+02
     vertex -5.695628e+01 -1.329264e+00  1.687858e+02
     vertex -5.700139e+01 -1.497636e+00  1.687858e+02
   endloop
 endfacet
 facet normal  0.000000e+00  0.000000e+00  1.000000e+00
   outer loop
     vertex -4.592589e+01 -1.329264e+00  1.687858e+02
     vertex -5.700139e+01 -1.497636e+00  1.687858e+02
     vertex -4.588078e+01 -1.497636e+00  1.687858e+02
   endloop
 endfacet
 facet normal -1.518501e-15 -5.667123e-15  1.000000e+00
   outer loop
     vertex -4.511473e+01 -2.140424e+00  1.687858e+02
     vertex -4.528311e+01 -2.095309e+00  1.687858e+02
     vertex -4.511473e+01 -1.217081e+01  1.687858e+02
   endloop
 endfacet
 facet normal  4.958090e-16 -5.667123e-15  1.000000e+00
   outer loop
     vertex -4.511473e+01 -2.140424e+00  1.687858e+02
     vertex -4.511473e+01 -1.217081e+01  1.687858e+02
     vertex -4.494109e+01 -1.215562e+01  1.687858e+02
   endloop
 endfacet
 facet normal  0.000000e+00  0.000000e+00  1.000000e+00
   outer loop
     vertex -4.594109e+01 -1.155616e+00  1.687858e+02
     vertex -5.694109e+01 -1.155616e+00  1.687858e+02
     vertex -5.695628e+01 -1.329264e+00  1.687858e+02
   endloop
 endfacet
 facet normal  0.000000e+00  0.000000e+00  1.000000e+00
   outer loop
     vertex -4.594109e+01 -1.155616e+00  1.687858e+02
     vertex -5.695628e+01 -1.329264e+00  1.687858e+02
     vertex -4.592589e+01 -1.329264e+00  1.687858e+02
   endloop
 endfacet
 facet normal -4.973155e-16 -5.684342e-15  1.000000e+00
   outer loop
     vertex -4.494109e+01 -2.155616e+00  1.687858e+02
     vertex -4.511473e+01 -2.140424e+00  1.687858e+02
     vertex -4.494109e+01 -1.215562e+01  1.687858e+02
   endloop
 endfacet
 facet normal -4.973155e-16 -5.684342e-15  1.000000e+00
   outer loop
     vertex -4.494109e+01 -2.155616e+00  1.687858e+02
     vertex -4.494109e+01 -1.215562e+01  1.687858e+02
     vertex -4.476744e+01 -1.217081e+01  1.687858e+02
   endloop
 endfacet
 facet normal  0.000000e+00  0.000000e+00  1.000000e+00
   outer loop
     vertex -4.592589e+01 -9.819680e-01  1.687858e+02
     vertex -5.695628e+01 -9.819680e-01  1.687858e+02
     vertex -5.694109e+01 -1.155616e+00  1.687858e+02
   endloop
 endfacet
 facet normal  0.000000e+00  0.000000e+00  1.000000e+00
   outer loop
     vertex -4.592589e+01 -9.819680e-01  1.687858e+02
     vertex -5.694109e+01 -1.155616e+00  1.687858e+02
     vertex -4.594109e+01 -1.155616e+00  1.687858e+02
   endloop
 endfacet
 facet normal -1.518501e-15 -5.667123e-15  1.000000e+00
   outer loop
     vertex -4.476744e+01 -2.140424e+00  1.687858e+02
     vertex -4.476744e+01 -1.217081e+01  1.687858e+02
     vertex -4.459907e+01 -1.221592e+01  1.687858e+02
   endloop
 endfacet
 facet normal  4.958090e-16 -5.667123e-15  1.000000e+00
   outer loop
     vertex -4.476744e+01 -2.140424e+00  1.687858e+02
     vertex -4.494109e+01 -2.155616e+00  1.687858e+02
     vertex -4.476744e+01 -1.217081e+01  1.687858e+02
   endloop
 endfacet
 facet normal  0.000000e+00  0.000000e+00  1.000000e+00
   outer loop
     vertex -4.588078e+01 -8.135960e-01  1.687858e+02
     vertex -5.700139e+01 -8.135960e-01  1.687858e+02
     vertex -5.695628e+01 -9.819680e-01  1.687858e+02
   endloop
 endfacet
 facet normal  0.000000e+00  0.000000e+00  1.000000e+00
   outer loop
     vertex -4.588078e+01 -8.135960e-01  1.687858e+02
     vertex -5.695628e+01 -9.819680e-01  1.687858e+02
     vertex -4.592589e+01 -9.819680e-01  1.687858e+02
   endloop
 endfacet
 facet normal  1.504963e-15 -5.616597e-15  1.000000e+00
   outer loop
     vertex -4.459907e+01 -2.095309e+00  1.687858e+02
     vertex -4.476744e+01 -2.140424e+00  1.687858e+02
     vertex -4.459907e+01 -1.221592e+01  1.687858e+02
   endloop
 endfacet
 facet normal  2.619062e-15 -5.616597e-15  1.000000e+00
   outer loop
     vertex -4.444109e+01 -2.021642e+00  1.687858e+02
     vertex -4.459907e+01 -2.095309e+00  1.687858e+02
     vertex -4.459907e+01 -1.221592e+01  1.687858e+02
   endloop
 endfacet
 facet normal -2.581482e-15 -5.536005e-15  1.000000e+00
   outer loop
     vertex -4.444109e+01 -2.021642e+00  1.687858e+02
     vertex -4.459907e+01 -1.221592e+01  1.687858e+02
     vertex -4.444109e+01 -1.228959e+01  1.687858e+02
   endloop
 endfacet
 facet normal -3.876352e-15 -5.536005e-15  1.000000e+00
   outer loop
     vertex -4.444109e+01 -2.021642e+00  1.687858e+02
     vertex -4.444109e+01 -1.228959e+01  1.687858e+02
     vertex -4.429830e+01 -1.238957e+01  1.687858e+02
   endloop
 endfacet
 facet normal  0.000000e+00  0.000000e+00  1.000000e+00
   outer loop
     vertex -4.580711e+01 -6.556161e-01  1.687858e+02
     vertex -5.707506e+01 -6.556161e-01  1.687858e+02
     vertex -5.700139e+01 -8.135960e-01  1.687858e+02
   endloop
 endfacet
 facet normal  0.000000e+00  0.000000e+00  1.000000e+00
   outer loop
     vertex -4.580711e+01 -6.556161e-01  1.687858e+02
     vertex -5.700139e+01 -8.135960e-01  1.687858e+02
     vertex -4.588078e+01 -8.135960e-01  1.687858e+02
   endloop
 endfacet
 facet normal  0.000000e+00  0.000000e+00  1.000000e+00
   outer loop
     vertex -4.570713e+01 -5.128285e-01  1.687858e+02
     vertex -5.729830e+01 -3.895717e-01  1.687858e+02
     vertex -5.717504e+01 -5.128285e-01  1.687858e+02
   endloop
 endfacet
 facet normal  0.000000e+00  0.000000e+00  1.000000e+00
   outer loop
     vertex -4.570713e+01 -5.128285e-01  1.687858e+02
     vertex -5.717504e+01 -5.128285e-01  1.687858e+02
     vertex -5.707506e+01 -6.556161e-01  1.687858e+02
   endloop
 endfacet
 facet normal  0.000000e+00  0.000000e+00  1.000000e+00
   outer loop
     vertex -4.570713e+01 -5.128285e-01  1.687858e+02
     vertex -5.707506e+01 -6.556161e-01  1.687858e+02
     vertex -4.580711e+01 -6.556161e-01  1.687858e+02
   endloop
 endfacet
 facet normal -5.430254e-15 -5.430254e-15  1.000000e+00
   outer loop
     vertex -4.429830e+01 -1.921661e+00  1.687858e+02
     vertex -4.429830e+01 -1.238957e+01  1.687858e+02
     vertex -4.417504e+01 -1.251283e+01  1.687858e+02
   endloop
 endfacet
 facet normal  3.802305e-15 -5.430254e-15  1.000000e+00
   outer loop
     vertex -4.429830e+01 -1.921661e+00  1.687858e+02
     vertex -4.444109e+01 -2.021642e+00  1.687858e+02
     vertex -4.429830e+01 -1.238957e+01  1.687858e+02
   endloop
 endfacet
 facet normal  0.000000e+00  0.000000e+00  1.000000e+00
   outer loop
     vertex -4.558387e+01 -3.895717e-01  1.687858e+02
     vertex -5.729830e+01 -3.895717e-01  1.687858e+02
     vertex -4.570713e+01 -5.128285e-01  1.687858e+02
   endloop
 endfacet
 facet normal  5.305317e-15 -5.305317e-15  1.000000e+00
   outer loop
     vertex -4.417504e+01 -1.798404e+00  1.687858e+02
     vertex -4.429830e+01 -1.921661e+00  1.687858e+02
     vertex -4.417504e+01 -1.251283e+01  1.687858e+02
   endloop
 endfacet
 facet normal -4.004275e-15 -5.305317e-15  1.000000e+00
   outer loop
     vertex -4.417504e+01 -1.798404e+00  1.687858e+02
     vertex -4.417504e+01 -1.251283e+01  1.687858e+02
     vertex -4.054109e+01 -1.525562e+01  1.687858e+02
   endloop
 endfacet
 facet normal  0.000000e+00  0.000000e+00  1.000000e+00
   outer loop
     vertex -4.544109e+01 -2.895907e-01  1.687858e+02
     vertex -5.744109e+01 -2.895907e-01  1.687858e+02
     vertex -5.729830e+01 -3.895717e-01  1.687858e+02
   endloop
 endfacet
 facet normal  0.000000e+00  0.000000e+00  1.000000e+00
   outer loop
     vertex -4.544109e+01 -2.895907e-01  1.687858e+02
     vertex -5.729830e+01 -3.895717e-01  1.687858e+02
     vertex -4.558387e+01 -3.895717e-01  1.687858e+02
   endloop
 endfacet
 facet normal  2.648364e-15 -3.508853e-15  1.000000e+00
   outer loop
     vertex -4.054109e+01  9.443839e-01  1.687858e+02
     vertex -4.417504e+01 -1.798404e+00  1.687858e+02
     vertex -4.054109e+01 -1.525562e+01  1.687858e+02
   endloop
 endfacet
 facet normal  0.000000e+00  0.000000e+00  1.000000e+00
   outer loop
     vertex -4.054109e+01  9.443839e-01  1.687858e+02
     vertex -4.394109e+01 -1.155616e+00  1.687858e+02
     vertex -4.395628e+01 -1.329264e+00  1.687858e+02
   endloop
 endfacet
 facet normal  0.000000e+00  0.000000e+00  1.000000e+00
   outer loop
     vertex -4.054109e+01  9.443839e-01  1.687858e+02
     vertex -4.395628e+01 -1.329264e+00  1.687858e+02
     vertex -4.400139e+01 -1.497636e+00  1.687858e+02
   endloop
 endfacet
 facet normal  0.000000e+00  0.000000e+00  1.000000e+00
   outer loop
     vertex -4.054109e+01  9.443839e-01  1.687858e+02
     vertex -4.400139e+01 -1.497636e+00  1.687858e+02
     vertex -4.407506e+01 -1.655616e+00  1.687858e+02
   endloop
 endfacet
 facet normal  0.000000e+00  0.000000e+00  1.000000e+00
   outer loop
     vertex -4.054109e+01  9.443839e-01  1.687858e+02
     vertex -4.407506e+01 -1.655616e+00  1.687858e+02
     vertex -4.417504e+01 -1.798404e+00  1.687858e+02
   endloop
 endfacet
 facet normal  0.000000e+00  0.000000e+00  1.000000e+00
   outer loop
     vertex -4.054109e+01  9.443839e-01  1.687858e+02
     vertex -4.494109e+01 -1.556161e-01  1.687858e+02
     vertex -4.476744e+01 -1.708084e-01  1.687858e+02
   endloop
 endfacet
 facet normal  0.000000e+00  0.000000e+00  1.000000e+00
   outer loop
     vertex -4.054109e+01  9.443839e-01  1.687858e+02
     vertex -4.476744e+01 -1.708084e-01  1.687858e+02
     vertex -4.459907e+01 -2.159235e-01  1.687858e+02
   endloop
 endfacet
 facet normal  0.000000e+00  0.000000e+00  1.000000e+00
   outer loop
     vertex -4.054109e+01  9.443839e-01  1.687858e+02
     vertex -4.459907e+01 -2.159235e-01  1.687858e+02
     vertex -4.444109e+01 -2.895907e-01  1.687858e+02
   endloop
 endfacet
 facet normal  0.000000e+00  0.000000e+00  1.000000e+00
   outer loop
     vertex -4.054109e+01  9.443839e-01  1.687858e+02
     vertex -4.444109e+01 -2.895907e-01  1.687858e+02
     vertex -4.429830e+01 -3.895717e-01  1.687858e+02
   endloop
 endfacet
 facet normal  0.000000e+00  0.000000e+00  1.000000e+00
   outer loop
     vertex -4.054109e+01  9.443839e-01  1.687858e+02
     vertex -4.429830e+01 -3.895717e-01  1.687858e+02
     vertex -4.417504e+01 -5.128285e-01  1.687858e+02
   endloop
 endfacet
 facet normal  0.000000e+00  0.000000e+00  1.000000e+00
   outer loop
     vertex -4.054109e+01  9.443839e-01  1.687858e+02
     vertex -4.417504e+01 -5.128285e-01  1.687858e+02
     vertex -4.407506e+01 -6.556161e-01  1.687858e+02
   endloop
 endfacet
 facet normal  0.000000e+00  0.000000e+00  1.000000e+00
   outer loop
     vertex -4.054109e+01  9.443839e-01  1.687858e+02
     vertex -4.407506e+01 -6.556161e-01  1.687858e+02
     vertex -4.400139e+01 -8.135960e-01  1.687858e+02
   endloop
 endfacet
 facet normal  0.000000e+00  0.000000e+00  1.000000e+00
   outer loop
     vertex -4.054109e+01  9.443839e-01  1.687858e+02
     vertex -4.400139e+01 -8.135960e-01  1.687858e+02
     vertex -4.395628e+01 -9.819680e-01  1.687858e+02
   endloop
 endfacet
 facet normal  0.000000e+00  0.000000e+00  1.000000e+00
   outer loop
     vertex -4.054109e+01  9.443839e-01  1.687858e+02
     vertex -4.395628e+01 -9.819680e-01  1.687858e+02
     vertex -4.394109e+01 -1.155616e+00  1.687858e+02
   endloop
 endfacet
 facet normal  0.000000e+00  0.000000e+00  1.000000e+00
   outer loop
     vertex -4.054109e+01  9.443839e-01  1.687858e+02
     vertex -6.234109e+01  9.443839e-01  1.687858e+02
     vertex -5.794109e+01 -1.556161e-01  1.687858e+02
   endloop
 endfacet
 facet normal  0.000000e+00  0.000000e+00  1.000000e+00
   outer loop
     vertex -4.054109e+01  9.443839e-01  1.687858e+02
     vertex -5.794109e+01 -1.556161e-01  1.687858e+02
     vertex -5.776744e+01 -1.708084e-01  1.687858e+02
   endloop
 endfacet
 facet normal  0.000000e+00  0.000000e+00  1.000000e+00
   outer loop
     vertex -4.054109e+01  9.443839e-01  1.687858e+02
     vertex -5.776744e+01 -1.708084e-01  1.687858e+02
     vertex -5.759907e+01 -2.159235e-01  1.687858e+02
   endloop
 endfacet
 facet normal  0.000000e+00  0.000000e+00  1.000000e+00
   outer loop
     vertex -4.054109e+01  9.443839e-01  1.687858e+02
     vertex -5.759907e+01 -2.159235e-01  1.687858e+02
     vertex -5.744109e+01 -2.895907e-01  1.687858e+02
   endloop
 endfacet
 facet normal  0.000000e+00  0.000000e+00  1.000000e+00
   outer loop
     vertex -4.054109e+01  9.443839e-01  1.687858e+02
     vertex -5.744109e+01 -2.895907e-01  1.687858e+02
     vertex -4.494109e+01 -1.556161e-01  1.687858e+02
   endloop
 endfacet
 facet normal  0.000000e+00  0.000000e+00  1.000000e+00
   outer loop
     vertex -4.494109e+01 -1.556161e-01  1.687858e+02
     vertex -5.744109e+01 -2.895907e-01  1.687858e+02
     vertex -4.511473e+01 -1.708084e-01  1.687858e+02
   endloop
 endfacet
 facet normal  0.000000e+00  0.000000e+00  1.000000e+00
   outer loop
     vertex -4.511473e+01 -1.708084e-01  1.687858e+02
     vertex -5.744109e+01 -2.895907e-01  1.687858e+02
     vertex -4.528311e+01 -2.159235e-01  1.687858e+02
   endloop
 endfacet
 facet normal  0.000000e+00  0.000000e+00  1.000000e+00
   outer loop
     vertex -4.528311e+01 -2.159235e-01  1.687858e+02
     vertex -5.744109e+01 -2.895907e-01  1.687858e+02
     vertex -4.544109e+01 -2.895907e-01  1.687858e+02
   endloop
 endfacet
 facet normal -9.961989e-01 -8.710716e-02  3.400575e-06
   outer loop
     vertex -5.694109e+01 -1.315562e+01  1.687858e+02
     vertex -5.695628e+01 -1.298197e+01  1.662859e+02
     vertex -5.694109e+01 -1.315562e+01  1.662858e+02
   endloop
 endfacet
 facet normal -9.659258e-01 -2.588190e-01  1.038193e-12
   outer loop
     vertex -5.695628e+01 -1.298197e+01  1.687858e+02
     vertex -5.700139e+01 -1.281360e+01  1.662859e+02
     vertex -5.695628e+01 -1.298197e+01  1.662859e+02
   endloop
 endfacet
 facet normal -9.961947e-01 -8.715574e-02 -1.038629e-12
   outer loop
     vertex -5.695628e+01 -1.298197e+01  1.687858e+02
     vertex -5.695628e+01 -1.298197e+01  1.662859e+02
     vertex -5.694109e+01 -1.315562e+01  1.687858e+02
   endloop
 endfacet
 facet normal -9.063078e-01 -4.226183e-01  2.075691e-12
   outer loop
     vertex -5.700139e+01 -1.281360e+01  1.687858e+02
     vertex -5.707506e+01 -1.265562e+01  1.662859e+02
     vertex -5.700139e+01 -1.281360e+01  1.662859e+02
   endloop
 endfacet
 facet normal -9.659258e-01 -2.588190e-01 -2.078142e-12
   outer loop
     vertex -5.700139e+01 -1.281360e+01  1.687858e+02
     vertex -5.700139e+01 -1.281360e+01  1.662859e+02
     vertex -5.695628e+01 -1.298197e+01  1.687858e+02
   endloop
 endfacet
 facet normal -8.191520e-01 -5.735764e-01  3.113129e-12
   outer loop
     vertex -5.707506e+01 -1.265562e+01  1.687858e+02
     vertex -5.717504e+01 -1.251283e+01  1.662859e+02
     vertex -5.707506e+01 -1.265562e+01  1.662859e+02
   endloop
 endfacet
 facet normal -9.063078e-01 -4.226183e-01 -3.117709e-12
   outer loop
     vertex -5.707506e+01 -1.265562e+01  1.687858e+02
     vertex -5.707506e+01 -1.265562e+01  1.662859e+02
     vertex -5.700139e+01 -1.281360e+01  1.687858e+02
   endloop
 endfacet
 facet normal -7.071068e-01 -7.071068e-01  4.150638e-12
   outer loop
     vertex -5.717504e+01 -1.251283e+01  1.687858e+02
     vertex -5.729830e+01 -1.238957e+01  1.662859e+02
     vertex -5.717504e+01 -1.251283e+01  1.662859e+02
   endloop
 endfacet
 facet normal -8.191520e-01 -5.735764e-01 -4.157385e-12
   outer loop
     vertex -5.717504e+01 -1.251283e+01  1.687858e+02
     vertex -5.717504e+01 -1.251283e+01  1.662859e+02
     vertex -5.707506e+01 -1.265562e+01  1.687858e+02
   endloop
 endfacet
 facet normal -5.735764e-01 -8.191520e-01  5.191362e-12
   outer loop
     vertex -5.729830e+01 -1.238957e+01  1.687858e+02
     vertex -5.744109e+01 -1.228959e+01  1.662859e+02
     vertex -5.729830e+01 -1.238957e+01  1.662859e+02
   endloop
 endfacet
 facet normal -7.071068e-01 -7.071068e-01 -5.193196e-12
   outer loop
     vertex -5.729830e+01 -1.238957e+01  1.687858e+02
     vertex -5.729830e+01 -1.238957e+01  1.662859e+02
     vertex -5.717504e+01 -1.251283e+01  1.687858e+02
   endloop
 endfacet
 facet normal -4.226183e-01 -9.063078e-01  6.229108e-12
   outer loop
     vertex -5.744109e+01 -1.228959e+01  1.687858e+02
     vertex -5.759907e+01 -1.221592e+01  1.662859e+02
     vertex -5.744109e+01 -1.228959e+01  1.662859e+02
   endloop
 endfacet
 facet normal -5.735764e-01 -8.191520e-01 -6.232777e-12
   outer loop
     vertex -5.744109e+01 -1.228959e+01  1.687858e+02
     vertex -5.744109e+01 -1.228959e+01  1.662859e+02
     vertex -5.729830e+01 -1.238957e+01  1.687858e+02
   endloop
 endfacet
 facet normal -2.588190e-01 -9.659258e-01  7.267087e-12
   outer loop
     vertex -5.759907e+01 -1.221592e+01  1.687858e+02
     vertex -5.776744e+01 -1.217081e+01  1.662859e+02
     vertex -5.759907e+01 -1.221592e+01  1.662859e+02
   endloop
 endfacet
 facet normal -4.226183e-01 -9.063078e-01 -7.271573e-12
   outer loop
     vertex -5.759907e+01 -1.221592e+01  1.687858e+02
     vertex -5.759907e+01 -1.221592e+01  1.662859e+02
     vertex -5.744109e+01 -1.228959e+01  1.687858e+02
   endloop
 endfacet
 facet normal -8.715574e-02 -9.961947e-01  8.306409e-12
   outer loop
     vertex -5.776744e+01 -1.217081e+01  1.687858e+02
     vertex -5.794109e+01 -1.215562e+01  1.662859e+02
     vertex -5.776744e+01 -1.217081e+01  1.662859e+02
   endloop
 endfacet
 facet normal -2.588190e-01 -9.659258e-01 -8.309072e-12
   outer loop
     vertex -5.776744e+01 -1.217081e+01  1.687858e+02
     vertex -5.776744e+01 -1.217081e+01  1.662859e+02
     vertex -5.759907e+01 -1.221592e+01  1.687858e+02
   endloop
 endfacet
 facet normal  8.715574e-02 -9.961947e-01  9.345138e-12
   outer loop
     vertex -5.794109e+01 -1.215562e+01  1.687858e+02
     vertex -5.811473e+01 -1.217081e+01  1.662859e+02
     vertex -5.794109e+01 -1.215562e+01  1.662859e+02
   endloop
 endfacet
 facet normal -8.715574e-02 -9.961947e-01 -9.347970e-12
   outer loop
     vertex -5.794109e+01 -1.215562e+01  1.687858e+02
     vertex -5.794109e+01 -1.215562e+01  1.662859e+02
     vertex -5.776744e+01 -1.217081e+01  1.687858e+02
   endloop
 endfacet
 facet normal  2.588190e-01 -9.659258e-01  1.038239e-11
   outer loop
     vertex -5.811473e+01 -1.217081e+01  1.687858e+02
     vertex -5.828311e+01 -1.221592e+01  1.662859e+02
     vertex -5.811473e+01 -1.217081e+01  1.662859e+02
   endloop
 endfacet
 facet normal  8.715574e-02 -9.961947e-01 -1.038708e-11
   outer loop
     vertex -5.811473e+01 -1.217081e+01  1.687858e+02
     vertex -5.811473e+01 -1.217081e+01  1.662859e+02
     vertex -5.794109e+01 -1.215562e+01  1.687858e+02
   endloop
 endfacet
 facet normal  4.226183e-01 -9.063078e-01  1.142158e-11
   outer loop
     vertex -5.828311e+01 -1.221592e+01  1.687858e+02
     vertex -5.844109e+01 -1.228959e+01  1.662859e+02
     vertex -5.828311e+01 -1.221592e+01  1.662859e+02
   endloop
 endfacet
 facet normal  2.588190e-01 -9.659258e-01 -1.142538e-11
   outer loop
     vertex -5.828311e+01 -1.221592e+01  1.687858e+02
     vertex -5.828311e+01 -1.221592e+01  1.662859e+02
     vertex -5.811473e+01 -1.217081e+01  1.687858e+02
   endloop
 endfacet
 facet normal  5.735764e-01 -8.191520e-01  1.246043e-11
   outer loop
     vertex -5.844109e+01 -1.228959e+01  1.687858e+02
     vertex -5.858387e+01 -1.238957e+01  1.662859e+02
     vertex -5.844109e+01 -1.228959e+01  1.662859e+02
   endloop
 endfacet
 facet normal  4.226183e-01 -9.063078e-01 -1.246328e-11
   outer loop
     vertex -5.844109e+01 -1.228959e+01  1.687858e+02
     vertex -5.844109e+01 -1.228959e+01  1.662859e+02
     vertex -5.828311e+01 -1.221592e+01  1.687858e+02
   endloop
 endfacet
 facet normal  7.071068e-01 -7.071068e-01  1.349899e-11
   outer loop
     vertex -5.858387e+01 -1.238957e+01  1.687858e+02
     vertex -5.870713e+01 -1.251283e+01  1.662859e+02
     vertex -5.858387e+01 -1.238957e+01  1.662859e+02
   endloop
 endfacet
 facet normal  5.735764e-01 -8.191520e-01 -1.350194e-11
   outer loop
     vertex -5.858387e+01 -1.238957e+01  1.687858e+02
     vertex -5.858387e+01 -1.238957e+01  1.662859e+02
     vertex -5.844109e+01 -1.228959e+01  1.687858e+02
   endloop
 endfacet
 facet normal  8.191520e-01 -5.735764e-01  1.453726e-11
   outer loop
     vertex -5.870713e+01 -1.251283e+01  1.687858e+02
     vertex -5.880711e+01 -1.265562e+01  1.662859e+02
     vertex -5.870713e+01 -1.251283e+01  1.662859e+02
   endloop
 endfacet
 facet normal  7.071068e-01 -7.071068e-01 -1.454055e-11
   outer loop
     vertex -5.870713e+01 -1.251283e+01  1.687858e+02
     vertex -5.870713e+01 -1.251283e+01  1.662859e+02
     vertex -5.858387e+01 -1.238957e+01  1.687858e+02
   endloop
 endfacet
 facet normal  8.191520e-01 -5.735764e-01 -1.557793e-11
   outer loop
     vertex -5.880711e+01 -1.265562e+01  1.687858e+02
     vertex -5.880711e+01 -1.265562e+01  1.662859e+02
     vertex -5.870713e+01 -1.251283e+01  1.687858e+02
   endloop
 endfacet
 facet normal  9.063078e-01 -4.226183e-01  1.557691e-11
   outer loop
     vertex -5.880711e+01 -1.265562e+01  1.687858e+02
     vertex -5.888078e+01 -1.281360e+01  1.662859e+02
     vertex -5.880711e+01 -1.265562e+01  1.662859e+02
   endloop
 endfacet
 facet normal  9.063078e-01 -4.226183e-01 -1.661686e-11
   outer loop
     vertex -5.888078e+01 -1.281360e+01  1.687858e+02
     vertex -5.888078e+01 -1.281360e+01  1.662859e+02
     vertex -5.880711e+01 -1.265562e+01  1.687858e+02
   endloop
 endfacet
 facet normal  9.659258e-01 -2.588190e-01  1.661469e-11
   outer loop
     vertex -5.888078e+01 -1.281360e+01  1.687858e+02
     vertex -5.892589e+01 -1.298197e+01  1.662859e+02
     vertex -5.888078e+01 -1.281360e+01  1.662859e+02
   endloop
 endfacet
 facet normal  9.659258e-01 -2.588190e-01 -1.765332e-11
   outer loop
     vertex -5.892589e+01 -1.298197e+01  1.687858e+02
     vertex -5.892589e+01 -1.298197e+01  1.662859e+02
     vertex -5.888078e+01 -1.281360e+01  1.687858e+02
   endloop
 endfacet
 facet normal  9.961989e-01 -8.710716e-02  1.766516e-11
   outer loop
     vertex -5.892589e+01 -1.298197e+01  1.687858e+02
     vertex -5.894108e+01 -1.315562e+01  1.662858e+02
     vertex -5.892589e+01 -1.298197e+01  1.662859e+02
   endloop
 endfacet
 facet normal  9.961947e-01 -8.715574e-02  3.400544e-06
   outer loop
     vertex -5.894109e+01 -1.315562e+01  1.687858e+02
     vertex -5.894108e+01 -1.315562e+01  1.662858e+02
     vertex -5.892589e+01 -1.298197e+01  1.687858e+02
   endloop
 endfacet
 facet normal -9.961947e-01 -8.715574e-02 -8.741919e-15
   outer loop
     vertex -4.394109e+01 -1.315562e+01  1.687858e+02
     vertex -4.395628e+01 -1.298197e+01  1.662859e+02
     vertex -4.394109e+01 -1.315562e+01  1.662859e+02
   endloop
 endfacet
 facet normal -9.659258e-01 -2.588190e-01 -3.678099e-16
   outer loop
     vertex -4.395628e+01 -1.298197e+01  1.687858e+02
     vertex -4.400139e+01 -1.281360e+01  1.662859e+02
     vertex -4.395628e+01 -1.298197e+01  1.662859e+02
   endloop
 endfacet
 facet normal -9.961947e-01 -8.715574e-02 -1.238578e-16
   outer loop
     vertex -4.395628e+01 -1.298197e+01  1.687858e+02
     vertex -4.395628e+01 -1.298197e+01  1.662859e+02
     vertex -4.394109e+01 -1.315562e+01  1.687858e+02
   endloop
 endfacet
 facet normal -9.063078e-01 -4.226183e-01 -9.008795e-16
   outer loop
     vertex -4.400139e+01 -1.281360e+01  1.687858e+02
     vertex -4.407506e+01 -1.265562e+01  1.662859e+02
     vertex -4.400139e+01 -1.281360e+01  1.662859e+02
   endloop
 endfacet
 facet normal -9.659258e-01 -2.588190e-01 -5.517149e-16
   outer loop
     vertex -4.400139e+01 -1.281360e+01  1.687858e+02
     vertex -4.400139e+01 -1.281360e+01  1.662859e+02
     vertex -4.395628e+01 -1.298197e+01  1.687858e+02
   endloop
 endfacet
 facet normal -8.191520e-01 -5.735764e-01 -3.143322e-15
   outer loop
     vertex -4.407506e+01 -1.265562e+01  1.687858e+02
     vertex -4.417504e+01 -1.251283e+01  1.662859e+02
     vertex -4.407506e+01 -1.265562e+01  1.662859e+02
   endloop
 endfacet
 facet normal -9.063078e-01 -4.226183e-01 -3.176509e-15
   outer loop
     vertex -4.407506e+01 -1.265562e+01  1.687858e+02
     vertex -4.407506e+01 -1.265562e+01  1.662859e+02
     vertex -4.400139e+01 -1.281360e+01  1.687858e+02
   endloop
 endfacet
 facet normal -7.071068e-01 -7.071068e-01 -3.517064e-15
   outer loop
     vertex -4.417504e+01 -1.251283e+01  1.687858e+02
     vertex -4.429830e+01 -1.238957e+01  1.662859e+02
     vertex -4.417504e+01 -1.251283e+01  1.662859e+02
   endloop
 endfacet
 facet normal -8.191520e-01 -5.735764e-01 -3.550879e-15
   outer loop
     vertex -4.417504e+01 -1.251283e+01  1.687858e+02
     vertex -4.417504e+01 -1.251283e+01  1.662859e+02
     vertex -4.407506e+01 -1.265562e+01  1.687858e+02
   endloop
 endfacet
 facet normal -5.735764e-01 -8.191520e-01 -1.746156e-15
   outer loop
     vertex -4.429830e+01 -1.238957e+01  1.687858e+02
     vertex -4.444109e+01 -1.228959e+01  1.662859e+02
     vertex -4.429830e+01 -1.238957e+01  1.662859e+02
   endloop
 endfacet
 facet normal -7.071068e-01 -7.071068e-01 -1.507313e-15
   outer loop
     vertex -4.429830e+01 -1.238957e+01  1.687858e+02
     vertex -4.429830e+01 -1.238957e+01  1.662859e+02
     vertex -4.417504e+01 -1.251283e+01  1.687858e+02
   endloop
 endfacet
 facet normal -4.226183e-01 -9.063078e-01 -3.133115e-15
   outer loop
     vertex -4.444109e+01 -1.228959e+01  1.687858e+02
     vertex -4.459907e+01 -1.221592e+01  1.662859e+02
     vertex -4.444109e+01 -1.228959e+01  1.662859e+02
   endloop
 endfacet
 facet normal -5.735764e-01 -8.191520e-01 -3.376384e-15
   outer loop
     vertex -4.444109e+01 -1.228959e+01  1.687858e+02
     vertex -4.444109e+01 -1.228959e+01  1.662859e+02
     vertex -4.429830e+01 -1.238957e+01  1.687858e+02
   endloop
 endfacet
 facet normal -2.588190e-01 -9.659258e-01 -3.480990e-15
   outer loop
     vertex -4.459907e+01 -1.221592e+01  1.687858e+02
     vertex -4.476744e+01 -1.217081e+01  1.662859e+02
     vertex -4.459907e+01 -1.221592e+01  1.662859e+02
   endloop
 endfacet
 facet normal -4.226183e-01 -9.063078e-01 -3.777096e-15
   outer loop
     vertex -4.459907e+01 -1.221592e+01  1.687858e+02
     vertex -4.459907e+01 -1.221592e+01  1.662859e+02
     vertex -4.444109e+01 -1.228959e+01  1.687858e+02
   endloop
 endfacet
 facet normal -8.715574e-02 -9.961947e-01 -2.831401e-15
   outer loop
     vertex -4.476744e+01 -1.217081e+01  1.687858e+02
     vertex -4.494109e+01 -1.215562e+01  1.662859e+02
     vertex -4.476744e+01 -1.217081e+01  1.662859e+02
   endloop
 endfacet
 facet normal -2.588190e-01 -9.659258e-01 -2.745371e-15
   outer loop
     vertex -4.476744e+01 -1.217081e+01  1.687858e+02
     vertex -4.476744e+01 -1.217081e+01  1.662859e+02
     vertex -4.459907e+01 -1.221592e+01  1.687858e+02
   endloop
 endfacet
 facet normal  8.715574e-02 -9.961947e-01 -2.583686e-15
   outer loop
     vertex -4.494109e+01 -1.215562e+01  1.687858e+02
     vertex -4.511473e+01 -1.217081e+01  1.662859e+02
     vertex -4.494109e+01 -1.215562e+01  1.662859e+02
   endloop
 endfacet
 facet normal -8.715574e-02 -9.961947e-01 -3.079117e-15
   outer loop
     vertex -4.494109e+01 -1.215562e+01  1.687858e+02
     vertex -4.494109e+01 -1.215562e+01  1.662859e+02
     vertex -4.476744e+01 -1.217081e+01  1.687858e+02
   endloop
 endfacet
 facet normal  2.588190e-01 -9.659258e-01 -2.745371e-15
   outer loop
     vertex -4.511473e+01 -1.217081e+01  1.687858e+02
     vertex -4.528311e+01 -1.221592e+01  1.662859e+02
     vertex -4.511473e+01 -1.217081e+01  1.662859e+02
   endloop
 endfacet
 facet normal  8.715574e-02 -9.961947e-01 -2.831401e-15
   outer loop
     vertex -4.511473e+01 -1.217081e+01  1.687858e+02
     vertex -4.511473e+01 -1.217081e+01  1.662859e+02
     vertex -4.494109e+01 -1.215562e+01  1.687858e+02
   endloop
 endfacet
 facet normal  2.588190e-01 -9.659258e-01 -2.696093e-15
   outer loop
     vertex -4.528311e+01 -1.221592e+01  1.687858e+02
     vertex -4.528311e+01 -1.221592e+01  1.662859e+02
     vertex -4.511473e+01 -1.217081e+01  1.687858e+02
   endloop
 endfacet
 facet normal  4.226183e-01 -9.063078e-01 -1.374750e-15
   outer loop
     vertex -4.544109e+01 -1.228959e+01  1.687858e+02
     vertex -4.544109e+01 -1.228959e+01  1.662859e+02
     vertex -4.528311e+01 -1.221592e+01  1.662859e+02
   endloop
 endfacet
 facet normal  5.735764e-01 -8.191520e-01 -6.979791e-16
   outer loop
     vertex -4.544109e+01 -1.228959e+01  1.687858e+02
     vertex -4.558387e+01 -1.238957e+01  1.662859e+02
     vertex -4.544109e+01 -1.228959e+01  1.662859e+02
   endloop
 endfacet
 facet normal  4.226183e-01 -9.063078e-01 -2.018270e-15
   outer loop
     vertex -4.544109e+01 -1.228959e+01  1.687858e+02
     vertex -4.528311e+01 -1.221592e+01  1.662859e+02
     vertex -4.528311e+01 -1.221592e+01  1.687858e+02
   endloop
 endfacet
 facet normal  5.735764e-01 -8.191520e-01 -2.910260e-15
   outer loop
     vertex -4.558387e+01 -1.238957e+01  1.687858e+02
     vertex -4.558387e+01 -1.238957e+01  1.662859e+02
     vertex -4.544109e+01 -1.228959e+01  1.687858e+02
   endloop
 endfacet
 facet normal  7.071068e-01 -7.071068e-01 -2.512188e-15
   outer loop
     vertex -4.570713e+01 -1.251283e+01  1.687858e+02
     vertex -4.570713e+01 -1.251283e+01  1.662859e+02
     vertex -4.558387e+01 -1.238957e+01  1.662859e+02
   endloop
 endfacet
 facet normal  8.191520e-01 -5.735764e-01 -2.037786e-15
   outer loop
     vertex -4.570713e+01 -1.251283e+01  1.687858e+02
     vertex -4.580711e+01 -1.265562e+01  1.662859e+02
     vertex -4.570713e+01 -1.251283e+01  1.662859e+02
   endloop
 endfacet
 facet normal  7.071068e-01 -7.071068e-01 -2.511890e-15
   outer loop
     vertex -4.570713e+01 -1.251283e+01  1.687858e+02
     vertex -4.558387e+01 -1.238957e+01  1.662859e+02
     vertex -4.558387e+01 -1.238957e+01  1.687858e+02
   endloop
 endfacet
 facet normal  8.191520e-01 -5.735764e-01 -2.037786e-15
   outer loop
     vertex -4.580711e+01 -1.265562e+01  1.687858e+02
     vertex -4.580711e+01 -1.265562e+01  1.662859e+02
     vertex -4.570713e+01 -1.251283e+01  1.687858e+02
   endloop
 endfacet
 facet normal  9.063078e-01 -4.226183e-01 -1.501466e-15
   outer loop
     vertex -4.580711e+01 -1.265562e+01  1.687858e+02
     vertex -4.588078e+01 -1.281360e+01  1.662859e+02
     vertex -4.580711e+01 -1.265562e+01  1.662859e+02
   endloop
 endfacet
 facet normal  9.063078e-01 -4.226183e-01 -1.501466e-15
   outer loop
     vertex -4.588078e+01 -1.281360e+01  1.687858e+02
     vertex -4.588078e+01 -1.281360e+01  1.662859e+02
     vertex -4.580711e+01 -1.265562e+01  1.687858e+02
   endloop
 endfacet
 facet normal  9.659258e-01 -2.588190e-01 -9.195667e-16
   outer loop
     vertex -4.592589e+01 -1.298197e+01  1.687858e+02
     vertex -4.588078e+01 -1.281360e+01  1.662859e+02
     vertex -4.588078e+01 -1.281360e+01  1.687858e+02
   endloop
 endfacet
 facet normal  9.659258e-01 -2.588190e-01 -9.195248e-16
   outer loop
     vertex -4.592589e+01 -1.298197e+01  1.687858e+02
     vertex -4.592589e+01 -1.298197e+01  1.662859e+02
     vertex -4.588078e+01 -1.281360e+01  1.662859e+02
   endloop
 endfacet
 facet normal  9.961947e-01 -8.715574e-02 -3.096444e-16
   outer loop
     vertex -4.592589e+01 -1.298197e+01  1.687858e+02
     vertex -4.594109e+01 -1.315562e+01  1.662859e+02
     vertex -4.592589e+01 -1.298197e+01  1.662859e+02
   endloop
 endfacet
 facet normal  9.961947e-01 -8.715574e-02 -8.618061e-15
   outer loop
     vertex -4.594109e+01 -1.315562e+01  1.687858e+02
     vertex -4.594109e+01 -1.315562e+01  1.662859e+02
     vertex -4.592589e+01 -1.298197e+01  1.687858e+02
   endloop
 endfacet
 facet normal -9.961989e-01 -8.710716e-02  3.400575e-06
   outer loop
     vertex -5.694109e+01 -1.155616e+00  1.687858e+02
     vertex -5.695628e+01 -9.819680e-01  1.662859e+02
     vertex -5.694109e+01 -1.155616e+00  1.662858e+02
   endloop
 endfacet
 facet normal -9.659258e-01 -2.588190e-01  1.037859e-12
   outer loop
     vertex -5.695628e+01 -9.819680e-01  1.687858e+02
     vertex -5.700139e+01 -8.135960e-01  1.662859e+02
     vertex -5.695628e+01 -9.819680e-01  1.662859e+02
   endloop
 endfacet
 facet normal -9.961947e-01 -8.715574e-02 -1.038741e-12
   outer loop
     vertex -5.695628e+01 -9.819680e-01  1.687858e+02
     vertex -5.695628e+01 -9.819680e-01  1.662859e+02
     vertex -5.694109e+01 -1.155616e+00  1.687858e+02
   endloop
 endfacet
 facet normal -9.063078e-01 -4.226183e-01  2.075128e-12
   outer loop
     vertex -5.700139e+01 -8.135960e-01  1.687858e+02
     vertex -5.707506e+01 -6.556161e-01  1.662859e+02
     vertex -5.700139e+01 -8.135960e-01  1.662859e+02
   endloop
 endfacet
 facet normal -9.659258e-01 -2.588190e-01 -2.078487e-12
   outer loop
     vertex -5.700139e+01 -8.135960e-01  1.687858e+02
     vertex -5.700139e+01 -8.135960e-01  1.662859e+02
     vertex -5.695628e+01 -9.819680e-01  1.687858e+02
   endloop
 endfacet
 facet normal -8.191520e-01 -5.735764e-01  3.112517e-12
   outer loop
     vertex -5.707506e+01 -6.556161e-01  1.687858e+02
     vertex -5.717504e+01 -5.128285e-01  1.662859e+02
     vertex -5.707506e+01 -6.556161e-01  1.662859e+02
   endloop
 endfacet
 facet normal -9.063078e-01 -4.226183e-01 -3.118159e-12
   outer loop
     vertex -5.707506e+01 -6.556161e-01  1.687858e+02
     vertex -5.707506e+01 -6.556161e-01  1.662859e+02
     vertex -5.700139e+01 -8.135960e-01  1.687858e+02
   endloop
 endfacet
 facet normal -7.071068e-01 -7.071068e-01  4.151737e-12
   outer loop
     vertex -5.717504e+01 -5.128285e-01  1.687858e+02
     vertex -5.729830e+01 -3.895717e-01  1.662859e+02
     vertex -5.717504e+01 -5.128285e-01  1.662859e+02
   endloop
 endfacet
 facet normal -8.191520e-01 -5.735764e-01 -4.155796e-12
   outer loop
     vertex -5.717504e+01 -5.128285e-01  1.687858e+02
     vertex -5.717504e+01 -5.128285e-01  1.662859e+02
     vertex -5.707506e+01 -6.556161e-01  1.687858e+02
   endloop
 endfacet
 facet normal -5.735764e-01 -8.191520e-01  5.190307e-12
   outer loop
     vertex -5.729830e+01 -3.895717e-01  1.687858e+02
     vertex -5.744109e+01 -2.895907e-01  1.662859e+02
     vertex -5.729830e+01 -3.895717e-01  1.662859e+02
   endloop
 endfacet
 facet normal -7.071068e-01 -7.071068e-01 -5.194106e-12
   outer loop
     vertex -5.729830e+01 -3.895717e-01  1.687858e+02
     vertex -5.729830e+01 -3.895717e-01  1.662859e+02
     vertex -5.717504e+01 -5.128285e-01  1.687858e+02
   endloop
 endfacet
 facet normal -4.226183e-01 -9.063078e-01  6.227457e-12
   outer loop
     vertex -5.744109e+01 -2.895907e-01  1.687858e+02
     vertex -5.759907e+01 -2.159235e-01  1.662859e+02
     vertex -5.744109e+01 -2.895907e-01  1.662859e+02
   endloop
 endfacet
 facet normal -5.735764e-01 -8.191520e-01 -6.234269e-12
   outer loop
     vertex -5.744109e+01 -2.895907e-01  1.687858e+02
     vertex -5.744109e+01 -2.895907e-01  1.662859e+02
     vertex -5.729830e+01 -3.895717e-01  1.687858e+02
   endloop
 endfacet
 facet normal -2.588190e-01 -9.659258e-01  7.266143e-12
   outer loop
     vertex -5.759907e+01 -2.159235e-01  1.687858e+02
     vertex -5.776744e+01 -1.708084e-01  1.662859e+02
     vertex -5.759907e+01 -2.159235e-01  1.662859e+02
   endloop
 endfacet
 facet normal -4.226183e-01 -9.063078e-01 -7.272459e-12
   outer loop
     vertex -5.759907e+01 -2.159235e-01  1.687858e+02
     vertex -5.759907e+01 -2.159235e-01  1.662859e+02
     vertex -5.744109e+01 -2.895907e-01  1.687858e+02
   endloop
 endfacet
 facet normal -8.715574e-02 -9.961947e-01  8.304595e-12
   outer loop
     vertex -5.776744e+01 -1.708084e-01  1.687858e+02
     vertex -5.794109e+01 -1.556161e-01  1.662859e+02
     vertex -5.776744e+01 -1.708084e-01  1.662859e+02
   endloop
 endfacet
 facet normal -2.588190e-01 -9.659258e-01 -8.310831e-12
   outer loop
     vertex -5.776744e+01 -1.708084e-01  1.687858e+02
     vertex -5.776744e+01 -1.708084e-01  1.662859e+02
     vertex -5.759907e+01 -2.159235e-01  1.687858e+02
   endloop
 endfacet
 facet normal  8.715574e-02 -9.961947e-01  9.342855e-12
   outer loop
     vertex -5.794109e+01 -1.556161e-01  1.687858e+02
     vertex -5.811473e+01 -1.708084e-01  1.662859e+02
     vertex -5.794109e+01 -1.556161e-01  1.662859e+02
   endloop
 endfacet
 facet normal -8.715574e-02 -9.961947e-01 -9.349757e-12
   outer loop
     vertex -5.794109e+01 -1.556161e-01  1.687858e+02
     vertex -5.794109e+01 -1.556161e-01  1.662859e+02
     vertex -5.776744e+01 -1.708084e-01  1.687858e+02
   endloop
 endfacet
 facet normal  2.588190e-01 -9.659258e-01  1.038111e-11
   outer loop
     vertex -5.811473e+01 -1.708084e-01  1.687858e+02
     vertex -5.828311e+01 -2.159235e-01  1.662859e+02
     vertex -5.811473e+01 -1.708084e-01  1.662859e+02
   endloop
 endfacet
 facet normal  8.715574e-02 -9.961947e-01 -1.038841e-11
   outer loop
     vertex -5.811473e+01 -1.708084e-01  1.687858e+02
     vertex -5.811473e+01 -1.708084e-01  1.662859e+02
     vertex -5.794109e+01 -1.556161e-01  1.687858e+02
   endloop
 endfacet
 facet normal  4.226183e-01 -9.063078e-01  1.142070e-11
   outer loop
     vertex -5.828311e+01 -2.159235e-01  1.687858e+02
     vertex -5.844109e+01 -2.895907e-01  1.662859e+02
     vertex -5.828311e+01 -2.159235e-01  1.662859e+02
   endloop
 endfacet
 facet normal  2.588190e-01 -9.659258e-01 -1.142632e-11
   outer loop
     vertex -5.828311e+01 -2.159235e-01  1.687858e+02
     vertex -5.828311e+01 -2.159235e-01  1.662859e+02
     vertex -5.811473e+01 -1.708084e-01  1.687858e+02
   endloop
 endfacet
 facet normal  5.735764e-01 -8.191520e-01  1.245901e-11
   outer loop
     vertex -5.844109e+01 -2.895907e-01  1.687858e+02
     vertex -5.858387e+01 -3.895717e-01  1.662859e+02
     vertex -5.844109e+01 -2.895907e-01  1.662859e+02
   endloop
 endfacet
 facet normal  4.226183e-01 -9.063078e-01 -1.246485e-11
   outer loop
     vertex -5.844109e+01 -2.895907e-01  1.687858e+02
     vertex -5.844109e+01 -2.895907e-01  1.662859e+02
     vertex -5.828311e+01 -2.159235e-01  1.687858e+02
   endloop
 endfacet
 facet normal  7.071068e-01 -7.071068e-01  1.349855e-11
   outer loop
     vertex -5.858387e+01 -3.895717e-01  1.687858e+02
     vertex -5.870713e+01 -5.128285e-01  1.662859e+02
     vertex -5.858387e+01 -3.895717e-01  1.662859e+02
   endloop
 endfacet
 facet normal  5.735764e-01 -8.191520e-01 -1.350245e-11
   outer loop
     vertex -5.858387e+01 -3.895717e-01  1.687858e+02
     vertex -5.858387e+01 -3.895717e-01  1.662859e+02
     vertex -5.844109e+01 -2.895907e-01  1.687858e+02
   endloop
 endfacet
 facet normal  8.191520e-01 -5.735764e-01  1.453682e-11
   outer loop
     vertex -5.870713e+01 -5.128285e-01  1.687858e+02
     vertex -5.880711e+01 -6.556161e-01  1.662859e+02
     vertex -5.870713e+01 -5.128285e-01  1.662859e+02
   endloop
 endfacet
 facet normal  7.071068e-01 -7.071068e-01 -1.454108e-11
   outer loop
     vertex -5.870713e+01 -5.128285e-01  1.687858e+02
     vertex -5.870713e+01 -5.128285e-01  1.662859e+02
     vertex -5.858387e+01 -3.895717e-01  1.687858e+02
   endloop
 endfacet
 facet normal  8.191520e-01 -5.735764e-01 -1.557838e-11
   outer loop
     vertex -5.880711e+01 -6.556161e-01  1.687858e+02
     vertex -5.880711e+01 -6.556161e-01  1.662859e+02
     vertex -5.870713e+01 -5.128285e-01  1.687858e+02
   endloop
 endfacet
 facet normal  9.063078e-01 -4.226183e-01  1.557657e-11
   outer loop
     vertex -5.880711e+01 -6.556161e-01  1.687858e+02
     vertex -5.888078e+01 -8.135960e-01  1.662859e+02
     vertex -5.880711e+01 -6.556161e-01  1.662859e+02
   endloop
 endfacet
 facet normal  9.063078e-01 -4.226183e-01 -1.661759e-11
   outer loop
     vertex -5.888078e+01 -8.135960e-01  1.687858e+02
     vertex -5.888078e+01 -8.135960e-01  1.662859e+02
     vertex -5.880711e+01 -6.556161e-01  1.687858e+02
   endloop
 endfacet
 facet normal  9.659258e-01 -2.588190e-01  1.661424e-11
   outer loop
     vertex -5.888078e+01 -8.135960e-01  1.687858e+02
     vertex -5.892589e+01 -9.819680e-01  1.662859e+02
     vertex -5.888078e+01 -8.135960e-01  1.662859e+02
   endloop
 endfacet
 facet normal  9.659258e-01 -2.588190e-01 -1.765367e-11
   outer loop
     vertex -5.892589e+01 -9.819680e-01  1.687858e+02
     vertex -5.892589e+01 -9.819680e-01  1.662859e+02
     vertex -5.888078e+01 -8.135960e-01  1.687858e+02
   endloop
 endfacet
 facet normal  9.961989e-01 -8.710716e-02  1.766505e-11
   outer loop
     vertex -5.892589e+01 -9.819680e-01  1.687858e+02
     vertex -5.894108e+01 -1.155616e+00  1.662858e+02
     vertex -5.892589e+01 -9.819680e-01  1.662859e+02
   endloop
 endfacet
 facet normal  9.961947e-01 -8.715574e-02  3.400544e-06
   outer loop
     vertex -5.894109e+01 -1.155616e+00  1.687858e+02
     vertex -5.894108e+01 -1.155616e+00  1.662858e+02
     vertex -5.892589e+01 -9.819680e-01  1.687858e+02
   endloop
 endfacet
 facet normal -9.961947e-01 -8.715574e-02  2.521757e-15
   outer loop
     vertex -4.394109e+01 -1.155616e+00  1.687858e+02
     vertex -4.395628e+01 -9.819680e-01  1.662859e+02
     vertex -4.394109e+01 -1.155616e+00  1.662859e+02
   endloop
 endfacet
 facet normal -9.659258e-01 -2.588190e-01 -5.287267e-16
   outer loop
     vertex -4.395628e+01 -9.819680e-01  1.687858e+02
     vertex -4.400139e+01 -8.135960e-01  1.662859e+02
     vertex -4.395628e+01 -9.819680e-01  1.662859e+02
   endloop
 endfacet
 facet normal -9.961947e-01 -8.715574e-02 -1.780455e-16
   outer loop
     vertex -4.395628e+01 -9.819680e-01  1.687858e+02
     vertex -4.395628e+01 -9.819680e-01  1.662859e+02
     vertex -4.394109e+01 -1.155616e+00  1.687858e+02
   endloop
 endfacet
 facet normal -9.063078e-01 -4.226183e-01 -9.008795e-16
   outer loop
     vertex -4.400139e+01 -8.135960e-01  1.687858e+02
     vertex -4.407506e+01 -6.556161e-01  1.662859e+02
     vertex -4.400139e+01 -8.135960e-01  1.662859e+02
   endloop
 endfacet
 facet normal -9.659258e-01 -2.588190e-01 -5.517149e-16
   outer loop
     vertex -4.400139e+01 -8.135960e-01  1.687858e+02
     vertex -4.400139e+01 -8.135960e-01  1.662859e+02
     vertex -4.395628e+01 -9.819680e-01  1.687858e+02
   endloop
 endfacet
 facet normal -8.191520e-01 -5.735764e-01 -3.652768e-15
   outer loop
     vertex -4.407506e+01 -6.556161e-01  1.687858e+02
     vertex -4.417504e+01 -5.128285e-01  1.662859e+02
     vertex -4.407506e+01 -6.556161e-01  1.662859e+02
   endloop
 endfacet
 facet normal -9.063078e-01 -4.226183e-01 -3.551876e-15
   outer loop
     vertex -4.407506e+01 -6.556161e-01  1.687858e+02
     vertex -4.407506e+01 -6.556161e-01  1.662859e+02
     vertex -4.400139e+01 -8.135960e-01  1.687858e+02
   endloop
 endfacet
 facet normal -7.071068e-01 -7.071068e-01 -3.799685e-15
   outer loop
     vertex -4.417504e+01 -5.128285e-01  1.687858e+02
     vertex -4.429830e+01 -3.895717e-01  1.662859e+02
     vertex -4.417504e+01 -5.128285e-01  1.662859e+02
   endloop
 endfacet
 facet normal -8.191520e-01 -5.735764e-01 -3.780130e-15
   outer loop
     vertex -4.417504e+01 -5.128285e-01  1.687858e+02
     vertex -4.417504e+01 -5.128285e-01  1.662859e+02
     vertex -4.407506e+01 -6.556161e-01  1.687858e+02
   endloop
 endfacet
 facet normal -5.735764e-01 -8.191520e-01 -2.255451e-15
   outer loop
     vertex -4.429830e+01 -3.895717e-01  1.687858e+02
     vertex -4.444109e+01 -2.895907e-01  1.662859e+02
     vertex -4.429830e+01 -3.895717e-01  1.662859e+02
   endloop
 endfacet
 facet normal -7.071068e-01 -7.071068e-01 -1.946946e-15
   outer loop
     vertex -4.429830e+01 -3.895717e-01  1.687858e+02
     vertex -4.429830e+01 -3.895717e-01  1.662859e+02
     vertex -4.417504e+01 -5.128285e-01  1.687858e+02
   endloop
 endfacet
 facet normal -4.226183e-01 -9.063078e-01 -3.857593e-15
   outer loop
     vertex -4.444109e+01 -2.895907e-01  1.687858e+02
     vertex -4.459907e+01 -2.159235e-01  1.662859e+02
     vertex -4.444109e+01 -2.895907e-01  1.662859e+02
   endloop
 endfacet
 facet normal -5.735764e-01 -8.191520e-01 -4.031193e-15
   outer loop
     vertex -4.444109e+01 -2.895907e-01  1.687858e+02
     vertex -4.444109e+01 -2.895907e-01  1.662859e+02
     vertex -4.429830e+01 -3.895717e-01  1.687858e+02
   endloop
 endfacet
 facet normal -2.588190e-01 -9.659258e-01 -3.738369e-15
   outer loop
     vertex -4.459907e+01 -2.159235e-01  1.687858e+02
     vertex -4.476744e+01 -1.708084e-01  1.662859e+02
     vertex -4.459907e+01 -2.159235e-01  1.662859e+02
   endloop
 endfacet
 facet normal -4.226183e-01 -9.063078e-01 -4.018589e-15
   outer loop
     vertex -4.459907e+01 -2.159235e-01  1.687858e+02
     vertex -4.459907e+01 -2.159235e-01  1.662859e+02
     vertex -4.444109e+01 -2.895907e-01  1.687858e+02
   endloop
 endfacet
 facet normal -8.715574e-02 -9.961947e-01 -3.273808e-15
   outer loop
     vertex -4.476744e+01 -1.708084e-01  1.687858e+02
     vertex -4.494109e+01 -1.556161e-01  1.662859e+02
     vertex -4.476744e+01 -1.708084e-01  1.662859e+02
   endloop
 endfacet
 facet normal -2.588190e-01 -9.659258e-01 -3.174335e-15
   outer loop
     vertex -4.476744e+01 -1.708084e-01  1.687858e+02
     vertex -4.476744e+01 -1.708084e-01  1.662859e+02
     vertex -4.459907e+01 -2.159235e-01  1.687858e+02
   endloop
 endfacet
 facet normal -8.715574e-02 -9.961947e-01 -3.698486e-15
   outer loop
     vertex -4.494109e+01 -1.556161e-01  1.687858e+02
     vertex -4.494109e+01 -1.556161e-01  1.662859e+02
     vertex -4.476744e+01 -1.708084e-01  1.687858e+02
   endloop
 endfacet
 facet normal  8.715574e-02 -9.961947e-01 -3.539252e-15
   outer loop
     vertex -4.511473e+01 -1.708084e-01  1.687858e+02
     vertex -4.511473e+01 -1.708084e-01  1.662859e+02
     vertex -4.494109e+01 -1.556161e-01  1.662859e+02
   endloop
 endfacet
 facet normal  2.588190e-01 -9.659258e-01 -3.431713e-15
   outer loop
     vertex -4.511473e+01 -1.708084e-01  1.687858e+02
     vertex -4.528311e+01 -2.159235e-01  1.662859e+02
     vertex -4.511473e+01 -1.708084e-01  1.662859e+02
   endloop
 endfacet
 facet normal  8.715574e-02 -9.961947e-01 -3.203555e-15
   outer loop
     vertex -4.511473e+01 -1.708084e-01  1.687858e+02
     vertex -4.494109e+01 -1.556161e-01  1.662859e+02
     vertex -4.494109e+01 -1.556161e-01  1.687858e+02
   endloop
 endfacet
 facet normal  2.588190e-01 -9.659258e-01 -2.824783e-15
   outer loop
     vertex -4.528311e+01 -2.159235e-01  1.687858e+02
     vertex -4.528311e+01 -2.159235e-01  1.662859e+02
     vertex -4.511473e+01 -1.708084e-01  1.687858e+02
   endloop
 endfacet
 facet normal  4.226183e-01 -9.063078e-01 -2.219975e-15
   outer loop
     vertex -4.544109e+01 -2.895907e-01  1.687858e+02
     vertex -4.544109e+01 -2.895907e-01  1.662859e+02
     vertex -4.528311e+01 -2.159235e-01  1.662859e+02
   endloop
 endfacet
 facet normal  4.226183e-01 -9.063078e-01 -2.137694e-15
   outer loop
     vertex -4.544109e+01 -2.895907e-01  1.687858e+02
     vertex -4.528311e+01 -2.159235e-01  1.662859e+02
     vertex -4.528311e+01 -2.159235e-01  1.687858e+02
   endloop
 endfacet
 facet normal  5.735764e-01 -8.191520e-01 -3.164907e-15
   outer loop
     vertex -4.558387e+01 -3.895717e-01  1.687858e+02
     vertex -4.558387e+01 -3.895717e-01  1.662859e+02
     vertex -4.544109e+01 -2.895907e-01  1.662859e+02
   endloop
 endfacet
 facet normal  7.071068e-01 -7.071068e-01 -2.732005e-15
   outer loop
     vertex -4.558387e+01 -3.895717e-01  1.687858e+02
     vertex -4.570713e+01 -5.128285e-01  1.662859e+02
     vertex -4.558387e+01 -3.895717e-01  1.662859e+02
   endloop
 endfacet
 facet normal  5.735764e-01 -8.191520e-01 -1.464937e-15
   outer loop
     vertex -4.558387e+01 -3.895717e-01  1.687858e+02
     vertex -4.544109e+01 -2.895907e-01  1.662859e+02
     vertex -4.544109e+01 -2.895907e-01  1.687858e+02
   endloop
 endfacet
 facet normal  8.191520e-01 -5.735764e-01 -2.267037e-15
   outer loop
     vertex -4.570713e+01 -5.128285e-01  1.687858e+02
     vertex -4.580711e+01 -6.556161e-01  1.662859e+02
     vertex -4.570713e+01 -5.128285e-01  1.662859e+02
   endloop
 endfacet
 facet normal  7.071068e-01 -7.071068e-01 -2.794810e-15
   outer loop
     vertex -4.570713e+01 -5.128285e-01  1.687858e+02
     vertex -4.570713e+01 -5.128285e-01  1.662859e+02
     vertex -4.558387e+01 -3.895717e-01  1.687858e+02
   endloop
 endfacet
 facet normal  8.191520e-01 -5.735764e-01 -2.292509e-15
   outer loop
     vertex -4.580711e+01 -6.556161e-01  1.687858e+02
     vertex -4.580711e+01 -6.556161e-01  1.662859e+02
     vertex -4.570713e+01 -5.128285e-01  1.687858e+02
   endloop
 endfacet
 facet normal  9.063078e-01 -4.226183e-01 -1.687863e-15
   outer loop
     vertex -4.588078e+01 -8.135960e-01  1.687858e+02
     vertex -4.580711e+01 -6.556161e-01  1.662859e+02
     vertex -4.580711e+01 -6.556161e-01  1.687858e+02
   endloop
 endfacet
 facet normal  9.063078e-01 -4.226183e-01 -1.707917e-15
   outer loop
     vertex -4.588078e+01 -8.135960e-01  1.687858e+02
     vertex -4.588078e+01 -8.135960e-01  1.662859e+02
     vertex -4.580711e+01 -6.556161e-01  1.662859e+02
   endloop
 endfacet
 facet normal  9.659258e-01 -2.588190e-01 -1.045959e-15
   outer loop
     vertex -4.588078e+01 -8.135960e-01  1.687858e+02
     vertex -4.592589e+01 -9.819680e-01  1.662859e+02
     vertex -4.588078e+01 -8.135960e-01  1.662859e+02
   endloop
 endfacet
 facet normal  9.659258e-01 -2.588190e-01 -1.057453e-15
   outer loop
     vertex -4.592589e+01 -9.819680e-01  1.687858e+02
     vertex -4.592589e+01 -9.819680e-01  1.662859e+02
     vertex -4.588078e+01 -8.135960e-01  1.687858e+02
   endloop
 endfacet
 facet normal  9.961947e-01 -8.715574e-02 -3.560910e-16
   outer loop
     vertex -4.592589e+01 -9.819680e-01  1.687858e+02
     vertex -4.594109e+01 -1.155616e+00  1.662859e+02
     vertex -4.592589e+01 -9.819680e-01  1.662859e+02
   endloop
 endfacet
 facet normal  9.961947e-01 -8.715574e-02  2.684320e-15
   outer loop
     vertex -4.594109e+01 -1.155616e+00  1.687858e+02
     vertex -4.594109e+01 -1.155616e+00  1.662859e+02
     vertex -4.592589e+01 -9.819680e-01  1.687858e+02
   endloop
 endfacet
 facet normal -2.473526e-15  7.071068e-01  7.071068e-01
   outer loop
     vertex -4.054109e+01  1.344384e+00  1.683858e+02
     vertex -6.234109e+01  9.443839e-01  1.687858e+02
     vertex -4.054109e+01  9.443839e-01  1.687858e+02
   endloop
 endfacet
 facet normal -2.477577e-15  7.071068e-01  7.071068e-01
   outer loop
     vertex -4.054109e+01  1.344384e+00  1.683858e+02
     vertex -6.234109e+01  1.344384e+00  1.683858e+02
     vertex -6.234109e+01  9.443839e-01  1.687858e+02
   endloop
 endfacet
 facet normal  1.000000e+00  0.000000e+00  0.000000e+00
   outer loop
     vertex -4.054109e+01 -1.535562e+01  1.624858e+02
     vertex -4.054109e+01 -1.565562e+01  1.626858e+02
     vertex -4.054109e+01 -1.525562e+01  1.622858e+02
   endloop
 endfacet
 facet normal  1.000000e+00  0.000000e+00  0.000000e+00
   outer loop
     vertex -4.054109e+01 -1.515562e+01  1.622858e+02
     vertex -4.054109e+01 -1.535562e+01  1.624858e+02
     vertex -4.054109e+01 -1.525562e+01  1.622858e+02
   endloop
 endfacet
 facet normal  1.000000e+00  0.000000e+00  0.000000e+00
   outer loop
     vertex -4.054109e+01 -1.535562e+01  1.682858e+02
     vertex -4.054109e+01 -1.565562e+01  1.683858e+02
     vertex -4.054109e+01 -1.565562e+01  1.626858e+02
   endloop
 endfacet
 facet normal  1.000000e+00  0.000000e+00  0.000000e+00
   outer loop
     vertex -4.054109e+01 -1.535562e+01  1.682858e+02
     vertex -4.054109e+01 -1.565562e+01  1.626858e+02
     vertex -4.054109e+01 -1.535562e+01  1.624858e+02
   endloop
 endfacet
 facet normal  1.000000e+00  0.000000e+00  0.000000e+00
   outer loop
     vertex -4.054109e+01 -1.515562e+01  1.684858e+02
     vertex -4.054109e+01 -1.565562e+01  1.683858e+02
     vertex -4.054109e+01 -1.535562e+01  1.682858e+02
   endloop
 endfacet
 facet normal  1.000000e+00  0.000000e+00  0.000000e+00
   outer loop
     vertex -4.054109e+01 -1.525562e+01  1.687858e+02
     vertex -4.054109e+01 -1.565562e+01  1.683858e+02
     vertex -4.054109e+01 -1.515562e+01  1.684858e+02
   endloop
 endfacet
 facet normal  1.000000e+00  0.000000e+00  0.000000e+00
   outer loop
     vertex -4.054109e+01  1.044384e+00  1.682858e+02
     vertex -4.054109e+01  1.132252e+00  1.651980e+02
     vertex -4.054109e+01  1.229579e+00  1.652630e+02
   endloop
 endfacet
 facet normal  1.000000e+00  0.000000e+00  0.000000e+00
   outer loop
     vertex -4.054109e+01  1.044384e+00  1.682858e+02
     vertex -4.054109e+01  1.229579e+00  1.652630e+02
     vertex -4.054109e+01  1.344384e+00  1.652858e+02
   endloop
 endfacet
 facet normal  1.000000e+00  3.552714e-15  1.184238e-15
   outer loop
     vertex -4.054109e+01  8.443839e-01  1.684858e+02
     vertex -4.054109e+01 -1.525562e+01  1.687858e+02
     vertex -4.054109e+01 -1.515562e+01  1.684858e+02
   endloop
 endfacet
 facet normal  1.000000e+00  0.000000e+00  0.000000e+00
   outer loop
     vertex -4.054109e+01  1.344384e+00  1.683858e+02
     vertex -4.054109e+01  1.044384e+00  1.682858e+02
     vertex -4.054109e+01  1.344384e+00  1.652858e+02
   endloop
 endfacet
 facet normal  1.000000e+00  0.000000e+00  0.000000e+00
   outer loop
     vertex -4.054109e+01  9.443839e-01  1.687858e+02
     vertex -4.054109e+01  8.443839e-01  1.684858e+02
     vertex -4.054109e+01  1.044384e+00  1.682858e+02
   endloop
 endfacet
 facet normal  1.000000e+00  0.000000e+00  0.000000e+00
   outer loop
     vertex -4.054109e+01  9.443839e-01  1.687858e+02
     vertex -4.054109e+01  1.044384e+00  1.682858e+02
     vertex -4.054109e+01  1.344384e+00  1.683858e+02
   endloop
 endfacet
 facet normal  1.000000e+00  3.508853e-15 -1.169618e-15
   outer loop
     vertex -4.054109e+01  9.443839e-01  1.687858e+02
     vertex -4.054109e+01 -1.525562e+01  1.687858e+02
     vertex -4.054109e+01  8.443839e-01  1.684858e+02
   endloop
 endfacet
 facet normal  1.000000e+00  0.000000e+00  0.000000e+00
   outer loop
     vertex -4.054109e+01  1.044384e+00  1.682858e+02
     vertex -4.054109e+01  1.044384e+00  1.649858e+02
     vertex -4.054109e+01  1.067220e+00  1.651006e+02
   endloop
 endfacet
 facet normal  1.000000e+00  0.000000e+00  0.000000e+00
   outer loop
     vertex -4.054109e+01  1.044384e+00  1.682858e+02
     vertex -4.054109e+01  1.067220e+00  1.651006e+02
     vertex -4.054109e+01  1.132252e+00  1.651980e+02
   endloop
 endfacet
 facet normal  2.419959e-15 -7.071068e-01  7.071068e-01
   outer loop
     vertex -4.054109e+01 -1.565562e+01  1.683858e+02
     vertex -6.234109e+01 -1.525562e+01  1.687858e+02
     vertex -6.234109e+01 -1.565562e+01  1.683858e+02
   endloop
 endfacet
 facet normal  2.477577e-15 -7.071068e-01  7.071068e-01
   outer loop
     vertex -4.054109e+01 -1.525562e+01  1.687858e+02
     vertex -6.234109e+01 -1.525562e+01  1.687858e+02
     vertex -4.054109e+01 -1.565562e+01  1.683858e+02
   endloop
 endfacet
 facet normal -1.000000e+00  0.000000e+00  0.000000e+00
   outer loop
     vertex -6.234109e+01  1.044384e+00  1.682858e+02
     vertex -6.234109e+01  1.344384e+00  1.683858e+02
     vertex -6.234109e+01  1.344384e+00  1.652858e+02
   endloop
 endfacet
 facet normal -1.000000e+00  0.000000e+00  0.000000e+00
   outer loop
     vertex -6.234109e+01  1.044384e+00  1.682858e+02
     vertex -6.234109e+01  1.344384e+00  1.652858e+02
     vertex -6.234109e+01  1.229579e+00  1.652630e+02
   endloop
 endfacet
 facet normal -1.000000e+00  0.000000e+00  0.000000e+00
   outer loop
     vertex -6.234109e+01  1.044384e+00  1.682858e+02
     vertex -6.234109e+01  1.229579e+00  1.652630e+02
     vertex -6.234109e+01  1.132252e+00  1.651980e+02
   endloop
 endfacet
 facet normal -1.000000e+00  0.000000e+00  0.000000e+00
   outer loop
     vertex -6.234109e+01  8.443839e-01  1.684858e+02
     vertex -6.234109e+01  1.344384e+00  1.683858e+02
     vertex -6.234109e+01  1.044384e+00  1.682858e+02
   endloop
 endfacet
 facet normal -1.000000e+00  0.000000e+00 -0.000000e+00
   outer loop
     vertex -6.234109e+01  9.443839e-01  1.687858e+02
     vertex -6.234109e+01  1.344384e+00  1.683858e+02
     vertex -6.234109e+01  8.443839e-01  1.684858e+02
   endloop
 endfacet
 facet normal -1.000000e+00  0.000000e+00  0.000000e+00
   outer loop
     vertex -6.234109e+01 -1.535562e+01  1.624858e+02
     vertex -6.234109e+01 -1.515562e+01  1.622858e+02
     vertex -6.234109e+01 -1.525562e+01  1.622858e+02
   endloop
 endfacet
 facet normal -1.000000e+00  0.000000e+00  0.000000e+00
   outer loop
     vertex -6.234109e+01 -1.565562e+01  1.626858e+02
     vertex -6.234109e+01 -1.535562e+01  1.624858e+02
     vertex -6.234109e+01 -1.525562e+01  1.622858e+02
   endloop
 endfacet
 facet normal -1.000000e+00  0.000000e+00 -0.000000e+00
   outer loop
     vertex -6.234109e+01 -1.535562e+01  1.682858e+02
     vertex -6.234109e+01 -1.535562e+01  1.624858e+02
     vertex -6.234109e+01 -1.565562e+01  1.626858e+02
   endloop
 endfacet
 facet normal -1.000000e+00 -3.108624e-15  1.036208e-15
   outer loop
     vertex -6.234109e+01 -1.515562e+01  1.684858e+02
     vertex -6.234109e+01  9.443839e-01  1.687858e+02
     vertex -6.234109e+01  8.443839e-01  1.684858e+02
   endloop
 endfacet
 facet normal -1.000000e+00 -3.070246e-15 -1.023415e-15
   outer loop
     vertex -6.234109e+01 -1.525562e+01  1.687858e+02
     vertex -6.234109e+01  9.443839e-01  1.687858e+02
     vertex -6.234109e+01 -1.515562e+01  1.684858e+02
   endloop
 endfacet
 facet normal -1.000000e+00  0.000000e+00  0.000000e+00
   outer loop
     vertex -6.234109e+01 -1.565562e+01  1.683858e+02
     vertex -6.234109e+01 -1.515562e+01  1.684858e+02
     vertex -6.234109e+01 -1.535562e+01  1.682858e+02
   endloop
 endfacet
 facet normal -1.000000e+00  0.000000e+00  0.000000e+00
   outer loop
     vertex -6.234109e+01 -1.565562e+01  1.683858e+02
     vertex -6.234109e+01 -1.535562e+01  1.682858e+02
     vertex -6.234109e+01 -1.565562e+01  1.626858e+02
   endloop
 endfacet
 facet normal -1.000000e+00  0.000000e+00  0.000000e+00
   outer loop
     vertex -6.234109e+01 -1.565562e+01  1.683858e+02
     vertex -6.234109e+01 -1.525562e+01  1.687858e+02
     vertex -6.234109e+01 -1.515562e+01  1.684858e+02
   endloop
 endfacet
 facet normal -1.000000e+00  0.000000e+00  0.000000e+00
   outer loop
     vertex -6.234109e+01  1.044384e+00  1.649858e+02
     vertex -6.234109e+01  1.044384e+00  1.682858e+02
     vertex -6.234109e+01  1.067220e+00  1.651006e+02
   endloop
 endfacet
 facet normal -1.000000e+00  0.000000e+00  0.000000e+00
   outer loop
     vertex -6.234109e+01  1.067220e+00  1.651006e+02
     vertex -6.234109e+01  1.044384e+00  1.682858e+02
     vertex -6.234109e+01  1.132252e+00  1.651980e+02
   endloop
 endfacet
 facet normal -6.170539e-01 -3.562562e-01  7.016595e-01
   outer loop
     vertex -5.768574e+01 -1.294135e+01  1.656192e+02
     vertex -5.794109e+01 -1.315562e+01  1.652858e+02
     vertex -5.762786e+01 -1.304161e+01  1.656192e+02
   endloop
 endfacet
 facet normal -4.579942e-01 -5.458162e-01  7.016595e-01
   outer loop
     vertex -5.777442e+01 -1.286694e+01  1.656192e+02
     vertex -5.794109e+01 -1.315562e+01  1.652858e+02
     vertex -5.768574e+01 -1.294135e+01  1.656192e+02
   endloop
 endfacet
 facet normal -7.016788e-01 -1.237599e-01  7.016625e-01
   outer loop
     vertex -5.731462e+01 -1.292760e+01  1.659525e+02
     vertex -5.794109e+01 -1.315562e+01  1.652858e+02
     vertex -5.694109e+01 -1.315562e+01  1.662858e+02
   endloop
 endfacet
 facet normal -6.847426e-01 -5.998065e-02  7.263125e-01
   outer loop
     vertex -5.731462e+01 -1.292760e+01  1.659525e+02
     vertex -5.694109e+01 -1.315562e+01  1.662858e+02
     vertex -5.695628e+01 -1.298197e+01  1.662859e+02
   endloop
 endfacet
 facet normal -6.843272e-01 -1.833649e-01  7.057433e-01
   outer loop
     vertex -5.731462e+01 -1.292760e+01  1.659525e+02
     vertex -5.695628e+01 -1.298197e+01  1.662859e+02
     vertex -5.700139e+01 -1.281360e+01  1.662859e+02
   endloop
 endfacet
 facet normal -6.420897e-01 -2.994114e-01  7.057433e-01
   outer loop
     vertex -5.731462e+01 -1.292760e+01  1.659525e+02
     vertex -5.700139e+01 -1.281360e+01  1.662859e+02
     vertex -5.707506e+01 -1.265562e+01  1.662859e+02
   endloop
 endfacet
 facet normal -4.444785e-01  8.885353e-01  1.137716e-01
   outer loop
     vertex -5.731462e+01 -1.292760e+01  1.659525e+02
     vertex -5.762786e+01 -1.304161e+01  1.656192e+02
     vertex -5.794109e+01 -1.315562e+01  1.652858e+02
   endloop
 endfacet
 facet normal -2.436936e-01 -6.695427e-01  7.016595e-01
   outer loop
     vertex -5.788320e+01 -1.282735e+01  1.656192e+02
     vertex -5.794109e+01 -1.315562e+01  1.652858e+02
     vertex -5.777442e+01 -1.286694e+01  1.656192e+02
   endloop
 endfacet
 facet normal -5.803427e-01 -4.063603e-01  7.057433e-01
   outer loop
     vertex -5.743039e+01 -1.272709e+01  1.659525e+02
     vertex -5.707506e+01 -1.265562e+01  1.662859e+02
     vertex -5.717504e+01 -1.251283e+01  1.662859e+02
   endloop
 endfacet
 facet normal -5.009623e-01 -5.009623e-01  7.057433e-01
   outer loop
     vertex -5.743039e+01 -1.272709e+01  1.659525e+02
     vertex -5.717504e+01 -1.251283e+01  1.662859e+02
     vertex -5.729830e+01 -1.238957e+01  1.662859e+02
   endloop
 endfacet
 facet normal -6.170539e-01 -3.562562e-01  7.016595e-01
   outer loop
     vertex -5.743039e+01 -1.272709e+01  1.659525e+02
     vertex -5.762786e+01 -1.304161e+01  1.656192e+02
     vertex -5.731462e+01 -1.292760e+01  1.659525e+02
   endloop
 endfacet
 facet normal -6.170539e-01 -3.562562e-01  7.016595e-01
   outer loop
     vertex -5.743039e+01 -1.272709e+01  1.659525e+02
     vertex -5.768574e+01 -1.294135e+01  1.656192e+02
     vertex -5.762786e+01 -1.304161e+01  1.656192e+02
   endloop
 endfacet
 facet normal -6.031533e-01 -3.482307e-01  7.175942e-01
   outer loop
     vertex -5.743039e+01 -1.272709e+01  1.659525e+02
     vertex -5.731462e+01 -1.292760e+01  1.659525e+02
     vertex -5.707506e+01 -1.265562e+01  1.662859e+02
   endloop
 endfacet
 facet normal  0.000000e+00  0.000000e+00  0.000000e+00
   outer loop
     vertex -5.799897e+01 -1.282735e+01  1.656192e+02
     vertex -5.794109e+01 -1.315562e+01  1.652858e+02
     vertex -5.794109e+01 -1.315562e+01  1.652858e+02
   endloop
 endfacet
 facet normal -1.093311e-14 -7.125124e-01  7.016595e-01
   outer loop
     vertex -5.799897e+01 -1.282735e+01  1.656192e+02
     vertex -5.794109e+01 -1.315562e+01  1.652858e+02
     vertex -5.788320e+01 -1.282735e+01  1.656192e+02
   endloop
 endfacet
 facet normal -4.063603e-01 -5.803427e-01  7.057433e-01
   outer loop
     vertex -5.760775e+01 -1.257827e+01  1.659525e+02
     vertex -5.729830e+01 -1.238957e+01  1.662859e+02
     vertex -5.744109e+01 -1.228959e+01  1.662859e+02
   endloop
 endfacet
 facet normal -2.994114e-01 -6.420897e-01  7.057433e-01
   outer loop
     vertex -5.760775e+01 -1.257827e+01  1.659525e+02
     vertex -5.744109e+01 -1.228959e+01  1.662859e+02
     vertex -5.759907e+01 -1.221592e+01  1.662859e+02
   endloop
 endfacet
 facet normal -4.579942e-01 -5.458162e-01  7.016595e-01
   outer loop
     vertex -5.760775e+01 -1.257827e+01  1.659525e+02
     vertex -5.768574e+01 -1.294135e+01  1.656192e+02
     vertex -5.743039e+01 -1.272709e+01  1.659525e+02
   endloop
 endfacet
 facet normal -4.579942e-01 -5.458162e-01  7.016595e-01
   outer loop
     vertex -5.760775e+01 -1.257827e+01  1.659525e+02
     vertex -5.777442e+01 -1.286694e+01  1.656192e+02
     vertex -5.768574e+01 -1.294135e+01  1.656192e+02
   endloop
 endfacet
 facet normal -4.476768e-01 -5.335204e-01  7.175942e-01
   outer loop
     vertex -5.760775e+01 -1.257827e+01  1.659525e+02
     vertex -5.743039e+01 -1.272709e+01  1.659525e+02
     vertex -5.729830e+01 -1.238957e+01  1.662859e+02
   endloop
 endfacet
 facet normal  2.436936e-01 -6.695427e-01  7.016595e-01
   outer loop
     vertex -5.810775e+01 -1.286694e+01  1.656192e+02
     vertex -5.794109e+01 -1.315562e+01  1.652858e+02
     vertex -5.799897e+01 -1.282735e+01  1.656192e+02
   endloop
 endfacet
 facet normal -1.833649e-01 -6.843272e-01  7.057433e-01
   outer loop
     vertex -5.782532e+01 -1.249908e+01  1.659525e+02
     vertex -5.759907e+01 -1.221592e+01  1.662859e+02
     vertex -5.776744e+01 -1.217081e+01  1.662859e+02
   endloop
 endfacet
 facet normal -6.174702e-02 -7.057717e-01  7.057433e-01
   outer loop
     vertex -5.782532e+01 -1.249908e+01  1.659525e+02
     vertex -5.776744e+01 -1.217081e+01  1.662859e+02
     vertex -5.794109e+01 -1.215562e+01  1.662859e+02
   endloop
 endfacet
 facet normal -2.436936e-01 -6.695427e-01  7.016595e-01
   outer loop
     vertex -5.782532e+01 -1.249908e+01  1.659525e+02
     vertex -5.788320e+01 -1.282735e+01  1.656192e+02
     vertex -5.777442e+01 -1.286694e+01  1.656192e+02
   endloop
 endfacet
 facet normal -2.382038e-01 -6.544597e-01  7.175942e-01
   outer loop
     vertex -5.782532e+01 -1.249908e+01  1.659525e+02
     vertex -5.760775e+01 -1.257827e+01  1.659525e+02
     vertex -5.759907e+01 -1.221592e+01  1.662859e+02
   endloop
 endfacet
 facet normal -2.436936e-01 -6.695427e-01  7.016595e-01
   outer loop
     vertex -5.782532e+01 -1.249908e+01  1.659525e+02
     vertex -5.777442e+01 -1.286694e+01  1.656192e+02
     vertex -5.760775e+01 -1.257827e+01  1.659525e+02
   endloop
 endfacet
 facet normal  4.579942e-01 -5.458162e-01  7.016595e-01
   outer loop
     vertex -5.819643e+01 -1.294135e+01  1.656192e+02
     vertex -5.794109e+01 -1.315562e+01  1.652858e+02
     vertex -5.810775e+01 -1.286694e+01  1.656192e+02
   endloop
 endfacet
 facet normal  6.174702e-02 -7.057717e-01  7.057433e-01
   outer loop
     vertex -5.805685e+01 -1.249908e+01  1.659525e+02
     vertex -5.794109e+01 -1.215562e+01  1.662859e+02
     vertex -5.811473e+01 -1.217081e+01  1.662859e+02
   endloop
 endfacet
 facet normal  1.833649e-01 -6.843272e-01  7.057433e-01
   outer loop
     vertex -5.805685e+01 -1.249908e+01  1.659525e+02
     vertex -5.811473e+01 -1.217081e+01  1.662859e+02
     vertex -5.828311e+01 -1.221592e+01  1.662859e+02
   endloop
 endfacet
 facet normal -1.076185e-14 -7.125124e-01  7.016595e-01
   outer loop
     vertex -5.805685e+01 -1.249908e+01  1.659525e+02
     vertex -5.799897e+01 -1.282735e+01  1.656192e+02
     vertex -5.788320e+01 -1.282735e+01  1.656192e+02
   endloop
 endfacet
 facet normal -1.068682e-14 -6.964615e-01  7.175942e-01
   outer loop
     vertex -5.805685e+01 -1.249908e+01  1.659525e+02
     vertex -5.782532e+01 -1.249908e+01  1.659525e+02
     vertex -5.794109e+01 -1.215562e+01  1.662859e+02
   endloop
 endfacet
 facet normal -1.093311e-14 -7.125124e-01  7.016595e-01
   outer loop
     vertex -5.805685e+01 -1.249908e+01  1.659525e+02
     vertex -5.788320e+01 -1.282735e+01  1.656192e+02
     vertex -5.782532e+01 -1.249908e+01  1.659525e+02
   endloop
 endfacet
 facet normal  6.170539e-01 -3.562562e-01  7.016595e-01
   outer loop
     vertex -5.825432e+01 -1.304161e+01  1.656192e+02
     vertex -5.794109e+01 -1.315562e+01  1.652858e+02
     vertex -5.819643e+01 -1.294135e+01  1.656192e+02
   endloop
 endfacet
 facet normal  2.994114e-01 -6.420897e-01  7.057433e-01
   outer loop
     vertex -5.827442e+01 -1.257827e+01  1.659525e+02
     vertex -5.828311e+01 -1.221592e+01  1.662859e+02
     vertex -5.844109e+01 -1.228959e+01  1.662859e+02
   endloop
 endfacet
 facet normal  4.063603e-01 -5.803427e-01  7.057433e-01
   outer loop
     vertex -5.827442e+01 -1.257827e+01  1.659525e+02
     vertex -5.844109e+01 -1.228959e+01  1.662859e+02
     vertex -5.858387e+01 -1.238957e+01  1.662859e+02
   endloop
 endfacet
 facet normal  2.382038e-01 -6.544597e-01  7.175942e-01
   outer loop
     vertex -5.827442e+01 -1.257827e+01  1.659525e+02
     vertex -5.805685e+01 -1.249908e+01  1.659525e+02
     vertex -5.828311e+01 -1.221592e+01  1.662859e+02
   endloop
 endfacet
 facet normal  2.436936e-01 -6.695427e-01  7.016595e-01
   outer loop
     vertex -5.827442e+01 -1.257827e+01  1.659525e+02
     vertex -5.799897e+01 -1.282735e+01  1.656192e+02
     vertex -5.805685e+01 -1.249908e+01  1.659525e+02
   endloop
 endfacet
 facet normal  2.436936e-01 -6.695427e-01  7.016595e-01
   outer loop
     vertex -5.827442e+01 -1.257827e+01  1.659525e+02
     vertex -5.810775e+01 -1.286694e+01  1.656192e+02
     vertex -5.799897e+01 -1.282735e+01  1.656192e+02
   endloop
 endfacet
 facet normal  5.009623e-01 -5.009623e-01  7.057433e-01
   outer loop
     vertex -5.845178e+01 -1.272709e+01  1.659525e+02
     vertex -5.858387e+01 -1.238957e+01  1.662859e+02
     vertex -5.870713e+01 -1.251283e+01  1.662859e+02
   endloop
 endfacet
 facet normal  5.803427e-01 -4.063603e-01  7.057433e-01
   outer loop
     vertex -5.845178e+01 -1.272709e+01  1.659525e+02
     vertex -5.870713e+01 -1.251283e+01  1.662859e+02
     vertex -5.880711e+01 -1.265562e+01  1.662859e+02
   endloop
 endfacet
 facet normal  4.476768e-01 -5.335204e-01  7.175942e-01
   outer loop
     vertex -5.845178e+01 -1.272709e+01  1.659525e+02
     vertex -5.827442e+01 -1.257827e+01  1.659525e+02
     vertex -5.858387e+01 -1.238957e+01  1.662859e+02
   endloop
 endfacet
 facet normal  4.579942e-01 -5.458162e-01  7.016595e-01
   outer loop
     vertex -5.845178e+01 -1.272709e+01  1.659525e+02
     vertex -5.819643e+01 -1.294135e+01  1.656192e+02
     vertex -5.810775e+01 -1.286694e+01  1.656192e+02
   endloop
 endfacet
 facet normal  4.579942e-01 -5.458162e-01  7.016595e-01
   outer loop
     vertex -5.845178e+01 -1.272709e+01  1.659525e+02
     vertex -5.810775e+01 -1.286694e+01  1.656192e+02
     vertex -5.827442e+01 -1.257827e+01  1.659525e+02
   endloop
 endfacet
 facet normal  7.016788e-01 -1.237599e-01  7.016625e-01
   outer loop
     vertex -5.856755e+01 -1.292760e+01  1.659525e+02
     vertex -5.894108e+01 -1.315562e+01  1.662858e+02
     vertex -5.794109e+01 -1.315562e+01  1.652858e+02
   endloop
 endfacet
 facet normal  6.420897e-01 -2.994114e-01  7.057433e-01
   outer loop
     vertex -5.856755e+01 -1.292760e+01  1.659525e+02
     vertex -5.880711e+01 -1.265562e+01  1.662859e+02
     vertex -5.888078e+01 -1.281360e+01  1.662859e+02
   endloop
 endfacet
 facet normal  6.843272e-01 -1.833649e-01  7.057433e-01
   outer loop
     vertex -5.856755e+01 -1.292760e+01  1.659525e+02
     vertex -5.888078e+01 -1.281360e+01  1.662859e+02
     vertex -5.892589e+01 -1.298197e+01  1.662859e+02
   endloop
 endfacet
 facet normal  6.847426e-01 -5.998065e-02  7.263125e-01
   outer loop
     vertex -5.856755e+01 -1.292760e+01  1.659525e+02
     vertex -5.892589e+01 -1.298197e+01  1.662859e+02
     vertex -5.894108e+01 -1.315562e+01  1.662858e+02
   endloop
 endfacet
 facet normal  6.031533e-01 -3.482307e-01  7.175942e-01
   outer loop
     vertex -5.856755e+01 -1.292760e+01  1.659525e+02
     vertex -5.845178e+01 -1.272709e+01  1.659525e+02
     vertex -5.880711e+01 -1.265562e+01  1.662859e+02
   endloop
 endfacet
 facet normal  2.743467e-01  9.590640e-01 -7.021473e-02
   outer loop
     vertex -5.856755e+01 -1.292760e+01  1.659525e+02
     vertex -5.794109e+01 -1.315562e+01  1.652858e+02
     vertex -5.825432e+01 -1.304161e+01  1.656192e+02
   endloop
 endfacet
 facet normal  6.170539e-01 -3.562562e-01  7.016595e-01
   outer loop
     vertex -5.856755e+01 -1.292760e+01  1.659525e+02
     vertex -5.825432e+01 -1.304161e+01  1.656192e+02
     vertex -5.819643e+01 -1.294135e+01  1.656192e+02
   endloop
 endfacet
 facet normal  6.170539e-01 -3.562562e-01  7.016595e-01
   outer loop
     vertex -5.856755e+01 -1.292760e+01  1.659525e+02
     vertex -5.819643e+01 -1.294135e+01  1.656192e+02
     vertex -5.845178e+01 -1.272709e+01  1.659525e+02
   endloop
 endfacet
 facet normal  7.016788e-01  1.237599e-01  7.016625e-01
   outer loop
     vertex -5.825432e+01 -1.326962e+01  1.656192e+02
     vertex -5.794109e+01 -1.315562e+01  1.652858e+02
     vertex -5.894108e+01 -1.315562e+01  1.662858e+02
   endloop
 endfacet
 facet normal  6.170539e-01  3.562562e-01  7.016595e-01
   outer loop
     vertex -5.819643e+01 -1.336988e+01  1.656192e+02
     vertex -5.794109e+01 -1.315562e+01  1.652858e+02
     vertex -5.825432e+01 -1.326962e+01  1.656192e+02
   endloop
 endfacet
 facet normal  4.579942e-01  5.458162e-01  7.016595e-01
   outer loop
     vertex -5.810775e+01 -1.344429e+01  1.656192e+02
     vertex -5.794109e+01 -1.315562e+01  1.652858e+02
     vertex -5.819643e+01 -1.336988e+01  1.656192e+02
   endloop
 endfacet
 facet normal  6.847426e-01  5.998065e-02  7.263125e-01
   outer loop
     vertex -5.856755e+01 -1.338363e+01  1.659525e+02
     vertex -5.894108e+01 -1.315562e+01  1.662858e+02
     vertex -5.892589e+01 -1.332926e+01  1.662859e+02
   endloop
 endfacet
 facet normal  6.843272e-01  1.833649e-01  7.057433e-01
   outer loop
     vertex -5.856755e+01 -1.338363e+01  1.659525e+02
     vertex -5.892589e+01 -1.332926e+01  1.662859e+02
     vertex -5.888078e+01 -1.349764e+01  1.662859e+02
   endloop
 endfacet
 facet normal  6.420897e-01  2.994114e-01  7.057433e-01
   outer loop
     vertex -5.856755e+01 -1.338363e+01  1.659525e+02
     vertex -5.888078e+01 -1.349764e+01  1.662859e+02
     vertex -5.880711e+01 -1.365562e+01  1.662859e+02
   endloop
 endfacet
 facet normal  7.016788e-01  1.237599e-01  7.016625e-01
   outer loop
     vertex -5.856755e+01 -1.338363e+01  1.659525e+02
     vertex -5.825432e+01 -1.326962e+01  1.656192e+02
     vertex -5.894108e+01 -1.315562e+01  1.662858e+02
   endloop
 endfacet
 facet normal  2.436936e-01  6.695427e-01  7.016595e-01
   outer loop
     vertex -5.799897e+01 -1.348389e+01  1.656192e+02
     vertex -5.794109e+01 -1.315562e+01  1.652858e+02
     vertex -5.810775e+01 -1.344429e+01  1.656192e+02
   endloop
 endfacet
 facet normal  5.803427e-01  4.063603e-01  7.057433e-01
   outer loop
     vertex -5.845178e+01 -1.358414e+01  1.659525e+02
     vertex -5.880711e+01 -1.365562e+01  1.662859e+02
     vertex -5.870713e+01 -1.379840e+01  1.662859e+02
   endloop
 endfacet
 facet normal  5.009623e-01  5.009623e-01  7.057433e-01
   outer loop
     vertex -5.845178e+01 -1.358414e+01  1.659525e+02
     vertex -5.870713e+01 -1.379840e+01  1.662859e+02
     vertex -5.858387e+01 -1.392166e+01  1.662859e+02
   endloop
 endfacet
 facet normal  6.170539e-01  3.562562e-01  7.016595e-01
   outer loop
     vertex -5.845178e+01 -1.358414e+01  1.659525e+02
     vertex -5.825432e+01 -1.326962e+01  1.656192e+02
     vertex -5.856755e+01 -1.338363e+01  1.659525e+02
   endloop
 endfacet
 facet normal  6.170539e-01  3.562562e-01  7.016595e-01
   outer loop
     vertex -5.845178e+01 -1.358414e+01  1.659525e+02
     vertex -5.819643e+01 -1.336988e+01  1.656192e+02
     vertex -5.825432e+01 -1.326962e+01  1.656192e+02
   endloop
 endfacet
 facet normal  6.031533e-01  3.482307e-01  7.175942e-01
   outer loop
     vertex -5.845178e+01 -1.358414e+01  1.659525e+02
     vertex -5.856755e+01 -1.338363e+01  1.659525e+02
     vertex -5.880711e+01 -1.365562e+01  1.662859e+02
   endloop
 endfacet
 facet normal  0.000000e+00  0.000000e+00  0.000000e+00
   outer loop
     vertex -5.788320e+01 -1.348389e+01  1.656192e+02
     vertex -5.794109e+01 -1.315562e+01  1.652858e+02
     vertex -5.794109e+01 -1.315562e+01  1.652858e+02
   endloop
 endfacet
 facet normal  1.910123e-10  7.125124e-01  7.016595e-01
   outer loop
     vertex -5.788320e+01 -1.348389e+01  1.656192e+02
     vertex -5.794109e+01 -1.315562e+01  1.652858e+02
     vertex -5.799897e+01 -1.348389e+01  1.656192e+02
   endloop
 endfacet
 facet normal  4.063603e-01  5.803427e-01  7.057433e-01
   outer loop
     vertex -5.827442e+01 -1.373297e+01  1.659525e+02
     vertex -5.858387e+01 -1.392166e+01  1.662859e+02
     vertex -5.844109e+01 -1.402164e+01  1.662859e+02
   endloop
 endfacet
 facet normal  2.994114e-01  6.420897e-01  7.057433e-01
   outer loop
     vertex -5.827442e+01 -1.373297e+01  1.659525e+02
     vertex -5.844109e+01 -1.402164e+01  1.662859e+02
     vertex -5.828311e+01 -1.409531e+01  1.662859e+02
   endloop
 endfacet
 facet normal  4.579942e-01  5.458162e-01  7.016595e-01
   outer loop
     vertex -5.827442e+01 -1.373297e+01  1.659525e+02
     vertex -5.819643e+01 -1.336988e+01  1.656192e+02
     vertex -5.845178e+01 -1.358414e+01  1.659525e+02
   endloop
 endfacet
 facet normal  4.579942e-01  5.458162e-01  7.016595e-01
   outer loop
     vertex -5.827442e+01 -1.373297e+01  1.659525e+02
     vertex -5.810775e+01 -1.344429e+01  1.656192e+02
     vertex -5.819643e+01 -1.336988e+01  1.656192e+02
   endloop
 endfacet
 facet normal  4.476768e-01  5.335204e-01  7.175942e-01
   outer loop
     vertex -5.827442e+01 -1.373297e+01  1.659525e+02
     vertex -5.845178e+01 -1.358414e+01  1.659525e+02
     vertex -5.858387e+01 -1.392166e+01  1.662859e+02
   endloop
 endfacet
 facet normal -2.436936e-01  6.695427e-01  7.016595e-01
   outer loop
     vertex -5.777442e+01 -1.344429e+01  1.656192e+02
     vertex -5.794109e+01 -1.315562e+01  1.652858e+02
     vertex -5.788320e+01 -1.348389e+01  1.656192e+02
   endloop
 endfacet
 facet normal  1.833649e-01  6.843272e-01  7.057433e-01
   outer loop
     vertex -5.805685e+01 -1.381215e+01  1.659525e+02
     vertex -5.828311e+01 -1.409531e+01  1.662859e+02
     vertex -5.811473e+01 -1.414042e+01  1.662859e+02
   endloop
 endfacet
 facet normal  6.174702e-02  7.057717e-01  7.057433e-01
   outer loop
     vertex -5.805685e+01 -1.381215e+01  1.659525e+02
     vertex -5.811473e+01 -1.414042e+01  1.662859e+02
     vertex -5.794109e+01 -1.415562e+01  1.662859e+02
   endloop
 endfacet
 facet normal  2.436936e-01  6.695427e-01  7.016595e-01
   outer loop
     vertex -5.805685e+01 -1.381215e+01  1.659525e+02
     vertex -5.810775e+01 -1.344429e+01  1.656192e+02
     vertex -5.827442e+01 -1.373297e+01  1.659525e+02
   endloop
 endfacet
 facet normal  2.382038e-01  6.544597e-01  7.175942e-01
   outer loop
     vertex -5.805685e+01 -1.381215e+01  1.659525e+02
     vertex -5.827442e+01 -1.373297e+01  1.659525e+02
     vertex -5.828311e+01 -1.409531e+01  1.662859e+02
   endloop
 endfacet
 facet normal  2.436936e-01  6.695427e-01  7.016595e-01
   outer loop
     vertex -5.805685e+01 -1.381215e+01  1.659525e+02
     vertex -5.799897e+01 -1.348389e+01  1.656192e+02
     vertex -5.810775e+01 -1.344429e+01  1.656192e+02
   endloop
 endfacet
 facet normal -4.579942e-01  5.458162e-01  7.016595e-01
   outer loop
     vertex -5.768574e+01 -1.336988e+01  1.656192e+02
     vertex -5.794109e+01 -1.315562e+01  1.652858e+02
     vertex -5.777442e+01 -1.344429e+01  1.656192e+02
   endloop
 endfacet
 facet normal -6.174702e-02  7.057717e-01  7.057433e-01
   outer loop
     vertex -5.782532e+01 -1.381215e+01  1.659525e+02
     vertex -5.794109e+01 -1.415562e+01  1.662859e+02
     vertex -5.776744e+01 -1.414042e+01  1.662859e+02
   endloop
 endfacet
 facet normal -1.833649e-01  6.843272e-01  7.057433e-01
   outer loop
     vertex -5.782532e+01 -1.381215e+01  1.659525e+02
     vertex -5.776744e+01 -1.414042e+01  1.662859e+02
     vertex -5.759907e+01 -1.409531e+01  1.662859e+02
   endloop
 endfacet
 facet normal  1.867094e-10  6.964615e-01  7.175942e-01
   outer loop
     vertex -5.782532e+01 -1.381215e+01  1.659525e+02
     vertex -5.805685e+01 -1.381215e+01  1.659525e+02
     vertex -5.794109e+01 -1.415562e+01  1.662859e+02
   endloop
 endfacet
 facet normal  1.910125e-10  7.125124e-01  7.016595e-01
   outer loop
     vertex -5.782532e+01 -1.381215e+01  1.659525e+02
     vertex -5.788320e+01 -1.348389e+01  1.656192e+02
     vertex -5.799897e+01 -1.348389e+01  1.656192e+02
   endloop
 endfacet
 facet normal  1.910123e-10  7.125124e-01  7.016595e-01
   outer loop
     vertex -5.782532e+01 -1.381215e+01  1.659525e+02
     vertex -5.799897e+01 -1.348389e+01  1.656192e+02
     vertex -5.805685e+01 -1.381215e+01  1.659525e+02
   endloop
 endfacet
 facet normal -7.016788e-01  1.237599e-01  7.016625e-01
   outer loop
     vertex -5.762786e+01 -1.326962e+01  1.656192e+02
     vertex -5.694109e+01 -1.315562e+01  1.662858e+02
     vertex -5.794109e+01 -1.315562e+01  1.652858e+02
   endloop
 endfacet
 facet normal -6.170539e-01  3.562562e-01  7.016595e-01
   outer loop
     vertex -5.762786e+01 -1.326962e+01  1.656192e+02
     vertex -5.794109e+01 -1.315562e+01  1.652858e+02
     vertex -5.768574e+01 -1.336988e+01  1.656192e+02
   endloop
 endfacet
 facet normal -2.994114e-01  6.420897e-01  7.057433e-01
   outer loop
     vertex -5.760775e+01 -1.373297e+01  1.659525e+02
     vertex -5.759907e+01 -1.409531e+01  1.662859e+02
     vertex -5.744109e+01 -1.402164e+01  1.662859e+02
   endloop
 endfacet
 facet normal -4.063603e-01  5.803427e-01  7.057433e-01
   outer loop
     vertex -5.760775e+01 -1.373297e+01  1.659525e+02
     vertex -5.744109e+01 -1.402164e+01  1.662859e+02
     vertex -5.729830e+01 -1.392166e+01  1.662859e+02
   endloop
 endfacet
 facet normal -2.436936e-01  6.695427e-01  7.016595e-01
   outer loop
     vertex -5.760775e+01 -1.373297e+01  1.659525e+02
     vertex -5.788320e+01 -1.348389e+01  1.656192e+02
     vertex -5.782532e+01 -1.381215e+01  1.659525e+02
   endloop
 endfacet
 facet normal -2.382038e-01  6.544597e-01  7.175942e-01
   outer loop
     vertex -5.760775e+01 -1.373297e+01  1.659525e+02
     vertex -5.782532e+01 -1.381215e+01  1.659525e+02
     vertex -5.759907e+01 -1.409531e+01  1.662859e+02
   endloop
 endfacet
 facet normal -2.436936e-01  6.695427e-01  7.016595e-01
   outer loop
     vertex -5.760775e+01 -1.373297e+01  1.659525e+02
     vertex -5.777442e+01 -1.344429e+01  1.656192e+02
     vertex -5.788320e+01 -1.348389e+01  1.656192e+02
   endloop
 endfacet
 facet normal -5.009623e-01  5.009623e-01  7.057433e-01
   outer loop
     vertex -5.743039e+01 -1.358414e+01  1.659525e+02
     vertex -5.729830e+01 -1.392166e+01  1.662859e+02
     vertex -5.717504e+01 -1.379840e+01  1.662859e+02
   endloop
 endfacet
 facet normal -5.803427e-01  4.063603e-01  7.057433e-01
   outer loop
     vertex -5.743039e+01 -1.358414e+01  1.659525e+02
     vertex -5.717504e+01 -1.379840e+01  1.662859e+02
     vertex -5.707506e+01 -1.365562e+01  1.662859e+02
   endloop
 endfacet
 facet normal -4.476768e-01  5.335204e-01  7.175942e-01
   outer loop
     vertex -5.743039e+01 -1.358414e+01  1.659525e+02
     vertex -5.760775e+01 -1.373297e+01  1.659525e+02
     vertex -5.729830e+01 -1.392166e+01  1.662859e+02
   endloop
 endfacet
 facet normal -4.579942e-01  5.458162e-01  7.016595e-01
   outer loop
     vertex -5.743039e+01 -1.358414e+01  1.659525e+02
     vertex -5.768574e+01 -1.336988e+01  1.656192e+02
     vertex -5.777442e+01 -1.344429e+01  1.656192e+02
   endloop
 endfacet
 facet normal -4.579942e-01  5.458162e-01  7.016595e-01
   outer loop
     vertex -5.743039e+01 -1.358414e+01  1.659525e+02
     vertex -5.777442e+01 -1.344429e+01  1.656192e+02
     vertex -5.760775e+01 -1.373297e+01  1.659525e+02
   endloop
 endfacet
 facet normal -6.420897e-01  2.994114e-01  7.057433e-01
   outer loop
     vertex -5.731462e+01 -1.338363e+01  1.659525e+02
     vertex -5.707506e+01 -1.365562e+01  1.662859e+02
     vertex -5.700139e+01 -1.349764e+01  1.662859e+02
   endloop
 endfacet
 facet normal -6.843272e-01  1.833649e-01  7.057433e-01
   outer loop
     vertex -5.731462e+01 -1.338363e+01  1.659525e+02
     vertex -5.700139e+01 -1.349764e+01  1.662859e+02
     vertex -5.695628e+01 -1.332926e+01  1.662859e+02
   endloop
 endfacet
 facet normal -6.847426e-01  5.998065e-02  7.263125e-01
   outer loop
     vertex -5.731462e+01 -1.338363e+01  1.659525e+02
     vertex -5.695628e+01 -1.332926e+01  1.662859e+02
     vertex -5.694109e+01 -1.315562e+01  1.662858e+02
   endloop
 endfacet
 facet normal -6.031533e-01  3.482307e-01  7.175942e-01
   outer loop
     vertex -5.731462e+01 -1.338363e+01  1.659525e+02
     vertex -5.743039e+01 -1.358414e+01  1.659525e+02
     vertex -5.707506e+01 -1.365562e+01  1.662859e+02
   endloop
 endfacet
 facet normal -7.016788e-01  1.237599e-01  7.016625e-01
   outer loop
     vertex -5.731462e+01 -1.338363e+01  1.659525e+02
     vertex -5.694109e+01 -1.315562e+01  1.662858e+02
     vertex -5.762786e+01 -1.326962e+01  1.656192e+02
   endloop
 endfacet
 facet normal -6.170539e-01  3.562562e-01  7.016595e-01
   outer loop
     vertex -5.731462e+01 -1.338363e+01  1.659525e+02
     vertex -5.762786e+01 -1.326962e+01  1.656192e+02
     vertex -5.768574e+01 -1.336988e+01  1.656192e+02
   endloop
 endfacet
 facet normal -6.170539e-01  3.562562e-01  7.016595e-01
   outer loop
     vertex -5.731462e+01 -1.338363e+01  1.659525e+02
     vertex -5.768574e+01 -1.336988e+01  1.656192e+02
     vertex -5.743039e+01 -1.358414e+01  1.659525e+02
   endloop
 endfacet
 facet normal -6.170539e-01 -3.562562e-01  7.016595e-01
   outer loop
     vertex -4.468574e+01 -1.294135e+01  1.656192e+02
     vertex -4.494109e+01 -1.315562e+01  1.652858e+02
     vertex -4.462786e+01 -1.304161e+01  1.656192e+02
   endloop
 endfacet
 facet normal -4.579942e-01 -5.458162e-01  7.016595e-01
   outer loop
     vertex -4.477442e+01 -1.286694e+01  1.656192e+02
     vertex -4.494109e+01 -1.315562e+01  1.652858e+02
     vertex -4.468574e+01 -1.294135e+01  1.656192e+02
   endloop
 endfacet
 facet normal -6.847397e-01 -5.990696e-02  7.263214e-01
   outer loop
     vertex -4.431462e+01 -1.292760e+01  1.659525e+02
     vertex -4.394109e+01 -1.315562e+01  1.662859e+02
     vertex -4.395628e+01 -1.298197e+01  1.662859e+02
   endloop
 endfacet
 facet normal -6.843272e-01 -1.833649e-01  7.057433e-01
   outer loop
     vertex -4.431462e+01 -1.292760e+01  1.659525e+02
     vertex -4.395628e+01 -1.298197e+01  1.662859e+02
     vertex -4.400139e+01 -1.281360e+01  1.662859e+02
   endloop
 endfacet
 facet normal -6.420897e-01 -2.994114e-01  7.057433e-01
   outer loop
     vertex -4.431462e+01 -1.292760e+01  1.659525e+02
     vertex -4.400139e+01 -1.281360e+01  1.662859e+02
     vertex -4.407506e+01 -1.265562e+01  1.662859e+02
   endloop
 endfacet
 facet normal -7.016877e-01 -1.237265e-01  7.016595e-01
   outer loop
     vertex -4.431462e+01 -1.292760e+01  1.659525e+02
     vertex -4.494109e+01 -1.315562e+01  1.652858e+02
     vertex -4.394109e+01 -1.315562e+01  1.662859e+02
   endloop
 endfacet
 facet normal -4.117087e-01  9.081173e-01  7.628236e-02
   outer loop
     vertex -4.431462e+01 -1.292760e+01  1.659525e+02
     vertex -4.462786e+01 -1.304161e+01  1.656192e+02
     vertex -4.494109e+01 -1.315562e+01  1.652858e+02
   endloop
 endfacet
 facet normal  0.000000e+00  0.000000e+00  0.000000e+00
   outer loop
     vertex -4.488320e+01 -1.282735e+01  1.656192e+02
     vertex -4.494109e+01 -1.315562e+01  1.652858e+02
     vertex -4.494109e+01 -1.315562e+01  1.652858e+02
   endloop
 endfacet
 facet normal -2.436936e-01 -6.695427e-01  7.016595e-01
   outer loop
     vertex -4.488320e+01 -1.282735e+01  1.656192e+02
     vertex -4.494109e+01 -1.315562e+01  1.652858e+02
     vertex -4.477442e+01 -1.286694e+01  1.656192e+02
   endloop
 endfacet
 facet normal -5.803427e-01 -4.063603e-01  7.057433e-01
   outer loop
     vertex -4.443039e+01 -1.272709e+01  1.659525e+02
     vertex -4.407506e+01 -1.265562e+01  1.662859e+02
     vertex -4.417504e+01 -1.251283e+01  1.662859e+02
   endloop
 endfacet
 facet normal -5.009623e-01 -5.009623e-01  7.057433e-01
   outer loop
     vertex -4.443039e+01 -1.272709e+01  1.659525e+02
     vertex -4.417504e+01 -1.251283e+01  1.662859e+02
     vertex -4.429830e+01 -1.238957e+01  1.662859e+02
   endloop
 endfacet
 facet normal -6.170539e-01 -3.562562e-01  7.016595e-01
   outer loop
     vertex -4.443039e+01 -1.272709e+01  1.659525e+02
     vertex -4.462786e+01 -1.304161e+01  1.656192e+02
     vertex -4.431462e+01 -1.292760e+01  1.659525e+02
   endloop
 endfacet
 facet normal -6.170539e-01 -3.562562e-01  7.016595e-01
   outer loop
     vertex -4.443039e+01 -1.272709e+01  1.659525e+02
     vertex -4.468574e+01 -1.294135e+01  1.656192e+02
     vertex -4.462786e+01 -1.304161e+01  1.656192e+02
   endloop
 endfacet
 facet normal -6.031533e-01 -3.482307e-01  7.175942e-01
   outer loop
     vertex -4.443039e+01 -1.272709e+01  1.659525e+02
     vertex -4.431462e+01 -1.292760e+01  1.659525e+02
     vertex -4.407506e+01 -1.265562e+01  1.662859e+02
   endloop
 endfacet
 facet normal  0.000000e+00 -7.125124e-01  7.016595e-01
   outer loop
     vertex -4.499897e+01 -1.282735e+01  1.656192e+02
     vertex -4.494109e+01 -1.315562e+01  1.652858e+02
     vertex -4.488320e+01 -1.282735e+01  1.656192e+02
   endloop
 endfacet
 facet normal -4.063603e-01 -5.803427e-01  7.057433e-01
   outer loop
     vertex -4.460775e+01 -1.257827e+01  1.659525e+02
     vertex -4.429830e+01 -1.238957e+01  1.662859e+02
     vertex -4.444109e+01 -1.228959e+01  1.662859e+02
   endloop
 endfacet
 facet normal -2.994114e-01 -6.420897e-01  7.057433e-01
   outer loop
     vertex -4.460775e+01 -1.257827e+01  1.659525e+02
     vertex -4.444109e+01 -1.228959e+01  1.662859e+02
     vertex -4.459907e+01 -1.221592e+01  1.662859e+02
   endloop
 endfacet
 facet normal -4.476768e-01 -5.335204e-01  7.175942e-01
   outer loop
     vertex -4.460775e+01 -1.257827e+01  1.659525e+02
     vertex -4.443039e+01 -1.272709e+01  1.659525e+02
     vertex -4.429830e+01 -1.238957e+01  1.662859e+02
   endloop
 endfacet
 facet normal -4.579942e-01 -5.458162e-01  7.016595e-01
   outer loop
     vertex -4.460775e+01 -1.257827e+01  1.659525e+02
     vertex -4.468574e+01 -1.294135e+01  1.656192e+02
     vertex -4.443039e+01 -1.272709e+01  1.659525e+02
   endloop
 endfacet
 facet normal -4.579942e-01 -5.458162e-01  7.016595e-01
   outer loop
     vertex -4.460775e+01 -1.257827e+01  1.659525e+02
     vertex -4.477442e+01 -1.286694e+01  1.656192e+02
     vertex -4.468574e+01 -1.294135e+01  1.656192e+02
   endloop
 endfacet
 facet normal  2.436936e-01 -6.695427e-01  7.016595e-01
   outer loop
     vertex -4.510775e+01 -1.286694e+01  1.656192e+02
     vertex -4.494109e+01 -1.315562e+01  1.652858e+02
     vertex -4.499897e+01 -1.282735e+01  1.656192e+02
   endloop
 endfacet
 facet normal -1.833649e-01 -6.843272e-01  7.057433e-01
   outer loop
     vertex -4.482532e+01 -1.249908e+01  1.659525e+02
     vertex -4.459907e+01 -1.221592e+01  1.662859e+02
     vertex -4.476744e+01 -1.217081e+01  1.662859e+02
   endloop
 endfacet
 facet normal -6.174702e-02 -7.057717e-01  7.057433e-01
   outer loop
     vertex -4.482532e+01 -1.249908e+01  1.659525e+02
     vertex -4.476744e+01 -1.217081e+01  1.662859e+02
     vertex -4.494109e+01 -1.215562e+01  1.662859e+02
   endloop
 endfacet
 facet normal -2.382038e-01 -6.544597e-01  7.175942e-01
   outer loop
     vertex -4.482532e+01 -1.249908e+01  1.659525e+02
     vertex -4.460775e+01 -1.257827e+01  1.659525e+02
     vertex -4.459907e+01 -1.221592e+01  1.662859e+02
   endloop
 endfacet
 facet normal -2.436936e-01 -6.695427e-01  7.016595e-01
   outer loop
     vertex -4.482532e+01 -1.249908e+01  1.659525e+02
     vertex -4.488320e+01 -1.282735e+01  1.656192e+02
     vertex -4.477442e+01 -1.286694e+01  1.656192e+02
   endloop
 endfacet
 facet normal -2.436936e-01 -6.695427e-01  7.016595e-01
   outer loop
     vertex -4.482532e+01 -1.249908e+01  1.659525e+02
     vertex -4.477442e+01 -1.286694e+01  1.656192e+02
     vertex -4.460775e+01 -1.257827e+01  1.659525e+02
   endloop
 endfacet
 facet normal  4.579942e-01 -5.458162e-01  7.016595e-01
   outer loop
     vertex -4.519643e+01 -1.294135e+01  1.656192e+02
     vertex -4.494109e+01 -1.315562e+01  1.652858e+02
     vertex -4.510775e+01 -1.286694e+01  1.656192e+02
   endloop
 endfacet
 facet normal  6.174702e-02 -7.057717e-01  7.057433e-01
   outer loop
     vertex -4.505685e+01 -1.249908e+01  1.659525e+02
     vertex -4.494109e+01 -1.215562e+01  1.662859e+02
     vertex -4.511473e+01 -1.217081e+01  1.662859e+02
   endloop
 endfacet
 facet normal  1.833649e-01 -6.843272e-01  7.057433e-01
   outer loop
     vertex -4.505685e+01 -1.249908e+01  1.659525e+02
     vertex -4.511473e+01 -1.217081e+01  1.662859e+02
     vertex -4.528311e+01 -1.221592e+01  1.662859e+02
   endloop
 endfacet
 facet normal  5.343408e-15 -6.964615e-01  7.175942e-01
   outer loop
     vertex -4.505685e+01 -1.249908e+01  1.659525e+02
     vertex -4.482532e+01 -1.249908e+01  1.659525e+02
     vertex -4.494109e+01 -1.215562e+01  1.662859e+02
   endloop
 endfacet
 facet normal  0.000000e+00 -7.125124e-01  7.016595e-01
   outer loop
     vertex -4.505685e+01 -1.249908e+01  1.659525e+02
     vertex -4.499897e+01 -1.282735e+01  1.656192e+02
     vertex -4.488320e+01 -1.282735e+01  1.656192e+02
   endloop
 endfacet
 facet normal  5.466554e-15 -7.125124e-01  7.016595e-01
   outer loop
     vertex -4.505685e+01 -1.249908e+01  1.659525e+02
     vertex -4.488320e+01 -1.282735e+01  1.656192e+02
     vertex -4.482532e+01 -1.249908e+01  1.659525e+02
   endloop
 endfacet
 facet normal  7.016877e-01 -1.237265e-01  7.016595e-01
   outer loop
     vertex -4.525432e+01 -1.304161e+01  1.656192e+02
     vertex -4.594109e+01 -1.315562e+01  1.662859e+02
     vertex -4.494109e+01 -1.315562e+01  1.652858e+02
   endloop
 endfacet
 facet normal  6.170539e-01 -3.562562e-01  7.016595e-01
   outer loop
     vertex -4.525432e+01 -1.304161e+01  1.656192e+02
     vertex -4.494109e+01 -1.315562e+01  1.652858e+02
     vertex -4.519643e+01 -1.294135e+01  1.656192e+02
   endloop
 endfacet
 facet normal  2.994114e-01 -6.420897e-01  7.057433e-01
   outer loop
     vertex -4.527442e+01 -1.257827e+01  1.659525e+02
     vertex -4.528311e+01 -1.221592e+01  1.662859e+02
     vertex -4.544109e+01 -1.228959e+01  1.662859e+02
   endloop
 endfacet
 facet normal  4.063603e-01 -5.803427e-01  7.057433e-01
   outer loop
     vertex -4.527442e+01 -1.257827e+01  1.659525e+02
     vertex -4.544109e+01 -1.228959e+01  1.662859e+02
     vertex -4.558387e+01 -1.238957e+01  1.662859e+02
   endloop
 endfacet
 facet normal  2.436936e-01 -6.695427e-01  7.016595e-01
   outer loop
     vertex -4.527442e+01 -1.257827e+01  1.659525e+02
     vertex -4.499897e+01 -1.282735e+01  1.656192e+02
     vertex -4.505685e+01 -1.249908e+01  1.659525e+02
   endloop
 endfacet
 facet normal  2.436936e-01 -6.695427e-01  7.016595e-01
   outer loop
     vertex -4.527442e+01 -1.257827e+01  1.659525e+02
     vertex -4.510775e+01 -1.286694e+01  1.656192e+02
     vertex -4.499897e+01 -1.282735e+01  1.656192e+02
   endloop
 endfacet
 facet normal  2.382038e-01 -6.544597e-01  7.175942e-01
   outer loop
     vertex -4.527442e+01 -1.257827e+01  1.659525e+02
     vertex -4.505685e+01 -1.249908e+01  1.659525e+02
     vertex -4.528311e+01 -1.221592e+01  1.662859e+02
   endloop
 endfacet
 facet normal  5.009623e-01 -5.009623e-01  7.057433e-01
   outer loop
     vertex -4.545178e+01 -1.272709e+01  1.659525e+02
     vertex -4.558387e+01 -1.238957e+01  1.662859e+02
     vertex -4.570713e+01 -1.251283e+01  1.662859e+02
   endloop
 endfacet
 facet normal  5.803427e-01 -4.063603e-01  7.057433e-01
   outer loop
     vertex -4.545178e+01 -1.272709e+01  1.659525e+02
     vertex -4.570713e+01 -1.251283e+01  1.662859e+02
     vertex -4.580711e+01 -1.265562e+01  1.662859e+02
   endloop
 endfacet
 facet normal  4.476768e-01 -5.335204e-01  7.175942e-01
   outer loop
     vertex -4.545178e+01 -1.272709e+01  1.659525e+02
     vertex -4.527442e+01 -1.257827e+01  1.659525e+02
     vertex -4.558387e+01 -1.238957e+01  1.662859e+02
   endloop
 endfacet
 facet normal  4.579942e-01 -5.458162e-01  7.016595e-01
   outer loop
     vertex -4.545178e+01 -1.272709e+01  1.659525e+02
     vertex -4.519643e+01 -1.294135e+01  1.656192e+02
     vertex -4.510775e+01 -1.286694e+01  1.656192e+02
   endloop
 endfacet
 facet normal  4.579942e-01 -5.458162e-01  7.016595e-01
   outer loop
     vertex -4.545178e+01 -1.272709e+01  1.659525e+02
     vertex -4.510775e+01 -1.286694e+01  1.656192e+02
     vertex -4.527442e+01 -1.257827e+01  1.659525e+02
   endloop
 endfacet
 facet normal  6.420897e-01 -2.994114e-01  7.057433e-01
   outer loop
     vertex -4.556755e+01 -1.292760e+01  1.659525e+02
     vertex -4.580711e+01 -1.265562e+01  1.662859e+02
     vertex -4.588078e+01 -1.281360e+01  1.662859e+02
   endloop
 endfacet
 facet normal  6.843272e-01 -1.833649e-01  7.057433e-01
   outer loop
     vertex -4.556755e+01 -1.292760e+01  1.659525e+02
     vertex -4.588078e+01 -1.281360e+01  1.662859e+02
     vertex -4.592589e+01 -1.298197e+01  1.662859e+02
   endloop
 endfacet
 facet normal  6.847397e-01 -5.990696e-02  7.263214e-01
   outer loop
     vertex -4.556755e+01 -1.292760e+01  1.659525e+02
     vertex -4.592589e+01 -1.298197e+01  1.662859e+02
     vertex -4.594109e+01 -1.315562e+01  1.662859e+02
   endloop
 endfacet
 facet normal  7.016877e-01 -1.237265e-01  7.016595e-01
   outer loop
     vertex -4.556755e+01 -1.292760e+01  1.659525e+02
     vertex -4.594109e+01 -1.315562e+01  1.662859e+02
     vertex -4.525432e+01 -1.304161e+01  1.656192e+02
   endloop
 endfacet
 facet normal  6.031533e-01 -3.482307e-01  7.175942e-01
   outer loop
     vertex -4.556755e+01 -1.292760e+01  1.659525e+02
     vertex -4.545178e+01 -1.272709e+01  1.659525e+02
     vertex -4.580711e+01 -1.265562e+01  1.662859e+02
   endloop
 endfacet
 facet normal  6.170539e-01 -3.562562e-01  7.016595e-01
   outer loop
     vertex -4.556755e+01 -1.292760e+01  1.659525e+02
     vertex -4.525432e+01 -1.304161e+01  1.656192e+02
     vertex -4.519643e+01 -1.294135e+01  1.656192e+02
   endloop
 endfacet
 facet normal  6.170539e-01 -3.562562e-01  7.016595e-01
   outer loop
     vertex -4.556755e+01 -1.292760e+01  1.659525e+02
     vertex -4.519643e+01 -1.294135e+01  1.656192e+02
     vertex -4.545178e+01 -1.272709e+01  1.659525e+02
   endloop
 endfacet
 facet normal -6.170539e-01 -3.562562e-01  7.016595e-01
   outer loop
     vertex -5.768574e+01 -9.413536e-01  1.656192e+02
     vertex -5.794109e+01 -1.155616e+00  1.652858e+02
     vertex -5.762786e+01 -1.041609e+00  1.656192e+02
   endloop
 endfacet
 facet normal -4.579942e-01 -5.458162e-01  7.016595e-01
   outer loop
     vertex -5.777442e+01 -8.669410e-01  1.656192e+02
     vertex -5.794109e+01 -1.155616e+00  1.652858e+02
     vertex -5.768574e+01 -9.413536e-01  1.656192e+02
   endloop
 endfacet
 facet normal -7.016788e-01 -1.237599e-01  7.016625e-01
   outer loop
     vertex -5.731462e+01 -9.276027e-01  1.659525e+02
     vertex -5.794109e+01 -1.155616e+00  1.652858e+02
     vertex -5.694109e+01 -1.155616e+00  1.662858e+02
   endloop
 endfacet
 facet normal -6.847426e-01 -5.998065e-02  7.263125e-01
   outer loop
     vertex -5.731462e+01 -9.276027e-01  1.659525e+02
     vertex -5.694109e+01 -1.155616e+00  1.662858e+02
     vertex -5.695628e+01 -9.819680e-01  1.662859e+02
   endloop
 endfacet
 facet normal -6.843272e-01 -1.833649e-01  7.057433e-01
   outer loop
     vertex -5.731462e+01 -9.276027e-01  1.659525e+02
     vertex -5.695628e+01 -9.819680e-01  1.662859e+02
     vertex -5.700139e+01 -8.135960e-01  1.662859e+02
   endloop
 endfacet
 facet normal -6.420897e-01 -2.994114e-01  7.057433e-01
   outer loop
     vertex -5.731462e+01 -9.276027e-01  1.659525e+02
     vertex -5.700139e+01 -8.135960e-01  1.662859e+02
     vertex -5.707506e+01 -6.556161e-01  1.662859e+02
   endloop
 endfacet
 facet normal -4.444782e-01  8.885355e-01  1.137711e-01
   outer loop
     vertex -5.731462e+01 -9.276027e-01  1.659525e+02
     vertex -5.762786e+01 -1.041609e+00  1.656192e+02
     vertex -5.794109e+01 -1.155616e+00  1.652858e+02
   endloop
 endfacet
 facet normal -2.436936e-01 -6.695427e-01  7.016595e-01
   outer loop
     vertex -5.788320e+01 -8.273469e-01  1.656192e+02
     vertex -5.794109e+01 -1.155616e+00  1.652858e+02
     vertex -5.777442e+01 -8.669410e-01  1.656192e+02
   endloop
 endfacet
 facet normal -5.803427e-01 -4.063603e-01  7.057433e-01
   outer loop
     vertex -5.743039e+01 -7.270911e-01  1.659525e+02
     vertex -5.707506e+01 -6.556161e-01  1.662859e+02
     vertex -5.717504e+01 -5.128285e-01  1.662859e+02
   endloop
 endfacet
 facet normal -5.009623e-01 -5.009623e-01  7.057433e-01
   outer loop
     vertex -5.743039e+01 -7.270911e-01  1.659525e+02
     vertex -5.717504e+01 -5.128285e-01  1.662859e+02
     vertex -5.729830e+01 -3.895717e-01  1.662859e+02
   endloop
 endfacet
 facet normal -6.170539e-01 -3.562562e-01  7.016595e-01
   outer loop
     vertex -5.743039e+01 -7.270911e-01  1.659525e+02
     vertex -5.762786e+01 -1.041609e+00  1.656192e+02
     vertex -5.731462e+01 -9.276027e-01  1.659525e+02
   endloop
 endfacet
 facet normal -6.170539e-01 -3.562562e-01  7.016595e-01
   outer loop
     vertex -5.743039e+01 -7.270911e-01  1.659525e+02
     vertex -5.768574e+01 -9.413536e-01  1.656192e+02
     vertex -5.762786e+01 -1.041609e+00  1.656192e+02
   endloop
 endfacet
 facet normal -6.031533e-01 -3.482307e-01  7.175942e-01
   outer loop
     vertex -5.743039e+01 -7.270911e-01  1.659525e+02
     vertex -5.731462e+01 -9.276027e-01  1.659525e+02
     vertex -5.707506e+01 -6.556161e-01  1.662859e+02
   endloop
 endfacet
 facet normal  0.000000e+00  0.000000e+00  0.000000e+00
   outer loop
     vertex -5.799897e+01 -8.273469e-01  1.656192e+02
     vertex -5.794109e+01 -1.155616e+00  1.652858e+02
     vertex -5.794109e+01 -1.155616e+00  1.652858e+02
   endloop
 endfacet
 facet normal -2.186622e-14 -7.125124e-01  7.016595e-01
   outer loop
     vertex -5.799897e+01 -8.273469e-01  1.656192e+02
     vertex -5.794109e+01 -1.155616e+00  1.652858e+02
     vertex -5.788320e+01 -8.273469e-01  1.656192e+02
   endloop
 endfacet
 facet normal -4.063603e-01 -5.803427e-01  7.057433e-01
   outer loop
     vertex -5.760775e+01 -5.782659e-01  1.659525e+02
     vertex -5.729830e+01 -3.895717e-01  1.662859e+02
     vertex -5.744109e+01 -2.895907e-01  1.662859e+02
   endloop
 endfacet
 facet normal -2.994114e-01 -6.420897e-01  7.057433e-01
   outer loop
     vertex -5.760775e+01 -5.782659e-01  1.659525e+02
     vertex -5.744109e+01 -2.895907e-01  1.662859e+02
     vertex -5.759907e+01 -2.159235e-01  1.662859e+02
   endloop
 endfacet
 facet normal -4.579942e-01 -5.458162e-01  7.016595e-01
   outer loop
     vertex -5.760775e+01 -5.782659e-01  1.659525e+02
     vertex -5.768574e+01 -9.413536e-01  1.656192e+02
     vertex -5.743039e+01 -7.270911e-01  1.659525e+02
   endloop
 endfacet
 facet normal -4.579942e-01 -5.458162e-01  7.016595e-01
   outer loop
     vertex -5.760775e+01 -5.782659e-01  1.659525e+02
     vertex -5.777442e+01 -8.669410e-01  1.656192e+02
     vertex -5.768574e+01 -9.413536e-01  1.656192e+02
   endloop
 endfacet
 facet normal -4.476768e-01 -5.335204e-01  7.175942e-01
   outer loop
     vertex -5.760775e+01 -5.782659e-01  1.659525e+02
     vertex -5.743039e+01 -7.270911e-01  1.659525e+02
     vertex -5.729830e+01 -3.895717e-01  1.662859e+02
   endloop
 endfacet
 facet normal  2.436936e-01 -6.695427e-01  7.016595e-01
   outer loop
     vertex -5.810775e+01 -8.669410e-01  1.656192e+02
     vertex -5.794109e+01 -1.155616e+00  1.652858e+02
     vertex -5.799897e+01 -8.273469e-01  1.656192e+02
   endloop
 endfacet
 facet normal -1.833649e-01 -6.843272e-01  7.057433e-01
   outer loop
     vertex -5.782532e+01 -4.990776e-01  1.659525e+02
     vertex -5.759907e+01 -2.159235e-01  1.662859e+02
     vertex -5.776744e+01 -1.708084e-01  1.662859e+02
   endloop
 endfacet
 facet normal -6.174702e-02 -7.057717e-01  7.057433e-01
   outer loop
     vertex -5.782532e+01 -4.990776e-01  1.659525e+02
     vertex -5.776744e+01 -1.708084e-01  1.662859e+02
     vertex -5.794109e+01 -1.556161e-01  1.662859e+02
   endloop
 endfacet
 facet normal -2.436936e-01 -6.695427e-01  7.016595e-01
   outer loop
     vertex -5.782532e+01 -4.990776e-01  1.659525e+02
     vertex -5.788320e+01 -8.273469e-01  1.656192e+02
     vertex -5.777442e+01 -8.669410e-01  1.656192e+02
   endloop
 endfacet
 facet normal -2.382038e-01 -6.544597e-01  7.175942e-01
   outer loop
     vertex -5.782532e+01 -4.990776e-01  1.659525e+02
     vertex -5.760775e+01 -5.782659e-01  1.659525e+02
     vertex -5.759907e+01 -2.159235e-01  1.662859e+02
   endloop
 endfacet
 facet normal -2.436936e-01 -6.695427e-01  7.016595e-01
   outer loop
     vertex -5.782532e+01 -4.990776e-01  1.659525e+02
     vertex -5.777442e+01 -8.669410e-01  1.656192e+02
     vertex -5.760775e+01 -5.782659e-01  1.659525e+02
   endloop
 endfacet
 facet normal  4.579942e-01 -5.458162e-01  7.016595e-01
   outer loop
     vertex -5.819643e+01 -9.413536e-01  1.656192e+02
     vertex -5.794109e+01 -1.155616e+00  1.652858e+02
     vertex -5.810775e+01 -8.669410e-01  1.656192e+02
   endloop
 endfacet
 facet normal  6.174702e-02 -7.057717e-01  7.057433e-01
   outer loop
     vertex -5.805685e+01 -4.990776e-01  1.659525e+02
     vertex -5.794109e+01 -1.556161e-01  1.662859e+02
     vertex -5.811473e+01 -1.708084e-01  1.662859e+02
   endloop
 endfacet
 facet normal  1.833649e-01 -6.843272e-01  7.057433e-01
   outer loop
     vertex -5.805685e+01 -4.990776e-01  1.659525e+02
     vertex -5.811473e+01 -1.708084e-01  1.662859e+02
     vertex -5.828311e+01 -2.159235e-01  1.662859e+02
   endloop
 endfacet
 facet normal -2.177993e-14 -7.125124e-01  7.016595e-01
   outer loop
     vertex -5.805685e+01 -4.990776e-01  1.659525e+02
     vertex -5.799897e+01 -8.273469e-01  1.656192e+02
     vertex -5.788320e+01 -8.273469e-01  1.656192e+02
   endloop
 endfacet
 facet normal -2.137363e-14 -6.964615e-01  7.175942e-01
   outer loop
     vertex -5.805685e+01 -4.990776e-01  1.659525e+02
     vertex -5.782532e+01 -4.990776e-01  1.659525e+02
     vertex -5.794109e+01 -1.556161e-01  1.662859e+02
   endloop
 endfacet
 facet normal -2.186622e-14 -7.125124e-01  7.016595e-01
   outer loop
     vertex -5.805685e+01 -4.990776e-01  1.659525e+02
     vertex -5.788320e+01 -8.273469e-01  1.656192e+02
     vertex -5.782532e+01 -4.990776e-01  1.659525e+02
   endloop
 endfacet
 facet normal  6.170539e-01 -3.562562e-01  7.016595e-01
   outer loop
     vertex -5.825432e+01 -1.041609e+00  1.656192e+02
     vertex -5.794109e+01 -1.155616e+00  1.652858e+02
     vertex -5.819643e+01 -9.413536e-01  1.656192e+02
   endloop
 endfacet
 facet normal  2.994114e-01 -6.420897e-01  7.057433e-01
   outer loop
     vertex -5.827442e+01 -5.782659e-01  1.659525e+02
     vertex -5.828311e+01 -2.159235e-01  1.662859e+02
     vertex -5.844109e+01 -2.895907e-01  1.662859e+02
   endloop
 endfacet
 facet normal  4.063603e-01 -5.803427e-01  7.057433e-01
   outer loop
     vertex -5.827442e+01 -5.782659e-01  1.659525e+02
     vertex -5.844109e+01 -2.895907e-01  1.662859e+02
     vertex -5.858387e+01 -3.895717e-01  1.662859e+02
   endloop
 endfacet
 facet normal  2.382038e-01 -6.544597e-01  7.175942e-01
   outer loop
     vertex -5.827442e+01 -5.782659e-01  1.659525e+02
     vertex -5.805685e+01 -4.990776e-01  1.659525e+02
     vertex -5.828311e+01 -2.159235e-01  1.662859e+02
   endloop
 endfacet
 facet normal  2.436936e-01 -6.695427e-01  7.016595e-01
   outer loop
     vertex -5.827442e+01 -5.782659e-01  1.659525e+02
     vertex -5.799897e+01 -8.273469e-01  1.656192e+02
     vertex -5.805685e+01 -4.990776e-01  1.659525e+02
   endloop
 endfacet
 facet normal  2.436936e-01 -6.695427e-01  7.016595e-01
   outer loop
     vertex -5.827442e+01 -5.782659e-01  1.659525e+02
     vertex -5.810775e+01 -8.669410e-01  1.656192e+02
     vertex -5.799897e+01 -8.273469e-01  1.656192e+02
   endloop
 endfacet
 facet normal  5.009623e-01 -5.009623e-01  7.057433e-01
   outer loop
     vertex -5.845178e+01 -7.270911e-01  1.659525e+02
     vertex -5.858387e+01 -3.895717e-01  1.662859e+02
     vertex -5.870713e+01 -5.128285e-01  1.662859e+02
   endloop
 endfacet
 facet normal  5.803427e-01 -4.063603e-01  7.057433e-01
   outer loop
     vertex -5.845178e+01 -7.270911e-01  1.659525e+02
     vertex -5.870713e+01 -5.128285e-01  1.662859e+02
     vertex -5.880711e+01 -6.556161e-01  1.662859e+02
   endloop
 endfacet
 facet normal  4.476768e-01 -5.335204e-01  7.175942e-01
   outer loop
     vertex -5.845178e+01 -7.270911e-01  1.659525e+02
     vertex -5.827442e+01 -5.782659e-01  1.659525e+02
     vertex -5.858387e+01 -3.895717e-01  1.662859e+02
   endloop
 endfacet
 facet normal  4.579942e-01 -5.458162e-01  7.016595e-01
   outer loop
     vertex -5.845178e+01 -7.270911e-01  1.659525e+02
     vertex -5.819643e+01 -9.413536e-01  1.656192e+02
     vertex -5.810775e+01 -8.669410e-01  1.656192e+02
   endloop
 endfacet
 facet normal  4.579942e-01 -5.458162e-01  7.016595e-01
   outer loop
     vertex -5.845178e+01 -7.270911e-01  1.659525e+02
     vertex -5.810775e+01 -8.669410e-01  1.656192e+02
     vertex -5.827442e+01 -5.782659e-01  1.659525e+02
   endloop
 endfacet
 facet normal  7.016788e-01 -1.237599e-01  7.016625e-01
   outer loop
     vertex -5.856755e+01 -9.276027e-01  1.659525e+02
     vertex -5.894108e+01 -1.155616e+00  1.662858e+02
     vertex -5.794109e+01 -1.155616e+00  1.652858e+02
   endloop
 endfacet
 facet normal  6.420897e-01 -2.994114e-01  7.057433e-01
   outer loop
     vertex -5.856755e+01 -9.276027e-01  1.659525e+02
     vertex -5.880711e+01 -6.556161e-01  1.662859e+02
     vertex -5.888078e+01 -8.135960e-01  1.662859e+02
   endloop
 endfacet
 facet normal  6.843272e-01 -1.833649e-01  7.057433e-01
   outer loop
     vertex -5.856755e+01 -9.276027e-01  1.659525e+02
     vertex -5.888078e+01 -8.135960e-01  1.662859e+02
     vertex -5.892589e+01 -9.819680e-01  1.662859e+02
   endloop
 endfacet
 facet normal  6.847426e-01 -5.998065e-02  7.263125e-01
   outer loop
     vertex -5.856755e+01 -9.276027e-01  1.659525e+02
     vertex -5.892589e+01 -9.819680e-01  1.662859e+02
     vertex -5.894108e+01 -1.155616e+00  1.662858e+02
   endloop
 endfacet
 facet normal  6.031533e-01 -3.482307e-01  7.175942e-01
   outer loop
     vertex -5.856755e+01 -9.276027e-01  1.659525e+02
     vertex -5.845178e+01 -7.270911e-01  1.659525e+02
     vertex -5.880711e+01 -6.556161e-01  1.662859e+02
   endloop
 endfacet
 facet normal  2.743524e-01  9.590628e-01 -7.020915e-02
   outer loop
     vertex -5.856755e+01 -9.276027e-01  1.659525e+02
     vertex -5.794109e+01 -1.155616e+00  1.652858e+02
     vertex -5.825432e+01 -1.041609e+00  1.656192e+02
   endloop
 endfacet
 facet normal  6.170539e-01 -3.562562e-01  7.016595e-01
   outer loop
     vertex -5.856755e+01 -9.276027e-01  1.659525e+02
     vertex -5.825432e+01 -1.041609e+00  1.656192e+02
     vertex -5.819643e+01 -9.413536e-01  1.656192e+02
   endloop
 endfacet
 facet normal  6.170539e-01 -3.562562e-01  7.016595e-01
   outer loop
     vertex -5.856755e+01 -9.276027e-01  1.659525e+02
     vertex -5.819643e+01 -9.413536e-01  1.656192e+02
     vertex -5.845178e+01 -7.270911e-01  1.659525e+02
   endloop
 endfacet
 facet normal  7.016788e-01  1.237599e-01  7.016625e-01
   outer loop
     vertex -5.825432e+01 -1.269623e+00  1.656192e+02
     vertex -5.794109e+01 -1.155616e+00  1.652858e+02
     vertex -5.894108e+01 -1.155616e+00  1.662858e+02
   endloop
 endfacet
 facet normal  6.170539e-01  3.562562e-01  7.016595e-01
   outer loop
     vertex -5.819643e+01 -1.369879e+00  1.656192e+02
     vertex -5.794109e+01 -1.155616e+00  1.652858e+02
     vertex -5.825432e+01 -1.269623e+00  1.656192e+02
   endloop
 endfacet
 facet normal  4.579942e-01  5.458162e-01  7.016595e-01
   outer loop
     vertex -5.810775e+01 -1.444291e+00  1.656192e+02
     vertex -5.794109e+01 -1.155616e+00  1.652858e+02
     vertex -5.819643e+01 -1.369879e+00  1.656192e+02
   endloop
 endfacet
 facet normal  6.847426e-01  5.998065e-02  7.263125e-01
   outer loop
     vertex -5.856755e+01 -1.383630e+00  1.659525e+02
     vertex -5.894108e+01 -1.155616e+00  1.662858e+02
     vertex -5.892589e+01 -1.329264e+00  1.662859e+02
   endloop
 endfacet
 facet normal  6.843272e-01  1.833649e-01  7.057433e-01
   outer loop
     vertex -5.856755e+01 -1.383630e+00  1.659525e+02
     vertex -5.892589e+01 -1.329264e+00  1.662859e+02
     vertex -5.888078e+01 -1.497636e+00  1.662859e+02
   endloop
 endfacet
 facet normal  6.420897e-01  2.994114e-01  7.057433e-01
   outer loop
     vertex -5.856755e+01 -1.383630e+00  1.659525e+02
     vertex -5.888078e+01 -1.497636e+00  1.662859e+02
     vertex -5.880711e+01 -1.655616e+00  1.662859e+02
   endloop
 endfacet
 facet normal  7.016788e-01  1.237599e-01  7.016625e-01
   outer loop
     vertex -5.856755e+01 -1.383630e+00  1.659525e+02
     vertex -5.825432e+01 -1.269623e+00  1.656192e+02
     vertex -5.894108e+01 -1.155616e+00  1.662858e+02
   endloop
 endfacet
 facet normal  2.436936e-01  6.695427e-01  7.016595e-01
   outer loop
     vertex -5.799897e+01 -1.483885e+00  1.656192e+02
     vertex -5.794109e+01 -1.155616e+00  1.652858e+02
     vertex -5.810775e+01 -1.444291e+00  1.656192e+02
   endloop
 endfacet
 facet normal  5.803427e-01  4.063603e-01  7.057433e-01
   outer loop
     vertex -5.845178e+01 -1.584141e+00  1.659525e+02
     vertex -5.880711e+01 -1.655616e+00  1.662859e+02
     vertex -5.870713e+01 -1.798404e+00  1.662859e+02
   endloop
 endfacet
 facet normal  5.009623e-01  5.009623e-01  7.057433e-01
   outer loop
     vertex -5.845178e+01 -1.584141e+00  1.659525e+02
     vertex -5.870713e+01 -1.798404e+00  1.662859e+02
     vertex -5.858387e+01 -1.921661e+00  1.662859e+02
   endloop
 endfacet
 facet normal  6.170539e-01  3.562562e-01  7.016595e-01
   outer loop
     vertex -5.845178e+01 -1.584141e+00  1.659525e+02
     vertex -5.825432e+01 -1.269623e+00  1.656192e+02
     vertex -5.856755e+01 -1.383630e+00  1.659525e+02
   endloop
 endfacet
 facet normal  6.170539e-01  3.562562e-01  7.016595e-01
   outer loop
     vertex -5.845178e+01 -1.584141e+00  1.659525e+02
     vertex -5.819643e+01 -1.369879e+00  1.656192e+02
     vertex -5.825432e+01 -1.269623e+00  1.656192e+02
   endloop
 endfacet
 facet normal  6.031533e-01  3.482307e-01  7.175942e-01
   outer loop
     vertex -5.845178e+01 -1.584141e+00  1.659525e+02
     vertex -5.856755e+01 -1.383630e+00  1.659525e+02
     vertex -5.880711e+01 -1.655616e+00  1.662859e+02
   endloop
 endfacet
 facet normal  0.000000e+00  0.000000e+00  0.000000e+00
   outer loop
     vertex -5.788320e+01 -1.483885e+00  1.656192e+02
     vertex -5.794109e+01 -1.155616e+00  1.652858e+02
     vertex -5.794109e+01 -1.155616e+00  1.652858e+02
   endloop
 endfacet
 facet normal  1.910123e-10  7.125124e-01  7.016595e-01
   outer loop
     vertex -5.788320e+01 -1.483885e+00  1.656192e+02
     vertex -5.794109e+01 -1.155616e+00  1.652858e+02
     vertex -5.799897e+01 -1.483885e+00  1.656192e+02
   endloop
 endfacet
 facet normal  4.063603e-01  5.803427e-01  7.057433e-01
   outer loop
     vertex -5.827442e+01 -1.732966e+00  1.659525e+02
     vertex -5.858387e+01 -1.921661e+00  1.662859e+02
     vertex -5.844109e+01 -2.021642e+00  1.662859e+02
   endloop
 endfacet
 facet normal  2.994114e-01  6.420897e-01  7.057433e-01
   outer loop
     vertex -5.827442e+01 -1.732966e+00  1.659525e+02
     vertex -5.844109e+01 -2.021642e+00  1.662859e+02
     vertex -5.828311e+01 -2.095309e+00  1.662859e+02
   endloop
 endfacet
 facet normal  4.579942e-01  5.458162e-01  7.016595e-01
   outer loop
     vertex -5.827442e+01 -1.732966e+00  1.659525e+02
     vertex -5.819643e+01 -1.369879e+00  1.656192e+02
     vertex -5.845178e+01 -1.584141e+00  1.659525e+02
   endloop
 endfacet
 facet normal  4.579942e-01  5.458162e-01  7.016595e-01
   outer loop
     vertex -5.827442e+01 -1.732966e+00  1.659525e+02
     vertex -5.810775e+01 -1.444291e+00  1.656192e+02
     vertex -5.819643e+01 -1.369879e+00  1.656192e+02
   endloop
 endfacet
 facet normal  4.476768e-01  5.335204e-01  7.175942e-01
   outer loop
     vertex -5.827442e+01 -1.732966e+00  1.659525e+02
     vertex -5.845178e+01 -1.584141e+00  1.659525e+02
     vertex -5.858387e+01 -1.921661e+00  1.662859e+02
   endloop
 endfacet
 facet normal -2.436936e-01  6.695427e-01  7.016595e-01
   outer loop
     vertex -5.777442e+01 -1.444291e+00  1.656192e+02
     vertex -5.794109e+01 -1.155616e+00  1.652858e+02
     vertex -5.788320e+01 -1.483885e+00  1.656192e+02
   endloop
 endfacet
 facet normal  1.833649e-01  6.843272e-01  7.057433e-01
   outer loop
     vertex -5.805685e+01 -1.812155e+00  1.659525e+02
     vertex -5.828311e+01 -2.095309e+00  1.662859e+02
     vertex -5.811473e+01 -2.140424e+00  1.662859e+02
   endloop
 endfacet
 facet normal  6.174702e-02  7.057717e-01  7.057433e-01
   outer loop
     vertex -5.805685e+01 -1.812155e+00  1.659525e+02
     vertex -5.811473e+01 -2.140424e+00  1.662859e+02
     vertex -5.794109e+01 -2.155616e+00  1.662859e+02
   endloop
 endfacet
 facet normal  2.436936e-01  6.695427e-01  7.016595e-01
   outer loop
     vertex -5.805685e+01 -1.812155e+00  1.659525e+02
     vertex -5.810775e+01 -1.444291e+00  1.656192e+02
     vertex -5.827442e+01 -1.732966e+00  1.659525e+02
   endloop
 endfacet
 facet normal  2.382038e-01  6.544597e-01  7.175942e-01
   outer loop
     vertex -5.805685e+01 -1.812155e+00  1.659525e+02
     vertex -5.827442e+01 -1.732966e+00  1.659525e+02
     vertex -5.828311e+01 -2.095309e+00  1.662859e+02
   endloop
 endfacet
 facet normal  2.436936e-01  6.695427e-01  7.016595e-01
   outer loop
     vertex -5.805685e+01 -1.812155e+00  1.659525e+02
     vertex -5.799897e+01 -1.483885e+00  1.656192e+02
     vertex -5.810775e+01 -1.444291e+00  1.656192e+02
   endloop
 endfacet
 facet normal -4.579942e-01  5.458162e-01  7.016595e-01
   outer loop
     vertex -5.768574e+01 -1.369879e+00  1.656192e+02
     vertex -5.794109e+01 -1.155616e+00  1.652858e+02
     vertex -5.777442e+01 -1.444291e+00  1.656192e+02
   endloop
 endfacet
 facet normal -6.174702e-02  7.057717e-01  7.057433e-01
   outer loop
     vertex -5.782532e+01 -1.812155e+00  1.659525e+02
     vertex -5.794109e+01 -2.155616e+00  1.662859e+02
     vertex -5.776744e+01 -2.140424e+00  1.662859e+02
   endloop
 endfacet
 facet normal -1.833649e-01  6.843272e-01  7.057433e-01
   outer loop
     vertex -5.782532e+01 -1.812155e+00  1.659525e+02
     vertex -5.776744e+01 -2.140424e+00  1.662859e+02
     vertex -5.759907e+01 -2.095309e+00  1.662859e+02
   endloop
 endfacet
 facet normal  1.867094e-10  6.964615e-01  7.175942e-01
   outer loop
     vertex -5.782532e+01 -1.812155e+00  1.659525e+02
     vertex -5.805685e+01 -1.812155e+00  1.659525e+02
     vertex -5.794109e+01 -2.155616e+00  1.662859e+02
   endloop
 endfacet
 facet normal  1.910123e-10  7.125124e-01  7.016595e-01
   outer loop
     vertex -5.782532e+01 -1.812155e+00  1.659525e+02
     vertex -5.788320e+01 -1.483885e+00  1.656192e+02
     vertex -5.799897e+01 -1.483885e+00  1.656192e+02
   endloop
 endfacet
 facet normal  1.910123e-10  7.125124e-01  7.016595e-01
   outer loop
     vertex -5.782532e+01 -1.812155e+00  1.659525e+02
     vertex -5.799897e+01 -1.483885e+00  1.656192e+02
     vertex -5.805685e+01 -1.812155e+00  1.659525e+02
   endloop
 endfacet
 facet normal -7.016788e-01  1.237599e-01  7.016625e-01
   outer loop
     vertex -5.762786e+01 -1.269623e+00  1.656192e+02
     vertex -5.694109e+01 -1.155616e+00  1.662858e+02
     vertex -5.794109e+01 -1.155616e+00  1.652858e+02
   endloop
 endfacet
 facet normal -6.170539e-01  3.562562e-01  7.016595e-01
   outer loop
     vertex -5.762786e+01 -1.269623e+00  1.656192e+02
     vertex -5.794109e+01 -1.155616e+00  1.652858e+02
     vertex -5.768574e+01 -1.369879e+00  1.656192e+02
   endloop
 endfacet
 facet normal -2.994114e-01  6.420897e-01  7.057433e-01
   outer loop
     vertex -5.760775e+01 -1.732966e+00  1.659525e+02
     vertex -5.759907e+01 -2.095309e+00  1.662859e+02
     vertex -5.744109e+01 -2.021642e+00  1.662859e+02
   endloop
 endfacet
 facet normal -4.063603e-01  5.803427e-01  7.057433e-01
   outer loop
     vertex -5.760775e+01 -1.732966e+00  1.659525e+02
     vertex -5.744109e+01 -2.021642e+00  1.662859e+02
     vertex -5.729830e+01 -1.921661e+00  1.662859e+02
   endloop
 endfacet
 facet normal -2.436936e-01  6.695427e-01  7.016595e-01
   outer loop
     vertex -5.760775e+01 -1.732966e+00  1.659525e+02
     vertex -5.788320e+01 -1.483885e+00  1.656192e+02
     vertex -5.782532e+01 -1.812155e+00  1.659525e+02
   endloop
 endfacet
 facet normal -2.382038e-01  6.544597e-01  7.175942e-01
   outer loop
     vertex -5.760775e+01 -1.732966e+00  1.659525e+02
     vertex -5.782532e+01 -1.812155e+00  1.659525e+02
     vertex -5.759907e+01 -2.095309e+00  1.662859e+02
   endloop
 endfacet
 facet normal -2.436936e-01  6.695427e-01  7.016595e-01
   outer loop
     vertex -5.760775e+01 -1.732966e+00  1.659525e+02
     vertex -5.777442e+01 -1.444291e+00  1.656192e+02
     vertex -5.788320e+01 -1.483885e+00  1.656192e+02
   endloop
 endfacet
 facet normal -5.009623e-01  5.009623e-01  7.057433e-01
   outer loop
     vertex -5.743039e+01 -1.584141e+00  1.659525e+02
     vertex -5.729830e+01 -1.921661e+00  1.662859e+02
     vertex -5.717504e+01 -1.798404e+00  1.662859e+02
   endloop
 endfacet
 facet normal -5.803427e-01  4.063603e-01  7.057433e-01
   outer loop
     vertex -5.743039e+01 -1.584141e+00  1.659525e+02
     vertex -5.717504e+01 -1.798404e+00  1.662859e+02
     vertex -5.707506e+01 -1.655616e+00  1.662859e+02
   endloop
 endfacet
 facet normal -4.476768e-01  5.335204e-01  7.175942e-01
   outer loop
     vertex -5.743039e+01 -1.584141e+00  1.659525e+02
     vertex -5.760775e+01 -1.732966e+00  1.659525e+02
     vertex -5.729830e+01 -1.921661e+00  1.662859e+02
   endloop
 endfacet
 facet normal -4.579942e-01  5.458162e-01  7.016595e-01
   outer loop
     vertex -5.743039e+01 -1.584141e+00  1.659525e+02
     vertex -5.768574e+01 -1.369879e+00  1.656192e+02
     vertex -5.777442e+01 -1.444291e+00  1.656192e+02
   endloop
 endfacet
 facet normal -4.579942e-01  5.458162e-01  7.016595e-01
   outer loop
     vertex -5.743039e+01 -1.584141e+00  1.659525e+02
     vertex -5.777442e+01 -1.444291e+00  1.656192e+02
     vertex -5.760775e+01 -1.732966e+00  1.659525e+02
   endloop
 endfacet
 facet normal -6.420897e-01  2.994114e-01  7.057433e-01
   outer loop
     vertex -5.731462e+01 -1.383630e+00  1.659525e+02
     vertex -5.707506e+01 -1.655616e+00  1.662859e+02
     vertex -5.700139e+01 -1.497636e+00  1.662859e+02
   endloop
 endfacet
 facet normal -6.843272e-01  1.833649e-01  7.057433e-01
   outer loop
     vertex -5.731462e+01 -1.383630e+00  1.659525e+02
     vertex -5.700139e+01 -1.497636e+00  1.662859e+02
     vertex -5.695628e+01 -1.329264e+00  1.662859e+02
   endloop
 endfacet
 facet normal -6.847426e-01  5.998065e-02  7.263125e-01
   outer loop
     vertex -5.731462e+01 -1.383630e+00  1.659525e+02
     vertex -5.695628e+01 -1.329264e+00  1.662859e+02
     vertex -5.694109e+01 -1.155616e+00  1.662858e+02
   endloop
 endfacet
 facet normal -6.031533e-01  3.482307e-01  7.175942e-01
   outer loop
     vertex -5.731462e+01 -1.383630e+00  1.659525e+02
     vertex -5.743039e+01 -1.584141e+00  1.659525e+02
     vertex -5.707506e+01 -1.655616e+00  1.662859e+02
   endloop
 endfacet
 facet normal -7.016788e-01  1.237599e-01  7.016625e-01
   outer loop
     vertex -5.731462e+01 -1.383630e+00  1.659525e+02
     vertex -5.694109e+01 -1.155616e+00  1.662858e+02
     vertex -5.762786e+01 -1.269623e+00  1.656192e+02
   endloop
 endfacet
 facet normal -6.170539e-01  3.562562e-01  7.016595e-01
   outer loop
     vertex -5.731462e+01 -1.383630e+00  1.659525e+02
     vertex -5.762786e+01 -1.269623e+00  1.656192e+02
     vertex -5.768574e+01 -1.369879e+00  1.656192e+02
   endloop
 endfacet
 facet normal -6.170539e-01  3.562562e-01  7.016595e-01
   outer loop
     vertex -5.731462e+01 -1.383630e+00  1.659525e+02
     vertex -5.768574e+01 -1.369879e+00  1.656192e+02
     vertex -5.743039e+01 -1.584141e+00  1.659525e+02
   endloop
 endfacet
 facet normal -6.170537e-01 -3.562564e-01  7.016595e-01
   outer loop
     vertex -4.468574e+01 -9.413535e-01  1.656192e+02
     vertex -4.494109e+01 -1.155616e+00  1.652858e+02
     vertex -4.462786e+01 -1.041609e+00  1.656192e+02
   endloop
 endfacet
 facet normal -4.579938e-01 -5.458165e-01  7.016595e-01
   outer loop
     vertex -4.477442e+01 -8.669409e-01  1.656192e+02
     vertex -4.494109e+01 -1.155616e+00  1.652858e+02
     vertex -4.468574e+01 -9.413535e-01  1.656192e+02
   endloop
 endfacet
 facet normal -6.847396e-01 -5.990696e-02  7.263214e-01
   outer loop
     vertex -4.431462e+01 -9.276026e-01  1.659525e+02
     vertex -4.394109e+01 -1.155616e+00  1.662859e+02
     vertex -4.395628e+01 -9.819680e-01  1.662859e+02
   endloop
 endfacet
 facet normal -6.843272e-01 -1.833649e-01  7.057433e-01
   outer loop
     vertex -4.431462e+01 -9.276026e-01  1.659525e+02
     vertex -4.395628e+01 -9.819680e-01  1.662859e+02
     vertex -4.400139e+01 -8.135960e-01  1.662859e+02
   endloop
 endfacet
 facet normal -6.420898e-01 -2.994114e-01  7.057433e-01
   outer loop
     vertex -4.431462e+01 -9.276026e-01  1.659525e+02
     vertex -4.400139e+01 -8.135960e-01  1.662859e+02
     vertex -4.407506e+01 -6.556161e-01  1.662859e+02
   endloop
 endfacet
 facet normal -7.016877e-01 -1.237266e-01  7.016595e-01
   outer loop
     vertex -4.431462e+01 -9.276026e-01  1.659525e+02
     vertex -4.494109e+01 -1.155616e+00  1.652858e+02
     vertex -4.394109e+01 -1.155616e+00  1.662859e+02
   endloop
 endfacet
 facet normal -4.117166e-01  9.081130e-01  7.629081e-02
   outer loop
     vertex -4.431462e+01 -9.276026e-01  1.659525e+02
     vertex -4.462786e+01 -1.041609e+00  1.656192e+02
     vertex -4.494109e+01 -1.155616e+00  1.652858e+02
   endloop
 endfacet
 facet normal  0.000000e+00  0.000000e+00  0.000000e+00
   outer loop
     vertex -4.488320e+01 -8.273468e-01  1.656192e+02
     vertex -4.494109e+01 -1.155616e+00  1.652858e+02
     vertex -4.494109e+01 -1.155616e+00  1.652858e+02
   endloop
 endfacet
 facet normal -2.436930e-01 -6.695429e-01  7.016595e-01
   outer loop
     vertex -4.488320e+01 -8.273468e-01  1.656192e+02
     vertex -4.494109e+01 -1.155616e+00  1.652858e+02
     vertex -4.477442e+01 -8.669409e-01  1.656192e+02
   endloop
 endfacet
 facet normal -5.803427e-01 -4.063603e-01  7.057433e-01
   outer loop
     vertex -4.443039e+01 -7.270908e-01  1.659525e+02
     vertex -4.407506e+01 -6.556161e-01  1.662859e+02
     vertex -4.417504e+01 -5.128285e-01  1.662859e+02
   endloop
 endfacet
 facet normal -5.009623e-01 -5.009623e-01  7.057433e-01
   outer loop
     vertex -4.443039e+01 -7.270908e-01  1.659525e+02
     vertex -4.417504e+01 -5.128285e-01  1.662859e+02
     vertex -4.429830e+01 -3.895717e-01  1.662859e+02
   endloop
 endfacet
 facet normal -6.170537e-01 -3.562564e-01  7.016595e-01
   outer loop
     vertex -4.443039e+01 -7.270908e-01  1.659525e+02
     vertex -4.462786e+01 -1.041609e+00  1.656192e+02
     vertex -4.431462e+01 -9.276026e-01  1.659525e+02
   endloop
 endfacet
 facet normal -6.170537e-01 -3.562564e-01  7.016595e-01
   outer loop
     vertex -4.443039e+01 -7.270908e-01  1.659525e+02
     vertex -4.468574e+01 -9.413535e-01  1.656192e+02
     vertex -4.462786e+01 -1.041609e+00  1.656192e+02
   endloop
 endfacet
 facet normal -6.031532e-01 -3.482309e-01  7.175942e-01
   outer loop
     vertex -4.443039e+01 -7.270908e-01  1.659525e+02
     vertex -4.431462e+01 -9.276026e-01  1.659525e+02
     vertex -4.407506e+01 -6.556161e-01  1.662859e+02
   endloop
 endfacet
 facet normal  7.952148e-07 -7.125124e-01  7.016595e-01
   outer loop
     vertex -4.499897e+01 -8.273470e-01  1.656192e+02
     vertex -4.494109e+01 -1.155616e+00  1.652858e+02
     vertex -4.488320e+01 -8.273468e-01  1.656192e+02
   endloop
 endfacet
 facet normal -4.063603e-01 -5.803427e-01  7.057433e-01
   outer loop
     vertex -4.460775e+01 -5.782656e-01  1.659525e+02
     vertex -4.429830e+01 -3.895717e-01  1.662859e+02
     vertex -4.444109e+01 -2.895907e-01  1.662859e+02
   endloop
 endfacet
 facet normal -2.994114e-01 -6.420898e-01  7.057433e-01
   outer loop
     vertex -4.460775e+01 -5.782656e-01  1.659525e+02
     vertex -4.444109e+01 -2.895907e-01  1.662859e+02
     vertex -4.459907e+01 -2.159235e-01  1.662859e+02
   endloop
 endfacet
 facet normal -4.476765e-01 -5.335207e-01  7.175942e-01
   outer loop
     vertex -4.460775e+01 -5.782656e-01  1.659525e+02
     vertex -4.443039e+01 -7.270908e-01  1.659525e+02
     vertex -4.429830e+01 -3.895717e-01  1.662859e+02
   endloop
 endfacet
 facet normal -4.579938e-01 -5.458165e-01  7.016595e-01
   outer loop
     vertex -4.460775e+01 -5.782656e-01  1.659525e+02
     vertex -4.468574e+01 -9.413535e-01  1.656192e+02
     vertex -4.443039e+01 -7.270908e-01  1.659525e+02
   endloop
 endfacet
 facet normal -4.579938e-01 -5.458165e-01  7.016595e-01
   outer loop
     vertex -4.460775e+01 -5.782656e-01  1.659525e+02
     vertex -4.477442e+01 -8.669409e-01  1.656192e+02
     vertex -4.468574e+01 -9.413535e-01  1.656192e+02
   endloop
 endfacet
 facet normal  2.436945e-01 -6.695423e-01  7.016595e-01
   outer loop
     vertex -4.510775e+01 -8.669413e-01  1.656192e+02
     vertex -4.494109e+01 -1.155616e+00  1.652858e+02
     vertex -4.499897e+01 -8.273470e-01  1.656192e+02
   endloop
 endfacet
 facet normal -1.833649e-01 -6.843271e-01  7.057434e-01
   outer loop
     vertex -4.482532e+01 -4.990775e-01  1.659525e+02
     vertex -4.459907e+01 -2.159235e-01  1.662859e+02
     vertex -4.476744e+01 -1.708084e-01  1.662859e+02
   endloop
 endfacet
 facet normal -6.174703e-02 -7.057718e-01  7.057432e-01
   outer loop
     vertex -4.482532e+01 -4.990775e-01  1.659525e+02
     vertex -4.476744e+01 -1.708084e-01  1.662859e+02
     vertex -4.494109e+01 -1.556161e-01  1.662859e+02
   endloop
 endfacet
 facet normal -2.382033e-01 -6.544599e-01  7.175942e-01
   outer loop
     vertex -4.482532e+01 -4.990775e-01  1.659525e+02
     vertex -4.460775e+01 -5.782656e-01  1.659525e+02
     vertex -4.459907e+01 -2.159235e-01  1.662859e+02
   endloop
 endfacet
 facet normal -2.436930e-01 -6.695429e-01  7.016595e-01
   outer loop
     vertex -4.482532e+01 -4.990775e-01  1.659525e+02
     vertex -4.488320e+01 -8.273468e-01  1.656192e+02
     vertex -4.477442e+01 -8.669409e-01  1.656192e+02
   endloop
 endfacet
 facet normal -2.436930e-01 -6.695429e-01  7.016595e-01
   outer loop
     vertex -4.482532e+01 -4.990775e-01  1.659525e+02
     vertex -4.477442e+01 -8.669409e-01  1.656192e+02
     vertex -4.460775e+01 -5.782656e-01  1.659525e+02
   endloop
 endfacet
 facet normal  4.579950e-01 -5.458154e-01  7.016595e-01
   outer loop
     vertex -4.519643e+01 -9.413541e-01  1.656192e+02
     vertex -4.494109e+01 -1.155616e+00  1.652858e+02
     vertex -4.510775e+01 -8.669413e-01  1.656192e+02
   endloop
 endfacet
 facet normal  6.174702e-02 -7.057716e-01  7.057434e-01
   outer loop
     vertex -4.505685e+01 -4.990778e-01  1.659525e+02
     vertex -4.494109e+01 -1.556161e-01  1.662859e+02
     vertex -4.511473e+01 -1.708084e-01  1.662859e+02
   endloop
 endfacet
 facet normal  1.833649e-01 -6.843273e-01  7.057432e-01
   outer loop
     vertex -4.505685e+01 -4.990778e-01  1.659525e+02
     vertex -4.511473e+01 -1.708084e-01  1.662859e+02
     vertex -4.528311e+01 -2.159235e-01  1.662859e+02
   endloop
 endfacet
 facet normal  7.773007e-07 -6.964614e-01  7.175942e-01
   outer loop
     vertex -4.505685e+01 -4.990778e-01  1.659525e+02
     vertex -4.482532e+01 -4.990775e-01  1.659525e+02
     vertex -4.494109e+01 -1.556161e-01  1.662859e+02
   endloop
 endfacet
 facet normal  7.952148e-07 -7.125124e-01  7.016595e-01
   outer loop
     vertex -4.505685e+01 -4.990778e-01  1.659525e+02
     vertex -4.499897e+01 -8.273470e-01  1.656192e+02
     vertex -4.488320e+01 -8.273468e-01  1.656192e+02
   endloop
 endfacet
 facet normal  7.952148e-07 -7.125124e-01  7.016595e-01
   outer loop
     vertex -4.505685e+01 -4.990778e-01  1.659525e+02
     vertex -4.488320e+01 -8.273468e-01  1.656192e+02
     vertex -4.482532e+01 -4.990775e-01  1.659525e+02
   endloop
 endfacet
 facet normal  6.170545e-01 -3.562551e-01  7.016595e-01
   outer loop
     vertex -4.525432e+01 -1.041610e+00  1.656192e+02
     vertex -4.494109e+01 -1.155616e+00  1.652858e+02
     vertex -4.519643e+01 -9.413541e-01  1.656192e+02
   endloop
 endfacet
 facet normal  2.994113e-01 -6.420897e-01  7.057434e-01
   outer loop
     vertex -4.527442e+01 -5.782664e-01  1.659525e+02
     vertex -4.528311e+01 -2.159235e-01  1.662859e+02
     vertex -4.544109e+01 -2.895907e-01  1.662859e+02
   endloop
 endfacet
 facet normal  4.063604e-01 -5.803428e-01  7.057432e-01
   outer loop
     vertex -4.527442e+01 -5.782664e-01  1.659525e+02
     vertex -4.544109e+01 -2.895907e-01  1.662859e+02
     vertex -4.558387e+01 -3.895717e-01  1.662859e+02
   endloop
 endfacet
 facet normal  2.436945e-01 -6.695423e-01  7.016595e-01
   outer loop
     vertex -4.527442e+01 -5.782664e-01  1.659525e+02
     vertex -4.499897e+01 -8.273470e-01  1.656192e+02
     vertex -4.505685e+01 -4.990778e-01  1.659525e+02
   endloop
 endfacet
 facet normal  2.436945e-01 -6.695423e-01  7.016595e-01
   outer loop
     vertex -4.527442e+01 -5.782664e-01  1.659525e+02
     vertex -4.510775e+01 -8.669413e-01  1.656192e+02
     vertex -4.499897e+01 -8.273470e-01  1.656192e+02
   endloop
 endfacet
 facet normal  2.382047e-01 -6.544594e-01  7.175942e-01
   outer loop
     vertex -4.527442e+01 -5.782664e-01  1.659525e+02
     vertex -4.505685e+01 -4.990778e-01  1.659525e+02
     vertex -4.528311e+01 -2.159235e-01  1.662859e+02
   endloop
 endfacet
 facet normal  5.009622e-01 -5.009622e-01  7.057434e-01
   outer loop
     vertex -4.545178e+01 -7.270920e-01  1.659525e+02
     vertex -4.558387e+01 -3.895717e-01  1.662859e+02
     vertex -4.570713e+01 -5.128285e-01  1.662859e+02
   endloop
 endfacet
 facet normal  5.803428e-01 -4.063604e-01  7.057432e-01
   outer loop
     vertex -4.545178e+01 -7.270920e-01  1.659525e+02
     vertex -4.570713e+01 -5.128285e-01  1.662859e+02
     vertex -4.580711e+01 -6.556161e-01  1.662859e+02
   endloop
 endfacet
 facet normal  4.476776e-01 -5.335197e-01  7.175942e-01
   outer loop
     vertex -4.545178e+01 -7.270920e-01  1.659525e+02
     vertex -4.527442e+01 -5.782664e-01  1.659525e+02
     vertex -4.558387e+01 -3.895717e-01  1.662859e+02
   endloop
 endfacet
 facet normal  4.579950e-01 -5.458154e-01  7.016595e-01
   outer loop
     vertex -4.545178e+01 -7.270920e-01  1.659525e+02
     vertex -4.519643e+01 -9.413541e-01  1.656192e+02
     vertex -4.510775e+01 -8.669413e-01  1.656192e+02
   endloop
 endfacet
 facet normal  4.579950e-01 -5.458154e-01  7.016595e-01
   outer loop
     vertex -4.545178e+01 -7.270920e-01  1.659525e+02
     vertex -4.510775e+01 -8.669413e-01  1.656192e+02
     vertex -4.527442e+01 -5.782664e-01  1.659525e+02
   endloop
 endfacet
 facet normal  6.420896e-01 -2.994113e-01  7.057434e-01
   outer loop
     vertex -4.556755e+01 -9.276040e-01  1.659525e+02
     vertex -4.580711e+01 -6.556161e-01  1.662859e+02
     vertex -4.588078e+01 -8.135960e-01  1.662859e+02
   endloop
 endfacet
 facet normal  6.843273e-01 -1.833649e-01  7.057432e-01
   outer loop
     vertex -4.556755e+01 -9.276040e-01  1.659525e+02
     vertex -4.588078e+01 -8.135960e-01  1.662859e+02
     vertex -4.592589e+01 -9.819680e-01  1.662859e+02
   endloop
 endfacet
 facet normal  6.847400e-01 -5.990699e-02  7.263210e-01
   outer loop
     vertex -4.556755e+01 -9.276040e-01  1.659525e+02
     vertex -4.592589e+01 -9.819680e-01  1.662859e+02
     vertex -4.594109e+01 -1.155616e+00  1.662859e+02
   endloop
 endfacet
 facet normal  7.016878e-01 -1.237258e-01  7.016596e-01
   outer loop
     vertex -4.556755e+01 -9.276040e-01  1.659525e+02
     vertex -4.594109e+01 -1.155616e+00  1.662859e+02
     vertex -4.494109e+01 -1.155616e+00  1.652858e+02
   endloop
 endfacet
 facet normal  6.031540e-01 -3.482296e-01  7.175942e-01
   outer loop
     vertex -4.556755e+01 -9.276040e-01  1.659525e+02
     vertex -4.545178e+01 -7.270920e-01  1.659525e+02
     vertex -4.580711e+01 -6.556161e-01  1.662859e+02
   endloop
 endfacet
 facet normal  2.904492e-01  9.553757e-01 -5.382039e-02
   outer loop
     vertex -4.556755e+01 -9.276040e-01  1.659525e+02
     vertex -4.494109e+01 -1.155616e+00  1.652858e+02
     vertex -4.525432e+01 -1.041610e+00  1.656192e+02
   endloop
 endfacet
 facet normal  6.170545e-01 -3.562551e-01  7.016595e-01
   outer loop
     vertex -4.556755e+01 -9.276040e-01  1.659525e+02
     vertex -4.525432e+01 -1.041610e+00  1.656192e+02
     vertex -4.519643e+01 -9.413541e-01  1.656192e+02
   endloop
 endfacet
 facet normal  6.170545e-01 -3.562551e-01  7.016595e-01
   outer loop
     vertex -4.556755e+01 -9.276040e-01  1.659525e+02
     vertex -4.519643e+01 -9.413541e-01  1.656192e+02
     vertex -4.545178e+01 -7.270920e-01  1.659525e+02
   endloop
 endfacet
 facet normal -3.503823e-15  1.000000e+00  3.366483e-15
   outer loop
     vertex -6.234109e+01  1.344384e+00  1.652858e+02
     vertex -4.054109e+01  1.344384e+00  1.683858e+02
     vertex -4.054109e+01  1.344384e+00  1.652858e+02
   endloop
 endfacet
 facet normal -3.503823e-15  1.000000e+00  3.366483e-15
   outer loop
     vertex -6.234109e+01  1.344384e+00  1.683858e+02
     vertex -4.054109e+01  1.344384e+00  1.683858e+02
     vertex -6.234109e+01  1.344384e+00  1.652858e+02
   endloop
 endfacet
 facet normal -3.503370e-15  1.000000e+00  3.463896e-15
   outer loop
     vertex -3.604109e+01  1.044384e+00  1.624858e+02
     vertex -4.054109e+01  1.044384e+00  1.624858e+02
     vertex -4.054109e+01  1.044384e+00  1.649858e+02
   endloop
 endfacet
 facet normal -3.454027e-15  1.000000e+00  3.633457e-15
   outer loop
     vertex -3.604109e+01  1.044384e+00  1.682858e+02
     vertex -4.054109e+01  1.044384e+00  1.649858e+02
     vertex -4.054109e+01  1.044384e+00  1.682858e+02
   endloop
 endfacet
 facet normal -3.428505e-15  1.000000e+00  3.598654e-15
   outer loop
     vertex -3.604109e+01  1.044384e+00  1.682858e+02
     vertex -3.604109e+01  1.044384e+00  1.624858e+02
     vertex -4.054109e+01  1.044384e+00  1.649858e+02
   endloop
 endfacet
 facet normal  1.262177e-29 -3.552714e-15  1.000000e+00
   outer loop
     vertex -4.054109e+01  8.443839e-01  1.684858e+02
     vertex -4.054109e+01 -1.515562e+01  1.684858e+02
     vertex -3.604109e+01 -1.515562e+01  1.684858e+02
   endloop
 endfacet
 facet normal  1.235882e-29 -3.552714e-15  1.000000e+00
   outer loop
     vertex -3.604109e+01  8.443839e-01  1.684858e+02
     vertex -4.054109e+01  8.443839e-01  1.684858e+02
     vertex -3.604109e+01 -1.515562e+01  1.684858e+02
   endloop
 endfacet
 facet normal  3.157968e-15 -1.000000e+00 -3.675221e-15
   outer loop
     vertex -3.604109e+01 -1.535562e+01  1.682858e+02
     vertex -4.054109e+01 -1.535562e+01  1.624858e+02
     vertex -3.604109e+01 -1.535562e+01  1.624858e+02
   endloop
 endfacet
 facet normal  3.157968e-15 -1.000000e+00 -3.675221e-15
   outer loop
     vertex -3.604109e+01 -1.535562e+01  1.682858e+02
     vertex -4.054109e+01 -1.535562e+01  1.682858e+02
     vertex -4.054109e+01 -1.535562e+01  1.624858e+02
   endloop
 endfacet
 facet normal  3.422339e-15 -1.000000e+00 -3.428057e-15
   outer loop
     vertex -4.054109e+01 -1.565562e+01  1.683858e+02
     vertex -6.234109e+01 -1.565562e+01  1.683858e+02
     vertex -6.234109e+01 -1.565562e+01  1.626858e+02
   endloop
 endfacet
 facet normal  3.503823e-15 -1.000000e+00 -3.739699e-15
   outer loop
     vertex -4.054109e+01 -1.565562e+01  1.683858e+02
     vertex -6.234109e+01 -1.565562e+01  1.626858e+02
     vertex -4.054109e+01 -1.565562e+01  1.626858e+02
   endloop
 endfacet
 facet normal  3.947460e-15 -1.000000e+00 -3.675221e-15
   outer loop
     vertex -6.234109e+01 -1.535562e+01  1.682858e+02
     vertex -6.684109e+01 -1.535562e+01  1.682858e+02
     vertex -6.684109e+01 -1.535562e+01  1.624858e+02
   endloop
 endfacet
 facet normal  3.947460e-15 -1.000000e+00 -3.675221e-15
   outer loop
     vertex -6.234109e+01 -1.535562e+01  1.682858e+02
     vertex -6.684109e+01 -1.535562e+01  1.624858e+02
     vertex -6.234109e+01 -1.535562e+01  1.624858e+02
   endloop
 endfacet
 facet normal  1.121936e-29 -3.552714e-15  1.000000e+00
   outer loop
     vertex -6.234109e+01  8.443839e-01  1.684858e+02
     vertex -6.684109e+01 -1.515562e+01  1.684858e+02
     vertex -6.234109e+01 -1.515562e+01  1.684858e+02
   endloop
 endfacet
 facet normal  1.235882e-29 -3.552714e-15  1.000000e+00
   outer loop
     vertex -6.234109e+01  8.443839e-01  1.684858e+02
     vertex -6.684109e+01  8.443839e-01  1.684858e+02
     vertex -6.684109e+01 -1.515562e+01  1.684858e+02
   endloop
 endfacet
 facet normal -3.503370e-15  1.000000e+00  3.463896e-15
   outer loop
     vertex -6.684109e+01  1.044384e+00  1.624858e+02
     vertex -6.234109e+01  1.044384e+00  1.649858e+02
     vertex -6.234109e+01  1.044384e+00  1.624858e+02
   endloop
 endfacet
 facet normal -3.454027e-15  1.000000e+00  3.700743e-15
   outer loop
     vertex -6.684109e+01  1.044384e+00  1.682858e+02
     vertex -6.234109e+01  1.044384e+00  1.682858e+02
     vertex -6.234109e+01  1.044384e+00  1.649858e+02
   endloop
 endfacet
 facet normal -3.556967e-15  1.000000e+00  3.560370e-15
   outer loop
     vertex -6.684109e+01  1.044384e+00  1.682858e+02
     vertex -6.234109e+01  1.044384e+00  1.649858e+02
     vertex -6.684109e+01  1.044384e+00  1.624858e+02
   endloop
 endfacet
 facet normal -6.835620e-16  1.950903e-01  9.807853e-01
   outer loop
     vertex -6.234109e+01  1.344384e+00  1.646858e+02
     vertex -4.054109e+01  1.229579e+00  1.647087e+02
     vertex -4.054109e+01  1.344384e+00  1.646858e+02
   endloop
 endfacet
 facet normal -6.835620e-16  1.950903e-01  9.807853e-01
   outer loop
     vertex -6.234109e+01  1.229579e+00  1.647087e+02
     vertex -4.054109e+01  1.229579e+00  1.647087e+02
     vertex -6.234109e+01  1.344384e+00  1.646858e+02
   endloop
 endfacet
 facet normal -1.946620e-15  5.555702e-01  8.314696e-01
   outer loop
     vertex -6.234109e+01  1.132252e+00  1.647737e+02
     vertex -4.054109e+01  1.132252e+00  1.647737e+02
     vertex -4.054109e+01  1.229579e+00  1.647087e+02
   endloop
 endfacet
 facet normal -1.946633e-15  5.555702e-01  8.314696e-01
   outer loop
     vertex -6.234109e+01  1.132252e+00  1.647737e+02
     vertex -4.054109e+01  1.229579e+00  1.647087e+02
     vertex -6.234109e+01  1.229579e+00  1.647087e+02
   endloop
 endfacet
 facet normal -2.913322e-15  8.314696e-01  5.555702e-01
   outer loop
     vertex -6.234109e+01  1.067220e+00  1.648710e+02
     vertex -4.054109e+01  1.067220e+00  1.648710e+02
     vertex -4.054109e+01  1.132252e+00  1.647737e+02
   endloop
 endfacet
 facet normal -2.913321e-15  8.314696e-01  5.555702e-01
   outer loop
     vertex -6.234109e+01  1.067220e+00  1.648710e+02
     vertex -4.054109e+01  1.132252e+00  1.647737e+02
     vertex -6.234109e+01  1.132252e+00  1.647737e+02
   endloop
 endfacet
 facet normal -3.426508e-15  9.807853e-01  1.950903e-01
   outer loop
     vertex -6.234109e+01  1.044384e+00  1.649858e+02
     vertex -4.054109e+01  1.044384e+00  1.649858e+02
     vertex -4.054109e+01  1.067220e+00  1.648710e+02
   endloop
 endfacet
 facet normal -3.436603e-15  9.807853e-01  1.950903e-01
   outer loop
     vertex -6.234109e+01  1.044384e+00  1.649858e+02
     vertex -4.054109e+01  1.067220e+00  1.648710e+02
     vertex -6.234109e+01  1.067220e+00  1.648710e+02
   endloop
 endfacet
 facet normal -2.442366e-15  7.071068e-01 -7.071068e-01
   outer loop
     vertex -3.604109e+01  1.044384e+00  1.624858e+02
     vertex -3.604109e+01  8.443839e-01  1.622858e+02
     vertex -4.054109e+01  8.443839e-01  1.622858e+02
   endloop
 endfacet
 facet normal -2.477257e-15  7.071068e-01 -7.071068e-01
   outer loop
     vertex -3.604109e+01  1.044384e+00  1.624858e+02
     vertex -4.054109e+01  8.443839e-01  1.622858e+02
     vertex -4.054109e+01  1.044384e+00  1.624858e+02
   endloop
 endfacet
 facet normal  1.000000e+00  0.000000e+00  0.000000e+00
   outer loop
     vertex -4.054109e+01  1.044384e+00  1.624858e+02
     vertex -4.054109e+01  8.443839e-01  1.622858e+02
     vertex -4.054109e+01  9.443839e-01  1.622858e+02
   endloop
 endfacet
 facet normal  1.000000e+00  0.000000e+00  0.000000e+00
   outer loop
     vertex -4.054109e+01  1.344384e+00  1.626858e+02
     vertex -4.054109e+01  1.044384e+00  1.624858e+02
     vertex -4.054109e+01  9.443839e-01  1.622858e+02
   endloop
 endfacet
 facet normal  1.000000e+00  0.000000e+00  0.000000e+00
   outer loop
     vertex -4.054109e+01  1.229579e+00  1.647087e+02
     vertex -4.054109e+01  1.132252e+00  1.647737e+02
     vertex -4.054109e+01  1.044384e+00  1.624858e+02
   endloop
 endfacet
 facet normal  1.000000e+00  0.000000e+00  0.000000e+00
   outer loop
     vertex -4.054109e+01  1.229579e+00  1.647087e+02
     vertex -4.054109e+01  1.044384e+00  1.624858e+02
     vertex -4.054109e+01  1.344384e+00  1.626858e+02
   endloop
 endfacet
 facet normal  1.000000e+00  0.000000e+00  0.000000e+00
   outer loop
     vertex -4.054109e+01  1.344384e+00  1.646858e+02
     vertex -4.054109e+01  1.229579e+00  1.647087e+02
     vertex -4.054109e+01  1.344384e+00  1.626858e+02
   endloop
 endfacet
 facet normal  1.000000e+00  0.000000e+00  0.000000e+00
   outer loop
     vertex -4.054109e+01  1.044384e+00  1.649858e+02
     vertex -4.054109e+01  1.044384e+00  1.624858e+02
     vertex -4.054109e+01  1.067220e+00  1.648710e+02
   endloop
 endfacet
 facet normal  1.000000e+00  0.000000e+00  0.000000e+00
   outer loop
     vertex -4.054109e+01  1.067220e+00  1.648710e+02
     vertex -4.054109e+01  1.044384e+00  1.624858e+02
     vertex -4.054109e+01  1.132252e+00  1.647737e+02
   endloop
 endfacet
 facet normal -2.442366e-15  7.071068e-01  7.071068e-01
   outer loop
     vertex -3.604109e+01  1.044384e+00  1.682858e+02
     vertex -4.054109e+01  1.044384e+00  1.682858e+02
     vertex -4.054109e+01  8.443839e-01  1.684858e+02
   endloop
 endfacet
 facet normal -2.459812e-15  7.071068e-01  7.071068e-01
   outer loop
     vertex -3.604109e+01  8.443839e-01  1.684858e+02
     vertex -3.604109e+01  1.044384e+00  1.682858e+02
     vertex -4.054109e+01  8.443839e-01  1.684858e+02
   endloop
 endfacet
 facet normal  1.000000e+00  4.736952e-15  1.602765e-29
   outer loop
     vertex -3.604109e+01 -1.065562e+01  1.633358e+02
     vertex -3.604109e+01 -1.515562e+01  1.622858e+02
     vertex -3.604109e+01 -1.065562e+01  1.622858e+02
   endloop
 endfacet
 facet normal  1.000000e+00  0.000000e+00  0.000000e+00
   outer loop
     vertex -3.604109e+01 -1.023894e+01  1.634622e+02
     vertex -3.604109e+01 -1.050930e+01  1.633502e+02
     vertex -3.604109e+01 -1.036860e+01  1.633929e+02
   endloop
 endfacet
 facet normal  1.000000e+00  0.000000e+00  0.000000e+00
   outer loop
     vertex -3.604109e+01 -9.962706e+00  1.637988e+02
     vertex -3.604109e+01 -1.012529e+01  1.635555e+02
     vertex -3.604109e+01 -1.003201e+01  1.636691e+02
   endloop
 endfacet
 facet normal  1.000000e+00  3.023586e-15  3.023586e-15
   outer loop
     vertex -3.604109e+01 -1.065562e+01  1.648358e+02
     vertex -3.604109e+01 -1.535562e+01  1.624858e+02
     vertex -3.604109e+01 -1.515562e+01  1.622858e+02
   endloop
 endfacet
 facet normal  1.000000e+00  0.000000e+00  0.000000e+00
   outer loop
     vertex -3.604109e+01 -1.065562e+01  1.648358e+02
     vertex -3.604109e+01 -1.065562e+01  1.633358e+02
     vertex -3.604109e+01 -1.050930e+01  1.633502e+02
   endloop
 endfacet
 facet normal  1.000000e+00  4.736952e-15  1.682903e-29
   outer loop
     vertex -3.604109e+01 -1.065562e+01  1.648358e+02
     vertex -3.604109e+01 -1.515562e+01  1.622858e+02
     vertex -3.604109e+01 -1.065562e+01  1.633358e+02
   endloop
 endfacet
 facet normal  1.000000e+00  0.000000e+00  0.000000e+00
   outer loop
     vertex -3.604109e+01 -9.905616e+00  1.640858e+02
     vertex -3.604109e+01 -9.962706e+00  1.637988e+02
     vertex -3.604109e+01 -9.920027e+00  1.639395e+02
   endloop
 endfacet
 facet normal  1.000000e+00  0.000000e+00  0.000000e+00
   outer loop
     vertex -3.604109e+01 -9.905616e+00  1.640858e+02
     vertex -3.604109e+01 -1.023894e+01  1.634622e+02
     vertex -3.604109e+01 -1.012529e+01  1.635555e+02
   endloop
 endfacet
 facet normal  1.000000e+00  0.000000e+00  0.000000e+00
   outer loop
     vertex -3.604109e+01 -9.905616e+00  1.640858e+02
     vertex -3.604109e+01 -1.050930e+01  1.633502e+02
     vertex -3.604109e+01 -1.023894e+01  1.634622e+02
   endloop
 endfacet
 facet normal  1.000000e+00  0.000000e+00  0.000000e+00
   outer loop
     vertex -3.604109e+01 -9.905616e+00  1.640858e+02
     vertex -3.604109e+01 -1.012529e+01  1.635555e+02
     vertex -3.604109e+01 -9.962706e+00  1.637988e+02
   endloop
 endfacet
 facet normal  1.000000e+00  0.000000e+00  0.000000e+00
   outer loop
     vertex -3.604109e+01 -1.003201e+01  1.645025e+02
     vertex -3.604109e+01 -9.920027e+00  1.642321e+02
     vertex -3.604109e+01 -9.962706e+00  1.643728e+02
   endloop
 endfacet
 facet normal  1.000000e+00  0.000000e+00  0.000000e+00
   outer loop
     vertex -3.604109e+01 -1.012529e+01  1.646162e+02
     vertex -3.604109e+01 -1.065562e+01  1.648358e+02
     vertex -3.604109e+01 -1.050930e+01  1.633502e+02
   endloop
 endfacet
 facet normal  1.000000e+00  0.000000e+00  0.000000e+00
   outer loop
     vertex -3.604109e+01 -1.012529e+01  1.646162e+02
     vertex -3.604109e+01 -9.920027e+00  1.642321e+02
     vertex -3.604109e+01 -1.003201e+01  1.645025e+02
   endloop
 endfacet
 facet normal  1.000000e+00  0.000000e+00  0.000000e+00
   outer loop
     vertex -3.604109e+01 -1.012529e+01  1.646162e+02
     vertex -3.604109e+01 -1.050930e+01  1.648214e+02
     vertex -3.604109e+01 -1.065562e+01  1.648358e+02
   endloop
 endfacet
 facet normal  1.000000e+00  0.000000e+00  0.000000e+00
   outer loop
     vertex -3.604109e+01 -1.012529e+01  1.646162e+02
     vertex -3.604109e+01 -1.036860e+01  1.647787e+02
     vertex -3.604109e+01 -1.050930e+01  1.648214e+02
   endloop
 endfacet
 facet normal  1.000000e+00  0.000000e+00  0.000000e+00
   outer loop
     vertex -3.604109e+01 -1.012529e+01  1.646162e+02
     vertex -3.604109e+01 -1.023894e+01  1.647094e+02
     vertex -3.604109e+01 -1.036860e+01  1.647787e+02
   endloop
 endfacet
 facet normal  1.000000e+00  0.000000e+00  0.000000e+00
   outer loop
     vertex -3.604109e+01 -1.012529e+01  1.646162e+02
     vertex -3.604109e+01 -9.905616e+00  1.640858e+02
     vertex -3.604109e+01 -9.920027e+00  1.642321e+02
   endloop
 endfacet
 facet normal  1.000000e+00  0.000000e+00  0.000000e+00
   outer loop
     vertex -3.604109e+01 -1.012529e+01  1.646162e+02
     vertex -3.604109e+01 -1.050930e+01  1.633502e+02
     vertex -3.604109e+01 -9.905616e+00  1.640858e+02
   endloop
 endfacet
 facet normal  1.000000e+00  2.880579e-15 -2.880579e-15
   outer loop
     vertex -3.604109e+01 -1.065562e+01  1.655858e+02
     vertex -3.604109e+01 -1.515562e+01  1.684858e+02
     vertex -3.604109e+01 -1.535562e+01  1.682858e+02
   endloop
 endfacet
 facet normal  1.000000e+00  4.535379e-15  1.666852e-29
   outer loop
     vertex -3.604109e+01 -1.065562e+01  1.655858e+02
     vertex -3.604109e+01 -1.535562e+01  1.682858e+02
     vertex -3.604109e+01 -1.535562e+01  1.624858e+02
   endloop
 endfacet
 facet normal  1.000000e+00  4.535379e-15  2.148387e-29
   outer loop
     vertex -3.604109e+01 -1.065562e+01  1.655858e+02
     vertex -3.604109e+01 -1.535562e+01  1.624858e+02
     vertex -3.604109e+01 -1.065562e+01  1.648358e+02
   endloop
 endfacet
 facet normal  1.000000e+00  1.798985e-15  1.241750e-15
   outer loop
     vertex -3.604109e+01 -7.686890e+00  1.670070e+02
     vertex -3.604109e+01 -1.065562e+01  1.655858e+02
     vertex -3.604109e+01 -7.604723e+00  1.668879e+02
   endloop
 endfacet
 facet normal  1.000000e+00  2.025664e-15  7.682329e-16
   outer loop
     vertex -3.604109e+01 -7.738181e+00  1.671422e+02
     vertex -3.604109e+01 -1.065562e+01  1.655858e+02
     vertex -3.604109e+01 -7.686890e+00  1.670070e+02
   endloop
 endfacet
 facet normal  1.000000e+00  2.287338e-15  2.777331e-16
   outer loop
     vertex -3.604109e+01 -7.755616e+00  1.672858e+02
     vertex -3.604109e+01 -1.065562e+01  1.655858e+02
     vertex -3.604109e+01 -7.738181e+00  1.671422e+02
   endloop
 endfacet
 facet normal  1.000000e+00  0.000000e+00  0.000000e+00
   outer loop
     vertex -3.604109e+01 -3.801934e+00  1.633502e+02
     vertex -3.604109e+01 -4.072294e+00  1.634622e+02
     vertex -3.604109e+01 -3.942629e+00  1.633929e+02
   endloop
 endfacet
 facet normal  1.000000e+00  0.000000e+00  0.000000e+00
   outer loop
     vertex -3.604109e+01 -3.801934e+00  1.633502e+02
     vertex -3.604109e+01 -4.185946e+00  1.635555e+02
     vertex -3.604109e+01 -4.072294e+00  1.634622e+02
   endloop
 endfacet
 facet normal  1.000000e+00  0.000000e+00  0.000000e+00
   outer loop
     vertex -3.604109e+01 -3.801934e+00  1.633502e+02
     vertex -3.604109e+01 -4.279218e+00  1.636691e+02
     vertex -3.604109e+01 -4.185946e+00  1.635555e+02
   endloop
 endfacet
 facet normal  1.000000e+00  0.000000e+00  0.000000e+00
   outer loop
     vertex -3.604109e+01 -4.405616e+00  1.640858e+02
     vertex -3.604109e+01 -4.348526e+00  1.637988e+02
     vertex -3.604109e+01 -4.279218e+00  1.636691e+02
   endloop
 endfacet
 facet normal  1.000000e+00  0.000000e+00  0.000000e+00
   outer loop
     vertex -3.604109e+01 -4.405616e+00  1.640858e+02
     vertex -3.604109e+01 -4.391205e+00  1.639395e+02
     vertex -3.604109e+01 -4.348526e+00  1.637988e+02
   endloop
 endfacet
 facet normal  1.000000e+00  0.000000e+00  0.000000e+00
   outer loop
     vertex -3.604109e+01 -4.405616e+00  1.640858e+02
     vertex -3.604109e+01 -4.279218e+00  1.636691e+02
     vertex -3.604109e+01 -3.801934e+00  1.633502e+02
   endloop
 endfacet
 facet normal  1.000000e+00  2.637910e-15 -3.203002e-16
   outer loop
     vertex -3.604109e+01 -7.738181e+00  1.674294e+02
     vertex -3.604109e+01 -1.065562e+01  1.655858e+02
     vertex -3.604109e+01 -7.755616e+00  1.672858e+02
   endloop
 endfacet
 facet normal  1.000000e+00  3.584955e-15 -1.787580e-15
   outer loop
     vertex -3.604109e+01 -7.686890e+00  1.675647e+02
     vertex -3.604109e+01 -1.515562e+01  1.684858e+02
     vertex -3.604109e+01 -1.065562e+01  1.655858e+02
   endloop
 endfacet
 facet normal  1.000000e+00  3.203163e-15 -1.214799e-15
   outer loop
     vertex -3.604109e+01 -7.686890e+00  1.675647e+02
     vertex -3.604109e+01 -1.065562e+01  1.655858e+02
     vertex -3.604109e+01 -7.738181e+00  1.674294e+02
   endloop
 endfacet
 facet normal  1.000000e+00  0.000000e+00  0.000000e+00
   outer loop
     vertex -3.604109e+01 -4.348526e+00  1.643728e+02
     vertex -3.604109e+01 -4.391205e+00  1.642321e+02
     vertex -3.604109e+01 -4.405616e+00  1.640858e+02
   endloop
 endfacet
 facet normal  1.000000e+00  3.506878e-15 -2.420623e-15
   outer loop
     vertex -3.604109e+01 -7.604723e+00  1.676837e+02
     vertex -3.604109e+01 -1.515562e+01  1.684858e+02
     vertex -3.604109e+01 -7.686890e+00  1.675647e+02
   endloop
 endfacet
 facet normal  1.000000e+00  3.361007e-15 -3.793793e-15
   outer loop
     vertex -3.604109e+01 -7.496455e+00  1.677796e+02
     vertex -3.604109e+01 -1.515562e+01  1.684858e+02
     vertex -3.604109e+01 -7.604723e+00  1.676837e+02
   endloop
 endfacet
 facet normal  1.000000e+00  3.156308e-15 -6.013843e-15
   outer loop
     vertex -3.604109e+01 -7.368379e+00  1.678468e+02
     vertex -3.604109e+01 -1.515562e+01  1.684858e+02
     vertex -3.604109e+01 -7.496455e+00  1.677796e+02
   endloop
 endfacet
 facet normal  1.000000e+00  0.000000e+00  0.000000e+00
   outer loop
     vertex -3.604109e+01 -4.072294e+00  1.647094e+02
     vertex -3.604109e+01 -4.279218e+00  1.645025e+02
     vertex -3.604109e+01 -4.348526e+00  1.643728e+02
   endloop
 endfacet
 facet normal  1.000000e+00  0.000000e+00  0.000000e+00
   outer loop
     vertex -3.604109e+01 -4.072294e+00  1.647094e+02
     vertex -3.604109e+01 -4.185946e+00  1.646162e+02
     vertex -3.604109e+01 -4.279218e+00  1.645025e+02
   endloop
 endfacet
 facet normal  1.000000e+00  0.000000e+00  0.000000e+00
   outer loop
     vertex -3.604109e+01 -4.072294e+00  1.647094e+02
     vertex -3.604109e+01 -4.348526e+00  1.643728e+02
     vertex -3.604109e+01 -4.405616e+00  1.640858e+02
   endloop
 endfacet
 facet normal  1.000000e+00  0.000000e+00  0.000000e+00
   outer loop
     vertex -3.604109e+01 -3.942629e+00  1.647787e+02
     vertex -3.604109e+01 -4.405616e+00  1.640858e+02
     vertex -3.604109e+01 -3.801934e+00  1.633502e+02
   endloop
 endfacet
 facet normal  1.000000e+00  0.000000e+00  0.000000e+00
   outer loop
     vertex -3.604109e+01 -3.942629e+00  1.647787e+02
     vertex -3.604109e+01 -4.072294e+00  1.647094e+02
     vertex -3.604109e+01 -4.405616e+00  1.640858e+02
   endloop
 endfacet
 facet normal  1.000000e+00  0.000000e+00  0.000000e+00
   outer loop
     vertex -3.604109e+01 -3.655616e+00  1.648358e+02
     vertex -3.604109e+01 -3.801934e+00  1.633502e+02
     vertex -3.604109e+01 -3.655616e+00  1.633358e+02
   endloop
 endfacet
 facet normal  1.000000e+00  0.000000e+00  0.000000e+00
   outer loop
     vertex -3.604109e+01 -3.655616e+00  1.648358e+02
     vertex -3.604109e+01 -3.801934e+00  1.648214e+02
     vertex -3.604109e+01 -3.942629e+00  1.647787e+02
   endloop
 endfacet
 facet normal  1.000000e+00  0.000000e+00  0.000000e+00
   outer loop
     vertex -3.604109e+01 -3.655616e+00  1.648358e+02
     vertex -3.604109e+01 -3.942629e+00  1.647787e+02
     vertex -3.604109e+01 -3.801934e+00  1.633502e+02
   endloop
 endfacet
 facet normal  1.000000e+00  3.203163e-15  1.214799e-15
   outer loop
     vertex -3.604109e+01 -3.655616e+00  1.655858e+02
     vertex -3.604109e+01 -6.624343e+00  1.675647e+02
     vertex -3.604109e+01 -6.573051e+00  1.674294e+02
   endloop
 endfacet
 facet normal  1.000000e+00  2.637910e-15  3.203002e-16
   outer loop
     vertex -3.604109e+01 -3.655616e+00  1.655858e+02
     vertex -3.604109e+01 -6.573051e+00  1.674294e+02
     vertex -3.604109e+01 -6.555616e+00  1.672858e+02
   endloop
 endfacet
 facet normal  1.000000e+00  2.287338e-15 -2.777331e-16
   outer loop
     vertex -3.604109e+01 -3.655616e+00  1.655858e+02
     vertex -3.604109e+01 -6.555616e+00  1.672858e+02
     vertex -3.604109e+01 -6.573051e+00  1.671422e+02
   endloop
 endfacet
 facet normal  1.000000e+00  2.025664e-15 -7.682329e-16
   outer loop
     vertex -3.604109e+01 -3.655616e+00  1.655858e+02
     vertex -3.604109e+01 -6.573051e+00  1.671422e+02
     vertex -3.604109e+01 -6.624343e+00  1.670070e+02
   endloop
 endfacet
 facet normal  1.000000e+00  1.798985e-15 -1.241750e-15
   outer loop
     vertex -3.604109e+01 -3.655616e+00  1.655858e+02
     vertex -3.604109e+01 -6.624343e+00  1.670070e+02
     vertex -3.604109e+01 -6.706510e+00  1.668879e+02
   endloop
 endfacet
 facet normal  1.000000e+00  3.157968e-15  1.121936e-29
   outer loop
     vertex -3.604109e+01  8.443839e-01  1.622858e+02
     vertex -3.604109e+01 -3.655616e+00  1.648358e+02
     vertex -3.604109e+01 -3.655616e+00  1.633358e+02
   endloop
 endfacet
 facet normal  1.000000e+00  3.157968e-15  1.068510e-29
   outer loop
     vertex -3.604109e+01  8.443839e-01  1.622858e+02
     vertex -3.604109e+01 -3.655616e+00  1.633358e+02
     vertex -3.604109e+01 -3.655616e+00  1.622858e+02
   endloop
 endfacet
 facet normal  1.000000e+00  1.486597e-14  2.066117e-14
   outer loop
     vertex -3.604109e+01  1.044384e+00  1.624858e+02
     vertex -3.604109e+01 -3.655616e+00  1.648358e+02
     vertex -3.604109e+01  8.443839e-01  1.622858e+02
   endloop
 endfacet
 facet normal  1.000000e+00  4.535379e-15  1.432258e-29
   outer loop
     vertex -3.604109e+01  1.044384e+00  1.624858e+02
     vertex -3.604109e+01 -3.655616e+00  1.655858e+02
     vertex -3.604109e+01 -3.655616e+00  1.648358e+02
   endloop
 endfacet
 facet normal  1.000000e+00  2.367231e-15  4.510382e-15
   outer loop
     vertex -3.604109e+01  8.443839e-01  1.684858e+02
     vertex -3.604109e+01 -6.942853e+00  1.678468e+02
     vertex -3.604109e+01 -6.814777e+00  1.677796e+02
   endloop
 endfacet
 facet normal  1.000000e+00  2.520755e-15  2.845345e-15
   outer loop
     vertex -3.604109e+01  8.443839e-01  1.684858e+02
     vertex -3.604109e+01 -6.814777e+00  1.677796e+02
     vertex -3.604109e+01 -6.706510e+00  1.676837e+02
   endloop
 endfacet
 facet normal  1.000000e+00  2.630159e-15  1.815467e-15
   outer loop
     vertex -3.604109e+01  8.443839e-01  1.684858e+02
     vertex -3.604109e+01 -6.706510e+00  1.676837e+02
     vertex -3.604109e+01 -6.624343e+00  1.675647e+02
   endloop
 endfacet
 facet normal  1.000000e+00  2.782145e-15  5.831724e-16
   outer loop
     vertex -3.604109e+01  8.443839e-01  1.684858e+02
     vertex -3.604109e+01 -6.624343e+00  1.675647e+02
     vertex -3.604109e+01 -3.655616e+00  1.655858e+02
   endloop
 endfacet
 facet normal  1.000000e+00  1.584318e-14 -1.968395e-14
   outer loop
     vertex -3.604109e+01  1.044384e+00  1.682858e+02
     vertex -3.604109e+01  8.443839e-01  1.684858e+02
     vertex -3.604109e+01 -3.655616e+00  1.655858e+02
   endloop
 endfacet
 facet normal  1.000000e+00  4.535379e-15  1.632126e-29
   outer loop
     vertex -3.604109e+01  1.044384e+00  1.682858e+02
     vertex -3.604109e+01 -3.655616e+00  1.655858e+02
     vertex -3.604109e+01  1.044384e+00  1.624858e+02
   endloop
 endfacet
 facet normal  1.000000e+00  3.108624e-15 -5.506339e-15
   outer loop
     vertex -3.604109e+01  8.443839e-01  1.684858e+02
     vertex -3.604109e+01 -1.515562e+01  1.684858e+02
     vertex -3.604109e+01 -7.083294e+00  1.678814e+02
   endloop
 endfacet
 facet normal  1.000000e+00  0.000000e+00 -4.702664e-14
   outer loop
     vertex -3.604109e+01 -7.083294e+00  1.678814e+02
     vertex -3.604109e+01 -1.515562e+01  1.684858e+02
     vertex -3.604109e+01 -7.227938e+00  1.678814e+02
   endloop
 endfacet
 facet normal  1.000000e+00  2.738196e-15 -1.110930e-14
   outer loop
     vertex -3.604109e+01 -7.227938e+00  1.678814e+02
     vertex -3.604109e+01 -1.515562e+01  1.684858e+02
     vertex -3.604109e+01 -7.368379e+00  1.678468e+02
   endloop
 endfacet
 facet normal  1.000000e+00  2.053647e-15  8.331972e-15
   outer loop
     vertex -3.604109e+01  8.443839e-01  1.684858e+02
     vertex -3.604109e+01 -7.083294e+00  1.678814e+02
     vertex -3.604109e+01 -6.942853e+00  1.678468e+02
   endloop
 endfacet
 facet normal  1.000000e+00  2.030122e-15 -1.329463e-16
   outer loop
     vertex -3.604109e+01 -1.065562e+01  1.655858e+02
     vertex -3.604109e+01 -3.655616e+00  1.655858e+02
     vertex -3.604109e+01 -7.083294e+00  1.666902e+02
   endloop
 endfacet
 facet normal  1.000000e+00  8.984770e-16 -3.645264e-15
   outer loop
     vertex -3.604109e+01 -7.083294e+00  1.666902e+02
     vertex -3.604109e+01 -3.655616e+00  1.655858e+02
     vertex -3.604109e+01 -6.942853e+00  1.667248e+02
   endloop
 endfacet
 facet normal  1.000000e+00  1.301980e-15 -2.480715e-15
   outer loop
     vertex -3.604109e+01 -6.942853e+00  1.667248e+02
     vertex -3.604109e+01 -3.655616e+00  1.655858e+02
     vertex -3.604109e+01 -6.814777e+00  1.667920e+02
   endloop
 endfacet
 facet normal  1.000000e+00  1.571757e-15 -1.774147e-15
   outer loop
     vertex -3.604109e+01 -6.814777e+00  1.667920e+02
     vertex -3.604109e+01 -3.655616e+00  1.655858e+02
     vertex -3.604109e+01 -6.706510e+00  1.668879e+02
   endloop
 endfacet
 facet normal  1.000000e+00  0.000000e+00  6.433892e-15
   outer loop
     vertex -3.604109e+01 -1.065562e+01  1.655858e+02
     vertex -3.604109e+01 -7.083294e+00  1.666902e+02
     vertex -3.604109e+01 -7.227938e+00  1.666902e+02
   endloop
 endfacet
 facet normal  1.000000e+00  8.984770e-16  3.645264e-15
   outer loop
     vertex -3.604109e+01 -1.065562e+01  1.655858e+02
     vertex -3.604109e+01 -7.227938e+00  1.666902e+02
     vertex -3.604109e+01 -7.368379e+00  1.667248e+02
   endloop
 endfacet
 facet normal  1.000000e+00  1.301980e-15  2.480715e-15
   outer loop
     vertex -3.604109e+01 -1.065562e+01  1.655858e+02
     vertex -3.604109e+01 -7.368379e+00  1.667248e+02
     vertex -3.604109e+01 -7.496455e+00  1.667920e+02
   endloop
 endfacet
 facet normal  1.000000e+00  1.571757e-15  1.774147e-15
   outer loop
     vertex -3.604109e+01 -1.065562e+01  1.655858e+02
     vertex -3.604109e+01 -7.496455e+00  1.667920e+02
     vertex -3.604109e+01 -7.604723e+00  1.668879e+02
   endloop
 endfacet
 facet normal  2.235201e-15 -7.071068e-01  7.071068e-01
   outer loop
     vertex -3.604109e+01 -1.515562e+01  1.684858e+02
     vertex -4.054109e+01 -1.535562e+01  1.682858e+02
     vertex -3.604109e+01 -1.535562e+01  1.682858e+02
   endloop
 endfacet
 facet normal  2.512148e-15 -7.071068e-01  7.071068e-01
   outer loop
     vertex -3.604109e+01 -1.515562e+01  1.684858e+02
     vertex -4.054109e+01 -1.515562e+01  1.684858e+02
     vertex -4.054109e+01 -1.535562e+01  1.682858e+02
   endloop
 endfacet
 facet normal  2.791275e-15 -7.071068e-01 -7.071068e-01
   outer loop
     vertex -3.604109e+01 -1.535562e+01  1.624858e+02
     vertex -4.054109e+01 -1.515562e+01  1.622858e+02
     vertex -3.604109e+01 -1.515562e+01  1.622858e+02
   endloop
 endfacet
 facet normal  2.233020e-15 -7.071068e-01 -7.071068e-01
   outer loop
     vertex -3.604109e+01 -1.535562e+01  1.624858e+02
     vertex -4.054109e+01 -1.535562e+01  1.624858e+02
     vertex -4.054109e+01 -1.515562e+01  1.622858e+02
   endloop
 endfacet
 facet normal  2.478027e-15 -7.071068e-01 -7.071068e-01
   outer loop
     vertex -4.054109e+01 -1.565562e+01  1.626858e+02
     vertex -6.234109e+01 -1.525562e+01  1.622858e+02
     vertex -4.054109e+01 -1.525562e+01  1.622858e+02
   endloop
 endfacet
 facet normal  2.477577e-15 -7.071068e-01 -7.071068e-01
   outer loop
     vertex -4.054109e+01 -1.565562e+01  1.626858e+02
     vertex -6.234109e+01 -1.565562e+01  1.626858e+02
     vertex -6.234109e+01 -1.525562e+01  1.622858e+02
   endloop
 endfacet
 facet normal -1.000000e+00 -3.157968e-15 -1.068510e-29
   outer loop
     vertex -6.684109e+01 -1.065562e+01  1.633358e+02
     vertex -6.684109e+01 -1.065562e+01  1.622858e+02
     vertex -6.684109e+01 -1.515562e+01  1.622858e+02
   endloop
 endfacet
 facet normal -1.000000e+00  0.000000e+00  0.000000e+00
   outer loop
     vertex -6.684109e+01 -1.023894e+01  1.634622e+02
     vertex -6.684109e+01 -1.050930e+01  1.633502e+02
     vertex -6.684109e+01 -1.065562e+01  1.633358e+02
   endloop
 endfacet
 facet normal -1.000000e+00  0.000000e+00  0.000000e+00
   outer loop
     vertex -6.684109e+01 -1.023894e+01  1.634622e+02
     vertex -6.684109e+01 -1.036860e+01  1.633929e+02
     vertex -6.684109e+01 -1.050930e+01  1.633502e+02
   endloop
 endfacet
 facet normal -1.000000e+00  0.000000e+00  0.000000e+00
   outer loop
     vertex -6.684109e+01 -1.012529e+01  1.635555e+02
     vertex -6.684109e+01 -1.023894e+01  1.634622e+02
     vertex -6.684109e+01 -1.065562e+01  1.633358e+02
   endloop
 endfacet
 facet normal -1.000000e+00  0.000000e+00  0.000000e+00
   outer loop
     vertex -6.684109e+01 -1.003201e+01  1.636691e+02
     vertex -6.684109e+01 -1.012529e+01  1.635555e+02
     vertex -6.684109e+01 -1.065562e+01  1.633358e+02
   endloop
 endfacet
 facet normal -1.000000e+00  0.000000e+00  0.000000e+00
   outer loop
     vertex -6.684109e+01 -9.962706e+00  1.637988e+02
     vertex -6.684109e+01 -1.003201e+01  1.636691e+02
     vertex -6.684109e+01 -1.065562e+01  1.633358e+02
   endloop
 endfacet
 facet normal -1.000000e+00  0.000000e+00  0.000000e+00
   outer loop
     vertex -6.684109e+01 -9.920027e+00  1.639395e+02
     vertex -6.684109e+01 -9.962706e+00  1.637988e+02
     vertex -6.684109e+01 -1.065562e+01  1.633358e+02
   endloop
 endfacet
 facet normal -1.000000e+00 -2.015724e-15 -2.015724e-15
   outer loop
     vertex -6.684109e+01 -1.065562e+01  1.648358e+02
     vertex -6.684109e+01 -1.515562e+01  1.622858e+02
     vertex -6.684109e+01 -1.535562e+01  1.624858e+02
   endloop
 endfacet
 facet normal -1.000000e+00 -3.157968e-15 -1.121936e-29
   outer loop
     vertex -6.684109e+01 -1.065562e+01  1.648358e+02
     vertex -6.684109e+01 -1.065562e+01  1.633358e+02
     vertex -6.684109e+01 -1.515562e+01  1.622858e+02
   endloop
 endfacet
 facet normal -1.000000e+00 -0.000000e+00  0.000000e+00
   outer loop
     vertex -6.684109e+01 -1.050930e+01  1.648214e+02
     vertex -6.684109e+01 -1.065562e+01  1.633358e+02
     vertex -6.684109e+01 -1.065562e+01  1.648358e+02
   endloop
 endfacet
 facet normal -1.000000e+00  0.000000e+00  0.000000e+00
   outer loop
     vertex -6.684109e+01 -1.003201e+01  1.645025e+02
     vertex -6.684109e+01 -9.962706e+00  1.643728e+02
     vertex -6.684109e+01 -9.920027e+00  1.642321e+02
   endloop
 endfacet
 facet normal -1.000000e+00  0.000000e+00 -0.000000e+00
   outer loop
     vertex -6.684109e+01 -1.012529e+01  1.646162e+02
     vertex -6.684109e+01 -9.920027e+00  1.639395e+02
     vertex -6.684109e+01 -1.065562e+01  1.633358e+02
   endloop
 endfacet
 facet normal -1.000000e+00 -0.000000e+00  0.000000e+00
   outer loop
     vertex -6.684109e+01 -1.012529e+01  1.646162e+02
     vertex -6.684109e+01 -1.065562e+01  1.633358e+02
     vertex -6.684109e+01 -1.050930e+01  1.648214e+02
   endloop
 endfacet
 facet normal -1.000000e+00  0.000000e+00  0.000000e+00
   outer loop
     vertex -6.684109e+01 -1.012529e+01  1.646162e+02
     vertex -6.684109e+01 -9.905616e+00  1.640858e+02
     vertex -6.684109e+01 -9.920027e+00  1.639395e+02
   endloop
 endfacet
 facet normal -1.000000e+00  0.000000e+00  0.000000e+00
   outer loop
     vertex -6.684109e+01 -1.012529e+01  1.646162e+02
     vertex -6.684109e+01 -9.920027e+00  1.642321e+02
     vertex -6.684109e+01 -9.905616e+00  1.640858e+02
   endloop
 endfacet
 facet normal -1.000000e+00  0.000000e+00  0.000000e+00
   outer loop
     vertex -6.684109e+01 -1.012529e+01  1.646162e+02
     vertex -6.684109e+01 -1.003201e+01  1.645025e+02
     vertex -6.684109e+01 -9.920027e+00  1.642321e+02
   endloop
 endfacet
 facet normal -1.000000e+00  0.000000e+00  0.000000e+00
   outer loop
     vertex -6.684109e+01 -1.012529e+01  1.646162e+02
     vertex -6.684109e+01 -1.036860e+01  1.647787e+02
     vertex -6.684109e+01 -1.023894e+01  1.647094e+02
   endloop
 endfacet
 facet normal -1.000000e+00  0.000000e+00  0.000000e+00
   outer loop
     vertex -6.684109e+01 -1.012529e+01  1.646162e+02
     vertex -6.684109e+01 -1.050930e+01  1.648214e+02
     vertex -6.684109e+01 -1.036860e+01  1.647787e+02
   endloop
 endfacet
 facet normal -1.000000e+00 -3.023586e-15 -1.432258e-29
   outer loop
     vertex -6.684109e+01 -1.065562e+01  1.655858e+02
     vertex -6.684109e+01 -1.065562e+01  1.648358e+02
     vertex -6.684109e+01 -1.535562e+01  1.624858e+02
   endloop
 endfacet
 facet normal -1.000000e+00 -1.920386e-15  1.920386e-15
   outer loop
     vertex -6.684109e+01 -1.065562e+01  1.655858e+02
     vertex -6.684109e+01 -1.535562e+01  1.682858e+02
     vertex -6.684109e+01 -1.515562e+01  1.684858e+02
   endloop
 endfacet
 facet normal -1.000000e+00 -3.023586e-15 -1.111235e-29
   outer loop
     vertex -6.684109e+01 -1.065562e+01  1.655858e+02
     vertex -6.684109e+01 -1.535562e+01  1.624858e+02
     vertex -6.684109e+01 -1.535562e+01  1.682858e+02
   endloop
 endfacet
 facet normal -1.000000e+00 -3.597970e-15 -2.483500e-15
   outer loop
     vertex -6.684109e+01 -7.686890e+00  1.670070e+02
     vertex -6.684109e+01 -7.604723e+00  1.668879e+02
     vertex -6.684109e+01 -1.065562e+01  1.655858e+02
   endloop
 endfacet
 facet normal -1.000000e+00 -4.051327e-15 -1.536466e-15
   outer loop
     vertex -6.684109e+01 -7.738181e+00  1.671422e+02
     vertex -6.684109e+01 -7.686890e+00  1.670070e+02
     vertex -6.684109e+01 -1.065562e+01  1.655858e+02
   endloop
 endfacet
 facet normal -1.000000e+00 -4.574677e-15 -5.554663e-16
   outer loop
     vertex -6.684109e+01 -7.755616e+00  1.672858e+02
     vertex -6.684109e+01 -7.738181e+00  1.671422e+02
     vertex -6.684109e+01 -1.065562e+01  1.655858e+02
   endloop
 endfacet
 facet normal -1.000000e+00  0.000000e+00  0.000000e+00
   outer loop
     vertex -6.684109e+01 -3.655616e+00  1.633358e+02
     vertex -6.684109e+01 -3.942629e+00  1.633929e+02
     vertex -6.684109e+01 -4.072294e+00  1.634622e+02
   endloop
 endfacet
 facet normal -1.000000e+00  0.000000e+00  0.000000e+00
   outer loop
     vertex -6.684109e+01 -3.655616e+00  1.633358e+02
     vertex -6.684109e+01 -3.801934e+00  1.633502e+02
     vertex -6.684109e+01 -3.942629e+00  1.633929e+02
   endloop
 endfacet
 facet normal -1.000000e+00  0.000000e+00  0.000000e+00
   outer loop
     vertex -6.684109e+01 -4.405616e+00  1.640858e+02
     vertex -6.684109e+01 -4.348526e+00  1.637988e+02
     vertex -6.684109e+01 -4.391205e+00  1.639395e+02
   endloop
 endfacet
 facet normal -1.000000e+00  0.000000e+00  0.000000e+00
   outer loop
     vertex -6.684109e+01 -4.405616e+00  1.640858e+02
     vertex -6.684109e+01 -4.279218e+00  1.636691e+02
     vertex -6.684109e+01 -4.348526e+00  1.637988e+02
   endloop
 endfacet
 facet normal -1.000000e+00  0.000000e+00  0.000000e+00
   outer loop
     vertex -6.684109e+01 -4.405616e+00  1.640858e+02
     vertex -6.684109e+01 -4.185946e+00  1.635555e+02
     vertex -6.684109e+01 -4.279218e+00  1.636691e+02
   endloop
 endfacet
 facet normal -1.000000e+00 -5.275819e-15  6.406004e-16
   outer loop
     vertex -6.684109e+01 -7.738181e+00  1.674294e+02
     vertex -6.684109e+01 -7.755616e+00  1.672858e+02
     vertex -6.684109e+01 -1.065562e+01  1.655858e+02
   endloop
 endfacet
 facet normal -1.000000e+00 -3.958671e-15 -1.242471e-15
   outer loop
     vertex -6.684109e+01 -7.686890e+00  1.675647e+02
     vertex -6.684109e+01 -1.065562e+01  1.655858e+02
     vertex -6.684109e+01 -1.515562e+01  1.684858e+02
   endloop
 endfacet
 facet normal -1.000000e+00 -6.406325e-15  2.429599e-15
   outer loop
     vertex -6.684109e+01 -7.686890e+00  1.675647e+02
     vertex -6.684109e+01 -7.738181e+00  1.674294e+02
     vertex -6.684109e+01 -1.065562e+01  1.655858e+02
   endloop
 endfacet
 facet normal -1.000000e+00  0.000000e+00  0.000000e+00
   outer loop
     vertex -6.684109e+01 -4.348526e+00  1.643728e+02
     vertex -6.684109e+01 -4.405616e+00  1.640858e+02
     vertex -6.684109e+01 -4.391205e+00  1.642321e+02
   endloop
 endfacet
 facet normal -1.000000e+00  0.000000e+00 -0.000000e+00
   outer loop
     vertex -6.684109e+01 -4.348526e+00  1.643728e+02
     vertex -6.684109e+01 -4.185946e+00  1.635555e+02
     vertex -6.684109e+01 -4.405616e+00  1.640858e+02
   endloop
 endfacet
 facet normal -1.000000e+00  0.000000e+00  0.000000e+00
   outer loop
     vertex -6.684109e+01 -4.348526e+00  1.643728e+02
     vertex -6.684109e+01 -4.072294e+00  1.634622e+02
     vertex -6.684109e+01 -4.185946e+00  1.635555e+02
   endloop
 endfacet
 facet normal -1.000000e+00  0.000000e+00  0.000000e+00
   outer loop
     vertex -6.684109e+01 -4.348526e+00  1.643728e+02
     vertex -6.684109e+01 -3.655616e+00  1.633358e+02
     vertex -6.684109e+01 -4.072294e+00  1.634622e+02
   endloop
 endfacet
 facet normal -1.000000e+00 -3.506878e-15  2.420623e-15
   outer loop
     vertex -6.684109e+01 -7.604723e+00  1.676837e+02
     vertex -6.684109e+01 -7.686890e+00  1.675647e+02
     vertex -6.684109e+01 -1.515562e+01  1.684858e+02
   endloop
 endfacet
 facet normal -1.000000e+00  0.000000e+00 -0.000000e+00
   outer loop
     vertex -6.684109e+01 -4.279218e+00  1.645025e+02
     vertex -6.684109e+01 -3.655616e+00  1.633358e+02
     vertex -6.684109e+01 -4.348526e+00  1.643728e+02
   endloop
 endfacet
 facet normal -1.000000e+00 -3.361007e-15  3.793793e-15
   outer loop
     vertex -6.684109e+01 -7.496455e+00  1.677796e+02
     vertex -6.684109e+01 -7.604723e+00  1.676837e+02
     vertex -6.684109e+01 -1.515562e+01  1.684858e+02
   endloop
 endfacet
 facet normal -1.000000e+00 -3.156308e-15  6.013843e-15
   outer loop
     vertex -6.684109e+01 -7.368379e+00  1.678468e+02
     vertex -6.684109e+01 -7.496455e+00  1.677796e+02
     vertex -6.684109e+01 -1.515562e+01  1.684858e+02
   endloop
 endfacet
 facet normal -1.000000e+00  0.000000e+00  0.000000e+00
   outer loop
     vertex -6.684109e+01 -3.942629e+00  1.647787e+02
     vertex -6.684109e+01 -4.185946e+00  1.646162e+02
     vertex -6.684109e+01 -4.072294e+00  1.647094e+02
   endloop
 endfacet
 facet normal -1.000000e+00  0.000000e+00  0.000000e+00
   outer loop
     vertex -6.684109e+01 -3.942629e+00  1.647787e+02
     vertex -6.684109e+01 -4.279218e+00  1.645025e+02
     vertex -6.684109e+01 -4.185946e+00  1.646162e+02
   endloop
 endfacet
 facet normal -1.000000e+00  0.000000e+00  0.000000e+00
   outer loop
     vertex -6.684109e+01 -3.801934e+00  1.648214e+02
     vertex -6.684109e+01 -4.279218e+00  1.645025e+02
     vertex -6.684109e+01 -3.942629e+00  1.647787e+02
   endloop
 endfacet
 facet normal -1.000000e+00  0.000000e+00 -0.000000e+00
   outer loop
     vertex -6.684109e+01 -3.655616e+00  1.648358e+02
     vertex -6.684109e+01 -3.655616e+00  1.633358e+02
     vertex -6.684109e+01 -4.279218e+00  1.645025e+02
   endloop
 endfacet
 facet normal -1.000000e+00  0.000000e+00  0.000000e+00
   outer loop
     vertex -6.684109e+01 -3.655616e+00  1.648358e+02
     vertex -6.684109e+01 -4.279218e+00  1.645025e+02
     vertex -6.684109e+01 -3.801934e+00  1.648214e+02
   endloop
 endfacet
 facet normal -1.000000e+00 -6.406325e-15 -2.429599e-15
   outer loop
     vertex -6.684109e+01 -3.655616e+00  1.655858e+02
     vertex -6.684109e+01 -6.573051e+00  1.674294e+02
     vertex -6.684109e+01 -6.624343e+00  1.675647e+02
   endloop
 endfacet
 facet normal -1.000000e+00 -5.275819e-15 -6.406004e-16
   outer loop
     vertex -6.684109e+01 -3.655616e+00  1.655858e+02
     vertex -6.684109e+01 -6.555616e+00  1.672858e+02
     vertex -6.684109e+01 -6.573051e+00  1.674294e+02
   endloop
 endfacet
 facet normal -1.000000e+00 -4.574677e-15  5.554663e-16
   outer loop
     vertex -6.684109e+01 -3.655616e+00  1.655858e+02
     vertex -6.684109e+01 -6.573051e+00  1.671422e+02
     vertex -6.684109e+01 -6.555616e+00  1.672858e+02
   endloop
 endfacet
 facet normal -1.000000e+00 -4.051327e-15  1.536466e-15
   outer loop
     vertex -6.684109e+01 -3.655616e+00  1.655858e+02
     vertex -6.684109e+01 -6.624343e+00  1.670070e+02
     vertex -6.684109e+01 -6.573051e+00  1.671422e+02
   endloop
 endfacet
 facet normal -1.000000e+00 -3.597970e-15  2.483500e-15
   outer loop
     vertex -6.684109e+01 -3.655616e+00  1.655858e+02
     vertex -6.684109e+01 -6.706510e+00  1.668879e+02
     vertex -6.684109e+01 -6.624343e+00  1.670070e+02
   endloop
 endfacet
 facet normal -1.000000e+00 -3.157968e-15 -9.349463e-30
   outer loop
     vertex -6.684109e+01  8.443839e-01  1.622858e+02
     vertex -6.684109e+01 -3.655616e+00  1.633358e+02
     vertex -6.684109e+01 -3.655616e+00  1.648358e+02
   endloop
 endfacet
 facet normal -1.000000e+00 -3.157968e-15 -1.335638e-29
   outer loop
     vertex -6.684109e+01  8.443839e-01  1.622858e+02
     vertex -6.684109e+01 -3.655616e+00  1.622858e+02
     vertex -6.684109e+01 -3.655616e+00  1.633358e+02
   endloop
 endfacet
 facet normal -1.000000e+00 -3.023586e-15 -7.161290e-30
   outer loop
     vertex -6.684109e+01  1.044384e+00  1.624858e+02
     vertex -6.684109e+01 -3.655616e+00  1.648358e+02
     vertex -6.684109e+01 -3.655616e+00  1.655858e+02
   endloop
 endfacet
 facet normal -1.000000e+00 -2.015724e-15  2.015724e-15
   outer loop
     vertex -6.684109e+01  1.044384e+00  1.624858e+02
     vertex -6.684109e+01  8.443839e-01  1.622858e+02
     vertex -6.684109e+01 -3.655616e+00  1.648358e+02
   endloop
 endfacet
 facet normal -1.000000e+00 -3.023586e-15 -1.076509e-29
   outer loop
     vertex -6.684109e+01  1.044384e+00  1.682858e+02
     vertex -6.684109e+01  1.044384e+00  1.624858e+02
     vertex -6.684109e+01 -3.655616e+00  1.655858e+02
   endloop
 endfacet
 facet normal -1.000000e+00 -1.920386e-15 -1.920386e-15
   outer loop
     vertex -6.684109e+01  8.443839e-01  1.684858e+02
     vertex -6.684109e+01  1.044384e+00  1.682858e+02
     vertex -6.684109e+01 -3.655616e+00  1.655858e+02
   endloop
 endfacet
 facet normal -1.000000e+00 -3.958671e-15  1.242471e-15
   outer loop
     vertex -6.684109e+01  8.443839e-01  1.684858e+02
     vertex -6.684109e+01 -3.655616e+00  1.655858e+02
     vertex -6.684109e+01 -6.624343e+00  1.675647e+02
   endloop
 endfacet
 facet normal -1.000000e+00 -3.156308e-15 -6.013843e-15
   outer loop
     vertex -6.684109e+01  8.443839e-01  1.684858e+02
     vertex -6.684109e+01 -6.814777e+00  1.677796e+02
     vertex -6.684109e+01 -6.942853e+00  1.678468e+02
   endloop
 endfacet
 facet normal -1.000000e+00 -3.361007e-15 -3.793793e-15
   outer loop
     vertex -6.684109e+01  8.443839e-01  1.684858e+02
     vertex -6.684109e+01 -6.706510e+00  1.676837e+02
     vertex -6.684109e+01 -6.814777e+00  1.677796e+02
   endloop
 endfacet
 facet normal -1.000000e+00 -3.506878e-15 -2.420623e-15
   outer loop
     vertex -6.684109e+01  8.443839e-01  1.684858e+02
     vertex -6.684109e+01 -6.624343e+00  1.675647e+02
     vertex -6.684109e+01 -6.706510e+00  1.676837e+02
   endloop
 endfacet
 facet normal -1.000000e+00 -4.060244e-15  2.658926e-16
   outer loop
     vertex -6.684109e+01 -1.065562e+01  1.655858e+02
     vertex -6.684109e+01 -7.083294e+00  1.666902e+02
     vertex -6.684109e+01 -3.655616e+00  1.655858e+02
   endloop
 endfacet
 facet normal -1.000000e+00 -1.796954e-15  7.290529e-15
   outer loop
     vertex -6.684109e+01 -7.083294e+00  1.666902e+02
     vertex -6.684109e+01 -6.942853e+00  1.667248e+02
     vertex -6.684109e+01 -3.655616e+00  1.655858e+02
   endloop
 endfacet
 facet normal -1.000000e+00 -2.603960e-15  4.961431e-15
   outer loop
     vertex -6.684109e+01 -6.942853e+00  1.667248e+02
     vertex -6.684109e+01 -6.814777e+00  1.667920e+02
     vertex -6.684109e+01 -3.655616e+00  1.655858e+02
   endloop
 endfacet
 facet normal -1.000000e+00 -3.143514e-15  3.548294e-15
   outer loop
     vertex -6.684109e+01 -6.814777e+00  1.667920e+02
     vertex -6.684109e+01 -6.706510e+00  1.668879e+02
     vertex -6.684109e+01 -3.655616e+00  1.655858e+02
   endloop
 endfacet
 facet normal -1.000000e+00  0.000000e+00 -1.286778e-14
   outer loop
     vertex -6.684109e+01 -1.065562e+01  1.655858e+02
     vertex -6.684109e+01 -7.227938e+00  1.666902e+02
     vertex -6.684109e+01 -7.083294e+00  1.666902e+02
   endloop
 endfacet
 facet normal -1.000000e+00 -1.796954e-15 -7.290529e-15
   outer loop
     vertex -6.684109e+01 -1.065562e+01  1.655858e+02
     vertex -6.684109e+01 -7.368379e+00  1.667248e+02
     vertex -6.684109e+01 -7.227938e+00  1.666902e+02
   endloop
 endfacet
 facet normal -1.000000e+00 -2.603960e-15 -4.961431e-15
   outer loop
     vertex -6.684109e+01 -1.065562e+01  1.655858e+02
     vertex -6.684109e+01 -7.496455e+00  1.667920e+02
     vertex -6.684109e+01 -7.368379e+00  1.667248e+02
   endloop
 endfacet
 facet normal -1.000000e+00 -3.143514e-15 -3.548294e-15
   outer loop
     vertex -6.684109e+01 -1.065562e+01  1.655858e+02
     vertex -6.684109e+01 -7.604723e+00  1.668879e+02
     vertex -6.684109e+01 -7.496455e+00  1.667920e+02
   endloop
 endfacet
 facet normal -1.000000e+00 -3.552714e-15  4.251326e-16
   outer loop
     vertex -6.684109e+01  8.443839e-01  1.684858e+02
     vertex -6.684109e+01 -7.227938e+00  1.678814e+02
     vertex -6.684109e+01 -1.515562e+01  1.684858e+02
   endloop
 endfacet
 facet normal -1.000000e+00 -2.738196e-15  1.110930e-14
   outer loop
     vertex -6.684109e+01 -7.227938e+00  1.678814e+02
     vertex -6.684109e+01 -7.368379e+00  1.678468e+02
     vertex -6.684109e+01 -1.515562e+01  1.684858e+02
   endloop
 endfacet
 facet normal -1.000000e+00  0.000000e+00 -4.702664e-14
   outer loop
     vertex -6.684109e+01  8.443839e-01  1.684858e+02
     vertex -6.684109e+01 -7.083294e+00  1.678814e+02
     vertex -6.684109e+01 -7.227938e+00  1.678814e+02
   endloop
 endfacet
 facet normal -1.000000e+00 -2.738196e-15 -1.110930e-14
   outer loop
     vertex -6.684109e+01  8.443839e-01  1.684858e+02
     vertex -6.684109e+01 -6.942853e+00  1.678468e+02
     vertex -6.684109e+01 -7.083294e+00  1.678814e+02
   endloop
 endfacet
 facet normal  2.791275e-15 -7.071068e-01  7.071068e-01
   outer loop
     vertex -6.234109e+01 -1.515562e+01  1.684858e+02
     vertex -6.684109e+01 -1.535562e+01  1.682858e+02
     vertex -6.234109e+01 -1.535562e+01  1.682858e+02
   endloop
 endfacet
 facet normal  2.233020e-15 -7.071068e-01  7.071068e-01
   outer loop
     vertex -6.234109e+01 -1.515562e+01  1.684858e+02
     vertex -6.684109e+01 -1.515562e+01  1.684858e+02
     vertex -6.684109e+01 -1.535562e+01  1.682858e+02
   endloop
 endfacet
 facet normal  1.957164e-15 -7.071068e-01 -7.071068e-01
   outer loop
     vertex -6.234109e+01 -1.535562e+01  1.624858e+02
     vertex -6.684109e+01 -1.515562e+01  1.622858e+02
     vertex -6.234109e+01 -1.515562e+01  1.622858e+02
   endloop
 endfacet
 facet normal  2.791275e-15 -7.071068e-01 -7.071068e-01
   outer loop
     vertex -6.234109e+01 -1.535562e+01  1.624858e+02
     vertex -6.684109e+01 -1.535562e+01  1.624858e+02
     vertex -6.684109e+01 -1.515562e+01  1.622858e+02
   endloop
 endfacet
 facet normal -2.458721e-15  7.071068e-01  7.071068e-01
   outer loop
     vertex -6.234109e+01  1.044384e+00  1.682858e+02
     vertex -6.684109e+01  8.443839e-01  1.684858e+02
     vertex -6.234109e+01  8.443839e-01  1.684858e+02
   endloop
 endfacet
 facet normal -2.442366e-15  7.071068e-01  7.071068e-01
   outer loop
     vertex -6.234109e+01  1.044384e+00  1.682858e+02
     vertex -6.684109e+01  1.044384e+00  1.682858e+02
     vertex -6.684109e+01  8.443839e-01  1.684858e+02
   endloop
 endfacet
 facet normal -1.000000e+00  0.000000e+00 -0.000000e+00
   outer loop
     vertex -6.234109e+01  1.044384e+00  1.624858e+02
     vertex -6.234109e+01  1.344384e+00  1.626858e+02
     vertex -6.234109e+01  9.443839e-01  1.622858e+02
   endloop
 endfacet
 facet normal -1.000000e+00  0.000000e+00  0.000000e+00
   outer loop
     vertex -6.234109e+01  1.044384e+00  1.624858e+02
     vertex -6.234109e+01  9.443839e-01  1.622858e+02
     vertex -6.234109e+01  8.443839e-01  1.622858e+02
   endloop
 endfacet
 facet normal -1.000000e+00  0.000000e+00  0.000000e+00
   outer loop
     vertex -6.234109e+01  1.229579e+00  1.647087e+02
     vertex -6.234109e+01  1.344384e+00  1.646858e+02
     vertex -6.234109e+01  1.344384e+00  1.626858e+02
   endloop
 endfacet
 facet normal -1.000000e+00  0.000000e+00 -0.000000e+00
   outer loop
     vertex -6.234109e+01  1.229579e+00  1.647087e+02
     vertex -6.234109e+01  1.344384e+00  1.626858e+02
     vertex -6.234109e+01  1.044384e+00  1.624858e+02
   endloop
 endfacet
 facet normal -1.000000e+00  0.000000e+00 -0.000000e+00
   outer loop
     vertex -6.234109e+01  1.132252e+00  1.647737e+02
     vertex -6.234109e+01  1.229579e+00  1.647087e+02
     vertex -6.234109e+01  1.044384e+00  1.624858e+02
   endloop
 endfacet
 facet normal -1.000000e+00  0.000000e+00  0.000000e+00
   outer loop
     vertex -6.234109e+01  1.044384e+00  1.624858e+02
     vertex -6.234109e+01  1.044384e+00  1.649858e+02
     vertex -6.234109e+01  1.067220e+00  1.648710e+02
   endloop
 endfacet
 facet normal -1.000000e+00  0.000000e+00  0.000000e+00
   outer loop
     vertex -6.234109e+01  1.044384e+00  1.624858e+02
     vertex -6.234109e+01  1.067220e+00  1.648710e+02
     vertex -6.234109e+01  1.132252e+00  1.647737e+02
   endloop
 endfacet
 facet normal -2.475076e-15  7.071068e-01 -7.071068e-01
   outer loop
     vertex -6.234109e+01  8.443839e-01  1.622858e+02
     vertex -6.684109e+01  1.044384e+00  1.624858e+02
     vertex -6.234109e+01  1.044384e+00  1.624858e+02
   endloop
 endfacet
 facet normal -2.442366e-15  7.071068e-01 -7.071068e-01
   outer loop
     vertex -6.234109e+01  8.443839e-01  1.622858e+02
     vertex -6.684109e+01  8.443839e-01  1.622858e+02
     vertex -6.684109e+01  1.044384e+00  1.624858e+02
   endloop
 endfacet
 facet normal -3.503823e-15  1.000000e+00  3.441691e-15
   outer loop
     vertex -6.234109e+01  1.344384e+00  1.646858e+02
     vertex -4.054109e+01  1.344384e+00  1.646858e+02
     vertex -4.054109e+01  1.344384e+00  1.626858e+02
   endloop
 endfacet
 facet normal -3.503823e-15  1.000000e+00  3.441691e-15
   outer loop
     vertex -6.234109e+01  1.344384e+00  1.646858e+02
     vertex -4.054109e+01  1.344384e+00  1.626858e+02
     vertex -6.234109e+01  1.344384e+00  1.626858e+02
   endloop
 endfacet
 facet normal -2.181541e-29  6.315935e-15 -1.000000e+00
   outer loop
     vertex -4.054109e+01  8.443839e-01  1.622858e+02
     vertex -3.604109e+01  8.443839e-01  1.622858e+02
     vertex -3.604109e+01 -3.655616e+00  1.622858e+02
   endloop
 endfacet
 facet normal -2.203802e-29  6.315935e-15 -1.000000e+00
   outer loop
     vertex -6.684109e+01 -3.655616e+00  1.622858e+02
     vertex -4.054109e+01  8.443839e-01  1.622858e+02
     vertex -3.604109e+01 -3.655616e+00  1.622858e+02
   endloop
 endfacet
 facet normal -2.212992e-29  6.315935e-15 -1.000000e+00
   outer loop
     vertex -6.684109e+01 -3.655616e+00  1.622858e+02
     vertex -6.234109e+01  8.443839e-01  1.622858e+02
     vertex -4.054109e+01  8.443839e-01  1.622858e+02
   endloop
 endfacet
 facet normal  0.000000e+00  0.000000e+00 -1.000000e+00
   outer loop
     vertex -6.234109e+01  9.443839e-01  1.622858e+02
     vertex -4.054109e+01  9.443839e-01  1.622858e+02
     vertex -4.054109e+01  8.443839e-01  1.622858e+02
   endloop
 endfacet
 facet normal  0.000000e+00  0.000000e+00 -1.000000e+00
   outer loop
     vertex -6.234109e+01  9.443839e-01  1.622858e+02
     vertex -4.054109e+01  8.443839e-01  1.622858e+02
     vertex -6.234109e+01  8.443839e-01  1.622858e+02
   endloop
 endfacet
 facet normal -2.181541e-29  6.315935e-15 -1.000000e+00
   outer loop
     vertex -6.684109e+01  8.443839e-01  1.622858e+02
     vertex -6.234109e+01  8.443839e-01  1.622858e+02
     vertex -6.684109e+01 -3.655616e+00  1.622858e+02
   endloop
 endfacet
 facet normal -2.578451e-12  9.927089e-01 -1.205367e-01
   outer loop
     vertex -4.104109e+01 -7.755616e+00  1.672858e+02
     vertex -3.604109e+01 -7.738181e+00  1.674294e+02
     vertex -3.604109e+01 -7.755616e+00  1.672858e+02
   endloop
 endfacet
 facet normal -2.989660e-15  9.350162e-01 -3.546049e-01
   outer loop
     vertex -4.104109e+01 -7.738181e+00  1.674294e+02
     vertex -3.604109e+01 -7.686890e+00  1.675647e+02
     vertex -3.604109e+01 -7.738181e+00  1.674294e+02
   endloop
 endfacet
 facet normal -3.174129e-15  9.927089e-01 -1.205367e-01
   outer loop
     vertex -4.104109e+01 -7.738181e+00  1.674294e+02
     vertex -3.604109e+01 -7.738181e+00  1.674294e+02
     vertex -4.104109e+01 -7.755616e+00  1.672858e+02
   endloop
 endfacet
 facet normal -2.777635e-15  8.229839e-01 -5.680647e-01
   outer loop
     vertex -4.104109e+01 -7.686890e+00  1.675647e+02
     vertex -3.604109e+01 -7.604723e+00  1.676837e+02
     vertex -3.604109e+01 -7.686890e+00  1.675647e+02
   endloop
 endfacet
 facet normal -3.155753e-15  9.350162e-01 -3.546049e-01
   outer loop
     vertex -4.104109e+01 -7.686890e+00  1.675647e+02
     vertex -3.604109e+01 -7.686890e+00  1.675647e+02
     vertex -4.104109e+01 -7.738181e+00  1.674294e+02
   endloop
 endfacet
 facet normal -2.120296e-15  6.631227e-01 -7.485107e-01
   outer loop
     vertex -4.104109e+01 -7.604723e+00  1.676837e+02
     vertex -3.604109e+01 -7.496455e+00  1.677796e+02
     vertex -3.604109e+01 -7.604723e+00  1.676837e+02
   endloop
 endfacet
 facet normal -2.631443e-15  8.229839e-01 -5.680647e-01
   outer loop
     vertex -4.104109e+01 -7.604723e+00  1.676837e+02
     vertex -3.604109e+01 -7.604723e+00  1.676837e+02
     vertex -4.104109e+01 -7.686890e+00  1.675647e+02
   endloop
 endfacet
 facet normal -1.485926e-15  4.647232e-01 -8.854560e-01
   outer loop
     vertex -4.104109e+01 -7.496455e+00  1.677796e+02
     vertex -3.604109e+01 -7.368379e+00  1.678468e+02
     vertex -3.604109e+01 -7.496455e+00  1.677796e+02
   endloop
 endfacet
 facet normal -2.120296e-15  6.631227e-01 -7.485107e-01
   outer loop
     vertex -4.104109e+01 -7.496455e+00  1.677796e+02
     vertex -3.604109e+01 -7.496455e+00  1.677796e+02
     vertex -4.104109e+01 -7.604723e+00  1.676837e+02
   endloop
 endfacet
 facet normal -7.651980e-16  2.393157e-01 -9.709418e-01
   outer loop
     vertex -4.104109e+01 -7.368379e+00  1.678468e+02
     vertex -3.604109e+01 -7.227938e+00  1.678814e+02
     vertex -3.604109e+01 -7.368379e+00  1.678468e+02
   endloop
 endfacet
 facet normal -1.485926e-15  4.647232e-01 -8.854560e-01
   outer loop
     vertex -4.104109e+01 -7.368379e+00  1.678468e+02
     vertex -3.604109e+01 -7.368379e+00  1.678468e+02
     vertex -4.104109e+01 -7.496455e+00  1.677796e+02
   endloop
 endfacet
 facet normal  0.000000e+00  0.000000e+00 -1.000000e+00
   outer loop
     vertex -4.104109e+01 -7.227938e+00  1.678814e+02
     vertex -3.604109e+01 -7.083294e+00  1.678814e+02
     vertex -3.604109e+01 -7.227938e+00  1.678814e+02
   endloop
 endfacet
 facet normal -7.226870e-16  2.393157e-01 -9.709418e-01
   outer loop
     vertex -4.104109e+01 -7.227938e+00  1.678814e+02
     vertex -3.604109e+01 -7.227938e+00  1.678814e+02
     vertex -4.104109e+01 -7.368379e+00  1.678468e+02
   endloop
 endfacet
 facet normal  0.000000e+00  0.000000e+00 -1.000000e+00
   outer loop
     vertex -4.104109e+01 -7.083294e+00  1.678814e+02
     vertex -3.604109e+01 -7.083294e+00  1.678814e+02
     vertex -4.104109e+01 -7.227938e+00  1.678814e+02
   endloop
 endfacet
 facet normal  7.651980e-16 -2.393157e-01 -9.709418e-01
   outer loop
     vertex -4.104109e+01 -6.942853e+00  1.678468e+02
     vertex -3.604109e+01 -6.942853e+00  1.678468e+02
     vertex -3.604109e+01 -7.083294e+00  1.678814e+02
   endloop
 endfacet
 facet normal  1.485926e-15 -4.647232e-01 -8.854560e-01
   outer loop
     vertex -4.104109e+01 -6.942853e+00  1.678468e+02
     vertex -3.604109e+01 -6.814777e+00  1.677796e+02
     vertex -3.604109e+01 -6.942853e+00  1.678468e+02
   endloop
 endfacet
 facet normal  7.651568e-16 -2.393157e-01 -9.709418e-01
   outer loop
     vertex -4.104109e+01 -6.942853e+00  1.678468e+02
     vertex -3.604109e+01 -7.083294e+00  1.678814e+02
     vertex -4.104109e+01 -7.083294e+00  1.678814e+02
   endloop
 endfacet
 facet normal  2.120296e-15 -6.631227e-01 -7.485107e-01
   outer loop
     vertex -4.104109e+01 -6.814777e+00  1.677796e+02
     vertex -3.604109e+01 -6.706510e+00  1.676837e+02
     vertex -3.604109e+01 -6.814777e+00  1.677796e+02
   endloop
 endfacet
 facet normal  1.485926e-15 -4.647232e-01 -8.854560e-01
   outer loop
     vertex -4.104109e+01 -6.814777e+00  1.677796e+02
     vertex -3.604109e+01 -6.814777e+00  1.677796e+02
     vertex -4.104109e+01 -6.942853e+00  1.678468e+02
   endloop
 endfacet
 facet normal  2.120296e-15 -6.631227e-01 -7.485107e-01
   outer loop
     vertex -4.104109e+01 -6.706510e+00  1.676837e+02
     vertex -3.604109e+01 -6.706510e+00  1.676837e+02
     vertex -4.104109e+01 -6.814777e+00  1.677796e+02
   endloop
 endfacet
 facet normal  2.777635e-15 -8.229839e-01 -5.680647e-01
   outer loop
     vertex -4.104109e+01 -6.624343e+00  1.675647e+02
     vertex -3.604109e+01 -6.624343e+00  1.675647e+02
     vertex -3.604109e+01 -6.706510e+00  1.676837e+02
   endloop
 endfacet
 facet normal  3.155753e-15 -9.350162e-01 -3.546049e-01
   outer loop
     vertex -4.104109e+01 -6.624343e+00  1.675647e+02
     vertex -3.604109e+01 -6.573051e+00  1.674294e+02
     vertex -3.604109e+01 -6.624343e+00  1.675647e+02
   endloop
 endfacet
 facet normal  2.631276e-15 -8.229839e-01 -5.680647e-01
   outer loop
     vertex -4.104109e+01 -6.624343e+00  1.675647e+02
     vertex -3.604109e+01 -6.706510e+00  1.676837e+02
     vertex -4.104109e+01 -6.706510e+00  1.676837e+02
   endloop
 endfacet
 facet normal  3.155753e-15 -9.350162e-01 -3.546049e-01
   outer loop
     vertex -4.104109e+01 -6.573051e+00  1.674294e+02
     vertex -3.604109e+01 -6.573051e+00  1.674294e+02
     vertex -4.104109e+01 -6.624343e+00  1.675647e+02
   endloop
 endfacet
 facet normal -2.570339e-12 -9.927089e-01 -1.205367e-01
   outer loop
     vertex -4.104109e+01 -6.555616e+00  1.672858e+02
     vertex -3.604109e+01 -6.555616e+00  1.672858e+02
     vertex -3.604109e+01 -6.573051e+00  1.674294e+02
   endloop
 endfacet
 facet normal  3.350260e-15 -9.927089e-01 -1.205367e-01
   outer loop
     vertex -4.104109e+01 -6.555616e+00  1.672858e+02
     vertex -3.604109e+01 -6.573051e+00  1.674294e+02
     vertex -4.104109e+01 -6.573051e+00  1.674294e+02
   endloop
 endfacet
 facet normal  0.000000e+00  0.000000e+00 -1.000000e+00
   outer loop
     vertex -6.684109e+01 -3.655616e+00  1.655858e+02
     vertex -3.604109e+01 -1.065562e+01  1.655858e+02
     vertex -6.684109e+01 -1.065562e+01  1.655858e+02
   endloop
 endfacet
 facet normal  0.000000e+00  0.000000e+00 -1.000000e+00
   outer loop
     vertex -6.684109e+01 -3.655616e+00  1.655858e+02
     vertex -3.604109e+01 -3.655616e+00  1.655858e+02
     vertex -3.604109e+01 -1.065562e+01  1.655858e+02
   endloop
 endfacet
 facet normal -2.493190e-29  6.315935e-15 -1.000000e+00
   outer loop
     vertex -3.604109e+01 -1.065562e+01  1.622858e+02
     vertex -3.604109e+01 -1.515562e+01  1.622858e+02
     vertex -4.054109e+01 -1.515562e+01  1.622858e+02
   endloop
 endfacet
 facet normal  0.000000e+00  0.000000e+00 -1.000000e+00
   outer loop
     vertex -6.234109e+01 -1.525562e+01  1.622858e+02
     vertex -4.054109e+01 -1.515562e+01  1.622858e+02
     vertex -4.054109e+01 -1.525562e+01  1.622858e+02
   endloop
 endfacet
 facet normal  0.000000e+00  0.000000e+00 -1.000000e+00
   outer loop
     vertex -6.234109e+01 -1.515562e+01  1.622858e+02
     vertex -4.054109e+01 -1.515562e+01  1.622858e+02
     vertex -6.234109e+01 -1.525562e+01  1.622858e+02
   endloop
 endfacet
 facet normal -1.745233e-29  6.315935e-15 -1.000000e+00
   outer loop
     vertex -6.684109e+01 -1.065562e+01  1.622858e+02
     vertex -6.234109e+01 -1.515562e+01  1.622858e+02
     vertex -6.684109e+01 -1.515562e+01  1.622858e+02
   endloop
 endfacet
 facet normal -2.222015e-29  6.315935e-15 -1.000000e+00
   outer loop
     vertex -6.684109e+01 -1.065562e+01  1.622858e+02
     vertex -3.604109e+01 -1.065562e+01  1.622858e+02
     vertex -4.054109e+01 -1.515562e+01  1.622858e+02
   endloop
 endfacet
 facet normal -2.212992e-29  6.315935e-15 -1.000000e+00
   outer loop
     vertex -6.684109e+01 -1.065562e+01  1.622858e+02
     vertex -4.054109e+01 -1.515562e+01  1.622858e+02
     vertex -6.234109e+01 -1.515562e+01  1.622858e+02
   endloop
 endfacet
 facet normal  2.578451e-12 -9.927089e-01 -1.205367e-01
   outer loop
     vertex -6.184109e+01 -6.555616e+00  1.672858e+02
     vertex -6.684109e+01 -6.573051e+00  1.674294e+02
     vertex -6.684109e+01 -6.555616e+00  1.672858e+02
   endloop
 endfacet
 facet normal  3.526810e-15 -9.927089e-01 -1.205367e-01
   outer loop
     vertex -6.184109e+01 -6.573051e+00  1.674294e+02
     vertex -6.684109e+01 -6.573051e+00  1.674294e+02
     vertex -6.184109e+01 -6.555616e+00  1.672858e+02
   endloop
 endfacet
 facet normal  2.923826e-15 -8.229839e-01 -5.680647e-01
   outer loop
     vertex -6.184109e+01 -6.624343e+00  1.675647e+02
     vertex -6.684109e+01 -6.706510e+00  1.676837e+02
     vertex -6.684109e+01 -6.624343e+00  1.675647e+02
   endloop
 endfacet
 facet normal  3.321845e-15 -9.350162e-01 -3.546049e-01
   outer loop
     vertex -6.184109e+01 -6.624343e+00  1.675647e+02
     vertex -6.684109e+01 -6.624343e+00  1.675647e+02
     vertex -6.684109e+01 -6.573051e+00  1.674294e+02
   endloop
 endfacet
 facet normal  3.320877e-15 -9.350162e-01 -3.546049e-01
   outer loop
     vertex -6.184109e+01 -6.624343e+00  1.675647e+02
     vertex -6.684109e+01 -6.573051e+00  1.674294e+02
     vertex -6.184109e+01 -6.573051e+00  1.674294e+02
   endloop
 endfacet
 facet normal  2.923826e-15 -8.229839e-01 -5.680647e-01
   outer loop
     vertex -6.184109e+01 -6.706510e+00  1.676837e+02
     vertex -6.684109e+01 -6.706510e+00  1.676837e+02
     vertex -6.184109e+01 -6.624343e+00  1.675647e+02
   endloop
 endfacet
 facet normal  2.355885e-15 -6.631227e-01 -7.485107e-01
   outer loop
     vertex -6.184109e+01 -6.814777e+00  1.677796e+02
     vertex -6.684109e+01 -6.814777e+00  1.677796e+02
     vertex -6.684109e+01 -6.706510e+00  1.676837e+02
   endloop
 endfacet
 facet normal  2.357834e-15 -6.631227e-01 -7.485107e-01
   outer loop
     vertex -6.184109e+01 -6.814777e+00  1.677796e+02
     vertex -6.684109e+01 -6.706510e+00  1.676837e+02
     vertex -6.184109e+01 -6.706510e+00  1.676837e+02
   endloop
 endfacet
 facet normal  1.651028e-15 -4.647232e-01 -8.854560e-01
   outer loop
     vertex -6.184109e+01 -6.942853e+00  1.678468e+02
     vertex -6.684109e+01 -6.942853e+00  1.678468e+02
     vertex -6.684109e+01 -6.814777e+00  1.677796e+02
   endloop
 endfacet
 facet normal  1.650244e-15 -4.647232e-01 -8.854560e-01
   outer loop
     vertex -6.184109e+01 -6.942853e+00  1.678468e+02
     vertex -6.684109e+01 -6.814777e+00  1.677796e+02
     vertex -6.184109e+01 -6.814777e+00  1.677796e+02
   endloop
 endfacet
 facet normal  8.502200e-16 -2.393157e-01 -9.709418e-01
   outer loop
     vertex -6.184109e+01 -7.083294e+00  1.678814e+02
     vertex -6.684109e+01 -7.083294e+00  1.678814e+02
     vertex -6.684109e+01 -6.942853e+00  1.678468e+02
   endloop
 endfacet
 facet normal  8.503075e-16 -2.393157e-01 -9.709418e-01
   outer loop
     vertex -6.184109e+01 -7.083294e+00  1.678814e+02
     vertex -6.684109e+01 -6.942853e+00  1.678468e+02
     vertex -6.184109e+01 -6.942853e+00  1.678468e+02
   endloop
 endfacet
 facet normal -0.000000e+00  0.000000e+00 -1.000000e+00
   outer loop
     vertex -6.184109e+01 -7.227938e+00  1.678814e+02
     vertex -6.684109e+01 -7.227938e+00  1.678814e+02
     vertex -6.684109e+01 -7.083294e+00  1.678814e+02
   endloop
 endfacet
 facet normal  0.000000e+00  0.000000e+00 -1.000000e+00
   outer loop
     vertex -6.184109e+01 -7.227938e+00  1.678814e+02
     vertex -6.684109e+01 -7.083294e+00  1.678814e+02
     vertex -6.184109e+01 -7.083294e+00  1.678814e+02
   endloop
 endfacet
 facet normal -8.502200e-16  2.393157e-01 -9.709418e-01
   outer loop
     vertex -6.184109e+01 -7.368379e+00  1.678468e+02
     vertex -6.684109e+01 -7.368379e+00  1.678468e+02
     vertex -6.684109e+01 -7.227938e+00  1.678814e+02
   endloop
 endfacet
 facet normal -8.503075e-16  2.393157e-01 -9.709418e-01
   outer loop
     vertex -6.184109e+01 -7.368379e+00  1.678468e+02
     vertex -6.684109e+01 -7.227938e+00  1.678814e+02
     vertex -6.184109e+01 -7.227938e+00  1.678814e+02
   endloop
 endfacet
 facet normal -2.355885e-15  6.631227e-01 -7.485107e-01
   outer loop
     vertex -6.184109e+01 -7.496455e+00  1.677796e+02
     vertex -6.684109e+01 -7.604723e+00  1.676837e+02
     vertex -6.684109e+01 -7.496455e+00  1.677796e+02
   endloop
 endfacet
 facet normal -1.651028e-15  4.647232e-01 -8.854560e-01
   outer loop
     vertex -6.184109e+01 -7.496455e+00  1.677796e+02
     vertex -6.684109e+01 -7.496455e+00  1.677796e+02
     vertex -6.684109e+01 -7.368379e+00  1.678468e+02
   endloop
 endfacet
 facet normal -1.650244e-15  4.647232e-01 -8.854560e-01
   outer loop
     vertex -6.184109e+01 -7.496455e+00  1.677796e+02
     vertex -6.684109e+01 -7.368379e+00  1.678468e+02
     vertex -6.184109e+01 -7.368379e+00  1.678468e+02
   endloop
 endfacet
 facet normal -2.355885e-15  6.631227e-01 -7.485107e-01
   outer loop
     vertex -6.184109e+01 -7.604723e+00  1.676837e+02
     vertex -6.684109e+01 -7.604723e+00  1.676837e+02
     vertex -6.184109e+01 -7.496455e+00  1.677796e+02
   endloop
 endfacet
 facet normal -2.923826e-15  8.229839e-01 -5.680647e-01
   outer loop
     vertex -6.184109e+01 -7.686890e+00  1.675647e+02
     vertex -6.684109e+01 -7.686890e+00  1.675647e+02
     vertex -6.684109e+01 -7.604723e+00  1.676837e+02
   endloop
 endfacet
 facet normal -2.923907e-15  8.229839e-01 -5.680647e-01
   outer loop
     vertex -6.184109e+01 -7.686890e+00  1.675647e+02
     vertex -6.684109e+01 -7.604723e+00  1.676837e+02
     vertex -6.184109e+01 -7.604723e+00  1.676837e+02
   endloop
 endfacet
 facet normal -3.526810e-15  9.927089e-01 -1.205367e-01
   outer loop
     vertex -6.184109e+01 -7.738181e+00  1.674294e+02
     vertex -6.684109e+01 -7.755616e+00  1.672858e+02
     vertex -6.684109e+01 -7.738181e+00  1.674294e+02
   endloop
 endfacet
 facet normal -3.321845e-15  9.350162e-01 -3.546049e-01
   outer loop
     vertex -6.184109e+01 -7.738181e+00  1.674294e+02
     vertex -6.684109e+01 -7.738181e+00  1.674294e+02
     vertex -6.684109e+01 -7.686890e+00  1.675647e+02
   endloop
 endfacet
 facet normal -3.322076e-15  9.350162e-01 -3.546049e-01
   outer loop
     vertex -6.184109e+01 -7.738181e+00  1.674294e+02
     vertex -6.684109e+01 -7.686890e+00  1.675647e+02
     vertex -6.184109e+01 -7.686890e+00  1.675647e+02
   endloop
 endfacet
 facet normal  2.570163e-12  9.927089e-01 -1.205367e-01
   outer loop
     vertex -6.184109e+01 -7.755616e+00  1.672858e+02
     vertex -6.684109e+01 -7.755616e+00  1.672858e+02
     vertex -6.184109e+01 -7.738181e+00  1.674294e+02
   endloop
 endfacet
 facet normal -2.477577e-15  7.071068e-01 -7.071068e-01
   outer loop
     vertex -4.054109e+01  9.443839e-01  1.622858e+02
     vertex -6.234109e+01  9.443839e-01  1.622858e+02
     vertex -6.234109e+01  1.344384e+00  1.626858e+02
   endloop
 endfacet
 facet normal -2.478027e-15  7.071068e-01 -7.071068e-01
   outer loop
     vertex -4.054109e+01  9.443839e-01  1.622858e+02
     vertex -6.234109e+01  1.344384e+00  1.626858e+02
     vertex -4.054109e+01  1.344384e+00  1.626858e+02
   endloop
 endfacet
 facet normal  3.503691e-15 -1.000000e+00 -3.806479e-15
   outer loop
     vertex -3.604109e+01 -3.655616e+00  1.633358e+02
     vertex -6.684109e+01 -3.655616e+00  1.633358e+02
     vertex -6.684109e+01 -3.655616e+00  1.622858e+02
   endloop
 endfacet
 facet normal  3.489272e-15 -1.000000e+00 -3.383537e-15
   outer loop
     vertex -3.604109e+01 -3.655616e+00  1.633358e+02
     vertex -6.684109e+01 -3.655616e+00  1.622858e+02
     vertex -3.604109e+01 -3.655616e+00  1.622858e+02
   endloop
 endfacet
 facet normal  8.536543e-01 -4.510607e-01 -2.604200e-01
   outer loop
     vertex -4.128143e+01 -7.002407e+00  1.674144e+02
     vertex -4.140160e+01 -7.155616e+00  1.672858e+02
     vertex -4.128143e+01 -6.967678e+00  1.673542e+02
   endloop
 endfacet
 facet normal  8.536543e-01 -3.347895e-01 -3.989866e-01
   outer loop
     vertex -4.128143e+01 -7.055616e+00  1.674590e+02
     vertex -4.140160e+01 -7.155616e+00  1.672858e+02
     vertex -4.128143e+01 -7.002407e+00  1.674144e+02
   endloop
 endfacet
 facet normal  8.637673e-01 -5.002170e-01 -6.073734e-02
   outer loop
     vertex -4.116126e+01 -6.779739e+00  1.674226e+02
     vertex -4.104109e+01 -6.555616e+00  1.672858e+02
     vertex -4.104109e+01 -6.573051e+00  1.674294e+02
   endloop
 endfacet
 facet normal  8.521146e-01 -4.893457e-01 -1.855843e-01
   outer loop
     vertex -4.116126e+01 -6.779739e+00  1.674226e+02
     vertex -4.104109e+01 -6.573051e+00  1.674294e+02
     vertex -4.104109e+01 -6.624343e+00  1.675647e+02
   endloop
 endfacet
 facet normal  8.536543e-01 -5.129273e-01 -9.044292e-02
   outer loop
     vertex -4.116126e+01 -6.779739e+00  1.674226e+02
     vertex -4.140160e+01 -7.155616e+00  1.672858e+02
     vertex -4.104109e+01 -6.555616e+00  1.672858e+02
   endloop
 endfacet
 facet normal  3.010696e-01  1.502372e-01 -9.416931e-01
   outer loop
     vertex -4.116126e+01 -6.779739e+00  1.674226e+02
     vertex -4.128143e+01 -6.967678e+00  1.673542e+02
     vertex -4.140160e+01 -7.155616e+00  1.672858e+02
   endloop
 endfacet
 facet normal  0.000000e+00  0.000000e+00  0.000000e+00
   outer loop
     vertex -4.128143e+01 -7.120887e+00  1.674828e+02
     vertex -4.140160e+01 -7.155616e+00  1.672858e+02
     vertex -4.140160e+01 -7.155616e+00  1.672858e+02
   endloop
 endfacet
 facet normal  8.536543e-01 -1.781378e-01 -4.894295e-01
   outer loop
     vertex -4.128143e+01 -7.120887e+00  1.674828e+02
     vertex -4.140160e+01 -7.155616e+00  1.672858e+02
     vertex -4.128143e+01 -7.055616e+00  1.674590e+02
   endloop
 endfacet
 facet normal  8.541574e-01 -4.279636e-01 -2.954019e-01
   outer loop
     vertex -4.116126e+01 -6.849198e+00  1.675429e+02
     vertex -4.104109e+01 -6.624343e+00  1.675647e+02
     vertex -4.104109e+01 -6.706510e+00  1.676837e+02
   endloop
 endfacet
 facet normal  8.571439e-01 -3.415593e-01 -3.855407e-01
   outer loop
     vertex -4.116126e+01 -6.849198e+00  1.675429e+02
     vertex -4.104109e+01 -6.706510e+00  1.676837e+02
     vertex -4.104109e+01 -6.814777e+00  1.677796e+02
   endloop
 endfacet
 facet normal  8.536543e-01 -4.510607e-01 -2.604200e-01
   outer loop
     vertex -4.116126e+01 -6.849198e+00  1.675429e+02
     vertex -4.128143e+01 -6.967678e+00  1.673542e+02
     vertex -4.116126e+01 -6.779739e+00  1.674226e+02
   endloop
 endfacet
 facet normal  8.633318e-01 -4.370282e-01 -2.523184e-01
   outer loop
     vertex -4.116126e+01 -6.849198e+00  1.675429e+02
     vertex -4.116126e+01 -6.779739e+00  1.674226e+02
     vertex -4.104109e+01 -6.624343e+00  1.675647e+02
   endloop
 endfacet
 facet normal  8.536543e-01 -4.510607e-01 -2.604200e-01
   outer loop
     vertex -4.116126e+01 -6.849198e+00  1.675429e+02
     vertex -4.128143e+01 -7.002407e+00  1.674144e+02
     vertex -4.128143e+01 -6.967678e+00  1.673542e+02
   endloop
 endfacet
 facet normal  8.536543e-01  0.000000e+00 -5.208400e-01
   outer loop
     vertex -4.128143e+01 -7.190346e+00  1.674828e+02
     vertex -4.140160e+01 -7.155616e+00  1.672858e+02
     vertex -4.128143e+01 -7.120887e+00  1.674828e+02
   endloop
 endfacet
 facet normal  8.524580e-01 -2.429553e-01 -4.629127e-01
   outer loop
     vertex -4.116126e+01 -6.955616e+00  1.676322e+02
     vertex -4.104109e+01 -6.814777e+00  1.677796e+02
     vertex -4.104109e+01 -6.942853e+00  1.678468e+02
   endloop
 endfacet
 facet normal  8.536543e-01 -3.347895e-01 -3.989866e-01
   outer loop
     vertex -4.116126e+01 -6.955616e+00  1.676322e+02
     vertex -4.128143e+01 -7.002407e+00  1.674144e+02
     vertex -4.116126e+01 -6.849198e+00  1.675429e+02
   endloop
 endfacet
 facet normal  8.609933e-01 -3.269322e-01 -3.896226e-01
   outer loop
     vertex -4.116126e+01 -6.955616e+00  1.676322e+02
     vertex -4.116126e+01 -6.849198e+00  1.675429e+02
     vertex -4.104109e+01 -6.814777e+00  1.677796e+02
   endloop
 endfacet
 facet normal  8.536543e-01 -3.347895e-01 -3.989866e-01
   outer loop
     vertex -4.116126e+01 -6.955616e+00  1.676322e+02
     vertex -4.128143e+01 -7.055616e+00  1.674590e+02
     vertex -4.128143e+01 -7.002407e+00  1.674144e+02
   endloop
 endfacet
 facet normal  8.536543e-01  1.781378e-01 -4.894295e-01
   outer loop
     vertex -4.128143e+01 -7.255616e+00  1.674590e+02
     vertex -4.140160e+01 -7.155616e+00  1.672858e+02
     vertex -4.128143e+01 -7.190346e+00  1.674828e+02
   endloop
 endfacet
 facet normal  8.531413e-01 -1.248462e-01 -5.065209e-01
   outer loop
     vertex -4.116126e+01 -7.086157e+00  1.676797e+02
     vertex -4.104109e+01 -6.942853e+00  1.678468e+02
     vertex -4.104109e+01 -7.083294e+00  1.678814e+02
   endloop
 endfacet
 facet normal  8.536543e-01 -1.781378e-01 -4.894295e-01
   outer loop
     vertex -4.116126e+01 -7.086157e+00  1.676797e+02
     vertex -4.128143e+01 -7.120887e+00  1.674828e+02
     vertex -4.128143e+01 -7.055616e+00  1.674590e+02
   endloop
 endfacet
 facet normal  8.536543e-01 -1.781378e-01 -4.894295e-01
   outer loop
     vertex -4.116126e+01 -7.086157e+00  1.676797e+02
     vertex -4.128143e+01 -7.055616e+00  1.674590e+02
     vertex -4.116126e+01 -6.955616e+00  1.676322e+02
   endloop
 endfacet
 facet normal  8.637932e-01 -1.723256e-01 -4.734608e-01
   outer loop
     vertex -4.116126e+01 -7.086157e+00  1.676797e+02
     vertex -4.116126e+01 -6.955616e+00  1.676322e+02
     vertex -4.104109e+01 -6.942853e+00  1.678468e+02
   endloop
 endfacet
 facet normal  8.536543e-01  3.347895e-01 -3.989866e-01
   outer loop
     vertex -4.128143e+01 -7.308825e+00  1.674144e+02
     vertex -4.140160e+01 -7.155616e+00  1.672858e+02
     vertex -4.128143e+01 -7.255616e+00  1.674590e+02
   endloop
 endfacet
 facet normal  8.590845e-01  0.000000e+00 -5.118338e-01
   outer loop
     vertex -4.116126e+01 -7.225075e+00  1.676797e+02
     vertex -4.104109e+01 -7.083294e+00  1.678814e+02
     vertex -4.104109e+01 -7.227938e+00  1.678814e+02
   endloop
 endfacet
 facet normal  8.531413e-01  1.248462e-01 -5.065209e-01
   outer loop
     vertex -4.116126e+01 -7.225075e+00  1.676797e+02
     vertex -4.104109e+01 -7.227938e+00  1.678814e+02
     vertex -4.104109e+01 -7.368379e+00  1.678468e+02
   endloop
 endfacet
 facet normal  8.536543e-01  0.000000e+00 -5.208400e-01
   outer loop
     vertex -4.116126e+01 -7.225075e+00  1.676797e+02
     vertex -4.128143e+01 -7.190346e+00  1.674828e+02
     vertex -4.128143e+01 -7.120887e+00  1.674828e+02
   endloop
 endfacet
 facet normal  8.590845e-01  0.000000e+00 -5.118338e-01
   outer loop
     vertex -4.116126e+01 -7.225075e+00  1.676797e+02
     vertex -4.116126e+01 -7.086157e+00  1.676797e+02
     vertex -4.104109e+01 -7.083294e+00  1.678814e+02
   endloop
 endfacet
 facet normal  8.536543e-01  0.000000e+00 -5.208400e-01
   outer loop
     vertex -4.116126e+01 -7.225075e+00  1.676797e+02
     vertex -4.128143e+01 -7.120887e+00  1.674828e+02
     vertex -4.116126e+01 -7.086157e+00  1.676797e+02
   endloop
 endfacet
 facet normal  8.536543e-01  4.510607e-01 -2.604200e-01
   outer loop
     vertex -4.128143e+01 -7.343555e+00  1.673542e+02
     vertex -4.140160e+01 -7.155616e+00  1.672858e+02
     vertex -4.128143e+01 -7.308825e+00  1.674144e+02
   endloop
 endfacet
 facet normal  8.524580e-01  2.429553e-01 -4.629127e-01
   outer loop
     vertex -4.116126e+01 -7.355616e+00  1.676322e+02
     vertex -4.104109e+01 -7.368379e+00  1.678468e+02
     vertex -4.104109e+01 -7.496455e+00  1.677796e+02
   endloop
 endfacet
 facet normal  8.637932e-01  1.723256e-01 -4.734608e-01
   outer loop
     vertex -4.116126e+01 -7.355616e+00  1.676322e+02
     vertex -4.116126e+01 -7.225075e+00  1.676797e+02
     vertex -4.104109e+01 -7.368379e+00  1.678468e+02
   endloop
 endfacet
 facet normal  8.536543e-01  1.781378e-01 -4.894295e-01
   outer loop
     vertex -4.116126e+01 -7.355616e+00  1.676322e+02
     vertex -4.128143e+01 -7.190346e+00  1.674828e+02
     vertex -4.116126e+01 -7.225075e+00  1.676797e+02
   endloop
 endfacet
 facet normal  8.536543e-01  1.781378e-01 -4.894295e-01
   outer loop
     vertex -4.116126e+01 -7.355616e+00  1.676322e+02
     vertex -4.128143e+01 -7.255616e+00  1.674590e+02
     vertex -4.128143e+01 -7.190346e+00  1.674828e+02
   endloop
 endfacet
 facet normal  8.571439e-01  3.415593e-01 -3.855407e-01
   outer loop
     vertex -4.116126e+01 -7.462034e+00  1.675429e+02
     vertex -4.104109e+01 -7.496455e+00  1.677796e+02
     vertex -4.104109e+01 -7.604723e+00  1.676837e+02
   endloop
 endfacet
 facet normal  8.541574e-01  4.279636e-01 -2.954019e-01
   outer loop
     vertex -4.116126e+01 -7.462034e+00  1.675429e+02
     vertex -4.104109e+01 -7.604723e+00  1.676837e+02
     vertex -4.104109e+01 -7.686890e+00  1.675647e+02
   endloop
 endfacet
 facet normal  8.536543e-01  3.347895e-01 -3.989866e-01
   outer loop
     vertex -4.116126e+01 -7.462034e+00  1.675429e+02
     vertex -4.128143e+01 -7.308825e+00  1.674144e+02
     vertex -4.128143e+01 -7.255616e+00  1.674590e+02
   endloop
 endfacet
 facet normal  8.609933e-01  3.269322e-01 -3.896226e-01
   outer loop
     vertex -4.116126e+01 -7.462034e+00  1.675429e+02
     vertex -4.116126e+01 -7.355616e+00  1.676322e+02
     vertex -4.104109e+01 -7.496455e+00  1.677796e+02
   endloop
 endfacet
 facet normal  8.536543e-01  3.347895e-01 -3.989866e-01
   outer loop
     vertex -4.116126e+01 -7.462034e+00  1.675429e+02
     vertex -4.128143e+01 -7.255616e+00  1.674590e+02
     vertex -4.116126e+01 -7.355616e+00  1.676322e+02
   endloop
 endfacet
 facet normal  8.521146e-01  4.893457e-01 -1.855843e-01
   outer loop
     vertex -4.116126e+01 -7.531493e+00  1.674226e+02
     vertex -4.104109e+01 -7.686890e+00  1.675647e+02
     vertex -4.104109e+01 -7.738181e+00  1.674294e+02
   endloop
 endfacet
 facet normal  8.637673e-01  5.002170e-01 -6.073734e-02
   outer loop
     vertex -4.116126e+01 -7.531493e+00  1.674226e+02
     vertex -4.104109e+01 -7.738181e+00  1.674294e+02
     vertex -4.104109e+01 -7.755616e+00  1.672858e+02
   endloop
 endfacet
 facet normal  8.536543e-01  5.129273e-01 -9.044292e-02
   outer loop
     vertex -4.116126e+01 -7.531493e+00  1.674226e+02
     vertex -4.104109e+01 -7.755616e+00  1.672858e+02
     vertex -4.140160e+01 -7.155616e+00  1.672858e+02
   endloop
 endfacet
 facet normal  8.633318e-01  4.370282e-01 -2.523184e-01
   outer loop
     vertex -4.116126e+01 -7.531493e+00  1.674226e+02
     vertex -4.116126e+01 -7.462034e+00  1.675429e+02
     vertex -4.104109e+01 -7.686890e+00  1.675647e+02
   endloop
 endfacet
 facet normal -8.460363e-01 -4.227523e-01  3.248123e-01
   outer loop
     vertex -4.116126e+01 -7.531493e+00  1.674226e+02
     vertex -4.140160e+01 -7.155616e+00  1.672858e+02
     vertex -4.128143e+01 -7.343555e+00  1.673542e+02
   endloop
 endfacet
 facet normal  8.536543e-01  4.510607e-01 -2.604200e-01
   outer loop
     vertex -4.116126e+01 -7.531493e+00  1.674226e+02
     vertex -4.128143e+01 -7.343555e+00  1.673542e+02
     vertex -4.128143e+01 -7.308825e+00  1.674144e+02
   endloop
 endfacet
 facet normal  8.536543e-01  4.510607e-01 -2.604200e-01
   outer loop
     vertex -4.116126e+01 -7.531493e+00  1.674226e+02
     vertex -4.128143e+01 -7.308825e+00  1.674144e+02
     vertex -4.116126e+01 -7.462034e+00  1.675429e+02
   endloop
 endfacet
 facet normal -3.518109e-15  1.000000e+00  4.736952e-15
   outer loop
     vertex -6.684109e+01 -1.065562e+01  1.655858e+02
     vertex -3.604109e+01 -1.065562e+01  1.648358e+02
     vertex -6.684109e+01 -1.065562e+01  1.648358e+02
   endloop
 endfacet
 facet normal -3.518109e-15  1.000000e+00  4.736952e-15
   outer loop
     vertex -6.684109e+01 -1.065562e+01  1.655858e+02
     vertex -3.604109e+01 -1.065562e+01  1.655858e+02
     vertex -3.604109e+01 -1.065562e+01  1.648358e+02
   endloop
 endfacet
 facet normal  3.489272e-15 -1.000000e+00 -3.552714e-15
   outer loop
     vertex -3.604109e+01 -3.655616e+00  1.655858e+02
     vertex -6.684109e+01 -3.655616e+00  1.655858e+02
     vertex -6.684109e+01 -3.655616e+00  1.648358e+02
   endloop
 endfacet
 facet normal  3.489272e-15 -1.000000e+00 -3.552714e-15
   outer loop
     vertex -3.604109e+01 -3.655616e+00  1.655858e+02
     vertex -6.684109e+01 -3.655616e+00  1.648358e+02
     vertex -3.604109e+01 -3.655616e+00  1.648358e+02
   endloop
 endfacet
 facet normal -3.518109e-15  1.000000e+00  3.383537e-15
   outer loop
     vertex -6.684109e+01 -1.065562e+01  1.633358e+02
     vertex -3.604109e+01 -1.065562e+01  1.622858e+02
     vertex -6.684109e+01 -1.065562e+01  1.622858e+02
   endloop
 endfacet
 facet normal -3.518109e-15  1.000000e+00  3.383537e-15
   outer loop
     vertex -6.684109e+01 -1.065562e+01  1.633358e+02
     vertex -3.604109e+01 -1.065562e+01  1.633358e+02
     vertex -3.604109e+01 -1.065562e+01  1.622858e+02
   endloop
 endfacet
 facet normal -8.536543e-01  5.129273e-01 -9.044292e-02
   outer loop
     vertex -6.160074e+01 -7.343555e+00  1.673542e+02
     vertex -6.148057e+01 -7.155616e+00  1.672858e+02
     vertex -6.184109e+01 -7.755616e+00  1.672858e+02
   endloop
 endfacet
 facet normal -8.536543e-01  4.510607e-01 -2.604200e-01
   outer loop
     vertex -6.160074e+01 -7.308825e+00  1.674144e+02
     vertex -6.148057e+01 -7.155616e+00  1.672858e+02
     vertex -6.160074e+01 -7.343555e+00  1.673542e+02
   endloop
 endfacet
 facet normal -8.536543e-01  3.347895e-01 -3.989866e-01
   outer loop
     vertex -6.160074e+01 -7.255616e+00  1.674590e+02
     vertex -6.148057e+01 -7.155616e+00  1.672858e+02
     vertex -6.160074e+01 -7.308825e+00  1.674144e+02
   endloop
 endfacet
 facet normal -8.637673e-01  5.002170e-01 -6.073734e-02
   outer loop
     vertex -6.172091e+01 -7.531493e+00  1.674226e+02
     vertex -6.184109e+01 -7.755616e+00  1.672858e+02
     vertex -6.184109e+01 -7.738181e+00  1.674294e+02
   endloop
 endfacet
 facet normal -8.521146e-01  4.893457e-01 -1.855843e-01
   outer loop
     vertex -6.172091e+01 -7.531493e+00  1.674226e+02
     vertex -6.184109e+01 -7.738181e+00  1.674294e+02
     vertex -6.184109e+01 -7.686890e+00  1.675647e+02
   endloop
 endfacet
 facet normal -8.536543e-01  5.129273e-01 -9.044292e-02
   outer loop
     vertex -6.172091e+01 -7.531493e+00  1.674226e+02
     vertex -6.160074e+01 -7.343555e+00  1.673542e+02
     vertex -6.184109e+01 -7.755616e+00  1.672858e+02
   endloop
 endfacet
 facet normal -8.536543e-01  1.781378e-01 -4.894295e-01
   outer loop
     vertex -6.160074e+01 -7.190346e+00  1.674828e+02
     vertex -6.148057e+01 -7.155616e+00  1.672858e+02
     vertex -6.160074e+01 -7.255616e+00  1.674590e+02
   endloop
 endfacet
 facet normal -8.541574e-01  4.279636e-01 -2.954019e-01
   outer loop
     vertex -6.172091e+01 -7.462034e+00  1.675429e+02
     vertex -6.184109e+01 -7.686890e+00  1.675647e+02
     vertex -6.184109e+01 -7.604723e+00  1.676837e+02
   endloop
 endfacet
 facet normal -8.571439e-01  3.415593e-01 -3.855407e-01
   outer loop
     vertex -6.172091e+01 -7.462034e+00  1.675429e+02
     vertex -6.184109e+01 -7.604723e+00  1.676837e+02
     vertex -6.184109e+01 -7.496455e+00  1.677796e+02
   endloop
 endfacet
 facet normal -8.536543e-01  4.510607e-01 -2.604200e-01
   outer loop
     vertex -6.172091e+01 -7.462034e+00  1.675429e+02
     vertex -6.160074e+01 -7.343555e+00  1.673542e+02
     vertex -6.172091e+01 -7.531493e+00  1.674226e+02
   endloop
 endfacet
 facet normal -8.633318e-01  4.370282e-01 -2.523184e-01
   outer loop
     vertex -6.172091e+01 -7.462034e+00  1.675429e+02
     vertex -6.172091e+01 -7.531493e+00  1.674226e+02
     vertex -6.184109e+01 -7.686890e+00  1.675647e+02
   endloop
 endfacet
 facet normal -8.536543e-01  4.510607e-01 -2.604200e-01
   outer loop
     vertex -6.172091e+01 -7.462034e+00  1.675429e+02
     vertex -6.160074e+01 -7.308825e+00  1.674144e+02
     vertex -6.160074e+01 -7.343555e+00  1.673542e+02
   endloop
 endfacet
 facet normal  0.000000e+00  0.000000e+00  0.000000e+00
   outer loop
     vertex -6.160074e+01 -7.120887e+00  1.674828e+02
     vertex -6.148057e+01 -7.155616e+00  1.672858e+02
     vertex -6.148057e+01 -7.155616e+00  1.672858e+02
   endloop
 endfacet
 facet normal -8.536543e-01 -0.000000e+00 -5.208400e-01
   outer loop
     vertex -6.160074e+01 -7.120887e+00  1.674828e+02
     vertex -6.148057e+01 -7.155616e+00  1.672858e+02
     vertex -6.160074e+01 -7.190346e+00  1.674828e+02
   endloop
 endfacet
 facet normal -8.524580e-01  2.429553e-01 -4.629127e-01
   outer loop
     vertex -6.172091e+01 -7.355616e+00  1.676322e+02
     vertex -6.184109e+01 -7.496455e+00  1.677796e+02
     vertex -6.184109e+01 -7.368379e+00  1.678468e+02
   endloop
 endfacet
 facet normal -8.536543e-01  3.347895e-01 -3.989866e-01
   outer loop
     vertex -6.172091e+01 -7.355616e+00  1.676322e+02
     vertex -6.160074e+01 -7.308825e+00  1.674144e+02
     vertex -6.172091e+01 -7.462034e+00  1.675429e+02
   endloop
 endfacet
 facet normal -8.609933e-01  3.269322e-01 -3.896226e-01
   outer loop
     vertex -6.172091e+01 -7.355616e+00  1.676322e+02
     vertex -6.172091e+01 -7.462034e+00  1.675429e+02
     vertex -6.184109e+01 -7.496455e+00  1.677796e+02
   endloop
 endfacet
 facet normal -8.536543e-01  3.347895e-01 -3.989866e-01
   outer loop
     vertex -6.172091e+01 -7.355616e+00  1.676322e+02
     vertex -6.160074e+01 -7.255616e+00  1.674590e+02
     vertex -6.160074e+01 -7.308825e+00  1.674144e+02
   endloop
 endfacet
 facet normal -8.536543e-01 -1.781378e-01 -4.894295e-01
   outer loop
     vertex -6.160074e+01 -7.055616e+00  1.674590e+02
     vertex -6.148057e+01 -7.155616e+00  1.672858e+02
     vertex -6.160074e+01 -7.120887e+00  1.674828e+02
   endloop
 endfacet
 facet normal -8.531413e-01  1.248462e-01 -5.065209e-01
   outer loop
     vertex -6.172091e+01 -7.225075e+00  1.676797e+02
     vertex -6.184109e+01 -7.368379e+00  1.678468e+02
     vertex -6.184109e+01 -7.227938e+00  1.678814e+02
   endloop
 endfacet
 facet normal -8.536543e-01  1.781378e-01 -4.894295e-01
   outer loop
     vertex -6.172091e+01 -7.225075e+00  1.676797e+02
     vertex -6.160074e+01 -7.190346e+00  1.674828e+02
     vertex -6.160074e+01 -7.255616e+00  1.674590e+02
   endloop
 endfacet
 facet normal -8.637932e-01  1.723256e-01 -4.734608e-01
   outer loop
     vertex -6.172091e+01 -7.225075e+00  1.676797e+02
     vertex -6.172091e+01 -7.355616e+00  1.676322e+02
     vertex -6.184109e+01 -7.368379e+00  1.678468e+02
   endloop
 endfacet
 facet normal -8.536543e-01  1.781378e-01 -4.894295e-01
   outer loop
     vertex -6.172091e+01 -7.225075e+00  1.676797e+02
     vertex -6.160074e+01 -7.255616e+00  1.674590e+02
     vertex -6.172091e+01 -7.355616e+00  1.676322e+02
   endloop
 endfacet
 facet normal -8.536543e-01 -3.347895e-01 -3.989866e-01
   outer loop
     vertex -6.160074e+01 -7.002407e+00  1.674144e+02
     vertex -6.148057e+01 -7.155616e+00  1.672858e+02
     vertex -6.160074e+01 -7.055616e+00  1.674590e+02
   endloop
 endfacet
 facet normal -8.590845e-01  0.000000e+00 -5.118338e-01
   outer loop
     vertex -6.172091e+01 -7.086157e+00  1.676797e+02
     vertex -6.184109e+01 -7.227938e+00  1.678814e+02
     vertex -6.184109e+01 -7.083294e+00  1.678814e+02
   endloop
 endfacet
 facet normal -8.531413e-01 -1.248462e-01 -5.065209e-01
   outer loop
     vertex -6.172091e+01 -7.086157e+00  1.676797e+02
     vertex -6.184109e+01 -7.083294e+00  1.678814e+02
     vertex -6.184109e+01 -6.942853e+00  1.678468e+02
   endloop
 endfacet
 facet normal -8.536543e-01  0.000000e+00 -5.208400e-01
   outer loop
     vertex -6.172091e+01 -7.086157e+00  1.676797e+02
     vertex -6.160074e+01 -7.120887e+00  1.674828e+02
     vertex -6.160074e+01 -7.190346e+00  1.674828e+02
   endloop
 endfacet
 facet normal -8.536543e-01 -0.000000e+00 -5.208400e-01
   outer loop
     vertex -6.172091e+01 -7.086157e+00  1.676797e+02
     vertex -6.160074e+01 -7.190346e+00  1.674828e+02
     vertex -6.172091e+01 -7.225075e+00  1.676797e+02
   endloop
 endfacet
 facet normal -8.590845e-01 -0.000000e+00 -5.118338e-01
   outer loop
     vertex -6.172091e+01 -7.086157e+00  1.676797e+02
     vertex -6.172091e+01 -7.225075e+00  1.676797e+02
     vertex -6.184109e+01 -7.227938e+00  1.678814e+02
   endloop
 endfacet
 facet normal -8.536543e-01 -4.510607e-01 -2.604200e-01
   outer loop
     vertex -6.160074e+01 -6.967678e+00  1.673542e+02
     vertex -6.148057e+01 -7.155616e+00  1.672858e+02
     vertex -6.160074e+01 -7.002407e+00  1.674144e+02
   endloop
 endfacet
 facet normal -8.524580e-01 -2.429553e-01 -4.629127e-01
   outer loop
     vertex -6.172091e+01 -6.955616e+00  1.676322e+02
     vertex -6.184109e+01 -6.942853e+00  1.678468e+02
     vertex -6.184109e+01 -6.814777e+00  1.677796e+02
   endloop
 endfacet
 facet normal -8.536543e-01 -1.781378e-01 -4.894295e-01
   outer loop
     vertex -6.172091e+01 -6.955616e+00  1.676322e+02
     vertex -6.160074e+01 -7.120887e+00  1.674828e+02
     vertex -6.172091e+01 -7.086157e+00  1.676797e+02
   endloop
 endfacet
 facet normal -8.536543e-01 -1.781378e-01 -4.894295e-01
   outer loop
     vertex -6.172091e+01 -6.955616e+00  1.676322e+02
     vertex -6.160074e+01 -7.055616e+00  1.674590e+02
     vertex -6.160074e+01 -7.120887e+00  1.674828e+02
   endloop
 endfacet
 facet normal -8.637932e-01 -1.723256e-01 -4.734608e-01
   outer loop
     vertex -6.172091e+01 -6.955616e+00  1.676322e+02
     vertex -6.172091e+01 -7.086157e+00  1.676797e+02
     vertex -6.184109e+01 -6.942853e+00  1.678468e+02
   endloop
 endfacet
 facet normal -8.571439e-01 -3.415593e-01 -3.855407e-01
   outer loop
     vertex -6.172091e+01 -6.849198e+00  1.675429e+02
     vertex -6.184109e+01 -6.814777e+00  1.677796e+02
     vertex -6.184109e+01 -6.706510e+00  1.676837e+02
   endloop
 endfacet
 facet normal -8.541574e-01 -4.279636e-01 -2.954019e-01
   outer loop
     vertex -6.172091e+01 -6.849198e+00  1.675429e+02
     vertex -6.184109e+01 -6.706510e+00  1.676837e+02
     vertex -6.184109e+01 -6.624343e+00  1.675647e+02
   endloop
 endfacet
 facet normal -8.536543e-01 -3.347895e-01 -3.989866e-01
   outer loop
     vertex -6.172091e+01 -6.849198e+00  1.675429e+02
     vertex -6.160074e+01 -7.002407e+00  1.674144e+02
     vertex -6.160074e+01 -7.055616e+00  1.674590e+02
   endloop
 endfacet
 facet normal -8.609933e-01 -3.269322e-01 -3.896226e-01
   outer loop
     vertex -6.172091e+01 -6.849198e+00  1.675429e+02
     vertex -6.172091e+01 -6.955616e+00  1.676322e+02
     vertex -6.184109e+01 -6.814777e+00  1.677796e+02
   endloop
 endfacet
 facet normal -8.536543e-01 -3.347895e-01 -3.989866e-01
   outer loop
     vertex -6.172091e+01 -6.849198e+00  1.675429e+02
     vertex -6.160074e+01 -7.055616e+00  1.674590e+02
     vertex -6.172091e+01 -6.955616e+00  1.676322e+02
   endloop
 endfacet
 facet normal -8.521146e-01 -4.893457e-01 -1.855843e-01
   outer loop
     vertex -6.172091e+01 -6.779739e+00  1.674226e+02
     vertex -6.184109e+01 -6.624343e+00  1.675647e+02
     vertex -6.184109e+01 -6.573051e+00  1.674294e+02
   endloop
 endfacet
 facet normal -8.637673e-01 -5.002170e-01 -6.073734e-02
   outer loop
     vertex -6.172091e+01 -6.779739e+00  1.674226e+02
     vertex -6.184109e+01 -6.573051e+00  1.674294e+02
     vertex -6.184109e+01 -6.555616e+00  1.672858e+02
   endloop
 endfacet
 facet normal -8.536543e-01 -5.129273e-01 -9.044292e-02
   outer loop
     vertex -6.172091e+01 -6.779739e+00  1.674226e+02
     vertex -6.184109e+01 -6.555616e+00  1.672858e+02
     vertex -6.148057e+01 -7.155616e+00  1.672858e+02
   endloop
 endfacet
 facet normal -8.633318e-01 -4.370282e-01 -2.523184e-01
   outer loop
     vertex -6.172091e+01 -6.779739e+00  1.674226e+02
     vertex -6.172091e+01 -6.849198e+00  1.675429e+02
     vertex -6.184109e+01 -6.624343e+00  1.675647e+02
   endloop
 endfacet
 facet normal -3.010736e-01  1.502345e-01 -9.416922e-01
   outer loop
     vertex -6.172091e+01 -6.779739e+00  1.674226e+02
     vertex -6.148057e+01 -7.155616e+00  1.672858e+02
     vertex -6.160074e+01 -6.967678e+00  1.673542e+02
   endloop
 endfacet
 facet normal -8.536543e-01 -4.510607e-01 -2.604200e-01
   outer loop
     vertex -6.172091e+01 -6.779739e+00  1.674226e+02
     vertex -6.160074e+01 -6.967678e+00  1.673542e+02
     vertex -6.160074e+01 -7.002407e+00  1.674144e+02
   endloop
 endfacet
 facet normal -8.536543e-01 -4.510607e-01 -2.604200e-01
   outer loop
     vertex -6.172091e+01 -6.779739e+00  1.674226e+02
     vertex -6.160074e+01 -7.002407e+00  1.674144e+02
     vertex -6.172091e+01 -6.849198e+00  1.675429e+02
   endloop
 endfacet
 facet normal  3.472471e-15 -9.951847e-01  9.801714e-02
   outer loop
     vertex -6.684109e+01 -4.405616e+00  1.640858e+02
     vertex -3.604109e+01 -4.405616e+00  1.640858e+02
     vertex -3.604109e+01 -4.391205e+00  1.642321e+02
   endloop
 endfacet
 facet normal  3.339025e-15 -9.569403e-01  2.902847e-01
   outer loop
     vertex -6.684109e+01 -4.391205e+00  1.642321e+02
     vertex -3.604109e+01 -4.391205e+00  1.642321e+02
     vertex -3.604109e+01 -4.348526e+00  1.643728e+02
   endloop
 endfacet
 facet normal  3.472471e-15 -9.951847e-01  9.801714e-02
   outer loop
     vertex -6.684109e+01 -4.391205e+00  1.642321e+02
     vertex -6.684109e+01 -4.405616e+00  1.640858e+02
     vertex -3.604109e+01 -4.391205e+00  1.642321e+02
   endloop
 endfacet
 facet normal  3.512260e-15 -8.819213e-01  4.713967e-01
   outer loop
     vertex -6.684109e+01 -4.348526e+00  1.643728e+02
     vertex -3.604109e+01 -4.348526e+00  1.643728e+02
     vertex -3.604109e+01 -4.279218e+00  1.645025e+02
   endloop
 endfacet
 facet normal  3.606895e-15 -9.569403e-01  2.902847e-01
   outer loop
     vertex -6.684109e+01 -4.348526e+00  1.643728e+02
     vertex -6.684109e+01 -4.391205e+00  1.642321e+02
     vertex -3.604109e+01 -4.348526e+00  1.643728e+02
   endloop
 endfacet
 facet normal  2.697244e-15 -7.730105e-01  6.343933e-01
   outer loop
     vertex -6.684109e+01 -4.279218e+00  1.645025e+02
     vertex -3.604109e+01 -4.279218e+00  1.645025e+02
     vertex -3.604109e+01 -4.185946e+00  1.646162e+02
   endloop
 endfacet
 facet normal  3.077263e-15 -8.819213e-01  4.713967e-01
   outer loop
     vertex -6.684109e+01 -4.279218e+00  1.645025e+02
     vertex -6.684109e+01 -4.348526e+00  1.643728e+02
     vertex -3.604109e+01 -4.279218e+00  1.645025e+02
   endloop
 endfacet
 facet normal  2.195277e-15 -6.343933e-01  7.730105e-01
   outer loop
     vertex -6.684109e+01 -4.185946e+00  1.646162e+02
     vertex -3.604109e+01 -4.185946e+00  1.646162e+02
     vertex -3.604109e+01 -4.072294e+00  1.647094e+02
   endloop
 endfacet
 facet normal  2.674953e-15 -7.730105e-01  6.343933e-01
   outer loop
     vertex -6.684109e+01 -4.185946e+00  1.646162e+02
     vertex -6.684109e+01 -4.279218e+00  1.645025e+02
     vertex -3.604109e+01 -4.185946e+00  1.646162e+02
   endloop
 endfacet
 facet normal  1.631238e-15 -4.713967e-01  8.819213e-01
   outer loop
     vertex -6.684109e+01 -4.072294e+00  1.647094e+02
     vertex -3.604109e+01 -4.072294e+00  1.647094e+02
     vertex -3.604109e+01 -3.942629e+00  1.647787e+02
   endloop
 endfacet
 facet normal  2.195277e-15 -6.343933e-01  7.730105e-01
   outer loop
     vertex -6.684109e+01 -4.072294e+00  1.647094e+02
     vertex -6.684109e+01 -4.185946e+00  1.646162e+02
     vertex -3.604109e+01 -4.072294e+00  1.647094e+02
   endloop
 endfacet
 facet normal  1.008697e-15 -2.902847e-01  9.569403e-01
   outer loop
     vertex -6.684109e+01 -3.942629e+00  1.647787e+02
     vertex -3.604109e+01 -3.942629e+00  1.647787e+02
     vertex -3.604109e+01 -3.801934e+00  1.648214e+02
   endloop
 endfacet
 facet normal  1.638035e-15 -4.713967e-01  8.819213e-01
   outer loop
     vertex -6.684109e+01 -3.942629e+00  1.647787e+02
     vertex -6.684109e+01 -4.072294e+00  1.647094e+02
     vertex -3.604109e+01 -3.942629e+00  1.647787e+02
   endloop
 endfacet
 facet normal  3.405952e-16 -9.801714e-02  9.951847e-01
   outer loop
     vertex -6.684109e+01 -3.801934e+00  1.648214e+02
     vertex -3.604109e+01 -3.801934e+00  1.648214e+02
     vertex -3.604109e+01 -3.655616e+00  1.648358e+02
   endloop
 endfacet
 facet normal  1.008697e-15 -2.902847e-01  9.569403e-01
   outer loop
     vertex -6.684109e+01 -3.801934e+00  1.648214e+02
     vertex -6.684109e+01 -3.942629e+00  1.647787e+02
     vertex -3.604109e+01 -3.801934e+00  1.648214e+02
   endloop
 endfacet
 facet normal  3.420085e-16 -9.801714e-02  9.951847e-01
   outer loop
     vertex -6.684109e+01 -3.655616e+00  1.648358e+02
     vertex -6.684109e+01 -3.801934e+00  1.648214e+02
     vertex -3.604109e+01 -3.655616e+00  1.648358e+02
   endloop
 endfacet
 facet normal -3.448652e-16  9.801714e-02  9.951847e-01
   outer loop
     vertex -6.684109e+01 -1.050930e+01  1.648214e+02
     vertex -6.684109e+01 -1.065562e+01  1.648358e+02
     vertex -3.604109e+01 -1.065562e+01  1.648358e+02
   endloop
 endfacet
 facet normal -3.448350e-16  9.801714e-02  9.951847e-01
   outer loop
     vertex -6.684109e+01 -1.050930e+01  1.648214e+02
     vertex -3.604109e+01 -1.065562e+01  1.648358e+02
     vertex -3.604109e+01 -1.050930e+01  1.648214e+02
   endloop
 endfacet
 facet normal -1.021253e-15  2.902847e-01  9.569403e-01
   outer loop
     vertex -6.684109e+01 -1.036860e+01  1.647787e+02
     vertex -3.604109e+01 -1.050930e+01  1.648214e+02
     vertex -3.604109e+01 -1.036860e+01  1.647787e+02
   endloop
 endfacet
 facet normal -1.021284e-15  2.902847e-01  9.569403e-01
   outer loop
     vertex -6.684109e+01 -1.036860e+01  1.647787e+02
     vertex -6.684109e+01 -1.050930e+01  1.648214e+02
     vertex -3.604109e+01 -1.050930e+01  1.648214e+02
   endloop
 endfacet
 facet normal -1.658425e-15  4.713967e-01  8.819213e-01
   outer loop
     vertex -6.684109e+01 -1.023894e+01  1.647094e+02
     vertex -3.604109e+01 -1.036860e+01  1.647787e+02
     vertex -3.604109e+01 -1.023894e+01  1.647094e+02
   endloop
 endfacet
 facet normal -1.658341e-15  4.713967e-01  8.819213e-01
   outer loop
     vertex -6.684109e+01 -1.023894e+01  1.647094e+02
     vertex -6.684109e+01 -1.036860e+01  1.647787e+02
     vertex -3.604109e+01 -1.036860e+01  1.647787e+02
   endloop
 endfacet
 facet normal -2.268453e-15  6.343933e-01  7.730105e-01
   outer loop
     vertex -6.684109e+01 -1.012529e+01  1.646162e+02
     vertex -3.604109e+01 -1.023894e+01  1.647094e+02
     vertex -3.604109e+01 -1.012529e+01  1.646162e+02
   endloop
 endfacet
 facet normal -2.231808e-15  6.343933e-01  7.730105e-01
   outer loop
     vertex -6.684109e+01 -1.012529e+01  1.646162e+02
     vertex -6.684109e+01 -1.023894e+01  1.647094e+02
     vertex -3.604109e+01 -1.023894e+01  1.647094e+02
   endloop
 endfacet
 facet normal -2.719535e-15  7.730105e-01  6.343933e-01
   outer loop
     vertex -6.684109e+01 -1.003201e+01  1.645025e+02
     vertex -3.604109e+01 -1.012529e+01  1.646162e+02
     vertex -3.604109e+01 -1.003201e+01  1.645025e+02
   endloop
 endfacet
 facet normal -2.764285e-15  7.730105e-01  6.343933e-01
   outer loop
     vertex -6.684109e+01 -1.003201e+01  1.645025e+02
     vertex -6.684109e+01 -1.012529e+01  1.646162e+02
     vertex -3.604109e+01 -1.012529e+01  1.646162e+02
   endloop
 endfacet
 facet normal -3.102695e-15  8.819213e-01  4.713967e-01
   outer loop
     vertex -6.684109e+01 -9.962706e+00  1.643728e+02
     vertex -3.604109e+01 -1.003201e+01  1.645025e+02
     vertex -3.604109e+01 -9.962706e+00  1.643728e+02
   endloop
 endfacet
 facet normal -3.102925e-15  8.819213e-01  4.713967e-01
   outer loop
     vertex -6.684109e+01 -9.962706e+00  1.643728e+02
     vertex -6.684109e+01 -1.003201e+01  1.645025e+02
     vertex -3.604109e+01 -1.003201e+01  1.645025e+02
   endloop
 endfacet
 facet normal -3.366621e-15  9.569403e-01  2.902847e-01
   outer loop
     vertex -6.684109e+01 -9.920027e+00  1.642321e+02
     vertex -3.604109e+01 -9.962706e+00  1.643728e+02
     vertex -3.604109e+01 -9.920027e+00  1.642321e+02
   endloop
 endfacet
 facet normal -3.366674e-15  9.569403e-01  2.902847e-01
   outer loop
     vertex -6.684109e+01 -9.920027e+00  1.642321e+02
     vertex -6.684109e+01 -9.962706e+00  1.643728e+02
     vertex -3.604109e+01 -9.962706e+00  1.643728e+02
   endloop
 endfacet
 facet normal -3.501169e-15  9.951847e-01  9.801714e-02
   outer loop
     vertex -6.684109e+01 -9.905616e+00  1.640858e+02
     vertex -3.604109e+01 -9.920027e+00  1.642321e+02
     vertex -3.604109e+01 -9.905616e+00  1.640858e+02
   endloop
 endfacet
 facet normal -3.501134e-15  9.951847e-01  9.801714e-02
   outer loop
     vertex -6.684109e+01 -9.905616e+00  1.640858e+02
     vertex -6.684109e+01 -9.920027e+00  1.642321e+02
     vertex -3.604109e+01 -9.920027e+00  1.642321e+02
   endloop
 endfacet
 facet normal -3.501169e-15  9.951847e-01 -9.801714e-02
   outer loop
     vertex -6.684109e+01 -9.920027e+00  1.639395e+02
     vertex -3.604109e+01 -9.905616e+00  1.640858e+02
     vertex -3.604109e+01 -9.920027e+00  1.639395e+02
   endloop
 endfacet
 facet normal -3.501134e-15  9.951847e-01 -9.801714e-02
   outer loop
     vertex -6.684109e+01 -9.920027e+00  1.639395e+02
     vertex -6.684109e+01 -9.905616e+00  1.640858e+02
     vertex -3.604109e+01 -9.905616e+00  1.640858e+02
   endloop
 endfacet
 facet normal -3.366621e-15  9.569403e-01 -2.902847e-01
   outer loop
     vertex -6.684109e+01 -9.962706e+00  1.637988e+02
     vertex -3.604109e+01 -9.920027e+00  1.639395e+02
     vertex -3.604109e+01 -9.962706e+00  1.637988e+02
   endloop
 endfacet
 facet normal -3.366674e-15  9.569403e-01 -2.902847e-01
   outer loop
     vertex -6.684109e+01 -9.962706e+00  1.637988e+02
     vertex -6.684109e+01 -9.920027e+00  1.639395e+02
     vertex -3.604109e+01 -9.920027e+00  1.639395e+02
   endloop
 endfacet
 facet normal -3.102695e-15  8.819213e-01 -4.713967e-01
   outer loop
     vertex -6.684109e+01 -1.003201e+01  1.636691e+02
     vertex -3.604109e+01 -9.962706e+00  1.637988e+02
     vertex -3.604109e+01 -1.003201e+01  1.636691e+02
   endloop
 endfacet
 facet normal -3.102925e-15  8.819213e-01 -4.713967e-01
   outer loop
     vertex -6.684109e+01 -1.003201e+01  1.636691e+02
     vertex -6.684109e+01 -9.962706e+00  1.637988e+02
     vertex -3.604109e+01 -9.962706e+00  1.637988e+02
   endloop
 endfacet
 facet normal -2.719535e-15  7.730105e-01 -6.343933e-01
   outer loop
     vertex -6.684109e+01 -1.012529e+01  1.635555e+02
     vertex -3.604109e+01 -1.003201e+01  1.636691e+02
     vertex -3.604109e+01 -1.012529e+01  1.635555e+02
   endloop
 endfacet
 facet normal -2.719848e-15  7.730105e-01 -6.343933e-01
   outer loop
     vertex -6.684109e+01 -1.012529e+01  1.635555e+02
     vertex -6.684109e+01 -1.003201e+01  1.636691e+02
     vertex -3.604109e+01 -1.003201e+01  1.636691e+02
   endloop
 endfacet
 facet normal -2.231865e-15  6.343933e-01 -7.730105e-01
   outer loop
     vertex -6.684109e+01 -1.023894e+01  1.634622e+02
     vertex -3.604109e+01 -1.012529e+01  1.635555e+02
     vertex -3.604109e+01 -1.023894e+01  1.634622e+02
   endloop
 endfacet
 facet normal -2.231808e-15  6.343933e-01 -7.730105e-01
   outer loop
     vertex -6.684109e+01 -1.023894e+01  1.634622e+02
     vertex -6.684109e+01 -1.012529e+01  1.635555e+02
     vertex -3.604109e+01 -1.012529e+01  1.635555e+02
   endloop
 endfacet
 facet normal -1.658425e-15  4.713967e-01 -8.819213e-01
   outer loop
     vertex -6.684109e+01 -1.036860e+01  1.633929e+02
     vertex -3.604109e+01 -1.023894e+01  1.634622e+02
     vertex -3.604109e+01 -1.036860e+01  1.633929e+02
   endloop
 endfacet
 facet normal -1.658341e-15  4.713967e-01 -8.819213e-01
   outer loop
     vertex -6.684109e+01 -1.036860e+01  1.633929e+02
     vertex -6.684109e+01 -1.023894e+01  1.634622e+02
     vertex -3.604109e+01 -1.023894e+01  1.634622e+02
   endloop
 endfacet
 facet normal -1.021253e-15  2.902847e-01 -9.569403e-01
   outer loop
     vertex -6.684109e+01 -1.050930e+01  1.633502e+02
     vertex -3.604109e+01 -1.036860e+01  1.633929e+02
     vertex -3.604109e+01 -1.050930e+01  1.633502e+02
   endloop
 endfacet
 facet normal -1.021284e-15  2.902847e-01 -9.569403e-01
   outer loop
     vertex -6.684109e+01 -1.050930e+01  1.633502e+02
     vertex -6.684109e+01 -1.036860e+01  1.633929e+02
     vertex -3.604109e+01 -1.036860e+01  1.633929e+02
   endloop
 endfacet
 facet normal -3.447694e-16  9.801714e-02 -9.951847e-01
   outer loop
     vertex -6.684109e+01 -1.065562e+01  1.633358e+02
     vertex -6.684109e+01 -1.050930e+01  1.633502e+02
     vertex -3.604109e+01 -1.050930e+01  1.633502e+02
   endloop
 endfacet
 facet normal -3.448350e-16  9.801714e-02 -9.951847e-01
   outer loop
     vertex -6.684109e+01 -1.065562e+01  1.633358e+02
     vertex -3.604109e+01 -1.050930e+01  1.633502e+02
     vertex -3.604109e+01 -1.065562e+01  1.633358e+02
   endloop
 endfacet
endsolid
