solid 
 facet normal  1.242981e-01  8.077239e-02 -9.889519e-01
   outer loop
     vertex -3.169505e+01  1.562576e+01  1.472858e+02
     vertex -3.196825e+01  1.604618e+01  1.472858e+02
     vertex -3.185214e+01  1.613500e+01  1.473077e+02
   endloop
 endfacet
 facet normal  9.718141e-01 -3.720358e-02 -2.327943e-01
   outer loop
     vertex -3.085709e+01  1.363282e+01  1.475985e+02
     vertex -3.080071e+01  1.420627e+01  1.477422e+02
     vertex -3.082281e+01  1.362885e+01  1.477422e+02
   endloop
 endfacet
 facet normal  8.154723e-01  5.299167e-01 -2.327943e-01
   outer loop
     vertex -3.128808e+01  1.584779e+01  1.475985e+02
     vertex -3.157265e+01  1.634884e+01  1.477422e+02
     vertex -3.125779e+01  1.586431e+01  1.477422e+02
   endloop
 endfacet
 facet normal  8.154723e-01  5.299167e-01 -2.327943e-01
   outer loop
     vertex -3.128808e+01  1.584779e+01  1.475985e+02
     vertex -3.160005e+01  1.632787e+01  1.475985e+02
     vertex -3.157265e+01  1.634884e+01  1.477422e+02
   endloop
 endfacet
 facet normal  7.230329e-01  4.698470e-01 -5.064260e-01
   outer loop
     vertex -3.135394e+01  1.581186e+01  1.474712e+02
     vertex -3.165963e+01  1.628229e+01  1.474712e+02
     vertex -3.160005e+01  1.632787e+01  1.475985e+02
   endloop
 endfacet
 facet normal  7.230329e-01  4.698470e-01 -5.064260e-01
   outer loop
     vertex -3.135394e+01  1.581186e+01  1.474712e+02
     vertex -3.160005e+01  1.632787e+01  1.475985e+02
     vertex -3.128808e+01  1.584779e+01  1.475985e+02
   endloop
 endfacet
 facet normal  5.673977e-01  3.687109e-01 -7.362826e-01
   outer loop
     vertex -3.144960e+01  1.575967e+01  1.473713e+02
     vertex -3.174618e+01  1.621607e+01  1.473713e+02
     vertex -3.165963e+01  1.628229e+01  1.474712e+02
   endloop
 endfacet
 facet normal  5.673977e-01  3.687109e-01 -7.362826e-01
   outer loop
     vertex -3.144960e+01  1.575967e+01  1.473713e+02
     vertex -3.165963e+01  1.628229e+01  1.474712e+02
     vertex -3.135394e+01  1.581186e+01  1.474712e+02
   endloop
 endfacet
 facet normal  3.618567e-01  2.351446e-01 -9.020902e-01
   outer loop
     vertex -3.156672e+01  1.569577e+01  1.473077e+02
     vertex -3.185214e+01  1.613500e+01  1.473077e+02
     vertex -3.174618e+01  1.621607e+01  1.473713e+02
   endloop
 endfacet
 facet normal  3.618567e-01  2.351446e-01 -9.020902e-01
   outer loop
     vertex -3.156672e+01  1.569577e+01  1.473077e+02
     vertex -3.174618e+01  1.621607e+01  1.473713e+02
     vertex -3.144960e+01  1.575967e+01  1.473713e+02
   endloop
 endfacet
 facet normal  1.242981e-01  8.077239e-02 -9.889519e-01
   outer loop
     vertex -3.156672e+01  1.569577e+01  1.473077e+02
     vertex -3.169505e+01  1.562576e+01  1.472858e+02
     vertex -3.185214e+01  1.613500e+01  1.473077e+02
   endloop
 endfacet
 facet normal  8.869588e-01  3.988870e-01 -2.327943e-01
   outer loop
     vertex -3.105325e+01  1.532562e+01  1.475985e+02
     vertex -3.125779e+01  1.586431e+01  1.477422e+02
     vertex -3.102079e+01  1.533732e+01  1.477422e+02
   endloop
 endfacet
 facet normal  8.869588e-01  3.988870e-01 -2.327943e-01
   outer loop
     vertex -3.105325e+01  1.532562e+01  1.475985e+02
     vertex -3.128808e+01  1.584779e+01  1.475985e+02
     vertex -3.125779e+01  1.586431e+01  1.477422e+02
   endloop
 endfacet
 facet normal  7.864159e-01  3.536704e-01 -5.064260e-01
   outer loop
     vertex -3.112383e+01  1.530019e+01  1.474712e+02
     vertex -3.135394e+01  1.581186e+01  1.474712e+02
     vertex -3.128808e+01  1.584779e+01  1.475985e+02
   endloop
 endfacet
 facet normal  7.864159e-01  3.536704e-01 -5.064260e-01
   outer loop
     vertex -3.112383e+01  1.530019e+01  1.474712e+02
     vertex -3.128808e+01  1.584779e+01  1.475985e+02
     vertex -3.105325e+01  1.532562e+01  1.475985e+02
   endloop
 endfacet
 facet normal  6.171373e-01  2.775417e-01 -7.362826e-01
   outer loop
     vertex -3.122635e+01  1.526326e+01  1.473713e+02
     vertex -3.144960e+01  1.575967e+01  1.473713e+02
     vertex -3.135394e+01  1.581186e+01  1.474712e+02
   endloop
 endfacet
 facet normal  6.171373e-01  2.775417e-01 -7.362826e-01
   outer loop
     vertex -3.122635e+01  1.526326e+01  1.473713e+02
     vertex -3.135394e+01  1.581186e+01  1.474712e+02
     vertex -3.112383e+01  1.530019e+01  1.474712e+02
   endloop
 endfacet
 facet normal  1.351944e-01  6.080023e-02 -9.889519e-01
   outer loop
     vertex -3.135187e+01  1.521804e+01  1.473077e+02
     vertex -3.148940e+01  1.516848e+01  1.472858e+02
     vertex -3.169505e+01  1.562576e+01  1.472858e+02
   endloop
 endfacet
 facet normal  3.935780e-01  1.770016e-01 -9.020902e-01
   outer loop
     vertex -3.135187e+01  1.521804e+01  1.473077e+02
     vertex -3.144960e+01  1.575967e+01  1.473713e+02
     vertex -3.122635e+01  1.526326e+01  1.473713e+02
   endloop
 endfacet
 facet normal  1.351944e-01  6.080023e-02 -9.889519e-01
   outer loop
     vertex -3.135187e+01  1.521804e+01  1.473077e+02
     vertex -3.169505e+01  1.562576e+01  1.472858e+02
     vertex -3.156672e+01  1.569577e+01  1.473077e+02
   endloop
 endfacet
 facet normal  3.935780e-01  1.770016e-01 -9.020902e-01
   outer loop
     vertex -3.135187e+01  1.521804e+01  1.473077e+02
     vertex -3.156672e+01  1.569577e+01  1.473077e+02
     vertex -3.144960e+01  1.575967e+01  1.473713e+02
   endloop
 endfacet
 facet normal  9.375524e-01  2.584613e-01 -2.327943e-01
   outer loop
     vertex -3.090109e+01  1.477367e+01  1.475985e+02
     vertex -3.102079e+01  1.533732e+01  1.477422e+02
     vertex -3.086722e+01  1.478026e+01  1.477422e+02
   endloop
 endfacet
 facet normal  9.375524e-01  2.584613e-01 -2.327943e-01
   outer loop
     vertex -3.090109e+01  1.477367e+01  1.475985e+02
     vertex -3.105325e+01  1.532562e+01  1.475985e+02
     vertex -3.102079e+01  1.533732e+01  1.477422e+02
   endloop
 endfacet
 facet normal  8.312744e-01  2.291629e-01 -5.064260e-01
   outer loop
     vertex -3.097473e+01  1.475934e+01  1.474712e+02
     vertex -3.112383e+01  1.530019e+01  1.474712e+02
     vertex -3.105325e+01  1.532562e+01  1.475985e+02
   endloop
 endfacet
 facet normal  8.312744e-01  2.291629e-01 -5.064260e-01
   outer loop
     vertex -3.097473e+01  1.475934e+01  1.474712e+02
     vertex -3.105325e+01  1.532562e+01  1.475985e+02
     vertex -3.090109e+01  1.477367e+01  1.475985e+02
   endloop
 endfacet
 facet normal  6.523399e-01  1.798349e-01 -7.362826e-01
   outer loop
     vertex -3.108170e+01  1.473853e+01  1.473713e+02
     vertex -3.112383e+01  1.530019e+01  1.474712e+02
     vertex -3.097473e+01  1.475934e+01  1.474712e+02
   endloop
 endfacet
 facet normal  6.523399e-01  1.798349e-01 -7.362826e-01
   outer loop
     vertex -3.108170e+01  1.473853e+01  1.473713e+02
     vertex -3.122635e+01  1.526326e+01  1.473713e+02
     vertex -3.112383e+01  1.530019e+01  1.474712e+02
   endloop
 endfacet
 facet normal  1.429061e-01  3.939588e-02 -9.889519e-01
   outer loop
     vertex -3.121265e+01  1.471305e+01  1.473077e+02
     vertex -3.135615e+01  1.468513e+01  1.472858e+02
     vertex -3.148940e+01  1.516848e+01  1.472858e+02
   endloop
 endfacet
 facet normal  1.429061e-01  3.939588e-02 -9.889519e-01
   outer loop
     vertex -3.121265e+01  1.471305e+01  1.473077e+02
     vertex -3.148940e+01  1.516848e+01  1.472858e+02
     vertex -3.135187e+01  1.521804e+01  1.473077e+02
   endloop
 endfacet
 facet normal  4.160284e-01  1.146893e-01 -9.020902e-01
   outer loop
     vertex -3.121265e+01  1.471305e+01  1.473077e+02
     vertex -3.135187e+01  1.521804e+01  1.473077e+02
     vertex -3.122635e+01  1.526326e+01  1.473713e+02
   endloop
 endfacet
 facet normal  4.160284e-01  1.146893e-01 -9.020902e-01
   outer loop
     vertex -3.121265e+01  1.471305e+01  1.473077e+02
     vertex -3.122635e+01  1.526326e+01  1.473713e+02
     vertex -3.108170e+01  1.473853e+01  1.473713e+02
   endloop
 endfacet
 facet normal  9.660614e-01  1.119474e-01 -2.327943e-01
   outer loop
     vertex -3.083519e+01  1.420494e+01  1.475985e+02
     vertex -3.086722e+01  1.478026e+01  1.477422e+02
     vertex -3.080071e+01  1.420627e+01  1.477422e+02
   endloop
 endfacet
 facet normal  9.660614e-01  1.119474e-01 -2.327943e-01
   outer loop
     vertex -3.083519e+01  1.420494e+01  1.475985e+02
     vertex -3.090109e+01  1.477367e+01  1.475985e+02
     vertex -3.086722e+01  1.478026e+01  1.477422e+02
   endloop
 endfacet
 facet normal  9.718141e-01 -3.720358e-02 -2.327943e-01
   outer loop
     vertex -3.083519e+01  1.420494e+01  1.475985e+02
     vertex -3.080071e+01  1.420627e+01  1.477422e+02
     vertex -3.085709e+01  1.363282e+01  1.475985e+02
   endloop
 endfacet
 facet normal  8.616523e-01 -3.298629e-02 -5.064260e-01
   outer loop
     vertex -3.091015e+01  1.420205e+01  1.474712e+02
     vertex -3.085709e+01  1.363282e+01  1.475985e+02
     vertex -3.093161e+01  1.364143e+01  1.474712e+02
   endloop
 endfacet
 facet normal  8.565516e-01  9.925735e-02 -5.064260e-01
   outer loop
     vertex -3.091015e+01  1.420205e+01  1.474712e+02
     vertex -3.097473e+01  1.475934e+01  1.474712e+02
     vertex -3.090109e+01  1.477367e+01  1.475985e+02
   endloop
 endfacet
 facet normal  8.616523e-01 -3.298629e-02 -5.064260e-01
   outer loop
     vertex -3.091015e+01  1.420205e+01  1.474712e+02
     vertex -3.083519e+01  1.420494e+01  1.475985e+02
     vertex -3.085709e+01  1.363282e+01  1.475985e+02
   endloop
 endfacet
 facet normal  8.565516e-01  9.925735e-02 -5.064260e-01
   outer loop
     vertex -3.091015e+01  1.420205e+01  1.474712e+02
     vertex -3.090109e+01  1.477367e+01  1.475985e+02
     vertex -3.083519e+01  1.420494e+01  1.475985e+02
   endloop
 endfacet
 facet normal  6.761788e-01 -2.588589e-02 -7.362826e-01
   outer loop
     vertex -3.101904e+01  1.419785e+01  1.473713e+02
     vertex -3.093161e+01  1.364143e+01  1.474712e+02
     vertex -3.103987e+01  1.365394e+01  1.473713e+02
   endloop
 endfacet
 facet normal  6.721761e-01  7.789188e-02 -7.362826e-01
   outer loop
     vertex -3.101904e+01  1.419785e+01  1.473713e+02
     vertex -3.108170e+01  1.473853e+01  1.473713e+02
     vertex -3.097473e+01  1.475934e+01  1.474712e+02
   endloop
 endfacet
 facet normal  6.721761e-01  7.789188e-02 -7.362826e-01
   outer loop
     vertex -3.101904e+01  1.419785e+01  1.473713e+02
     vertex -3.097473e+01  1.475934e+01  1.474712e+02
     vertex -3.091015e+01  1.420205e+01  1.474712e+02
   endloop
 endfacet
 facet normal  6.761788e-01 -2.588589e-02 -7.362826e-01
   outer loop
     vertex -3.101904e+01  1.419785e+01  1.473713e+02
     vertex -3.091015e+01  1.420205e+01  1.474712e+02
     vertex -3.093161e+01  1.364143e+01  1.474712e+02
   endloop
 endfacet
 facet normal  4.312316e-01 -1.650867e-02 -9.020902e-01
   outer loop
     vertex -3.115236e+01  1.419270e+01  1.473077e+02
     vertex -3.103987e+01  1.365394e+01  1.473713e+02
     vertex -3.117239e+01  1.366926e+01  1.473077e+02
   endloop
 endfacet
 facet normal  1.481285e-01 -5.670744e-03 -9.889519e-01
   outer loop
     vertex -3.115236e+01  1.419270e+01  1.473077e+02
     vertex -3.117239e+01  1.366926e+01  1.473077e+02
     vertex -3.131761e+01  1.368605e+01  1.472858e+02
   endloop
 endfacet
 facet normal  1.472516e-01  1.706354e-02 -9.889519e-01
   outer loop
     vertex -3.115236e+01  1.419270e+01  1.473077e+02
     vertex -3.129843e+01  1.418707e+01  1.472858e+02
     vertex -3.135615e+01  1.468513e+01  1.472858e+02
   endloop
 endfacet
 facet normal  1.481285e-01 -5.670744e-03 -9.889519e-01
   outer loop
     vertex -3.115236e+01  1.419270e+01  1.473077e+02
     vertex -3.131761e+01  1.368605e+01  1.472858e+02
     vertex -3.129843e+01  1.418707e+01  1.472858e+02
   endloop
 endfacet
 facet normal  1.472516e-01  1.706354e-02 -9.889519e-01
   outer loop
     vertex -3.115236e+01  1.419270e+01  1.473077e+02
     vertex -3.135615e+01  1.468513e+01  1.472858e+02
     vertex -3.121265e+01  1.471305e+01  1.473077e+02
   endloop
 endfacet
 facet normal  4.286789e-01  4.967539e-02 -9.020902e-01
   outer loop
     vertex -3.115236e+01  1.419270e+01  1.473077e+02
     vertex -3.121265e+01  1.471305e+01  1.473077e+02
     vertex -3.108170e+01  1.473853e+01  1.473713e+02
   endloop
 endfacet
 facet normal  4.312316e-01 -1.650867e-02 -9.020902e-01
   outer loop
     vertex -3.115236e+01  1.419270e+01  1.473077e+02
     vertex -3.101904e+01  1.419785e+01  1.473713e+02
     vertex -3.103987e+01  1.365394e+01  1.473713e+02
   endloop
 endfacet
 facet normal  4.286789e-01  4.967539e-02 -9.020902e-01
   outer loop
     vertex -3.115236e+01  1.419270e+01  1.473077e+02
     vertex -3.108170e+01  1.473853e+01  1.473713e+02
     vertex -3.101904e+01  1.419785e+01  1.473713e+02
   endloop
 endfacet
 facet normal  1.456030e-01 -2.753007e-02 -9.889600e-01
   outer loop
     vertex -3.034968e+01  1.294641e+01  1.492858e+02
     vertex -3.037874e+01  1.357753e+01  1.492640e+02
     vertex -3.023352e+01  1.356074e+01  1.492858e+02
   endloop
 endfacet
 facet normal  7.041012e-01 -6.708278e-01 -2.328767e-01
   outer loop
     vertex -3.194312e+01  1.117939e+01  1.489731e+02
     vertex -3.196633e+01  1.120493e+01  1.488294e+02
     vertex -3.158435e+01  1.160585e+01  1.488294e+02
   endloop
 endfacet
 facet normal  9.555754e-01 -1.806766e-01 -2.328767e-01
   outer loop
     vertex -3.079785e+01  1.306499e+01  1.489731e+02
     vertex -3.072833e+01  1.361793e+01  1.488294e+02
     vertex -3.069405e+01  1.361397e+01  1.489731e+02
   endloop
 endfacet
 facet normal  9.555754e-01 -1.806766e-01 -2.328767e-01
   outer loop
     vertex -3.079785e+01  1.306499e+01  1.489731e+02
     vertex -3.083121e+01  1.307381e+01  1.488294e+02
     vertex -3.072833e+01  1.361793e+01  1.488294e+02
   endloop
 endfacet
 facet normal  8.471902e-01 -1.601836e-01 -5.065668e-01
   outer loop
     vertex -3.072533e+01  1.304580e+01  1.491005e+02
     vertex -3.069405e+01  1.361397e+01  1.489731e+02
     vertex -3.061953e+01  1.360536e+01  1.491005e+02
   endloop
 endfacet
 facet normal  8.471902e-01 -1.601836e-01 -5.065668e-01
   outer loop
     vertex -3.072533e+01  1.304580e+01  1.491005e+02
     vertex -3.079785e+01  1.306499e+01  1.489731e+02
     vertex -3.069405e+01  1.361397e+01  1.489731e+02
   endloop
 endfacet
 facet normal  6.647588e-01 -1.256901e-01 -7.364087e-01
   outer loop
     vertex -3.061997e+01  1.301792e+01  1.492003e+02
     vertex -3.061953e+01  1.360536e+01  1.491005e+02
     vertex -3.051127e+01  1.359284e+01  1.492003e+02
   endloop
 endfacet
 facet normal  6.647588e-01 -1.256901e-01 -7.364087e-01
   outer loop
     vertex -3.061997e+01  1.301792e+01  1.492003e+02
     vertex -3.072533e+01  1.304580e+01  1.491005e+02
     vertex -3.061953e+01  1.360536e+01  1.491005e+02
   endloop
 endfacet
 facet normal  4.239055e-01 -8.015047e-02 -9.021530e-01
   outer loop
     vertex -3.049100e+01  1.298380e+01  1.492640e+02
     vertex -3.051127e+01  1.359284e+01  1.492003e+02
     vertex -3.037874e+01  1.357753e+01  1.492640e+02
   endloop
 endfacet
 facet normal  4.239055e-01 -8.015047e-02 -9.021530e-01
   outer loop
     vertex -3.049100e+01  1.298380e+01  1.492640e+02
     vertex -3.061997e+01  1.301792e+01  1.492003e+02
     vertex -3.051127e+01  1.359284e+01  1.492003e+02
   endloop
 endfacet
 facet normal  1.456030e-01 -2.753007e-02 -9.889600e-01
   outer loop
     vertex -3.049100e+01  1.298380e+01  1.492640e+02
     vertex -3.037874e+01  1.357753e+01  1.492640e+02
     vertex -3.034968e+01  1.294641e+01  1.492858e+02
   endloop
 endfacet
 facet normal  9.198891e-01 -3.155510e-01 -2.328767e-01
   outer loop
     vertex -3.097914e+01  1.253650e+01  1.489731e+02
     vertex -3.101089e+01  1.255001e+01  1.488294e+02
     vertex -3.083121e+01  1.307381e+01  1.488294e+02
   endloop
 endfacet
 facet normal  9.198891e-01 -3.155510e-01 -2.328767e-01
   outer loop
     vertex -3.097914e+01  1.253650e+01  1.489731e+02
     vertex -3.083121e+01  1.307381e+01  1.488294e+02
     vertex -3.079785e+01  1.306499e+01  1.489731e+02
   endloop
 endfacet
 facet normal  8.155516e-01 -2.797599e-01 -5.065668e-01
   outer loop
     vertex -3.091010e+01  1.250713e+01  1.491005e+02
     vertex -3.079785e+01  1.306499e+01  1.489731e+02
     vertex -3.072533e+01  1.304580e+01  1.491005e+02
   endloop
 endfacet
 facet normal  8.155516e-01 -2.797599e-01 -5.065668e-01
   outer loop
     vertex -3.091010e+01  1.250713e+01  1.491005e+02
     vertex -3.097914e+01  1.253650e+01  1.489731e+02
     vertex -3.079785e+01  1.306499e+01  1.489731e+02
   endloop
 endfacet
 facet normal  6.399331e-01 -2.195172e-01 -7.364087e-01
   outer loop
     vertex -3.080983e+01  1.246447e+01  1.492003e+02
     vertex -3.072533e+01  1.304580e+01  1.491005e+02
     vertex -3.061997e+01  1.301792e+01  1.492003e+02
   endloop
 endfacet
 facet normal  6.399331e-01 -2.195172e-01 -7.364087e-01
   outer loop
     vertex -3.080983e+01  1.246447e+01  1.492003e+02
     vertex -3.091010e+01  1.250713e+01  1.491005e+02
     vertex -3.072533e+01  1.304580e+01  1.491005e+02
   endloop
 endfacet
 facet normal  1.401654e-01 -4.808115e-02 -9.889600e-01
   outer loop
     vertex -3.068706e+01  1.241224e+01  1.492640e+02
     vertex -3.034968e+01  1.294641e+01  1.492858e+02
     vertex -3.055255e+01  1.235501e+01  1.492858e+02
   endloop
 endfacet
 facet normal  4.080746e-01 -1.399824e-01 -9.021530e-01
   outer loop
     vertex -3.068706e+01  1.241224e+01  1.492640e+02
     vertex -3.061997e+01  1.301792e+01  1.492003e+02
     vertex -3.049100e+01  1.298380e+01  1.492640e+02
   endloop
 endfacet
 facet normal  1.401654e-01 -4.808115e-02 -9.889600e-01
   outer loop
     vertex -3.068706e+01  1.241224e+01  1.492640e+02
     vertex -3.049100e+01  1.298380e+01  1.492640e+02
     vertex -3.034968e+01  1.294641e+01  1.492858e+02
   endloop
 endfacet
 facet normal  4.080746e-01 -1.399824e-01 -9.021530e-01
   outer loop
     vertex -3.068706e+01  1.241224e+01  1.492640e+02
     vertex -3.080983e+01  1.246447e+01  1.492003e+02
     vertex -3.061997e+01  1.301792e+01  1.492003e+02
   endloop
 endfacet
 facet normal  8.652709e-01 -4.439310e-01 -2.328767e-01
   outer loop
     vertex -3.123418e+01  1.203940e+01  1.489731e+02
     vertex -3.126367e+01  1.205731e+01  1.488294e+02
     vertex -3.101089e+01  1.255001e+01  1.488294e+02
   endloop
 endfacet
 facet normal  8.652709e-01 -4.439310e-01 -2.328767e-01
   outer loop
     vertex -3.123418e+01  1.203940e+01  1.489731e+02
     vertex -3.101089e+01  1.255001e+01  1.488294e+02
     vertex -3.097914e+01  1.253650e+01  1.489731e+02
   endloop
 endfacet
 facet normal  7.671284e-01 -3.935786e-01 -5.065668e-01
   outer loop
     vertex -3.117006e+01  1.200046e+01  1.491005e+02
     vertex -3.097914e+01  1.253650e+01  1.489731e+02
     vertex -3.091010e+01  1.250713e+01  1.491005e+02
   endloop
 endfacet
 facet normal  7.671284e-01 -3.935786e-01 -5.065668e-01
   outer loop
     vertex -3.117006e+01  1.200046e+01  1.491005e+02
     vertex -3.123418e+01  1.203940e+01  1.489731e+02
     vertex -3.097914e+01  1.253650e+01  1.489731e+02
   endloop
 endfacet
 facet normal  6.019372e-01 -3.088265e-01 -7.364087e-01
   outer loop
     vertex -3.107692e+01  1.194388e+01  1.492003e+02
     vertex -3.117006e+01  1.200046e+01  1.491005e+02
     vertex -3.091010e+01  1.250713e+01  1.491005e+02
   endloop
 endfacet
 facet normal  6.019372e-01 -3.088265e-01 -7.364087e-01
   outer loop
     vertex -3.107692e+01  1.194388e+01  1.492003e+02
     vertex -3.091010e+01  1.250713e+01  1.491005e+02
     vertex -3.080983e+01  1.246447e+01  1.492003e+02
   endloop
 endfacet
 facet normal  1.318431e-01 -6.764268e-02 -9.889600e-01
   outer loop
     vertex -3.096289e+01  1.187463e+01  1.492640e+02
     vertex -3.055255e+01  1.235501e+01  1.492858e+02
     vertex -3.083795e+01  1.179874e+01  1.492858e+02
   endloop
 endfacet
 facet normal  1.318431e-01 -6.764268e-02 -9.889600e-01
   outer loop
     vertex -3.096289e+01  1.187463e+01  1.492640e+02
     vertex -3.068706e+01  1.241224e+01  1.492640e+02
     vertex -3.055255e+01  1.235501e+01  1.492858e+02
   endloop
 endfacet
 facet normal  3.838452e-01 -1.969335e-01 -9.021530e-01
   outer loop
     vertex -3.096289e+01  1.187463e+01  1.492640e+02
     vertex -3.080983e+01  1.246447e+01  1.492003e+02
     vertex -3.068706e+01  1.241224e+01  1.492640e+02
   endloop
 endfacet
 facet normal  3.838452e-01 -1.969335e-01 -9.021530e-01
   outer loop
     vertex -3.096289e+01  1.187463e+01  1.492640e+02
     vertex -3.107692e+01  1.194388e+01  1.492003e+02
     vertex -3.080983e+01  1.246447e+01  1.492003e+02
   endloop
 endfacet
 facet normal  6.242392e-01 -5.947398e-01 -5.065668e-01
   outer loop
     vertex -3.155772e+01  1.158390e+01  1.489731e+02
     vertex -3.189266e+01  1.112388e+01  1.491005e+02
     vertex -3.194312e+01  1.117939e+01  1.489731e+02
   endloop
 endfacet
 facet normal  7.928447e-01 -5.631747e-01 -2.328767e-01
   outer loop
     vertex -3.155772e+01  1.158390e+01  1.489731e+02
     vertex -3.158435e+01  1.160585e+01  1.488294e+02
     vertex -3.126367e+01  1.205731e+01  1.488294e+02
   endloop
 endfacet
 facet normal  7.928447e-01 -5.631747e-01 -2.328767e-01
   outer loop
     vertex -3.155772e+01  1.158390e+01  1.489731e+02
     vertex -3.126367e+01  1.205731e+01  1.488294e+02
     vertex -3.123418e+01  1.203940e+01  1.489731e+02
   endloop
 endfacet
 facet normal  7.041012e-01 -6.708278e-01 -2.328767e-01
   outer loop
     vertex -3.155772e+01  1.158390e+01  1.489731e+02
     vertex -3.194312e+01  1.117939e+01  1.489731e+02
     vertex -3.158435e+01  1.160585e+01  1.488294e+02
   endloop
 endfacet
 facet normal  4.898174e-01 -4.666703e-01 -7.364087e-01
   outer loop
     vertex -3.149984e+01  1.153619e+01  1.491005e+02
     vertex -3.181935e+01  1.104325e+01  1.492003e+02
     vertex -3.189266e+01  1.112388e+01  1.491005e+02
   endloop
 endfacet
 facet normal  7.029171e-01 -4.992972e-01 -5.065668e-01
   outer loop
     vertex -3.149984e+01  1.153619e+01  1.491005e+02
     vertex -3.155772e+01  1.158390e+01  1.489731e+02
     vertex -3.123418e+01  1.203940e+01  1.489731e+02
   endloop
 endfacet
 facet normal  7.029171e-01 -4.992972e-01 -5.065668e-01
   outer loop
     vertex -3.149984e+01  1.153619e+01  1.491005e+02
     vertex -3.123418e+01  1.203940e+01  1.489731e+02
     vertex -3.117006e+01  1.200046e+01  1.491005e+02
   endloop
 endfacet
 facet normal  6.242392e-01 -5.947398e-01 -5.065668e-01
   outer loop
     vertex -3.149984e+01  1.153619e+01  1.491005e+02
     vertex -3.189266e+01  1.112388e+01  1.491005e+02
     vertex -3.155772e+01  1.158390e+01  1.489731e+02
   endloop
 endfacet
 facet normal  3.123483e-01 -2.975878e-01 -9.021530e-01
   outer loop
     vertex -3.141575e+01  1.146687e+01  1.492003e+02
     vertex -3.172961e+01  1.094453e+01  1.492640e+02
     vertex -3.181935e+01  1.104325e+01  1.492003e+02
   endloop
 endfacet
 facet normal  5.515530e-01 -3.917800e-01 -7.364087e-01
   outer loop
     vertex -3.141575e+01  1.146687e+01  1.492003e+02
     vertex -3.117006e+01  1.200046e+01  1.491005e+02
     vertex -3.107692e+01  1.194388e+01  1.492003e+02
   endloop
 endfacet
 facet normal  4.898174e-01 -4.666703e-01 -7.364087e-01
   outer loop
     vertex -3.141575e+01  1.146687e+01  1.492003e+02
     vertex -3.181935e+01  1.104325e+01  1.492003e+02
     vertex -3.149984e+01  1.153619e+01  1.491005e+02
   endloop
 endfacet
 facet normal  5.515530e-01 -3.917800e-01 -7.364087e-01
   outer loop
     vertex -3.141575e+01  1.146687e+01  1.492003e+02
     vertex -3.149984e+01  1.153619e+01  1.491005e+02
     vertex -3.117006e+01  1.200046e+01  1.491005e+02
   endloop
 endfacet
 facet normal  1.072853e-01 -1.022154e-01 -9.889600e-01
   outer loop
     vertex -3.131281e+01  1.138201e+01  1.492640e+02
     vertex -3.163128e+01  1.083636e+01  1.492858e+02
     vertex -3.172961e+01  1.094453e+01  1.492640e+02
   endloop
 endfacet
 facet normal  1.072853e-01 -1.022154e-01 -9.889600e-01
   outer loop
     vertex -3.131281e+01  1.138201e+01  1.492640e+02
     vertex -3.120001e+01  1.128902e+01  1.492858e+02
     vertex -3.163128e+01  1.083636e+01  1.492858e+02
   endloop
 endfacet
 facet normal  1.208074e-01 -8.581208e-02 -9.889600e-01
   outer loop
     vertex -3.131281e+01  1.138201e+01  1.492640e+02
     vertex -3.083795e+01  1.179874e+01  1.492858e+02
     vertex -3.120001e+01  1.128902e+01  1.492858e+02
   endloop
 endfacet
 facet normal  1.208074e-01 -8.581208e-02 -9.889600e-01
   outer loop
     vertex -3.131281e+01  1.138201e+01  1.492640e+02
     vertex -3.096289e+01  1.187463e+01  1.492640e+02
     vertex -3.083795e+01  1.179874e+01  1.492858e+02
   endloop
 endfacet
 facet normal  3.517160e-01 -2.498315e-01 -9.021530e-01
   outer loop
     vertex -3.131281e+01  1.138201e+01  1.492640e+02
     vertex -3.107692e+01  1.194388e+01  1.492003e+02
     vertex -3.096289e+01  1.187463e+01  1.492640e+02
   endloop
 endfacet
 facet normal  3.517160e-01 -2.498315e-01 -9.021530e-01
   outer loop
     vertex -3.131281e+01  1.138201e+01  1.492640e+02
     vertex -3.141575e+01  1.146687e+01  1.492003e+02
     vertex -3.107692e+01  1.194388e+01  1.492003e+02
   endloop
 endfacet
 facet normal  3.123483e-01 -2.975878e-01 -9.021530e-01
   outer loop
     vertex -3.131281e+01  1.138201e+01  1.492640e+02
     vertex -3.172961e+01  1.094453e+01  1.492640e+02
     vertex -3.141575e+01  1.146687e+01  1.492003e+02
   endloop
 endfacet
 facet normal -1.326917e-01  7.215642e-02 -9.885274e-01
   outer loop
     vertex  1.915292e+01  1.073814e+01  1.492858e+02
     vertex  1.929093e+01  1.072218e+01  1.492661e+02
     vertex  1.926400e+01  1.064311e+01  1.492640e+02
   endloop
 endfacet
 facet normal -8.989782e-01  4.005160e-01 -1.772713e-01
   outer loop
     vertex  1.961629e+01  1.058622e+01  1.488963e+02
     vertex  1.962364e+01  1.058533e+01  1.488570e+02
     vertex  1.958594e+01  1.049511e+01  1.488443e+02
   endloop
 endfacet
 facet normal -9.596133e-01  2.125135e-01 -1.843375e-01
   outer loop
     vertex  1.961629e+01  1.058622e+01  1.488963e+02
     vertex  1.964303e+01  1.068148e+01  1.488669e+02
     vertex  1.962364e+01  1.058533e+01  1.488570e+02
   endloop
 endfacet
 facet normal -9.388810e-01  1.715103e-01 -2.984738e-01
   outer loop
     vertex  1.961629e+01  1.058622e+01  1.488963e+02
     vertex  1.960134e+01  1.068630e+01  1.490008e+02
     vertex  1.964303e+01  1.068148e+01  1.488669e+02
   endloop
 endfacet
 facet normal -8.161650e-01  1.750820e-01 -5.506550e-01
   outer loop
     vertex  1.957566e+01  1.059092e+01  1.490086e+02
     vertex  1.952434e+01  1.069520e+01  1.491178e+02
     vertex  1.960134e+01  1.068630e+01  1.490008e+02
   endloop
 endfacet
 facet normal -9.145985e-01  2.186606e-01 -3.401429e-01
   outer loop
     vertex  1.957566e+01  1.059092e+01  1.490086e+02
     vertex  1.960134e+01  1.068630e+01  1.490008e+02
     vertex  1.961629e+01  1.058622e+01  1.488963e+02
   endloop
 endfacet
 facet normal -7.925755e-01  5.734753e-01 -2.072441e-01
   outer loop
     vertex  1.956196e+01  1.049794e+01  1.489439e+02
     vertex  1.958594e+01  1.049511e+01  1.488443e+02
     vertex  1.953141e+01  1.041435e+01  1.488294e+02
   endloop
 endfacet
 facet normal -7.657992e-01  5.992936e-01 -2.332353e-01
   outer loop
     vertex  1.956196e+01  1.049794e+01  1.489439e+02
     vertex  1.953141e+01  1.041435e+01  1.488294e+02
     vertex  1.950519e+01  1.043678e+01  1.489731e+02
   endloop
 endfacet
 facet normal -8.792738e-01  4.204717e-01 -2.237879e-01
   outer loop
     vertex  1.956196e+01  1.049794e+01  1.489439e+02
     vertex  1.961629e+01  1.058622e+01  1.488963e+02
     vertex  1.958594e+01  1.049511e+01  1.488443e+02
   endloop
 endfacet
 facet normal -8.728243e-01  3.587384e-01 -3.308844e-01
   outer loop
     vertex  1.956196e+01  1.049794e+01  1.489439e+02
     vertex  1.957566e+01  1.059092e+01  1.490086e+02
     vertex  1.961629e+01  1.058622e+01  1.488963e+02
   endloop
 endfacet
 facet normal -8.095794e-01  1.850517e-01 -5.570791e-01
   outer loop
     vertex  1.950926e+01  1.059859e+01  1.491076e+02
     vertex  1.952434e+01  1.069520e+01  1.491178e+02
     vertex  1.957566e+01  1.059092e+01  1.490086e+02
   endloop
 endfacet
 facet normal -6.253667e-01  5.931481e-01 -5.070422e-01
   outer loop
     vertex  1.951118e+01  1.050381e+01  1.490442e+02
     vertex  1.950519e+01  1.043678e+01  1.489731e+02
     vertex  1.944819e+01  1.048554e+01  1.491005e+02
   endloop
 endfacet
 facet normal -7.574221e-01  5.055245e-01 -4.132272e-01
   outer loop
     vertex  1.951118e+01  1.050381e+01  1.490442e+02
     vertex  1.956196e+01  1.049794e+01  1.489439e+02
     vertex  1.950519e+01  1.043678e+01  1.489731e+02
   endloop
 endfacet
 facet normal -8.007453e-01  4.170324e-01 -4.299895e-01
   outer loop
     vertex  1.951118e+01  1.050381e+01  1.490442e+02
     vertex  1.957566e+01  1.059092e+01  1.490086e+02
     vertex  1.956196e+01  1.049794e+01  1.489439e+02
   endloop
 endfacet
 facet normal -7.665378e-01  3.464528e-01 -5.407313e-01
   outer loop
     vertex  1.951118e+01  1.050381e+01  1.490442e+02
     vertex  1.950926e+01  1.059859e+01  1.491076e+02
     vertex  1.957566e+01  1.059092e+01  1.490086e+02
   endloop
 endfacet
 facet normal -6.333861e-01  1.433202e-01 -7.604481e-01
   outer loop
     vertex  1.942104e+01  1.060879e+01  1.491875e+02
     vertex  1.941808e+01  1.070749e+01  1.492086e+02
     vertex  1.952434e+01  1.069520e+01  1.491178e+02
   endloop
 endfacet
 facet normal -6.491178e-01  1.792182e-01 -7.392746e-01
   outer loop
     vertex  1.942104e+01  1.060879e+01  1.491875e+02
     vertex  1.952434e+01  1.069520e+01  1.491178e+02
     vertex  1.950926e+01  1.059859e+01  1.491076e+02
   endloop
 endfacet
 facet normal -3.082167e-01  6.364259e-01 -7.070817e-01
   outer loop
     vertex  1.943782e+01  1.051229e+01  1.491291e+02
     vertex  1.944819e+01  1.048554e+01  1.491005e+02
     vertex  1.936538e+01  1.055638e+01  1.492003e+02
   endloop
 endfacet
 facet normal -6.721560e-01  4.032712e-01 -6.209497e-01
   outer loop
     vertex  1.943782e+01  1.051229e+01  1.491291e+02
     vertex  1.951118e+01  1.050381e+01  1.490442e+02
     vertex  1.944819e+01  1.048554e+01  1.491005e+02
   endloop
 endfacet
 facet normal -6.129883e-01  3.287041e-01 -7.184698e-01
   outer loop
     vertex  1.943782e+01  1.051229e+01  1.491291e+02
     vertex  1.942104e+01  1.060879e+01  1.491875e+02
     vertex  1.950926e+01  1.059859e+01  1.491076e+02
   endloop
 endfacet
 facet normal -6.725618e-01  4.022157e-01 -6.211949e-01
   outer loop
     vertex  1.943782e+01  1.051229e+01  1.491291e+02
     vertex  1.950926e+01  1.059859e+01  1.491076e+02
     vertex  1.951118e+01  1.050381e+01  1.490442e+02
   endloop
 endfacet
 facet normal -5.260313e-01  3.719190e-01 -7.648316e-01
   outer loop
     vertex  1.943782e+01  1.051229e+01  1.491291e+02
     vertex  1.936538e+01  1.055638e+01  1.492003e+02
     vertex  1.942104e+01  1.060879e+01  1.491875e+02
   endloop
 endfacet
 facet normal -4.001665e-01  1.024087e-01 -9.107026e-01
   outer loop
     vertex  1.931622e+01  1.062091e+01  1.492436e+02
     vertex  1.929093e+01  1.072218e+01  1.492661e+02
     vertex  1.941808e+01  1.070749e+01  1.492086e+02
   endloop
 endfacet
 facet normal -1.338265e-01  4.798024e-01 -8.671102e-01
   outer loop
     vertex  1.931622e+01  1.062091e+01  1.492436e+02
     vertex  1.936538e+01  1.055638e+01  1.492003e+02
     vertex  1.926400e+01  1.064311e+01  1.492640e+02
   endloop
 endfacet
 facet normal -4.489533e-01  1.736256e-01 -8.765244e-01
   outer loop
     vertex  1.931622e+01  1.062091e+01  1.492436e+02
     vertex  1.941808e+01  1.070749e+01  1.492086e+02
     vertex  1.942104e+01  1.060879e+01  1.491875e+02
   endloop
 endfacet
 facet normal -4.342242e-01  2.498459e-01 -8.654631e-01
   outer loop
     vertex  1.931622e+01  1.062091e+01  1.492436e+02
     vertex  1.942104e+01  1.060879e+01  1.491875e+02
     vertex  1.936538e+01  1.055638e+01  1.492003e+02
   endloop
 endfacet
 facet normal -3.108055e-01  1.315292e-01 -9.413289e-01
   outer loop
     vertex  1.931622e+01  1.062091e+01  1.492436e+02
     vertex  1.926400e+01  1.064311e+01  1.492640e+02
     vertex  1.929093e+01  1.072218e+01  1.492661e+02
   endloop
 endfacet
 facet normal -9.546590e-01  2.396620e-01 -1.766019e-01
   outer loop
     vertex  1.894910e+01  4.883928e+00  1.489210e+02
     vertex  1.898466e+01  4.985694e+00  1.488669e+02
     vertex  1.895180e+01  4.860845e+00  1.488751e+02
   endloop
 endfacet
 facet normal -9.392402e-01  1.694652e-01 -2.985120e-01
   outer loop
     vertex  1.894910e+01  4.883928e+00  1.489210e+02
     vertex  1.894297e+01  4.990512e+00  1.490008e+02
     vertex  1.898466e+01  4.985694e+00  1.488669e+02
   endloop
 endfacet
 facet normal -8.178592e-01  1.656675e-01 -5.510540e-01
   outer loop
     vertex  1.890509e+01  4.889016e+00  1.490265e+02
     vertex  1.886596e+01  4.999414e+00  1.491178e+02
     vertex  1.894297e+01  4.990512e+00  1.490008e+02
   endloop
 endfacet
 facet normal -8.927560e-01  2.359891e-01 -3.837913e-01
   outer loop
     vertex  1.890509e+01  4.889016e+00  1.490265e+02
     vertex  1.894297e+01  4.990512e+00  1.490008e+02
     vertex  1.894910e+01  4.883928e+00  1.489210e+02
   endloop
 endfacet
 facet normal -8.494754e-01  4.738077e-01 -2.321591e-01
   outer loop
     vertex  1.888836e+01  4.789812e+00  1.489623e+02
     vertex  1.895180e+01  4.860845e+00  1.488751e+02
     vertex  1.888834e+01  4.748144e+00  1.488773e+02
   endloop
 endfacet
 facet normal -8.457828e-01  3.831370e-01 -3.712917e-01
   outer loop
     vertex  1.888836e+01  4.789812e+00  1.489623e+02
     vertex  1.890509e+01  4.889016e+00  1.490265e+02
     vertex  1.894910e+01  4.883928e+00  1.489210e+02
   endloop
 endfacet
 facet normal -8.586148e-01  4.359842e-01 -2.696265e-01
   outer loop
     vertex  1.888836e+01  4.789812e+00  1.489623e+02
     vertex  1.894910e+01  4.883928e+00  1.489210e+02
     vertex  1.895180e+01  4.860845e+00  1.488751e+02
   endloop
 endfacet
 facet normal -7.825339e-01  2.078185e-01 -5.869004e-01
   outer loop
     vertex  1.883791e+01  4.896781e+00  1.491188e+02
     vertex  1.886596e+01  4.999414e+00  1.491178e+02
     vertex  1.890509e+01  4.889016e+00  1.490265e+02
   endloop
 endfacet
 facet normal -7.191253e-01  6.948284e-01 -8.506963e-03
   outer loop
     vertex  1.884450e+01  4.703008e+00  1.488971e+02
     vertex  1.888834e+01  4.748144e+00  1.488773e+02
     vertex  1.879852e+01  4.655136e+00  1.488734e+02
   endloop
 endfacet
 facet normal -7.359596e-01  3.704426e-01 -5.666884e-01
   outer loop
     vertex  1.883616e+01  4.795845e+00  1.490551e+02
     vertex  1.883791e+01  4.896781e+00  1.491188e+02
     vertex  1.890509e+01  4.889016e+00  1.490265e+02
   endloop
 endfacet
 facet normal -7.745026e-01  4.307036e-01 -4.632927e-01
   outer loop
     vertex  1.883616e+01  4.795845e+00  1.490551e+02
     vertex  1.890509e+01  4.889016e+00  1.490265e+02
     vertex  1.888836e+01  4.789812e+00  1.489623e+02
   endloop
 endfacet
 facet normal -6.298447e-01  1.643084e-01 -7.591432e-01
   outer loop
     vertex  1.875126e+01  4.906797e+00  1.491929e+02
     vertex  1.875970e+01  5.011696e+00  1.492086e+02
     vertex  1.886596e+01  4.999414e+00  1.491178e+02
   endloop
 endfacet
 facet normal -6.298447e-01  1.643084e-01 -7.591432e-01
   outer loop
     vertex  1.875126e+01  4.906797e+00  1.491929e+02
     vertex  1.886596e+01  4.999414e+00  1.491178e+02
     vertex  1.883791e+01  4.896781e+00  1.491188e+02
   endloop
 endfacet
 facet normal -7.226073e-01  6.207209e-01 -3.042108e-01
   outer loop
     vertex  1.880827e+01  4.707195e+00  1.489839e+02
     vertex  1.888836e+01  4.789812e+00  1.489623e+02
     vertex  1.888834e+01  4.748144e+00  1.488773e+02
   endloop
 endfacet
 facet normal -6.137056e-01  7.337969e-01 -2.913890e-01
   outer loop
     vertex  1.880827e+01  4.707195e+00  1.489839e+02
     vertex  1.884450e+01  4.703008e+00  1.488971e+02
     vertex  1.879852e+01  4.655136e+00  1.488734e+02
   endloop
 endfacet
 facet normal -7.016907e-01  5.671576e-01 -4.312336e-01
   outer loop
     vertex  1.880827e+01  4.707195e+00  1.489839e+02
     vertex  1.883616e+01  4.795845e+00  1.490551e+02
     vertex  1.888836e+01  4.789812e+00  1.489623e+02
   endloop
 endfacet
 facet normal -7.448319e-01  5.750547e-01 -3.384340e-01
   outer loop
     vertex  1.880827e+01  4.707195e+00  1.489839e+02
     vertex  1.888834e+01  4.748144e+00  1.488773e+02
     vertex  1.884450e+01  4.703008e+00  1.488971e+02
   endloop
 endfacet
 facet normal -6.452097e-01  4.157587e-01 -6.409752e-01
   outer loop
     vertex  1.876395e+01  4.804192e+00  1.491332e+02
     vertex  1.883791e+01  4.896781e+00  1.491188e+02
     vertex  1.883616e+01  4.795845e+00  1.490551e+02
   endloop
 endfacet
 facet normal -5.840169e-01  3.528796e-01 -7.310268e-01
   outer loop
     vertex  1.876395e+01  4.804192e+00  1.491332e+02
     vertex  1.875126e+01  4.906797e+00  1.491929e+02
     vertex  1.883791e+01  4.896781e+00  1.491188e+02
   endloop
 endfacet
 facet normal -3.980742e-01  1.171448e-01 -9.098429e-01
   outer loop
     vertex  1.864987e+01  4.918517e+00  1.492447e+02
     vertex  1.863256e+01  5.026393e+00  1.492661e+02
     vertex  1.875970e+01  5.011696e+00  1.492086e+02
   endloop
 endfacet
 facet normal -4.328126e-01  1.673944e-01 -8.858061e-01
   outer loop
     vertex  1.864987e+01  4.918517e+00  1.492447e+02
     vertex  1.875970e+01  5.011696e+00  1.492086e+02
     vertex  1.875126e+01  4.906797e+00  1.491929e+02
   endloop
 endfacet
 facet normal -5.078033e-01  8.522107e-01 -1.259872e-01
   outer loop
     vertex  1.875452e+01  4.634909e+00  1.489139e+02
     vertex  1.879852e+01  4.655136e+00  1.488734e+02
     vertex  1.868836e+01  4.588045e+00  1.488636e+02
   endloop
 endfacet
 facet normal -6.089949e-01  7.369565e-01 -2.932921e-01
   outer loop
     vertex  1.875452e+01  4.634909e+00  1.489139e+02
     vertex  1.880827e+01  4.707195e+00  1.489839e+02
     vertex  1.879852e+01  4.655136e+00  1.488734e+02
   endloop
 endfacet
 facet normal -5.813446e-01  5.532469e-01 -5.966208e-01
   outer loop
     vertex  1.875299e+01  4.713585e+00  1.490599e+02
     vertex  1.876395e+01  4.804192e+00  1.491332e+02
     vertex  1.883616e+01  4.795845e+00  1.490551e+02
   endloop
 endfacet
 facet normal -6.220994e-01  5.998738e-01 -5.031340e-01
   outer loop
     vertex  1.875299e+01  4.713585e+00  1.490599e+02
     vertex  1.883616e+01  4.795845e+00  1.490551e+02
     vertex  1.880827e+01  4.707195e+00  1.489839e+02
   endloop
 endfacet
 facet normal -4.784221e-01  3.964798e-01 -7.835280e-01
   outer loop
     vertex  1.867568e+01  4.814395e+00  1.491923e+02
     vertex  1.875126e+01  4.906797e+00  1.491929e+02
     vertex  1.876395e+01  4.804192e+00  1.491332e+02
   endloop
 endfacet
 facet normal -3.982822e-01  3.314107e-01 -8.553001e-01
   outer loop
     vertex  1.867568e+01  4.814395e+00  1.491923e+02
     vertex  1.864987e+01  4.918517e+00  1.492447e+02
     vertex  1.875126e+01  4.906797e+00  1.491929e+02
   endloop
 endfacet
 facet normal -1.321931e-01  7.617916e-02 -9.882923e-01
   outer loop
     vertex  1.853930e+01  4.931297e+00  1.492713e+02
     vertex  1.849454e+01  5.042346e+00  1.492858e+02
     vertex  1.863256e+01  5.026393e+00  1.492661e+02
   endloop
 endfacet
 facet normal  3.707610e-02  1.444775e-01 -9.888132e-01
   outer loop
     vertex  1.853930e+01  4.931297e+00  1.492713e+02
     vertex  1.847776e+01  4.897127e+00  1.492640e+02
     vertex  1.849454e+01  5.042346e+00  1.492858e+02
   endloop
 endfacet
 facet normal -2.137952e-01  1.575085e-01 -9.640968e-01
   outer loop
     vertex  1.853930e+01  4.931297e+00  1.492713e+02
     vertex  1.863256e+01  5.026393e+00  1.492661e+02
     vertex  1.864987e+01  4.918517e+00  1.492447e+02
   endloop
 endfacet
 facet normal -5.493509e-01  7.551012e-01 -3.578208e-01
   outer loop
     vertex  1.871663e+01  4.639288e+00  1.489813e+02
     vertex  1.880827e+01  4.707195e+00  1.489839e+02
     vertex  1.875452e+01  4.634909e+00  1.489139e+02
   endloop
 endfacet
 facet normal -5.254549e-01  7.261322e-01 -4.434290e-01
   outer loop
     vertex  1.871663e+01  4.639288e+00  1.489813e+02
     vertex  1.875299e+01  4.713585e+00  1.490599e+02
     vertex  1.880827e+01  4.707195e+00  1.489839e+02
   endloop
 endfacet
 facet normal -4.871971e-01  5.842805e-01 -6.490418e-01
   outer loop
     vertex  1.868167e+01  4.721829e+00  1.491209e+02
     vertex  1.876395e+01  4.804192e+00  1.491332e+02
     vertex  1.875299e+01  4.713585e+00  1.490599e+02
   endloop
 endfacet
 facet normal -4.260984e-01  5.353021e-01 -7.293092e-01
   outer loop
     vertex  1.868167e+01  4.721829e+00  1.491209e+02
     vertex  1.867568e+01  4.814395e+00  1.491923e+02
     vertex  1.876395e+01  4.804192e+00  1.491332e+02
   endloop
 endfacet
 facet normal -5.801598e-03  4.333796e-01 -9.011928e-01
   outer loop
     vertex  1.857619e+01  4.825896e+00  1.492291e+02
     vertex  1.846244e+01  4.764599e+00  1.492003e+02
     vertex  1.847776e+01  4.897127e+00  1.492640e+02
   endloop
 endfacet
 facet normal -2.832808e-01  3.739236e-01 -8.831382e-01
   outer loop
     vertex  1.857619e+01  4.825896e+00  1.492291e+02
     vertex  1.864987e+01  4.918517e+00  1.492447e+02
     vertex  1.867568e+01  4.814395e+00  1.491923e+02
   endloop
 endfacet
 facet normal -8.109482e-02  3.457932e-01 -9.347998e-01
   outer loop
     vertex  1.857619e+01  4.825896e+00  1.492291e+02
     vertex  1.847776e+01  4.897127e+00  1.492640e+02
     vertex  1.853930e+01  4.931297e+00  1.492713e+02
   endloop
 endfacet
 facet normal -1.889349e-01  3.072123e-01 -9.326973e-01
   outer loop
     vertex  1.857619e+01  4.825896e+00  1.492291e+02
     vertex  1.853930e+01  4.931297e+00  1.492713e+02
     vertex  1.864987e+01  4.918517e+00  1.492447e+02
   endloop
 endfacet
 facet normal -2.686420e-01  9.545501e-01 -1.290950e-01
   outer loop
     vertex  1.865593e+01  4.584692e+00  1.489063e+02
     vertex  1.868836e+01  4.588045e+00  1.488636e+02
     vertex  1.856522e+01  4.551362e+00  1.488486e+02
   endloop
 endfacet
 facet normal -4.233959e-01  8.698086e-01 -2.533158e-01
   outer loop
     vertex  1.865593e+01  4.584692e+00  1.489063e+02
     vertex  1.875452e+01  4.634909e+00  1.489139e+02
     vertex  1.868836e+01  4.588045e+00  1.488636e+02
   endloop
 endfacet
 facet normal -4.164062e-01  8.616801e-01 -2.900231e-01
   outer loop
     vertex  1.865593e+01  4.584692e+00  1.489063e+02
     vertex  1.871663e+01  4.639288e+00  1.489813e+02
     vertex  1.875452e+01  4.634909e+00  1.489139e+02
   endloop
 endfacet
 facet normal -4.494924e-01  7.435587e-01 -4.950527e-01
   outer loop
     vertex  1.866421e+01  4.645348e+00  1.490380e+02
     vertex  1.875299e+01  4.713585e+00  1.490599e+02
     vertex  1.871663e+01  4.639288e+00  1.489813e+02
   endloop
 endfacet
 facet normal -4.065610e-01  7.123893e-01 -5.720224e-01
   outer loop
     vertex  1.866421e+01  4.645348e+00  1.490380e+02
     vertex  1.868167e+01  4.721829e+00  1.491209e+02
     vertex  1.875299e+01  4.713585e+00  1.490599e+02
   endloop
 endfacet
 facet normal -3.222927e-01  5.652193e-01 -7.593778e-01
   outer loop
     vertex  1.859822e+01  4.731475e+00  1.491635e+02
     vertex  1.867568e+01  4.814395e+00  1.491923e+02
     vertex  1.868167e+01  4.721829e+00  1.491209e+02
   endloop
 endfacet
 facet normal -2.444606e-01  5.143067e-01 -8.220266e-01
   outer loop
     vertex  1.859822e+01  4.731475e+00  1.491635e+02
     vertex  1.857619e+01  4.825896e+00  1.492291e+02
     vertex  1.867568e+01  4.814395e+00  1.491923e+02
   endloop
 endfacet
 facet normal -2.042995e-01  9.518139e-01 -2.287183e-01
   outer loop
     vertex  1.862232e+01  4.588577e+00  1.489525e+02
     vertex  1.865593e+01  4.584692e+00  1.489063e+02
     vertex  1.856522e+01  4.551362e+00  1.488486e+02
   endloop
 endfacet
 facet normal -3.635390e-01  8.682684e-01 -3.375640e-01
   outer loop
     vertex  1.862232e+01  4.588577e+00  1.489525e+02
     vertex  1.871663e+01  4.639288e+00  1.489813e+02
     vertex  1.865593e+01  4.584692e+00  1.489063e+02
   endloop
 endfacet
 facet normal -3.354683e-01  8.523245e-01 -4.012530e-01
   outer loop
     vertex  1.862232e+01  4.588577e+00  1.489525e+02
     vertex  1.866421e+01  4.645348e+00  1.490380e+02
     vertex  1.871663e+01  4.639288e+00  1.489813e+02
   endloop
 endfacet
 facet normal -3.206751e-01  7.286687e-01 -6.051523e-01
   outer loop
     vertex  1.860013e+01  4.652754e+00  1.490809e+02
     vertex  1.868167e+01  4.721829e+00  1.491209e+02
     vertex  1.866421e+01  4.645348e+00  1.490380e+02
   endloop
 endfacet
 facet normal -2.612251e-01  6.955900e-01 -6.692653e-01
   outer loop
     vertex  1.860013e+01  4.652754e+00  1.490809e+02
     vertex  1.859822e+01  4.731475e+00  1.491635e+02
     vertex  1.868167e+01  4.721829e+00  1.491209e+02
   endloop
 endfacet
 facet normal  9.124543e-02  6.694770e-01 -7.372074e-01
   outer loop
     vertex  1.850723e+01  4.741993e+00  1.491854e+02
     vertex  1.844992e+01  4.656343e+00  1.491005e+02
     vertex  1.846244e+01  4.764599e+00  1.492003e+02
   endloop
 endfacet
 facet normal -1.364238e-01  5.437348e-01 -8.280948e-01
   outer loop
     vertex  1.850723e+01  4.741993e+00  1.491854e+02
     vertex  1.857619e+01  4.825896e+00  1.492291e+02
     vertex  1.859822e+01  4.731475e+00  1.491635e+02
   endloop
 endfacet
 facet normal -4.400488e-02  4.899485e-01 -8.706400e-01
   outer loop
     vertex  1.850723e+01  4.741993e+00  1.491854e+02
     vertex  1.846244e+01  4.764599e+00  1.492003e+02
     vertex  1.857619e+01  4.825896e+00  1.492291e+02
   endloop
 endfacet
 facet normal -2.310585e-01  8.402558e-01 -4.904917e-01
   outer loop
     vertex  1.857896e+01  4.593589e+00  1.489895e+02
     vertex  1.860013e+01  4.652754e+00  1.490809e+02
     vertex  1.866421e+01  4.645348e+00  1.490380e+02
   endloop
 endfacet
 facet normal -2.730301e-01  8.578065e-01 -4.354568e-01
   outer loop
     vertex  1.857896e+01  4.593589e+00  1.489895e+02
     vertex  1.866421e+01  4.645348e+00  1.490380e+02
     vertex  1.862232e+01  4.588577e+00  1.489525e+02
   endloop
 endfacet
 facet normal  2.303297e-02  6.958761e-01 -7.177924e-01
   outer loop
     vertex  1.852791e+01  4.661103e+00  1.491076e+02
     vertex  1.844992e+01  4.656343e+00  1.491005e+02
     vertex  1.850723e+01  4.741993e+00  1.491854e+02
   endloop
 endfacet
 facet normal -1.699592e-01  7.112476e-01 -6.820856e-01
   outer loop
     vertex  1.852791e+01  4.661103e+00  1.491076e+02
     vertex  1.859822e+01  4.731475e+00  1.491635e+02
     vertex  1.860013e+01  4.652754e+00  1.490809e+02
   endloop
 endfacet
 facet normal -9.741256e-02  6.766550e-01 -7.298279e-01
   outer loop
     vertex  1.852791e+01  4.661103e+00  1.491076e+02
     vertex  1.850723e+01  4.741993e+00  1.491854e+02
     vertex  1.859822e+01  4.731475e+00  1.491635e+02
   endloop
 endfacet
 facet normal -1.088993e-01  8.261355e-01 -5.528481e-01
   outer loop
     vertex  1.852823e+01  4.599453e+00  1.490154e+02
     vertex  1.852791e+01  4.661103e+00  1.491076e+02
     vertex  1.860013e+01  4.652754e+00  1.490809e+02
   endloop
 endfacet
 facet normal -1.623919e-01  8.450179e-01 -5.094837e-01
   outer loop
     vertex  1.852823e+01  4.599453e+00  1.490154e+02
     vertex  1.860013e+01  4.652754e+00  1.490809e+02
     vertex  1.857896e+01  4.593589e+00  1.489895e+02
   endloop
 endfacet
 facet normal -9.513476e-03  9.909605e-01 -1.338163e-01
   outer loop
     vertex  1.850589e+01  4.560066e+00  1.489173e+02
     vertex  1.856522e+01  4.551362e+00  1.488486e+02
     vertex  1.843735e+01  4.547543e+00  1.488294e+02
   endloop
 endfacet
 facet normal -7.447036e-02  9.312224e-01 -3.567618e-01
   outer loop
     vertex  1.850589e+01  4.560066e+00  1.489173e+02
     vertex  1.852823e+01  4.599453e+00  1.490154e+02
     vertex  1.857896e+01  4.593589e+00  1.489895e+02
   endloop
 endfacet
 facet normal -1.562664e-01  9.539883e-01 -2.559044e-01
   outer loop
     vertex  1.850589e+01  4.560066e+00  1.489173e+02
     vertex  1.862232e+01  4.588577e+00  1.489525e+02
     vertex  1.856522e+01  4.551362e+00  1.488486e+02
   endloop
 endfacet
 facet normal -1.424200e-01  9.450000e-01 -2.944343e-01
   outer loop
     vertex  1.850589e+01  4.560066e+00  1.489173e+02
     vertex  1.857896e+01  4.593589e+00  1.489895e+02
     vertex  1.862232e+01  4.588577e+00  1.489525e+02
   endloop
 endfacet
 facet normal  2.528540e-01  8.274973e-01 -5.013114e-01
   outer loop
     vertex  1.847291e+01  4.605847e+00  1.490287e+02
     vertex  1.844131e+01  4.581820e+00  1.489731e+02
     vertex  1.844992e+01  4.656343e+00  1.491005e+02
   endloop
 endfacet
 facet normal -3.768832e-02  8.306035e-01 -5.555875e-01
   outer loop
     vertex  1.847291e+01  4.605847e+00  1.490287e+02
     vertex  1.852791e+01  4.661103e+00  1.491076e+02
     vertex  1.852823e+01  4.599453e+00  1.490154e+02
   endloop
 endfacet
 facet normal  2.531174e-03  8.181928e-01 -5.749383e-01
   outer loop
     vertex  1.847291e+01  4.605847e+00  1.490287e+02
     vertex  1.844992e+01  4.656343e+00  1.491005e+02
     vertex  1.852791e+01  4.661103e+00  1.491076e+02
   endloop
 endfacet
 facet normal  1.285232e-02  9.211289e-01 -3.890456e-01
   outer loop
     vertex  1.847372e+01  4.563785e+00  1.489292e+02
     vertex  1.847291e+01  4.605847e+00  1.490287e+02
     vertex  1.852823e+01  4.599453e+00  1.490154e+02
   endloop
 endfacet
 facet normal  2.131185e-01  9.490305e-01 -2.322101e-01
   outer loop
     vertex  1.847372e+01  4.563785e+00  1.489292e+02
     vertex  1.843735e+01  4.547543e+00  1.488294e+02
     vertex  1.844131e+01  4.581820e+00  1.489731e+02
   endloop
 endfacet
 facet normal -2.811457e-02  9.298847e-01 -3.667752e-01
   outer loop
     vertex  1.847372e+01  4.563785e+00  1.489292e+02
     vertex  1.852823e+01  4.599453e+00  1.490154e+02
     vertex  1.850589e+01  4.560066e+00  1.489173e+02
   endloop
 endfacet
 facet normal -1.547706e-02  9.210118e-01 -3.892270e-01
   outer loop
     vertex  1.847372e+01  4.563785e+00  1.489292e+02
     vertex  1.844131e+01  4.581820e+00  1.489731e+02
     vertex  1.847291e+01  4.605847e+00  1.490287e+02
   endloop
 endfacet
 facet normal  4.798482e-02  9.829453e-01 -1.775277e-01
   outer loop
     vertex  1.847372e+01  4.563785e+00  1.489292e+02
     vertex  1.850589e+01  4.560066e+00  1.489173e+02
     vertex  1.843735e+01  4.547543e+00  1.488294e+02
   endloop
 endfacet
 facet normal  6.888964e-01 -7.184745e-01 -9.600079e-02
   outer loop
     vertex -3.196633e+01  1.120493e+01  1.488294e+02
     vertex -3.217338e+01  1.115166e+01  1.477422e+02
     vertex -3.175630e+01  1.155157e+01  1.477422e+02
   endloop
 endfacet
 facet normal  7.908126e-01 -6.046582e-01 -9.488895e-02
   outer loop
     vertex -3.158435e+01  1.160585e+01  1.488294e+02
     vertex -3.175630e+01  1.155157e+01  1.477422e+02
     vertex -3.140532e+01  1.201061e+01  1.477422e+02
   endloop
 endfacet
 facet normal  7.216970e-01 -6.875920e-01 -7.981676e-02
   outer loop
     vertex -3.158435e+01  1.160585e+01  1.488294e+02
     vertex -3.196633e+01  1.120493e+01  1.488294e+02
     vertex -3.175630e+01  1.155157e+01  1.477422e+02
   endloop
 endfacet
 facet normal  8.741486e-01 -4.765881e-01 -9.342333e-02
   outer loop
     vertex -3.126367e+01  1.205731e+01  1.488294e+02
     vertex -3.140532e+01  1.201061e+01  1.477422e+02
     vertex -3.112872e+01  1.251794e+01  1.477422e+02
   endloop
 endfacet
 facet normal  8.125752e-01 -5.771897e-01 -8.107851e-02
   outer loop
     vertex -3.126367e+01  1.205731e+01  1.488294e+02
     vertex -3.158435e+01  1.160585e+01  1.488294e+02
     vertex -3.140532e+01  1.201061e+01  1.477422e+02
   endloop
 endfacet
 facet normal  9.369425e-01 -3.372648e-01 -9.160364e-02
   outer loop
     vertex -3.101089e+01  1.255001e+01  1.488294e+02
     vertex -3.112872e+01  1.251794e+01  1.477422e+02
     vertex -3.093301e+01  1.306162e+01  1.477422e+02
   endloop
 endfacet
 facet normal  8.866862e-01 -4.549183e-01 -8.268554e-02
   outer loop
     vertex -3.101089e+01  1.255001e+01  1.488294e+02
     vertex -3.126367e+01  1.205731e+01  1.488294e+02
     vertex -3.112872e+01  1.251794e+01  1.477422e+02
   endloop
 endfacet
 facet normal  9.777116e-01 -1.899538e-01 -8.942955e-02
   outer loop
     vertex -3.083121e+01  1.307381e+01  1.488294e+02
     vertex -3.093301e+01  1.306162e+01  1.477422e+02
     vertex -3.082281e+01  1.362885e+01  1.477422e+02
   endloop
 endfacet
 facet normal  9.425013e-01 -3.233077e-01 -8.463726e-02
   outer loop
     vertex -3.083121e+01  1.307381e+01  1.488294e+02
     vertex -3.101089e+01  1.255001e+01  1.488294e+02
     vertex -3.093301e+01  1.306162e+01  1.477422e+02
   endloop
 endfacet
 facet normal  9.788706e-01 -1.850812e-01 -8.693294e-02
   outer loop
     vertex -3.072833e+01  1.361793e+01  1.488294e+02
     vertex -3.083121e+01  1.307381e+01  1.488294e+02
     vertex -3.082281e+01  1.362885e+01  1.477422e+02
   endloop
 endfacet
 facet normal  9.795980e-01 -2.009672e-01  1.502692e-15
   outer loop
     vertex  2.063369e+01  8.122410e+00  1.531858e+02
     vertex  2.054523e+01  7.691253e+00  1.588826e+02
     vertex  2.054523e+01  7.691253e+00  1.531858e+02
   endloop
 endfacet
 facet normal  9.795980e-01 -2.009672e-01 -1.722547e-16
   outer loop
     vertex  2.063369e+01  8.122410e+00  1.531858e+02
     vertex  2.063369e+01  8.122410e+00  1.588826e+02
     vertex  2.054523e+01  7.691253e+00  1.588826e+02
   endloop
 endfacet
 facet normal  9.298181e-01 -3.680195e-01  8.032786e-16
   outer loop
     vertex  2.079567e+01  8.531657e+00  1.531858e+02
     vertex  2.079567e+01  8.531657e+00  1.588826e+02
     vertex  2.063369e+01  8.122410e+00  1.588826e+02
   endloop
 endfacet
 facet normal  9.298181e-01 -3.680195e-01  2.213910e-16
   outer loop
     vertex  2.079567e+01  8.531657e+00  1.531858e+02
     vertex  2.063369e+01  8.122410e+00  1.588826e+02
     vertex  2.063369e+01  8.122410e+00  1.531858e+02
   endloop
 endfacet
 facet normal  8.517862e-01 -5.238896e-01  4.489408e-16
   outer loop
     vertex  2.102625e+01  8.906559e+00  1.531858e+02
     vertex  2.102625e+01  8.906559e+00  1.588826e+02
     vertex  2.079567e+01  8.531657e+00  1.588826e+02
   endloop
 endfacet
 facet normal  8.517862e-01 -5.238896e-01  1.145699e-15
   outer loop
     vertex  2.102625e+01  8.906559e+00  1.531858e+02
     vertex  2.079567e+01  8.531657e+00  1.588826e+02
     vertex  2.079567e+01  8.531657e+00  1.531858e+02
   endloop
 endfacet
 facet normal  7.478731e-01 -6.638417e-01  7.755793e-16
   outer loop
     vertex  2.131843e+01  9.235725e+00  1.531858e+02
     vertex  2.131843e+01  9.235725e+00  1.588826e+02
     vertex  2.102625e+01  8.906559e+00  1.588826e+02
   endloop
 endfacet
 facet normal  7.478731e-01 -6.638417e-01  7.804033e-16
   outer loop
     vertex  2.131843e+01  9.235725e+00  1.531858e+02
     vertex  2.102625e+01  8.906559e+00  1.588826e+02
     vertex  2.102625e+01  8.906559e+00  1.531858e+02
   endloop
 endfacet
 facet normal  6.212364e-01 -7.836232e-01  1.322998e-15
   outer loop
     vertex  2.166333e+01  9.509154e+00  1.531858e+02
     vertex  2.166333e+01  9.509154e+00  1.588826e+02
     vertex  2.131843e+01  9.235725e+00  1.588826e+02
   endloop
 endfacet
 facet normal  6.212364e-01 -7.836232e-01  1.079281e-15
   outer loop
     vertex  2.166333e+01  9.509154e+00  1.531858e+02
     vertex  2.131843e+01  9.235725e+00  1.588826e+02
     vertex  2.131843e+01  9.235725e+00  1.531858e+02
   endloop
 endfacet
 facet normal  4.757236e-01 -8.795948e-01  1.348951e-15
   outer loop
     vertex  2.205047e+01  9.718537e+00  1.531858e+02
     vertex  2.205047e+01  9.718537e+00  1.588826e+02
     vertex  2.166333e+01  9.509154e+00  1.588826e+02
   endloop
 endfacet
 facet normal  4.757236e-01 -8.795948e-01  1.621689e-15
   outer loop
     vertex  2.205047e+01  9.718537e+00  1.531858e+02
     vertex  2.166333e+01  9.509154e+00  1.588826e+02
     vertex  2.166333e+01  9.509154e+00  1.531858e+02
   endloop
 endfacet
 facet normal  3.157563e-01 -9.488403e-01  1.282399e-15
   outer loop
     vertex  2.246809e+01  9.857513e+00  1.531858e+02
     vertex  2.246809e+01  9.857513e+00  1.588826e+02
     vertex  2.205047e+01  9.718537e+00  1.588826e+02
   endloop
 endfacet
 facet normal  3.157563e-01 -9.488403e-01  1.577411e-15
   outer loop
     vertex  2.246809e+01  9.857513e+00  1.531858e+02
     vertex  2.205047e+01  9.718537e+00  1.588826e+02
     vertex  2.205047e+01  9.718537e+00  1.531858e+02
   endloop
 endfacet
 facet normal  1.461949e-01 -9.892558e-01  1.142689e-15
   outer loop
     vertex  2.290350e+01  9.921859e+00  1.531858e+02
     vertex  2.290350e+01  9.921859e+00  1.588826e+02
     vertex  2.246809e+01  9.857513e+00  1.588826e+02
   endloop
 endfacet
 facet normal  1.461949e-01 -9.892558e-01  1.450111e-15
   outer loop
     vertex  2.290350e+01  9.921859e+00  1.531858e+02
     vertex  2.246809e+01  9.857513e+00  1.588826e+02
     vertex  2.246809e+01  9.857513e+00  1.531858e+02
   endloop
 endfacet
 facet normal -2.780865e-02 -9.996133e-01  1.593158e-15
   outer loop
     vertex  2.334347e+01  9.909619e+00  1.531858e+02
     vertex  2.334347e+01  9.909619e+00  1.588826e+02
     vertex  2.290350e+01  9.921859e+00  1.588826e+02
   endloop
 endfacet
 facet normal -2.780865e-02 -9.996133e-01  1.264004e-15
   outer loop
     vertex  2.334347e+01  9.909619e+00  1.531858e+02
     vertex  2.290350e+01  9.921859e+00  1.588826e+02
     vertex  2.290350e+01  9.921859e+00  1.531858e+02
   endloop
 endfacet
 facet normal -2.009672e-01 -9.795980e-01  1.347144e-15
   outer loop
     vertex  2.377462e+01  9.821166e+00  1.531858e+02
     vertex  2.377462e+01  9.821166e+00  1.588826e+02
     vertex  2.334347e+01  9.909619e+00  1.588826e+02
   endloop
 endfacet
 facet normal -2.009672e-01 -9.795980e-01  1.779430e-15
   outer loop
     vertex  2.377462e+01  9.821166e+00  1.531858e+02
     vertex  2.334347e+01  9.909619e+00  1.588826e+02
     vertex  2.334347e+01  9.909619e+00  1.531858e+02
   endloop
 endfacet
 facet normal -3.680195e-01 -9.298181e-01  1.328811e-15
   outer loop
     vertex  2.418387e+01  9.659188e+00  1.531858e+02
     vertex  2.418387e+01  9.659188e+00  1.588826e+02
     vertex  2.377462e+01  9.821166e+00  1.588826e+02
   endloop
 endfacet
 facet normal -3.680195e-01 -9.298181e-01  1.389229e-15
   outer loop
     vertex  2.418387e+01  9.659188e+00  1.531858e+02
     vertex  2.377462e+01  9.821166e+00  1.588826e+02
     vertex  2.377462e+01  9.821166e+00  1.531858e+02
   endloop
 endfacet
 facet normal -5.238896e-01 -8.517862e-01  1.450227e-15
   outer loop
     vertex  2.455877e+01  9.428605e+00  1.531858e+02
     vertex  2.455877e+01  9.428605e+00  1.588826e+02
     vertex  2.418387e+01  9.659188e+00  1.588826e+02
   endloop
 endfacet
 facet normal -5.238896e-01 -8.517862e-01  1.450111e-15
   outer loop
     vertex  2.455877e+01  9.428605e+00  1.531858e+02
     vertex  2.418387e+01  9.659188e+00  1.588826e+02
     vertex  2.418387e+01  9.659188e+00  1.531858e+02
   endloop
 endfacet
 facet normal -6.638417e-01 -7.478731e-01  1.527579e-15
   outer loop
     vertex  2.488794e+01  9.136424e+00  1.531858e+02
     vertex  2.488794e+01  9.136424e+00  1.588826e+02
     vertex  2.455877e+01  9.428605e+00  1.588826e+02
   endloop
 endfacet
 facet normal -6.638417e-01 -7.478731e-01  1.527598e-15
   outer loop
     vertex  2.488794e+01  9.136424e+00  1.531858e+02
     vertex  2.455877e+01  9.428605e+00  1.588826e+02
     vertex  2.455877e+01  9.428605e+00  1.531858e+02
   endloop
 endfacet
 facet normal -7.836232e-01 -6.212364e-01  8.761133e-16
   outer loop
     vertex  2.516137e+01  8.791523e+00  1.531858e+02
     vertex  2.516137e+01  8.791523e+00  1.588826e+02
     vertex  2.488794e+01  9.136424e+00  1.588826e+02
   endloop
 endfacet
 facet normal -7.836232e-01 -6.212364e-01  1.555272e-15
   outer loop
     vertex  2.516137e+01  8.791523e+00  1.531858e+02
     vertex  2.488794e+01  9.136424e+00  1.588826e+02
     vertex  2.488794e+01  9.136424e+00  1.531858e+02
   endloop
 endfacet
 facet normal -8.795948e-01 -4.757236e-01  8.412859e-16
   outer loop
     vertex  2.537075e+01  8.404381e+00  1.531858e+02
     vertex  2.516137e+01  8.791523e+00  1.588826e+02
     vertex  2.516137e+01  8.791523e+00  1.531858e+02
   endloop
 endfacet
 facet normal -8.795948e-01 -4.757236e-01  5.485422e-16
   outer loop
     vertex  2.537075e+01  8.404381e+00  1.531858e+02
     vertex  2.537075e+01  8.404381e+00  1.588826e+02
     vertex  2.516137e+01  8.791523e+00  1.588826e+02
   endloop
 endfacet
 facet normal -9.488403e-01 -3.157563e-01  5.894536e-16
   outer loop
     vertex  2.550973e+01  7.986762e+00  1.531858e+02
     vertex  2.537075e+01  8.404381e+00  1.588826e+02
     vertex  2.537075e+01  8.404381e+00  1.531858e+02
   endloop
 endfacet
 facet normal -9.892558e-01 -1.461949e-01  0.000000e+00
   outer loop
     vertex  2.550973e+01  7.986762e+00  1.531858e+02
     vertex  2.557407e+01  7.551354e+00  1.588826e+02
     vertex  2.550973e+01  7.986762e+00  1.588826e+02
   endloop
 endfacet
 facet normal -9.488403e-01 -3.157563e-01  0.000000e+00
   outer loop
     vertex  2.550973e+01  7.986762e+00  1.531858e+02
     vertex  2.550973e+01  7.986762e+00  1.588826e+02
     vertex  2.537075e+01  8.404381e+00  1.588826e+02
   endloop
 endfacet
 facet normal -9.892558e-01 -1.461949e-01  0.000000e+00
   outer loop
     vertex  2.557407e+01  7.551354e+00  1.531858e+02
     vertex  2.557407e+01  7.551354e+00  1.588826e+02
     vertex  2.550973e+01  7.986762e+00  1.531858e+02
   endloop
 endfacet
 facet normal -9.996133e-01  2.780865e-02  0.000000e+00
   outer loop
     vertex  2.556183e+01  7.111388e+00  1.531858e+02
     vertex  2.557407e+01  7.551354e+00  1.588826e+02
     vertex  2.557407e+01  7.551354e+00  1.531858e+02
   endloop
 endfacet
 facet normal -9.996133e-01  2.780865e-02  1.199087e-15
   outer loop
     vertex  2.556183e+01  7.111388e+00  1.531858e+02
     vertex  2.556183e+01  7.111388e+00  1.588826e+02
     vertex  2.557407e+01  7.551354e+00  1.588826e+02
   endloop
 endfacet
 facet normal  7.766006e-01 -2.160457e-02  6.296227e-01
   outer loop
     vertex  2.053299e+01  7.251287e+00  1.588826e+02
     vertex  2.054523e+01  7.691253e+00  1.588826e+02
     vertex  2.050094e+01  7.696373e+00  1.589375e+02
   endloop
 endfacet
 facet normal -1.736773e-01  3.563037e-02  9.841578e-01
   outer loop
     vertex  2.566659e+01  7.099279e+00  1.589733e+02
     vertex  2.564109e+01  6.630254e+00  1.589858e+02
     vertex  2.573567e+01  7.091293e+00  1.589858e+02
   endloop
 endfacet
 facet normal  1.772259e-01 -4.930319e-03  9.841578e-01
   outer loop
     vertex  2.042773e+01  7.245021e+00  1.589733e+02
     vertex  2.037139e+01  7.711348e+00  1.589858e+02
     vertex  2.035830e+01  7.240889e+00  1.589858e+02
   endloop
 endfacet
 facet normal  1.772259e-01 -4.930319e-03  9.841578e-01
   outer loop
     vertex  2.042773e+01  7.245021e+00  1.589733e+02
     vertex  2.044048e+01  7.703362e+00  1.589733e+02
     vertex  2.037139e+01  7.711348e+00  1.589858e+02
   endloop
 endfacet
 facet normal  5.091170e-01 -1.416333e-02  8.605808e-01
   outer loop
     vertex  2.048848e+01  7.248637e+00  1.589375e+02
     vertex  2.050094e+01  7.696373e+00  1.589375e+02
     vertex  2.044048e+01  7.703362e+00  1.589733e+02
   endloop
 endfacet
 facet normal  7.766006e-01 -2.160457e-02  6.296227e-01
   outer loop
     vertex  2.048848e+01  7.248637e+00  1.589375e+02
     vertex  2.053299e+01  7.251287e+00  1.588826e+02
     vertex  2.050094e+01  7.696373e+00  1.589375e+02
   endloop
 endfacet
 facet normal  5.091170e-01 -1.416333e-02  8.605808e-01
   outer loop
     vertex  2.048848e+01  7.248637e+00  1.589375e+02
     vertex  2.044048e+01  7.703362e+00  1.589733e+02
     vertex  2.042773e+01  7.245021e+00  1.589733e+02
   endloop
 endfacet
 facet normal  1.753896e-01  2.591954e-02  9.841578e-01
   outer loop
     vertex  2.049476e+01  6.791429e+00  1.589733e+02
     vertex  2.035830e+01  7.240889e+00  1.589858e+02
     vertex  2.042711e+01  6.775304e+00  1.589858e+02
   endloop
 endfacet
 facet normal  1.753896e-01  2.591954e-02  9.841578e-01
   outer loop
     vertex  2.049476e+01  6.791429e+00  1.589733e+02
     vertex  2.042773e+01  7.245021e+00  1.589733e+02
     vertex  2.035830e+01  7.240889e+00  1.589858e+02
   endloop
 endfacet
 facet normal  5.038418e-01  7.445908e-02  8.605808e-01
   outer loop
     vertex  2.055397e+01  6.805541e+00  1.589375e+02
     vertex  2.042773e+01  7.245021e+00  1.589733e+02
     vertex  2.049476e+01  6.791429e+00  1.589733e+02
   endloop
 endfacet
 facet normal  7.685539e-01  1.135789e-01  6.296227e-01
   outer loop
     vertex  2.055397e+01  6.805541e+00  1.589375e+02
     vertex  2.059734e+01  6.815879e+00  1.588826e+02
     vertex  2.053299e+01  7.251287e+00  1.588826e+02
   endloop
 endfacet
 facet normal  7.685539e-01  1.135789e-01  6.296227e-01
   outer loop
     vertex  2.055397e+01  6.805541e+00  1.589375e+02
     vertex  2.053299e+01  7.251287e+00  1.588826e+02
     vertex  2.048848e+01  7.248637e+00  1.589375e+02
   endloop
 endfacet
 facet normal  5.038418e-01  7.445908e-02  8.605808e-01
   outer loop
     vertex  2.055397e+01  6.805541e+00  1.589375e+02
     vertex  2.048848e+01  7.248637e+00  1.589375e+02
     vertex  2.042773e+01  7.245021e+00  1.589733e+02
   endloop
 endfacet
 facet normal  1.682241e-01  5.598184e-02  9.841578e-01
   outer loop
     vertex  2.063954e+01  6.356368e+00  1.589733e+02
     vertex  2.042711e+01  6.775304e+00  1.589858e+02
     vertex  2.057572e+01  6.328741e+00  1.589858e+02
   endloop
 endfacet
 facet normal  1.682241e-01  5.598184e-02  9.841578e-01
   outer loop
     vertex  2.063954e+01  6.356368e+00  1.589733e+02
     vertex  2.049476e+01  6.791429e+00  1.589733e+02
     vertex  2.042711e+01  6.775304e+00  1.589858e+02
   endloop
 endfacet
 facet normal  4.832576e-01  1.608191e-01  8.605808e-01
   outer loop
     vertex  2.069540e+01  6.380547e+00  1.589375e+02
     vertex  2.049476e+01  6.791429e+00  1.589733e+02
     vertex  2.063954e+01  6.356368e+00  1.589733e+02
   endloop
 endfacet
 facet normal  7.371550e-01  2.453114e-01  6.296227e-01
   outer loop
     vertex  2.069540e+01  6.380547e+00  1.589375e+02
     vertex  2.073632e+01  6.398260e+00  1.588826e+02
     vertex  2.059734e+01  6.815879e+00  1.588826e+02
   endloop
 endfacet
 facet normal  4.832576e-01  1.608191e-01  8.605808e-01
   outer loop
     vertex  2.069540e+01  6.380547e+00  1.589375e+02
     vertex  2.055397e+01  6.805541e+00  1.589375e+02
     vertex  2.049476e+01  6.791429e+00  1.589733e+02
   endloop
 endfacet
 facet normal  7.371550e-01  2.453114e-01  6.296227e-01
   outer loop
     vertex  2.069540e+01  6.380547e+00  1.589375e+02
     vertex  2.059734e+01  6.815879e+00  1.588826e+02
     vertex  2.055397e+01  6.805541e+00  1.589375e+02
   endloop
 endfacet
 facet normal  1.559473e-01  8.434317e-02  9.841578e-01
   outer loop
     vertex  2.085767e+01  5.953058e+00  1.589733e+02
     vertex  2.057572e+01  6.328741e+00  1.589858e+02
     vertex  2.079961e+01  5.914768e+00  1.589858e+02
   endloop
 endfacet
 facet normal  1.559473e-01  8.434317e-02  9.841578e-01
   outer loop
     vertex  2.085767e+01  5.953058e+00  1.589733e+02
     vertex  2.063954e+01  6.356368e+00  1.589733e+02
     vertex  2.057572e+01  6.328741e+00  1.589858e+02
   endloop
 endfacet
 facet normal  4.479899e-01  2.422927e-01  8.605808e-01
   outer loop
     vertex  2.090848e+01  5.986569e+00  1.589375e+02
     vertex  2.069540e+01  6.380547e+00  1.589375e+02
     vertex  2.063954e+01  6.356368e+00  1.589733e+02
   endloop
 endfacet
 facet normal  6.833581e-01  3.695902e-01  6.296227e-01
   outer loop
     vertex  2.090848e+01  5.986569e+00  1.589375e+02
     vertex  2.094570e+01  6.011118e+00  1.588826e+02
     vertex  2.073632e+01  6.398260e+00  1.588826e+02
   endloop
 endfacet
 facet normal  6.833581e-01  3.695902e-01  6.296227e-01
   outer loop
     vertex  2.090848e+01  5.986569e+00  1.589375e+02
     vertex  2.073632e+01  6.398260e+00  1.588826e+02
     vertex  2.069540e+01  6.380547e+00  1.589375e+02
   endloop
 endfacet
 facet normal  4.479899e-01  2.422927e-01  8.605808e-01
   outer loop
     vertex  2.090848e+01  5.986569e+00  1.589375e+02
     vertex  2.063954e+01  6.356368e+00  1.589733e+02
     vertex  2.085767e+01  5.953058e+00  1.589733e+02
   endloop
 endfacet
 facet normal  1.389321e-01  1.101418e-01  9.841578e-01
   outer loop
     vertex  2.114252e+01  5.593752e+00  1.589733e+02
     vertex  2.079961e+01  5.914768e+00  1.589858e+02
     vertex  2.109199e+01  5.545962e+00  1.589858e+02
   endloop
 endfacet
 facet normal  1.389321e-01  1.101418e-01  9.841578e-01
   outer loop
     vertex  2.114252e+01  5.593752e+00  1.589733e+02
     vertex  2.085767e+01  5.953058e+00  1.589733e+02
     vertex  2.079961e+01  5.914768e+00  1.589858e+02
   endloop
 endfacet
 facet normal  3.991103e-01  3.164044e-01  8.605808e-01
   outer loop
     vertex  2.118673e+01  5.635577e+00  1.589375e+02
     vertex  2.090848e+01  5.986569e+00  1.589375e+02
     vertex  2.085767e+01  5.953058e+00  1.589733e+02
   endloop
 endfacet
 facet normal  3.991103e-01  3.164044e-01  8.605808e-01
   outer loop
     vertex  2.118673e+01  5.635577e+00  1.589375e+02
     vertex  2.085767e+01  5.953058e+00  1.589733e+02
     vertex  2.114252e+01  5.593752e+00  1.589733e+02
   endloop
 endfacet
 facet normal  6.087977e-01  4.826392e-01  6.296227e-01
   outer loop
     vertex  2.118673e+01  5.635577e+00  1.589375e+02
     vertex  2.121913e+01  5.666217e+00  1.588826e+02
     vertex  2.094570e+01  6.011118e+00  1.588826e+02
   endloop
 endfacet
 facet normal  6.087977e-01  4.826392e-01  6.296227e-01
   outer loop
     vertex  2.118673e+01  5.635577e+00  1.589375e+02
     vertex  2.094570e+01  6.011118e+00  1.588826e+02
     vertex  2.090848e+01  5.986569e+00  1.589375e+02
   endloop
 endfacet
 facet normal  1.176955e-01  1.325938e-01  9.841578e-01
   outer loop
     vertex  2.148543e+01  5.289368e+00  1.589733e+02
     vertex  2.109199e+01  5.545962e+00  1.589858e+02
     vertex  2.144397e+01  5.233531e+00  1.589858e+02
   endloop
 endfacet
 facet normal  1.176955e-01  1.325938e-01  9.841578e-01
   outer loop
     vertex  2.148543e+01  5.289368e+00  1.589733e+02
     vertex  2.114252e+01  5.593752e+00  1.589733e+02
     vertex  2.109199e+01  5.545962e+00  1.589858e+02
   endloop
 endfacet
 facet normal  5.157393e-01  5.810234e-01  6.296227e-01
   outer loop
     vertex  2.152171e+01  5.338236e+00  1.589375e+02
     vertex  2.154829e+01  5.374036e+00  1.588826e+02
     vertex  2.121913e+01  5.666217e+00  1.588826e+02
   endloop
 endfacet
 facet normal  3.381038e-01  3.809022e-01  8.605808e-01
   outer loop
     vertex  2.152171e+01  5.338236e+00  1.589375e+02
     vertex  2.118673e+01  5.635577e+00  1.589375e+02
     vertex  2.114252e+01  5.593752e+00  1.589733e+02
   endloop
 endfacet
 facet normal  5.157393e-01  5.810234e-01  6.296227e-01
   outer loop
     vertex  2.152171e+01  5.338236e+00  1.589375e+02
     vertex  2.121913e+01  5.666217e+00  1.588826e+02
     vertex  2.118673e+01  5.635577e+00  1.589375e+02
   endloop
 endfacet
 facet normal  3.381038e-01  3.809022e-01  8.605808e-01
   outer loop
     vertex  2.152171e+01  5.338236e+00  1.589375e+02
     vertex  2.114252e+01  5.593752e+00  1.589733e+02
     vertex  2.148543e+01  5.289368e+00  1.589733e+02
   endloop
 endfacet
 facet normal  9.288273e-02  1.510170e-01  9.841578e-01
   outer loop
     vertex  2.187599e+01  5.049155e+00  1.589733e+02
     vertex  2.148543e+01  5.289368e+00  1.589733e+02
     vertex  2.144397e+01  5.233531e+00  1.589858e+02
   endloop
 endfacet
 facet normal  9.288273e-02  1.510170e-01  9.841578e-01
   outer loop
     vertex  2.187599e+01  5.049155e+00  1.589733e+02
     vertex  2.144397e+01  5.233531e+00  1.589858e+02
     vertex  2.184486e+01  4.986967e+00  1.589858e+02
   endloop
 endfacet
 facet normal  2.668243e-01  4.338266e-01  8.605808e-01
   outer loop
     vertex  2.190324e+01  5.103581e+00  1.589375e+02
     vertex  2.148543e+01  5.289368e+00  1.589733e+02
     vertex  2.187599e+01  5.049155e+00  1.589733e+02
   endloop
 endfacet
 facet normal  4.070104e-01  6.617536e-01  6.296227e-01
   outer loop
     vertex  2.190324e+01  5.103581e+00  1.589375e+02
     vertex  2.192320e+01  5.143453e+00  1.588826e+02
     vertex  2.154829e+01  5.374036e+00  1.588826e+02
   endloop
 endfacet
 facet normal  4.070104e-01  6.617536e-01  6.296227e-01
   outer loop
     vertex  2.190324e+01  5.103581e+00  1.589375e+02
     vertex  2.154829e+01  5.374036e+00  1.588826e+02
     vertex  2.152171e+01  5.338236e+00  1.589375e+02
   endloop
 endfacet
 facet normal  2.668243e-01  4.338266e-01  8.605808e-01
   outer loop
     vertex  2.190324e+01  5.103581e+00  1.589375e+02
     vertex  2.152171e+01  5.338236e+00  1.589375e+02
     vertex  2.148543e+01  5.289368e+00  1.589733e+02
   endloop
 endfacet
 facet normal  6.524781e-02  1.648516e-01  9.841578e-01
   outer loop
     vertex  2.230233e+01  4.880411e+00  1.589733e+02
     vertex  2.184486e+01  4.986967e+00  1.589858e+02
     vertex  2.228247e+01  4.813762e+00  1.589858e+02
   endloop
 endfacet
 facet normal  1.874375e-01  4.735694e-01  8.605808e-01
   outer loop
     vertex  2.230233e+01  4.880411e+00  1.589733e+02
     vertex  2.190324e+01  5.103581e+00  1.589375e+02
     vertex  2.187599e+01  5.049155e+00  1.589733e+02
   endloop
 endfacet
 facet normal  6.524781e-02  1.648516e-01  9.841578e-01
   outer loop
     vertex  2.230233e+01  4.880411e+00  1.589733e+02
     vertex  2.187599e+01  5.049155e+00  1.589733e+02
     vertex  2.184486e+01  4.986967e+00  1.589858e+02
   endloop
 endfacet
 facet normal  1.874375e-01  4.735694e-01  8.605808e-01
   outer loop
     vertex  2.231971e+01  4.938742e+00  1.589375e+02
     vertex  2.190324e+01  5.103581e+00  1.589375e+02
     vertex  2.230233e+01  4.880411e+00  1.589733e+02
   endloop
 endfacet
 facet normal  2.859147e-01  7.223767e-01  6.296227e-01
   outer loop
     vertex  2.231971e+01  4.938742e+00  1.589375e+02
     vertex  2.192320e+01  5.143453e+00  1.588826e+02
     vertex  2.190324e+01  5.103581e+00  1.589375e+02
   endloop
 endfacet
 facet normal  2.859147e-01  7.223767e-01  6.296227e-01
   outer loop
     vertex  2.231971e+01  4.938742e+00  1.589375e+02
     vertex  2.233244e+01  4.981474e+00  1.588826e+02
     vertex  2.192320e+01  5.143453e+00  1.588826e+02
   endloop
 endfacet
 facet normal  3.563037e-02  1.736773e-01  9.841578e-01
   outer loop
     vertex  2.275149e+01  4.788264e+00  1.589733e+02
     vertex  2.228247e+01  4.813762e+00  1.589858e+02
     vertex  2.274351e+01  4.719179e+00  1.589858e+02
   endloop
 endfacet
 facet normal  3.563037e-02  1.736773e-01  9.841578e-01
   outer loop
     vertex  2.275149e+01  4.788264e+00  1.589733e+02
     vertex  2.230233e+01  4.880411e+00  1.589733e+02
     vertex  2.228247e+01  4.813762e+00  1.589858e+02
   endloop
 endfacet
 facet normal  1.561316e-01  7.610507e-01  6.296227e-01
   outer loop
     vertex  2.275848e+01  4.848727e+00  1.589375e+02
     vertex  2.276360e+01  4.893021e+00  1.588826e+02
     vertex  2.233244e+01  4.981474e+00  1.588826e+02
   endloop
 endfacet
 facet normal  2.160457e-02  7.766006e-01  6.296227e-01
   outer loop
     vertex  2.275848e+01  4.848727e+00  1.589375e+02
     vertex  2.320357e+01  4.880782e+00  1.588826e+02
     vertex  2.276360e+01  4.893021e+00  1.588826e+02
   endloop
 endfacet
 facet normal  1.023554e-01  4.989229e-01  8.605808e-01
   outer loop
     vertex  2.275848e+01  4.848727e+00  1.589375e+02
     vertex  2.230233e+01  4.880411e+00  1.589733e+02
     vertex  2.275149e+01  4.788264e+00  1.589733e+02
   endloop
 endfacet
 facet normal  1.561316e-01  7.610507e-01  6.296227e-01
   outer loop
     vertex  2.275848e+01  4.848727e+00  1.589375e+02
     vertex  2.233244e+01  4.981474e+00  1.588826e+02
     vertex  2.231971e+01  4.938742e+00  1.589375e+02
   endloop
 endfacet
 facet normal  1.023554e-01  4.989229e-01  8.605808e-01
   outer loop
     vertex  2.275848e+01  4.848727e+00  1.589375e+02
     vertex  2.231971e+01  4.938742e+00  1.589375e+02
     vertex  2.230233e+01  4.880411e+00  1.589733e+02
   endloop
 endfacet
 facet normal  4.930319e-03  1.772259e-01  9.841578e-01
   outer loop
     vertex  2.320983e+01  4.775513e+00  1.589733e+02
     vertex  2.274351e+01  4.719179e+00  1.589858e+02
     vertex  2.321396e+01  4.706091e+00  1.589858e+02
   endloop
 endfacet
 facet normal  4.930319e-03  1.772259e-01  9.841578e-01
   outer loop
     vertex  2.320983e+01  4.775513e+00  1.589733e+02
     vertex  2.275149e+01  4.788264e+00  1.589733e+02
     vertex  2.274351e+01  4.719179e+00  1.589858e+02
   endloop
 endfacet
 facet normal  1.416333e-02  5.091170e-01  8.605808e-01
   outer loop
     vertex  2.320983e+01  4.775513e+00  1.589733e+02
     vertex  2.275848e+01  4.848727e+00  1.589375e+02
     vertex  2.275149e+01  4.788264e+00  1.589733e+02
   endloop
 endfacet
 facet normal -1.135789e-01  7.685539e-01  6.296227e-01
   outer loop
     vertex  2.320622e+01  4.836271e+00  1.589375e+02
     vertex  2.363897e+01  4.945127e+00  1.588826e+02
     vertex  2.320357e+01  4.880782e+00  1.588826e+02
   endloop
 endfacet
 facet normal  1.416333e-02  5.091170e-01  8.605808e-01
   outer loop
     vertex  2.320622e+01  4.836271e+00  1.589375e+02
     vertex  2.275848e+01  4.848727e+00  1.589375e+02
     vertex  2.320983e+01  4.775513e+00  1.589733e+02
   endloop
 endfacet
 facet normal  2.160457e-02  7.766006e-01  6.296227e-01
   outer loop
     vertex  2.320622e+01  4.836271e+00  1.589375e+02
     vertex  2.320357e+01  4.880782e+00  1.588826e+02
     vertex  2.275848e+01  4.848727e+00  1.589375e+02
   endloop
 endfacet
 facet normal -2.591954e-02  1.753896e-01  9.841578e-01
   outer loop
     vertex  2.366342e+01  4.842546e+00  1.589733e+02
     vertex  2.321396e+01  4.706091e+00  1.589858e+02
     vertex  2.367955e+01  4.774896e+00  1.589858e+02
   endloop
 endfacet
 facet normal -2.591954e-02  1.753896e-01  9.841578e-01
   outer loop
     vertex  2.366342e+01  4.842546e+00  1.589733e+02
     vertex  2.320983e+01  4.775513e+00  1.589733e+02
     vertex  2.321396e+01  4.706091e+00  1.589858e+02
   endloop
 endfacet
 facet normal -1.135789e-01  7.685539e-01  6.296227e-01
   outer loop
     vertex  2.364931e+01  4.901753e+00  1.589375e+02
     vertex  2.363897e+01  4.945127e+00  1.588826e+02
     vertex  2.320622e+01  4.836271e+00  1.589375e+02
   endloop
 endfacet
 facet normal -7.445908e-02  5.038418e-01  8.605808e-01
   outer loop
     vertex  2.364931e+01  4.901753e+00  1.589375e+02
     vertex  2.320622e+01  4.836271e+00  1.589375e+02
     vertex  2.320983e+01  4.775513e+00  1.589733e+02
   endloop
 endfacet
 facet normal -7.445908e-02  5.038418e-01  8.605808e-01
   outer loop
     vertex  2.364931e+01  4.901753e+00  1.589375e+02
     vertex  2.320983e+01  4.775513e+00  1.589733e+02
     vertex  2.366342e+01  4.842546e+00  1.589733e+02
   endloop
 endfacet
 facet normal -5.598184e-02  1.682241e-01  9.841578e-01
   outer loop
     vertex  2.409849e+01  4.987327e+00  1.589733e+02
     vertex  2.367955e+01  4.774896e+00  1.589858e+02
     vertex  2.412611e+01  4.923504e+00  1.589858e+02
   endloop
 endfacet
 facet normal -5.598184e-02  1.682241e-01  9.841578e-01
   outer loop
     vertex  2.409849e+01  4.987327e+00  1.589733e+02
     vertex  2.366342e+01  4.842546e+00  1.589733e+02
     vertex  2.367955e+01  4.774896e+00  1.589858e+02
   endloop
 endfacet
 facet normal -2.453114e-01  7.371550e-01  6.296227e-01
   outer loop
     vertex  2.407431e+01  5.043183e+00  1.589375e+02
     vertex  2.405659e+01  5.084103e+00  1.588826e+02
     vertex  2.363897e+01  4.945127e+00  1.588826e+02
   endloop
 endfacet
 facet normal -2.453114e-01  7.371550e-01  6.296227e-01
   outer loop
     vertex  2.407431e+01  5.043183e+00  1.589375e+02
     vertex  2.363897e+01  4.945127e+00  1.588826e+02
     vertex  2.364931e+01  4.901753e+00  1.589375e+02
   endloop
 endfacet
 facet normal -1.608191e-01  4.832576e-01  8.605808e-01
   outer loop
     vertex  2.407431e+01  5.043183e+00  1.589375e+02
     vertex  2.364931e+01  4.901753e+00  1.589375e+02
     vertex  2.366342e+01  4.842546e+00  1.589733e+02
   endloop
 endfacet
 facet normal -1.608191e-01  4.832576e-01  8.605808e-01
   outer loop
     vertex  2.407431e+01  5.043183e+00  1.589375e+02
     vertex  2.366342e+01  4.842546e+00  1.589733e+02
     vertex  2.409849e+01  4.987327e+00  1.589733e+02
   endloop
 endfacet
 facet normal -8.434317e-02  1.559473e-01  9.841578e-01
   outer loop
     vertex  2.450180e+01  5.205455e+00  1.589733e+02
     vertex  2.412611e+01  4.923504e+00  1.589858e+02
     vertex  2.454009e+01  5.147399e+00  1.589858e+02
   endloop
 endfacet
 facet normal -8.434317e-02  1.559473e-01  9.841578e-01
   outer loop
     vertex  2.450180e+01  5.205455e+00  1.589733e+02
     vertex  2.409849e+01  4.987327e+00  1.589733e+02
     vertex  2.412611e+01  4.923504e+00  1.589858e+02
   endloop
 endfacet
 facet normal -3.695902e-01  6.833581e-01  6.296227e-01
   outer loop
     vertex  2.446828e+01  5.256264e+00  1.589375e+02
     vertex  2.444374e+01  5.293487e+00  1.588826e+02
     vertex  2.405659e+01  5.084103e+00  1.588826e+02
   endloop
 endfacet
 facet normal -4.826392e-01  6.087977e-01  6.296227e-01
   outer loop
     vertex  2.446828e+01  5.256264e+00  1.589375e+02
     vertex  2.478864e+01  5.566916e+00  1.588826e+02
     vertex  2.444374e+01  5.293487e+00  1.588826e+02
   endloop
 endfacet
 facet normal -2.422927e-01  4.479899e-01  8.605808e-01
   outer loop
     vertex  2.446828e+01  5.256264e+00  1.589375e+02
     vertex  2.407431e+01  5.043183e+00  1.589375e+02
     vertex  2.409849e+01  4.987327e+00  1.589733e+02
   endloop
 endfacet
 facet normal -2.422927e-01  4.479899e-01  8.605808e-01
   outer loop
     vertex  2.446828e+01  5.256264e+00  1.589375e+02
     vertex  2.409849e+01  4.987327e+00  1.589733e+02
     vertex  2.450180e+01  5.205455e+00  1.589733e+02
   endloop
 endfacet
 facet normal -3.695902e-01  6.833581e-01  6.296227e-01
   outer loop
     vertex  2.446828e+01  5.256264e+00  1.589375e+02
     vertex  2.405659e+01  5.084103e+00  1.588826e+02
     vertex  2.407431e+01  5.043183e+00  1.589375e+02
   endloop
 endfacet
 facet normal -1.101418e-01  1.389321e-01  9.841578e-01
   outer loop
     vertex  2.486110e+01  5.490303e+00  1.589733e+02
     vertex  2.454009e+01  5.147399e+00  1.589858e+02
     vertex  2.490889e+01  5.439779e+00  1.589858e+02
   endloop
 endfacet
 facet normal -1.101418e-01  1.389321e-01  9.841578e-01
   outer loop
     vertex  2.486110e+01  5.490303e+00  1.589733e+02
     vertex  2.450180e+01  5.205455e+00  1.589733e+02
     vertex  2.454009e+01  5.147399e+00  1.589858e+02
   endloop
 endfacet
 facet normal -4.826392e-01  6.087977e-01  6.296227e-01
   outer loop
     vertex  2.481928e+01  5.534522e+00  1.589375e+02
     vertex  2.478864e+01  5.566916e+00  1.588826e+02
     vertex  2.446828e+01  5.256264e+00  1.589375e+02
   endloop
 endfacet
 facet normal -3.164044e-01  3.991103e-01  8.605808e-01
   outer loop
     vertex  2.481928e+01  5.534522e+00  1.589375e+02
     vertex  2.446828e+01  5.256264e+00  1.589375e+02
     vertex  2.450180e+01  5.205455e+00  1.589733e+02
   endloop
 endfacet
 facet normal -3.164044e-01  3.991103e-01  8.605808e-01
   outer loop
     vertex  2.481928e+01  5.534522e+00  1.589375e+02
     vertex  2.450180e+01  5.205455e+00  1.589733e+02
     vertex  2.486110e+01  5.490303e+00  1.589733e+02
   endloop
 endfacet
 facet normal -1.325938e-01  1.176955e-01  9.841578e-01
   outer loop
     vertex  2.516549e+01  5.833217e+00  1.589733e+02
     vertex  2.490889e+01  5.439779e+00  1.589858e+02
     vertex  2.522132e+01  5.791758e+00  1.589858e+02
   endloop
 endfacet
 facet normal -1.325938e-01  1.176955e-01  9.841578e-01
   outer loop
     vertex  2.516549e+01  5.833217e+00  1.589733e+02
     vertex  2.486110e+01  5.490303e+00  1.589733e+02
     vertex  2.490889e+01  5.439779e+00  1.589858e+02
   endloop
 endfacet
 facet normal -5.810234e-01  5.157393e-01  6.296227e-01
   outer loop
     vertex  2.511662e+01  5.869501e+00  1.589375e+02
     vertex  2.478864e+01  5.566916e+00  1.588826e+02
     vertex  2.481928e+01  5.534522e+00  1.589375e+02
   endloop
 endfacet
 facet normal -5.810234e-01  5.157393e-01  6.296227e-01
   outer loop
     vertex  2.511662e+01  5.869501e+00  1.589375e+02
     vertex  2.508082e+01  5.896082e+00  1.588826e+02
     vertex  2.478864e+01  5.566916e+00  1.588826e+02
   endloop
 endfacet
 facet normal -3.809022e-01  3.381038e-01  8.605808e-01
   outer loop
     vertex  2.511662e+01  5.869501e+00  1.589375e+02
     vertex  2.481928e+01  5.534522e+00  1.589375e+02
     vertex  2.486110e+01  5.490303e+00  1.589733e+02
   endloop
 endfacet
 facet normal -3.809022e-01  3.381038e-01  8.605808e-01
   outer loop
     vertex  2.511662e+01  5.869501e+00  1.589375e+02
     vertex  2.486110e+01  5.490303e+00  1.589733e+02
     vertex  2.516549e+01  5.833217e+00  1.589733e+02
   endloop
 endfacet
 facet normal -1.510170e-01  9.288273e-02  9.841578e-01
   outer loop
     vertex  2.540570e+01  6.223776e+00  1.589733e+02
     vertex  2.522132e+01  5.791758e+00  1.589858e+02
     vertex  2.546789e+01  6.192644e+00  1.589858e+02
   endloop
 endfacet
 facet normal -1.510170e-01  9.288273e-02  9.841578e-01
   outer loop
     vertex  2.540570e+01  6.223776e+00  1.589733e+02
     vertex  2.516549e+01  5.833217e+00  1.589733e+02
     vertex  2.522132e+01  5.791758e+00  1.589858e+02
   endloop
 endfacet
 facet normal -6.617536e-01  4.070104e-01  6.296227e-01
   outer loop
     vertex  2.535127e+01  6.251023e+00  1.589375e+02
     vertex  2.531140e+01  6.270984e+00  1.588826e+02
     vertex  2.508082e+01  5.896082e+00  1.588826e+02
   endloop
 endfacet
 facet normal -6.617536e-01  4.070104e-01  6.296227e-01
   outer loop
     vertex  2.535127e+01  6.251023e+00  1.589375e+02
     vertex  2.508082e+01  5.896082e+00  1.588826e+02
     vertex  2.511662e+01  5.869501e+00  1.589375e+02
   endloop
 endfacet
 facet normal -4.338266e-01  2.668243e-01  8.605808e-01
   outer loop
     vertex  2.535127e+01  6.251023e+00  1.589375e+02
     vertex  2.511662e+01  5.869501e+00  1.589375e+02
     vertex  2.516549e+01  5.833217e+00  1.589733e+02
   endloop
 endfacet
 facet normal -4.338266e-01  2.668243e-01  8.605808e-01
   outer loop
     vertex  2.535127e+01  6.251023e+00  1.589375e+02
     vertex  2.516549e+01  5.833217e+00  1.589733e+02
     vertex  2.540570e+01  6.223776e+00  1.589733e+02
   endloop
 endfacet
 facet normal -1.648516e-01  6.524781e-02  9.841578e-01
   outer loop
     vertex  2.557444e+01  6.650115e+00  1.589733e+02
     vertex  2.546789e+01  6.192644e+00  1.589858e+02
     vertex  2.564109e+01  6.630254e+00  1.589858e+02
   endloop
 endfacet
 facet normal -1.648516e-01  6.524781e-02  9.841578e-01
   outer loop
     vertex  2.557444e+01  6.650115e+00  1.589733e+02
     vertex  2.540570e+01  6.223776e+00  1.589733e+02
     vertex  2.546789e+01  6.192644e+00  1.589858e+02
   endloop
 endfacet
 facet normal -4.989229e-01  1.023554e-01  8.605808e-01
   outer loop
     vertex  2.557444e+01  6.650115e+00  1.589733e+02
     vertex  2.566659e+01  7.099279e+00  1.589733e+02
     vertex  2.560613e+01  7.106268e+00  1.589375e+02
   endloop
 endfacet
 facet normal -1.736773e-01  3.563037e-02  9.841578e-01
   outer loop
     vertex  2.557444e+01  6.650115e+00  1.589733e+02
     vertex  2.564109e+01  6.630254e+00  1.589858e+02
     vertex  2.566659e+01  7.099279e+00  1.589733e+02
   endloop
 endfacet
 facet normal -4.735694e-01  1.874375e-01  8.605808e-01
   outer loop
     vertex  2.557444e+01  6.650115e+00  1.589733e+02
     vertex  2.535127e+01  6.251023e+00  1.589375e+02
     vertex  2.540570e+01  6.223776e+00  1.589733e+02
   endloop
 endfacet
 facet normal -7.223767e-01  2.859147e-01  6.296227e-01
   outer loop
     vertex  2.551611e+01  6.667497e+00  1.589375e+02
     vertex  2.531140e+01  6.270984e+00  1.588826e+02
     vertex  2.535127e+01  6.251023e+00  1.589375e+02
   endloop
 endfacet
 facet normal -7.610507e-01  1.561316e-01  6.296227e-01
   outer loop
     vertex  2.551611e+01  6.667497e+00  1.589375e+02
     vertex  2.560613e+01  7.106268e+00  1.589375e+02
     vertex  2.556183e+01  7.111388e+00  1.588826e+02
   endloop
 endfacet
 facet normal -7.223767e-01  2.859147e-01  6.296227e-01
   outer loop
     vertex  2.551611e+01  6.667497e+00  1.589375e+02
     vertex  2.547338e+01  6.680231e+00  1.588826e+02
     vertex  2.531140e+01  6.270984e+00  1.588826e+02
   endloop
 endfacet
 facet normal -7.610507e-01  1.561316e-01  6.296227e-01
   outer loop
     vertex  2.551611e+01  6.667497e+00  1.589375e+02
     vertex  2.556183e+01  7.111388e+00  1.588826e+02
     vertex  2.547338e+01  6.680231e+00  1.588826e+02
   endloop
 endfacet
 facet normal -4.989229e-01  1.023554e-01  8.605808e-01
   outer loop
     vertex  2.551611e+01  6.667497e+00  1.589375e+02
     vertex  2.557444e+01  6.650115e+00  1.589733e+02
     vertex  2.560613e+01  7.106268e+00  1.589375e+02
   endloop
 endfacet
 facet normal -4.735694e-01  1.874375e-01  8.605808e-01
   outer loop
     vertex  2.551611e+01  6.667497e+00  1.589375e+02
     vertex  2.535127e+01  6.251023e+00  1.589375e+02
     vertex  2.557444e+01  6.650115e+00  1.589733e+02
   endloop
 endfacet
 facet normal -9.464598e-01  1.941688e-01 -2.578998e-01
   outer loop
     vertex -3.214299e+01  1.334007e+01  1.474858e+02
     vertex -3.205454e+01  1.377123e+01  1.474858e+02
     vertex -3.202792e+01  1.376815e+01  1.473858e+02
   endloop
 endfacet
 facet normal  2.596407e-01 -7.223049e-03 -9.656783e-01
   outer loop
     vertex -3.717048e+01  1.436258e+01  1.473126e+02
     vertex -3.728303e+01  1.389925e+01  1.472858e+02
     vertex -3.726982e+01  1.437406e+01  1.472858e+02
   endloop
 endfacet
 facet normal -2.544419e-01  5.219944e-02 -9.656783e-01
   outer loop
     vertex -3.204716e+01  1.331151e+01  1.473126e+02
     vertex -3.185586e+01  1.374826e+01  1.472858e+02
     vertex -3.195132e+01  1.328296e+01  1.472858e+02
   endloop
 endfacet
 facet normal -2.544419e-01  5.219944e-02 -9.656783e-01
   outer loop
     vertex -3.204716e+01  1.331151e+01  1.473126e+02
     vertex -3.195520e+01  1.375975e+01  1.473126e+02
     vertex -3.185586e+01  1.374826e+01  1.472858e+02
   endloop
 endfacet
 facet normal -6.939995e-01  1.423759e-01 -7.057576e-01
   outer loop
     vertex -3.211732e+01  1.333242e+01  1.473858e+02
     vertex -3.202792e+01  1.376815e+01  1.473858e+02
     vertex -3.195520e+01  1.375975e+01  1.473126e+02
   endloop
 endfacet
 facet normal -9.464598e-01  1.941688e-01 -2.578998e-01
   outer loop
     vertex -3.211732e+01  1.333242e+01  1.473858e+02
     vertex -3.214299e+01  1.334007e+01  1.474858e+02
     vertex -3.202792e+01  1.376815e+01  1.473858e+02
   endloop
 endfacet
 facet normal -6.939995e-01  1.423759e-01 -7.057576e-01
   outer loop
     vertex -3.211732e+01  1.333242e+01  1.473858e+02
     vertex -3.195520e+01  1.375975e+01  1.473126e+02
     vertex -3.204716e+01  1.331151e+01  1.473126e+02
   endloop
 endfacet
 facet normal -2.415120e-01  9.558978e-02 -9.656783e-01
   outer loop
     vertex -3.221555e+01  1.288606e+01  1.473126e+02
     vertex -3.195132e+01  1.328296e+01  1.472858e+02
     vertex -3.212613e+01  1.284129e+01  1.472858e+02
   endloop
 endfacet
 facet normal -2.415120e-01  9.558978e-02 -9.656783e-01
   outer loop
     vertex -3.221555e+01  1.288606e+01  1.473126e+02
     vertex -3.204716e+01  1.331151e+01  1.473126e+02
     vertex -3.195132e+01  1.328296e+01  1.472858e+02
   endloop
 endfacet
 facet normal -8.983639e-01  3.555700e-01 -2.578998e-01
   outer loop
     vertex -3.228101e+01  1.291883e+01  1.473858e+02
     vertex -3.230497e+01  1.293083e+01  1.474858e+02
     vertex -3.214299e+01  1.334007e+01  1.474858e+02
   endloop
 endfacet
 facet normal -6.587328e-01  2.607246e-01 -7.057576e-01
   outer loop
     vertex -3.228101e+01  1.291883e+01  1.473858e+02
     vertex -3.204716e+01  1.331151e+01  1.473126e+02
     vertex -3.221555e+01  1.288606e+01  1.473126e+02
   endloop
 endfacet
 facet normal -8.983639e-01  3.555700e-01 -2.578998e-01
   outer loop
     vertex -3.228101e+01  1.291883e+01  1.473858e+02
     vertex -3.214299e+01  1.334007e+01  1.474858e+02
     vertex -3.211732e+01  1.333242e+01  1.473858e+02
   endloop
 endfacet
 facet normal -6.587328e-01  2.607246e-01 -7.057576e-01
   outer loop
     vertex -3.228101e+01  1.291883e+01  1.473858e+02
     vertex -3.211732e+01  1.333242e+01  1.473858e+02
     vertex -3.204716e+01  1.331151e+01  1.473126e+02
   endloop
 endfacet
 facet normal -2.212439e-01  1.360757e-01 -9.656783e-01
   outer loop
     vertex -3.245527e+01  1.249631e+01  1.473126e+02
     vertex -3.212613e+01  1.284129e+01  1.472858e+02
     vertex -3.237498e+01  1.243670e+01  1.472858e+02
   endloop
 endfacet
 facet normal -2.212439e-01  1.360757e-01 -9.656783e-01
   outer loop
     vertex -3.245527e+01  1.249631e+01  1.473126e+02
     vertex -3.221555e+01  1.288606e+01  1.473126e+02
     vertex -3.212613e+01  1.284129e+01  1.472858e+02
   endloop
 endfacet
 facet normal -6.034508e-01  3.711514e-01 -7.057576e-01
   outer loop
     vertex -3.251404e+01  1.253995e+01  1.473858e+02
     vertex -3.221555e+01  1.288606e+01  1.473126e+02
     vertex -3.245527e+01  1.249631e+01  1.473126e+02
   endloop
 endfacet
 facet normal -8.229717e-01  5.061673e-01 -2.578998e-01
   outer loop
     vertex -3.251404e+01  1.253995e+01  1.473858e+02
     vertex -3.253556e+01  1.255592e+01  1.474858e+02
     vertex -3.230497e+01  1.293083e+01  1.474858e+02
   endloop
 endfacet
 facet normal -8.229717e-01  5.061673e-01 -2.578998e-01
   outer loop
     vertex -3.251404e+01  1.253995e+01  1.473858e+02
     vertex -3.230497e+01  1.293083e+01  1.474858e+02
     vertex -3.228101e+01  1.291883e+01  1.473858e+02
   endloop
 endfacet
 facet normal -6.034508e-01  3.711514e-01 -7.057576e-01
   outer loop
     vertex -3.251404e+01  1.253995e+01  1.473858e+02
     vertex -3.228101e+01  1.291883e+01  1.473858e+02
     vertex -3.221555e+01  1.288606e+01  1.473126e+02
   endloop
 endfacet
 facet normal -1.942534e-01  1.724270e-01 -9.656783e-01
   outer loop
     vertex -3.275902e+01  1.215411e+01  1.473126e+02
     vertex -3.237498e+01  1.243670e+01  1.472858e+02
     vertex -3.269030e+01  1.208146e+01  1.472858e+02
   endloop
 endfacet
 facet normal -1.942534e-01  1.724270e-01 -9.656783e-01
   outer loop
     vertex -3.275902e+01  1.215411e+01  1.473126e+02
     vertex -3.245527e+01  1.249631e+01  1.473126e+02
     vertex -3.237498e+01  1.243670e+01  1.472858e+02
   endloop
 endfacet
 facet normal -5.298333e-01  4.703009e-01 -7.057576e-01
   outer loop
     vertex -3.280932e+01  1.220729e+01  1.473858e+02
     vertex -3.251404e+01  1.253995e+01  1.473858e+02
     vertex -3.245527e+01  1.249631e+01  1.473126e+02
   endloop
 endfacet
 facet normal -7.225738e-01  6.413850e-01 -2.578998e-01
   outer loop
     vertex -3.280932e+01  1.220729e+01  1.473858e+02
     vertex -3.282774e+01  1.222676e+01  1.474858e+02
     vertex -3.253556e+01  1.255592e+01  1.474858e+02
   endloop
 endfacet
 facet normal -7.225738e-01  6.413850e-01 -2.578998e-01
   outer loop
     vertex -3.280932e+01  1.220729e+01  1.473858e+02
     vertex -3.253556e+01  1.255592e+01  1.474858e+02
     vertex -3.251404e+01  1.253995e+01  1.473858e+02
   endloop
 endfacet
 facet normal -5.298333e-01  4.703009e-01 -7.057576e-01
   outer loop
     vertex -3.280932e+01  1.220729e+01  1.473858e+02
     vertex -3.245527e+01  1.249631e+01  1.473126e+02
     vertex -3.275902e+01  1.215411e+01  1.473126e+02
   endloop
 endfacet
 facet normal -1.613606e-01  2.035392e-01 -9.656783e-01
   outer loop
     vertex -3.311758e+01  1.186985e+01  1.473126e+02
     vertex -3.269030e+01  1.208146e+01  1.472858e+02
     vertex -3.306252e+01  1.178637e+01  1.472858e+02
   endloop
 endfacet
 facet normal -1.613606e-01  2.035392e-01 -9.656783e-01
   outer loop
     vertex -3.311758e+01  1.186985e+01  1.473126e+02
     vertex -3.275902e+01  1.215411e+01  1.473126e+02
     vertex -3.269030e+01  1.208146e+01  1.472858e+02
   endloop
 endfacet
 facet normal -4.401170e-01  5.551606e-01 -7.057576e-01
   outer loop
     vertex -3.315789e+01  1.193096e+01  1.473858e+02
     vertex -3.280932e+01  1.220729e+01  1.473858e+02
     vertex -3.275902e+01  1.215411e+01  1.473126e+02
   endloop
 endfacet
 facet normal -4.401170e-01  5.551606e-01 -7.057576e-01
   outer loop
     vertex -3.315789e+01  1.193096e+01  1.473858e+02
     vertex -3.275902e+01  1.215411e+01  1.473126e+02
     vertex -3.311758e+01  1.186985e+01  1.473126e+02
   endloop
 endfacet
 facet normal -6.002210e-01  7.571146e-01 -2.578998e-01
   outer loop
     vertex -3.315789e+01  1.193096e+01  1.473858e+02
     vertex -3.317264e+01  1.195333e+01  1.474858e+02
     vertex -3.282774e+01  1.222676e+01  1.474858e+02
   endloop
 endfacet
 facet normal -6.002210e-01  7.571146e-01 -2.578998e-01
   outer loop
     vertex -3.315789e+01  1.193096e+01  1.473858e+02
     vertex -3.282774e+01  1.222676e+01  1.474858e+02
     vertex -3.280932e+01  1.220729e+01  1.473858e+02
   endloop
 endfacet
 facet normal -1.235650e-01  2.284669e-01 -9.656783e-01
   outer loop
     vertex -3.352005e+01  1.165217e+01  1.473126e+02
     vertex -3.306252e+01  1.178637e+01  1.472858e+02
     vertex -3.348033e+01  1.156040e+01  1.472858e+02
   endloop
 endfacet
 facet normal -3.370280e-01  6.231520e-01 -7.057576e-01
   outer loop
     vertex -3.352005e+01  1.165217e+01  1.473126e+02
     vertex -3.315789e+01  1.193096e+01  1.473858e+02
     vertex -3.311758e+01  1.186985e+01  1.473126e+02
   endloop
 endfacet
 facet normal -1.235650e-01  2.284669e-01 -9.656783e-01
   outer loop
     vertex -3.352005e+01  1.165217e+01  1.473126e+02
     vertex -3.311758e+01  1.186985e+01  1.473126e+02
     vertex -3.306252e+01  1.178637e+01  1.472858e+02
   endloop
 endfacet
 facet normal -4.596307e-01  8.498396e-01 -2.578998e-01
   outer loop
     vertex -3.354914e+01  1.171936e+01  1.473858e+02
     vertex -3.355978e+01  1.174395e+01  1.474858e+02
     vertex -3.317264e+01  1.195333e+01  1.474858e+02
   endloop
 endfacet
 facet normal -4.596307e-01  8.498396e-01 -2.578998e-01
   outer loop
     vertex -3.354914e+01  1.171936e+01  1.473858e+02
     vertex -3.317264e+01  1.195333e+01  1.474858e+02
     vertex -3.315789e+01  1.193096e+01  1.473858e+02
   endloop
 endfacet
 facet normal -3.370280e-01  6.231520e-01 -7.057576e-01
   outer loop
     vertex -3.354914e+01  1.171936e+01  1.473858e+02
     vertex -3.315789e+01  1.193096e+01  1.473858e+02
     vertex -3.352005e+01  1.165217e+01  1.473126e+02
   endloop
 endfacet
 facet normal -8.201489e-02  2.464528e-01 -9.656783e-01
   outer loop
     vertex -3.395421e+01  1.150769e+01  1.473126e+02
     vertex -3.352005e+01  1.165217e+01  1.473126e+02
     vertex -3.348033e+01  1.156040e+01  1.472858e+02
   endloop
 endfacet
 facet normal -8.201489e-02  2.464528e-01 -9.656783e-01
   outer loop
     vertex -3.395421e+01  1.150769e+01  1.473126e+02
     vertex -3.348033e+01  1.156040e+01  1.472858e+02
     vertex -3.393103e+01  1.141042e+01  1.472858e+02
   endloop
 endfacet
 facet normal -3.050748e-01  9.167426e-01 -2.578998e-01
   outer loop
     vertex -3.397119e+01  1.157890e+01  1.473858e+02
     vertex -3.397740e+01  1.160497e+01  1.474858e+02
     vertex -3.355978e+01  1.174395e+01  1.474858e+02
   endloop
 endfacet
 facet normal -2.236986e-01  6.722092e-01 -7.057576e-01
   outer loop
     vertex -3.397119e+01  1.157890e+01  1.473858e+02
     vertex -3.354914e+01  1.171936e+01  1.473858e+02
     vertex -3.352005e+01  1.165217e+01  1.473126e+02
   endloop
 endfacet
 facet normal -3.050748e-01  9.167426e-01 -2.578998e-01
   outer loop
     vertex -3.397119e+01  1.157890e+01  1.473858e+02
     vertex -3.355978e+01  1.174395e+01  1.474858e+02
     vertex -3.354914e+01  1.171936e+01  1.473858e+02
   endloop
 endfacet
 facet normal -2.236986e-01  6.722092e-01 -7.057576e-01
   outer loop
     vertex -3.397119e+01  1.157890e+01  1.473858e+02
     vertex -3.352005e+01  1.165217e+01  1.473126e+02
     vertex -3.395421e+01  1.150769e+01  1.473126e+02
   endloop
 endfacet
 facet normal -3.797281e-02  2.569504e-01 -9.656783e-01
   outer loop
     vertex -3.440687e+01  1.144080e+01  1.473126e+02
     vertex -3.393103e+01  1.141042e+01  1.472858e+02
     vertex -3.440092e+01  1.134098e+01  1.472858e+02
   endloop
 endfacet
 facet normal -3.797281e-02  2.569504e-01 -9.656783e-01
   outer loop
     vertex -3.440687e+01  1.144080e+01  1.473126e+02
     vertex -3.395421e+01  1.150769e+01  1.473126e+02
     vertex -3.393103e+01  1.141042e+01  1.472858e+02
   endloop
 endfacet
 facet normal -1.035722e-01  7.008417e-01 -7.057576e-01
   outer loop
     vertex -3.441121e+01  1.151388e+01  1.473858e+02
     vertex -3.395421e+01  1.150769e+01  1.473126e+02
     vertex -3.440687e+01  1.144080e+01  1.473126e+02
   endloop
 endfacet
 facet normal -1.412493e-01  9.557909e-01 -2.578998e-01
   outer loop
     vertex -3.441121e+01  1.151388e+01  1.473858e+02
     vertex -3.441281e+01  1.154062e+01  1.474858e+02
     vertex -3.397740e+01  1.160497e+01  1.474858e+02
   endloop
 endfacet
 facet normal -1.035722e-01  7.008417e-01 -7.057576e-01
   outer loop
     vertex -3.441121e+01  1.151388e+01  1.473858e+02
     vertex -3.397119e+01  1.157890e+01  1.473858e+02
     vertex -3.395421e+01  1.150769e+01  1.473126e+02
   endloop
 endfacet
 facet normal -1.412493e-01  9.557909e-01 -2.578998e-01
   outer loop
     vertex -3.441121e+01  1.151388e+01  1.473858e+02
     vertex -3.397740e+01  1.160497e+01  1.474858e+02
     vertex -3.397119e+01  1.157890e+01  1.473858e+02
   endloop
 endfacet
 facet normal  7.223049e-03  2.596407e-01 -9.656783e-01
   outer loop
     vertex -3.486426e+01  1.145352e+01  1.473126e+02
     vertex -3.440092e+01  1.134098e+01  1.472858e+02
     vertex -3.487574e+01  1.135419e+01  1.472858e+02
   endloop
 endfacet
 facet normal  7.223049e-03  2.596407e-01 -9.656783e-01
   outer loop
     vertex -3.486426e+01  1.145352e+01  1.473126e+02
     vertex -3.440687e+01  1.144080e+01  1.473126e+02
     vertex -3.440092e+01  1.134098e+01  1.472858e+02
   endloop
 endfacet
 facet normal  1.970113e-02  7.081795e-01 -7.057576e-01
   outer loop
     vertex -3.486426e+01  1.145352e+01  1.473126e+02
     vertex -3.441121e+01  1.151388e+01  1.473858e+02
     vertex -3.440687e+01  1.144080e+01  1.473126e+02
   endloop
 endfacet
 facet normal  2.686793e-02  9.657980e-01 -2.578998e-01
   outer loop
     vertex -3.485585e+01  1.152625e+01  1.473858e+02
     vertex -3.485277e+01  1.155286e+01  1.474858e+02
     vertex -3.441281e+01  1.154062e+01  1.474858e+02
   endloop
 endfacet
 facet normal  1.970113e-02  7.081795e-01 -7.057576e-01
   outer loop
     vertex -3.485585e+01  1.152625e+01  1.473858e+02
     vertex -3.441121e+01  1.151388e+01  1.473858e+02
     vertex -3.486426e+01  1.145352e+01  1.473126e+02
   endloop
 endfacet
 facet normal  2.686793e-02  9.657980e-01 -2.578998e-01
   outer loop
     vertex -3.485585e+01  1.152625e+01  1.473858e+02
     vertex -3.441281e+01  1.154062e+01  1.474858e+02
     vertex -3.441121e+01  1.151388e+01  1.473858e+02
   endloop
 endfacet
 facet normal  5.219944e-02  2.544419e-01 -9.656783e-01
   outer loop
     vertex -3.531249e+01  1.154548e+01  1.473126e+02
     vertex -3.487574e+01  1.135419e+01  1.472858e+02
     vertex -3.534105e+01  1.144965e+01  1.472858e+02
   endloop
 endfacet
 facet normal  5.219944e-02  2.544419e-01 -9.656783e-01
   outer loop
     vertex -3.531249e+01  1.154548e+01  1.473126e+02
     vertex -3.486426e+01  1.145352e+01  1.473126e+02
     vertex -3.487574e+01  1.135419e+01  1.472858e+02
   endloop
 endfacet
 facet normal  1.941688e-01  9.464598e-01 -2.578998e-01
   outer loop
     vertex -3.529158e+01  1.161564e+01  1.473858e+02
     vertex -3.485277e+01  1.155286e+01  1.474858e+02
     vertex -3.485585e+01  1.152625e+01  1.473858e+02
   endloop
 endfacet
 facet normal  1.941688e-01  9.464598e-01 -2.578998e-01
   outer loop
     vertex -3.529158e+01  1.161564e+01  1.473858e+02
     vertex -3.528393e+01  1.164132e+01  1.474858e+02
     vertex -3.485277e+01  1.155286e+01  1.474858e+02
   endloop
 endfacet
 facet normal  1.423759e-01  6.939995e-01 -7.057576e-01
   outer loop
     vertex -3.529158e+01  1.161564e+01  1.473858e+02
     vertex -3.485585e+01  1.152625e+01  1.473858e+02
     vertex -3.486426e+01  1.145352e+01  1.473126e+02
   endloop
 endfacet
 facet normal  1.423759e-01  6.939995e-01 -7.057576e-01
   outer loop
     vertex -3.529158e+01  1.161564e+01  1.473858e+02
     vertex -3.486426e+01  1.145352e+01  1.473126e+02
     vertex -3.531249e+01  1.154548e+01  1.473126e+02
   endloop
 endfacet
 facet normal  9.558978e-02  2.415120e-01 -9.656783e-01
   outer loop
     vertex -3.573794e+01  1.171387e+01  1.473126e+02
     vertex -3.534105e+01  1.144965e+01  1.472858e+02
     vertex -3.578271e+01  1.162445e+01  1.472858e+02
   endloop
 endfacet
 facet normal  9.558978e-02  2.415120e-01 -9.656783e-01
   outer loop
     vertex -3.573794e+01  1.171387e+01  1.473126e+02
     vertex -3.531249e+01  1.154548e+01  1.473126e+02
     vertex -3.534105e+01  1.144965e+01  1.472858e+02
   endloop
 endfacet
 facet normal  3.555700e-01  8.983639e-01 -2.578998e-01
   outer loop
     vertex -3.570517e+01  1.177934e+01  1.473858e+02
     vertex -3.569318e+01  1.180330e+01  1.474858e+02
     vertex -3.528393e+01  1.164132e+01  1.474858e+02
   endloop
 endfacet
 facet normal  2.607246e-01  6.587328e-01 -7.057576e-01
   outer loop
     vertex -3.570517e+01  1.177934e+01  1.473858e+02
     vertex -3.529158e+01  1.161564e+01  1.473858e+02
     vertex -3.531249e+01  1.154548e+01  1.473126e+02
   endloop
 endfacet
 facet normal  2.607246e-01  6.587328e-01 -7.057576e-01
   outer loop
     vertex -3.570517e+01  1.177934e+01  1.473858e+02
     vertex -3.531249e+01  1.154548e+01  1.473126e+02
     vertex -3.573794e+01  1.171387e+01  1.473126e+02
   endloop
 endfacet
 facet normal  3.555700e-01  8.983639e-01 -2.578998e-01
   outer loop
     vertex -3.570517e+01  1.177934e+01  1.473858e+02
     vertex -3.528393e+01  1.164132e+01  1.474858e+02
     vertex -3.529158e+01  1.161564e+01  1.473858e+02
   endloop
 endfacet
 facet normal  1.360757e-01  2.212439e-01 -9.656783e-01
   outer loop
     vertex -3.612769e+01  1.195359e+01  1.473126e+02
     vertex -3.578271e+01  1.162445e+01  1.472858e+02
     vertex -3.618731e+01  1.187330e+01  1.472858e+02
   endloop
 endfacet
 facet normal  1.360757e-01  2.212439e-01 -9.656783e-01
   outer loop
     vertex -3.612769e+01  1.195359e+01  1.473126e+02
     vertex -3.573794e+01  1.171387e+01  1.473126e+02
     vertex -3.578271e+01  1.162445e+01  1.472858e+02
   endloop
 endfacet
 facet normal  5.061673e-01  8.229717e-01 -2.578998e-01
   outer loop
     vertex -3.608405e+01  1.201236e+01  1.473858e+02
     vertex -3.606808e+01  1.203388e+01  1.474858e+02
     vertex -3.569318e+01  1.180330e+01  1.474858e+02
   endloop
 endfacet
 facet normal  5.061673e-01  8.229717e-01 -2.578998e-01
   outer loop
     vertex -3.608405e+01  1.201236e+01  1.473858e+02
     vertex -3.569318e+01  1.180330e+01  1.474858e+02
     vertex -3.570517e+01  1.177934e+01  1.473858e+02
   endloop
 endfacet
 facet normal  3.711514e-01  6.034508e-01 -7.057576e-01
   outer loop
     vertex -3.608405e+01  1.201236e+01  1.473858e+02
     vertex -3.570517e+01  1.177934e+01  1.473858e+02
     vertex -3.573794e+01  1.171387e+01  1.473126e+02
   endloop
 endfacet
 facet normal  3.711514e-01  6.034508e-01 -7.057576e-01
   outer loop
     vertex -3.608405e+01  1.201236e+01  1.473858e+02
     vertex -3.573794e+01  1.171387e+01  1.473126e+02
     vertex -3.612769e+01  1.195359e+01  1.473126e+02
   endloop
 endfacet
 facet normal  1.724270e-01  1.942534e-01 -9.656783e-01
   outer loop
     vertex -3.646990e+01  1.225734e+01  1.473126e+02
     vertex -3.618731e+01  1.187330e+01  1.472858e+02
     vertex -3.654254e+01  1.218863e+01  1.472858e+02
   endloop
 endfacet
 facet normal  1.724270e-01  1.942534e-01 -9.656783e-01
   outer loop
     vertex -3.646990e+01  1.225734e+01  1.473126e+02
     vertex -3.612769e+01  1.195359e+01  1.473126e+02
     vertex -3.618731e+01  1.187330e+01  1.472858e+02
   endloop
 endfacet
 facet normal  6.413850e-01  7.225738e-01 -2.578998e-01
   outer loop
     vertex -3.641671e+01  1.230765e+01  1.473858e+02
     vertex -3.639725e+01  1.232606e+01  1.474858e+02
     vertex -3.606808e+01  1.203388e+01  1.474858e+02
   endloop
 endfacet
 facet normal  4.703009e-01  5.298333e-01 -7.057576e-01
   outer loop
     vertex -3.641671e+01  1.230765e+01  1.473858e+02
     vertex -3.608405e+01  1.201236e+01  1.473858e+02
     vertex -3.612769e+01  1.195359e+01  1.473126e+02
   endloop
 endfacet
 facet normal  4.703009e-01  5.298333e-01 -7.057576e-01
   outer loop
     vertex -3.641671e+01  1.230765e+01  1.473858e+02
     vertex -3.612769e+01  1.195359e+01  1.473126e+02
     vertex -3.646990e+01  1.225734e+01  1.473126e+02
   endloop
 endfacet
 facet normal  6.413850e-01  7.225738e-01 -2.578998e-01
   outer loop
     vertex -3.641671e+01  1.230765e+01  1.473858e+02
     vertex -3.606808e+01  1.203388e+01  1.474858e+02
     vertex -3.608405e+01  1.201236e+01  1.473858e+02
   endloop
 endfacet
 facet normal  2.035392e-01  1.613606e-01 -9.656783e-01
   outer loop
     vertex -3.675415e+01  1.261590e+01  1.473126e+02
     vertex -3.654254e+01  1.218863e+01  1.472858e+02
     vertex -3.683763e+01  1.256085e+01  1.472858e+02
   endloop
 endfacet
 facet normal  2.035392e-01  1.613606e-01 -9.656783e-01
   outer loop
     vertex -3.675415e+01  1.261590e+01  1.473126e+02
     vertex -3.646990e+01  1.225734e+01  1.473126e+02
     vertex -3.654254e+01  1.218863e+01  1.472858e+02
   endloop
 endfacet
 facet normal  7.571146e-01  6.002210e-01 -2.578998e-01
   outer loop
     vertex -3.669304e+01  1.265621e+01  1.473858e+02
     vertex -3.639725e+01  1.232606e+01  1.474858e+02
     vertex -3.641671e+01  1.230765e+01  1.473858e+02
   endloop
 endfacet
 facet normal  7.571146e-01  6.002210e-01 -2.578998e-01
   outer loop
     vertex -3.669304e+01  1.265621e+01  1.473858e+02
     vertex -3.667067e+01  1.267096e+01  1.474858e+02
     vertex -3.639725e+01  1.232606e+01  1.474858e+02
   endloop
 endfacet
 facet normal  5.551606e-01  4.401170e-01 -7.057576e-01
   outer loop
     vertex -3.669304e+01  1.265621e+01  1.473858e+02
     vertex -3.641671e+01  1.230765e+01  1.473858e+02
     vertex -3.646990e+01  1.225734e+01  1.473126e+02
   endloop
 endfacet
 facet normal  5.551606e-01  4.401170e-01 -7.057576e-01
   outer loop
     vertex -3.669304e+01  1.265621e+01  1.473858e+02
     vertex -3.646990e+01  1.225734e+01  1.473126e+02
     vertex -3.675415e+01  1.261590e+01  1.473126e+02
   endloop
 endfacet
 facet normal  2.284669e-01  1.235650e-01 -9.656783e-01
   outer loop
     vertex -3.697183e+01  1.301838e+01  1.473126e+02
     vertex -3.683763e+01  1.256085e+01  1.472858e+02
     vertex -3.706360e+01  1.297865e+01  1.472858e+02
   endloop
 endfacet
 facet normal  2.284669e-01  1.235650e-01 -9.656783e-01
   outer loop
     vertex -3.697183e+01  1.301838e+01  1.473126e+02
     vertex -3.675415e+01  1.261590e+01  1.473126e+02
     vertex -3.683763e+01  1.256085e+01  1.472858e+02
   endloop
 endfacet
 facet normal  8.498396e-01  4.596307e-01 -2.578998e-01
   outer loop
     vertex -3.690465e+01  1.304746e+01  1.473858e+02
     vertex -3.688006e+01  1.305810e+01  1.474858e+02
     vertex -3.667067e+01  1.267096e+01  1.474858e+02
   endloop
 endfacet
 facet normal  8.498396e-01  4.596307e-01 -2.578998e-01
   outer loop
     vertex -3.690465e+01  1.304746e+01  1.473858e+02
     vertex -3.667067e+01  1.267096e+01  1.474858e+02
     vertex -3.669304e+01  1.265621e+01  1.473858e+02
   endloop
 endfacet
 facet normal  6.231520e-01  3.370280e-01 -7.057576e-01
   outer loop
     vertex -3.690465e+01  1.304746e+01  1.473858e+02
     vertex -3.669304e+01  1.265621e+01  1.473858e+02
     vertex -3.675415e+01  1.261590e+01  1.473126e+02
   endloop
 endfacet
 facet normal  6.231520e-01  3.370280e-01 -7.057576e-01
   outer loop
     vertex -3.690465e+01  1.304746e+01  1.473858e+02
     vertex -3.675415e+01  1.261590e+01  1.473126e+02
     vertex -3.697183e+01  1.301838e+01  1.473126e+02
   endloop
 endfacet
 facet normal  2.464528e-01  8.201489e-02 -9.656783e-01
   outer loop
     vertex -3.711631e+01  1.345254e+01  1.473126e+02
     vertex -3.706360e+01  1.297865e+01  1.472858e+02
     vertex -3.721358e+01  1.342935e+01  1.472858e+02
   endloop
 endfacet
 facet normal  2.464528e-01  8.201489e-02 -9.656783e-01
   outer loop
     vertex -3.711631e+01  1.345254e+01  1.473126e+02
     vertex -3.697183e+01  1.301838e+01  1.473126e+02
     vertex -3.706360e+01  1.297865e+01  1.472858e+02
   endloop
 endfacet
 facet normal  6.722092e-01  2.236986e-01 -7.057576e-01
   outer loop
     vertex -3.704510e+01  1.346951e+01  1.473858e+02
     vertex -3.697183e+01  1.301838e+01  1.473126e+02
     vertex -3.711631e+01  1.345254e+01  1.473126e+02
   endloop
 endfacet
 facet normal  9.167426e-01  3.050748e-01 -2.578998e-01
   outer loop
     vertex -3.704510e+01  1.346951e+01  1.473858e+02
     vertex -3.701903e+01  1.347572e+01  1.474858e+02
     vertex -3.688006e+01  1.305810e+01  1.474858e+02
   endloop
 endfacet
 facet normal  9.167426e-01  3.050748e-01 -2.578998e-01
   outer loop
     vertex -3.704510e+01  1.346951e+01  1.473858e+02
     vertex -3.688006e+01  1.305810e+01  1.474858e+02
     vertex -3.690465e+01  1.304746e+01  1.473858e+02
   endloop
 endfacet
 facet normal  6.722092e-01  2.236986e-01 -7.057576e-01
   outer loop
     vertex -3.704510e+01  1.346951e+01  1.473858e+02
     vertex -3.690465e+01  1.304746e+01  1.473858e+02
     vertex -3.697183e+01  1.301838e+01  1.473126e+02
   endloop
 endfacet
 facet normal  2.569504e-01  3.797281e-02 -9.656783e-01
   outer loop
     vertex -3.718320e+01  1.390519e+01  1.473126e+02
     vertex -3.721358e+01  1.342935e+01  1.472858e+02
     vertex -3.728303e+01  1.389925e+01  1.472858e+02
   endloop
 endfacet
 facet normal  2.569504e-01  3.797281e-02 -9.656783e-01
   outer loop
     vertex -3.718320e+01  1.390519e+01  1.473126e+02
     vertex -3.711631e+01  1.345254e+01  1.473126e+02
     vertex -3.721358e+01  1.342935e+01  1.472858e+02
   endloop
 endfacet
 facet normal  7.081795e-01 -1.970113e-02 -7.057576e-01
   outer loop
     vertex -3.718320e+01  1.390519e+01  1.473126e+02
     vertex -3.717048e+01  1.436258e+01  1.473126e+02
     vertex -3.709776e+01  1.435417e+01  1.473858e+02
   endloop
 endfacet
 facet normal  2.596407e-01 -7.223049e-03 -9.656783e-01
   outer loop
     vertex -3.718320e+01  1.390519e+01  1.473126e+02
     vertex -3.728303e+01  1.389925e+01  1.472858e+02
     vertex -3.717048e+01  1.436258e+01  1.473126e+02
   endloop
 endfacet
 facet normal  7.008417e-01  1.035722e-01 -7.057576e-01
   outer loop
     vertex -3.711013e+01  1.390954e+01  1.473858e+02
     vertex -3.711631e+01  1.345254e+01  1.473126e+02
     vertex -3.718320e+01  1.390519e+01  1.473126e+02
   endloop
 endfacet
 facet normal  9.657980e-01 -2.686793e-02 -2.578998e-01
   outer loop
     vertex -3.711013e+01  1.390954e+01  1.473858e+02
     vertex -3.709776e+01  1.435417e+01  1.473858e+02
     vertex -3.707114e+01  1.435110e+01  1.474858e+02
   endloop
 endfacet
 facet normal  9.557909e-01  1.412493e-01 -2.578998e-01
   outer loop
     vertex -3.711013e+01  1.390954e+01  1.473858e+02
     vertex -3.708338e+01  1.391113e+01  1.474858e+02
     vertex -3.701903e+01  1.347572e+01  1.474858e+02
   endloop
 endfacet
 facet normal  9.657980e-01 -2.686793e-02 -2.578998e-01
   outer loop
     vertex -3.711013e+01  1.390954e+01  1.473858e+02
     vertex -3.707114e+01  1.435110e+01  1.474858e+02
     vertex -3.708338e+01  1.391113e+01  1.474858e+02
   endloop
 endfacet
 facet normal  7.008417e-01  1.035722e-01 -7.057576e-01
   outer loop
     vertex -3.711013e+01  1.390954e+01  1.473858e+02
     vertex -3.704510e+01  1.346951e+01  1.473858e+02
     vertex -3.711631e+01  1.345254e+01  1.473126e+02
   endloop
 endfacet
 facet normal  9.557909e-01  1.412493e-01 -2.578998e-01
   outer loop
     vertex -3.711013e+01  1.390954e+01  1.473858e+02
     vertex -3.701903e+01  1.347572e+01  1.474858e+02
     vertex -3.704510e+01  1.346951e+01  1.473858e+02
   endloop
 endfacet
 facet normal  7.081795e-01 -1.970113e-02 -7.057576e-01
   outer loop
     vertex -3.711013e+01  1.390954e+01  1.473858e+02
     vertex -3.718320e+01  1.390519e+01  1.473126e+02
     vertex -3.709776e+01  1.435417e+01  1.473858e+02
   endloop
 endfacet
 facet normal  2.596407e-01 -7.223049e-03  9.656783e-01
   outer loop
     vertex -3.726982e+01  1.437406e+01  1.512858e+02
     vertex -3.728303e+01  1.389925e+01  1.512858e+02
     vertex -3.717048e+01  1.436258e+01  1.512590e+02
   endloop
 endfacet
 facet normal -9.464598e-01  1.941688e-01  2.578998e-01
   outer loop
     vertex -3.211732e+01  1.333242e+01  1.511858e+02
     vertex -3.205454e+01  1.377123e+01  1.510858e+02
     vertex -3.214299e+01  1.334007e+01  1.510858e+02
   endloop
 endfacet
 facet normal -9.464598e-01  1.941688e-01  2.578998e-01
   outer loop
     vertex -3.211732e+01  1.333242e+01  1.511858e+02
     vertex -3.202792e+01  1.376815e+01  1.511858e+02
     vertex -3.205454e+01  1.377123e+01  1.510858e+02
   endloop
 endfacet
 facet normal -2.544419e-01  5.219944e-02  9.656783e-01
   outer loop
     vertex -3.204716e+01  1.331151e+01  1.512590e+02
     vertex -3.195132e+01  1.328296e+01  1.512858e+02
     vertex -3.185586e+01  1.374826e+01  1.512858e+02
   endloop
 endfacet
 facet normal -6.939995e-01  1.423759e-01  7.057576e-01
   outer loop
     vertex -3.204716e+01  1.331151e+01  1.512590e+02
     vertex -3.195520e+01  1.375975e+01  1.512590e+02
     vertex -3.202792e+01  1.376815e+01  1.511858e+02
   endloop
 endfacet
 facet normal -2.544419e-01  5.219944e-02  9.656783e-01
   outer loop
     vertex -3.204716e+01  1.331151e+01  1.512590e+02
     vertex -3.185586e+01  1.374826e+01  1.512858e+02
     vertex -3.195520e+01  1.375975e+01  1.512590e+02
   endloop
 endfacet
 facet normal -6.939995e-01  1.423759e-01  7.057576e-01
   outer loop
     vertex -3.204716e+01  1.331151e+01  1.512590e+02
     vertex -3.202792e+01  1.376815e+01  1.511858e+02
     vertex -3.211732e+01  1.333242e+01  1.511858e+02
   endloop
 endfacet
 facet normal -8.983639e-01  3.555700e-01  2.578998e-01
   outer loop
     vertex -3.228101e+01  1.291883e+01  1.511858e+02
     vertex -3.214299e+01  1.334007e+01  1.510858e+02
     vertex -3.230497e+01  1.293083e+01  1.510858e+02
   endloop
 endfacet
 facet normal -8.983639e-01  3.555700e-01  2.578998e-01
   outer loop
     vertex -3.228101e+01  1.291883e+01  1.511858e+02
     vertex -3.211732e+01  1.333242e+01  1.511858e+02
     vertex -3.214299e+01  1.334007e+01  1.510858e+02
   endloop
 endfacet
 facet normal -2.415120e-01  9.558978e-02  9.656783e-01
   outer loop
     vertex -3.221555e+01  1.288606e+01  1.512590e+02
     vertex -3.212613e+01  1.284129e+01  1.512858e+02
     vertex -3.195132e+01  1.328296e+01  1.512858e+02
   endloop
 endfacet
 facet normal -6.587328e-01  2.607246e-01  7.057576e-01
   outer loop
     vertex -3.221555e+01  1.288606e+01  1.512590e+02
     vertex -3.211732e+01  1.333242e+01  1.511858e+02
     vertex -3.228101e+01  1.291883e+01  1.511858e+02
   endloop
 endfacet
 facet normal -2.415120e-01  9.558978e-02  9.656783e-01
   outer loop
     vertex -3.221555e+01  1.288606e+01  1.512590e+02
     vertex -3.195132e+01  1.328296e+01  1.512858e+02
     vertex -3.204716e+01  1.331151e+01  1.512590e+02
   endloop
 endfacet
 facet normal -6.587328e-01  2.607246e-01  7.057576e-01
   outer loop
     vertex -3.221555e+01  1.288606e+01  1.512590e+02
     vertex -3.204716e+01  1.331151e+01  1.512590e+02
     vertex -3.211732e+01  1.333242e+01  1.511858e+02
   endloop
 endfacet
 facet normal -8.229717e-01  5.061673e-01  2.578998e-01
   outer loop
     vertex -3.251404e+01  1.253995e+01  1.511858e+02
     vertex -3.230497e+01  1.293083e+01  1.510858e+02
     vertex -3.253556e+01  1.255592e+01  1.510858e+02
   endloop
 endfacet
 facet normal -8.229717e-01  5.061673e-01  2.578998e-01
   outer loop
     vertex -3.251404e+01  1.253995e+01  1.511858e+02
     vertex -3.228101e+01  1.291883e+01  1.511858e+02
     vertex -3.230497e+01  1.293083e+01  1.510858e+02
   endloop
 endfacet
 facet normal -6.034508e-01  3.711514e-01  7.057576e-01
   outer loop
     vertex -3.245527e+01  1.249631e+01  1.512590e+02
     vertex -3.228101e+01  1.291883e+01  1.511858e+02
     vertex -3.251404e+01  1.253995e+01  1.511858e+02
   endloop
 endfacet
 facet normal -2.212439e-01  1.360757e-01  9.656783e-01
   outer loop
     vertex -3.245527e+01  1.249631e+01  1.512590e+02
     vertex -3.237498e+01  1.243670e+01  1.512858e+02
     vertex -3.212613e+01  1.284129e+01  1.512858e+02
   endloop
 endfacet
 facet normal -2.212439e-01  1.360757e-01  9.656783e-01
   outer loop
     vertex -3.245527e+01  1.249631e+01  1.512590e+02
     vertex -3.212613e+01  1.284129e+01  1.512858e+02
     vertex -3.221555e+01  1.288606e+01  1.512590e+02
   endloop
 endfacet
 facet normal -6.034508e-01  3.711514e-01  7.057576e-01
   outer loop
     vertex -3.245527e+01  1.249631e+01  1.512590e+02
     vertex -3.221555e+01  1.288606e+01  1.512590e+02
     vertex -3.228101e+01  1.291883e+01  1.511858e+02
   endloop
 endfacet
 facet normal -7.225738e-01  6.413850e-01  2.578998e-01
   outer loop
     vertex -3.280932e+01  1.220729e+01  1.511858e+02
     vertex -3.253556e+01  1.255592e+01  1.510858e+02
     vertex -3.282774e+01  1.222676e+01  1.510858e+02
   endloop
 endfacet
 facet normal -7.225738e-01  6.413850e-01  2.578998e-01
   outer loop
     vertex -3.280932e+01  1.220729e+01  1.511858e+02
     vertex -3.251404e+01  1.253995e+01  1.511858e+02
     vertex -3.253556e+01  1.255592e+01  1.510858e+02
   endloop
 endfacet
 facet normal -5.298333e-01  4.703009e-01  7.057576e-01
   outer loop
     vertex -3.275902e+01  1.215411e+01  1.512590e+02
     vertex -3.245527e+01  1.249631e+01  1.512590e+02
     vertex -3.251404e+01  1.253995e+01  1.511858e+02
   endloop
 endfacet
 facet normal -1.942534e-01  1.724270e-01  9.656783e-01
   outer loop
     vertex -3.275902e+01  1.215411e+01  1.512590e+02
     vertex -3.237498e+01  1.243670e+01  1.512858e+02
     vertex -3.245527e+01  1.249631e+01  1.512590e+02
   endloop
 endfacet
 facet normal -1.942534e-01  1.724270e-01  9.656783e-01
   outer loop
     vertex -3.275902e+01  1.215411e+01  1.512590e+02
     vertex -3.269030e+01  1.208146e+01  1.512858e+02
     vertex -3.237498e+01  1.243670e+01  1.512858e+02
   endloop
 endfacet
 facet normal -5.298333e-01  4.703009e-01  7.057576e-01
   outer loop
     vertex -3.275902e+01  1.215411e+01  1.512590e+02
     vertex -3.251404e+01  1.253995e+01  1.511858e+02
     vertex -3.280932e+01  1.220729e+01  1.511858e+02
   endloop
 endfacet
 facet normal -6.002210e-01  7.571146e-01  2.578998e-01
   outer loop
     vertex -3.315789e+01  1.193096e+01  1.511858e+02
     vertex -3.282774e+01  1.222676e+01  1.510858e+02
     vertex -3.317264e+01  1.195333e+01  1.510858e+02
   endloop
 endfacet
 facet normal -6.002210e-01  7.571146e-01  2.578998e-01
   outer loop
     vertex -3.315789e+01  1.193096e+01  1.511858e+02
     vertex -3.280932e+01  1.220729e+01  1.511858e+02
     vertex -3.282774e+01  1.222676e+01  1.510858e+02
   endloop
 endfacet
 facet normal -4.401170e-01  5.551606e-01  7.057576e-01
   outer loop
     vertex -3.311758e+01  1.186985e+01  1.512590e+02
     vertex -3.280932e+01  1.220729e+01  1.511858e+02
     vertex -3.315789e+01  1.193096e+01  1.511858e+02
   endloop
 endfacet
 facet normal -1.613606e-01  2.035392e-01  9.656783e-01
   outer loop
     vertex -3.311758e+01  1.186985e+01  1.512590e+02
     vertex -3.306252e+01  1.178637e+01  1.512858e+02
     vertex -3.269030e+01  1.208146e+01  1.512858e+02
   endloop
 endfacet
 facet normal -4.401170e-01  5.551606e-01  7.057576e-01
   outer loop
     vertex -3.311758e+01  1.186985e+01  1.512590e+02
     vertex -3.275902e+01  1.215411e+01  1.512590e+02
     vertex -3.280932e+01  1.220729e+01  1.511858e+02
   endloop
 endfacet
 facet normal -1.613606e-01  2.035392e-01  9.656783e-01
   outer loop
     vertex -3.311758e+01  1.186985e+01  1.512590e+02
     vertex -3.269030e+01  1.208146e+01  1.512858e+02
     vertex -3.275902e+01  1.215411e+01  1.512590e+02
   endloop
 endfacet
 facet normal -4.596307e-01  8.498396e-01  2.578998e-01
   outer loop
     vertex -3.354914e+01  1.171936e+01  1.511858e+02
     vertex -3.315789e+01  1.193096e+01  1.511858e+02
     vertex -3.317264e+01  1.195333e+01  1.510858e+02
   endloop
 endfacet
 facet normal -4.596307e-01  8.498396e-01  2.578998e-01
   outer loop
     vertex -3.354914e+01  1.171936e+01  1.511858e+02
     vertex -3.317264e+01  1.195333e+01  1.510858e+02
     vertex -3.355978e+01  1.174395e+01  1.510858e+02
   endloop
 endfacet
 facet normal -3.370280e-01  6.231520e-01  7.057576e-01
   outer loop
     vertex -3.352005e+01  1.165217e+01  1.512590e+02
     vertex -3.315789e+01  1.193096e+01  1.511858e+02
     vertex -3.354914e+01  1.171936e+01  1.511858e+02
   endloop
 endfacet
 facet normal -1.235650e-01  2.284669e-01  9.656783e-01
   outer loop
     vertex -3.352005e+01  1.165217e+01  1.512590e+02
     vertex -3.306252e+01  1.178637e+01  1.512858e+02
     vertex -3.311758e+01  1.186985e+01  1.512590e+02
   endloop
 endfacet
 facet normal -1.235650e-01  2.284669e-01  9.656783e-01
   outer loop
     vertex -3.352005e+01  1.165217e+01  1.512590e+02
     vertex -3.348033e+01  1.156040e+01  1.512858e+02
     vertex -3.306252e+01  1.178637e+01  1.512858e+02
   endloop
 endfacet
 facet normal -3.370280e-01  6.231520e-01  7.057576e-01
   outer loop
     vertex -3.352005e+01  1.165217e+01  1.512590e+02
     vertex -3.311758e+01  1.186985e+01  1.512590e+02
     vertex -3.315789e+01  1.193096e+01  1.511858e+02
   endloop
 endfacet
 facet normal -3.050748e-01  9.167426e-01  2.578998e-01
   outer loop
     vertex -3.397119e+01  1.157890e+01  1.511858e+02
     vertex -3.355978e+01  1.174395e+01  1.510858e+02
     vertex -3.397740e+01  1.160497e+01  1.510858e+02
   endloop
 endfacet
 facet normal -3.050748e-01  9.167426e-01  2.578998e-01
   outer loop
     vertex -3.397119e+01  1.157890e+01  1.511858e+02
     vertex -3.354914e+01  1.171936e+01  1.511858e+02
     vertex -3.355978e+01  1.174395e+01  1.510858e+02
   endloop
 endfacet
 facet normal -8.201489e-02  2.464528e-01  9.656783e-01
   outer loop
     vertex -3.395421e+01  1.150769e+01  1.512590e+02
     vertex -3.393103e+01  1.141042e+01  1.512858e+02
     vertex -3.348033e+01  1.156040e+01  1.512858e+02
   endloop
 endfacet
 facet normal -2.236986e-01  6.722092e-01  7.057576e-01
   outer loop
     vertex -3.395421e+01  1.150769e+01  1.512590e+02
     vertex -3.352005e+01  1.165217e+01  1.512590e+02
     vertex -3.354914e+01  1.171936e+01  1.511858e+02
   endloop
 endfacet
 facet normal -2.236986e-01  6.722092e-01  7.057576e-01
   outer loop
     vertex -3.395421e+01  1.150769e+01  1.512590e+02
     vertex -3.354914e+01  1.171936e+01  1.511858e+02
     vertex -3.397119e+01  1.157890e+01  1.511858e+02
   endloop
 endfacet
 facet normal -8.201489e-02  2.464528e-01  9.656783e-01
   outer loop
     vertex -3.395421e+01  1.150769e+01  1.512590e+02
     vertex -3.348033e+01  1.156040e+01  1.512858e+02
     vertex -3.352005e+01  1.165217e+01  1.512590e+02
   endloop
 endfacet
 facet normal -1.412493e-01  9.557909e-01  2.578998e-01
   outer loop
     vertex -3.441121e+01  1.151388e+01  1.511858e+02
     vertex -3.397740e+01  1.160497e+01  1.510858e+02
     vertex -3.441281e+01  1.154062e+01  1.510858e+02
   endloop
 endfacet
 facet normal -1.035722e-01  7.008417e-01  7.057576e-01
   outer loop
     vertex -3.441121e+01  1.151388e+01  1.511858e+02
     vertex -3.395421e+01  1.150769e+01  1.512590e+02
     vertex -3.397119e+01  1.157890e+01  1.511858e+02
   endloop
 endfacet
 facet normal -1.412493e-01  9.557909e-01  2.578998e-01
   outer loop
     vertex -3.441121e+01  1.151388e+01  1.511858e+02
     vertex -3.397119e+01  1.157890e+01  1.511858e+02
     vertex -3.397740e+01  1.160497e+01  1.510858e+02
   endloop
 endfacet
 facet normal -1.035722e-01  7.008417e-01  7.057576e-01
   outer loop
     vertex -3.440687e+01  1.144080e+01  1.512590e+02
     vertex -3.395421e+01  1.150769e+01  1.512590e+02
     vertex -3.441121e+01  1.151388e+01  1.511858e+02
   endloop
 endfacet
 facet normal -3.797281e-02  2.569504e-01  9.656783e-01
   outer loop
     vertex -3.440687e+01  1.144080e+01  1.512590e+02
     vertex -3.440092e+01  1.134098e+01  1.512858e+02
     vertex -3.393103e+01  1.141042e+01  1.512858e+02
   endloop
 endfacet
 facet normal -3.797281e-02  2.569504e-01  9.656783e-01
   outer loop
     vertex -3.440687e+01  1.144080e+01  1.512590e+02
     vertex -3.393103e+01  1.141042e+01  1.512858e+02
     vertex -3.395421e+01  1.150769e+01  1.512590e+02
   endloop
 endfacet
 facet normal  2.686793e-02  9.657980e-01  2.578998e-01
   outer loop
     vertex -3.485585e+01  1.152625e+01  1.511858e+02
     vertex -3.441281e+01  1.154062e+01  1.510858e+02
     vertex -3.485277e+01  1.155286e+01  1.510858e+02
   endloop
 endfacet
 facet normal  2.686793e-02  9.657980e-01  2.578998e-01
   outer loop
     vertex -3.485585e+01  1.152625e+01  1.511858e+02
     vertex -3.441121e+01  1.151388e+01  1.511858e+02
     vertex -3.441281e+01  1.154062e+01  1.510858e+02
   endloop
 endfacet
 facet normal  7.223049e-03  2.596407e-01  9.656783e-01
   outer loop
     vertex -3.486426e+01  1.145352e+01  1.512590e+02
     vertex -3.487574e+01  1.135419e+01  1.512858e+02
     vertex -3.440092e+01  1.134098e+01  1.512858e+02
   endloop
 endfacet
 facet normal  5.219944e-02  2.544419e-01  9.656783e-01
   outer loop
     vertex -3.486426e+01  1.145352e+01  1.512590e+02
     vertex -3.534105e+01  1.144965e+01  1.512858e+02
     vertex -3.487574e+01  1.135419e+01  1.512858e+02
   endloop
 endfacet
 facet normal  1.970113e-02  7.081795e-01  7.057576e-01
   outer loop
     vertex -3.486426e+01  1.145352e+01  1.512590e+02
     vertex -3.441121e+01  1.151388e+01  1.511858e+02
     vertex -3.485585e+01  1.152625e+01  1.511858e+02
   endloop
 endfacet
 facet normal  1.970113e-02  7.081795e-01  7.057576e-01
   outer loop
     vertex -3.486426e+01  1.145352e+01  1.512590e+02
     vertex -3.440687e+01  1.144080e+01  1.512590e+02
     vertex -3.441121e+01  1.151388e+01  1.511858e+02
   endloop
 endfacet
 facet normal  7.223049e-03  2.596407e-01  9.656783e-01
   outer loop
     vertex -3.486426e+01  1.145352e+01  1.512590e+02
     vertex -3.440092e+01  1.134098e+01  1.512858e+02
     vertex -3.440687e+01  1.144080e+01  1.512590e+02
   endloop
 endfacet
 facet normal  1.941688e-01  9.464598e-01  2.578998e-01
   outer loop
     vertex -3.529158e+01  1.161564e+01  1.511858e+02
     vertex -3.485277e+01  1.155286e+01  1.510858e+02
     vertex -3.528393e+01  1.164132e+01  1.510858e+02
   endloop
 endfacet
 facet normal  1.941688e-01  9.464598e-01  2.578998e-01
   outer loop
     vertex -3.529158e+01  1.161564e+01  1.511858e+02
     vertex -3.485585e+01  1.152625e+01  1.511858e+02
     vertex -3.485277e+01  1.155286e+01  1.510858e+02
   endloop
 endfacet
 facet normal  9.558978e-02  2.415120e-01  9.656783e-01
   outer loop
     vertex -3.531249e+01  1.154548e+01  1.512590e+02
     vertex -3.578271e+01  1.162445e+01  1.512858e+02
     vertex -3.534105e+01  1.144965e+01  1.512858e+02
   endloop
 endfacet
 facet normal  1.423759e-01  6.939995e-01  7.057576e-01
   outer loop
     vertex -3.531249e+01  1.154548e+01  1.512590e+02
     vertex -3.486426e+01  1.145352e+01  1.512590e+02
     vertex -3.485585e+01  1.152625e+01  1.511858e+02
   endloop
 endfacet
 facet normal  1.423759e-01  6.939995e-01  7.057576e-01
   outer loop
     vertex -3.531249e+01  1.154548e+01  1.512590e+02
     vertex -3.485585e+01  1.152625e+01  1.511858e+02
     vertex -3.529158e+01  1.161564e+01  1.511858e+02
   endloop
 endfacet
 facet normal  5.219944e-02  2.544419e-01  9.656783e-01
   outer loop
     vertex -3.531249e+01  1.154548e+01  1.512590e+02
     vertex -3.534105e+01  1.144965e+01  1.512858e+02
     vertex -3.486426e+01  1.145352e+01  1.512590e+02
   endloop
 endfacet
 facet normal  3.555700e-01  8.983639e-01  2.578998e-01
   outer loop
     vertex -3.570517e+01  1.177934e+01  1.511858e+02
     vertex -3.528393e+01  1.164132e+01  1.510858e+02
     vertex -3.569318e+01  1.180330e+01  1.510858e+02
   endloop
 endfacet
 facet normal  3.555700e-01  8.983639e-01  2.578998e-01
   outer loop
     vertex -3.570517e+01  1.177934e+01  1.511858e+02
     vertex -3.529158e+01  1.161564e+01  1.511858e+02
     vertex -3.528393e+01  1.164132e+01  1.510858e+02
   endloop
 endfacet
 facet normal  1.360757e-01  2.212439e-01  9.656783e-01
   outer loop
     vertex -3.573794e+01  1.171387e+01  1.512590e+02
     vertex -3.618731e+01  1.187330e+01  1.512858e+02
     vertex -3.578271e+01  1.162445e+01  1.512858e+02
   endloop
 endfacet
 facet normal  9.558978e-02  2.415120e-01  9.656783e-01
   outer loop
     vertex -3.573794e+01  1.171387e+01  1.512590e+02
     vertex -3.578271e+01  1.162445e+01  1.512858e+02
     vertex -3.531249e+01  1.154548e+01  1.512590e+02
   endloop
 endfacet
 facet normal  2.607246e-01  6.587328e-01  7.057576e-01
   outer loop
     vertex -3.573794e+01  1.171387e+01  1.512590e+02
     vertex -3.531249e+01  1.154548e+01  1.512590e+02
     vertex -3.529158e+01  1.161564e+01  1.511858e+02
   endloop
 endfacet
 facet normal  2.607246e-01  6.587328e-01  7.057576e-01
   outer loop
     vertex -3.573794e+01  1.171387e+01  1.512590e+02
     vertex -3.529158e+01  1.161564e+01  1.511858e+02
     vertex -3.570517e+01  1.177934e+01  1.511858e+02
   endloop
 endfacet
 facet normal  5.061673e-01  8.229717e-01  2.578998e-01
   outer loop
     vertex -3.608405e+01  1.201236e+01  1.511858e+02
     vertex -3.569318e+01  1.180330e+01  1.510858e+02
     vertex -3.606808e+01  1.203388e+01  1.510858e+02
   endloop
 endfacet
 facet normal  5.061673e-01  8.229717e-01  2.578998e-01
   outer loop
     vertex -3.608405e+01  1.201236e+01  1.511858e+02
     vertex -3.570517e+01  1.177934e+01  1.511858e+02
     vertex -3.569318e+01  1.180330e+01  1.510858e+02
   endloop
 endfacet
 facet normal  3.711514e-01  6.034508e-01  7.057576e-01
   outer loop
     vertex -3.608405e+01  1.201236e+01  1.511858e+02
     vertex -3.573794e+01  1.171387e+01  1.512590e+02
     vertex -3.570517e+01  1.177934e+01  1.511858e+02
   endloop
 endfacet
 facet normal  1.360757e-01  2.212439e-01  9.656783e-01
   outer loop
     vertex -3.612769e+01  1.195359e+01  1.512590e+02
     vertex -3.618731e+01  1.187330e+01  1.512858e+02
     vertex -3.573794e+01  1.171387e+01  1.512590e+02
   endloop
 endfacet
 facet normal  3.711514e-01  6.034508e-01  7.057576e-01
   outer loop
     vertex -3.612769e+01  1.195359e+01  1.512590e+02
     vertex -3.573794e+01  1.171387e+01  1.512590e+02
     vertex -3.608405e+01  1.201236e+01  1.511858e+02
   endloop
 endfacet
 facet normal  6.413850e-01  7.225738e-01  2.578998e-01
   outer loop
     vertex -3.641671e+01  1.230765e+01  1.511858e+02
     vertex -3.606808e+01  1.203388e+01  1.510858e+02
     vertex -3.639725e+01  1.232606e+01  1.510858e+02
   endloop
 endfacet
 facet normal  6.413850e-01  7.225738e-01  2.578998e-01
   outer loop
     vertex -3.641671e+01  1.230765e+01  1.511858e+02
     vertex -3.608405e+01  1.201236e+01  1.511858e+02
     vertex -3.606808e+01  1.203388e+01  1.510858e+02
   endloop
 endfacet
 facet normal  1.724270e-01  1.942534e-01  9.656783e-01
   outer loop
     vertex -3.646990e+01  1.225734e+01  1.512590e+02
     vertex -3.654254e+01  1.218863e+01  1.512858e+02
     vertex -3.618731e+01  1.187330e+01  1.512858e+02
   endloop
 endfacet
 facet normal  1.724270e-01  1.942534e-01  9.656783e-01
   outer loop
     vertex -3.646990e+01  1.225734e+01  1.512590e+02
     vertex -3.618731e+01  1.187330e+01  1.512858e+02
     vertex -3.612769e+01  1.195359e+01  1.512590e+02
   endloop
 endfacet
 facet normal  4.703009e-01  5.298333e-01  7.057576e-01
   outer loop
     vertex -3.646990e+01  1.225734e+01  1.512590e+02
     vertex -3.612769e+01  1.195359e+01  1.512590e+02
     vertex -3.608405e+01  1.201236e+01  1.511858e+02
   endloop
 endfacet
 facet normal  4.703009e-01  5.298333e-01  7.057576e-01
   outer loop
     vertex -3.646990e+01  1.225734e+01  1.512590e+02
     vertex -3.608405e+01  1.201236e+01  1.511858e+02
     vertex -3.641671e+01  1.230765e+01  1.511858e+02
   endloop
 endfacet
 facet normal  7.571146e-01  6.002210e-01  2.578998e-01
   outer loop
     vertex -3.669304e+01  1.265621e+01  1.511858e+02
     vertex -3.639725e+01  1.232606e+01  1.510858e+02
     vertex -3.667067e+01  1.267096e+01  1.510858e+02
   endloop
 endfacet
 facet normal  7.571146e-01  6.002210e-01  2.578998e-01
   outer loop
     vertex -3.669304e+01  1.265621e+01  1.511858e+02
     vertex -3.641671e+01  1.230765e+01  1.511858e+02
     vertex -3.639725e+01  1.232606e+01  1.510858e+02
   endloop
 endfacet
 facet normal  2.035392e-01  1.613606e-01  9.656783e-01
   outer loop
     vertex -3.675415e+01  1.261590e+01  1.512590e+02
     vertex -3.654254e+01  1.218863e+01  1.512858e+02
     vertex -3.646990e+01  1.225734e+01  1.512590e+02
   endloop
 endfacet
 facet normal  2.035392e-01  1.613606e-01  9.656783e-01
   outer loop
     vertex -3.675415e+01  1.261590e+01  1.512590e+02
     vertex -3.683763e+01  1.256085e+01  1.512858e+02
     vertex -3.654254e+01  1.218863e+01  1.512858e+02
   endloop
 endfacet
 facet normal  5.551606e-01  4.401170e-01  7.057576e-01
   outer loop
     vertex -3.675415e+01  1.261590e+01  1.512590e+02
     vertex -3.646990e+01  1.225734e+01  1.512590e+02
     vertex -3.641671e+01  1.230765e+01  1.511858e+02
   endloop
 endfacet
 facet normal  5.551606e-01  4.401170e-01  7.057576e-01
   outer loop
     vertex -3.675415e+01  1.261590e+01  1.512590e+02
     vertex -3.641671e+01  1.230765e+01  1.511858e+02
     vertex -3.669304e+01  1.265621e+01  1.511858e+02
   endloop
 endfacet
 facet normal  8.498396e-01  4.596307e-01  2.578998e-01
   outer loop
     vertex -3.690465e+01  1.304746e+01  1.511858e+02
     vertex -3.667067e+01  1.267096e+01  1.510858e+02
     vertex -3.688006e+01  1.305810e+01  1.510858e+02
   endloop
 endfacet
 facet normal  8.498396e-01  4.596307e-01  2.578998e-01
   outer loop
     vertex -3.690465e+01  1.304746e+01  1.511858e+02
     vertex -3.669304e+01  1.265621e+01  1.511858e+02
     vertex -3.667067e+01  1.267096e+01  1.510858e+02
   endloop
 endfacet
 facet normal  2.284669e-01  1.235650e-01  9.656783e-01
   outer loop
     vertex -3.697183e+01  1.301838e+01  1.512590e+02
     vertex -3.706360e+01  1.297865e+01  1.512858e+02
     vertex -3.683763e+01  1.256085e+01  1.512858e+02
   endloop
 endfacet
 facet normal  2.284669e-01  1.235650e-01  9.656783e-01
   outer loop
     vertex -3.697183e+01  1.301838e+01  1.512590e+02
     vertex -3.683763e+01  1.256085e+01  1.512858e+02
     vertex -3.675415e+01  1.261590e+01  1.512590e+02
   endloop
 endfacet
 facet normal  6.231520e-01  3.370280e-01  7.057576e-01
   outer loop
     vertex -3.697183e+01  1.301838e+01  1.512590e+02
     vertex -3.675415e+01  1.261590e+01  1.512590e+02
     vertex -3.669304e+01  1.265621e+01  1.511858e+02
   endloop
 endfacet
 facet normal  6.231520e-01  3.370280e-01  7.057576e-01
   outer loop
     vertex -3.697183e+01  1.301838e+01  1.512590e+02
     vertex -3.669304e+01  1.265621e+01  1.511858e+02
     vertex -3.690465e+01  1.304746e+01  1.511858e+02
   endloop
 endfacet
 facet normal  9.167426e-01  3.050748e-01  2.578998e-01
   outer loop
     vertex -3.704510e+01  1.346951e+01  1.511858e+02
     vertex -3.688006e+01  1.305810e+01  1.510858e+02
     vertex -3.701903e+01  1.347572e+01  1.510858e+02
   endloop
 endfacet
 facet normal  9.167426e-01  3.050748e-01  2.578998e-01
   outer loop
     vertex -3.704510e+01  1.346951e+01  1.511858e+02
     vertex -3.690465e+01  1.304746e+01  1.511858e+02
     vertex -3.688006e+01  1.305810e+01  1.510858e+02
   endloop
 endfacet
 facet normal  6.722092e-01  2.236986e-01  7.057576e-01
   outer loop
     vertex -3.711631e+01  1.345254e+01  1.512590e+02
     vertex -3.690465e+01  1.304746e+01  1.511858e+02
     vertex -3.704510e+01  1.346951e+01  1.511858e+02
   endloop
 endfacet
 facet normal  2.464528e-01  8.201489e-02  9.656783e-01
   outer loop
     vertex -3.711631e+01  1.345254e+01  1.512590e+02
     vertex -3.721358e+01  1.342935e+01  1.512858e+02
     vertex -3.706360e+01  1.297865e+01  1.512858e+02
   endloop
 endfacet
 facet normal  2.464528e-01  8.201489e-02  9.656783e-01
   outer loop
     vertex -3.711631e+01  1.345254e+01  1.512590e+02
     vertex -3.706360e+01  1.297865e+01  1.512858e+02
     vertex -3.697183e+01  1.301838e+01  1.512590e+02
   endloop
 endfacet
 facet normal  6.722092e-01  2.236986e-01  7.057576e-01
   outer loop
     vertex -3.711631e+01  1.345254e+01  1.512590e+02
     vertex -3.697183e+01  1.301838e+01  1.512590e+02
     vertex -3.690465e+01  1.304746e+01  1.511858e+02
   endloop
 endfacet
 facet normal  9.657980e-01 -2.686793e-02  2.578998e-01
   outer loop
     vertex -3.711013e+01  1.390954e+01  1.511858e+02
     vertex -3.708338e+01  1.391113e+01  1.510858e+02
     vertex -3.707114e+01  1.435110e+01  1.510858e+02
   endloop
 endfacet
 facet normal  9.557909e-01  1.412493e-01  2.578998e-01
   outer loop
     vertex -3.711013e+01  1.390954e+01  1.511858e+02
     vertex -3.701903e+01  1.347572e+01  1.510858e+02
     vertex -3.708338e+01  1.391113e+01  1.510858e+02
   endloop
 endfacet
 facet normal  9.557909e-01  1.412493e-01  2.578998e-01
   outer loop
     vertex -3.711013e+01  1.390954e+01  1.511858e+02
     vertex -3.704510e+01  1.346951e+01  1.511858e+02
     vertex -3.701903e+01  1.347572e+01  1.510858e+02
   endloop
 endfacet
 facet normal  9.657980e-01 -2.686793e-02  2.578998e-01
   outer loop
     vertex -3.711013e+01  1.390954e+01  1.511858e+02
     vertex -3.707114e+01  1.435110e+01  1.510858e+02
     vertex -3.709776e+01  1.435417e+01  1.511858e+02
   endloop
 endfacet
 facet normal  7.081795e-01 -1.970113e-02  7.057576e-01
   outer loop
     vertex -3.718320e+01  1.390519e+01  1.512590e+02
     vertex -3.709776e+01  1.435417e+01  1.511858e+02
     vertex -3.717048e+01  1.436258e+01  1.512590e+02
   endloop
 endfacet
 facet normal  7.008417e-01  1.035722e-01  7.057576e-01
   outer loop
     vertex -3.718320e+01  1.390519e+01  1.512590e+02
     vertex -3.704510e+01  1.346951e+01  1.511858e+02
     vertex -3.711013e+01  1.390954e+01  1.511858e+02
   endloop
 endfacet
 facet normal  7.081795e-01 -1.970113e-02  7.057576e-01
   outer loop
     vertex -3.718320e+01  1.390519e+01  1.512590e+02
     vertex -3.711013e+01  1.390954e+01  1.511858e+02
     vertex -3.709776e+01  1.435417e+01  1.511858e+02
   endloop
 endfacet
 facet normal  2.596407e-01 -7.223049e-03  9.656783e-01
   outer loop
     vertex -3.718320e+01  1.390519e+01  1.512590e+02
     vertex -3.717048e+01  1.436258e+01  1.512590e+02
     vertex -3.728303e+01  1.389925e+01  1.512858e+02
   endloop
 endfacet
 facet normal  2.569504e-01  3.797281e-02  9.656783e-01
   outer loop
     vertex -3.718320e+01  1.390519e+01  1.512590e+02
     vertex -3.728303e+01  1.389925e+01  1.512858e+02
     vertex -3.721358e+01  1.342935e+01  1.512858e+02
   endloop
 endfacet
 facet normal  7.008417e-01  1.035722e-01  7.057576e-01
   outer loop
     vertex -3.718320e+01  1.390519e+01  1.512590e+02
     vertex -3.711631e+01  1.345254e+01  1.512590e+02
     vertex -3.704510e+01  1.346951e+01  1.511858e+02
   endloop
 endfacet
 facet normal  2.569504e-01  3.797281e-02  9.656783e-01
   outer loop
     vertex -3.718320e+01  1.390519e+01  1.512590e+02
     vertex -3.721358e+01  1.342935e+01  1.512858e+02
     vertex -3.711631e+01  1.345254e+01  1.512590e+02
   endloop
 endfacet
 facet normal  9.795980e-01 -2.009672e-01  0.000000e+00
   outer loop
     vertex -3.707114e+01  1.435110e+01  1.474858e+02
     vertex -3.698269e+01  1.478225e+01  1.510858e+02
     vertex -3.707114e+01  1.435110e+01  1.510858e+02
   endloop
 endfacet
 facet normal  9.298181e-01 -3.680195e-01  9.079637e-16
   outer loop
     vertex -3.698269e+01  1.478225e+01  1.474858e+02
     vertex -3.682071e+01  1.519150e+01  1.510858e+02
     vertex -3.698269e+01  1.478225e+01  1.510858e+02
   endloop
 endfacet
 facet normal  9.795980e-01 -2.009672e-01  4.958187e-16
   outer loop
     vertex -3.698269e+01  1.478225e+01  1.474858e+02
     vertex -3.698269e+01  1.478225e+01  1.510858e+02
     vertex -3.707114e+01  1.435110e+01  1.474858e+02
   endloop
 endfacet
 facet normal  8.517862e-01 -5.238896e-01  1.551025e-15
   outer loop
     vertex -3.682071e+01  1.519150e+01  1.474858e+02
     vertex -3.659012e+01  1.556640e+01  1.510858e+02
     vertex -3.682071e+01  1.519150e+01  1.510858e+02
   endloop
 endfacet
 facet normal  9.298181e-01 -3.680195e-01  1.089556e-15
   outer loop
     vertex -3.682071e+01  1.519150e+01  1.474858e+02
     vertex -3.682071e+01  1.519150e+01  1.510858e+02
     vertex -3.698269e+01  1.478225e+01  1.474858e+02
   endloop
 endfacet
 facet normal  7.478731e-01 -6.638417e-01  1.310244e-15
   outer loop
     vertex -3.659012e+01  1.556640e+01  1.474858e+02
     vertex -3.629794e+01  1.589557e+01  1.510858e+02
     vertex -3.659012e+01  1.556640e+01  1.510858e+02
   endloop
 endfacet
 facet normal  8.517862e-01 -5.238896e-01  1.034017e-15
   outer loop
     vertex -3.659012e+01  1.556640e+01  1.474858e+02
     vertex -3.659012e+01  1.556640e+01  1.510858e+02
     vertex -3.682071e+01  1.519150e+01  1.474858e+02
   endloop
 endfacet
 facet normal  7.478731e-01 -6.638417e-01 -1.658554e-16
   outer loop
     vertex -3.629794e+01  1.589557e+01  1.474858e+02
     vertex -3.629794e+01  1.589557e+01  1.510858e+02
     vertex -3.659012e+01  1.556640e+01  1.474858e+02
   endloop
 endfacet
 facet normal  6.212364e-01 -7.836232e-01  3.205078e-16
   outer loop
     vertex -3.595304e+01  1.616900e+01  1.474858e+02
     vertex -3.595304e+01  1.616900e+01  1.510858e+02
     vertex -3.629794e+01  1.589557e+01  1.510858e+02
   endloop
 endfacet
 facet normal  6.212364e-01 -7.836232e-01  3.153065e-16
   outer loop
     vertex -3.595304e+01  1.616900e+01  1.474858e+02
     vertex -3.629794e+01  1.589557e+01  1.510858e+02
     vertex -3.629794e+01  1.589557e+01  1.474858e+02
   endloop
 endfacet
 facet normal  4.757236e-01 -8.795948e-01  1.736082e-15
   outer loop
     vertex -3.556590e+01  1.637838e+01  1.474858e+02
     vertex -3.556590e+01  1.637838e+01  1.510858e+02
     vertex -3.595304e+01  1.616900e+01  1.510858e+02
   endloop
 endfacet
 facet normal  4.757236e-01 -8.795948e-01  7.970246e-16
   outer loop
     vertex -3.556590e+01  1.637838e+01  1.474858e+02
     vertex -3.595304e+01  1.616900e+01  1.510858e+02
     vertex -3.595304e+01  1.616900e+01  1.474858e+02
   endloop
 endfacet
 facet normal  3.157563e-01 -9.488403e-01  1.872754e-15
   outer loop
     vertex -3.514828e+01  1.651736e+01  1.474858e+02
     vertex -3.514828e+01  1.651736e+01  1.510858e+02
     vertex -3.556590e+01  1.637838e+01  1.510858e+02
   endloop
 endfacet
 facet normal  3.157563e-01 -9.488403e-01  1.874322e-15
   outer loop
     vertex -3.514828e+01  1.651736e+01  1.474858e+02
     vertex -3.556590e+01  1.637838e+01  1.510858e+02
     vertex -3.556590e+01  1.637838e+01  1.474858e+02
   endloop
 endfacet
 facet normal  1.461949e-01 -9.892558e-01  1.952524e-15
   outer loop
     vertex -3.471287e+01  1.658170e+01  1.474858e+02
     vertex -3.471287e+01  1.658170e+01  1.510858e+02
     vertex -3.514828e+01  1.651736e+01  1.510858e+02
   endloop
 endfacet
 facet normal  1.461949e-01 -9.892558e-01  1.950959e-15
   outer loop
     vertex -3.471287e+01  1.658170e+01  1.474858e+02
     vertex -3.514828e+01  1.651736e+01  1.510858e+02
     vertex -3.514828e+01  1.651736e+01  1.474858e+02
   endloop
 endfacet
 facet normal -2.009672e-01 -9.795980e-01  1.363386e-15
   outer loop
     vertex -3.427291e+01  1.656946e+01  1.474858e+02
     vertex -3.384175e+01  1.648101e+01  1.510858e+02
     vertex -3.427291e+01  1.656946e+01  1.510858e+02
   endloop
 endfacet
 facet normal -2.780865e-02 -9.996133e-01  1.041370e-15
   outer loop
     vertex -3.427291e+01  1.656946e+01  1.474858e+02
     vertex -3.427291e+01  1.656946e+01  1.510858e+02
     vertex -3.471287e+01  1.658170e+01  1.510858e+02
   endloop
 endfacet
 facet normal -2.780865e-02 -9.996133e-01  1.972855e-15
   outer loop
     vertex -3.427291e+01  1.656946e+01  1.474858e+02
     vertex -3.471287e+01  1.658170e+01  1.510858e+02
     vertex -3.471287e+01  1.658170e+01  1.474858e+02
   endloop
 endfacet
 facet normal -2.009672e-01 -9.795980e-01  3.966549e-16
   outer loop
     vertex -3.384175e+01  1.648101e+01  1.474858e+02
     vertex -3.384175e+01  1.648101e+01  1.510858e+02
     vertex -3.427291e+01  1.656946e+01  1.474858e+02
   endloop
 endfacet
 facet normal -3.680195e-01 -9.298181e-01  1.643976e-15
   outer loop
     vertex -3.343250e+01  1.631903e+01  1.474858e+02
     vertex -3.343250e+01  1.631903e+01  1.510858e+02
     vertex -3.384175e+01  1.648101e+01  1.510858e+02
   endloop
 endfacet
 facet normal -3.680195e-01 -9.298181e-01  7.269565e-16
   outer loop
     vertex -3.343250e+01  1.631903e+01  1.474858e+02
     vertex -3.384175e+01  1.648101e+01  1.510858e+02
     vertex -3.384175e+01  1.648101e+01  1.474858e+02
   endloop
 endfacet
 facet normal -5.238896e-01 -8.517862e-01  0.000000e+00
   outer loop
     vertex -3.305760e+01  1.608845e+01  1.474858e+02
     vertex -3.305760e+01  1.608845e+01  1.510858e+02
     vertex -3.343250e+01  1.631903e+01  1.510858e+02
   endloop
 endfacet
 facet normal -5.238896e-01 -8.517862e-01  1.874322e-15
   outer loop
     vertex -3.305760e+01  1.608845e+01  1.474858e+02
     vertex -3.343250e+01  1.631903e+01  1.510858e+02
     vertex -3.343250e+01  1.631903e+01  1.474858e+02
   endloop
 endfacet
 facet normal -6.638417e-01 -7.478731e-01  1.310244e-15
   outer loop
     vertex -3.272844e+01  1.579627e+01  1.474858e+02
     vertex -3.272844e+01  1.579627e+01  1.510858e+02
     vertex -3.305760e+01  1.608845e+01  1.510858e+02
   endloop
 endfacet
 facet normal -6.638417e-01 -7.478731e-01  0.000000e+00
   outer loop
     vertex -3.272844e+01  1.579627e+01  1.474858e+02
     vertex -3.305760e+01  1.608845e+01  1.510858e+02
     vertex -3.305760e+01  1.608845e+01  1.474858e+02
   endloop
 endfacet
 facet normal -7.836232e-01 -6.212364e-01  0.000000e+00
   outer loop
     vertex -3.245501e+01  1.545136e+01  1.474858e+02
     vertex -3.245501e+01  1.545136e+01  1.510858e+02
     vertex -3.272844e+01  1.579627e+01  1.510858e+02
   endloop
 endfacet
 facet normal -7.836232e-01 -6.212364e-01  1.550257e-15
   outer loop
     vertex -3.245501e+01  1.545136e+01  1.474858e+02
     vertex -3.272844e+01  1.579627e+01  1.510858e+02
     vertex -3.272844e+01  1.579627e+01  1.474858e+02
   endloop
 endfacet
 facet normal -8.795948e-01 -4.757236e-01  0.000000e+00
   outer loop
     vertex -3.224562e+01  1.506422e+01  1.474858e+02
     vertex -3.245501e+01  1.545136e+01  1.510858e+02
     vertex -3.245501e+01  1.545136e+01  1.474858e+02
   endloop
 endfacet
 facet normal -9.488403e-01 -3.157563e-01 -3.116088e-16
   outer loop
     vertex -3.224562e+01  1.506422e+01  1.474858e+02
     vertex -3.210665e+01  1.464660e+01  1.510858e+02
     vertex -3.224562e+01  1.506422e+01  1.510858e+02
   endloop
 endfacet
 facet normal -8.795948e-01 -4.757236e-01 -4.694750e-16
   outer loop
     vertex -3.224562e+01  1.506422e+01  1.474858e+02
     vertex -3.224562e+01  1.506422e+01  1.510858e+02
     vertex -3.245501e+01  1.545136e+01  1.510858e+02
   endloop
 endfacet
 facet normal -9.488403e-01 -3.157563e-01 -3.116088e-16
   outer loop
     vertex -3.210665e+01  1.464660e+01  1.474858e+02
     vertex -3.210665e+01  1.464660e+01  1.510858e+02
     vertex -3.224562e+01  1.506422e+01  1.474858e+02
   endloop
 endfacet
 facet normal -9.892558e-01 -1.461949e-01  1.808249e-15
   outer loop
     vertex -3.204230e+01  1.421120e+01  1.474858e+02
     vertex -3.204230e+01  1.421120e+01  1.510858e+02
     vertex -3.210665e+01  1.464660e+01  1.510858e+02
   endloop
 endfacet
 facet normal -9.892558e-01 -1.461949e-01 -1.423258e-16
   outer loop
     vertex -3.204230e+01  1.421120e+01  1.474858e+02
     vertex -3.210665e+01  1.464660e+01  1.510858e+02
     vertex -3.210665e+01  1.464660e+01  1.474858e+02
   endloop
 endfacet
 facet normal -9.996133e-01  2.780865e-02  2.000773e-15
   outer loop
     vertex -3.205454e+01  1.377123e+01  1.474858e+02
     vertex -3.204230e+01  1.421120e+01  1.510858e+02
     vertex -3.204230e+01  1.421120e+01  1.474858e+02
   endloop
 endfacet
 facet normal -9.996133e-01  2.780865e-02 -5.488675e-17
   outer loop
     vertex -3.205454e+01  1.377123e+01  1.474858e+02
     vertex -3.205454e+01  1.377123e+01  1.510858e+02
     vertex -3.204230e+01  1.421120e+01  1.510858e+02
   endloop
 endfacet
 facet normal  9.911256e-01 -2.757252e-02 -1.300379e-01
   outer loop
     vertex  2.800354e+01  6.829152e+00  1.476564e+02
     vertex  2.804470e+01  7.698416e+00  1.477858e+02
     vertex  2.802046e+01  6.827196e+00  1.477858e+02
   endloop
 endfacet
 facet normal  1.992608e-01  9.712802e-01 -1.300379e-01
   outer loop
     vertex  2.447657e+01  1.217677e+01  1.476564e+02
     vertex  2.362766e+01  1.236825e+01  1.477858e+02
     vertex  2.448143e+01  1.219309e+01  1.477858e+02
   endloop
 endfacet
 facet normal  1.992608e-01  9.712802e-01 -1.300379e-01
   outer loop
     vertex  2.447657e+01  1.217677e+01  1.476564e+02
     vertex  2.362570e+01  1.235132e+01  1.476564e+02
     vertex  2.362766e+01  1.236825e+01  1.477858e+02
   endloop
 endfacet
 facet normal  1.857728e-01  9.055343e-01 -3.814394e-01
   outer loop
     vertex  2.446230e+01  1.212890e+01  1.475358e+02
     vertex  2.361997e+01  1.230170e+01  1.475358e+02
     vertex  2.362570e+01  1.235132e+01  1.476564e+02
   endloop
 endfacet
 facet normal  1.857728e-01  9.055343e-01 -3.814394e-01
   outer loop
     vertex  2.446230e+01  1.212890e+01  1.475358e+02
     vertex  2.362570e+01  1.235132e+01  1.476564e+02
     vertex  2.447657e+01  1.217677e+01  1.476564e+02
   endloop
 endfacet
 facet normal  1.596629e-01  7.782635e-01 -6.073003e-01
   outer loop
     vertex  2.443961e+01  1.205275e+01  1.474323e+02
     vertex  2.361084e+01  1.222277e+01  1.474323e+02
     vertex  2.361997e+01  1.230170e+01  1.475358e+02
   endloop
 endfacet
 facet normal  1.596629e-01  7.782635e-01 -6.073003e-01
   outer loop
     vertex  2.443961e+01  1.205275e+01  1.474323e+02
     vertex  2.361997e+01  1.230170e+01  1.475358e+02
     vertex  2.446230e+01  1.212890e+01  1.475358e+02
   endloop
 endfacet
 facet normal  1.226346e-01  5.977722e-01 -7.922305e-01
   outer loop
     vertex  2.441004e+01  1.195351e+01  1.473528e+02
     vertex  2.359895e+01  1.211990e+01  1.473528e+02
     vertex  2.361084e+01  1.222277e+01  1.474323e+02
   endloop
 endfacet
 facet normal  1.226346e-01  5.977722e-01 -7.922305e-01
   outer loop
     vertex  2.441004e+01  1.195351e+01  1.473528e+02
     vertex  2.361084e+01  1.222277e+01  1.474323e+02
     vertex  2.443961e+01  1.205275e+01  1.474323e+02
   endloop
 endfacet
 facet normal  2.632997e-02  1.283432e-01 -9.913802e-01
   outer loop
     vertex  2.437560e+01  1.183794e+01  1.473029e+02
     vertex  2.433864e+01  1.171392e+01  1.472858e+02
     vertex  2.357024e+01  1.187156e+01  1.472858e+02
   endloop
 endfacet
 facet normal  2.632997e-02  1.283432e-01 -9.913802e-01
   outer loop
     vertex  2.437560e+01  1.183794e+01  1.473029e+02
     vertex  2.357024e+01  1.187156e+01  1.472858e+02
     vertex  2.358510e+01  1.200011e+01  1.473029e+02
   endloop
 endfacet
 facet normal  7.715735e-02  3.760971e-01 -9.233622e-01
   outer loop
     vertex  2.437560e+01  1.183794e+01  1.473029e+02
     vertex  2.358510e+01  1.200011e+01  1.473029e+02
     vertex  2.359895e+01  1.211990e+01  1.473528e+02
   endloop
 endfacet
 facet normal  7.715735e-02  3.760971e-01 -9.233622e-01
   outer loop
     vertex  2.437560e+01  1.183794e+01  1.473029e+02
     vertex  2.359895e+01  1.211990e+01  1.473528e+02
     vertex  2.441004e+01  1.195351e+01  1.473528e+02
   endloop
 endfacet
 facet normal  3.648946e-01  9.219230e-01 -1.300379e-01
   outer loop
     vertex  2.528420e+01  1.185711e+01  1.476564e+02
     vertex  2.448143e+01  1.219309e+01  1.477858e+02
     vertex  2.529182e+01  1.187234e+01  1.477858e+02
   endloop
 endfacet
 facet normal  3.648946e-01  9.219230e-01 -1.300379e-01
   outer loop
     vertex  2.528420e+01  1.185711e+01  1.476564e+02
     vertex  2.447657e+01  1.217677e+01  1.476564e+02
     vertex  2.448143e+01  1.219309e+01  1.477858e+02
   endloop
 endfacet
 facet normal  3.401949e-01  8.595181e-01 -3.814394e-01
   outer loop
     vertex  2.526184e+01  1.181244e+01  1.475358e+02
     vertex  2.447657e+01  1.217677e+01  1.476564e+02
     vertex  2.528420e+01  1.185711e+01  1.476564e+02
   endloop
 endfacet
 facet normal  3.401949e-01  8.595181e-01 -3.814394e-01
   outer loop
     vertex  2.526184e+01  1.181244e+01  1.475358e+02
     vertex  2.446230e+01  1.212890e+01  1.475358e+02
     vertex  2.447657e+01  1.217677e+01  1.476564e+02
   endloop
 endfacet
 facet normal  2.923813e-01  7.387148e-01 -6.073003e-01
   outer loop
     vertex  2.522627e+01  1.174139e+01  1.474323e+02
     vertex  2.443961e+01  1.205275e+01  1.474323e+02
     vertex  2.446230e+01  1.212890e+01  1.475358e+02
   endloop
 endfacet
 facet normal  2.923813e-01  7.387148e-01 -6.073003e-01
   outer loop
     vertex  2.522627e+01  1.174139e+01  1.474323e+02
     vertex  2.446230e+01  1.212890e+01  1.475358e+02
     vertex  2.526184e+01  1.181244e+01  1.475358e+02
   endloop
 endfacet
 facet normal  2.245735e-01  5.673954e-01 -7.922305e-01
   outer loop
     vertex  2.517991e+01  1.164879e+01  1.473528e+02
     vertex  2.441004e+01  1.195351e+01  1.473528e+02
     vertex  2.443961e+01  1.205275e+01  1.474323e+02
   endloop
 endfacet
 facet normal  2.245735e-01  5.673954e-01 -7.922305e-01
   outer loop
     vertex  2.517991e+01  1.164879e+01  1.473528e+02
     vertex  2.443961e+01  1.205275e+01  1.474323e+02
     vertex  2.522627e+01  1.174139e+01  1.474323e+02
   endloop
 endfacet
 facet normal  4.821652e-02  1.218213e-01 -9.913802e-01
   outer loop
     vertex  2.512593e+01  1.154096e+01  1.473029e+02
     vertex  2.506799e+01  1.142524e+01  1.472858e+02
     vertex  2.433864e+01  1.171392e+01  1.472858e+02
   endloop
 endfacet
 facet normal  4.821652e-02  1.218213e-01 -9.913802e-01
   outer loop
     vertex  2.512593e+01  1.154096e+01  1.473029e+02
     vertex  2.433864e+01  1.171392e+01  1.472858e+02
     vertex  2.437560e+01  1.183794e+01  1.473029e+02
   endloop
 endfacet
 facet normal  1.412937e-01  3.569852e-01 -9.233622e-01
   outer loop
     vertex  2.512593e+01  1.154096e+01  1.473029e+02
     vertex  2.441004e+01  1.195351e+01  1.473528e+02
     vertex  2.517991e+01  1.164879e+01  1.473528e+02
   endloop
 endfacet
 facet normal  1.412937e-01  3.569852e-01 -9.233622e-01
   outer loop
     vertex  2.512593e+01  1.154096e+01  1.473029e+02
     vertex  2.437560e+01  1.183794e+01  1.473029e+02
     vertex  2.441004e+01  1.195351e+01  1.473528e+02
   endloop
 endfacet
 facet normal  5.194413e-01  8.445537e-01 -1.300379e-01
   outer loop
     vertex  2.602405e+01  1.140207e+01  1.476564e+02
     vertex  2.529182e+01  1.187234e+01  1.477858e+02
     vertex  2.603420e+01  1.141574e+01  1.477858e+02
   endloop
 endfacet
 facet normal  5.194413e-01  8.445537e-01 -1.300379e-01
   outer loop
     vertex  2.602405e+01  1.140207e+01  1.476564e+02
     vertex  2.528420e+01  1.185711e+01  1.476564e+02
     vertex  2.529182e+01  1.187234e+01  1.477858e+02
   endloop
 endfacet
 facet normal  4.842803e-01  7.873859e-01 -3.814394e-01
   outer loop
     vertex  2.599427e+01  1.136196e+01  1.475358e+02
     vertex  2.528420e+01  1.185711e+01  1.476564e+02
     vertex  2.602405e+01  1.140207e+01  1.476564e+02
   endloop
 endfacet
 facet normal  4.842803e-01  7.873859e-01 -3.814394e-01
   outer loop
     vertex  2.599427e+01  1.136196e+01  1.475358e+02
     vertex  2.526184e+01  1.181244e+01  1.475358e+02
     vertex  2.528420e+01  1.185711e+01  1.476564e+02
   endloop
 endfacet
 facet normal  3.196889e-01  5.197786e-01 -7.922305e-01
   outer loop
     vertex  2.594690e+01  1.129816e+01  1.474323e+02
     vertex  2.517991e+01  1.164879e+01  1.473528e+02
     vertex  2.522627e+01  1.174139e+01  1.474323e+02
   endloop
 endfacet
 facet normal  4.162158e-01  6.767206e-01 -6.073003e-01
   outer loop
     vertex  2.594690e+01  1.129816e+01  1.474323e+02
     vertex  2.526184e+01  1.181244e+01  1.475358e+02
     vertex  2.599427e+01  1.136196e+01  1.475358e+02
   endloop
 endfacet
 facet normal  4.162158e-01  6.767206e-01 -6.073003e-01
   outer loop
     vertex  2.594690e+01  1.129816e+01  1.474323e+02
     vertex  2.522627e+01  1.174139e+01  1.474323e+02
     vertex  2.526184e+01  1.181244e+01  1.475358e+02
   endloop
 endfacet
 facet normal  3.196889e-01  5.197786e-01 -7.922305e-01
   outer loop
     vertex  2.588517e+01  1.121502e+01  1.473528e+02
     vertex  2.517991e+01  1.164879e+01  1.473528e+02
     vertex  2.594690e+01  1.129816e+01  1.474323e+02
   endloop
 endfacet
 facet normal  6.863805e-02  1.115978e-01 -9.913802e-01
   outer loop
     vertex  2.581328e+01  1.111820e+01  1.473029e+02
     vertex  2.573614e+01  1.101430e+01  1.472858e+02
     vertex  2.506799e+01  1.142524e+01  1.472858e+02
   endloop
 endfacet
 facet normal  2.011370e-01  3.270263e-01 -9.233622e-01
   outer loop
     vertex  2.581328e+01  1.111820e+01  1.473029e+02
     vertex  2.512593e+01  1.154096e+01  1.473029e+02
     vertex  2.517991e+01  1.164879e+01  1.473528e+02
   endloop
 endfacet
 facet normal  6.863805e-02  1.115978e-01 -9.913802e-01
   outer loop
     vertex  2.581328e+01  1.111820e+01  1.473029e+02
     vertex  2.506799e+01  1.142524e+01  1.472858e+02
     vertex  2.512593e+01  1.154096e+01  1.473029e+02
   endloop
 endfacet
 facet normal  2.011370e-01  3.270263e-01 -9.233622e-01
   outer loop
     vertex  2.581328e+01  1.111820e+01  1.473029e+02
     vertex  2.517991e+01  1.164879e+01  1.473528e+02
     vertex  2.588517e+01  1.121502e+01  1.473528e+02
   endloop
 endfacet
 facet normal  6.582050e-01  7.415230e-01 -1.300379e-01
   outer loop
     vertex  2.667364e+01  1.082546e+01  1.476564e+02
     vertex  2.603420e+01  1.141574e+01  1.477858e+02
     vertex  2.668602e+01  1.083717e+01  1.477858e+02
   endloop
 endfacet
 facet normal  6.582050e-01  7.415230e-01 -1.300379e-01
   outer loop
     vertex  2.667364e+01  1.082546e+01  1.476564e+02
     vertex  2.602405e+01  1.140207e+01  1.476564e+02
     vertex  2.603420e+01  1.141574e+01  1.477858e+02
   endloop
 endfacet
 facet normal  6.136512e-01  6.913293e-01 -3.814394e-01
   outer loop
     vertex  2.663735e+01  1.079114e+01  1.475358e+02
     vertex  2.602405e+01  1.140207e+01  1.476564e+02
     vertex  2.667364e+01  1.082546e+01  1.476564e+02
   endloop
 endfacet
 facet normal  6.136512e-01  6.913293e-01 -3.814394e-01
   outer loop
     vertex  2.663735e+01  1.079114e+01  1.475358e+02
     vertex  2.599427e+01  1.136196e+01  1.475358e+02
     vertex  2.602405e+01  1.140207e+01  1.476564e+02
   endloop
 endfacet
 facet normal  5.274039e-01  5.941645e-01 -6.073003e-01
   outer loop
     vertex  2.657963e+01  1.073653e+01  1.474323e+02
     vertex  2.599427e+01  1.136196e+01  1.475358e+02
     vertex  2.663735e+01  1.079114e+01  1.475358e+02
   endloop
 endfacet
 facet normal  5.274039e-01  5.941645e-01 -6.073003e-01
   outer loop
     vertex  2.657963e+01  1.073653e+01  1.474323e+02
     vertex  2.594690e+01  1.129816e+01  1.474323e+02
     vertex  2.599427e+01  1.136196e+01  1.475358e+02
   endloop
 endfacet
 facet normal  4.050908e-01  4.563686e-01 -7.922305e-01
   outer loop
     vertex  2.650439e+01  1.066538e+01  1.473528e+02
     vertex  2.594690e+01  1.129816e+01  1.474323e+02
     vertex  2.657963e+01  1.073653e+01  1.474323e+02
   endloop
 endfacet
 facet normal  4.050908e-01  4.563686e-01 -7.922305e-01
   outer loop
     vertex  2.650439e+01  1.066538e+01  1.473528e+02
     vertex  2.588517e+01  1.121502e+01  1.473528e+02
     vertex  2.594690e+01  1.129816e+01  1.474323e+02
   endloop
 endfacet
 facet normal  2.548688e-01  2.871310e-01 -9.233622e-01
   outer loop
     vertex  2.641679e+01  1.058251e+01  1.473029e+02
     vertex  2.581328e+01  1.111820e+01  1.473029e+02
     vertex  2.588517e+01  1.121502e+01  1.473528e+02
   endloop
 endfacet
 facet normal  2.548688e-01  2.871310e-01 -9.233622e-01
   outer loop
     vertex  2.641679e+01  1.058251e+01  1.473029e+02
     vertex  2.588517e+01  1.121502e+01  1.473528e+02
     vertex  2.650439e+01  1.066538e+01  1.473528e+02
   endloop
 endfacet
 facet normal  8.697404e-02  9.798352e-02 -9.913802e-01
   outer loop
     vertex  2.641679e+01  1.058251e+01  1.473029e+02
     vertex  2.632277e+01  1.049358e+01  1.472858e+02
     vertex  2.573614e+01  1.101430e+01  1.472858e+02
   endloop
 endfacet
 facet normal  8.697404e-02  9.798352e-02 -9.913802e-01
   outer loop
     vertex  2.641679e+01  1.058251e+01  1.473029e+02
     vertex  2.573614e+01  1.101430e+01  1.472858e+02
     vertex  2.581328e+01  1.111820e+01  1.473029e+02
   endloop
 endfacet
 facet normal  7.769695e-01  6.159615e-01 -1.300379e-01
   outer loop
     vertex  2.721324e+01  1.014482e+01  1.476564e+02
     vertex  2.668602e+01  1.083717e+01  1.477858e+02
     vertex  2.722746e+01  1.015420e+01  1.477858e+02
   endloop
 endfacet
 facet normal  7.769695e-01  6.159615e-01 -1.300379e-01
   outer loop
     vertex  2.721324e+01  1.014482e+01  1.476564e+02
     vertex  2.667364e+01  1.082546e+01  1.476564e+02
     vertex  2.668602e+01  1.083717e+01  1.477858e+02
   endloop
 endfacet
 facet normal  7.243765e-01  5.742671e-01 -3.814394e-01
   outer loop
     vertex  2.717154e+01  1.011731e+01  1.475358e+02
     vertex  2.663735e+01  1.079114e+01  1.475358e+02
     vertex  2.667364e+01  1.082546e+01  1.476564e+02
   endloop
 endfacet
 facet normal  7.243765e-01  5.742671e-01 -3.814394e-01
   outer loop
     vertex  2.717154e+01  1.011731e+01  1.475358e+02
     vertex  2.667364e+01  1.082546e+01  1.476564e+02
     vertex  2.721324e+01  1.014482e+01  1.476564e+02
   endloop
 endfacet
 facet normal  6.225670e-01  4.935551e-01 -6.073003e-01
   outer loop
     vertex  2.710521e+01  1.007357e+01  1.474323e+02
     vertex  2.663735e+01  1.079114e+01  1.475358e+02
     vertex  2.717154e+01  1.011731e+01  1.475358e+02
   endloop
 endfacet
 facet normal  6.225670e-01  4.935551e-01 -6.073003e-01
   outer loop
     vertex  2.710521e+01  1.007357e+01  1.474323e+02
     vertex  2.657963e+01  1.073653e+01  1.474323e+02
     vertex  2.663735e+01  1.079114e+01  1.475358e+02
   endloop
 endfacet
 facet normal  4.781841e-01  3.790921e-01 -7.922305e-01
   outer loop
     vertex  2.701876e+01  1.001655e+01  1.473528e+02
     vertex  2.650439e+01  1.066538e+01  1.473528e+02
     vertex  2.657963e+01  1.073653e+01  1.474323e+02
   endloop
 endfacet
 facet normal  4.781841e-01  3.790921e-01 -7.922305e-01
   outer loop
     vertex  2.701876e+01  1.001655e+01  1.473528e+02
     vertex  2.657963e+01  1.073653e+01  1.474323e+02
     vertex  2.710521e+01  1.007357e+01  1.474323e+02
   endloop
 endfacet
 facet normal  1.026674e-01  8.139205e-02 -9.913802e-01
   outer loop
     vertex  2.691810e+01  9.950158e+00  1.473029e+02
     vertex  2.632277e+01  1.049358e+01  1.472858e+02
     vertex  2.641679e+01  1.058251e+01  1.473029e+02
   endloop
 endfacet
 facet normal  1.026674e-01  8.139205e-02 -9.913802e-01
   outer loop
     vertex  2.691810e+01  9.950158e+00  1.473029e+02
     vertex  2.681007e+01  9.878908e+00  1.472858e+02
     vertex  2.632277e+01  1.049358e+01  1.472858e+02
   endloop
 endfacet
 facet normal  3.008565e-01  2.385113e-01 -9.233622e-01
   outer loop
     vertex  2.691810e+01  9.950158e+00  1.473029e+02
     vertex  2.650439e+01  1.066538e+01  1.473528e+02
     vertex  2.701876e+01  1.001655e+01  1.473528e+02
   endloop
 endfacet
 facet normal  3.008565e-01  2.385113e-01 -9.233622e-01
   outer loop
     vertex  2.691810e+01  9.950158e+00  1.473029e+02
     vertex  2.641679e+01  1.058251e+01  1.473029e+02
     vertex  2.650439e+01  1.066538e+01  1.473528e+02
   endloop
 endfacet
 facet normal  8.721262e-01  4.716843e-01 -1.300379e-01
   outer loop
     vertex  2.762645e+01  9.380811e+00  1.476564e+02
     vertex  2.722746e+01  1.015420e+01  1.477858e+02
     vertex  2.764208e+01  9.387579e+00  1.477858e+02
   endloop
 endfacet
 facet normal  8.130920e-01  4.397560e-01 -3.814394e-01
   outer loop
     vertex  2.762645e+01  9.380811e+00  1.476564e+02
     vertex  2.717154e+01  1.011731e+01  1.475358e+02
     vertex  2.721324e+01  1.014482e+01  1.476564e+02
   endloop
 endfacet
 facet normal  8.721262e-01  4.716843e-01 -1.300379e-01
   outer loop
     vertex  2.762645e+01  9.380811e+00  1.476564e+02
     vertex  2.721324e+01  1.014482e+01  1.476564e+02
     vertex  2.722746e+01  1.015420e+01  1.477858e+02
   endloop
 endfacet
 facet normal  8.130920e-01  4.397560e-01 -3.814394e-01
   outer loop
     vertex  2.758061e+01  9.360968e+00  1.475358e+02
     vertex  2.717154e+01  1.011731e+01  1.475358e+02
     vertex  2.762645e+01  9.380811e+00  1.476564e+02
   endloop
 endfacet
 facet normal  6.988138e-01  3.779493e-01 -6.073003e-01
   outer loop
     vertex  2.750769e+01  9.329402e+00  1.474323e+02
     vertex  2.710521e+01  1.007357e+01  1.474323e+02
     vertex  2.717154e+01  1.011731e+01  1.475358e+02
   endloop
 endfacet
 facet normal  6.988138e-01  3.779493e-01 -6.073003e-01
   outer loop
     vertex  2.750769e+01  9.329402e+00  1.474323e+02
     vertex  2.717154e+01  1.011731e+01  1.475358e+02
     vertex  2.758061e+01  9.360968e+00  1.475358e+02
   endloop
 endfacet
 facet normal  5.367480e-01  2.902970e-01 -7.922305e-01
   outer loop
     vertex  2.741265e+01  9.288266e+00  1.473528e+02
     vertex  2.701876e+01  1.001655e+01  1.473528e+02
     vertex  2.710521e+01  1.007357e+01  1.474323e+02
   endloop
 endfacet
 facet normal  5.367480e-01  2.902970e-01 -7.922305e-01
   outer loop
     vertex  2.741265e+01  9.288266e+00  1.473528e+02
     vertex  2.710521e+01  1.007357e+01  1.474323e+02
     vertex  2.750769e+01  9.329402e+00  1.474323e+02
   endloop
 endfacet
 facet normal  1.152412e-01  6.232752e-02 -9.913802e-01
   outer loop
     vertex  2.730199e+01  9.240361e+00  1.473029e+02
     vertex  2.681007e+01  9.878908e+00  1.472858e+02
     vertex  2.691810e+01  9.950158e+00  1.473029e+02
   endloop
 endfacet
 facet normal  1.152412e-01  6.232752e-02 -9.913802e-01
   outer loop
     vertex  2.730199e+01  9.240361e+00  1.473029e+02
     vertex  2.718323e+01  9.188953e+00  1.472858e+02
     vertex  2.681007e+01  9.878908e+00  1.472858e+02
   endloop
 endfacet
 facet normal  3.377029e-01  1.826446e-01 -9.233622e-01
   outer loop
     vertex  2.730199e+01  9.240361e+00  1.473029e+02
     vertex  2.691810e+01  9.950158e+00  1.473029e+02
     vertex  2.701876e+01  1.001655e+01  1.473528e+02
   endloop
 endfacet
 facet normal  3.377029e-01  1.826446e-01 -9.233622e-01
   outer loop
     vertex  2.730199e+01  9.240361e+00  1.473029e+02
     vertex  2.701876e+01  1.001655e+01  1.473528e+02
     vertex  2.741265e+01  9.288266e+00  1.473528e+02
   endloop
 endfacet
 facet normal  9.407837e-01  3.130752e-01 -1.300379e-01
   outer loop
     vertex  2.790071e+01  8.556660e+00  1.476564e+02
     vertex  2.764208e+01  9.387579e+00  1.477858e+02
     vertex  2.791728e+01  8.560610e+00  1.477858e+02
   endloop
 endfacet
 facet normal  9.407837e-01  3.130752e-01 -1.300379e-01
   outer loop
     vertex  2.790071e+01  8.556660e+00  1.476564e+02
     vertex  2.762645e+01  9.380811e+00  1.476564e+02
     vertex  2.764208e+01  9.387579e+00  1.477858e+02
   endloop
 endfacet
 facet normal  8.771021e-01  2.918832e-01 -3.814394e-01
   outer loop
     vertex  2.785212e+01  8.545078e+00  1.475358e+02
     vertex  2.758061e+01  9.360968e+00  1.475358e+02
     vertex  2.762645e+01  9.380811e+00  1.476564e+02
   endloop
 endfacet
 facet normal  7.538274e-01  2.508596e-01 -6.073003e-01
   outer loop
     vertex  2.785212e+01  8.545078e+00  1.475358e+02
     vertex  2.750769e+01  9.329402e+00  1.474323e+02
     vertex  2.758061e+01  9.360968e+00  1.475358e+02
   endloop
 endfacet
 facet normal  8.771021e-01  2.918832e-01 -3.814394e-01
   outer loop
     vertex  2.785212e+01  8.545078e+00  1.475358e+02
     vertex  2.762645e+01  9.380811e+00  1.476564e+02
     vertex  2.790071e+01  8.556660e+00  1.476564e+02
   endloop
 endfacet
 facet normal  7.538274e-01  2.508596e-01 -6.073003e-01
   outer loop
     vertex  2.777483e+01  8.526655e+00  1.474323e+02
     vertex  2.750769e+01  9.329402e+00  1.474323e+02
     vertex  2.785212e+01  8.545078e+00  1.475358e+02
   endloop
 endfacet
 facet normal  5.790032e-01  1.926814e-01 -7.922305e-01
   outer loop
     vertex  2.767409e+01  8.502645e+00  1.473528e+02
     vertex  2.750769e+01  9.329402e+00  1.474323e+02
     vertex  2.777483e+01  8.526655e+00  1.474323e+02
   endloop
 endfacet
 facet normal  5.790032e-01  1.926814e-01 -7.922305e-01
   outer loop
     vertex  2.767409e+01  8.502645e+00  1.473528e+02
     vertex  2.741265e+01  9.288266e+00  1.473528e+02
     vertex  2.750769e+01  9.329402e+00  1.474323e+02
   endloop
 endfacet
 facet normal  1.243135e-01  4.136920e-02 -9.913802e-01
   outer loop
     vertex  2.755679e+01  8.474685e+00  1.473029e+02
     vertex  2.743091e+01  8.444681e+00  1.472858e+02
     vertex  2.718323e+01  9.188953e+00  1.472858e+02
   endloop
 endfacet
 facet normal  1.296086e-01  1.915390e-02 -9.913802e-01
   outer loop
     vertex  2.755679e+01  8.474685e+00  1.473029e+02
     vertex  2.754558e+01  7.668707e+00  1.472858e+02
     vertex  2.743091e+01  8.444681e+00  1.472858e+02
   endloop
 endfacet
 facet normal  1.243135e-01  4.136920e-02 -9.913802e-01
   outer loop
     vertex  2.755679e+01  8.474685e+00  1.473029e+02
     vertex  2.718323e+01  9.188953e+00  1.472858e+02
     vertex  2.730199e+01  9.240361e+00  1.473029e+02
   endloop
 endfacet
 facet normal  3.642884e-01  1.212283e-01 -9.233622e-01
   outer loop
     vertex  2.755679e+01  8.474685e+00  1.473029e+02
     vertex  2.730199e+01  9.240361e+00  1.473029e+02
     vertex  2.741265e+01  9.288266e+00  1.473528e+02
   endloop
 endfacet
 facet normal  3.642884e-01  1.212283e-01 -9.233622e-01
   outer loop
     vertex  2.755679e+01  8.474685e+00  1.473029e+02
     vertex  2.741265e+01  9.288266e+00  1.473528e+02
     vertex  2.767409e+01  8.502645e+00  1.473528e+02
   endloop
 endfacet
 facet normal  9.808561e-01  1.449535e-01 -1.300379e-01
   outer loop
     vertex  2.802769e+01  7.697404e+00  1.476564e+02
     vertex  2.791728e+01  8.560610e+00  1.477858e+02
     vertex  2.804470e+01  7.698416e+00  1.477858e+02
   endloop
 endfacet
 facet normal  9.240363e-01 -2.570614e-02 -3.814394e-01
   outer loop
     vertex  2.802769e+01  7.697404e+00  1.476564e+02
     vertex  2.800354e+01  6.829152e+00  1.476564e+02
     vertex  2.795392e+01  6.834888e+00  1.475358e+02
   endloop
 endfacet
 facet normal  9.808561e-01  1.449535e-01 -1.300379e-01
   outer loop
     vertex  2.802769e+01  7.697404e+00  1.476564e+02
     vertex  2.790071e+01  8.556660e+00  1.476564e+02
     vertex  2.791728e+01  8.560610e+00  1.477858e+02
   endloop
 endfacet
 facet normal  9.144620e-01  1.351416e-01 -3.814394e-01
   outer loop
     vertex  2.802769e+01  7.697404e+00  1.476564e+02
     vertex  2.785212e+01  8.545078e+00  1.475358e+02
     vertex  2.790071e+01  8.556660e+00  1.476564e+02
   endloop
 endfacet
 facet normal  9.911256e-01 -2.757252e-02 -1.300379e-01
   outer loop
     vertex  2.802769e+01  7.697404e+00  1.476564e+02
     vertex  2.804470e+01  7.698416e+00  1.477858e+02
     vertex  2.800354e+01  6.829152e+00  1.476564e+02
   endloop
 endfacet
 facet normal  9.240363e-01 -2.570614e-02 -3.814394e-01
   outer loop
     vertex  2.797783e+01  7.694436e+00  1.475358e+02
     vertex  2.802769e+01  7.697404e+00  1.476564e+02
     vertex  2.795392e+01  6.834888e+00  1.475358e+02
   endloop
 endfacet
 facet normal  9.144620e-01  1.351416e-01 -3.814394e-01
   outer loop
     vertex  2.797783e+01  7.694436e+00  1.475358e+02
     vertex  2.785212e+01  8.545078e+00  1.475358e+02
     vertex  2.802769e+01  7.697404e+00  1.476564e+02
   endloop
 endfacet
 facet normal  7.941651e-01 -2.209320e-02 -6.073003e-01
   outer loop
     vertex  2.789851e+01  7.689715e+00  1.474323e+02
     vertex  2.795392e+01  6.834888e+00  1.475358e+02
     vertex  2.787498e+01  6.844012e+00  1.474323e+02
   endloop
 endfacet
 facet normal  7.859364e-01  1.161478e-01 -6.073003e-01
   outer loop
     vertex  2.789851e+01  7.689715e+00  1.474323e+02
     vertex  2.777483e+01  8.526655e+00  1.474323e+02
     vertex  2.785212e+01  8.545078e+00  1.475358e+02
   endloop
 endfacet
 facet normal  7.941651e-01 -2.209320e-02 -6.073003e-01
   outer loop
     vertex  2.789851e+01  7.689715e+00  1.474323e+02
     vertex  2.797783e+01  7.694436e+00  1.475358e+02
     vertex  2.795392e+01  6.834888e+00  1.475358e+02
   endloop
 endfacet
 facet normal  7.859364e-01  1.161478e-01 -6.073003e-01
   outer loop
     vertex  2.789851e+01  7.689715e+00  1.474323e+02
     vertex  2.785212e+01  8.545078e+00  1.475358e+02
     vertex  2.797783e+01  7.694436e+00  1.475358e+02
   endloop
 endfacet
 facet normal  6.099859e-01 -1.696945e-02 -7.922305e-01
   outer loop
     vertex  2.779514e+01  7.683562e+00  1.473528e+02
     vertex  2.787498e+01  6.844012e+00  1.474323e+02
     vertex  2.777212e+01  6.855902e+00  1.473528e+02
   endloop
 endfacet
 facet normal  6.036656e-01  8.921131e-02 -7.922305e-01
   outer loop
     vertex  2.779514e+01  7.683562e+00  1.473528e+02
     vertex  2.767409e+01  8.502645e+00  1.473528e+02
     vertex  2.777483e+01  8.526655e+00  1.474323e+02
   endloop
 endfacet
 facet normal  6.099859e-01 -1.696945e-02 -7.922305e-01
   outer loop
     vertex  2.779514e+01  7.683562e+00  1.473528e+02
     vertex  2.789851e+01  7.689715e+00  1.474323e+02
     vertex  2.787498e+01  6.844012e+00  1.474323e+02
   endloop
 endfacet
 facet normal  6.036656e-01  8.921131e-02 -7.922305e-01
   outer loop
     vertex  2.779514e+01  7.683562e+00  1.473528e+02
     vertex  2.777483e+01  8.526655e+00  1.474323e+02
     vertex  2.789851e+01  7.689715e+00  1.474323e+02
   endloop
 endfacet
 facet normal  3.837816e-01 -1.067658e-02 -9.233622e-01
   outer loop
     vertex  2.767476e+01  7.676396e+00  1.473029e+02
     vertex  2.777212e+01  6.855902e+00  1.473528e+02
     vertex  2.765232e+01  6.869749e+00  1.473029e+02
   endloop
 endfacet
 facet normal  1.309656e-01 -3.643384e-03 -9.913802e-01
   outer loop
     vertex  2.767476e+01  7.676396e+00  1.473029e+02
     vertex  2.765232e+01  6.869749e+00  1.473029e+02
     vertex  2.752377e+01  6.884609e+00  1.472858e+02
   endloop
 endfacet
 facet normal  1.309656e-01 -3.643384e-03 -9.913802e-01
   outer loop
     vertex  2.767476e+01  7.676396e+00  1.473029e+02
     vertex  2.752377e+01  6.884609e+00  1.472858e+02
     vertex  2.754558e+01  7.668707e+00  1.472858e+02
   endloop
 endfacet
 facet normal  1.296086e-01  1.915390e-02 -9.913802e-01
   outer loop
     vertex  2.767476e+01  7.676396e+00  1.473029e+02
     vertex  2.754558e+01  7.668707e+00  1.472858e+02
     vertex  2.755679e+01  8.474685e+00  1.473029e+02
   endloop
 endfacet
 facet normal  3.798051e-01  5.612860e-02 -9.233622e-01
   outer loop
     vertex  2.767476e+01  7.676396e+00  1.473029e+02
     vertex  2.755679e+01  8.474685e+00  1.473029e+02
     vertex  2.767409e+01  8.502645e+00  1.473528e+02
   endloop
 endfacet
 facet normal  3.798051e-01  5.612860e-02 -9.233622e-01
   outer loop
     vertex  2.767476e+01  7.676396e+00  1.473029e+02
     vertex  2.767409e+01  8.502645e+00  1.473528e+02
     vertex  2.779514e+01  7.683562e+00  1.473528e+02
   endloop
 endfacet
 facet normal  3.837816e-01 -1.067658e-02 -9.233622e-01
   outer loop
     vertex  2.767476e+01  7.676396e+00  1.473029e+02
     vertex  2.779514e+01  7.683562e+00  1.473528e+02
     vertex  2.777212e+01  6.855902e+00  1.473528e+02
   endloop
 endfacet
 facet normal  9.795980e-01 -2.009672e-01  5.898697e-16
   outer loop
     vertex  1.957668e+01  7.803207e+00  1.472858e+02
     vertex  1.969929e+01  8.400851e+00  1.531858e+02
     vertex  1.957668e+01  7.803207e+00  1.531858e+02
   endloop
 endfacet
 facet normal  9.298181e-01 -3.680195e-01  3.324071e-16
   outer loop
     vertex  1.969929e+01  8.400851e+00  1.472858e+02
     vertex  1.992382e+01  8.968123e+00  1.531858e+02
     vertex  1.969929e+01  8.400851e+00  1.531858e+02
   endloop
 endfacet
 facet normal  9.795980e-01 -2.009672e-01  1.815201e-16
   outer loop
     vertex  1.969929e+01  8.400851e+00  1.472858e+02
     vertex  1.969929e+01  8.400851e+00  1.531858e+02
     vertex  1.957668e+01  7.803207e+00  1.472858e+02
   endloop
 endfacet
 facet normal  8.517862e-01 -5.238896e-01  1.143833e-15
   outer loop
     vertex  1.992382e+01  8.968123e+00  1.472858e+02
     vertex  2.024344e+01  9.487790e+00  1.531858e+02
     vertex  1.992382e+01  8.968123e+00  1.531858e+02
   endloop
 endfacet
 facet normal  9.298181e-01 -3.680195e-01  1.003104e-15
   outer loop
     vertex  1.992382e+01  8.968123e+00  1.472858e+02
     vertex  1.992382e+01  8.968123e+00  1.531858e+02
     vertex  1.969929e+01  8.400851e+00  1.472858e+02
   endloop
 endfacet
 facet normal  7.478731e-01 -6.638417e-01  9.993387e-16
   outer loop
     vertex  2.024344e+01  9.487790e+00  1.472858e+02
     vertex  2.064844e+01  9.944060e+00  1.531858e+02
     vertex  2.024344e+01  9.487790e+00  1.531858e+02
   endloop
 endfacet
 facet normal  8.517862e-01 -5.238896e-01  7.886567e-16
   outer loop
     vertex  2.024344e+01  9.487790e+00  1.472858e+02
     vertex  2.024344e+01  9.487790e+00  1.531858e+02
     vertex  1.992382e+01  8.968123e+00  1.472858e+02
   endloop
 endfacet
 facet normal  6.212364e-01 -7.836232e-01  1.553737e-15
   outer loop
     vertex  2.064844e+01  9.944060e+00  1.472858e+02
     vertex  2.112652e+01  1.032307e+01  1.531858e+02
     vertex  2.064844e+01  9.944060e+00  1.531858e+02
   endloop
 endfacet
 facet normal  7.478731e-01 -6.638417e-01  1.449674e-15
   outer loop
     vertex  2.064844e+01  9.944060e+00  1.472858e+02
     vertex  2.064844e+01  9.944060e+00  1.531858e+02
     vertex  2.024344e+01  9.487790e+00  1.472858e+02
   endloop
 endfacet
 facet normal  4.757236e-01 -8.795948e-01  1.324131e-15
   outer loop
     vertex  2.112652e+01  1.032307e+01  1.472858e+02
     vertex  2.166315e+01  1.061330e+01  1.531858e+02
     vertex  2.112652e+01  1.032307e+01  1.531858e+02
   endloop
 endfacet
 facet normal  6.212364e-01 -7.836232e-01  1.179656e-15
   outer loop
     vertex  2.112652e+01  1.032307e+01  1.472858e+02
     vertex  2.112652e+01  1.032307e+01  1.531858e+02
     vertex  2.064844e+01  9.944060e+00  1.472858e+02
   endloop
 endfacet
 facet normal  3.157563e-01 -9.488403e-01  1.714046e-15
   outer loop
     vertex  2.166315e+01  1.061330e+01  1.472858e+02
     vertex  2.224203e+01  1.080594e+01  1.531858e+02
     vertex  2.166315e+01  1.061330e+01  1.531858e+02
   endloop
 endfacet
 facet normal  4.757236e-01 -8.795948e-01  1.588957e-15
   outer loop
     vertex  2.166315e+01  1.061330e+01  1.472858e+02
     vertex  2.166315e+01  1.061330e+01  1.531858e+02
     vertex  2.112652e+01  1.032307e+01  1.472858e+02
   endloop
 endfacet
 facet normal  1.461949e-01 -9.892558e-01  1.787056e-15
   outer loop
     vertex  2.224203e+01  1.080594e+01  1.472858e+02
     vertex  2.284557e+01  1.089514e+01  1.531858e+02
     vertex  2.224203e+01  1.080594e+01  1.531858e+02
   endloop
 endfacet
 facet normal  3.157563e-01 -9.488403e-01  1.714046e-15
   outer loop
     vertex  2.224203e+01  1.080594e+01  1.472858e+02
     vertex  2.224203e+01  1.080594e+01  1.531858e+02
     vertex  2.166315e+01  1.061330e+01  1.472858e+02
   endloop
 endfacet
 facet normal -2.780865e-02 -9.996133e-01  2.106727e-15
   outer loop
     vertex  2.284557e+01  1.089514e+01  1.472858e+02
     vertex  2.345542e+01  1.087817e+01  1.531858e+02
     vertex  2.284557e+01  1.089514e+01  1.531858e+02
   endloop
 endfacet
 facet normal  1.461949e-01 -9.892558e-01  2.084898e-15
   outer loop
     vertex  2.284557e+01  1.089514e+01  1.472858e+02
     vertex  2.284557e+01  1.089514e+01  1.531858e+02
     vertex  2.224203e+01  1.080594e+01  1.472858e+02
   endloop
 endfacet
 facet normal -2.780865e-02 -9.996133e-01  1.805766e-15
   outer loop
     vertex  2.345542e+01  1.087817e+01  1.472858e+02
     vertex  2.345542e+01  1.087817e+01  1.531858e+02
     vertex  2.284557e+01  1.089514e+01  1.472858e+02
   endloop
 endfacet
 facet normal -2.009672e-01 -9.795980e-01  1.943531e-15
   outer loop
     vertex  2.405306e+01  1.075556e+01  1.472858e+02
     vertex  2.405306e+01  1.075556e+01  1.531858e+02
     vertex  2.345542e+01  1.087817e+01  1.531858e+02
   endloop
 endfacet
 facet normal -3.680195e-01 -9.298181e-01  1.738026e-15
   outer loop
     vertex  2.405306e+01  1.075556e+01  1.472858e+02
     vertex  2.462034e+01  1.053104e+01  1.531858e+02
     vertex  2.405306e+01  1.075556e+01  1.531858e+02
   endloop
 endfacet
 facet normal -2.009672e-01 -9.795980e-01  1.769648e-15
   outer loop
     vertex  2.405306e+01  1.075556e+01  1.472858e+02
     vertex  2.345542e+01  1.087817e+01  1.531858e+02
     vertex  2.345542e+01  1.087817e+01  1.472858e+02
   endloop
 endfacet
 facet normal -3.680195e-01 -9.298181e-01  1.959631e-15
   outer loop
     vertex  2.462034e+01  1.053104e+01  1.472858e+02
     vertex  2.462034e+01  1.053104e+01  1.531858e+02
     vertex  2.405306e+01  1.075556e+01  1.472858e+02
   endloop
 endfacet
 facet normal -5.238896e-01 -8.517862e-01  1.223259e-15
   outer loop
     vertex  2.514000e+01  1.021142e+01  1.472858e+02
     vertex  2.514000e+01  1.021142e+01  1.531858e+02
     vertex  2.462034e+01  1.053104e+01  1.531858e+02
   endloop
 endfacet
 facet normal -6.638417e-01 -7.478731e-01  9.512708e-16
   outer loop
     vertex  2.514000e+01  1.021142e+01  1.472858e+02
     vertex  2.559627e+01  9.806414e+00  1.531858e+02
     vertex  2.514000e+01  1.021142e+01  1.531858e+02
   endloop
 endfacet
 facet normal -5.238896e-01 -8.517862e-01  1.796636e-15
   outer loop
     vertex  2.514000e+01  1.021142e+01  1.472858e+02
     vertex  2.462034e+01  1.053104e+01  1.531858e+02
     vertex  2.462034e+01  1.053104e+01  1.472858e+02
   endloop
 endfacet
 facet normal -7.836232e-01 -6.212364e-01  1.309282e-15
   outer loop
     vertex  2.559627e+01  9.806414e+00  1.472858e+02
     vertex  2.597528e+01  9.328333e+00  1.531858e+02
     vertex  2.559627e+01  9.806414e+00  1.531858e+02
   endloop
 endfacet
 facet normal -6.638417e-01 -7.478731e-01  1.576174e-15
   outer loop
     vertex  2.559627e+01  9.806414e+00  1.472858e+02
     vertex  2.559627e+01  9.806414e+00  1.531858e+02
     vertex  2.514000e+01  1.021142e+01  1.472858e+02
   endloop
 endfacet
 facet normal -7.836232e-01 -6.212364e-01  1.309282e-15
   outer loop
     vertex  2.597528e+01  9.328333e+00  1.472858e+02
     vertex  2.597528e+01  9.328333e+00  1.531858e+02
     vertex  2.559627e+01  9.806414e+00  1.472858e+02
   endloop
 endfacet
 facet normal -8.795948e-01 -4.757236e-01  1.002415e-15
   outer loop
     vertex  2.626552e+01  8.791701e+00  1.472858e+02
     vertex  2.597528e+01  9.328333e+00  1.531858e+02
     vertex  2.597528e+01  9.328333e+00  1.472858e+02
   endloop
 endfacet
 facet normal -8.795948e-01 -4.757236e-01  1.145837e-15
   outer loop
     vertex  2.626552e+01  8.791701e+00  1.472858e+02
     vertex  2.626552e+01  8.791701e+00  1.531858e+02
     vertex  2.597528e+01  9.328333e+00  1.531858e+02
   endloop
 endfacet
 facet normal -9.488403e-01 -3.157563e-01  7.595221e-16
   outer loop
     vertex  2.645816e+01  8.212823e+00  1.472858e+02
     vertex  2.626552e+01  8.791701e+00  1.531858e+02
     vertex  2.626552e+01  8.791701e+00  1.472858e+02
   endloop
 endfacet
 facet normal -9.488403e-01 -3.157563e-01  7.605367e-16
   outer loop
     vertex  2.645816e+01  8.212823e+00  1.472858e+02
     vertex  2.645816e+01  8.212823e+00  1.531858e+02
     vertex  2.626552e+01  8.791701e+00  1.531858e+02
   endloop
 endfacet
 facet normal -9.892558e-01 -1.461949e-01  3.521278e-16
   outer loop
     vertex  2.645816e+01  8.212823e+00  1.472858e+02
     vertex  2.654735e+01  7.609288e+00  1.531858e+02
     vertex  2.645816e+01  8.212823e+00  1.531858e+02
   endloop
 endfacet
 facet normal -9.892558e-01 -1.461949e-01  3.741357e-16
   outer loop
     vertex  2.654735e+01  7.609288e+00  1.472858e+02
     vertex  2.654735e+01  7.609288e+00  1.531858e+02
     vertex  2.645816e+01  8.212823e+00  1.472858e+02
   endloop
 endfacet
 facet normal -9.996133e-01  2.780865e-02 -7.132568e-17
   outer loop
     vertex  2.653038e+01  6.999433e+00  1.472858e+02
     vertex  2.654735e+01  7.609288e+00  1.531858e+02
     vertex  2.654735e+01  7.609288e+00  1.472858e+02
   endloop
 endfacet
 facet normal -9.996133e-01  2.780865e-02 -6.228534e-16
   outer loop
     vertex  2.653038e+01  6.999433e+00  1.472858e+02
     vertex  2.653038e+01  6.999433e+00  1.531858e+02
     vertex  2.654735e+01  7.609288e+00  1.531858e+02
   endloop
 endfacet
 facet normal  3.680195e-01  9.298181e-01 -1.677464e-15
   outer loop
     vertex  2.448143e+01  1.219309e+01  1.477858e+02
     vertex  2.448143e+01  1.219309e+01  1.589858e+02
     vertex  2.529182e+01  1.187234e+01  1.589858e+02
   endloop
 endfacet
 facet normal  2.009672e-01  9.795980e-01 -1.589551e-15
   outer loop
     vertex  2.448143e+01  1.219309e+01  1.477858e+02
     vertex  2.362766e+01  1.236825e+01  1.589858e+02
     vertex  2.448143e+01  1.219309e+01  1.589858e+02
   endloop
 endfacet
 facet normal  2.009672e-01  9.795980e-01 -1.865263e-15
   outer loop
     vertex  2.448143e+01  1.219309e+01  1.477858e+02
     vertex  2.362766e+01  1.236825e+01  1.477858e+02
     vertex  2.362766e+01  1.236825e+01  1.589858e+02
   endloop
 endfacet
 facet normal  3.680195e-01  9.298181e-01 -1.529992e-15
   outer loop
     vertex  2.529182e+01  1.187234e+01  1.477858e+02
     vertex  2.448143e+01  1.219309e+01  1.477858e+02
     vertex  2.529182e+01  1.187234e+01  1.589858e+02
   endloop
 endfacet
 facet normal  6.638417e-01  7.478731e-01 -1.251456e-15
   outer loop
     vertex  2.603420e+01  1.141574e+01  1.477858e+02
     vertex  2.603420e+01  1.141574e+01  1.589858e+02
     vertex  2.668602e+01  1.083717e+01  1.589858e+02
   endloop
 endfacet
 facet normal  5.238896e-01  8.517862e-01 -1.278035e-15
   outer loop
     vertex  2.603420e+01  1.141574e+01  1.477858e+02
     vertex  2.529182e+01  1.187234e+01  1.589858e+02
     vertex  2.603420e+01  1.141574e+01  1.589858e+02
   endloop
 endfacet
 facet normal  5.238896e-01  8.517862e-01 -1.580924e-15
   outer loop
     vertex  2.603420e+01  1.141574e+01  1.477858e+02
     vertex  2.529182e+01  1.187234e+01  1.477858e+02
     vertex  2.529182e+01  1.187234e+01  1.589858e+02
   endloop
 endfacet
 facet normal  6.638417e-01  7.478731e-01 -1.370071e-15
   outer loop
     vertex  2.668602e+01  1.083717e+01  1.477858e+02
     vertex  2.603420e+01  1.141574e+01  1.477858e+02
     vertex  2.668602e+01  1.083717e+01  1.589858e+02
   endloop
 endfacet
 facet normal  7.836232e-01  6.212364e-01 -8.397512e-16
   outer loop
     vertex  2.722746e+01  1.015420e+01  1.477858e+02
     vertex  2.668602e+01  1.083717e+01  1.589858e+02
     vertex  2.722746e+01  1.015420e+01  1.589858e+02
   endloop
 endfacet
 facet normal  7.836232e-01  6.212364e-01 -1.285212e-15
   outer loop
     vertex  2.722746e+01  1.015420e+01  1.477858e+02
     vertex  2.668602e+01  1.083717e+01  1.477858e+02
     vertex  2.668602e+01  1.083717e+01  1.589858e+02
   endloop
 endfacet
 facet normal  8.795948e-01  4.757236e-01 -7.317213e-16
   outer loop
     vertex  2.764208e+01  9.387579e+00  1.477858e+02
     vertex  2.722746e+01  1.015420e+01  1.589858e+02
     vertex  2.764208e+01  9.387579e+00  1.589858e+02
   endloop
 endfacet
 facet normal  8.795948e-01  4.757236e-01 -7.279075e-16
   outer loop
     vertex  2.764208e+01  9.387579e+00  1.477858e+02
     vertex  2.722746e+01  1.015420e+01  1.477858e+02
     vertex  2.722746e+01  1.015420e+01  1.589858e+02
   endloop
 endfacet
 facet normal  9.892558e-01  1.461949e-01 -4.297334e-16
   outer loop
     vertex  2.791728e+01  8.560610e+00  1.477858e+02
     vertex  2.791728e+01  8.560610e+00  1.589858e+02
     vertex  2.804470e+01  7.698416e+00  1.589858e+02
   endloop
 endfacet
 facet normal  9.488403e-01  3.157563e-01 -5.513783e-16
   outer loop
     vertex  2.791728e+01  8.560610e+00  1.477858e+02
     vertex  2.764208e+01  9.387579e+00  1.589858e+02
     vertex  2.791728e+01  8.560610e+00  1.589858e+02
   endloop
 endfacet
 facet normal  9.488403e-01  3.157563e-01 -5.999550e-16
   outer loop
     vertex  2.791728e+01  8.560610e+00  1.477858e+02
     vertex  2.764208e+01  9.387579e+00  1.477858e+02
     vertex  2.764208e+01  9.387579e+00  1.589858e+02
   endloop
 endfacet
 facet normal  9.892558e-01  1.461949e-01 -4.297334e-16
   outer loop
     vertex  2.804470e+01  7.698416e+00  1.477858e+02
     vertex  2.791728e+01  8.560610e+00  1.477858e+02
     vertex  2.804470e+01  7.698416e+00  1.589858e+02
   endloop
 endfacet
 facet normal  9.996133e-01 -2.780865e-02  3.170839e-16
   outer loop
     vertex  2.802046e+01  6.827196e+00  1.477858e+02
     vertex  2.804470e+01  7.698416e+00  1.589858e+02
     vertex  2.802046e+01  6.827196e+00  1.589858e+02
   endloop
 endfacet
 facet normal  9.996133e-01 -2.780865e-02 -2.950016e-16
   outer loop
     vertex  2.802046e+01  6.827196e+00  1.477858e+02
     vertex  2.804470e+01  7.698416e+00  1.477858e+02
     vertex  2.804470e+01  7.698416e+00  1.589858e+02
   endloop
 endfacet
 facet normal  0.000000e+00  0.000000e+00 -1.000000e+00
   outer loop
     vertex -3.606316e+01  1.633595e+01  1.472858e+02
     vertex -3.704043e+01  1.781770e+01  1.472858e+02
     vertex -3.635047e+01  1.819086e+01  1.472858e+02
   endloop
 endfacet
 facet normal  0.000000e+00  0.000000e+00 -1.000000e+00
   outer loop
     vertex -3.643538e+01  1.604087e+01  1.472858e+02
     vertex -3.765510e+01  1.733040e+01  1.472858e+02
     vertex -3.704043e+01  1.781770e+01  1.472858e+02
   endloop
 endfacet
 facet normal  0.000000e+00  0.000000e+00 -1.000000e+00
   outer loop
     vertex -3.643538e+01  1.604087e+01  1.472858e+02
     vertex -3.704043e+01  1.781770e+01  1.472858e+02
     vertex -3.606316e+01  1.633595e+01  1.472858e+02
   endloop
 endfacet
 facet normal  0.000000e+00  0.000000e+00 -1.000000e+00
   outer loop
     vertex -3.675070e+01  1.568563e+01  1.472858e+02
     vertex -3.817582e+01  1.674377e+01  1.472858e+02
     vertex -3.765510e+01  1.733040e+01  1.472858e+02
   endloop
 endfacet
 facet normal  0.000000e+00  0.000000e+00 -1.000000e+00
   outer loop
     vertex -3.675070e+01  1.568563e+01  1.472858e+02
     vertex -3.765510e+01  1.733040e+01  1.472858e+02
     vertex -3.643538e+01  1.604087e+01  1.472858e+02
   endloop
 endfacet
 facet normal  0.000000e+00  0.000000e+00 -1.000000e+00
   outer loop
     vertex -3.564535e+01  1.656192e+01  1.472858e+02
     vertex -3.635047e+01  1.819086e+01  1.472858e+02
     vertex -3.560620e+01  1.843854e+01  1.472858e+02
   endloop
 endfacet
 facet normal -0.000000e+00  0.000000e+00 -1.000000e+00
   outer loop
     vertex -3.564535e+01  1.656192e+01  1.472858e+02
     vertex -3.606316e+01  1.633595e+01  1.472858e+02
     vertex -3.635047e+01  1.819086e+01  1.472858e+02
   endloop
 endfacet
 facet normal  0.000000e+00  0.000000e+00 -1.000000e+00
   outer loop
     vertex -3.519465e+01  1.671191e+01  1.472858e+02
     vertex -3.560620e+01  1.843854e+01  1.472858e+02
     vertex -3.483023e+01  1.855321e+01  1.472858e+02
   endloop
 endfacet
 facet normal -0.000000e+00  0.000000e+00 -1.000000e+00
   outer loop
     vertex -3.519465e+01  1.671191e+01  1.472858e+02
     vertex -3.564535e+01  1.656192e+01  1.472858e+02
     vertex -3.560620e+01  1.843854e+01  1.472858e+02
   endloop
 endfacet
 facet normal  0.000000e+00  0.000000e+00 -1.000000e+00
   outer loop
     vertex -3.699955e+01  1.528103e+01  1.472858e+02
     vertex -3.858676e+01  1.607562e+01  1.472858e+02
     vertex -3.817582e+01  1.674377e+01  1.472858e+02
   endloop
 endfacet
 facet normal  0.000000e+00  0.000000e+00 -1.000000e+00
   outer loop
     vertex -3.699955e+01  1.528103e+01  1.472858e+02
     vertex -3.817582e+01  1.674377e+01  1.472858e+02
     vertex -3.675070e+01  1.568563e+01  1.472858e+02
   endloop
 endfacet
 facet normal  0.000000e+00  0.000000e+00 -1.000000e+00
   outer loop
     vertex -3.717436e+01  1.483937e+01  1.472858e+02
     vertex -3.858676e+01  1.607562e+01  1.472858e+02
     vertex -3.699955e+01  1.528103e+01  1.472858e+02
   endloop
 endfacet
 facet normal  0.000000e+00  0.000000e+00 -1.000000e+00
   outer loop
     vertex -3.717436e+01  1.483937e+01  1.472858e+02
     vertex -3.887544e+01  1.534627e+01  1.472858e+02
     vertex -3.858676e+01  1.607562e+01  1.472858e+02
   endloop
 endfacet
 facet normal -3.630776e-14 -2.161197e-15 -1.000000e+00
   outer loop
     vertex -3.472476e+01  1.678135e+01  1.472858e+02
     vertex -3.483023e+01  1.855321e+01  1.472858e+02
     vertex -3.404613e+01  1.853140e+01  1.472858e+02
   endloop
 endfacet
 facet normal -0.000000e+00  0.000000e+00 -1.000000e+00
   outer loop
     vertex -3.472476e+01  1.678135e+01  1.472858e+02
     vertex -3.519465e+01  1.671191e+01  1.472858e+02
     vertex -3.483023e+01  1.855321e+01  1.472858e+02
   endloop
 endfacet
 facet normal  0.000000e+00  0.000000e+00 -1.000000e+00
   outer loop
     vertex -3.726982e+01  1.437406e+01  1.472858e+02
     vertex -3.887544e+01  1.534627e+01  1.472858e+02
     vertex -3.717436e+01  1.483937e+01  1.472858e+02
   endloop
 endfacet
 facet normal  0.000000e+00  0.000000e+00 -1.000000e+00
   outer loop
     vertex -3.726982e+01  1.437406e+01  1.472858e+02
     vertex -3.903308e+01  1.457787e+01  1.472858e+02
     vertex -3.887544e+01  1.534627e+01  1.472858e+02
   endloop
 endfacet
 facet normal -4.469793e-16 -1.606718e-14 -1.000000e+00
   outer loop
     vertex -3.424994e+01  1.676814e+01  1.472858e+02
     vertex -3.472476e+01  1.678135e+01  1.472858e+02
     vertex -3.404613e+01  1.853140e+01  1.472858e+02
   endloop
 endfacet
 facet normal  0.000000e+00  0.000000e+00 -1.000000e+00
   outer loop
     vertex -3.728303e+01  1.389925e+01  1.472858e+02
     vertex -3.903308e+01  1.457787e+01  1.472858e+02
     vertex -3.726982e+01  1.437406e+01  1.472858e+02
   endloop
 endfacet
 facet normal -0.000000e+00  0.000000e+00 -1.000000e+00
   outer loop
     vertex -3.728303e+01  1.389925e+01  1.472858e+02
     vertex -3.905489e+01  1.379378e+01  1.472858e+02
     vertex -3.903308e+01  1.457787e+01  1.472858e+02
   endloop
 endfacet
 facet normal -3.230225e-15 -1.574546e-14 -1.000000e+00
   outer loop
     vertex -3.378463e+01  1.667268e+01  1.472858e+02
     vertex -3.424994e+01  1.676814e+01  1.472858e+02
     vertex -3.404613e+01  1.853140e+01  1.472858e+02
   endloop
 endfacet
 facet normal  0.000000e+00  0.000000e+00 -1.000000e+00
   outer loop
     vertex -3.721358e+01  1.342935e+01  1.472858e+02
     vertex -3.905489e+01  1.379378e+01  1.472858e+02
     vertex -3.728303e+01  1.389925e+01  1.472858e+02
   endloop
 endfacet
 facet normal -0.000000e+00  0.000000e+00 -1.000000e+00
   outer loop
     vertex -3.721358e+01  1.342935e+01  1.472858e+02
     vertex -3.894021e+01  1.301780e+01  1.472858e+02
     vertex -3.905489e+01  1.379378e+01  1.472858e+02
   endloop
 endfacet
 facet normal -0.000000e+00  0.000000e+00 -1.000000e+00
   outer loop
     vertex -3.163815e+01  1.754006e+01  1.472858e+02
     vertex -3.187563e+01  1.737218e+01  1.472858e+02
     vertex -3.404613e+01  1.853140e+01  1.472858e+02
   endloop
 endfacet
 facet normal  0.000000e+00  0.000000e+00 -1.000000e+00
   outer loop
     vertex -3.202911e+01  1.718499e+01  1.472858e+02
     vertex -3.334297e+01  1.649787e+01  1.472858e+02
     vertex -3.378463e+01  1.667268e+01  1.472858e+02
   endloop
 endfacet
 facet normal  4.286346e-15 -1.468800e-14 -1.000000e+00
   outer loop
     vertex -3.202911e+01  1.718499e+01  1.472858e+02
     vertex -3.378463e+01  1.667268e+01  1.472858e+02
     vertex -3.404613e+01  1.853140e+01  1.472858e+02
   endloop
 endfacet
 facet normal -5.639579e-14 -1.055942e-13 -1.000000e+00
   outer loop
     vertex -3.202911e+01  1.718499e+01  1.472858e+02
     vertex -3.404613e+01  1.853140e+01  1.472858e+02
     vertex -3.187563e+01  1.737218e+01  1.472858e+02
   endloop
 endfacet
 facet normal -0.000000e+00  0.000000e+00 -1.000000e+00
   outer loop
     vertex -3.149131e+01  1.759992e+01  1.472858e+02
     vertex -3.163815e+01  1.754006e+01  1.472858e+02
     vertex -3.404613e+01  1.853140e+01  1.472858e+02
   endloop
 endfacet
 facet normal -0.000000e+00  0.000000e+00 -1.000000e+00
   outer loop
     vertex -3.132282e+01  1.763811e+01  1.472858e+02
     vertex -3.149131e+01  1.759992e+01  1.472858e+02
     vertex -3.404613e+01  1.853140e+01  1.472858e+02
   endloop
 endfacet
 facet normal -1.104740e-13  2.112415e-13 -1.000000e+00
   outer loop
     vertex -3.211781e+01  1.700405e+01  1.472858e+02
     vertex -3.334297e+01  1.649787e+01  1.472858e+02
     vertex -3.202911e+01  1.718499e+01  1.472858e+02
   endloop
 endfacet
 facet normal  0.000000e+00  0.000000e+00 -1.000000e+00
   outer loop
     vertex -3.706360e+01  1.297865e+01  1.472858e+02
     vertex -3.894021e+01  1.301780e+01  1.472858e+02
     vertex -3.721358e+01  1.342935e+01  1.472858e+02
   endloop
 endfacet
 facet normal -0.000000e+00  0.000000e+00 -1.000000e+00
   outer loop
     vertex -3.706360e+01  1.297865e+01  1.472858e+02
     vertex -3.869253e+01  1.227353e+01  1.472858e+02
     vertex -3.894021e+01  1.301780e+01  1.472858e+02
   endloop
 endfacet
 facet normal -1.634312e-14 -2.657209e-14 -1.000000e+00
   outer loop
     vertex -3.216224e+01  1.684127e+01  1.472858e+02
     vertex -3.293838e+01  1.624902e+01  1.472858e+02
     vertex -3.334297e+01  1.649787e+01  1.472858e+02
   endloop
 endfacet
 facet normal -2.614672e-14  7.136137e-15 -1.000000e+00
   outer loop
     vertex -3.216224e+01  1.684127e+01  1.472858e+02
     vertex -3.334297e+01  1.649787e+01  1.472858e+02
     vertex -3.211781e+01  1.700405e+01  1.472858e+02
   endloop
 endfacet
 facet normal -0.000000e+00  0.000000e+00 -1.000000e+00
   outer loop
     vertex -3.106266e+01  1.764110e+01  1.472858e+02
     vertex -3.132282e+01  1.763811e+01  1.472858e+02
     vertex -3.404613e+01  1.853140e+01  1.472858e+02
   endloop
 endfacet
 facet normal  4.218454e-14 -1.032720e-13 -1.000000e+00
   outer loop
     vertex -3.217372e+01  1.656137e+01  1.472858e+02
     vertex -3.293838e+01  1.624902e+01  1.472858e+02
     vertex -3.216224e+01  1.684127e+01  1.472858e+02
   endloop
 endfacet
 facet normal -0.000000e+00  0.000000e+00 -1.000000e+00
   outer loop
     vertex -3.683763e+01  1.256085e+01  1.472858e+02
     vertex -3.869253e+01  1.227353e+01  1.472858e+02
     vertex -3.706360e+01  1.297865e+01  1.472858e+02
   endloop
 endfacet
 facet normal  0.000000e+00  0.000000e+00 -1.000000e+00
   outer loop
     vertex -3.683763e+01  1.256085e+01  1.472858e+02
     vertex -3.831938e+01  1.158357e+01  1.472858e+02
     vertex -3.869253e+01  1.227353e+01  1.472858e+02
   endloop
 endfacet
 facet normal  0.000000e+00  0.000000e+00 -1.000000e+00
   outer loop
     vertex -3.258314e+01  1.593370e+01  1.472858e+02
     vertex -3.293838e+01  1.624902e+01  1.472858e+02
     vertex -3.217372e+01  1.656137e+01  1.472858e+02
   endloop
 endfacet
 facet normal -0.000000e+00  0.000000e+00 -1.000000e+00
   outer loop
     vertex -3.210661e+01  1.628940e+01  1.472858e+02
     vertex -3.258314e+01  1.593370e+01  1.472858e+02
     vertex -3.217372e+01  1.656137e+01  1.472858e+02
   endloop
 endfacet
 facet normal -0.000000e+00  0.000000e+00 -1.000000e+00
   outer loop
     vertex -3.196825e+01  1.604618e+01  1.472858e+02
     vertex -3.258314e+01  1.593370e+01  1.472858e+02
     vertex -3.210661e+01  1.628940e+01  1.472858e+02
   endloop
 endfacet
 facet normal -0.000000e+00  0.000000e+00 -1.000000e+00
   outer loop
     vertex -3.654254e+01  1.218863e+01  1.472858e+02
     vertex -3.831938e+01  1.158357e+01  1.472858e+02
     vertex -3.683763e+01  1.256085e+01  1.472858e+02
   endloop
 endfacet
 facet normal  0.000000e+00  0.000000e+00 -1.000000e+00
   outer loop
     vertex -3.228805e+01  1.556148e+01  1.472858e+02
     vertex -3.258314e+01  1.593370e+01  1.472858e+02
     vertex -3.196825e+01  1.604618e+01  1.472858e+02
   endloop
 endfacet
 facet normal  0.000000e+00  0.000000e+00 -1.000000e+00
   outer loop
     vertex -3.783208e+01  1.096890e+01  1.472858e+02
     vertex -3.831938e+01  1.158357e+01  1.472858e+02
     vertex -3.654254e+01  1.218863e+01  1.472858e+02
   endloop
 endfacet
 facet normal -0.000000e+00  0.000000e+00 -1.000000e+00
   outer loop
     vertex -3.169505e+01  1.562576e+01  1.472858e+02
     vertex -3.228805e+01  1.556148e+01  1.472858e+02
     vertex -3.196825e+01  1.604618e+01  1.472858e+02
   endloop
 endfacet
 facet normal -0.000000e+00  0.000000e+00 -1.000000e+00
   outer loop
     vertex -3.618731e+01  1.187330e+01  1.472858e+02
     vertex -3.783208e+01  1.096890e+01  1.472858e+02
     vertex -3.654254e+01  1.218863e+01  1.472858e+02
   endloop
 endfacet
 facet normal  0.000000e+00  0.000000e+00 -1.000000e+00
   outer loop
     vertex -3.206208e+01  1.514367e+01  1.472858e+02
     vertex -3.228805e+01  1.556148e+01  1.472858e+02
     vertex -3.169505e+01  1.562576e+01  1.472858e+02
   endloop
 endfacet
 facet normal -0.000000e+00  0.000000e+00 -1.000000e+00
   outer loop
     vertex -3.148940e+01  1.516848e+01  1.472858e+02
     vertex -3.206208e+01  1.514367e+01  1.472858e+02
     vertex -3.169505e+01  1.562576e+01  1.472858e+02
   endloop
 endfacet
 facet normal  0.000000e+00  0.000000e+00 -1.000000e+00
   outer loop
     vertex -3.191210e+01  1.469298e+01  1.472858e+02
     vertex -3.206208e+01  1.514367e+01  1.472858e+02
     vertex -3.148940e+01  1.516848e+01  1.472858e+02
   endloop
 endfacet
 facet normal  0.000000e+00  0.000000e+00 -1.000000e+00
   outer loop
     vertex -3.724544e+01  1.044818e+01  1.472858e+02
     vertex -3.618731e+01  1.187330e+01  1.472858e+02
     vertex -3.578271e+01  1.162445e+01  1.472858e+02
   endloop
 endfacet
 facet normal  0.000000e+00  0.000000e+00 -1.000000e+00
   outer loop
     vertex -3.724544e+01  1.044818e+01  1.472858e+02
     vertex -3.783208e+01  1.096890e+01  1.472858e+02
     vertex -3.618731e+01  1.187330e+01  1.472858e+02
   endloop
 endfacet
 facet normal  0.000000e+00  0.000000e+00 -1.000000e+00
   outer loop
     vertex -3.135615e+01  1.468513e+01  1.472858e+02
     vertex -3.191210e+01  1.469298e+01  1.472858e+02
     vertex -3.148940e+01  1.516848e+01  1.472858e+02
   endloop
 endfacet
 facet normal  0.000000e+00  0.000000e+00 -1.000000e+00
   outer loop
     vertex -3.184266e+01  1.422308e+01  1.472858e+02
     vertex -3.191210e+01  1.469298e+01  1.472858e+02
     vertex -3.135615e+01  1.468513e+01  1.472858e+02
   endloop
 endfacet
 facet normal  0.000000e+00  0.000000e+00 -1.000000e+00
   outer loop
     vertex -3.657730e+01  1.003724e+01  1.472858e+02
     vertex -3.724544e+01  1.044818e+01  1.472858e+02
     vertex -3.578271e+01  1.162445e+01  1.472858e+02
   endloop
 endfacet
 facet normal  0.000000e+00  0.000000e+00 -1.000000e+00
   outer loop
     vertex -3.129843e+01  1.418707e+01  1.472858e+02
     vertex -3.184266e+01  1.422308e+01  1.472858e+02
     vertex -3.135615e+01  1.468513e+01  1.472858e+02
   endloop
 endfacet
 facet normal -0.000000e+00  0.000000e+00 -1.000000e+00
   outer loop
     vertex -3.129843e+01  1.418707e+01  1.472858e+02
     vertex -3.185586e+01  1.374826e+01  1.472858e+02
     vertex -3.184266e+01  1.422308e+01  1.472858e+02
   endloop
 endfacet
 facet normal  0.000000e+00  0.000000e+00 -1.000000e+00
   outer loop
     vertex -3.131761e+01  1.368605e+01  1.472858e+02
     vertex -3.185586e+01  1.374826e+01  1.472858e+02
     vertex -3.129843e+01  1.418707e+01  1.472858e+02
   endloop
 endfacet
 facet normal  0.000000e+00  0.000000e+00 -1.000000e+00
   outer loop
     vertex -3.584795e+01  9.748566e+00  1.472858e+02
     vertex -3.578271e+01  1.162445e+01  1.472858e+02
     vertex -3.534105e+01  1.144965e+01  1.472858e+02
   endloop
 endfacet
 facet normal  0.000000e+00  0.000000e+00 -1.000000e+00
   outer loop
     vertex -3.584795e+01  9.748566e+00  1.472858e+02
     vertex -3.657730e+01  1.003724e+01  1.472858e+02
     vertex -3.578271e+01  1.162445e+01  1.472858e+02
   endloop
 endfacet
 facet normal  0.000000e+00  0.000000e+00 -1.000000e+00
   outer loop
     vertex -3.141324e+01  1.319386e+01  1.472858e+02
     vertex -3.195132e+01  1.328296e+01  1.472858e+02
     vertex -3.185586e+01  1.374826e+01  1.472858e+02
   endloop
 endfacet
 facet normal  0.000000e+00  0.000000e+00 -1.000000e+00
   outer loop
     vertex -3.141324e+01  1.319386e+01  1.472858e+02
     vertex -3.185586e+01  1.374826e+01  1.472858e+02
     vertex -3.131761e+01  1.368605e+01  1.472858e+02
   endloop
 endfacet
 facet normal  0.000000e+00  0.000000e+00 -1.000000e+00
   outer loop
     vertex -3.158305e+01  1.272211e+01  1.472858e+02
     vertex -3.212613e+01  1.284129e+01  1.472858e+02
     vertex -3.195132e+01  1.328296e+01  1.472858e+02
   endloop
 endfacet
 facet normal  0.000000e+00  0.000000e+00 -1.000000e+00
   outer loop
     vertex -3.158305e+01  1.272211e+01  1.472858e+02
     vertex -3.195132e+01  1.328296e+01  1.472858e+02
     vertex -3.141324e+01  1.319386e+01  1.472858e+02
   endloop
 endfacet
 facet normal  0.000000e+00  0.000000e+00 -1.000000e+00
   outer loop
     vertex -3.182306e+01  1.228189e+01  1.472858e+02
     vertex -3.212613e+01  1.284129e+01  1.472858e+02
     vertex -3.158305e+01  1.272211e+01  1.472858e+02
   endloop
 endfacet
 facet normal  0.000000e+00  0.000000e+00 -1.000000e+00
   outer loop
     vertex -3.182306e+01  1.228189e+01  1.472858e+02
     vertex -3.237498e+01  1.243670e+01  1.472858e+02
     vertex -3.212613e+01  1.284129e+01  1.472858e+02
   endloop
 endfacet
 facet normal  0.000000e+00  0.000000e+00 -1.000000e+00
   outer loop
     vertex -3.507955e+01  9.590927e+00  1.472858e+02
     vertex -3.534105e+01  1.144965e+01  1.472858e+02
     vertex -3.487574e+01  1.135419e+01  1.472858e+02
   endloop
 endfacet
 facet normal  0.000000e+00  0.000000e+00 -1.000000e+00
   outer loop
     vertex -3.507955e+01  9.590927e+00  1.472858e+02
     vertex -3.487574e+01  1.135419e+01  1.472858e+02
     vertex -3.440092e+01  1.134098e+01  1.472858e+02
   endloop
 endfacet
 facet normal  0.000000e+00  0.000000e+00 -1.000000e+00
   outer loop
     vertex -3.507955e+01  9.590927e+00  1.472858e+02
     vertex -3.584795e+01  9.748566e+00  1.472858e+02
     vertex -3.534105e+01  1.144965e+01  1.472858e+02
   endloop
 endfacet
 facet normal  0.000000e+00  0.000000e+00 -1.000000e+00
   outer loop
     vertex -3.212760e+01  1.188359e+01  1.472858e+02
     vertex -3.237498e+01  1.243670e+01  1.472858e+02
     vertex -3.182306e+01  1.228189e+01  1.472858e+02
   endloop
 endfacet
 facet normal  0.000000e+00  0.000000e+00 -1.000000e+00
   outer loop
     vertex -3.212760e+01  1.188359e+01  1.472858e+02
     vertex -3.269030e+01  1.208146e+01  1.472858e+02
     vertex -3.237498e+01  1.243670e+01  1.472858e+02
   endloop
 endfacet
 facet normal  0.000000e+00  0.000000e+00 -1.000000e+00
   outer loop
     vertex -3.248951e+01  1.153658e+01  1.472858e+02
     vertex -3.269030e+01  1.208146e+01  1.472858e+02
     vertex -3.212760e+01  1.188359e+01  1.472858e+02
   endloop
 endfacet
 facet normal  0.000000e+00  0.000000e+00 -1.000000e+00
   outer loop
     vertex -3.248951e+01  1.153658e+01  1.472858e+02
     vertex -3.306252e+01  1.178637e+01  1.472858e+02
     vertex -3.269030e+01  1.208146e+01  1.472858e+02
   endloop
 endfacet
 facet normal  0.000000e+00  0.000000e+00 -1.000000e+00
   outer loop
     vertex -3.266813e+01  1.134740e+01  1.472858e+02
     vertex -3.306252e+01  1.178637e+01  1.472858e+02
     vertex -3.248951e+01  1.153658e+01  1.472858e+02
   endloop
 endfacet
 facet normal  0.000000e+00  0.000000e+00 -1.000000e+00
   outer loop
     vertex -3.275774e+01  1.119970e+01  1.472858e+02
     vertex -3.306252e+01  1.178637e+01  1.472858e+02
     vertex -3.266813e+01  1.134740e+01  1.472858e+02
   endloop
 endfacet
 facet normal  0.000000e+00  0.000000e+00 -1.000000e+00
   outer loop
     vertex -3.275774e+01  1.119970e+01  1.472858e+02
     vertex -3.348033e+01  1.156040e+01  1.472858e+02
     vertex -3.306252e+01  1.178637e+01  1.472858e+02
   endloop
 endfacet
 facet normal  0.000000e+00  0.000000e+00 -1.000000e+00
   outer loop
     vertex -3.281672e+01  1.105250e+01  1.472858e+02
     vertex -3.348033e+01  1.156040e+01  1.472858e+02
     vertex -3.275774e+01  1.119970e+01  1.472858e+02
   endloop
 endfacet
 facet normal  0.000000e+00  0.000000e+00 -1.000000e+00
   outer loop
     vertex -3.286098e+01  1.076506e+01  1.472858e+02
     vertex -3.393103e+01  1.141042e+01  1.472858e+02
     vertex -3.348033e+01  1.156040e+01  1.472858e+02
   endloop
 endfacet
 facet normal  0.000000e+00  0.000000e+00 -1.000000e+00
   outer loop
     vertex -3.286098e+01  1.076506e+01  1.472858e+02
     vertex -3.348033e+01  1.156040e+01  1.472858e+02
     vertex -3.281672e+01  1.105250e+01  1.472858e+02
   endloop
 endfacet
 facet normal  0.000000e+00  0.000000e+00 -1.000000e+00
   outer loop
     vertex -3.283298e+01  1.052462e+01  1.472858e+02
     vertex -3.440092e+01  1.134098e+01  1.472858e+02
     vertex -3.393103e+01  1.141042e+01  1.472858e+02
   endloop
 endfacet
 facet normal  0.000000e+00  0.000000e+00 -1.000000e+00
   outer loop
     vertex -3.283298e+01  1.052462e+01  1.472858e+02
     vertex -3.393103e+01  1.141042e+01  1.472858e+02
     vertex -3.286098e+01  1.076506e+01  1.472858e+02
   endloop
 endfacet
 facet normal -0.000000e+00  0.000000e+00 -1.000000e+00
   outer loop
     vertex -3.283298e+01  1.052462e+01  1.472858e+02
     vertex -3.507955e+01  9.590927e+00  1.472858e+02
     vertex -3.440092e+01  1.134098e+01  1.472858e+02
   endloop
 endfacet
 facet normal  5.419033e-14 -1.303877e-13 -1.000000e+00
   outer loop
     vertex -3.276447e+01  1.033512e+01  1.472858e+02
     vertex -3.507955e+01  9.590927e+00  1.472858e+02
     vertex -3.283298e+01  1.052462e+01  1.472858e+02
   endloop
 endfacet
 facet normal  1.030744e-14  6.126247e-15 -1.000000e+00
   outer loop
     vertex -3.267826e+01  1.019007e+01  1.472858e+02
     vertex -3.507955e+01  9.590927e+00  1.472858e+02
     vertex -3.276447e+01  1.033512e+01  1.472858e+02
   endloop
 endfacet
 facet normal -1.869528e-14  1.223656e-13 -1.000000e+00
   outer loop
     vertex -3.248493e+01  9.987339e+00  1.472858e+02
     vertex -3.507955e+01  9.590927e+00  1.472858e+02
     vertex -3.267826e+01  1.019007e+01  1.472858e+02
   endloop
 endfacet
 facet normal -0.000000e+00  0.000000e+00 -1.000000e+00
   outer loop
     vertex -3.224271e+01  9.846622e+00  1.472858e+02
     vertex -3.507955e+01  9.590927e+00  1.472858e+02
     vertex -3.248493e+01  9.987339e+00  1.472858e+02
   endloop
 endfacet
 facet normal -0.000000e+00  0.000000e+00 -1.000000e+00
   outer loop
     vertex -3.197165e+01  9.777128e+00  1.472858e+02
     vertex -3.507955e+01  9.590927e+00  1.472858e+02
     vertex -3.224271e+01  9.846622e+00  1.472858e+02
   endloop
 endfacet
 facet normal  9.182368e-16  3.077090e-15 -1.000000e+00
   outer loop
     vertex  1.945964e+01  1.180126e+01  1.472858e+02
     vertex -3.106266e+01  1.764110e+01  1.472858e+02
     vertex -3.404613e+01  1.853140e+01  1.472858e+02
   endloop
 endfacet
 facet normal  0.000000e+00  0.000000e+00 -1.000000e+00
   outer loop
     vertex  2.064844e+01  9.944060e+00  1.472858e+02
     vertex  2.007851e+01  1.013731e+01  1.472858e+02
     vertex  2.022123e+01  1.033586e+01  1.472858e+02
   endloop
 endfacet
 facet normal  0.000000e+00  0.000000e+00 -1.000000e+00
   outer loop
     vertex  2.064844e+01  9.944060e+00  1.472858e+02
     vertex  2.022123e+01  1.033586e+01  1.472858e+02
     vertex  2.028794e+01  1.048414e+01  1.472858e+02
   endloop
 endfacet
 facet normal -0.000000e+00  0.000000e+00 -1.000000e+00
   outer loop
     vertex  2.112652e+01  1.032307e+01  1.472858e+02
     vertex  2.064844e+01  9.944060e+00  1.472858e+02
     vertex  2.028794e+01  1.048414e+01  1.472858e+02
   endloop
 endfacet
 facet normal -1.801483e-14 -9.379224e-14 -1.000000e+00
   outer loop
     vertex  2.112652e+01  1.032307e+01  1.472858e+02
     vertex  2.028794e+01  1.048414e+01  1.472858e+02
     vertex  2.034473e+01  1.077626e+01  1.472858e+02
   endloop
 endfacet
 facet normal  3.821147e-14  3.202893e-15 -1.000000e+00
   outer loop
     vertex  2.112652e+01  1.032307e+01  1.472858e+02
     vertex  2.034473e+01  1.077626e+01  1.472858e+02
     vertex  2.032407e+01  1.102278e+01  1.472858e+02
   endloop
 endfacet
 facet normal  0.000000e+00  0.000000e+00 -1.000000e+00
   outer loop
     vertex  2.024344e+01  9.487790e+00  1.472858e+02
     vertex  2.007851e+01  1.013731e+01  1.472858e+02
     vertex  2.064844e+01  9.944060e+00  1.472858e+02
   endloop
 endfacet
 facet normal  0.000000e+00  0.000000e+00 -1.000000e+00
   outer loop
     vertex  2.024344e+01  9.487790e+00  1.472858e+02
     vertex  1.968704e+01  9.638085e+00  1.472858e+02
     vertex  2.007851e+01  1.013731e+01  1.472858e+02
   endloop
 endfacet
 facet normal  1.355873e-14 -2.506957e-14 -1.000000e+00
   outer loop
     vertex  2.166315e+01  1.061330e+01  1.472858e+02
     vertex  2.112652e+01  1.032307e+01  1.472858e+02
     vertex  2.032407e+01  1.102278e+01  1.472858e+02
   endloop
 endfacet
 facet normal -2.559919e-14 -1.531244e-13 -1.000000e+00
   outer loop
     vertex  2.166315e+01  1.061330e+01  1.472858e+02
     vertex  2.032407e+01  1.102278e+01  1.472858e+02
     vertex  2.026017e+01  1.121908e+01  1.472858e+02
   endloop
 endfacet
 facet normal  1.607985e-13  2.785765e-13 -1.000000e+00
   outer loop
     vertex  2.166315e+01  1.061330e+01  1.472858e+02
     vertex  2.026017e+01  1.121908e+01  1.472858e+02
     vertex  2.017589e+01  1.136975e+01  1.472858e+02
   endloop
 endfacet
 facet normal  6.357792e-17 -3.717593e-15 -1.000000e+00
   outer loop
     vertex  2.357024e+01  1.187156e+01  1.472858e+02
     vertex  1.945964e+01  1.180126e+01  1.472858e+02
     vertex -3.404613e+01  1.853140e+01  1.472858e+02
   endloop
 endfacet
 facet normal  7.376490e-15  6.742203e-15 -1.000000e+00
   outer loop
     vertex  2.357024e+01  1.187156e+01  1.472858e+02
     vertex  2.017589e+01  1.136975e+01  1.472858e+02
     vertex  1.998245e+01  1.158139e+01  1.472858e+02
   endloop
 endfacet
 facet normal  6.980479e-15  1.163876e-14 -1.000000e+00
   outer loop
     vertex  2.357024e+01  1.187156e+01  1.472858e+02
     vertex  1.998245e+01  1.158139e+01  1.472858e+02
     vertex  1.973666e+01  1.172880e+01  1.472858e+02
   endloop
 endfacet
 facet normal -6.296884e-15  3.681978e-13 -1.000000e+00
   outer loop
     vertex  2.357024e+01  1.187156e+01  1.472858e+02
     vertex  1.973666e+01  1.172880e+01  1.472858e+02
     vertex  1.945964e+01  1.180126e+01  1.472858e+02
   endloop
 endfacet
 facet normal  0.000000e+00  0.000000e+00 -1.000000e+00
   outer loop
     vertex  1.992382e+01  8.968123e+00  1.472858e+02
     vertex  1.968704e+01  9.638085e+00  1.472858e+02
     vertex  2.024344e+01  9.487790e+00  1.472858e+02
   endloop
 endfacet
 facet normal  0.000000e+00  0.000000e+00 -1.000000e+00
   outer loop
     vertex  1.992382e+01  8.968123e+00  1.472858e+02
     vertex  1.937850e+01  9.083755e+00  1.472858e+02
     vertex  1.968704e+01  9.638085e+00  1.472858e+02
   endloop
 endfacet
 facet normal  7.558233e-15 -2.271231e-14 -1.000000e+00
   outer loop
     vertex  2.224203e+01  1.080594e+01  1.472858e+02
     vertex  2.166315e+01  1.061330e+01  1.472858e+02
     vertex  2.017589e+01  1.136975e+01  1.472858e+02
   endloop
 endfacet
 facet normal  1.026467e-14 -1.279422e-14 -1.000000e+00
   outer loop
     vertex  2.224203e+01  1.080594e+01  1.472858e+02
     vertex  2.017589e+01  1.136975e+01  1.472858e+02
     vertex  2.357024e+01  1.187156e+01  1.472858e+02
   endloop
 endfacet
 facet normal  0.000000e+00  0.000000e+00 -1.000000e+00
   outer loop
     vertex  1.969929e+01  8.400851e+00  1.472858e+02
     vertex  1.937850e+01  9.083755e+00  1.472858e+02
     vertex  1.992382e+01  8.968123e+00  1.472858e+02
   endloop
 endfacet
 facet normal  0.000000e+00  0.000000e+00 -1.000000e+00
   outer loop
     vertex  1.969929e+01  8.400851e+00  1.472858e+02
     vertex  1.916051e+01  8.487975e+00  1.472858e+02
     vertex  1.937850e+01  9.083755e+00  1.472858e+02
   endloop
 endfacet
 facet normal -0.000000e+00  0.000000e+00 -1.000000e+00
   outer loop
     vertex  2.284557e+01  1.089514e+01  1.472858e+02
     vertex  2.224203e+01  1.080594e+01  1.472858e+02
     vertex  2.357024e+01  1.187156e+01  1.472858e+02
   endloop
 endfacet
 facet normal  0.000000e+00  0.000000e+00 -1.000000e+00
   outer loop
     vertex  1.957668e+01  7.803207e+00  1.472858e+02
     vertex  1.916051e+01  8.487975e+00  1.472858e+02
     vertex  1.969929e+01  8.400851e+00  1.472858e+02
   endloop
 endfacet
 facet normal  0.000000e+00  0.000000e+00 -1.000000e+00
   outer loop
     vertex  1.957668e+01  7.803207e+00  1.472858e+02
     vertex  1.903843e+01  7.865424e+00  1.472858e+02
     vertex  1.916051e+01  8.487975e+00  1.472858e+02
   endloop
 endfacet
 facet normal  0.000000e+00  0.000000e+00 -1.000000e+00
   outer loop
     vertex  2.345542e+01  1.087817e+01  1.472858e+02
     vertex  2.357024e+01  1.187156e+01  1.472858e+02
     vertex  2.433864e+01  1.171392e+01  1.472858e+02
   endloop
 endfacet
 facet normal  0.000000e+00  0.000000e+00 -1.000000e+00
   outer loop
     vertex  2.345542e+01  1.087817e+01  1.472858e+02
     vertex  2.284557e+01  1.089514e+01  1.472858e+02
     vertex  2.357024e+01  1.187156e+01  1.472858e+02
   endloop
 endfacet
 facet normal  0.000000e+00  0.000000e+00 -1.000000e+00
   outer loop
     vertex  1.901527e+01  7.231438e+00  1.472858e+02
     vertex  1.903843e+01  7.865424e+00  1.472858e+02
     vertex  1.957668e+01  7.803207e+00  1.472858e+02
   endloop
 endfacet
 facet normal  0.000000e+00  0.000000e+00 -1.000000e+00
   outer loop
     vertex  2.405306e+01  1.075556e+01  1.472858e+02
     vertex  2.345542e+01  1.087817e+01  1.472858e+02
     vertex  2.433864e+01  1.171392e+01  1.472858e+02
   endloop
 endfacet
 facet normal  0.000000e+00  0.000000e+00 -1.000000e+00
   outer loop
     vertex  1.955972e+01  7.193353e+00  1.472858e+02
     vertex  1.901527e+01  7.231438e+00  1.472858e+02
     vertex  1.957668e+01  7.803207e+00  1.472858e+02
   endloop
 endfacet
 facet normal  0.000000e+00  0.000000e+00 -1.000000e+00
   outer loop
     vertex  1.909160e+01  6.601638e+00  1.472858e+02
     vertex  1.901527e+01  7.231438e+00  1.472858e+02
     vertex  1.955972e+01  7.193353e+00  1.472858e+02
   endloop
 endfacet
 facet normal  0.000000e+00  0.000000e+00 -1.000000e+00
   outer loop
     vertex  2.462034e+01  1.053104e+01  1.472858e+02
     vertex  2.433864e+01  1.171392e+01  1.472858e+02
     vertex  2.506799e+01  1.142524e+01  1.472858e+02
   endloop
 endfacet
 facet normal  0.000000e+00  0.000000e+00 -1.000000e+00
   outer loop
     vertex  2.462034e+01  1.053104e+01  1.472858e+02
     vertex  2.405306e+01  1.075556e+01  1.472858e+02
     vertex  2.433864e+01  1.171392e+01  1.472858e+02
   endloop
 endfacet
 facet normal  0.000000e+00  0.000000e+00 -1.000000e+00
   outer loop
     vertex  1.964891e+01  6.589818e+00  1.472858e+02
     vertex  1.909160e+01  6.601638e+00  1.472858e+02
     vertex  1.955972e+01  7.193353e+00  1.472858e+02
   endloop
 endfacet
 facet normal  0.000000e+00  0.000000e+00 -1.000000e+00
   outer loop
     vertex  1.926553e+01  5.991540e+00  1.472858e+02
     vertex  1.909160e+01  6.601638e+00  1.472858e+02
     vertex  1.964891e+01  6.589818e+00  1.472858e+02
   endloop
 endfacet
 facet normal -0.000000e+00  0.000000e+00 -1.000000e+00
   outer loop
     vertex  2.573614e+01  1.101430e+01  1.472858e+02
     vertex  2.462034e+01  1.053104e+01  1.472858e+02
     vertex  2.506799e+01  1.142524e+01  1.472858e+02
   endloop
 endfacet
 facet normal  0.000000e+00  0.000000e+00 -1.000000e+00
   outer loop
     vertex  2.514000e+01  1.021142e+01  1.472858e+02
     vertex  2.462034e+01  1.053104e+01  1.472858e+02
     vertex  2.573614e+01  1.101430e+01  1.472858e+02
   endloop
 endfacet
 facet normal -0.000000e+00  0.000000e+00 -1.000000e+00
   outer loop
     vertex  1.984155e+01  6.010940e+00  1.472858e+02
     vertex  1.926553e+01  5.991540e+00  1.472858e+02
     vertex  1.964891e+01  6.589818e+00  1.472858e+02
   endloop
 endfacet
 facet normal  0.000000e+00  0.000000e+00 -1.000000e+00
   outer loop
     vertex  1.953279e+01  5.416173e+00  1.472858e+02
     vertex  1.926553e+01  5.991540e+00  1.472858e+02
     vertex  1.984155e+01  6.010940e+00  1.472858e+02
   endloop
 endfacet
 facet normal -0.000000e+00  0.000000e+00 -1.000000e+00
   outer loop
     vertex  2.632277e+01  1.049358e+01  1.472858e+02
     vertex  2.514000e+01  1.021142e+01  1.472858e+02
     vertex  2.573614e+01  1.101430e+01  1.472858e+02
   endloop
 endfacet
 facet normal  0.000000e+00  0.000000e+00 -1.000000e+00
   outer loop
     vertex  2.559627e+01  9.806414e+00  1.472858e+02
     vertex  2.514000e+01  1.021142e+01  1.472858e+02
     vertex  2.632277e+01  1.049358e+01  1.472858e+02
   endloop
 endfacet
 facet normal -0.000000e+00  0.000000e+00 -1.000000e+00
   outer loop
     vertex  2.013178e+01  5.474308e+00  1.472858e+02
     vertex  1.953279e+01  5.416173e+00  1.472858e+02
     vertex  1.984155e+01  6.010940e+00  1.472858e+02
   endloop
 endfacet
 facet normal  0.000000e+00  0.000000e+00 -1.000000e+00
   outer loop
     vertex  2.013178e+01  5.474308e+00  1.472858e+02
     vertex  1.963706e+01  5.149486e+00  1.472858e+02
     vertex  1.953279e+01  5.416173e+00  1.472858e+02
   endloop
 endfacet
 facet normal  0.000000e+00  0.000000e+00 -1.000000e+00
   outer loop
     vertex  1.966232e+01  4.864002e+00  1.472858e+02
     vertex  1.963706e+01  5.149486e+00  1.472858e+02
     vertex  2.013178e+01  5.474308e+00  1.472858e+02
   endloop
 endfacet
 facet normal -0.000000e+00  0.000000e+00 -1.000000e+00
   outer loop
     vertex  2.051079e+01  4.996227e+00  1.472858e+02
     vertex  1.966232e+01  4.864002e+00  1.472858e+02
     vertex  2.013178e+01  5.474308e+00  1.472858e+02
   endloop
 endfacet
 facet normal  0.000000e+00  0.000000e+00 -1.000000e+00
   outer loop
     vertex  2.051079e+01  4.996227e+00  1.472858e+02
     vertex  1.960485e+01  4.583094e+00  1.472858e+02
     vertex  1.966232e+01  4.864002e+00  1.472858e+02
   endloop
 endfacet
 facet normal -0.000000e+00  0.000000e+00 -1.000000e+00
   outer loop
     vertex  2.681007e+01  9.878908e+00  1.472858e+02
     vertex  2.559627e+01  9.806414e+00  1.472858e+02
     vertex  2.632277e+01  1.049358e+01  1.472858e+02
   endloop
 endfacet
 facet normal  0.000000e+00  0.000000e+00 -1.000000e+00
   outer loop
     vertex  2.681007e+01  9.878908e+00  1.472858e+02
     vertex  2.597528e+01  9.328333e+00  1.472858e+02
     vertex  2.559627e+01  9.806414e+00  1.472858e+02
   endloop
 endfacet
 facet normal -0.000000e+00  0.000000e+00 -1.000000e+00
   outer loop
     vertex  2.096706e+01  4.591223e+00  1.472858e+02
     vertex  1.960485e+01  4.583094e+00  1.472858e+02
     vertex  2.051079e+01  4.996227e+00  1.472858e+02
   endloop
 endfacet
 facet normal  0.000000e+00  0.000000e+00 -1.000000e+00
   outer loop
     vertex  2.096706e+01  4.591223e+00  1.472858e+02
     vertex  1.941129e+01  4.259243e+00  1.472858e+02
     vertex  1.953251e+01  4.426336e+00  1.472858e+02
   endloop
 endfacet
 facet normal  0.000000e+00  0.000000e+00 -1.000000e+00
   outer loop
     vertex  2.096706e+01  4.591223e+00  1.472858e+02
     vertex  1.953251e+01  4.426336e+00  1.472858e+02
     vertex  1.960485e+01  4.583094e+00  1.472858e+02
   endloop
 endfacet
 facet normal -0.000000e+00  0.000000e+00 -1.000000e+00
   outer loop
     vertex  2.718323e+01  9.188953e+00  1.472858e+02
     vertex  2.626552e+01  8.791701e+00  1.472858e+02
     vertex  2.597528e+01  9.328333e+00  1.472858e+02
   endloop
 endfacet
 facet normal  0.000000e+00  0.000000e+00 -1.000000e+00
   outer loop
     vertex  2.718323e+01  9.188953e+00  1.472858e+02
     vertex  2.597528e+01  9.328333e+00  1.472858e+02
     vertex  2.681007e+01  9.878908e+00  1.472858e+02
   endloop
 endfacet
 facet normal -0.000000e+00  0.000000e+00 -1.000000e+00
   outer loop
     vertex  2.148673e+01  4.271603e+00  1.472858e+02
     vertex  1.941129e+01  4.259243e+00  1.472858e+02
     vertex  2.096706e+01  4.591223e+00  1.472858e+02
   endloop
 endfacet
 facet normal  0.000000e+00  0.000000e+00 -1.000000e+00
   outer loop
     vertex  2.148673e+01  4.271603e+00  1.472858e+02
     vertex  1.922402e+01  4.097592e+00  1.472858e+02
     vertex  1.941129e+01  4.259243e+00  1.472858e+02
   endloop
 endfacet
 facet normal -0.000000e+00  0.000000e+00 -1.000000e+00
   outer loop
     vertex  2.743091e+01  8.444681e+00  1.472858e+02
     vertex  2.645816e+01  8.212823e+00  1.472858e+02
     vertex  2.626552e+01  8.791701e+00  1.472858e+02
   endloop
 endfacet
 facet normal  0.000000e+00  0.000000e+00 -1.000000e+00
   outer loop
     vertex  2.743091e+01  8.444681e+00  1.472858e+02
     vertex  2.626552e+01  8.791701e+00  1.472858e+02
     vertex  2.718323e+01  9.188953e+00  1.472858e+02
   endloop
 endfacet
 facet normal  0.000000e+00  0.000000e+00 -1.000000e+00
   outer loop
     vertex  2.654735e+01  7.609288e+00  1.472858e+02
     vertex  2.645816e+01  8.212823e+00  1.472858e+02
     vertex  2.743091e+01  8.444681e+00  1.472858e+02
   endloop
 endfacet
 facet normal  0.000000e+00  0.000000e+00 -1.000000e+00
   outer loop
     vertex  2.754558e+01  7.668707e+00  1.472858e+02
     vertex  2.653038e+01  6.999433e+00  1.472858e+02
     vertex  2.654735e+01  7.609288e+00  1.472858e+02
   endloop
 endfacet
 facet normal -0.000000e+00  0.000000e+00 -1.000000e+00
   outer loop
     vertex  2.754558e+01  7.668707e+00  1.472858e+02
     vertex  2.654735e+01  7.609288e+00  1.472858e+02
     vertex  2.743091e+01  8.444681e+00  1.472858e+02
   endloop
 endfacet
 facet normal  0.000000e+00  0.000000e+00 -1.000000e+00
   outer loop
     vertex  2.253682e+01  2.931085e+00  1.472858e+02
     vertex  1.922402e+01  4.097592e+00  1.472858e+02
     vertex  2.148673e+01  4.271603e+00  1.472858e+02
   endloop
 endfacet
 facet normal  0.000000e+00  0.000000e+00 -1.000000e+00
   outer loop
     vertex  2.253682e+01  2.931085e+00  1.472858e+02
     vertex  2.148673e+01  4.271603e+00  1.472858e+02
     vertex  2.205400e+01  4.047078e+00  1.472858e+02
   endloop
 endfacet
 facet normal  0.000000e+00  0.000000e+00 -1.000000e+00
   outer loop
     vertex  2.253682e+01  2.931085e+00  1.472858e+02
     vertex  2.205400e+01  4.047078e+00  1.472858e+02
     vertex  2.265165e+01  3.924470e+00  1.472858e+02
   endloop
 endfacet
 facet normal  0.000000e+00  0.000000e+00 -1.000000e+00
   outer loop
     vertex  2.253682e+01  2.931085e+00  1.472858e+02
     vertex  1.855064e+01  3.937286e+00  1.472858e+02
     vertex  1.879516e+01  3.938569e+00  1.472858e+02
   endloop
 endfacet
 facet normal  0.000000e+00  0.000000e+00 -1.000000e+00
   outer loop
     vertex  2.253682e+01  2.931085e+00  1.472858e+02
     vertex  1.879516e+01  3.938569e+00  1.472858e+02
     vertex  1.895433e+01  3.971786e+00  1.472858e+02
   endloop
 endfacet
 facet normal  0.000000e+00  0.000000e+00 -1.000000e+00
   outer loop
     vertex  2.253682e+01  2.931085e+00  1.472858e+02
     vertex  1.895433e+01  3.971786e+00  1.472858e+02
     vertex  1.922402e+01  4.097592e+00  1.472858e+02
   endloop
 endfacet
 facet normal  0.000000e+00  0.000000e+00 -1.000000e+00
   outer loop
     vertex  2.752377e+01  6.884609e+00  1.472858e+02
     vertex  2.653038e+01  6.999433e+00  1.472858e+02
     vertex  2.754558e+01  7.668707e+00  1.472858e+02
   endloop
 endfacet
 facet normal -0.000000e+00  0.000000e+00 -1.000000e+00
   outer loop
     vertex  2.752377e+01  6.884609e+00  1.472858e+02
     vertex  2.640778e+01  6.401790e+00  1.472858e+02
     vertex  2.653038e+01  6.999433e+00  1.472858e+02
   endloop
 endfacet
 facet normal  0.000000e+00  0.000000e+00 -1.000000e+00
   outer loop
     vertex  2.736613e+01  6.116210e+00  1.472858e+02
     vertex  2.640778e+01  6.401790e+00  1.472858e+02
     vertex  2.752377e+01  6.884609e+00  1.472858e+02
   endloop
 endfacet
 facet normal  0.000000e+00  0.000000e+00 -1.000000e+00
   outer loop
     vertex  2.332092e+01  2.909271e+00  1.472858e+02
     vertex  2.265165e+01  3.924470e+00  1.472858e+02
     vertex  2.326150e+01  3.907505e+00  1.472858e+02
   endloop
 endfacet
 facet normal  0.000000e+00  0.000000e+00 -1.000000e+00
   outer loop
     vertex  2.332092e+01  2.909271e+00  1.472858e+02
     vertex  2.326150e+01  3.907505e+00  1.472858e+02
     vertex  2.386504e+01  3.996697e+00  1.472858e+02
   endloop
 endfacet
 facet normal  0.000000e+00  0.000000e+00 -1.000000e+00
   outer loop
     vertex  2.332092e+01  2.909271e+00  1.472858e+02
     vertex  2.253682e+01  2.931085e+00  1.472858e+02
     vertex  2.265165e+01  3.924470e+00  1.472858e+02
   endloop
 endfacet
 facet normal -0.000000e+00  0.000000e+00 -1.000000e+00
   outer loop
     vertex  2.409689e+01  3.023947e+00  1.472858e+02
     vertex  2.332092e+01  2.909271e+00  1.472858e+02
     vertex  2.386504e+01  3.996697e+00  1.472858e+02
   endloop
 endfacet
 facet normal -0.000000e+00  0.000000e+00 -1.000000e+00
   outer loop
     vertex  2.707745e+01  5.386859e+00  1.472858e+02
     vertex  2.586363e+01  5.314851e+00  1.472858e+02
     vertex  2.618325e+01  5.834517e+00  1.472858e+02
   endloop
 endfacet
 facet normal  0.000000e+00  0.000000e+00 -1.000000e+00
   outer loop
     vertex  2.707745e+01  5.386859e+00  1.472858e+02
     vertex  2.618325e+01  5.834517e+00  1.472858e+02
     vertex  2.640778e+01  6.401790e+00  1.472858e+02
   endloop
 endfacet
 facet normal  0.000000e+00  0.000000e+00 -1.000000e+00
   outer loop
     vertex  2.707745e+01  5.386859e+00  1.472858e+02
     vertex  2.640778e+01  6.401790e+00  1.472858e+02
     vertex  2.736613e+01  6.116210e+00  1.472858e+02
   endloop
 endfacet
 facet normal  0.000000e+00  0.000000e+00 -1.000000e+00
   outer loop
     vertex  2.484117e+01  3.271627e+00  1.472858e+02
     vertex  2.386504e+01  3.996697e+00  1.472858e+02
     vertex  2.444391e+01  4.189336e+00  1.472858e+02
   endloop
 endfacet
 facet normal  0.000000e+00  0.000000e+00 -1.000000e+00
   outer loop
     vertex  2.484117e+01  3.271627e+00  1.472858e+02
     vertex  2.444391e+01  4.189336e+00  1.472858e+02
     vertex  2.498055e+01  4.479571e+00  1.472858e+02
   endloop
 endfacet
 facet normal -0.000000e+00  0.000000e+00 -1.000000e+00
   outer loop
     vertex  2.484117e+01  3.271627e+00  1.472858e+02
     vertex  2.409689e+01  3.023947e+00  1.472858e+02
     vertex  2.386504e+01  3.996697e+00  1.472858e+02
   endloop
 endfacet
 facet normal  0.000000e+00  0.000000e+00 -1.000000e+00
   outer loop
     vertex  2.666651e+01  4.718717e+00  1.472858e+02
     vertex  2.586363e+01  5.314851e+00  1.472858e+02
     vertex  2.707745e+01  5.386859e+00  1.472858e+02
   endloop
 endfacet
 facet normal -0.000000e+00  0.000000e+00 -1.000000e+00
   outer loop
     vertex  2.553112e+01  3.644785e+00  1.472858e+02
     vertex  2.484117e+01  3.271627e+00  1.472858e+02
     vertex  2.498055e+01  4.479571e+00  1.472858e+02
   endloop
 endfacet
 facet normal -0.000000e+00  0.000000e+00 -1.000000e+00
   outer loop
     vertex  2.614580e+01  4.132084e+00  1.472858e+02
     vertex  2.553112e+01  3.644785e+00  1.472858e+02
     vertex  2.498055e+01  4.479571e+00  1.472858e+02
   endloop
 endfacet
 facet normal  0.000000e+00  0.000000e+00 -1.000000e+00
   outer loop
     vertex  2.614580e+01  4.132084e+00  1.472858e+02
     vertex  2.498055e+01  4.479571e+00  1.472858e+02
     vertex  2.545863e+01  4.858581e+00  1.472858e+02
   endloop
 endfacet
 facet normal  0.000000e+00  0.000000e+00 -1.000000e+00
   outer loop
     vertex  2.614580e+01  4.132084e+00  1.472858e+02
     vertex  2.545863e+01  4.858581e+00  1.472858e+02
     vertex  2.586363e+01  5.314851e+00  1.472858e+02
   endloop
 endfacet
 facet normal  0.000000e+00  0.000000e+00 -1.000000e+00
   outer loop
     vertex  2.614580e+01  4.132084e+00  1.472858e+02
     vertex  2.586363e+01  5.314851e+00  1.472858e+02
     vertex  2.666651e+01  4.718717e+00  1.472858e+02
   endloop
 endfacet
 facet normal  0.000000e+00  0.000000e+00 -1.000000e+00
   outer loop
     vertex  2.253682e+01  2.931085e+00  1.472858e+02
     vertex -3.507955e+01  9.590927e+00  1.472858e+02
     vertex -3.197165e+01  9.777128e+00  1.472858e+02
   endloop
 endfacet
 facet normal  0.000000e+00  0.000000e+00 -1.000000e+00
   outer loop
     vertex  2.253682e+01  2.931085e+00  1.472858e+02
     vertex -3.197165e+01  9.777128e+00  1.472858e+02
     vertex  1.855064e+01  3.937286e+00  1.472858e+02
   endloop
 endfacet
 facet normal  9.795980e-01 -2.009672e-01  3.107349e-16
   outer loop
     vertex  2.802046e+01  6.827196e+00  1.477858e+02
     vertex  2.802046e+01  6.827196e+00  1.589858e+02
     vertex  2.784531e+01  5.973420e+00  1.589858e+02
   endloop
 endfacet
 facet normal  9.795980e-01 -2.009672e-01  6.613496e-16
   outer loop
     vertex  2.784531e+01  5.973420e+00  1.477858e+02
     vertex  2.802046e+01  6.827196e+00  1.477858e+02
     vertex  2.784531e+01  5.973420e+00  1.589858e+02
   endloop
 endfacet
 facet normal  9.298181e-01 -3.680195e-01  6.128755e-16
   outer loop
     vertex  2.752456e+01  5.163030e+00  1.477858e+02
     vertex  2.784531e+01  5.973420e+00  1.589858e+02
     vertex  2.752456e+01  5.163030e+00  1.589858e+02
   endloop
 endfacet
 facet normal  9.298181e-01 -3.680195e-01  9.383182e-16
   outer loop
     vertex  2.752456e+01  5.163030e+00  1.477858e+02
     vertex  2.784531e+01  5.973420e+00  1.477858e+02
     vertex  2.784531e+01  5.973420e+00  1.589858e+02
   endloop
 endfacet
 facet normal  7.478731e-01 -6.638417e-01  1.158162e-15
   outer loop
     vertex  2.706796e+01  4.420650e+00  1.477858e+02
     vertex  2.706796e+01  4.420650e+00  1.589858e+02
     vertex  2.648938e+01  3.768835e+00  1.589858e+02
   endloop
 endfacet
 facet normal  8.517862e-01 -5.238896e-01  9.139968e-16
   outer loop
     vertex  2.706796e+01  4.420650e+00  1.477858e+02
     vertex  2.752456e+01  5.163030e+00  1.589858e+02
     vertex  2.706796e+01  4.420650e+00  1.589858e+02
   endloop
 endfacet
 facet normal  8.517862e-01 -5.238896e-01  8.757637e-16
   outer loop
     vertex  2.706796e+01  4.420650e+00  1.477858e+02
     vertex  2.752456e+01  5.163030e+00  1.477858e+02
     vertex  2.752456e+01  5.163030e+00  1.589858e+02
   endloop
 endfacet
 facet normal  7.478731e-01 -6.638417e-01  1.421714e-15
   outer loop
     vertex  2.648938e+01  3.768835e+00  1.477858e+02
     vertex  2.706796e+01  4.420650e+00  1.477858e+02
     vertex  2.648938e+01  3.768835e+00  1.589858e+02
   endloop
 endfacet
 facet normal  6.212364e-01 -7.836232e-01  1.429280e-15
   outer loop
     vertex  2.580641e+01  3.227392e+00  1.477858e+02
     vertex  2.648938e+01  3.768835e+00  1.589858e+02
     vertex  2.580641e+01  3.227392e+00  1.589858e+02
   endloop
 endfacet
 facet normal  6.212364e-01 -7.836232e-01  1.592298e-15
   outer loop
     vertex  2.580641e+01  3.227392e+00  1.477858e+02
     vertex  2.648938e+01  3.768835e+00  1.477858e+02
     vertex  2.648938e+01  3.768835e+00  1.589858e+02
   endloop
 endfacet
 facet normal  4.757236e-01 -8.795948e-01  1.674080e-15
   outer loop
     vertex  2.503979e+01  2.812772e+00  1.477858e+02
     vertex  2.580641e+01  3.227392e+00  1.589858e+02
     vertex  2.503979e+01  2.812772e+00  1.589858e+02
   endloop
 endfacet
 facet normal  4.757236e-01 -8.795948e-01  1.603671e-15
   outer loop
     vertex  2.503979e+01  2.812772e+00  1.477858e+02
     vertex  2.580641e+01  3.227392e+00  1.477858e+02
     vertex  2.580641e+01  3.227392e+00  1.589858e+02
   endloop
 endfacet
 facet normal  3.157563e-01 -9.488403e-01  1.730626e-15
   outer loop
     vertex  2.421282e+01  2.537572e+00  1.477858e+02
     vertex  2.503979e+01  2.812772e+00  1.589858e+02
     vertex  2.421282e+01  2.537572e+00  1.589858e+02
   endloop
 endfacet
 facet normal  3.157563e-01 -9.488403e-01  1.805552e-15
   outer loop
     vertex  2.421282e+01  2.537572e+00  1.477858e+02
     vertex  2.503979e+01  2.812772e+00  1.477858e+02
     vertex  2.503979e+01  2.812772e+00  1.589858e+02
   endloop
 endfacet
 facet normal  1.461949e-01 -9.892558e-01  1.882791e-15
   outer loop
     vertex  2.335063e+01  2.410155e+00  1.477858e+02
     vertex  2.421282e+01  2.537572e+00  1.589858e+02
     vertex  2.335063e+01  2.410155e+00  1.589858e+02
   endloop
 endfacet
 facet normal  1.461949e-01 -9.892558e-01  1.804130e-15
   outer loop
     vertex  2.335063e+01  2.410155e+00  1.477858e+02
     vertex  2.421282e+01  2.537572e+00  1.477858e+02
     vertex  2.421282e+01  2.537572e+00  1.589858e+02
   endloop
 endfacet
 facet normal -2.780865e-02 -9.996133e-01  1.695505e-15
   outer loop
     vertex  2.247941e+01  2.434392e+00  1.477858e+02
     vertex  2.335063e+01  2.410155e+00  1.589858e+02
     vertex  2.247941e+01  2.434392e+00  1.589858e+02
   endloop
 endfacet
 facet normal -2.780865e-02 -9.996133e-01  1.902227e-15
   outer loop
     vertex  2.247941e+01  2.434392e+00  1.477858e+02
     vertex  2.335063e+01  2.410155e+00  1.477858e+02
     vertex  2.335063e+01  2.410155e+00  1.589858e+02
   endloop
 endfacet
 facet normal -2.009672e-01 -9.795980e-01  2.320154e-15
   outer loop
     vertex -3.513696e+01  9.094234e+00  1.477858e+02
     vertex -3.513696e+01  9.094234e+00  1.507858e+02
     vertex -3.599074e+01  9.269388e+00  1.507858e+02
   endloop
 endfacet
 facet normal -3.680195e-01 -9.298181e-01  1.972771e-15
   outer loop
     vertex -3.599074e+01  9.269388e+00  1.477858e+02
     vertex -3.599074e+01  9.269388e+00  1.507858e+02
     vertex -3.680113e+01  9.590138e+00  1.507858e+02
   endloop
 endfacet
 facet normal -2.009672e-01 -9.795980e-01  1.636063e-15
   outer loop
     vertex -3.599074e+01  9.269388e+00  1.477858e+02
     vertex -3.513696e+01  9.094234e+00  1.477858e+02
     vertex -3.599074e+01  9.269388e+00  1.507858e+02
   endloop
 endfacet
 facet normal -5.238896e-01 -8.517862e-01  1.240820e-15
   outer loop
     vertex -3.680113e+01  9.590138e+00  1.477858e+02
     vertex -3.680113e+01  9.590138e+00  1.507858e+02
     vertex -3.754351e+01  1.004674e+01  1.507858e+02
   endloop
 endfacet
 facet normal -3.680195e-01 -9.298181e-01  8.716452e-16
   outer loop
     vertex -3.680113e+01  9.590138e+00  1.477858e+02
     vertex -3.599074e+01  9.269388e+00  1.477858e+02
     vertex -3.680113e+01  9.590138e+00  1.507858e+02
   endloop
 endfacet
 facet normal -6.638417e-01 -7.478731e-01  2.015123e-15
   outer loop
     vertex -3.754351e+01  1.004674e+01  1.477858e+02
     vertex -3.754351e+01  1.004674e+01  1.507858e+02
     vertex -3.819533e+01  1.062531e+01  1.507858e+02
   endloop
 endfacet
 facet normal -5.238896e-01 -8.517862e-01  1.745179e-15
   outer loop
     vertex -3.754351e+01  1.004674e+01  1.477858e+02
     vertex -3.680113e+01  9.590138e+00  1.477858e+02
     vertex -3.754351e+01  1.004674e+01  1.507858e+02
   endloop
 endfacet
 facet normal -7.836232e-01 -6.212364e-01  1.488147e-15
   outer loop
     vertex -3.819533e+01  1.062531e+01  1.477858e+02
     vertex -3.819533e+01  1.062531e+01  1.507858e+02
     vertex -3.873677e+01  1.130829e+01  1.507858e+02
   endloop
 endfacet
 facet normal -6.638417e-01 -7.478731e-01  1.129463e-15
   outer loop
     vertex -3.819533e+01  1.062531e+01  1.477858e+02
     vertex -3.754351e+01  1.004674e+01  1.477858e+02
     vertex -3.819533e+01  1.062531e+01  1.507858e+02
   endloop
 endfacet
 facet normal -8.795948e-01 -4.757236e-01  1.519929e-15
   outer loop
     vertex -3.873677e+01  1.130829e+01  1.477858e+02
     vertex -3.873677e+01  1.130829e+01  1.507858e+02
     vertex -3.915139e+01  1.207490e+01  1.507858e+02
   endloop
 endfacet
 facet normal -7.836232e-01 -6.212364e-01  1.120301e-15
   outer loop
     vertex -3.873677e+01  1.130829e+01  1.477858e+02
     vertex -3.819533e+01  1.062531e+01  1.477858e+02
     vertex -3.873677e+01  1.130829e+01  1.507858e+02
   endloop
 endfacet
 facet normal -9.488403e-01 -3.157563e-01  1.873375e-15
   outer loop
     vertex -3.915139e+01  1.207490e+01  1.477858e+02
     vertex -3.915139e+01  1.207490e+01  1.507858e+02
     vertex -3.942659e+01  1.290187e+01  1.507858e+02
   endloop
 endfacet
 facet normal -8.795948e-01 -4.757236e-01  1.519929e-15
   outer loop
     vertex -3.915139e+01  1.207490e+01  1.477858e+02
     vertex -3.873677e+01  1.130829e+01  1.477858e+02
     vertex -3.915139e+01  1.207490e+01  1.507858e+02
   endloop
 endfacet
 facet normal -9.892558e-01 -1.461949e-01  2.169899e-15
   outer loop
     vertex -3.942659e+01  1.290187e+01  1.477858e+02
     vertex -3.942659e+01  1.290187e+01  1.507858e+02
     vertex -3.955401e+01  1.376407e+01  1.507858e+02
   endloop
 endfacet
 facet normal -9.488403e-01 -3.157563e-01  1.873375e-15
   outer loop
     vertex -3.942659e+01  1.290187e+01  1.477858e+02
     vertex -3.915139e+01  1.207490e+01  1.477858e+02
     vertex -3.942659e+01  1.290187e+01  1.507858e+02
   endloop
 endfacet
 facet normal -9.996133e-01  2.780865e-02  4.939808e-17
   outer loop
     vertex -3.955401e+01  1.376407e+01  1.477858e+02
     vertex -3.955401e+01  1.376407e+01  1.507858e+02
     vertex -3.952977e+01  1.463529e+01  1.507858e+02
   endloop
 endfacet
 facet normal -9.892558e-01 -1.461949e-01 -2.596942e-16
   outer loop
     vertex -3.955401e+01  1.376407e+01  1.477858e+02
     vertex -3.942659e+01  1.290187e+01  1.477858e+02
     vertex -3.955401e+01  1.376407e+01  1.507858e+02
   endloop
 endfacet
 facet normal -9.795980e-01  2.009672e-01  3.569894e-16
   outer loop
     vertex -3.952977e+01  1.463529e+01  1.477858e+02
     vertex -3.952977e+01  1.463529e+01  1.507858e+02
     vertex -3.935461e+01  1.548906e+01  1.507858e+02
   endloop
 endfacet
 facet normal -9.996133e-01  2.780865e-02  4.939808e-17
   outer loop
     vertex -3.952977e+01  1.463529e+01  1.477858e+02
     vertex -3.955401e+01  1.376407e+01  1.477858e+02
     vertex -3.952977e+01  1.463529e+01  1.507858e+02
   endloop
 endfacet
 facet normal -9.298181e-01  3.680195e-01 -1.766429e-15
   outer loop
     vertex -3.935461e+01  1.548906e+01  1.477858e+02
     vertex -3.935461e+01  1.548906e+01  1.507858e+02
     vertex -3.903386e+01  1.629945e+01  1.507858e+02
   endloop
 endfacet
 facet normal -9.795980e-01  2.009672e-01 -2.082161e-15
   outer loop
     vertex -3.935461e+01  1.548906e+01  1.477858e+02
     vertex -3.952977e+01  1.463529e+01  1.477858e+02
     vertex -3.935461e+01  1.548906e+01  1.507858e+02
   endloop
 endfacet
 facet normal -8.517862e-01  5.238896e-01  6.204099e-16
   outer loop
     vertex -3.903386e+01  1.629945e+01  1.477858e+02
     vertex -3.903386e+01  1.629945e+01  1.507858e+02
     vertex -3.857726e+01  1.704183e+01  1.507858e+02
   endloop
 endfacet
 facet normal -9.298181e-01  3.680195e-01  4.358226e-16
   outer loop
     vertex -3.903386e+01  1.629945e+01  1.477858e+02
     vertex -3.935461e+01  1.548906e+01  1.477858e+02
     vertex -3.903386e+01  1.629945e+01  1.507858e+02
   endloop
 endfacet
 facet normal -8.517862e-01  5.238896e-01 -2.017435e-15
   outer loop
     vertex -3.857726e+01  1.704183e+01  1.477858e+02
     vertex -3.903386e+01  1.629945e+01  1.477858e+02
     vertex -3.857726e+01  1.704183e+01  1.507858e+02
   endloop
 endfacet
 facet normal -7.478731e-01  6.638417e-01 -9.851729e-16
   outer loop
     vertex -3.799869e+01  1.769365e+01  1.477858e+02
     vertex -3.857726e+01  1.704183e+01  1.507858e+02
     vertex -3.799869e+01  1.769365e+01  1.507858e+02
   endloop
 endfacet
 facet normal -7.478731e-01  6.638417e-01 -1.783373e-15
   outer loop
     vertex -3.799869e+01  1.769365e+01  1.477858e+02
     vertex -3.857726e+01  1.704183e+01  1.477858e+02
     vertex -3.857726e+01  1.704183e+01  1.507858e+02
   endloop
 endfacet
 facet normal -6.212364e-01  7.836232e-01 -1.471383e-15
   outer loop
     vertex -3.731572e+01  1.823509e+01  1.477858e+02
     vertex -3.799869e+01  1.769365e+01  1.507858e+02
     vertex -3.731572e+01  1.823509e+01  1.507858e+02
   endloop
 endfacet
 facet normal -4.757236e-01  8.795948e-01 -1.126740e-15
   outer loop
     vertex -3.731572e+01  1.823509e+01  1.477858e+02
     vertex -3.731572e+01  1.823509e+01  1.507858e+02
     vertex -3.654910e+01  1.864971e+01  1.507858e+02
   endloop
 endfacet
 facet normal -6.212364e-01  7.836232e-01 -5.307659e-16
   outer loop
     vertex -3.731572e+01  1.823509e+01  1.477858e+02
     vertex -3.799869e+01  1.769365e+01  1.477858e+02
     vertex -3.799869e+01  1.769365e+01  1.507858e+02
   endloop
 endfacet
 facet normal -4.757236e-01  8.795948e-01 -1.126740e-15
   outer loop
     vertex -3.654910e+01  1.864971e+01  1.477858e+02
     vertex -3.731572e+01  1.823509e+01  1.477858e+02
     vertex -3.654910e+01  1.864971e+01  1.507858e+02
   endloop
 endfacet
 facet normal -3.157563e-01  9.488403e-01 -7.536875e-16
   outer loop
     vertex -3.572213e+01  1.892491e+01  1.477858e+02
     vertex -3.654910e+01  1.864971e+01  1.477858e+02
     vertex -3.654910e+01  1.864971e+01  1.507858e+02
   endloop
 endfacet
 facet normal -3.157563e-01  9.488403e-01 -1.871514e-15
   outer loop
     vertex -3.572213e+01  1.892491e+01  1.477858e+02
     vertex -3.654910e+01  1.864971e+01  1.507858e+02
     vertex -3.572213e+01  1.892491e+01  1.507858e+02
   endloop
 endfacet
 facet normal -1.461949e-01  9.892558e-01 -1.517990e-15
   outer loop
     vertex -3.485994e+01  1.905233e+01  1.477858e+02
     vertex -3.572213e+01  1.892491e+01  1.477858e+02
     vertex -3.572213e+01  1.892491e+01  1.507858e+02
   endloop
 endfacet
 facet normal -1.461949e-01  9.892558e-01 -1.517773e-15
   outer loop
     vertex -3.485994e+01  1.905233e+01  1.477858e+02
     vertex -3.572213e+01  1.892491e+01  1.507858e+02
     vertex -3.485994e+01  1.905233e+01  1.507858e+02
   endloop
 endfacet
 facet normal  2.780865e-02  9.996133e-01 -1.117916e-15
   outer loop
     vertex -3.485994e+01  1.905233e+01  1.477858e+02
     vertex -3.485994e+01  1.905233e+01  1.507858e+02
     vertex -3.398872e+01  1.902809e+01  1.507858e+02
   endloop
 endfacet
 facet normal  2.780865e-02  9.996133e-01 -1.183780e-15
   outer loop
     vertex -3.398872e+01  1.902809e+01  1.477858e+02
     vertex -3.485994e+01  1.905233e+01  1.477858e+02
     vertex -3.398872e+01  1.902809e+01  1.507858e+02
   endloop
 endfacet
 facet normal -1.148249e-01 -9.933858e-01  1.654320e-15
   outer loop
     vertex  1.999594e+01  2.721454e+00  1.557858e+02
     vertex  2.247941e+01  2.434392e+00  1.589858e+02
     vertex  1.999594e+01  2.721454e+00  1.589858e+02
   endloop
 endfacet
 facet normal -1.148249e-01 -9.933858e-01  1.708028e-15
   outer loop
     vertex  2.247941e+01  2.434392e+00  1.477858e+02
     vertex  1.999594e+01  2.721454e+00  1.557858e+02
     vertex  1.775771e+01  2.980170e+00  1.534278e+02
   endloop
 endfacet
 facet normal -1.148249e-01 -9.933858e-01  1.657285e-15
   outer loop
     vertex  2.247941e+01  2.434392e+00  1.477858e+02
     vertex  2.247941e+01  2.434392e+00  1.589858e+02
     vertex  1.999594e+01  2.721454e+00  1.557858e+02
   endloop
 endfacet
 facet normal -1.148249e-01 -9.933858e-01  9.295996e-16
   outer loop
     vertex  1.650020e+01  3.125525e+00  1.523927e+02
     vertex  2.247941e+01  2.434392e+00  1.477858e+02
     vertex  1.775771e+01  2.980170e+00  1.534278e+02
   endloop
 endfacet
 facet normal -1.148249e-01 -9.933858e-01  2.342362e-15
   outer loop
     vertex  1.547471e+01  3.244061e+00  1.517417e+02
     vertex  2.247941e+01  2.434392e+00  1.477858e+02
     vertex  1.650020e+01  3.125525e+00  1.523927e+02
   endloop
 endfacet
 facet normal -1.148249e-01 -9.933858e-01  1.661257e-15
   outer loop
     vertex  1.426314e+01  3.384106e+00  1.511938e+02
     vertex  2.247941e+01  2.434392e+00  1.477858e+02
     vertex  1.547471e+01  3.244061e+00  1.517417e+02
   endloop
 endfacet
 facet normal -1.148249e-01 -9.933858e-01  2.870488e-15
   outer loop
     vertex  1.314202e+01  3.513695e+00  1.508920e+02
     vertex  2.247941e+01  2.434392e+00  1.477858e+02
     vertex  1.426314e+01  3.384106e+00  1.511938e+02
   endloop
 endfacet
 facet normal -1.148249e-01 -9.933858e-01  2.461715e-15
   outer loop
     vertex  1.255992e+01  3.580979e+00  1.508121e+02
     vertex  2.247941e+01  2.434392e+00  1.477858e+02
     vertex  1.314202e+01  3.513695e+00  1.508920e+02
   endloop
 endfacet
 facet normal -1.148249e-01 -9.933858e-01  9.842086e-15
   outer loop
     vertex  1.198701e+01  3.647201e+00  1.507858e+02
     vertex  2.247941e+01  2.434392e+00  1.477858e+02
     vertex  1.255992e+01  3.580979e+00  1.508121e+02
   endloop
 endfacet
 facet normal -1.148249e-01 -9.933858e-01  2.352810e-15
   outer loop
     vertex -3.513696e+01  9.094234e+00  1.477858e+02
     vertex  1.198701e+01  3.647201e+00  1.507858e+02
     vertex -3.513696e+01  9.094234e+00  1.507858e+02
   endloop
 endfacet
 facet normal -1.148249e-01 -9.933858e-01  1.633432e-15
   outer loop
     vertex -3.513696e+01  9.094234e+00  1.477858e+02
     vertex  2.247941e+01  2.434392e+00  1.477858e+02
     vertex  1.198701e+01  3.647201e+00  1.507858e+02
   endloop
 endfacet
 facet normal  1.148249e-01  9.933858e-01 -1.198274e-15
   outer loop
     vertex  1.313526e+01  1.358106e+01  1.507858e+02
     vertex -3.398872e+01  1.902809e+01  1.477858e+02
     vertex -3.398872e+01  1.902809e+01  1.507858e+02
   endloop
 endfacet
 facet normal  1.148249e-01  9.933858e-01 -1.654320e-15
   outer loop
     vertex  2.114419e+01  1.265531e+01  1.557858e+02
     vertex  2.114419e+01  1.265531e+01  1.589858e+02
     vertex  2.362766e+01  1.236825e+01  1.589858e+02
   endloop
 endfacet
 facet normal  1.148249e-01  9.933858e-01 -4.705274e-15
   outer loop
     vertex  2.362766e+01  1.236825e+01  1.477858e+02
     vertex  1.313526e+01  1.358106e+01  1.507858e+02
     vertex  1.419655e+01  1.345838e+01  1.508755e+02
   endloop
 endfacet
 facet normal  1.148249e-01  9.933858e-01 -9.125787e-15
   outer loop
     vertex  2.362766e+01  1.236825e+01  1.477858e+02
     vertex  1.419655e+01  1.345838e+01  1.508755e+02
     vertex  1.522966e+01  1.333897e+01  1.511317e+02
   endloop
 endfacet
 facet normal  1.148249e-01  9.933858e-01 -1.718470e-15
   outer loop
     vertex  2.362766e+01  1.236825e+01  1.477858e+02
     vertex  1.522966e+01  1.333897e+01  1.511317e+02
     vertex  1.621831e+01  1.322469e+01  1.515326e+02
   endloop
 endfacet
 facet normal  1.148249e-01  9.933858e-01  4.830997e-16
   outer loop
     vertex  2.362766e+01  1.236825e+01  1.477858e+02
     vertex  1.621831e+01  1.322469e+01  1.515326e+02
     vertex  1.714378e+01  1.311772e+01  1.520505e+02
   endloop
 endfacet
 facet normal  1.148249e-01  9.933858e-01 -1.492121e-15
   outer loop
     vertex  2.362766e+01  1.236825e+01  1.477858e+02
     vertex  1.714378e+01  1.311772e+01  1.520505e+02
     vertex  1.829267e+01  1.298492e+01  1.528908e+02
   endloop
 endfacet
 facet normal  1.148249e-01  9.933858e-01 -2.149265e-15
   outer loop
     vertex  2.362766e+01  1.236825e+01  1.477858e+02
     vertex  1.829267e+01  1.298492e+01  1.528908e+02
     vertex  1.977337e+01  1.281376e+01  1.542825e+02
   endloop
 endfacet
 facet normal  1.148249e-01  9.933858e-01 -1.605557e-15
   outer loop
     vertex  2.362766e+01  1.236825e+01  1.477858e+02
     vertex  1.977337e+01  1.281376e+01  1.542825e+02
     vertex  2.114419e+01  1.265531e+01  1.557858e+02
   endloop
 endfacet
 facet normal  1.148249e-01  9.933858e-01 -1.890651e-15
   outer loop
     vertex  2.362766e+01  1.236825e+01  1.477858e+02
     vertex  2.114419e+01  1.265531e+01  1.557858e+02
     vertex  2.362766e+01  1.236825e+01  1.589858e+02
   endloop
 endfacet
 facet normal  1.148249e-01  9.933858e-01 -2.041789e-15
   outer loop
     vertex  2.362766e+01  1.236825e+01  1.477858e+02
     vertex -3.398872e+01  1.902809e+01  1.477858e+02
     vertex  1.313526e+01  1.358106e+01  1.507858e+02
   endloop
 endfacet
 facet normal -9.795980e-01  2.009672e-01 -7.411364e-16
   outer loop
     vertex  2.653038e+01  6.999433e+00  1.472858e+02
     vertex  2.640778e+01  6.401790e+00  1.531858e+02
     vertex  2.653038e+01  6.999433e+00  1.531858e+02
   endloop
 endfacet
 facet normal -9.298181e-01  3.680195e-01 -1.274227e-15
   outer loop
     vertex  2.640778e+01  6.401790e+00  1.472858e+02
     vertex  2.618325e+01  5.834517e+00  1.531858e+02
     vertex  2.640778e+01  6.401790e+00  1.531858e+02
   endloop
 endfacet
 facet normal -9.795980e-01  2.009672e-01 -6.958269e-16
   outer loop
     vertex  2.640778e+01  6.401790e+00  1.472858e+02
     vertex  2.640778e+01  6.401790e+00  1.531858e+02
     vertex  2.653038e+01  6.999433e+00  1.472858e+02
   endloop
 endfacet
 facet normal -8.517862e-01  5.238896e-01 -7.092304e-16
   outer loop
     vertex  2.618325e+01  5.834517e+00  1.472858e+02
     vertex  2.586363e+01  5.314851e+00  1.531858e+02
     vertex  2.618325e+01  5.834517e+00  1.531858e+02
   endloop
 endfacet
 facet normal -9.298181e-01  3.680195e-01 -9.903689e-17
   outer loop
     vertex  2.618325e+01  5.834517e+00  1.472858e+02
     vertex  2.618325e+01  5.834517e+00  1.531858e+02
     vertex  2.640778e+01  6.401790e+00  1.472858e+02
   endloop
 endfacet
 facet normal -7.478731e-01  6.638417e-01 -1.197940e-15
   outer loop
     vertex  2.586363e+01  5.314851e+00  1.472858e+02
     vertex  2.545863e+01  4.858581e+00  1.531858e+02
     vertex  2.586363e+01  5.314851e+00  1.531858e+02
   endloop
 endfacet
 facet normal -8.517862e-01  5.238896e-01 -6.303647e-16
   outer loop
     vertex  2.586363e+01  5.314851e+00  1.472858e+02
     vertex  2.586363e+01  5.314851e+00  1.531858e+02
     vertex  2.618325e+01  5.834517e+00  1.472858e+02
   endloop
 endfacet
 facet normal -6.212364e-01  7.836232e-01 -1.493186e-15
   outer loop
     vertex  2.545863e+01  4.858581e+00  1.472858e+02
     vertex  2.498055e+01  4.479571e+00  1.531858e+02
     vertex  2.545863e+01  4.858581e+00  1.531858e+02
   endloop
 endfacet
 facet normal -7.478731e-01  6.638417e-01 -9.980727e-16
   outer loop
     vertex  2.545863e+01  4.858581e+00  1.472858e+02
     vertex  2.545863e+01  4.858581e+00  1.531858e+02
     vertex  2.586363e+01  5.314851e+00  1.472858e+02
   endloop
 endfacet
 facet normal -4.757236e-01  8.795948e-01 -1.656470e-15
   outer loop
     vertex  2.498055e+01  4.479571e+00  1.472858e+02
     vertex  2.444391e+01  4.189336e+00  1.531858e+02
     vertex  2.498055e+01  4.479571e+00  1.531858e+02
   endloop
 endfacet
 facet normal -6.212364e-01  7.836232e-01 -1.119106e-15
   outer loop
     vertex  2.498055e+01  4.479571e+00  1.472858e+02
     vertex  2.498055e+01  4.479571e+00  1.531858e+02
     vertex  2.545863e+01  4.858581e+00  1.472858e+02
   endloop
 endfacet
 facet normal -3.157563e-01  9.488403e-01 -2.047964e-15
   outer loop
     vertex  2.444391e+01  4.189336e+00  1.472858e+02
     vertex  2.386504e+01  3.996697e+00  1.531858e+02
     vertex  2.444391e+01  4.189336e+00  1.531858e+02
   endloop
 endfacet
 facet normal -4.757236e-01  8.795948e-01 -1.678104e-15
   outer loop
     vertex  2.444391e+01  4.189336e+00  1.472858e+02
     vertex  2.444391e+01  4.189336e+00  1.531858e+02
     vertex  2.498055e+01  4.479571e+00  1.472858e+02
   endloop
 endfacet
 facet normal -1.461949e-01  9.892558e-01 -1.969724e-15
   outer loop
     vertex  2.386504e+01  3.996697e+00  1.472858e+02
     vertex  2.326150e+01  3.907505e+00  1.531858e+02
     vertex  2.386504e+01  3.996697e+00  1.531858e+02
   endloop
 endfacet
 facet normal -3.157563e-01  9.488403e-01 -1.572155e-15
   outer loop
     vertex  2.386504e+01  3.996697e+00  1.472858e+02
     vertex  2.386504e+01  3.996697e+00  1.531858e+02
     vertex  2.444391e+01  4.189336e+00  1.472858e+02
   endloop
 endfacet
 facet normal  2.780865e-02  9.996133e-01 -2.081722e-15
   outer loop
     vertex  2.326150e+01  3.907505e+00  1.472858e+02
     vertex  2.265165e+01  3.924470e+00  1.531858e+02
     vertex  2.326150e+01  3.907505e+00  1.531858e+02
   endloop
 endfacet
 facet normal -1.461949e-01  9.892558e-01 -1.746342e-15
   outer loop
     vertex  2.326150e+01  3.907505e+00  1.472858e+02
     vertex  2.326150e+01  3.907505e+00  1.531858e+02
     vertex  2.386504e+01  3.996697e+00  1.472858e+02
   endloop
 endfacet
 facet normal  2.009672e-01  9.795980e-01 -1.911448e-15
   outer loop
     vertex  2.265165e+01  3.924470e+00  1.472858e+02
     vertex  2.205400e+01  4.047078e+00  1.531858e+02
     vertex  2.265165e+01  3.924470e+00  1.531858e+02
   endloop
 endfacet
 facet normal  2.780865e-02  9.996133e-01 -1.630281e-15
   outer loop
     vertex  2.265165e+01  3.924470e+00  1.472858e+02
     vertex  2.265165e+01  3.924470e+00  1.531858e+02
     vertex  2.326150e+01  3.907505e+00  1.472858e+02
   endloop
 endfacet
 facet normal  3.680195e-01  9.298181e-01 -1.924577e-15
   outer loop
     vertex  2.205400e+01  4.047078e+00  1.472858e+02
     vertex  2.148673e+01  4.271603e+00  1.531858e+02
     vertex  2.205400e+01  4.047078e+00  1.531858e+02
   endloop
 endfacet
 facet normal  2.009672e-01  9.795980e-01 -1.690247e-15
   outer loop
     vertex  2.205400e+01  4.047078e+00  1.472858e+02
     vertex  2.205400e+01  4.047078e+00  1.531858e+02
     vertex  2.265165e+01  3.924470e+00  1.472858e+02
   endloop
 endfacet
 facet normal  5.238896e-01  8.517862e-01 -1.715749e-15
   outer loop
     vertex  2.148673e+01  4.271603e+00  1.472858e+02
     vertex  2.096706e+01  4.591223e+00  1.531858e+02
     vertex  2.148673e+01  4.271603e+00  1.531858e+02
   endloop
 endfacet
 facet normal  3.680195e-01  9.298181e-01 -1.504656e-15
   outer loop
     vertex  2.148673e+01  4.271603e+00  1.472858e+02
     vertex  2.148673e+01  4.271603e+00  1.531858e+02
     vertex  2.205400e+01  4.047078e+00  1.472858e+02
   endloop
 endfacet
 facet normal  6.638417e-01  7.478731e-01 -1.474974e-15
   outer loop
     vertex  2.096706e+01  4.591223e+00  1.472858e+02
     vertex  2.051079e+01  4.996227e+00  1.531858e+02
     vertex  2.096706e+01  4.591223e+00  1.531858e+02
   endloop
 endfacet
 facet normal  5.238896e-01  8.517862e-01 -1.400286e-15
   outer loop
     vertex  2.096706e+01  4.591223e+00  1.472858e+02
     vertex  2.096706e+01  4.591223e+00  1.531858e+02
     vertex  2.148673e+01  4.271603e+00  1.472858e+02
   endloop
 endfacet
 facet normal  7.836232e-01  6.212364e-01 -1.224285e-15
   outer loop
     vertex  2.051079e+01  4.996227e+00  1.472858e+02
     vertex  2.013178e+01  5.474308e+00  1.531858e+02
     vertex  2.051079e+01  4.996227e+00  1.531858e+02
   endloop
 endfacet
 facet normal  6.638417e-01  7.478731e-01 -1.137223e-15
   outer loop
     vertex  2.051079e+01  4.996227e+00  1.472858e+02
     vertex  2.051079e+01  4.996227e+00  1.531858e+02
     vertex  2.096706e+01  4.591223e+00  1.472858e+02
   endloop
 endfacet
 facet normal  8.795948e-01  4.757236e-01 -1.202534e-15
   outer loop
     vertex  2.013178e+01  5.474308e+00  1.472858e+02
     vertex  1.984155e+01  6.010940e+00  1.531858e+02
     vertex  2.013178e+01  5.474308e+00  1.531858e+02
   endloop
 endfacet
 facet normal  7.836232e-01  6.212364e-01 -1.130765e-15
   outer loop
     vertex  2.013178e+01  5.474308e+00  1.472858e+02
     vertex  2.013178e+01  5.474308e+00  1.531858e+02
     vertex  2.051079e+01  4.996227e+00  1.472858e+02
   endloop
 endfacet
 facet normal  8.795948e-01  4.757236e-01 -6.728819e-16
   outer loop
     vertex  1.984155e+01  6.010940e+00  1.472858e+02
     vertex  1.984155e+01  6.010940e+00  1.531858e+02
     vertex  2.013178e+01  5.474308e+00  1.472858e+02
   endloop
 endfacet
 facet normal  9.488403e-01  3.157563e-01 -6.669915e-16
   outer loop
     vertex  1.964891e+01  6.589818e+00  1.472858e+02
     vertex  1.984155e+01  6.010940e+00  1.531858e+02
     vertex  1.984155e+01  6.010940e+00  1.472858e+02
   endloop
 endfacet
 facet normal  9.488403e-01  3.157563e-01 -6.188824e-16
   outer loop
     vertex  1.964891e+01  6.589818e+00  1.472858e+02
     vertex  1.964891e+01  6.589818e+00  1.531858e+02
     vertex  1.984155e+01  6.010940e+00  1.531858e+02
   endloop
 endfacet
 facet normal  9.892558e-01  1.461949e-01 -6.168707e-16
   outer loop
     vertex  1.955972e+01  7.193353e+00  1.472858e+02
     vertex  1.964891e+01  6.589818e+00  1.531858e+02
     vertex  1.964891e+01  6.589818e+00  1.472858e+02
   endloop
 endfacet
 facet normal  9.892558e-01  1.461949e-01 -2.200799e-17
   outer loop
     vertex  1.955972e+01  7.193353e+00  1.472858e+02
     vertex  1.955972e+01  7.193353e+00  1.531858e+02
     vertex  1.964891e+01  6.589818e+00  1.531858e+02
   endloop
 endfacet
 facet normal  9.996133e-01 -2.780865e-02  4.186278e-18
   outer loop
     vertex  1.955972e+01  7.193353e+00  1.472858e+02
     vertex  1.957668e+01  7.803207e+00  1.531858e+02
     vertex  1.955972e+01  7.193353e+00  1.531858e+02
   endloop
 endfacet
 facet normal  9.996133e-01 -2.780865e-02  6.019220e-16
   outer loop
     vertex  1.957668e+01  7.803207e+00  1.472858e+02
     vertex  1.957668e+01  7.803207e+00  1.531858e+02
     vertex  1.955972e+01  7.193353e+00  1.472858e+02
   endloop
 endfacet
 facet normal  0.000000e+00  0.000000e+00  1.000000e+00
   outer loop
     vertex -3.606316e+01  1.633595e+01  1.512858e+02
     vertex -3.704043e+01  1.781770e+01  1.512858e+02
     vertex -3.765510e+01  1.733040e+01  1.512858e+02
   endloop
 endfacet
 facet normal  0.000000e+00  0.000000e+00  1.000000e+00
   outer loop
     vertex -3.643538e+01  1.604087e+01  1.512858e+02
     vertex -3.765510e+01  1.733040e+01  1.512858e+02
     vertex -3.817582e+01  1.674377e+01  1.512858e+02
   endloop
 endfacet
 facet normal  0.000000e+00 -0.000000e+00  1.000000e+00
   outer loop
     vertex -3.643538e+01  1.604087e+01  1.512858e+02
     vertex -3.606316e+01  1.633595e+01  1.512858e+02
     vertex -3.765510e+01  1.733040e+01  1.512858e+02
   endloop
 endfacet
 facet normal  0.000000e+00  0.000000e+00  1.000000e+00
   outer loop
     vertex -3.564535e+01  1.656192e+01  1.512858e+02
     vertex -3.635047e+01  1.819086e+01  1.512858e+02
     vertex -3.704043e+01  1.781770e+01  1.512858e+02
   endloop
 endfacet
 facet normal  0.000000e+00  0.000000e+00  1.000000e+00
   outer loop
     vertex -3.564535e+01  1.656192e+01  1.512858e+02
     vertex -3.704043e+01  1.781770e+01  1.512858e+02
     vertex -3.606316e+01  1.633595e+01  1.512858e+02
   endloop
 endfacet
 facet normal  0.000000e+00 -0.000000e+00  1.000000e+00
   outer loop
     vertex -3.675070e+01  1.568563e+01  1.512858e+02
     vertex -3.643538e+01  1.604087e+01  1.512858e+02
     vertex -3.817582e+01  1.674377e+01  1.512858e+02
   endloop
 endfacet
 facet normal  0.000000e+00  0.000000e+00  1.000000e+00
   outer loop
     vertex -3.519465e+01  1.671191e+01  1.512858e+02
     vertex -3.560620e+01  1.843854e+01  1.512858e+02
     vertex -3.635047e+01  1.819086e+01  1.512858e+02
   endloop
 endfacet
 facet normal  0.000000e+00  0.000000e+00  1.000000e+00
   outer loop
     vertex -3.519465e+01  1.671191e+01  1.512858e+02
     vertex -3.635047e+01  1.819086e+01  1.512858e+02
     vertex -3.564535e+01  1.656192e+01  1.512858e+02
   endloop
 endfacet
 facet normal  0.000000e+00  0.000000e+00  1.000000e+00
   outer loop
     vertex -3.699955e+01  1.528103e+01  1.512858e+02
     vertex -3.817582e+01  1.674377e+01  1.512858e+02
     vertex -3.858676e+01  1.607562e+01  1.512858e+02
   endloop
 endfacet
 facet normal  0.000000e+00 -0.000000e+00  1.000000e+00
   outer loop
     vertex -3.699955e+01  1.528103e+01  1.512858e+02
     vertex -3.675070e+01  1.568563e+01  1.512858e+02
     vertex -3.817582e+01  1.674377e+01  1.512858e+02
   endloop
 endfacet
 facet normal  0.000000e+00  0.000000e+00  1.000000e+00
   outer loop
     vertex -3.472476e+01  1.678135e+01  1.512858e+02
     vertex -3.483023e+01  1.855321e+01  1.512858e+02
     vertex -3.560620e+01  1.843854e+01  1.512858e+02
   endloop
 endfacet
 facet normal  0.000000e+00  0.000000e+00  1.000000e+00
   outer loop
     vertex -3.472476e+01  1.678135e+01  1.512858e+02
     vertex -3.560620e+01  1.843854e+01  1.512858e+02
     vertex -3.519465e+01  1.671191e+01  1.512858e+02
   endloop
 endfacet
 facet normal  0.000000e+00  0.000000e+00  1.000000e+00
   outer loop
     vertex -3.717436e+01  1.483937e+01  1.512858e+02
     vertex -3.858676e+01  1.607562e+01  1.512858e+02
     vertex -3.887544e+01  1.534627e+01  1.512858e+02
   endloop
 endfacet
 facet normal  0.000000e+00  0.000000e+00  1.000000e+00
   outer loop
     vertex -3.717436e+01  1.483937e+01  1.512858e+02
     vertex -3.887544e+01  1.534627e+01  1.512858e+02
     vertex -3.903308e+01  1.457787e+01  1.512858e+02
   endloop
 endfacet
 facet normal  0.000000e+00 -0.000000e+00  1.000000e+00
   outer loop
     vertex -3.717436e+01  1.483937e+01  1.512858e+02
     vertex -3.699955e+01  1.528103e+01  1.512858e+02
     vertex -3.858676e+01  1.607562e+01  1.512858e+02
   endloop
 endfacet
 facet normal  3.657843e-14  1.189077e-14  1.000000e+00
   outer loop
     vertex -3.424994e+01  1.676814e+01  1.512858e+02
     vertex -3.404613e+01  1.853140e+01  1.512858e+02
     vertex -3.483023e+01  1.855321e+01  1.512858e+02
   endloop
 endfacet
 facet normal  0.000000e+00  0.000000e+00  1.000000e+00
   outer loop
     vertex -3.424994e+01  1.676814e+01  1.512858e+02
     vertex -3.483023e+01  1.855321e+01  1.512858e+02
     vertex -3.472476e+01  1.678135e+01  1.512858e+02
   endloop
 endfacet
 facet normal  0.000000e+00  0.000000e+00  1.000000e+00
   outer loop
     vertex -3.726982e+01  1.437406e+01  1.512858e+02
     vertex -3.903308e+01  1.457787e+01  1.512858e+02
     vertex -3.905489e+01  1.379378e+01  1.512858e+02
   endloop
 endfacet
 facet normal  0.000000e+00 -0.000000e+00  1.000000e+00
   outer loop
     vertex -3.726982e+01  1.437406e+01  1.512858e+02
     vertex -3.717436e+01  1.483937e+01  1.512858e+02
     vertex -3.903308e+01  1.457787e+01  1.512858e+02
   endloop
 endfacet
 facet normal  3.230225e-15  1.574546e-14  1.000000e+00
   outer loop
     vertex -3.378463e+01  1.667268e+01  1.512858e+02
     vertex -3.404613e+01  1.853140e+01  1.512858e+02
     vertex -3.424994e+01  1.676814e+01  1.512858e+02
   endloop
 endfacet
 facet normal  0.000000e+00 -0.000000e+00  1.000000e+00
   outer loop
     vertex -3.728303e+01  1.389925e+01  1.512858e+02
     vertex -3.726982e+01  1.437406e+01  1.512858e+02
     vertex -3.905489e+01  1.379378e+01  1.512858e+02
   endloop
 endfacet
 facet normal  0.000000e+00  0.000000e+00  1.000000e+00
   outer loop
     vertex -3.728303e+01  1.389925e+01  1.512858e+02
     vertex -3.905489e+01  1.379378e+01  1.512858e+02
     vertex -3.894021e+01  1.301780e+01  1.512858e+02
   endloop
 endfacet
 facet normal  6.409016e-15  1.619267e-14  1.000000e+00
   outer loop
     vertex -3.334297e+01  1.649787e+01  1.512858e+02
     vertex -3.404613e+01  1.853140e+01  1.512858e+02
     vertex -3.378463e+01  1.667268e+01  1.512858e+02
   endloop
 endfacet
 facet normal  0.000000e+00  0.000000e+00  1.000000e+00
   outer loop
     vertex -3.721358e+01  1.342935e+01  1.512858e+02
     vertex -3.728303e+01  1.389925e+01  1.512858e+02
     vertex -3.894021e+01  1.301780e+01  1.512858e+02
   endloop
 endfacet
 facet normal  1.091827e-14  1.775189e-14  1.000000e+00
   outer loop
     vertex -3.293838e+01  1.624902e+01  1.512858e+02
     vertex -3.404613e+01  1.853140e+01  1.512858e+02
     vertex -3.334297e+01  1.649787e+01  1.512858e+02
   endloop
 endfacet
 facet normal  0.000000e+00  0.000000e+00  1.000000e+00
   outer loop
     vertex -3.706360e+01  1.297865e+01  1.512858e+02
     vertex -3.721358e+01  1.342935e+01  1.512858e+02
     vertex -3.894021e+01  1.301780e+01  1.512858e+02
   endloop
 endfacet
 facet normal  0.000000e+00  0.000000e+00  1.000000e+00
   outer loop
     vertex -3.706360e+01  1.297865e+01  1.512858e+02
     vertex -3.894021e+01  1.301780e+01  1.512858e+02
     vertex -3.869253e+01  1.227353e+01  1.512858e+02
   endloop
 endfacet
 facet normal  0.000000e+00 -0.000000e+00  1.000000e+00
   outer loop
     vertex -3.831938e+01  1.158357e+01  1.512858e+02
     vertex -3.706360e+01  1.297865e+01  1.512858e+02
     vertex -3.869253e+01  1.227353e+01  1.512858e+02
   endloop
 endfacet
 facet normal  1.941994e-14  2.187819e-14  1.000000e+00
   outer loop
     vertex -3.258314e+01  1.593370e+01  1.512858e+02
     vertex -3.404613e+01  1.853140e+01  1.512858e+02
     vertex -3.293838e+01  1.624902e+01  1.512858e+02
   endloop
 endfacet
 facet normal  0.000000e+00  0.000000e+00  1.000000e+00
   outer loop
     vertex -3.683763e+01  1.256085e+01  1.512858e+02
     vertex -3.706360e+01  1.297865e+01  1.512858e+02
     vertex -3.831938e+01  1.158357e+01  1.512858e+02
   endloop
 endfacet
 facet normal  4.765575e-14  3.778025e-14  1.000000e+00
   outer loop
     vertex -3.228805e+01  1.556148e+01  1.512858e+02
     vertex -3.404613e+01  1.853140e+01  1.512858e+02
     vertex -3.258314e+01  1.593370e+01  1.512858e+02
   endloop
 endfacet
 facet normal  0.000000e+00 -0.000000e+00  1.000000e+00
   outer loop
     vertex -3.783208e+01  1.096890e+01  1.512858e+02
     vertex -3.683763e+01  1.256085e+01  1.512858e+02
     vertex -3.831938e+01  1.158357e+01  1.512858e+02
   endloop
 endfacet
 facet normal  0.000000e+00  0.000000e+00  1.000000e+00
   outer loop
     vertex -3.783208e+01  1.096890e+01  1.512858e+02
     vertex -3.654254e+01  1.218863e+01  1.512858e+02
     vertex -3.683763e+01  1.256085e+01  1.512858e+02
   endloop
 endfacet
 facet normal  0.000000e+00 -0.000000e+00  1.000000e+00
   outer loop
     vertex -3.724544e+01  1.044818e+01  1.512858e+02
     vertex -3.654254e+01  1.218863e+01  1.512858e+02
     vertex -3.783208e+01  1.096890e+01  1.512858e+02
   endloop
 endfacet
 facet normal  0.000000e+00  0.000000e+00  1.000000e+00
   outer loop
     vertex -3.724544e+01  1.044818e+01  1.512858e+02
     vertex -3.618731e+01  1.187330e+01  1.512858e+02
     vertex -3.654254e+01  1.218863e+01  1.512858e+02
   endloop
 endfacet
 facet normal  0.000000e+00 -0.000000e+00  1.000000e+00
   outer loop
     vertex -3.657730e+01  1.003724e+01  1.512858e+02
     vertex -3.618731e+01  1.187330e+01  1.512858e+02
     vertex -3.724544e+01  1.044818e+01  1.512858e+02
   endloop
 endfacet
 facet normal  0.000000e+00  0.000000e+00  1.000000e+00
   outer loop
     vertex -3.657730e+01  1.003724e+01  1.512858e+02
     vertex -3.534105e+01  1.144965e+01  1.512858e+02
     vertex -3.578271e+01  1.162445e+01  1.512858e+02
   endloop
 endfacet
 facet normal  0.000000e+00  0.000000e+00  1.000000e+00
   outer loop
     vertex -3.657730e+01  1.003724e+01  1.512858e+02
     vertex -3.578271e+01  1.162445e+01  1.512858e+02
     vertex -3.618731e+01  1.187330e+01  1.512858e+02
   endloop
 endfacet
 facet normal  0.000000e+00 -0.000000e+00  1.000000e+00
   outer loop
     vertex -3.584795e+01  9.748566e+00  1.512858e+02
     vertex -3.534105e+01  1.144965e+01  1.512858e+02
     vertex -3.657730e+01  1.003724e+01  1.512858e+02
   endloop
 endfacet
 facet normal  0.000000e+00  0.000000e+00  1.000000e+00
   outer loop
     vertex -3.507955e+01  9.590927e+00  1.512858e+02
     vertex -3.534105e+01  1.144965e+01  1.512858e+02
     vertex -3.584795e+01  9.748566e+00  1.512858e+02
   endloop
 endfacet
 facet normal  0.000000e+00  0.000000e+00  1.000000e+00
   outer loop
     vertex -3.507955e+01  9.590927e+00  1.512858e+02
     vertex -3.269030e+01  1.208146e+01  1.512858e+02
     vertex -3.306252e+01  1.178637e+01  1.512858e+02
   endloop
 endfacet
 facet normal  0.000000e+00  0.000000e+00  1.000000e+00
   outer loop
     vertex -3.507955e+01  9.590927e+00  1.512858e+02
     vertex -3.306252e+01  1.178637e+01  1.512858e+02
     vertex -3.348033e+01  1.156040e+01  1.512858e+02
   endloop
 endfacet
 facet normal  0.000000e+00  0.000000e+00  1.000000e+00
   outer loop
     vertex -3.507955e+01  9.590927e+00  1.512858e+02
     vertex -3.348033e+01  1.156040e+01  1.512858e+02
     vertex -3.393103e+01  1.141042e+01  1.512858e+02
   endloop
 endfacet
 facet normal  0.000000e+00  0.000000e+00  1.000000e+00
   outer loop
     vertex -3.507955e+01  9.590927e+00  1.512858e+02
     vertex -3.393103e+01  1.141042e+01  1.512858e+02
     vertex -3.440092e+01  1.134098e+01  1.512858e+02
   endloop
 endfacet
 facet normal  0.000000e+00  0.000000e+00  1.000000e+00
   outer loop
     vertex -3.507955e+01  9.590927e+00  1.512858e+02
     vertex -3.440092e+01  1.134098e+01  1.512858e+02
     vertex -3.487574e+01  1.135419e+01  1.512858e+02
   endloop
 endfacet
 facet normal  0.000000e+00 -0.000000e+00  1.000000e+00
   outer loop
     vertex -3.507955e+01  9.590927e+00  1.512858e+02
     vertex -3.487574e+01  1.135419e+01  1.512858e+02
     vertex -3.534105e+01  1.144965e+01  1.512858e+02
   endloop
 endfacet
 facet normal  1.187423e-15  1.027277e-14  1.000000e+00
   outer loop
     vertex  1.307785e+01  1.308437e+01  1.512858e+02
     vertex -3.404613e+01  1.853140e+01  1.512858e+02
     vertex -3.228805e+01  1.556148e+01  1.512858e+02
   endloop
 endfacet
 facet normal  6.455640e-16  3.491495e-16  1.000000e+00
   outer loop
     vertex  1.307785e+01  1.308437e+01  1.512858e+02
     vertex -3.228805e+01  1.556148e+01  1.512858e+02
     vertex -3.206208e+01  1.514367e+01  1.512858e+02
   endloop
 endfacet
 facet normal  0.000000e+00  0.000000e+00  1.000000e+00
   outer loop
     vertex  1.241746e+01  1.187229e+01  1.512858e+02
     vertex -3.206208e+01  1.514367e+01  1.512858e+02
     vertex -3.191210e+01  1.469298e+01  1.512858e+02
   endloop
 endfacet
 facet normal  1.658166e-15  2.254534e-14  1.000000e+00
   outer loop
     vertex  1.241746e+01  1.187229e+01  1.512858e+02
     vertex  1.307785e+01  1.308437e+01  1.512858e+02
     vertex -3.206208e+01  1.514367e+01  1.512858e+02
   endloop
 endfacet
 facet normal  0.000000e+00  0.000000e+00  1.000000e+00
   outer loop
     vertex  1.195018e+01  1.057348e+01  1.512858e+02
     vertex -3.191210e+01  1.469298e+01  1.512858e+02
     vertex -3.184266e+01  1.422308e+01  1.512858e+02
   endloop
 endfacet
 facet normal  0.000000e+00 -0.000000e+00  1.000000e+00
   outer loop
     vertex  1.195018e+01  1.057348e+01  1.512858e+02
     vertex  1.241746e+01  1.187229e+01  1.512858e+02
     vertex -3.191210e+01  1.469298e+01  1.512858e+02
   endloop
 endfacet
 facet normal  0.000000e+00  0.000000e+00  1.000000e+00
   outer loop
     vertex  1.168701e+01  9.218499e+00  1.512858e+02
     vertex -3.184266e+01  1.422308e+01  1.512858e+02
     vertex -3.185586e+01  1.374826e+01  1.512858e+02
   endloop
 endfacet
 facet normal  0.000000e+00 -0.000000e+00  1.000000e+00
   outer loop
     vertex  1.168701e+01  9.218499e+00  1.512858e+02
     vertex  1.195018e+01  1.057348e+01  1.512858e+02
     vertex -3.184266e+01  1.422308e+01  1.512858e+02
   endloop
 endfacet
 facet normal  0.000000e+00 -0.000000e+00  1.000000e+00
   outer loop
     vertex  1.157218e+01  8.225113e+00  1.512858e+02
     vertex  1.168701e+01  9.218499e+00  1.512858e+02
     vertex -3.185586e+01  1.374826e+01  1.512858e+02
   endloop
 endfacet
 facet normal  0.000000e+00  0.000000e+00  1.000000e+00
   outer loop
     vertex  1.157218e+01  8.225113e+00  1.512858e+02
     vertex -3.185586e+01  1.374826e+01  1.512858e+02
     vertex -3.195132e+01  1.328296e+01  1.512858e+02
   endloop
 endfacet
 facet normal  0.000000e+00  0.000000e+00  1.000000e+00
   outer loop
     vertex  1.151930e+01  6.845821e+00  1.512858e+02
     vertex -3.195132e+01  1.328296e+01  1.512858e+02
     vertex -3.212613e+01  1.284129e+01  1.512858e+02
   endloop
 endfacet
 facet normal  0.000000e+00 -0.000000e+00  1.000000e+00
   outer loop
     vertex  1.151930e+01  6.845821e+00  1.512858e+02
     vertex  1.157218e+01  8.225113e+00  1.512858e+02
     vertex -3.195132e+01  1.328296e+01  1.512858e+02
   endloop
 endfacet
 facet normal  0.000000e+00  0.000000e+00  1.000000e+00
   outer loop
     vertex  1.167796e+01  5.474664e+00  1.512858e+02
     vertex -3.212613e+01  1.284129e+01  1.512858e+02
     vertex -3.237498e+01  1.243670e+01  1.512858e+02
   endloop
 endfacet
 facet normal  0.000000e+00  0.000000e+00  1.000000e+00
   outer loop
     vertex  1.167796e+01  5.474664e+00  1.512858e+02
     vertex  1.151930e+01  6.845821e+00  1.512858e+02
     vertex -3.212613e+01  1.284129e+01  1.512858e+02
   endloop
 endfacet
 facet normal  0.000000e+00  0.000000e+00  1.000000e+00
   outer loop
     vertex  1.204442e+01  4.143894e+00  1.512858e+02
     vertex -3.269030e+01  1.208146e+01  1.512858e+02
     vertex -3.507955e+01  9.590927e+00  1.512858e+02
   endloop
 endfacet
 facet normal  0.000000e+00  0.000000e+00  1.000000e+00
   outer loop
     vertex  1.204442e+01  4.143894e+00  1.512858e+02
     vertex -3.237498e+01  1.243670e+01  1.512858e+02
     vertex -3.269030e+01  1.208146e+01  1.512858e+02
   endloop
 endfacet
 facet normal  0.000000e+00  0.000000e+00  1.000000e+00
   outer loop
     vertex  1.204442e+01  4.143894e+00  1.512858e+02
     vertex  1.167796e+01  5.474664e+00  1.512858e+02
     vertex -3.237498e+01  1.243670e+01  1.512858e+02
   endloop
 endfacet
 facet normal -9.933858e-01  1.148249e-01 -1.274812e-16
   outer loop
     vertex  1.615725e+01  8.701787e+00  1.557858e+02
     vertex  1.604242e+01  7.708402e+00  1.589858e+02
     vertex  1.615725e+01  8.701787e+00  1.589858e+02
   endloop
 endfacet
 facet normal -9.933858e-01  1.148249e-01 -1.593515e-16
   outer loop
     vertex  1.604242e+01  7.708402e+00  1.557858e+02
     vertex  1.604242e+01  7.708402e+00  1.589858e+02
     vertex  1.615725e+01  8.701787e+00  1.557858e+02
   endloop
 endfacet
 facet normal  0.000000e+00  0.000000e+00  1.000000e+00
   outer loop
     vertex  2.501507e+01  9.256678e+00  1.589858e+02
     vertex  2.668602e+01  1.083717e+01  1.589858e+02
     vertex  2.603420e+01  1.141574e+01  1.589858e+02
   endloop
 endfacet
 facet normal  0.000000e+00  0.000000e+00  1.000000e+00
   outer loop
     vertex  2.530745e+01  8.887873e+00  1.589858e+02
     vertex  2.722746e+01  1.015420e+01  1.589858e+02
     vertex  2.668602e+01  1.083717e+01  1.589858e+02
   endloop
 endfacet
 facet normal  0.000000e+00 -0.000000e+00  1.000000e+00
   outer loop
     vertex  2.530745e+01  8.887873e+00  1.589858e+02
     vertex  2.668602e+01  1.083717e+01  1.589858e+02
     vertex  2.501507e+01  9.256678e+00  1.589858e+02
   endloop
 endfacet
 facet normal  0.000000e+00 -0.000000e+00  1.000000e+00
   outer loop
     vertex  2.553135e+01  8.473900e+00  1.589858e+02
     vertex  2.722746e+01  1.015420e+01  1.589858e+02
     vertex  2.530745e+01  8.887873e+00  1.589858e+02
   endloop
 endfacet
 facet normal  0.000000e+00  0.000000e+00  1.000000e+00
   outer loop
     vertex  2.553135e+01  8.473900e+00  1.589858e+02
     vertex  2.764208e+01  9.387579e+00  1.589858e+02
     vertex  2.722746e+01  1.015420e+01  1.589858e+02
   endloop
 endfacet
 facet normal -0.000000e+00  0.000000e+00  1.000000e+00
   outer loop
     vertex  2.466310e+01  9.569110e+00  1.589858e+02
     vertex  2.501507e+01  9.256678e+00  1.589858e+02
     vertex  2.603420e+01  1.141574e+01  1.589858e+02
   endloop
 endfacet
 facet normal -0.000000e+00  0.000000e+00  1.000000e+00
   outer loop
     vertex  2.426221e+01  9.815674e+00  1.589858e+02
     vertex  2.466310e+01  9.569110e+00  1.589858e+02
     vertex  2.603420e+01  1.141574e+01  1.589858e+02
   endloop
 endfacet
 facet normal  0.000000e+00  0.000000e+00  1.000000e+00
   outer loop
     vertex  2.426221e+01  9.815674e+00  1.589858e+02
     vertex  2.603420e+01  1.141574e+01  1.589858e+02
     vertex  2.529182e+01  1.187234e+01  1.589858e+02
   endloop
 endfacet
 facet normal  0.000000e+00  0.000000e+00  1.000000e+00
   outer loop
     vertex  2.426221e+01  9.815674e+00  1.589858e+02
     vertex  2.529182e+01  1.187234e+01  1.589858e+02
     vertex  2.448143e+01  1.219309e+01  1.589858e+02
   endloop
 endfacet
 facet normal  0.000000e+00 -0.000000e+00  1.000000e+00
   outer loop
     vertex  2.567996e+01  8.027337e+00  1.589858e+02
     vertex  2.764208e+01  9.387579e+00  1.589858e+02
     vertex  2.553135e+01  8.473900e+00  1.589858e+02
   endloop
 endfacet
 facet normal  0.000000e+00  0.000000e+00  1.000000e+00
   outer loop
     vertex  2.567996e+01  8.027337e+00  1.589858e+02
     vertex  2.791728e+01  8.560610e+00  1.589858e+02
     vertex  2.764208e+01  9.387579e+00  1.589858e+02
   endloop
 endfacet
 facet normal  0.000000e+00 -0.000000e+00  1.000000e+00
   outer loop
     vertex  2.574876e+01  7.561752e+00  1.589858e+02
     vertex  2.791728e+01  8.560610e+00  1.589858e+02
     vertex  2.567996e+01  8.027337e+00  1.589858e+02
   endloop
 endfacet
 facet normal  0.000000e+00  0.000000e+00  1.000000e+00
   outer loop
     vertex  2.574876e+01  7.561752e+00  1.589858e+02
     vertex  2.804470e+01  7.698416e+00  1.589858e+02
     vertex  2.791728e+01  8.560610e+00  1.589858e+02
   endloop
 endfacet
 facet normal  0.000000e+00 -0.000000e+00  1.000000e+00
   outer loop
     vertex  2.382460e+01  9.988879e+00  1.589858e+02
     vertex  2.448143e+01  1.219309e+01  1.589858e+02
     vertex  2.362766e+01  1.236825e+01  1.589858e+02
   endloop
 endfacet
 facet normal -0.000000e+00  0.000000e+00  1.000000e+00
   outer loop
     vertex  2.382460e+01  9.988879e+00  1.589858e+02
     vertex  2.426221e+01  9.815674e+00  1.589858e+02
     vertex  2.448143e+01  1.219309e+01  1.589858e+02
   endloop
 endfacet
 facet normal -0.000000e+00  0.000000e+00  1.000000e+00
   outer loop
     vertex  2.336356e+01  1.008346e+01  1.589858e+02
     vertex  2.382460e+01  9.988879e+00  1.589858e+02
     vertex  2.362766e+01  1.236825e+01  1.589858e+02
   endloop
 endfacet
 facet normal  0.000000e+00  0.000000e+00  1.000000e+00
   outer loop
     vertex  2.573567e+01  7.091293e+00  1.589858e+02
     vertex  2.804470e+01  7.698416e+00  1.589858e+02
     vertex  2.574876e+01  7.561752e+00  1.589858e+02
   endloop
 endfacet
 facet normal -0.000000e+00  0.000000e+00  1.000000e+00
   outer loop
     vertex  2.573567e+01  7.091293e+00  1.589858e+02
     vertex  2.802046e+01  6.827196e+00  1.589858e+02
     vertex  2.804470e+01  7.698416e+00  1.589858e+02
   endloop
 endfacet
 facet normal  0.000000e+00  0.000000e+00  1.000000e+00
   outer loop
     vertex  2.564109e+01  6.630254e+00  1.589858e+02
     vertex  2.802046e+01  6.827196e+00  1.589858e+02
     vertex  2.573567e+01  7.091293e+00  1.589858e+02
   endloop
 endfacet
 facet normal -0.000000e+00  0.000000e+00  1.000000e+00
   outer loop
     vertex  2.564109e+01  6.630254e+00  1.589858e+02
     vertex  2.784531e+01  5.973420e+00  1.589858e+02
     vertex  2.802046e+01  6.827196e+00  1.589858e+02
   endloop
 endfacet
 facet normal -0.000000e+00  0.000000e+00  1.000000e+00
   outer loop
     vertex  2.289310e+01  1.009655e+01  1.589858e+02
     vertex  2.336356e+01  1.008346e+01  1.589858e+02
     vertex  2.362766e+01  1.236825e+01  1.589858e+02
   endloop
 endfacet
 facet normal -0.000000e+00  0.000000e+00  1.000000e+00
   outer loop
     vertex  2.546789e+01  6.192644e+00  1.589858e+02
     vertex  2.784531e+01  5.973420e+00  1.589858e+02
     vertex  2.564109e+01  6.630254e+00  1.589858e+02
   endloop
 endfacet
 facet normal  0.000000e+00  0.000000e+00  1.000000e+00
   outer loop
     vertex  2.546789e+01  6.192644e+00  1.589858e+02
     vertex  2.752456e+01  5.163030e+00  1.589858e+02
     vertex  2.784531e+01  5.973420e+00  1.589858e+02
   endloop
 endfacet
 facet normal  0.000000e+00  0.000000e+00  1.000000e+00
   outer loop
     vertex  2.242752e+01  1.002774e+01  1.589858e+02
     vertex  2.289310e+01  1.009655e+01  1.589858e+02
     vertex  2.362766e+01  1.236825e+01  1.589858e+02
   endloop
 endfacet
 facet normal  0.000000e+00 -0.000000e+00  1.000000e+00
   outer loop
     vertex  2.242752e+01  1.002774e+01  1.589858e+02
     vertex  2.362766e+01  1.236825e+01  1.589858e+02
     vertex  2.114419e+01  1.265531e+01  1.589858e+02
   endloop
 endfacet
 facet normal -0.000000e+00  0.000000e+00  1.000000e+00
   outer loop
     vertex  2.522132e+01  5.791758e+00  1.589858e+02
     vertex  2.752456e+01  5.163030e+00  1.589858e+02
     vertex  2.546789e+01  6.192644e+00  1.589858e+02
   endloop
 endfacet
 facet normal  0.000000e+00  0.000000e+00  1.000000e+00
   outer loop
     vertex  2.522132e+01  5.791758e+00  1.589858e+02
     vertex  2.706796e+01  4.420650e+00  1.589858e+02
     vertex  2.752456e+01  5.163030e+00  1.589858e+02
   endloop
 endfacet
 facet normal  0.000000e+00 -0.000000e+00  1.000000e+00
   outer loop
     vertex  2.198095e+01  9.879137e+00  1.589858e+02
     vertex  2.242752e+01  1.002774e+01  1.589858e+02
     vertex  2.114419e+01  1.265531e+01  1.589858e+02
   endloop
 endfacet
 facet normal  0.000000e+00  0.000000e+00  1.000000e+00
   outer loop
     vertex  2.490889e+01  5.439779e+00  1.589858e+02
     vertex  2.648938e+01  3.768835e+00  1.589858e+02
     vertex  2.706796e+01  4.420650e+00  1.589858e+02
   endloop
 endfacet
 facet normal -0.000000e+00  0.000000e+00  1.000000e+00
   outer loop
     vertex  2.490889e+01  5.439779e+00  1.589858e+02
     vertex  2.706796e+01  4.420650e+00  1.589858e+02
     vertex  2.522132e+01  5.791758e+00  1.589858e+02
   endloop
 endfacet
 facet normal  0.000000e+00  0.000000e+00  1.000000e+00
   outer loop
     vertex  2.156698e+01  9.655242e+00  1.589858e+02
     vertex  2.114419e+01  1.265531e+01  1.589858e+02
     vertex  2.036009e+01  1.267712e+01  1.589858e+02
   endloop
 endfacet
 facet normal  0.000000e+00 -0.000000e+00  1.000000e+00
   outer loop
     vertex  2.156698e+01  9.655242e+00  1.589858e+02
     vertex  2.198095e+01  9.879137e+00  1.589858e+02
     vertex  2.114419e+01  1.265531e+01  1.589858e+02
   endloop
 endfacet
 facet normal  0.000000e+00  0.000000e+00  1.000000e+00
   outer loop
     vertex  2.119818e+01  9.362862e+00  1.589858e+02
     vertex  2.036009e+01  1.267712e+01  1.589858e+02
     vertex  1.958412e+01  1.256245e+01  1.589858e+02
   endloop
 endfacet
 facet normal  0.000000e+00 -0.000000e+00  1.000000e+00
   outer loop
     vertex  2.119818e+01  9.362862e+00  1.589858e+02
     vertex  2.156698e+01  9.655242e+00  1.589858e+02
     vertex  2.036009e+01  1.267712e+01  1.589858e+02
   endloop
 endfacet
 facet normal -0.000000e+00  0.000000e+00  1.000000e+00
   outer loop
     vertex  1.883985e+01  1.231477e+01  1.589858e+02
     vertex  2.119818e+01  9.362862e+00  1.589858e+02
     vertex  1.958412e+01  1.256245e+01  1.589858e+02
   endloop
 endfacet
 facet normal  0.000000e+00 -0.000000e+00  1.000000e+00
   outer loop
     vertex  2.580641e+01  3.227392e+00  1.589858e+02
     vertex  2.648938e+01  3.768835e+00  1.589858e+02
     vertex  2.490889e+01  5.439779e+00  1.589858e+02
   endloop
 endfacet
 facet normal  0.000000e+00  0.000000e+00  1.000000e+00
   outer loop
     vertex  2.580641e+01  3.227392e+00  1.589858e+02
     vertex  2.490889e+01  5.439779e+00  1.589858e+02
     vertex  2.454009e+01  5.147399e+00  1.589858e+02
   endloop
 endfacet
 facet normal -0.000000e+00  0.000000e+00  1.000000e+00
   outer loop
     vertex  2.412611e+01  4.923504e+00  1.589858e+02
     vertex  2.580641e+01  3.227392e+00  1.589858e+02
     vertex  2.454009e+01  5.147399e+00  1.589858e+02
   endloop
 endfacet
 facet normal  0.000000e+00 -0.000000e+00  1.000000e+00
   outer loop
     vertex  2.088574e+01  9.010883e+00  1.589858e+02
     vertex  2.119818e+01  9.362862e+00  1.589858e+02
     vertex  1.883985e+01  1.231477e+01  1.589858e+02
   endloop
 endfacet
 facet normal -0.000000e+00  0.000000e+00  1.000000e+00
   outer loop
     vertex  1.814989e+01  1.194161e+01  1.589858e+02
     vertex  2.088574e+01  9.010883e+00  1.589858e+02
     vertex  1.883985e+01  1.231477e+01  1.589858e+02
   endloop
 endfacet
 facet normal  0.000000e+00 -0.000000e+00  1.000000e+00
   outer loop
     vertex  2.503979e+01  2.812772e+00  1.589858e+02
     vertex  2.580641e+01  3.227392e+00  1.589858e+02
     vertex  2.412611e+01  4.923504e+00  1.589858e+02
   endloop
 endfacet
 facet normal  0.000000e+00  0.000000e+00  1.000000e+00
   outer loop
     vertex  1.753522e+01  1.145431e+01  1.589858e+02
     vertex  2.063918e+01  8.609997e+00  1.589858e+02
     vertex  2.088574e+01  9.010883e+00  1.589858e+02
   endloop
 endfacet
 facet normal -0.000000e+00  0.000000e+00  1.000000e+00
   outer loop
     vertex  1.753522e+01  1.145431e+01  1.589858e+02
     vertex  2.088574e+01  9.010883e+00  1.589858e+02
     vertex  1.814989e+01  1.194161e+01  1.589858e+02
   endloop
 endfacet
 facet normal  0.000000e+00  0.000000e+00  1.000000e+00
   outer loop
     vertex  2.421282e+01  2.537572e+00  1.589858e+02
     vertex  2.412611e+01  4.923504e+00  1.589858e+02
     vertex  2.367955e+01  4.774896e+00  1.589858e+02
   endloop
 endfacet
 facet normal  0.000000e+00 -0.000000e+00  1.000000e+00
   outer loop
     vertex  2.421282e+01  2.537572e+00  1.589858e+02
     vertex  2.503979e+01  2.812772e+00  1.589858e+02
     vertex  2.412611e+01  4.923504e+00  1.589858e+02
   endloop
 endfacet
 facet normal -0.000000e+00  0.000000e+00  1.000000e+00
   outer loop
     vertex  1.701450e+01  1.086768e+01  1.589858e+02
     vertex  2.063918e+01  8.609997e+00  1.589858e+02
     vertex  1.753522e+01  1.145431e+01  1.589858e+02
   endloop
 endfacet
 facet normal  0.000000e+00  0.000000e+00  1.000000e+00
   outer loop
     vertex  2.335063e+01  2.410155e+00  1.589858e+02
     vertex  2.421282e+01  2.537572e+00  1.589858e+02
     vertex  2.367955e+01  4.774896e+00  1.589858e+02
   endloop
 endfacet
 facet normal  0.000000e+00 -0.000000e+00  1.000000e+00
   outer loop
     vertex  2.335063e+01  2.410155e+00  1.589858e+02
     vertex  2.367955e+01  4.774896e+00  1.589858e+02
     vertex  2.321396e+01  4.706091e+00  1.589858e+02
   endloop
 endfacet
 facet normal  0.000000e+00  0.000000e+00  1.000000e+00
   outer loop
     vertex  1.660356e+01  1.019954e+01  1.589858e+02
     vertex  2.046597e+01  8.172387e+00  1.589858e+02
     vertex  2.063918e+01  8.609997e+00  1.589858e+02
   endloop
 endfacet
 facet normal -0.000000e+00  0.000000e+00  1.000000e+00
   outer loop
     vertex  1.660356e+01  1.019954e+01  1.589858e+02
     vertex  2.063918e+01  8.609997e+00  1.589858e+02
     vertex  1.701450e+01  1.086768e+01  1.589858e+02
   endloop
 endfacet
 facet normal  3.449515e-16  1.239967e-14  1.000000e+00
   outer loop
     vertex  2.247941e+01  2.434392e+00  1.589858e+02
     vertex  2.321396e+01  4.706091e+00  1.589858e+02
     vertex  2.274351e+01  4.719179e+00  1.589858e+02
   endloop
 endfacet
 facet normal  2.492891e-15  1.215139e-14  1.000000e+00
   outer loop
     vertex  2.247941e+01  2.434392e+00  1.589858e+02
     vertex  2.274351e+01  4.719179e+00  1.589858e+02
     vertex  2.228247e+01  4.813762e+00  1.589858e+02
   endloop
 endfacet
 facet normal  4.887950e-15  1.234963e-14  1.000000e+00
   outer loop
     vertex  2.247941e+01  2.434392e+00  1.589858e+02
     vertex  2.228247e+01  4.813762e+00  1.589858e+02
     vertex  2.184486e+01  4.986967e+00  1.589858e+02
   endloop
 endfacet
 facet normal  3.267698e-14  1.945077e-15  1.000000e+00
   outer loop
     vertex  2.247941e+01  2.434392e+00  1.589858e+02
     vertex  2.335063e+01  2.410155e+00  1.589858e+02
     vertex  2.321396e+01  4.706091e+00  1.589858e+02
   endloop
 endfacet
 facet normal -0.000000e+00  0.000000e+00  1.000000e+00
   outer loop
     vertex  1.631488e+01  9.470186e+00  1.589858e+02
     vertex  2.046597e+01  8.172387e+00  1.589858e+02
     vertex  1.660356e+01  1.019954e+01  1.589858e+02
   endloop
 endfacet
 facet normal  0.000000e+00  0.000000e+00  1.000000e+00
   outer loop
     vertex  1.615725e+01  8.701787e+00  1.589858e+02
     vertex  2.037139e+01  7.711348e+00  1.589858e+02
     vertex  2.046597e+01  8.172387e+00  1.589858e+02
   endloop
 endfacet
 facet normal -0.000000e+00  0.000000e+00  1.000000e+00
   outer loop
     vertex  1.615725e+01  8.701787e+00  1.589858e+02
     vertex  2.046597e+01  8.172387e+00  1.589858e+02
     vertex  1.631488e+01  9.470186e+00  1.589858e+02
   endloop
 endfacet
 facet normal  0.000000e+00  0.000000e+00  1.000000e+00
   outer loop
     vertex  1.604242e+01  7.708402e+00  1.589858e+02
     vertex  2.037139e+01  7.711348e+00  1.589858e+02
     vertex  1.615725e+01  8.701787e+00  1.589858e+02
   endloop
 endfacet
 facet normal -0.000000e+00  0.000000e+00  1.000000e+00
   outer loop
     vertex  1.604242e+01  7.708402e+00  1.589858e+02
     vertex  2.035830e+01  7.240889e+00  1.589858e+02
     vertex  2.037139e+01  7.711348e+00  1.589858e+02
   endloop
 endfacet
 facet normal  5.137334e-15  8.352733e-15  1.000000e+00
   outer loop
     vertex  1.999594e+01  2.721454e+00  1.589858e+02
     vertex  2.184486e+01  4.986967e+00  1.589858e+02
     vertex  2.144397e+01  5.233531e+00  1.589858e+02
   endloop
 endfacet
 facet normal  6.643548e-15  7.484512e-15  1.000000e+00
   outer loop
     vertex  1.999594e+01  2.721454e+00  1.589858e+02
     vertex  2.144397e+01  5.233531e+00  1.589858e+02
     vertex  2.109199e+01  5.545962e+00  1.589858e+02
   endloop
 endfacet
 facet normal  1.325109e-15  1.146393e-14  1.000000e+00
   outer loop
     vertex  1.999594e+01  2.721454e+00  1.589858e+02
     vertex  2.247941e+01  2.434392e+00  1.589858e+02
     vertex  2.184486e+01  4.986967e+00  1.589858e+02
   endloop
 endfacet
 facet normal -3.234864e-14  2.261538e-14  1.000000e+00
   outer loop
     vertex  1.922755e+01  2.879093e+00  1.589858e+02
     vertex  1.999594e+01  2.721454e+00  1.589858e+02
     vertex  2.109199e+01  5.545962e+00  1.589858e+02
   endloop
 endfacet
 facet normal  0.000000e+00  0.000000e+00  1.000000e+00
   outer loop
     vertex  1.922755e+01  2.879093e+00  1.589858e+02
     vertex  2.109199e+01  5.545962e+00  1.589858e+02
     vertex  2.079961e+01  5.914768e+00  1.589858e+02
   endloop
 endfacet
 facet normal  0.000000e+00  0.000000e+00  1.000000e+00
   outer loop
     vertex  1.602061e+01  6.924303e+00  1.589858e+02
     vertex  2.035830e+01  7.240889e+00  1.589858e+02
     vertex  1.604242e+01  7.708402e+00  1.589858e+02
   endloop
 endfacet
 facet normal  0.000000e+00 -0.000000e+00  1.000000e+00
   outer loop
     vertex  1.613528e+01  6.148329e+00  1.589858e+02
     vertex  2.035830e+01  7.240889e+00  1.589858e+02
     vertex  1.602061e+01  6.924303e+00  1.589858e+02
   endloop
 endfacet
 facet normal  0.000000e+00  0.000000e+00  1.000000e+00
   outer loop
     vertex  1.613528e+01  6.148329e+00  1.589858e+02
     vertex  2.042711e+01  6.775304e+00  1.589858e+02
     vertex  2.035830e+01  7.240889e+00  1.589858e+02
   endloop
 endfacet
 facet normal -0.000000e+00  0.000000e+00  1.000000e+00
   outer loop
     vertex  1.849820e+01  3.167768e+00  1.589858e+02
     vertex  1.922755e+01  2.879093e+00  1.589858e+02
     vertex  2.079961e+01  5.914768e+00  1.589858e+02
   endloop
 endfacet
 facet normal -0.000000e+00  0.000000e+00  1.000000e+00
   outer loop
     vertex  1.783005e+01  3.578708e+00  1.589858e+02
     vertex  1.849820e+01  3.167768e+00  1.589858e+02
     vertex  2.079961e+01  5.914768e+00  1.589858e+02
   endloop
 endfacet
 facet normal  0.000000e+00  0.000000e+00  1.000000e+00
   outer loop
     vertex  1.783005e+01  3.578708e+00  1.589858e+02
     vertex  2.079961e+01  5.914768e+00  1.589858e+02
     vertex  2.057572e+01  6.328741e+00  1.589858e+02
   endloop
 endfacet
 facet normal  0.000000e+00 -0.000000e+00  1.000000e+00
   outer loop
     vertex  1.638296e+01  5.404057e+00  1.589858e+02
     vertex  2.042711e+01  6.775304e+00  1.589858e+02
     vertex  1.613528e+01  6.148329e+00  1.589858e+02
   endloop
 endfacet
 facet normal  0.000000e+00 -0.000000e+00  1.000000e+00
   outer loop
     vertex  1.675612e+01  4.714102e+00  1.589858e+02
     vertex  2.042711e+01  6.775304e+00  1.589858e+02
     vertex  1.638296e+01  5.404057e+00  1.589858e+02
   endloop
 endfacet
 facet normal  0.000000e+00  0.000000e+00  1.000000e+00
   outer loop
     vertex  1.675612e+01  4.714102e+00  1.589858e+02
     vertex  2.057572e+01  6.328741e+00  1.589858e+02
     vertex  2.042711e+01  6.775304e+00  1.589858e+02
   endloop
 endfacet
 facet normal -0.000000e+00  0.000000e+00  1.000000e+00
   outer loop
     vertex  1.724342e+01  4.099426e+00  1.589858e+02
     vertex  1.783005e+01  3.578708e+00  1.589858e+02
     vertex  2.057572e+01  6.328741e+00  1.589858e+02
   endloop
 endfacet
 facet normal  0.000000e+00 -0.000000e+00  1.000000e+00
   outer loop
     vertex  1.724342e+01  4.099426e+00  1.589858e+02
     vertex  2.057572e+01  6.328741e+00  1.589858e+02
     vertex  1.675612e+01  4.714102e+00  1.589858e+02
   endloop
 endfacet
 facet normal -9.996133e-01  2.780865e-02 -3.870168e-17
   outer loop
     vertex  1.602061e+01  6.924303e+00  1.589858e+02
     vertex  1.604242e+01  7.708402e+00  1.589858e+02
     vertex  1.604242e+01  7.708402e+00  1.557858e+02
   endloop
 endfacet
 facet normal -9.996133e-01  2.780865e-02 -3.087380e-17
   outer loop
     vertex  1.602061e+01  6.924303e+00  1.589858e+02
     vertex  1.604242e+01  7.708402e+00  1.557858e+02
     vertex  1.602061e+01  6.924303e+00  1.557858e+02
   endloop
 endfacet
 facet normal -9.892558e-01 -1.461949e-01  1.623089e-16
   outer loop
     vertex  1.613528e+01  6.148329e+00  1.589858e+02
     vertex  1.602061e+01  6.924303e+00  1.557858e+02
     vertex  1.613528e+01  6.148329e+00  1.557858e+02
   endloop
 endfacet
 facet normal -9.488403e-01 -3.157563e-01  3.505599e-16
   outer loop
     vertex  1.613528e+01  6.148329e+00  1.589858e+02
     vertex  1.613528e+01  6.148329e+00  1.557858e+02
     vertex  1.638296e+01  5.404057e+00  1.557858e+02
   endloop
 endfacet
 facet normal -9.892558e-01 -1.461949e-01  1.658643e-16
   outer loop
     vertex  1.613528e+01  6.148329e+00  1.589858e+02
     vertex  1.602061e+01  6.924303e+00  1.589858e+02
     vertex  1.602061e+01  6.924303e+00  1.557858e+02
   endloop
 endfacet
 facet normal -9.488403e-01 -3.157563e-01  2.629199e-16
   outer loop
     vertex  1.638296e+01  5.404057e+00  1.589858e+02
     vertex  1.613528e+01  6.148329e+00  1.589858e+02
     vertex  1.638296e+01  5.404057e+00  1.557858e+02
   endloop
 endfacet
 facet normal -8.795948e-01 -4.757236e-01  1.240626e-15
   outer loop
     vertex  1.675612e+01  4.714102e+00  1.589858e+02
     vertex  1.638296e+01  5.404057e+00  1.557858e+02
     vertex  1.675612e+01  4.714102e+00  1.557858e+02
   endloop
 endfacet
 facet normal -8.795948e-01 -4.757236e-01  3.980744e-16
   outer loop
     vertex  1.675612e+01  4.714102e+00  1.589858e+02
     vertex  1.638296e+01  5.404057e+00  1.589858e+02
     vertex  1.638296e+01  5.404057e+00  1.557858e+02
   endloop
 endfacet
 facet normal -7.836232e-01 -6.212364e-01  1.214852e-15
   outer loop
     vertex  1.724342e+01  4.099426e+00  1.589858e+02
     vertex  1.675612e+01  4.714102e+00  1.557858e+02
     vertex  1.724342e+01  4.099426e+00  1.557858e+02
   endloop
 endfacet
 facet normal -6.638417e-01 -7.478731e-01  1.152165e-15
   outer loop
     vertex  1.724342e+01  4.099426e+00  1.589858e+02
     vertex  1.724342e+01  4.099426e+00  1.557858e+02
     vertex  1.783005e+01  3.578708e+00  1.557858e+02
   endloop
 endfacet
 facet normal -7.836232e-01 -6.212364e-01  1.216338e-15
   outer loop
     vertex  1.724342e+01  4.099426e+00  1.589858e+02
     vertex  1.675612e+01  4.714102e+00  1.589858e+02
     vertex  1.675612e+01  4.714102e+00  1.557858e+02
   endloop
 endfacet
 facet normal -5.238896e-01 -8.517862e-01  1.399687e-15
   outer loop
     vertex  1.783005e+01  3.578708e+00  1.589858e+02
     vertex  1.783005e+01  3.578708e+00  1.557858e+02
     vertex  1.849820e+01  3.167768e+00  1.557858e+02
   endloop
 endfacet
 facet normal -6.638417e-01 -7.478731e-01  1.681601e-15
   outer loop
     vertex  1.783005e+01  3.578708e+00  1.589858e+02
     vertex  1.724342e+01  4.099426e+00  1.589858e+02
     vertex  1.783005e+01  3.578708e+00  1.557858e+02
   endloop
 endfacet
 facet normal -3.680195e-01 -9.298181e-01  1.333320e-15
   outer loop
     vertex  1.849820e+01  3.167768e+00  1.589858e+02
     vertex  1.849820e+01  3.167768e+00  1.557858e+02
     vertex  1.922755e+01  2.879093e+00  1.557858e+02
   endloop
 endfacet
 facet normal -5.238896e-01 -8.517862e-01  1.636105e-15
   outer loop
     vertex  1.849820e+01  3.167768e+00  1.589858e+02
     vertex  1.783005e+01  3.578708e+00  1.589858e+02
     vertex  1.849820e+01  3.167768e+00  1.557858e+02
   endloop
 endfacet
 facet normal -3.680195e-01 -9.298181e-01  1.591396e-15
   outer loop
     vertex  1.922755e+01  2.879093e+00  1.589858e+02
     vertex  1.849820e+01  3.167768e+00  1.589858e+02
     vertex  1.922755e+01  2.879093e+00  1.557858e+02
   endloop
 endfacet
 facet normal -2.009672e-01 -9.795980e-01  1.631358e-15
   outer loop
     vertex  1.999594e+01  2.721454e+00  1.589858e+02
     vertex  1.922755e+01  2.879093e+00  1.557858e+02
     vertex  1.999594e+01  2.721454e+00  1.557858e+02
   endloop
 endfacet
 facet normal -2.009672e-01 -9.795980e-01  1.260569e-15
   outer loop
     vertex  1.999594e+01  2.721454e+00  1.589858e+02
     vertex  1.922755e+01  2.879093e+00  1.589858e+02
     vertex  1.922755e+01  2.879093e+00  1.557858e+02
   endloop
 endfacet
 facet normal  2.780865e-02  9.996133e-01 -1.664172e-15
   outer loop
     vertex  2.036009e+01  1.267712e+01  1.589858e+02
     vertex  2.114419e+01  1.265531e+01  1.589858e+02
     vertex  2.114419e+01  1.265531e+01  1.557858e+02
   endloop
 endfacet
 facet normal  2.780865e-02  9.996133e-01 -2.250461e-15
   outer loop
     vertex  2.036009e+01  1.267712e+01  1.589858e+02
     vertex  2.114419e+01  1.265531e+01  1.557858e+02
     vertex  2.036009e+01  1.267712e+01  1.557858e+02
   endloop
 endfacet
 facet normal -1.461949e-01  9.892558e-01 -2.034280e-15
   outer loop
     vertex  1.958412e+01  1.256245e+01  1.589858e+02
     vertex  2.036009e+01  1.267712e+01  1.557858e+02
     vertex  1.958412e+01  1.256245e+01  1.557858e+02
   endloop
 endfacet
 facet normal -1.461949e-01  9.892558e-01 -2.029074e-15
   outer loop
     vertex  1.958412e+01  1.256245e+01  1.589858e+02
     vertex  2.036009e+01  1.267712e+01  1.589858e+02
     vertex  2.036009e+01  1.267712e+01  1.557858e+02
   endloop
 endfacet
 facet normal -3.157563e-01  9.488403e-01 -2.283001e-15
   outer loop
     vertex  1.883985e+01  1.231477e+01  1.589858e+02
     vertex  1.958412e+01  1.256245e+01  1.557858e+02
     vertex  1.883985e+01  1.231477e+01  1.557858e+02
   endloop
 endfacet
 facet normal -3.157563e-01  9.488403e-01 -1.747104e-15
   outer loop
     vertex  1.883985e+01  1.231477e+01  1.589858e+02
     vertex  1.958412e+01  1.256245e+01  1.589858e+02
     vertex  1.958412e+01  1.256245e+01  1.557858e+02
   endloop
 endfacet
 facet normal -4.757236e-01  8.795948e-01 -1.424933e-15
   outer loop
     vertex  1.814989e+01  1.194161e+01  1.589858e+02
     vertex  1.883985e+01  1.231477e+01  1.557858e+02
     vertex  1.814989e+01  1.194161e+01  1.557858e+02
   endloop
 endfacet
 facet normal -4.757236e-01  8.795948e-01 -1.901911e-15
   outer loop
     vertex  1.814989e+01  1.194161e+01  1.589858e+02
     vertex  1.883985e+01  1.231477e+01  1.589858e+02
     vertex  1.883985e+01  1.231477e+01  1.557858e+02
   endloop
 endfacet
 facet normal -6.212364e-01  7.836232e-01 -1.485280e-15
   outer loop
     vertex  1.753522e+01  1.145431e+01  1.589858e+02
     vertex  1.814989e+01  1.194161e+01  1.557858e+02
     vertex  1.753522e+01  1.145431e+01  1.557858e+02
   endloop
 endfacet
 facet normal -6.212364e-01  7.836232e-01 -1.061532e-15
   outer loop
     vertex  1.753522e+01  1.145431e+01  1.589858e+02
     vertex  1.814989e+01  1.194161e+01  1.589858e+02
     vertex  1.814989e+01  1.194161e+01  1.557858e+02
   endloop
 endfacet
 facet normal -7.478731e-01  6.638417e-01 -1.012225e-15
   outer loop
     vertex  1.701450e+01  1.086768e+01  1.589858e+02
     vertex  1.753522e+01  1.145431e+01  1.557858e+02
     vertex  1.701450e+01  1.086768e+01  1.557858e+02
   endloop
 endfacet
 facet normal -7.478731e-01  6.638417e-01 -1.017301e-15
   outer loop
     vertex  1.701450e+01  1.086768e+01  1.589858e+02
     vertex  1.753522e+01  1.145431e+01  1.589858e+02
     vertex  1.753522e+01  1.145431e+01  1.557858e+02
   endloop
 endfacet
 facet normal -8.517862e-01  5.238896e-01 -7.992304e-16
   outer loop
     vertex  1.660356e+01  1.019954e+01  1.589858e+02
     vertex  1.701450e+01  1.086768e+01  1.557858e+02
     vertex  1.660356e+01  1.019954e+01  1.557858e+02
   endloop
 endfacet
 facet normal -8.517862e-01  5.238896e-01 -5.086506e-16
   outer loop
     vertex  1.660356e+01  1.019954e+01  1.589858e+02
     vertex  1.701450e+01  1.086768e+01  1.589858e+02
     vertex  1.701450e+01  1.086768e+01  1.557858e+02
   endloop
 endfacet
 facet normal -9.298181e-01  3.680195e-01 -1.225751e-15
   outer loop
     vertex  1.631488e+01  9.470186e+00  1.589858e+02
     vertex  1.660356e+01  1.019954e+01  1.557858e+02
     vertex  1.631488e+01  9.470186e+00  1.557858e+02
   endloop
 endfacet
 facet normal -9.298181e-01  3.680195e-01 -1.990372e-16
   outer loop
     vertex  1.631488e+01  9.470186e+00  1.589858e+02
     vertex  1.660356e+01  1.019954e+01  1.589858e+02
     vertex  1.660356e+01  1.019954e+01  1.557858e+02
   endloop
 endfacet
 facet normal -9.795980e-01  2.009672e-01 -2.231184e-16
   outer loop
     vertex  1.615725e+01  8.701787e+00  1.589858e+02
     vertex  1.631488e+01  9.470186e+00  1.557858e+02
     vertex  1.615725e+01  8.701787e+00  1.557858e+02
   endloop
 endfacet
 facet normal -9.795980e-01  2.009672e-01 -6.689861e-16
   outer loop
     vertex  1.615725e+01  8.701787e+00  1.589858e+02
     vertex  1.631488e+01  9.470186e+00  1.589858e+02
     vertex  1.631488e+01  9.470186e+00  1.557858e+02
   endloop
 endfacet
 facet normal -8.552997e-02  1.905402e-02  9.961534e-01
   outer loop
     vertex  1.266889e+01  1.037566e+01  1.513480e+02
     vertex  1.168701e+01  9.218499e+00  1.512858e+02
     vertex  1.246326e+01  9.128773e+00  1.513542e+02
   endloop
 endfacet
 facet normal -8.182802e-02  1.589314e-02  9.965197e-01
   outer loop
     vertex  1.266889e+01  1.037566e+01  1.513480e+02
     vertex  1.195018e+01  1.057348e+01  1.512858e+02
     vertex  1.168701e+01  9.218499e+00  1.512858e+02
   endloop
 endfacet
 facet normal -7.843534e-02  2.821902e-02  9.965197e-01
   outer loop
     vertex  1.266889e+01  1.037566e+01  1.513480e+02
     vertex  1.241746e+01  1.187229e+01  1.512858e+02
     vertex  1.195018e+01  1.057348e+01  1.512858e+02
   endloop
 endfacet
 facet normal -2.539864e-01  5.593209e-02  9.655892e-01
   outer loop
     vertex  1.334450e+01  1.018970e+01  1.515245e+02
     vertex  1.246326e+01  9.128773e+00  1.513542e+02
     vertex  1.321592e+01  9.041773e+00  1.515572e+02
   endloop
 endfacet
 facet normal -2.410620e-01  4.457098e-02  9.694857e-01
   outer loop
     vertex  1.334450e+01  1.018970e+01  1.515245e+02
     vertex  1.266889e+01  1.037566e+01  1.513480e+02
     vertex  1.246326e+01  9.128773e+00  1.513542e+02
   endloop
 endfacet
 facet normal -7.319776e-02  3.988113e-02  9.965197e-01
   outer loop
     vertex  1.309746e+01  1.156689e+01  1.513480e+02
     vertex  1.307785e+01  1.308437e+01  1.512858e+02
     vertex  1.241746e+01  1.187229e+01  1.512858e+02
   endloop
 endfacet
 facet normal -7.843534e-02  2.821902e-02  9.965197e-01
   outer loop
     vertex  1.309746e+01  1.156689e+01  1.513480e+02
     vertex  1.241746e+01  1.187229e+01  1.512858e+02
     vertex  1.266889e+01  1.037566e+01  1.513480e+02
   endloop
 endfacet
 facet normal -4.158711e-01  8.077306e-02  9.058294e-01
   outer loop
     vertex  1.411951e+01  9.976382e+00  1.518887e+02
     vertex  1.321592e+01  9.041773e+00  1.515572e+02
     vertex  1.392213e+01  8.960143e+00  1.518887e+02
   endloop
 endfacet
 facet normal -4.079830e-01  7.160464e-02  9.101772e-01
   outer loop
     vertex  1.411951e+01  9.976382e+00  1.518887e+02
     vertex  1.334450e+01  1.018970e+01  1.515245e+02
     vertex  1.321592e+01  9.041773e+00  1.515572e+02
   endloop
 endfacet
 facet normal -2.305141e-01  8.293303e-02  9.695284e-01
   outer loop
     vertex  1.373670e+01  1.127981e+01  1.515245e+02
     vertex  1.309746e+01  1.156689e+01  1.513480e+02
     vertex  1.266889e+01  1.037566e+01  1.513480e+02
   endloop
 endfacet
 facet normal -2.305141e-01  8.293303e-02  9.695284e-01
   outer loop
     vertex  1.373670e+01  1.127981e+01  1.515245e+02
     vertex  1.266889e+01  1.037566e+01  1.513480e+02
     vertex  1.334450e+01  1.018970e+01  1.515245e+02
   endloop
 endfacet
 facet normal -6.851826e-02  4.709482e-02  9.965377e-01
   outer loop
     vertex  1.370315e+01  1.267858e+01  1.513480e+02
     vertex  1.394101e+01  1.302541e+01  1.513480e+02
     vertex  1.307785e+01  1.308437e+01  1.512858e+02
   endloop
 endfacet
 facet normal -7.319776e-02  3.988113e-02  9.965197e-01
   outer loop
     vertex  1.370315e+01  1.267858e+01  1.513480e+02
     vertex  1.307785e+01  1.308437e+01  1.512858e+02
     vertex  1.309746e+01  1.156689e+01  1.513480e+02
   endloop
 endfacet
 facet normal -5.641686e-01  1.095763e-01  8.183562e-01
   outer loop
     vertex  1.473901e+01  9.805864e+00  1.523386e+02
     vertex  1.392213e+01  8.960143e+00  1.518887e+02
     vertex  1.456042e+01  8.886363e+00  1.523386e+02
   endloop
 endfacet
 facet normal -5.641686e-01  1.095763e-01  8.183562e-01
   outer loop
     vertex  1.473901e+01  9.805864e+00  1.523386e+02
     vertex  1.411951e+01  9.976382e+00  1.518887e+02
     vertex  1.392213e+01  8.960143e+00  1.518887e+02
   endloop
 endfacet
 facet normal -3.892590e-01  1.400454e-01  9.104201e-01
   outer loop
     vertex  1.446996e+01  1.095049e+01  1.518887e+02
     vertex  1.373670e+01  1.127981e+01  1.515245e+02
     vertex  1.334450e+01  1.018970e+01  1.515245e+02
   endloop
 endfacet
 facet normal -3.892590e-01  1.400454e-01  9.104201e-01
   outer loop
     vertex  1.446996e+01  1.095049e+01  1.518887e+02
     vertex  1.334450e+01  1.018970e+01  1.515245e+02
     vertex  1.411951e+01  9.976382e+00  1.518887e+02
   endloop
 endfacet
 facet normal -1.943316e-01  1.419482e-01  9.706111e-01
   outer loop
     vertex  1.429097e+01  1.229712e+01  1.515245e+02
     vertex  1.478603e+01  1.297445e+01  1.515246e+02
     vertex  1.394101e+01  1.302541e+01  1.513480e+02
   endloop
 endfacet
 facet normal -2.151213e-01  1.172069e-01  9.695284e-01
   outer loop
     vertex  1.429097e+01  1.229712e+01  1.515245e+02
     vertex  1.309746e+01  1.156689e+01  1.513480e+02
     vertex  1.373670e+01  1.127981e+01  1.515245e+02
   endloop
 endfacet
 facet normal -2.014898e-01  1.382828e-01  9.696802e-01
   outer loop
     vertex  1.429097e+01  1.229712e+01  1.515245e+02
     vertex  1.394101e+01  1.302541e+01  1.513480e+02
     vertex  1.370315e+01  1.267858e+01  1.513480e+02
   endloop
 endfacet
 facet normal -2.151213e-01  1.172069e-01  9.695284e-01
   outer loop
     vertex  1.429097e+01  1.229712e+01  1.515245e+02
     vertex  1.370315e+01  1.267858e+01  1.513480e+02
     vertex  1.309746e+01  1.156689e+01  1.513480e+02
   endloop
 endfacet
 facet normal -6.951580e-01  1.350179e-01  7.060634e-01
   outer loop
     vertex  1.527378e+01  9.658670e+00  1.528933e+02
     vertex  1.456042e+01  8.886363e+00  1.523386e+02
     vertex  1.511141e+01  8.822675e+00  1.528933e+02
   endloop
 endfacet
 facet normal -6.951580e-01  1.350179e-01  7.060634e-01
   outer loop
     vertex  1.527378e+01  9.658670e+00  1.528933e+02
     vertex  1.473901e+01  9.805864e+00  1.523386e+02
     vertex  1.456042e+01  8.886363e+00  1.523386e+02
   endloop
 endfacet
 facet normal -5.407776e-01  1.945578e-01  8.183562e-01
   outer loop
     vertex  1.505611e+01  1.068724e+01  1.523386e+02
     vertex  1.446996e+01  1.095049e+01  1.518887e+02
     vertex  1.411951e+01  9.976382e+00  1.518887e+02
   endloop
 endfacet
 facet normal -5.407776e-01  1.945578e-01  8.183562e-01
   outer loop
     vertex  1.505611e+01  1.068724e+01  1.523386e+02
     vertex  1.411951e+01  9.976382e+00  1.518887e+02
     vertex  1.473901e+01  9.805864e+00  1.523386e+02
   endloop
 endfacet
 facet normal -3.632659e-01  1.979221e-01  9.104201e-01
   outer loop
     vertex  1.496526e+01  1.185954e+01  1.518887e+02
     vertex  1.373670e+01  1.127981e+01  1.515245e+02
     vertex  1.446996e+01  1.095049e+01  1.518887e+02
   endloop
 endfacet
 facet normal -5.046667e-01  2.749631e-01  8.183562e-01
   outer loop
     vertex  1.496526e+01  1.185954e+01  1.518887e+02
     vertex  1.446996e+01  1.095049e+01  1.518887e+02
     vertex  1.505611e+01  1.068724e+01  1.523386e+02
   endloop
 endfacet
 facet normal -3.632659e-01  1.979221e-01  9.104201e-01
   outer loop
     vertex  1.496526e+01  1.185954e+01  1.518887e+02
     vertex  1.429097e+01  1.229712e+01  1.515245e+02
     vertex  1.373670e+01  1.127981e+01  1.515245e+02
   endloop
 endfacet
 facet normal -8.049041e-01  1.563334e-01  5.724415e-01
   outer loop
     vertex  1.570756e+01  9.539273e+00  1.535358e+02
     vertex  1.511141e+01  8.822675e+00  1.528933e+02
     vertex  1.555835e+01  8.771014e+00  1.535358e+02
   endloop
 endfacet
 facet normal -8.049041e-01  1.563334e-01  5.724415e-01
   outer loop
     vertex  1.570756e+01  9.539273e+00  1.535358e+02
     vertex  1.527378e+01  9.658670e+00  1.528933e+02
     vertex  1.511141e+01  8.822675e+00  1.528933e+02
   endloop
 endfacet
 facet normal -6.663360e-01  2.397305e-01  7.060634e-01
   outer loop
     vertex  1.556208e+01  1.046000e+01  1.528933e+02
     vertex  1.473901e+01  9.805864e+00  1.523386e+02
     vertex  1.527378e+01  9.658670e+00  1.528933e+02
   endloop
 endfacet
 facet normal -6.663360e-01  2.397305e-01  7.060634e-01
   outer loop
     vertex  1.556208e+01  1.046000e+01  1.528933e+02
     vertex  1.505611e+01  1.068724e+01  1.523386e+02
     vertex  1.473901e+01  9.805864e+00  1.523386e+02
   endloop
 endfacet
 facet normal -3.285153e-01  2.500148e-01  9.108075e-01
   outer loop
     vertex  1.540765e+01  1.246478e+01  1.518887e+02
     vertex  1.611301e+01  1.290982e+01  1.520210e+02
     vertex  1.478603e+01  1.297445e+01  1.515246e+02
   endloop
 endfacet
 facet normal -3.335834e-01  2.437337e-01  9.106679e-01
   outer loop
     vertex  1.540765e+01  1.246478e+01  1.518887e+02
     vertex  1.478603e+01  1.297445e+01  1.515246e+02
     vertex  1.429097e+01  1.229712e+01  1.515245e+02
   endloop
 endfacet
 facet normal -3.335891e-01  2.438350e-01  9.106387e-01
   outer loop
     vertex  1.540765e+01  1.246478e+01  1.518887e+02
     vertex  1.429097e+01  1.229712e+01  1.515245e+02
     vertex  1.496526e+01  1.185954e+01  1.518887e+02
   endloop
 endfacet
 facet normal -5.046667e-01  2.749631e-01  8.183562e-01
   outer loop
     vertex  1.550425e+01  1.150976e+01  1.523386e+02
     vertex  1.496526e+01  1.185954e+01  1.518887e+02
     vertex  1.505611e+01  1.068724e+01  1.523386e+02
   endloop
 endfacet
 facet normal -8.901496e-01  1.728904e-01  4.215953e-01
   outer loop
     vertex  1.602718e+01  9.451299e+00  1.542467e+02
     vertex  1.555835e+01  8.771014e+00  1.535358e+02
     vertex  1.588766e+01  8.732949e+00  1.542467e+02
   endloop
 endfacet
 facet normal -8.901496e-01  1.728904e-01  4.215953e-01
   outer loop
     vertex  1.602718e+01  9.451299e+00  1.542467e+02
     vertex  1.570756e+01  9.539273e+00  1.535358e+02
     vertex  1.555835e+01  8.771014e+00  1.535358e+02
   endloop
 endfacet
 facet normal -8.532431e-01  3.069749e-01  4.215953e-01
   outer loop
     vertex  1.597250e+01  1.027568e+01  1.535358e+02
     vertex  1.570756e+01  9.539273e+00  1.535358e+02
     vertex  1.602718e+01  9.451299e+00  1.542467e+02
   endloop
 endfacet
 facet normal -7.715320e-01  2.775773e-01  5.724415e-01
   outer loop
     vertex  1.597250e+01  1.027568e+01  1.535358e+02
     vertex  1.556208e+01  1.046000e+01  1.528933e+02
     vertex  1.527378e+01  9.658670e+00  1.528933e+02
   endloop
 endfacet
 facet normal -7.715320e-01  2.775773e-01  5.724415e-01
   outer loop
     vertex  1.597250e+01  1.027568e+01  1.535358e+02
     vertex  1.527378e+01  9.658670e+00  1.528933e+02
     vertex  1.570756e+01  9.539273e+00  1.535358e+02
   endloop
 endfacet
 facet normal -4.087590e-01  4.047870e-01  8.179631e-01
   outer loop
     vertex  1.590454e+01  1.205739e+01  1.523386e+02
     vertex  1.611301e+01  1.290982e+01  1.520210e+02
     vertex  1.540765e+01  1.246478e+01  1.518887e+02
   endloop
 endfacet
 facet normal -4.635418e-01  3.388232e-01  8.187355e-01
   outer loop
     vertex  1.590454e+01  1.205739e+01  1.523386e+02
     vertex  1.540765e+01  1.246478e+01  1.518887e+02
     vertex  1.496526e+01  1.185954e+01  1.518887e+02
   endloop
 endfacet
 facet normal -4.635418e-01  3.388232e-01  8.187355e-01
   outer loop
     vertex  1.590454e+01  1.205739e+01  1.523386e+02
     vertex  1.496526e+01  1.185954e+01  1.518887e+02
     vertex  1.550425e+01  1.150976e+01  1.523386e+02
   endloop
 endfacet
 facet normal -7.200122e-01  3.922921e-01  5.724415e-01
   outer loop
     vertex  1.596953e+01  1.120783e+01  1.528933e+02
     vertex  1.556208e+01  1.046000e+01  1.528933e+02
     vertex  1.597250e+01  1.027568e+01  1.535358e+02
   endloop
 endfacet
 facet normal -6.218409e-01  3.388043e-01  7.060634e-01
   outer loop
     vertex  1.596953e+01  1.120783e+01  1.528933e+02
     vertex  1.505611e+01  1.068724e+01  1.523386e+02
     vertex  1.556208e+01  1.046000e+01  1.528933e+02
   endloop
 endfacet
 facet normal -6.218409e-01  3.388043e-01  7.060634e-01
   outer loop
     vertex  1.596953e+01  1.120783e+01  1.528933e+02
     vertex  1.550425e+01  1.150976e+01  1.523386e+02
     vertex  1.505611e+01  1.068724e+01  1.523386e+02
   endloop
 endfacet
 facet normal -9.779419e-01  1.899419e-01  8.690105e-02
   outer loop
     vertex  1.622292e+01  9.397422e+00  1.550044e+02
     vertex  1.608933e+01  8.709637e+00  1.550044e+02
     vertex  1.615725e+01  8.701787e+00  1.557858e+02
   endloop
 endfacet
 facet normal -9.483932e-01  1.842028e-01  2.581078e-01
   outer loop
     vertex  1.622292e+01  9.397422e+00  1.550044e+02
     vertex  1.588766e+01  8.732949e+00  1.542467e+02
     vertex  1.608933e+01  8.709637e+00  1.550044e+02
   endloop
 endfacet
 facet normal -9.750613e-01  2.000365e-01  9.612956e-02
   outer loop
     vertex  1.622292e+01  9.397422e+00  1.550044e+02
     vertex  1.615725e+01  8.701787e+00  1.557858e+02
     vertex  1.631488e+01  9.470186e+00  1.557858e+02
   endloop
 endfacet
 facet normal -9.483932e-01  1.842028e-01  2.581078e-01
   outer loop
     vertex  1.622292e+01  9.397422e+00  1.550044e+02
     vertex  1.602718e+01  9.451299e+00  1.542467e+02
     vertex  1.588766e+01  8.732949e+00  1.542467e+02
   endloop
 endfacet
 facet normal -8.532431e-01  3.069749e-01  4.215953e-01
   outer loop
     vertex  1.627491e+01  1.013987e+01  1.542467e+02
     vertex  1.597250e+01  1.027568e+01  1.535358e+02
     vertex  1.602718e+01  9.451299e+00  1.542467e+02
   endloop
 endfacet
 facet normal -4.125466e-01  4.309350e-01  8.025586e-01
   outer loop
     vertex  1.640823e+01  1.260084e+01  1.523386e+02
     vertex  1.699234e+01  1.287705e+01  1.524906e+02
     vertex  1.611301e+01  1.290982e+01  1.520210e+02
   endloop
 endfacet
 facet normal -4.380597e-01  4.060158e-01  8.020317e-01
   outer loop
     vertex  1.640823e+01  1.260084e+01  1.523386e+02
     vertex  1.611301e+01  1.290982e+01  1.520210e+02
     vertex  1.590454e+01  1.205739e+01  1.523386e+02
   endloop
 endfacet
 facet normal -5.713048e-01  4.175919e-01  7.065606e-01
   outer loop
     vertex  1.633346e+01  1.170572e+01  1.528933e+02
     vertex  1.550425e+01  1.150976e+01  1.523386e+02
     vertex  1.596953e+01  1.120783e+01  1.528933e+02
   endloop
 endfacet
 facet normal -5.190858e-01  4.811149e-01  7.064548e-01
   outer loop
     vertex  1.633346e+01  1.170572e+01  1.528933e+02
     vertex  1.640823e+01  1.260084e+01  1.523386e+02
     vertex  1.590454e+01  1.205739e+01  1.523386e+02
   endloop
 endfacet
 facet normal -5.713048e-01  4.175919e-01  7.065606e-01
   outer loop
     vertex  1.633346e+01  1.170572e+01  1.528933e+02
     vertex  1.590454e+01  1.205739e+01  1.523386e+02
     vertex  1.550425e+01  1.150976e+01  1.523386e+02
   endloop
 endfacet
 facet normal -7.200122e-01  3.922921e-01  5.724415e-01
   outer loop
     vertex  1.634694e+01  1.096291e+01  1.535358e+02
     vertex  1.596953e+01  1.120783e+01  1.528933e+02
     vertex  1.597250e+01  1.027568e+01  1.535358e+02
   endloop
 endfacet
 facet normal -9.380164e-01  3.374741e-01  7.897188e-02
   outer loop
     vertex  1.646011e+01  1.005669e+01  1.550044e+02
     vertex  1.622292e+01  9.397422e+00  1.550044e+02
     vertex  1.631488e+01  9.470186e+00  1.557858e+02
   endloop
 endfacet
 facet normal -9.248849e-01  3.660669e-01  1.028731e-01
   outer loop
     vertex  1.646011e+01  1.005669e+01  1.550044e+02
     vertex  1.631488e+01  9.470186e+00  1.557858e+02
     vertex  1.660356e+01  1.019954e+01  1.557858e+02
   endloop
 endfacet
 facet normal -9.090719e-01  3.270606e-01  2.581078e-01
   outer loop
     vertex  1.646011e+01  1.005669e+01  1.550044e+02
     vertex  1.627491e+01  1.013987e+01  1.542467e+02
     vertex  1.602718e+01  9.451299e+00  1.542467e+02
   endloop
 endfacet
 facet normal -9.090719e-01  3.270606e-01  2.581078e-01
   outer loop
     vertex  1.646011e+01  1.005669e+01  1.550044e+02
     vertex  1.602718e+01  9.451299e+00  1.542467e+02
     vertex  1.622292e+01  9.397422e+00  1.550044e+02
   endloop
 endfacet
 facet normal -5.190858e-01  4.811149e-01  7.064548e-01
   outer loop
     vertex  1.679141e+01  1.219982e+01  1.528933e+02
     vertex  1.640823e+01  1.260084e+01  1.523386e+02
     vertex  1.633346e+01  1.170572e+01  1.528933e+02
   endloop
 endfacet
 facet normal -4.444434e-01  5.515917e-01  7.058447e-01
   outer loop
     vertex  1.679141e+01  1.219982e+01  1.528933e+02
     vertex  1.699234e+01  1.287705e+01  1.524906e+02
     vertex  1.640823e+01  1.260084e+01  1.523386e+02
   endloop
 endfacet
 facet normal -6.616567e-01  4.836341e-01  5.729821e-01
   outer loop
     vertex  1.668138e+01  1.142046e+01  1.535358e+02
     vertex  1.633346e+01  1.170572e+01  1.528933e+02
     vertex  1.596953e+01  1.120783e+01  1.528933e+02
   endloop
 endfacet
 facet normal -6.011486e-01  5.571748e-01  5.728670e-01
   outer loop
     vertex  1.668138e+01  1.142046e+01  1.535358e+02
     vertex  1.679141e+01  1.219982e+01  1.528933e+02
     vertex  1.633346e+01  1.170572e+01  1.528933e+02
   endloop
 endfacet
 facet normal -6.616567e-01  4.836341e-01  5.729821e-01
   outer loop
     vertex  1.668138e+01  1.142046e+01  1.535358e+02
     vertex  1.596953e+01  1.120783e+01  1.528933e+02
     vertex  1.634694e+01  1.096291e+01  1.535358e+02
   endloop
 endfacet
 facet normal -7.318855e-01  5.349674e-01  4.220824e-01
   outer loop
     vertex  1.662502e+01  1.078245e+01  1.542467e+02
     vertex  1.668138e+01  1.142046e+01  1.535358e+02
     vertex  1.634694e+01  1.096291e+01  1.535358e+02
   endloop
 endfacet
 facet normal -7.962671e-01  4.338389e-01  4.215953e-01
   outer loop
     vertex  1.662502e+01  1.078245e+01  1.542467e+02
     vertex  1.597250e+01  1.027568e+01  1.535358e+02
     vertex  1.627491e+01  1.013987e+01  1.542467e+02
   endloop
 endfacet
 facet normal -7.962671e-01  4.338389e-01  4.215953e-01
   outer loop
     vertex  1.662502e+01  1.078245e+01  1.542467e+02
     vertex  1.634694e+01  1.096291e+01  1.535358e+02
     vertex  1.597250e+01  1.027568e+01  1.535358e+02
   endloop
 endfacet
 facet normal -4.312746e-01  5.828659e-01  6.886723e-01
   outer loop
     vertex  1.722666e+01  1.257461e+01  1.528933e+02
     vertex  1.791338e+01  1.284831e+01  1.530917e+02
     vertex  1.699234e+01  1.287705e+01  1.524906e+02
   endloop
 endfacet
 facet normal -4.733681e-01  5.497264e-01  6.882757e-01
   outer loop
     vertex  1.722666e+01  1.257461e+01  1.528933e+02
     vertex  1.699234e+01  1.287705e+01  1.524906e+02
     vertex  1.679141e+01  1.219982e+01  1.528933e+02
   endloop
 endfacet
 facet normal -6.011486e-01  5.571748e-01  5.728670e-01
   outer loop
     vertex  1.710223e+01  1.187452e+01  1.535358e+02
     vertex  1.679141e+01  1.219982e+01  1.528933e+02
     vertex  1.668138e+01  1.142046e+01  1.535358e+02
   endloop
 endfacet
 facet normal -6.649251e-01  6.162861e-01  4.219787e-01
   outer loop
     vertex  1.693773e+01  1.121028e+01  1.542467e+02
     vertex  1.710223e+01  1.187452e+01  1.535358e+02
     vertex  1.668138e+01  1.142046e+01  1.535358e+02
   endloop
 endfacet
 facet normal -7.318855e-01  5.349674e-01  4.220824e-01
   outer loop
     vertex  1.693773e+01  1.121028e+01  1.542467e+02
     vertex  1.668138e+01  1.142046e+01  1.535358e+02
     vertex  1.662502e+01  1.078245e+01  1.542467e+02
   endloop
 endfacet
 facet normal -8.483678e-01  4.622255e-01  2.581078e-01
   outer loop
     vertex  1.679532e+01  1.067194e+01  1.550044e+02
     vertex  1.662502e+01  1.078245e+01  1.542467e+02
     vertex  1.627491e+01  1.013987e+01  1.542467e+02
   endloop
 endfacet
 facet normal -8.468898e-01  5.208781e-01  1.070686e-01
   outer loop
     vertex  1.679532e+01  1.067194e+01  1.550044e+02
     vertex  1.660356e+01  1.019954e+01  1.557858e+02
     vertex  1.701450e+01  1.086768e+01  1.557858e+02
   endloop
 endfacet
 facet normal -8.483678e-01  4.622255e-01  2.581078e-01
   outer loop
     vertex  1.679532e+01  1.067194e+01  1.550044e+02
     vertex  1.627491e+01  1.013987e+01  1.542467e+02
     vertex  1.646011e+01  1.005669e+01  1.550044e+02
   endloop
 endfacet
 facet normal -8.757438e-01  4.771411e-01  7.354699e-02
   outer loop
     vertex  1.679532e+01  1.067194e+01  1.550044e+02
     vertex  1.646011e+01  1.005669e+01  1.550044e+02
     vertex  1.660356e+01  1.019954e+01  1.557858e+02
   endloop
 endfacet
 facet normal -5.347462e-01  6.210053e-01  5.730610e-01
   outer loop
     vertex  1.750221e+01  1.221895e+01  1.535358e+02
     vertex  1.722666e+01  1.257461e+01  1.528933e+02
     vertex  1.679141e+01  1.219982e+01  1.528933e+02
   endloop
 endfacet
 facet normal -5.347462e-01  6.210053e-01  5.730610e-01
   outer loop
     vertex  1.750221e+01  1.221895e+01  1.535358e+02
     vertex  1.679141e+01  1.219982e+01  1.528933e+02
     vertex  1.710223e+01  1.187452e+01  1.535358e+02
   endloop
 endfacet
 facet normal -6.649251e-01  6.162861e-01  4.219787e-01
   outer loop
     vertex  1.733124e+01  1.163484e+01  1.542467e+02
     vertex  1.710223e+01  1.187452e+01  1.535358e+02
     vertex  1.693773e+01  1.121028e+01  1.542467e+02
   endloop
 endfacet
 facet normal -5.915228e-01  6.869405e-01  4.221535e-01
   outer loop
     vertex  1.733124e+01  1.163484e+01  1.542467e+02
     vertex  1.750221e+01  1.221895e+01  1.535358e+02
     vertex  1.710223e+01  1.187452e+01  1.535358e+02
   endloop
 endfacet
 facet normal -7.798955e-01  5.700601e-01  2.584464e-01
   outer loop
     vertex  1.709473e+01  1.108156e+01  1.550044e+02
     vertex  1.693773e+01  1.121028e+01  1.542467e+02
     vertex  1.662502e+01  1.078245e+01  1.542467e+02
   endloop
 endfacet
 facet normal -7.798955e-01  5.700601e-01  2.584464e-01
   outer loop
     vertex  1.709473e+01  1.108156e+01  1.550044e+02
     vertex  1.662502e+01  1.078245e+01  1.542467e+02
     vertex  1.679532e+01  1.067194e+01  1.550044e+02
   endloop
 endfacet
 facet normal -7.437909e-01  6.602182e-01  1.043410e-01
   outer loop
     vertex  1.709473e+01  1.108156e+01  1.550044e+02
     vertex  1.701450e+01  1.086768e+01  1.557858e+02
     vertex  1.753522e+01  1.145431e+01  1.557858e+02
   endloop
 endfacet
 facet normal -8.048397e-01  5.882929e-01  7.838663e-02
   outer loop
     vertex  1.709473e+01  1.108156e+01  1.550044e+02
     vertex  1.679532e+01  1.067194e+01  1.550044e+02
     vertex  1.701450e+01  1.086768e+01  1.557858e+02
   endloop
 endfacet
 facet normal -7.085191e-01  6.566913e-01  2.583742e-01
   outer loop
     vertex  1.709473e+01  1.108156e+01  1.550044e+02
     vertex  1.733124e+01  1.163484e+01  1.542467e+02
     vertex  1.693773e+01  1.121028e+01  1.542467e+02
   endloop
 endfacet
 facet normal -4.768067e-01  6.663220e-01  5.732977e-01
   outer loop
     vertex  1.781796e+01  1.244489e+01  1.535358e+02
     vertex  1.722666e+01  1.257461e+01  1.528933e+02
     vertex  1.750221e+01  1.221895e+01  1.535358e+02
   endloop
 endfacet
 facet normal -4.414714e-01  7.093573e-01  5.494681e-01
   outer loop
     vertex  1.781796e+01  1.244489e+01  1.535358e+02
     vertex  1.791338e+01  1.284831e+01  1.530917e+02
     vertex  1.722666e+01  1.257461e+01  1.528933e+02
   endloop
 endfacet
 facet normal -5.915228e-01  6.869405e-01  4.221535e-01
   outer loop
     vertex  1.770524e+01  1.195689e+01  1.542467e+02
     vertex  1.750221e+01  1.221895e+01  1.535358e+02
     vertex  1.733124e+01  1.163484e+01  1.542467e+02
   endloop
 endfacet
 facet normal -7.305241e-01  6.770866e-01  8.881574e-02
   outer loop
     vertex  1.747149e+01  1.148806e+01  1.550044e+02
     vertex  1.709473e+01  1.108156e+01  1.550044e+02
     vertex  1.753522e+01  1.145431e+01  1.557858e+02
   endloop
 endfacet
 facet normal -7.085191e-01  6.566913e-01  2.583742e-01
   outer loop
     vertex  1.747149e+01  1.148806e+01  1.550044e+02
     vertex  1.733124e+01  1.163484e+01  1.542467e+02
     vertex  1.709473e+01  1.108156e+01  1.550044e+02
   endloop
 endfacet
 facet normal -5.274804e-01  7.371368e-01  4.223669e-01
   outer loop
     vertex  1.800048e+01  1.216816e+01  1.542467e+02
     vertex  1.781796e+01  1.244489e+01  1.535358e+02
     vertex  1.750221e+01  1.221895e+01  1.535358e+02
   endloop
 endfacet
 facet normal -5.274804e-01  7.371368e-01  4.223669e-01
   outer loop
     vertex  1.800048e+01  1.216816e+01  1.542467e+02
     vertex  1.750221e+01  1.221895e+01  1.535358e+02
     vertex  1.770524e+01  1.195689e+01  1.542467e+02
   endloop
 endfacet
 facet normal -6.175759e-01  7.790060e-01  1.083960e-01
   outer loop
     vertex  1.782958e+01  1.179640e+01  1.550044e+02
     vertex  1.753522e+01  1.145431e+01  1.557858e+02
     vertex  1.814989e+01  1.194161e+01  1.557858e+02
   endloop
 endfacet
 facet normal -6.501210e-01  7.549910e-01  8.562298e-02
   outer loop
     vertex  1.782958e+01  1.179640e+01  1.550044e+02
     vertex  1.747149e+01  1.148806e+01  1.550044e+02
     vertex  1.753522e+01  1.145431e+01  1.557858e+02
   endloop
 endfacet
 facet normal -6.303397e-01  7.320189e-01  2.584958e-01
   outer loop
     vertex  1.782958e+01  1.179640e+01  1.550044e+02
     vertex  1.770524e+01  1.195689e+01  1.542467e+02
     vertex  1.733124e+01  1.163484e+01  1.542467e+02
   endloop
 endfacet
 facet normal -6.303397e-01  7.320189e-01  2.584958e-01
   outer loop
     vertex  1.782958e+01  1.179640e+01  1.550044e+02
     vertex  1.733124e+01  1.163484e+01  1.542467e+02
     vertex  1.747149e+01  1.148806e+01  1.550044e+02
   endloop
 endfacet
 facet normal -4.739270e-01  8.762730e-01  8.682659e-02
   outer loop
     vertex  1.811225e+01  1.199868e+01  1.550044e+02
     vertex  1.814989e+01  1.194161e+01  1.557858e+02
     vertex  1.883985e+01  1.231477e+01  1.557858e+02
   endloop
 endfacet
 facet normal -5.797237e-01  8.101452e-01  8.709313e-02
   outer loop
     vertex  1.811225e+01  1.199868e+01  1.550044e+02
     vertex  1.782958e+01  1.179640e+01  1.550044e+02
     vertex  1.814989e+01  1.194161e+01  1.557858e+02
   endloop
 endfacet
 facet normal -5.621332e-01  7.855631e-01  2.586442e-01
   outer loop
     vertex  1.811225e+01  1.199868e+01  1.550044e+02
     vertex  1.770524e+01  1.195689e+01  1.542467e+02
     vertex  1.782958e+01  1.179640e+01  1.550044e+02
   endloop
 endfacet
 facet normal -5.621332e-01  7.855631e-01  2.586442e-01
   outer loop
     vertex  1.811225e+01  1.199868e+01  1.550044e+02
     vertex  1.800048e+01  1.216816e+01  1.542467e+02
     vertex  1.770524e+01  1.195689e+01  1.542467e+02
   endloop
 endfacet
 facet normal -4.966580e-01  6.929189e-01  5.226798e-01
   outer loop
     vertex  1.873204e+01  1.256382e+01  1.542467e+02
     vertex  1.791338e+01  1.284831e+01  1.530917e+02
     vertex  1.781796e+01  1.244489e+01  1.535358e+02
   endloop
 endfacet
 facet normal -4.314448e-01  7.977249e-01  4.212960e-01
   outer loop
     vertex  1.873204e+01  1.256382e+01  1.542467e+02
     vertex  1.781796e+01  1.244489e+01  1.535358e+02
     vertex  1.800048e+01  1.216816e+01  1.542467e+02
   endloop
 endfacet
 facet normal -4.739270e-01  8.762730e-01  8.682659e-02
   outer loop
     vertex  1.881269e+01  1.237751e+01  1.550044e+02
     vertex  1.811225e+01  1.199868e+01  1.550044e+02
     vertex  1.883985e+01  1.231477e+01  1.557858e+02
   endloop
 endfacet
 facet normal -4.596307e-01  8.498396e-01  2.578998e-01
   outer loop
     vertex  1.881269e+01  1.237751e+01  1.550044e+02
     vertex  1.800048e+01  1.216816e+01  1.542467e+02
     vertex  1.811225e+01  1.199868e+01  1.550044e+02
   endloop
 endfacet
 facet normal -4.596307e-01  8.498396e-01  2.578998e-01
   outer loop
     vertex  1.881269e+01  1.237751e+01  1.550044e+02
     vertex  1.873204e+01  1.256382e+01  1.542467e+02
     vertex  1.800048e+01  1.216816e+01  1.542467e+02
   endloop
 endfacet
 facet normal -1.247275e-01  9.677429e-01  2.188987e-01
   outer loop
     vertex  1.956827e+01  1.262895e+01  1.550044e+02
     vertex  2.114419e+01  1.265531e+01  1.557858e+02
     vertex  1.791338e+01  1.284831e+01  1.530917e+02
   endloop
 endfacet
 facet normal  2.769719e-02  9.956067e-01 -8.944398e-02
   outer loop
     vertex  1.956827e+01  1.262895e+01  1.550044e+02
     vertex  2.036009e+01  1.267712e+01  1.557858e+02
     vertex  2.114419e+01  1.265531e+01  1.557858e+02
   endloop
 endfacet
 facet normal -1.456427e-01  9.855198e-01  8.682659e-02
   outer loop
     vertex  1.956827e+01  1.262895e+01  1.550044e+02
     vertex  1.958412e+01  1.256245e+01  1.557858e+02
     vertex  2.036009e+01  1.267712e+01  1.557858e+02
   endloop
 endfacet
 facet normal -3.145638e-01  9.452570e-01  8.682659e-02
   outer loop
     vertex  1.956827e+01  1.262895e+01  1.550044e+02
     vertex  1.883985e+01  1.231477e+01  1.557858e+02
     vertex  1.958412e+01  1.256245e+01  1.557858e+02
   endloop
 endfacet
 facet normal -5.410785e-01  6.431054e-01  5.418943e-01
   outer loop
     vertex  1.956827e+01  1.262895e+01  1.550044e+02
     vertex  1.791338e+01  1.284831e+01  1.530917e+02
     vertex  1.873204e+01  1.256382e+01  1.542467e+02
   endloop
 endfacet
 facet normal -3.050748e-01  9.167426e-01  2.578998e-01
   outer loop
     vertex  1.956827e+01  1.262895e+01  1.550044e+02
     vertex  1.873204e+01  1.256382e+01  1.542467e+02
     vertex  1.881269e+01  1.237751e+01  1.550044e+02
   endloop
 endfacet
 facet normal -3.145638e-01  9.452570e-01  8.682659e-02
   outer loop
     vertex  1.956827e+01  1.262895e+01  1.550044e+02
     vertex  1.881269e+01  1.237751e+01  1.550044e+02
     vertex  1.883985e+01  1.231477e+01  1.557858e+02
   endloop
 endfacet
 facet normal -9.896056e-01  1.143879e-01  8.715574e-02
   outer loop
     vertex  1.608933e+01  8.709637e+00  1.550044e+02
     vertex  1.604242e+01  7.708402e+00  1.557858e+02
     vertex  1.615725e+01  8.701787e+00  1.557858e+02
   endloop
 endfacet
 facet normal -9.896056e-01  1.143879e-01  8.715574e-02
   outer loop
     vertex  1.608933e+01  8.709637e+00  1.550044e+02
     vertex  1.597451e+01  7.716252e+00  1.550044e+02
     vertex  1.604242e+01  7.708402e+00  1.557858e+02
   endloop
 endfacet
 facet normal -9.595370e-01  1.109123e-01  2.588190e-01
   outer loop
     vertex  1.608933e+01  8.709637e+00  1.550044e+02
     vertex  1.577283e+01  7.739563e+00  1.542467e+02
     vertex  1.597451e+01  7.716252e+00  1.550044e+02
   endloop
 endfacet
 facet normal -9.595370e-01  1.109123e-01  2.588190e-01
   outer loop
     vertex  1.588766e+01  8.732949e+00  1.542467e+02
     vertex  1.577283e+01  7.739563e+00  1.542467e+02
     vertex  1.608933e+01  8.709637e+00  1.550044e+02
   endloop
 endfacet
 facet normal -9.003132e-01  1.040667e-01  4.226183e-01
   outer loop
     vertex  1.555835e+01  8.771014e+00  1.535358e+02
     vertex  1.544352e+01  7.777628e+00  1.535358e+02
     vertex  1.577283e+01  7.739563e+00  1.542467e+02
   endloop
 endfacet
 facet normal -8.137340e-01  9.405902e-02  5.735764e-01
   outer loop
     vertex  1.555835e+01  8.771014e+00  1.535358e+02
     vertex  1.499658e+01  7.829289e+00  1.528933e+02
     vertex  1.544352e+01  7.777628e+00  1.535358e+02
   endloop
 endfacet
 facet normal -9.003132e-01  1.040667e-01  4.226183e-01
   outer loop
     vertex  1.555835e+01  8.771014e+00  1.535358e+02
     vertex  1.577283e+01  7.739563e+00  1.542467e+02
     vertex  1.588766e+01  8.732949e+00  1.542467e+02
   endloop
 endfacet
 facet normal -8.137340e-01  9.405902e-02  5.735764e-01
   outer loop
     vertex  1.511141e+01  8.822675e+00  1.528933e+02
     vertex  1.499658e+01  7.829289e+00  1.528933e+02
     vertex  1.555835e+01  8.771014e+00  1.535358e+02
   endloop
 endfacet
 facet normal -7.024298e-01  8.119344e-02  7.071068e-01
   outer loop
     vertex  1.456042e+01  8.886363e+00  1.523386e+02
     vertex  1.444560e+01  7.892977e+00  1.523386e+02
     vertex  1.499658e+01  7.829289e+00  1.528933e+02
   endloop
 endfacet
 facet normal -5.697827e-01  6.586084e-02  8.191520e-01
   outer loop
     vertex  1.456042e+01  8.886363e+00  1.523386e+02
     vertex  1.380730e+01  7.966758e+00  1.518887e+02
     vertex  1.444560e+01  7.892977e+00  1.523386e+02
   endloop
 endfacet
 facet normal -7.024298e-01  8.119344e-02  7.071068e-01
   outer loop
     vertex  1.456042e+01  8.886363e+00  1.523386e+02
     vertex  1.499658e+01  7.829289e+00  1.528933e+02
     vertex  1.511141e+01  8.822675e+00  1.528933e+02
   endloop
 endfacet
 facet normal -5.697827e-01  6.586084e-02  8.191520e-01
   outer loop
     vertex  1.392213e+01  8.960143e+00  1.518887e+02
     vertex  1.380730e+01  7.966758e+00  1.518887e+02
     vertex  1.456042e+01  8.886363e+00  1.523386e+02
   endloop
 endfacet
 facet normal -4.198230e-01  4.852708e-02  9.063078e-01
   outer loop
     vertex  1.321592e+01  9.041773e+00  1.515572e+02
     vertex  1.310110e+01  8.048388e+00  1.515572e+02
     vertex  1.380730e+01  7.966758e+00  1.518887e+02
   endloop
 endfacet
 facet normal -4.198230e-01  4.852708e-02  9.063078e-01
   outer loop
     vertex  1.321592e+01  9.041773e+00  1.515572e+02
     vertex  1.380730e+01  7.966758e+00  1.518887e+02
     vertex  1.392213e+01  8.960143e+00  1.518887e+02
   endloop
 endfacet
 facet normal -2.571072e-01  2.971886e-02  9.659258e-01
   outer loop
     vertex  1.246326e+01  9.128773e+00  1.513542e+02
     vertex  1.234843e+01  8.135387e+00  1.513542e+02
     vertex  1.310110e+01  8.048388e+00  1.515572e+02
   endloop
 endfacet
 facet normal -8.657927e-02  1.000765e-02  9.961947e-01
   outer loop
     vertex  1.246326e+01  9.128773e+00  1.513542e+02
     vertex  1.157218e+01  8.225113e+00  1.512858e+02
     vertex  1.234843e+01  8.135387e+00  1.513542e+02
   endloop
 endfacet
 facet normal -2.571072e-01  2.971886e-02  9.659258e-01
   outer loop
     vertex  1.246326e+01  9.128773e+00  1.513542e+02
     vertex  1.310110e+01  8.048388e+00  1.515572e+02
     vertex  1.321592e+01  9.041773e+00  1.515572e+02
   endloop
 endfacet
 facet normal -8.657927e-02  1.000765e-02  9.961947e-01
   outer loop
     vertex  1.168701e+01  9.218499e+00  1.512858e+02
     vertex  1.157218e+01  8.225113e+00  1.512858e+02
     vertex  1.246326e+01  9.128773e+00  1.513542e+02
   endloop
 endfacet
 facet normal -8.734700e-02  3.348750e-03  9.961723e-01
   outer loop
     vertex  1.234843e+01  8.135387e+00  1.513542e+02
     vertex  1.157218e+01  8.225113e+00  1.512858e+02
     vertex  1.151930e+01  6.845821e+00  1.512858e+02
   endloop
 endfacet
 facet normal -9.958382e-01  2.770363e-02  8.682659e-02
   outer loop
     vertex  1.604242e+01  7.708402e+00  1.557858e+02
     vertex  1.597451e+01  7.716252e+00  1.550044e+02
     vertex  1.602061e+01  6.924303e+00  1.557858e+02
   endloop
 endfacet
 facet normal -2.558475e-01 -8.780692e-02  9.627211e-01
   outer loop
     vertex  1.366571e+01  4.227831e+00  1.515572e+02
     vertex  1.306060e+01  3.977096e+00  1.513735e+02
     vertex  1.404916e+01  3.804968e+00  1.516205e+02
   endloop
 endfacet
 facet normal -3.666296e-01 -9.263066e-01  8.682659e-02
   outer loop
     vertex  1.846759e+01  3.106635e+00  1.550044e+02
     vertex  1.922755e+01  2.879093e+00  1.557858e+02
     vertex  1.849820e+01  3.167768e+00  1.557858e+02
   endloop
 endfacet
 facet normal -2.001617e-01 -9.756716e-01 -8.944398e-02
   outer loop
     vertex  1.846759e+01  3.106635e+00  1.550044e+02
     vertex  1.999594e+01  2.721454e+00  1.557858e+02
     vertex  1.922755e+01  2.879093e+00  1.557858e+02
   endloop
 endfacet
 facet normal -3.452158e-01 -9.108529e-01  2.262146e-01
   outer loop
     vertex  1.846759e+01  3.106635e+00  1.550044e+02
     vertex  1.761318e+01  3.108814e+00  1.537093e+02
     vertex  1.999594e+01  2.721454e+00  1.557858e+02
   endloop
 endfacet
 facet normal -3.957605e-01 -1.930226e-01  8.978396e-01
   outer loop
     vertex  1.453370e+01  4.058860e+00  1.518887e+02
     vertex  1.404916e+01  3.804968e+00  1.516205e+02
     vertex  1.499510e+01  3.629875e+00  1.519999e+02
   endloop
 endfacet
 facet normal -8.962192e-02 -2.243561e-02  9.957231e-01
   outer loop
     vertex  1.251803e+01  5.286147e+00  1.513542e+02
     vertex  1.204442e+01  4.143894e+00  1.512858e+02
     vertex  1.306060e+01  3.977096e+00  1.513735e+02
   endloop
 endfacet
 facet normal -8.639155e-02 -2.379021e-02  9.959772e-01
   outer loop
     vertex  1.251803e+01  5.286147e+00  1.513542e+02
     vertex  1.167796e+01  5.474664e+00  1.512858e+02
     vertex  1.204442e+01  4.143894e+00  1.512858e+02
   endloop
 endfacet
 facet normal -6.087846e-01 -6.848352e-01  4.004773e-01
   outer loop
     vertex  1.774999e+01  3.301472e+00  1.542467e+02
     vertex  1.761318e+01  3.108814e+00  1.537093e+02
     vertex  1.846759e+01  3.106635e+00  1.550044e+02
   endloop
 endfacet
 facet normal -5.135555e-01 -2.917155e-01  8.069466e-01
   outer loop
     vertex  1.541424e+01  3.829077e+00  1.523386e+02
     vertex  1.499510e+01  3.629875e+00  1.519999e+02
     vertex  1.625326e+01  3.382559e+00  1.527112e+02
   endloop
 endfacet
 facet normal -3.974162e-01 -1.898131e-01  8.977925e-01
   outer loop
     vertex  1.431812e+01  4.510241e+00  1.518887e+02
     vertex  1.404916e+01  3.804968e+00  1.516205e+02
     vertex  1.453370e+01  4.058860e+00  1.518887e+02
   endloop
 endfacet
 facet normal -3.726372e-01 -2.022569e-01  9.056675e-01
   outer loop
     vertex  1.431812e+01  4.510241e+00  1.518887e+02
     vertex  1.366571e+01  4.227831e+00  1.515572e+02
     vertex  1.404916e+01  3.804968e+00  1.516205e+02
   endloop
 endfacet
 facet normal -5.501174e-01 -5.944889e-01  5.864758e-01
   outer loop
     vertex  1.680543e+01  3.685142e+00  1.535358e+02
     vertex  1.625326e+01  3.382559e+00  1.527112e+02
     vertex  1.761318e+01  3.108814e+00  1.537093e+02
   endloop
 endfacet
 facet normal -5.091800e-01 -3.002889e-01  8.065744e-01
   outer loop
     vertex  1.510285e+01  4.357079e+00  1.523386e+02
     vertex  1.499510e+01  3.629875e+00  1.519999e+02
     vertex  1.541424e+01  3.829077e+00  1.523386e+02
   endloop
 endfacet
 facet normal -4.846912e-01 -3.093175e-01  8.181669e-01
   outer loop
     vertex  1.510285e+01  4.357079e+00  1.523386e+02
     vertex  1.453370e+01  4.058860e+00  1.518887e+02
     vertex  1.499510e+01  3.629875e+00  1.519999e+02
   endloop
 endfacet
 facet normal -2.451460e-01 -8.734225e-02  9.655438e-01
   outer loop
     vertex  1.325506e+01  5.461819e+00  1.515572e+02
     vertex  1.251803e+01  5.286147e+00  1.513542e+02
     vertex  1.306060e+01  3.977096e+00  1.513735e+02
   endloop
 endfacet
 facet normal -2.568065e-01 -8.546038e-02  9.626770e-01
   outer loop
     vertex  1.325506e+01  5.461819e+00  1.515572e+02
     vertex  1.306060e+01  3.977096e+00  1.513735e+02
     vertex  1.366571e+01  4.227831e+00  1.515572e+02
   endloop
 endfacet
 facet normal -5.214605e-01 -8.478366e-01  9.618783e-02
   outer loop
     vertex  1.786754e+01  3.466997e+00  1.550044e+02
     vertex  1.849820e+01  3.167768e+00  1.557858e+02
     vertex  1.783005e+01  3.578708e+00  1.557858e+02
   endloop
 endfacet
 facet normal -4.974001e-01 -8.282347e-01  2.581092e-01
   outer loop
     vertex  1.786754e+01  3.466997e+00  1.550044e+02
     vertex  1.774999e+01  3.301472e+00  1.542467e+02
     vertex  1.846759e+01  3.106635e+00  1.550044e+02
   endloop
 endfacet
 facet normal -5.128975e-01 -8.540399e-01  8.690156e-02
   outer loop
     vertex  1.786754e+01  3.466997e+00  1.550044e+02
     vertex  1.846759e+01  3.106635e+00  1.550044e+02
     vertex  1.849820e+01  3.167768e+00  1.557858e+02
   endloop
 endfacet
 facet normal -5.507035e-01 -4.462370e-01  7.054064e-01
   outer loop
     vertex  1.587726e+01  4.134456e+00  1.528933e+02
     vertex  1.541424e+01  3.829077e+00  1.523386e+02
     vertex  1.625326e+01  3.382559e+00  1.527112e+02
   endloop
 endfacet
 facet normal -6.448430e-01 -4.686909e-01  6.037436e-01
   outer loop
     vertex  1.587726e+01  4.134456e+00  1.528933e+02
     vertex  1.625326e+01  3.382559e+00  1.527112e+02
     vertex  1.680543e+01  3.685142e+00  1.535358e+02
   endloop
 endfacet
 facet normal -8.811499e-02 -1.019584e-02  9.960581e-01
   outer loop
     vertex  1.230859e+01  6.703348e+00  1.513542e+02
     vertex  1.151930e+01  6.845821e+00  1.512858e+02
     vertex  1.167796e+01  5.474664e+00  1.512858e+02
   endloop
 endfacet
 facet normal -8.386862e-02 -1.239433e-02  9.963997e-01
   outer loop
     vertex  1.230859e+01  6.703348e+00  1.513542e+02
     vertex  1.167796e+01  5.474664e+00  1.512858e+02
     vertex  1.251803e+01  5.286147e+00  1.513542e+02
   endloop
 endfacet
 facet normal -8.586467e-02  2.388704e-03  9.963039e-01
   outer loop
     vertex  1.230859e+01  6.703348e+00  1.513542e+02
     vertex  1.234843e+01  8.135387e+00  1.513542e+02
     vertex  1.151930e+01  6.845821e+00  1.512858e+02
   endloop
 endfacet
 facet normal -5.178110e-01 -2.473158e-01  8.189669e-01
   outer loop
     vertex  1.490778e+01  4.765493e+00  1.523386e+02
     vertex  1.431812e+01  4.510241e+00  1.518887e+02
     vertex  1.453370e+01  4.058860e+00  1.518887e+02
   endloop
 endfacet
 facet normal -5.178110e-01 -2.473158e-01  8.189669e-01
   outer loop
     vertex  1.490778e+01  4.765493e+00  1.523386e+02
     vertex  1.453370e+01  4.058860e+00  1.518887e+02
     vertex  1.510285e+01  4.357079e+00  1.523386e+02
   endloop
 endfacet
 facet normal -5.850868e-01 -6.934815e-01  4.204245e-01
   outer loop
     vertex  1.704626e+01  3.912940e+00  1.542467e+02
     vertex  1.680543e+01  3.685142e+00  1.535358e+02
     vertex  1.761318e+01  3.108814e+00  1.537093e+02
   endloop
 endfacet
 facet normal -6.008823e-01 -6.915501e-01  4.008727e-01
   outer loop
     vertex  1.704626e+01  3.912940e+00  1.542467e+02
     vertex  1.761318e+01  3.108814e+00  1.537093e+02
     vertex  1.774999e+01  3.301472e+00  1.542467e+02
   endloop
 endfacet
 facet normal -6.094598e-01 -3.594289e-01  7.066609e-01
   outer loop
     vertex  1.559415e+01  4.614508e+00  1.528933e+02
     vertex  1.510285e+01  4.357079e+00  1.523386e+02
     vertex  1.541424e+01  3.829077e+00  1.523386e+02
   endloop
 endfacet
 facet normal -6.094598e-01 -3.594289e-01  7.066609e-01
   outer loop
     vertex  1.559415e+01  4.614508e+00  1.528933e+02
     vertex  1.541424e+01  3.829077e+00  1.523386e+02
     vertex  1.587726e+01  4.134456e+00  1.528933e+02
   endloop
 endfacet
 facet normal -6.382839e-01 -3.048558e-01  7.068639e-01
   outer loop
     vertex  1.559415e+01  4.614508e+00  1.528933e+02
     vertex  1.490778e+01  4.765493e+00  1.523386e+02
     vertex  1.510285e+01  4.357079e+00  1.523386e+02
   endloop
 endfacet
 facet normal -4.022541e-01 -1.338626e-01  9.056889e-01
   outer loop
     vertex  1.394660e+01  5.626649e+00  1.518887e+02
     vertex  1.325506e+01  5.461819e+00  1.515572e+02
     vertex  1.366571e+01  4.227831e+00  1.515572e+02
   endloop
 endfacet
 facet normal -4.022541e-01 -1.338626e-01  9.056889e-01
   outer loop
     vertex  1.394660e+01  5.626649e+00  1.518887e+02
     vertex  1.366571e+01  4.227831e+00  1.515572e+02
     vertex  1.431812e+01  4.510241e+00  1.518887e+02
   endloop
 endfacet
 facet normal -5.456248e-01 -1.815737e-01  8.181226e-01
   outer loop
     vertex  1.394660e+01  5.626649e+00  1.518887e+02
     vertex  1.431812e+01  4.510241e+00  1.518887e+02
     vertex  1.490778e+01  4.765493e+00  1.523386e+02
   endloop
 endfacet
 facet normal -6.427102e-01 -5.095241e-01  5.721091e-01
   outer loop
     vertex  1.625284e+01  4.382168e+00  1.535358e+02
     vertex  1.587726e+01  4.134456e+00  1.528933e+02
     vertex  1.680543e+01  3.685142e+00  1.535358e+02
   endloop
 endfacet
 facet normal -7.106861e-01 -5.634137e-01  4.212960e-01
   outer loop
     vertex  1.625284e+01  4.382168e+00  1.535358e+02
     vertex  1.680543e+01  3.685142e+00  1.535358e+02
     vertex  1.704626e+01  3.912940e+00  1.542467e+02
   endloop
 endfacet
 facet normal -2.596407e-01  7.223049e-03  9.656783e-01
   outer loop
     vertex  1.306493e+01  6.748368e+00  1.515572e+02
     vertex  1.310110e+01  8.048388e+00  1.515572e+02
     vertex  1.234843e+01  8.135387e+00  1.513542e+02
   endloop
 endfacet
 facet normal -2.596407e-01  7.223049e-03  9.656783e-01
   outer loop
     vertex  1.306493e+01  6.748368e+00  1.515572e+02
     vertex  1.234843e+01  8.135387e+00  1.513542e+02
     vertex  1.230859e+01  6.703348e+00  1.513542e+02
   endloop
 endfacet
 facet normal -2.569504e-01 -3.797281e-02  9.656783e-01
   outer loop
     vertex  1.306493e+01  6.748368e+00  1.515572e+02
     vertex  1.251803e+01  5.286147e+00  1.513542e+02
     vertex  1.325506e+01  5.461819e+00  1.515572e+02
   endloop
 endfacet
 facet normal -2.569504e-01 -3.797281e-02  9.656783e-01
   outer loop
     vertex  1.306493e+01  6.748368e+00  1.515572e+02
     vertex  1.230859e+01  6.703348e+00  1.513542e+02
     vertex  1.251803e+01  5.286147e+00  1.513542e+02
   endloop
 endfacet
 facet normal -6.382839e-01 -3.048558e-01  7.068639e-01
   outer loop
     vertex  1.541680e+01  4.985831e+00  1.528933e+02
     vertex  1.490778e+01  4.765493e+00  1.523386e+02
     vertex  1.559415e+01  4.614508e+00  1.528933e+02
   endloop
 endfacet
 facet normal -6.613346e-01 -7.450487e-01  8.682659e-02
   outer loop
     vertex  1.719375e+01  4.052448e+00  1.550044e+02
     vertex  1.783005e+01  3.578708e+00  1.557858e+02
     vertex  1.724342e+01  4.099426e+00  1.557858e+02
   endloop
 endfacet
 facet normal -6.539811e-01 -7.526611e-01  7.622365e-02
   outer loop
     vertex  1.719375e+01  4.052448e+00  1.550044e+02
     vertex  1.786754e+01  3.466997e+00  1.550044e+02
     vertex  1.783005e+01  3.578708e+00  1.557858e+02
   endloop
 endfacet
 facet normal -6.337430e-01 -7.293692e-01  2.576634e-01
   outer loop
     vertex  1.719375e+01  4.052448e+00  1.550044e+02
     vertex  1.774999e+01  3.301472e+00  1.542467e+02
     vertex  1.786754e+01  3.466997e+00  1.550044e+02
   endloop
 endfacet
 facet normal -6.337430e-01 -7.293692e-01  2.576634e-01
   outer loop
     vertex  1.719375e+01  4.052448e+00  1.550044e+02
     vertex  1.704626e+01  3.912940e+00  1.542467e+02
     vertex  1.774999e+01  3.301472e+00  1.542467e+02
   endloop
 endfacet
 facet normal -7.058802e-01 -4.162928e-01  5.730912e-01
   outer loop
     vertex  1.599267e+01  4.823323e+00  1.535358e+02
     vertex  1.587726e+01  4.134456e+00  1.528933e+02
     vertex  1.625284e+01  4.382168e+00  1.535358e+02
   endloop
 endfacet
 facet normal -7.393370e-01 -3.531206e-01  5.733120e-01
   outer loop
     vertex  1.599267e+01  4.823323e+00  1.535358e+02
     vertex  1.541680e+01  4.985831e+00  1.528933e+02
     vertex  1.559415e+01  4.614508e+00  1.528933e+02
   endloop
 endfacet
 facet normal -7.058802e-01 -4.162928e-01  5.730912e-01
   outer loop
     vertex  1.599267e+01  4.823323e+00  1.535358e+02
     vertex  1.559415e+01  4.614508e+00  1.528933e+02
     vertex  1.587726e+01  4.134456e+00  1.528933e+02
   endloop
 endfacet
 facet normal -6.722092e-01 -2.236986e-01  7.057576e-01
   outer loop
     vertex  1.457163e+01  5.775628e+00  1.523386e+02
     vertex  1.490778e+01  4.765493e+00  1.523386e+02
     vertex  1.541680e+01  4.985831e+00  1.528933e+02
   endloop
 endfacet
 facet normal -5.456248e-01 -1.815737e-01  8.181226e-01
   outer loop
     vertex  1.457163e+01  5.775628e+00  1.523386e+02
     vertex  1.394660e+01  5.626649e+00  1.518887e+02
     vertex  1.490778e+01  4.765493e+00  1.523386e+02
   endloop
 endfacet
 facet normal -7.106861e-01 -5.634137e-01  4.212960e-01
   outer loop
     vertex  1.652957e+01  4.564685e+00  1.542467e+02
     vertex  1.625284e+01  4.382168e+00  1.535358e+02
     vertex  1.704626e+01  3.912940e+00  1.542467e+02
   endloop
 endfacet
 facet normal -4.193880e-01 -6.197827e-02  9.056889e-01
   outer loop
     vertex  1.377458e+01  6.790610e+00  1.518887e+02
     vertex  1.306493e+01  6.748368e+00  1.515572e+02
     vertex  1.325506e+01  5.461819e+00  1.515572e+02
   endloop
 endfacet
 facet normal -4.237790e-01  1.178928e-02  9.056889e-01
   outer loop
     vertex  1.377458e+01  6.790610e+00  1.518887e+02
     vertex  1.380730e+01  7.966758e+00  1.518887e+02
     vertex  1.310110e+01  8.048388e+00  1.515572e+02
   endloop
 endfacet
 facet normal -4.193880e-01 -6.197827e-02  9.056889e-01
   outer loop
     vertex  1.377458e+01  6.790610e+00  1.518887e+02
     vertex  1.325506e+01  5.461819e+00  1.515572e+02
     vertex  1.394660e+01  5.626649e+00  1.518887e+02
   endloop
 endfacet
 facet normal -4.237790e-01  1.178928e-02  9.056889e-01
   outer loop
     vertex  1.377458e+01  6.790610e+00  1.518887e+02
     vertex  1.310110e+01  8.048388e+00  1.515572e+02
     vertex  1.306493e+01  6.748368e+00  1.515572e+02
   endloop
 endfacet
 facet normal -7.393370e-01 -3.531206e-01  5.733120e-01
   outer loop
     vertex  1.582969e+01  5.164560e+00  1.535358e+02
     vertex  1.541680e+01  4.985831e+00  1.528933e+02
     vertex  1.599267e+01  4.823323e+00  1.535358e+02
   endloop
 endfacet
 facet normal -7.808361e-01 -4.604980e-01  4.221807e-01
   outer loop
     vertex  1.628630e+01  4.977181e+00  1.542467e+02
     vertex  1.599267e+01  4.823323e+00  1.535358e+02
     vertex  1.625284e+01  4.382168e+00  1.535358e+02
   endloop
 endfacet
 facet normal -7.808361e-01 -4.604980e-01  4.221807e-01
   outer loop
     vertex  1.628630e+01  4.977181e+00  1.542467e+02
     vertex  1.625284e+01  4.382168e+00  1.535358e+02
     vertex  1.652957e+01  4.564685e+00  1.542467e+02
   endloop
 endfacet
 facet normal -6.722092e-01 -2.236986e-01  7.057576e-01
   outer loop
     vertex  1.511117e+01  5.904229e+00  1.528933e+02
     vertex  1.457163e+01  5.775628e+00  1.523386e+02
     vertex  1.541680e+01  4.985831e+00  1.528933e+02
   endloop
 endfacet
 facet normal -7.571146e-01 -6.002210e-01  2.578998e-01
   outer loop
     vertex  1.669905e+01  4.676462e+00  1.550044e+02
     vertex  1.704626e+01  3.912940e+00  1.542467e+02
     vertex  1.719375e+01  4.052448e+00  1.550044e+02
   endloop
 endfacet
 facet normal -7.806638e-01 -6.188902e-01  8.682659e-02
   outer loop
     vertex  1.669905e+01  4.676462e+00  1.550044e+02
     vertex  1.724342e+01  4.099426e+00  1.557858e+02
     vertex  1.675612e+01  4.714102e+00  1.557858e+02
   endloop
 endfacet
 facet normal -7.571146e-01 -6.002210e-01  2.578998e-01
   outer loop
     vertex  1.669905e+01  4.676462e+00  1.550044e+02
     vertex  1.652957e+01  4.564685e+00  1.542467e+02
     vertex  1.704626e+01  3.912940e+00  1.542467e+02
   endloop
 endfacet
 facet normal -7.806638e-01 -6.188902e-01  8.682659e-02
   outer loop
     vertex  1.669905e+01  4.676462e+00  1.550044e+02
     vertex  1.719375e+01  4.052448e+00  1.550044e+02
     vertex  1.724342e+01  4.099426e+00  1.557858e+02
   endloop
 endfacet
 facet normal -5.748214e-01  1.599119e-02  8.181226e-01
   outer loop
     vertex  1.441599e+01  6.828790e+00  1.523386e+02
     vertex  1.380730e+01  7.966758e+00  1.518887e+02
     vertex  1.377458e+01  6.790610e+00  1.518887e+02
   endloop
 endfacet
 facet normal -5.748214e-01  1.599119e-02  8.181226e-01
   outer loop
     vertex  1.441599e+01  6.828790e+00  1.523386e+02
     vertex  1.444560e+01  7.892977e+00  1.523386e+02
     vertex  1.380730e+01  7.966758e+00  1.518887e+02
   endloop
 endfacet
 facet normal -5.688655e-01 -8.406845e-02  8.181226e-01
   outer loop
     vertex  1.441599e+01  6.828790e+00  1.523386e+02
     vertex  1.377458e+01  6.790610e+00  1.518887e+02
     vertex  1.394660e+01  5.626649e+00  1.518887e+02
   endloop
 endfacet
 facet normal -5.688655e-01 -8.406845e-02  8.181226e-01
   outer loop
     vertex  1.441599e+01  6.828790e+00  1.523386e+02
     vertex  1.394660e+01  5.626649e+00  1.518887e+02
     vertex  1.457163e+01  5.775628e+00  1.523386e+02
   endloop
 endfacet
 facet normal -8.179161e-01 -3.906514e-01  4.223798e-01
   outer loop
     vertex  1.613391e+01  5.296250e+00  1.542467e+02
     vertex  1.582969e+01  5.164560e+00  1.535358e+02
     vertex  1.599267e+01  4.823323e+00  1.535358e+02
   endloop
 endfacet
 facet normal -8.179161e-01 -3.906514e-01  4.223798e-01
   outer loop
     vertex  1.613391e+01  5.296250e+00  1.542467e+02
     vertex  1.599267e+01  4.823323e+00  1.535358e+02
     vertex  1.628630e+01  4.977181e+00  1.542467e+02
   endloop
 endfacet
 facet normal -8.744253e-01 -4.729277e-01  1.082576e-01
   outer loop
     vertex  1.646613e+01  5.071407e+00  1.550044e+02
     vertex  1.675612e+01  4.714102e+00  1.557858e+02
     vertex  1.638296e+01  5.404057e+00  1.557858e+02
   endloop
 endfacet
 facet normal -8.320835e-01 -4.907212e-01  2.585147e-01
   outer loop
     vertex  1.646613e+01  5.071407e+00  1.550044e+02
     vertex  1.628630e+01  4.977181e+00  1.542467e+02
     vertex  1.652957e+01  4.564685e+00  1.542467e+02
   endloop
 endfacet
 facet normal -8.580940e-01 -5.060609e-01  8.704676e-02
   outer loop
     vertex  1.646613e+01  5.071407e+00  1.550044e+02
     vertex  1.669905e+01  4.676462e+00  1.550044e+02
     vertex  1.675612e+01  4.714102e+00  1.557858e+02
   endloop
 endfacet
 facet normal -8.320835e-01 -4.907212e-01  2.585147e-01
   outer loop
     vertex  1.646613e+01  5.071407e+00  1.550044e+02
     vertex  1.652957e+01  4.564685e+00  1.542467e+02
     vertex  1.669905e+01  4.676462e+00  1.550044e+02
   endloop
 endfacet
 facet normal -7.782175e-01 -2.589762e-01  5.721091e-01
   outer loop
     vertex  1.554883e+01  6.008546e+00  1.535358e+02
     vertex  1.541680e+01  4.985831e+00  1.528933e+02
     vertex  1.582969e+01  5.164560e+00  1.535358e+02
   endloop
 endfacet
 facet normal -7.782175e-01 -2.589762e-01  5.721091e-01
   outer loop
     vertex  1.554883e+01  6.008546e+00  1.535358e+02
     vertex  1.511117e+01  5.904229e+00  1.528933e+02
     vertex  1.541680e+01  4.985831e+00  1.528933e+02
   endloop
 endfacet
 facet normal -7.081795e-01  1.970113e-02  7.057576e-01
   outer loop
     vertex  1.496967e+01  6.861747e+00  1.528933e+02
     vertex  1.499658e+01  7.829289e+00  1.528933e+02
     vertex  1.444560e+01  7.892977e+00  1.523386e+02
   endloop
 endfacet
 facet normal -7.081795e-01  1.970113e-02  7.057576e-01
   outer loop
     vertex  1.496967e+01  6.861747e+00  1.528933e+02
     vertex  1.444560e+01  7.892977e+00  1.523386e+02
     vertex  1.441599e+01  6.828790e+00  1.523386e+02
   endloop
 endfacet
 facet normal -7.008417e-01 -1.035722e-01  7.057576e-01
   outer loop
     vertex  1.496967e+01  6.861747e+00  1.528933e+02
     vertex  1.457163e+01  5.775628e+00  1.523386e+02
     vertex  1.511117e+01  5.904229e+00  1.528933e+02
   endloop
 endfacet
 facet normal -7.008417e-01 -1.035722e-01  7.057576e-01
   outer loop
     vertex  1.496967e+01  6.861747e+00  1.528933e+02
     vertex  1.441599e+01  6.828790e+00  1.523386e+02
     vertex  1.457163e+01  5.775628e+00  1.523386e+02
   endloop
 endfacet
 facet normal -8.716528e-01 -4.163170e-01  2.586532e-01
   outer loop
     vertex  1.632022e+01  5.376899e+00  1.550044e+02
     vertex  1.613391e+01  5.296250e+00  1.542467e+02
     vertex  1.628630e+01  4.977181e+00  1.542467e+02
   endloop
 endfacet
 facet normal -8.716528e-01 -4.163170e-01  2.586532e-01
   outer loop
     vertex  1.632022e+01  5.376899e+00  1.550044e+02
     vertex  1.628630e+01  4.977181e+00  1.542467e+02
     vertex  1.646613e+01  5.071407e+00  1.550044e+02
   endloop
 endfacet
 facet normal -8.989309e-01 -4.293455e-01  8.709635e-02
   outer loop
     vertex  1.632022e+01  5.376899e+00  1.550044e+02
     vertex  1.646613e+01  5.071407e+00  1.550044e+02
     vertex  1.638296e+01  5.404057e+00  1.557858e+02
   endloop
 endfacet
 facet normal -8.605253e-01 -2.863667e-01  4.212960e-01
   outer loop
     vertex  1.587129e+01  6.085407e+00  1.542467e+02
     vertex  1.554883e+01  6.008546e+00  1.535358e+02
     vertex  1.582969e+01  5.164560e+00  1.535358e+02
   endloop
 endfacet
 facet normal -8.605253e-01 -2.863667e-01  4.212960e-01
   outer loop
     vertex  1.587129e+01  6.085407e+00  1.542467e+02
     vertex  1.582969e+01  5.164560e+00  1.535358e+02
     vertex  1.613391e+01  5.296250e+00  1.542467e+02
   endloop
 endfacet
 facet normal -8.198603e-01  2.280803e-02  5.721091e-01
   outer loop
     vertex  1.541879e+01  6.888480e+00  1.535358e+02
     vertex  1.544352e+01  7.777628e+00  1.535358e+02
     vertex  1.499658e+01  7.829289e+00  1.528933e+02
   endloop
 endfacet
 facet normal -8.198603e-01  2.280803e-02  5.721091e-01
   outer loop
     vertex  1.541879e+01  6.888480e+00  1.535358e+02
     vertex  1.499658e+01  7.829289e+00  1.528933e+02
     vertex  1.496967e+01  6.861747e+00  1.528933e+02
   endloop
 endfacet
 facet normal -8.113654e-01 -1.199057e-01  5.721091e-01
   outer loop
     vertex  1.541879e+01  6.888480e+00  1.535358e+02
     vertex  1.511117e+01  5.904229e+00  1.528933e+02
     vertex  1.554883e+01  6.008546e+00  1.535358e+02
   endloop
 endfacet
 facet normal -8.113654e-01 -1.199057e-01  5.721091e-01
   outer loop
     vertex  1.541879e+01  6.888480e+00  1.535358e+02
     vertex  1.496967e+01  6.861747e+00  1.528933e+02
     vertex  1.511117e+01  5.904229e+00  1.528933e+02
   endloop
 endfacet
 facet normal -9.452570e-01 -3.145638e-01  8.682659e-02
   outer loop
     vertex  1.606878e+01  6.132478e+00  1.550044e+02
     vertex  1.638296e+01  5.404057e+00  1.557858e+02
     vertex  1.613528e+01  6.148329e+00  1.557858e+02
   endloop
 endfacet
 facet normal -9.452570e-01 -3.145638e-01  8.682659e-02
   outer loop
     vertex  1.606878e+01  6.132478e+00  1.550044e+02
     vertex  1.632022e+01  5.376899e+00  1.550044e+02
     vertex  1.638296e+01  5.404057e+00  1.557858e+02
   endloop
 endfacet
 facet normal -9.167426e-01 -3.050748e-01  2.578998e-01
   outer loop
     vertex  1.606878e+01  6.132478e+00  1.550044e+02
     vertex  1.613391e+01  5.296250e+00  1.542467e+02
     vertex  1.632022e+01  5.376899e+00  1.550044e+02
   endloop
 endfacet
 facet normal -9.167426e-01 -3.050748e-01  2.578998e-01
   outer loop
     vertex  1.606878e+01  6.132478e+00  1.550044e+02
     vertex  1.587129e+01  6.085407e+00  1.542467e+02
     vertex  1.613391e+01  5.296250e+00  1.542467e+02
   endloop
 endfacet
 facet normal -9.065725e-01  2.522031e-02  4.212960e-01
   outer loop
     vertex  1.574970e+01  6.908178e+00  1.542467e+02
     vertex  1.577283e+01  7.739563e+00  1.542467e+02
     vertex  1.544352e+01  7.777628e+00  1.535358e+02
   endloop
 endfacet
 facet normal -8.971791e-01 -1.325875e-01  4.212960e-01
   outer loop
     vertex  1.574970e+01  6.908178e+00  1.542467e+02
     vertex  1.554883e+01  6.008546e+00  1.535358e+02
     vertex  1.587129e+01  6.085407e+00  1.542467e+02
   endloop
 endfacet
 facet normal -9.065725e-01  2.522031e-02  4.212960e-01
   outer loop
     vertex  1.574970e+01  6.908178e+00  1.542467e+02
     vertex  1.544352e+01  7.777628e+00  1.535358e+02
     vertex  1.541879e+01  6.888480e+00  1.535358e+02
   endloop
 endfacet
 facet normal -8.971791e-01 -1.325875e-01  4.212960e-01
   outer loop
     vertex  1.574970e+01  6.908178e+00  1.542467e+02
     vertex  1.541879e+01  6.888480e+00  1.535358e+02
     vertex  1.554883e+01  6.008546e+00  1.535358e+02
   endloop
 endfacet
 facet normal -9.657980e-01  2.686793e-02  2.578998e-01
   outer loop
     vertex  1.595236e+01  6.920241e+00  1.550044e+02
     vertex  1.597451e+01  7.716252e+00  1.550044e+02
     vertex  1.577283e+01  7.739563e+00  1.542467e+02
   endloop
 endfacet
 facet normal -9.855198e-01 -1.456427e-01  8.682659e-02
   outer loop
     vertex  1.595236e+01  6.920241e+00  1.550044e+02
     vertex  1.606878e+01  6.132478e+00  1.550044e+02
     vertex  1.613528e+01  6.148329e+00  1.557858e+02
   endloop
 endfacet
 facet normal -9.855198e-01 -1.456427e-01  8.682659e-02
   outer loop
     vertex  1.595236e+01  6.920241e+00  1.550044e+02
     vertex  1.613528e+01  6.148329e+00  1.557858e+02
     vertex  1.602061e+01  6.924303e+00  1.557858e+02
   endloop
 endfacet
 facet normal -9.557909e-01 -1.412493e-01  2.578998e-01
   outer loop
     vertex  1.595236e+01  6.920241e+00  1.550044e+02
     vertex  1.587129e+01  6.085407e+00  1.542467e+02
     vertex  1.606878e+01  6.132478e+00  1.550044e+02
   endloop
 endfacet
 facet normal -9.657980e-01  2.686793e-02  2.578998e-01
   outer loop
     vertex  1.595236e+01  6.920241e+00  1.550044e+02
     vertex  1.577283e+01  7.739563e+00  1.542467e+02
     vertex  1.574970e+01  6.908178e+00  1.542467e+02
   endloop
 endfacet
 facet normal -9.557909e-01 -1.412493e-01  2.578998e-01
   outer loop
     vertex  1.595236e+01  6.920241e+00  1.550044e+02
     vertex  1.574970e+01  6.908178e+00  1.542467e+02
     vertex  1.587129e+01  6.085407e+00  1.542467e+02
   endloop
 endfacet
 facet normal -9.958382e-01  2.770363e-02  8.682659e-02
   outer loop
     vertex  1.595236e+01  6.920241e+00  1.550044e+02
     vertex  1.602061e+01  6.924303e+00  1.557858e+02
     vertex  1.597451e+01  7.716252e+00  1.550044e+02
   endloop
 endfacet
 facet normal  0.000000e+00  0.000000e+00 -1.000000e+00
   outer loop
     vertex  2.516137e+01  8.791523e+00  1.531858e+02
     vertex  2.559627e+01  9.806414e+00  1.531858e+02
     vertex  2.597528e+01  9.328333e+00  1.531858e+02
   endloop
 endfacet
 facet normal  0.000000e+00  0.000000e+00 -1.000000e+00
   outer loop
     vertex  2.488794e+01  9.136424e+00  1.531858e+02
     vertex  2.514000e+01  1.021142e+01  1.531858e+02
     vertex  2.559627e+01  9.806414e+00  1.531858e+02
   endloop
 endfacet
 facet normal  0.000000e+00  0.000000e+00 -1.000000e+00
   outer loop
     vertex  2.488794e+01  9.136424e+00  1.531858e+02
     vertex  2.559627e+01  9.806414e+00  1.531858e+02
     vertex  2.516137e+01  8.791523e+00  1.531858e+02
   endloop
 endfacet
 facet normal  0.000000e+00  0.000000e+00 -1.000000e+00
   outer loop
     vertex  2.537075e+01  8.404381e+00  1.531858e+02
     vertex  2.597528e+01  9.328333e+00  1.531858e+02
     vertex  2.626552e+01  8.791701e+00  1.531858e+02
   endloop
 endfacet
 facet normal  0.000000e+00  0.000000e+00 -1.000000e+00
   outer loop
     vertex  2.537075e+01  8.404381e+00  1.531858e+02
     vertex  2.516137e+01  8.791523e+00  1.531858e+02
     vertex  2.597528e+01  9.328333e+00  1.531858e+02
   endloop
 endfacet
 facet normal  0.000000e+00  0.000000e+00 -1.000000e+00
   outer loop
     vertex  2.455877e+01  9.428605e+00  1.531858e+02
     vertex  2.462034e+01  1.053104e+01  1.531858e+02
     vertex  2.514000e+01  1.021142e+01  1.531858e+02
   endloop
 endfacet
 facet normal  0.000000e+00  0.000000e+00 -1.000000e+00
   outer loop
     vertex  2.455877e+01  9.428605e+00  1.531858e+02
     vertex  2.514000e+01  1.021142e+01  1.531858e+02
     vertex  2.488794e+01  9.136424e+00  1.531858e+02
   endloop
 endfacet
 facet normal  0.000000e+00  0.000000e+00 -1.000000e+00
   outer loop
     vertex  2.550973e+01  7.986762e+00  1.531858e+02
     vertex  2.626552e+01  8.791701e+00  1.531858e+02
     vertex  2.645816e+01  8.212823e+00  1.531858e+02
   endloop
 endfacet
 facet normal  0.000000e+00  0.000000e+00 -1.000000e+00
   outer loop
     vertex  2.550973e+01  7.986762e+00  1.531858e+02
     vertex  2.537075e+01  8.404381e+00  1.531858e+02
     vertex  2.626552e+01  8.791701e+00  1.531858e+02
   endloop
 endfacet
 facet normal  0.000000e+00  0.000000e+00 -1.000000e+00
   outer loop
     vertex  2.418387e+01  9.659188e+00  1.531858e+02
     vertex  2.405306e+01  1.075556e+01  1.531858e+02
     vertex  2.462034e+01  1.053104e+01  1.531858e+02
   endloop
 endfacet
 facet normal  0.000000e+00  0.000000e+00 -1.000000e+00
   outer loop
     vertex  2.418387e+01  9.659188e+00  1.531858e+02
     vertex  2.462034e+01  1.053104e+01  1.531858e+02
     vertex  2.455877e+01  9.428605e+00  1.531858e+02
   endloop
 endfacet
 facet normal  0.000000e+00  0.000000e+00 -1.000000e+00
   outer loop
     vertex  2.557407e+01  7.551354e+00  1.531858e+02
     vertex  2.645816e+01  8.212823e+00  1.531858e+02
     vertex  2.654735e+01  7.609288e+00  1.531858e+02
   endloop
 endfacet
 facet normal  0.000000e+00  0.000000e+00 -1.000000e+00
   outer loop
     vertex  2.557407e+01  7.551354e+00  1.531858e+02
     vertex  2.550973e+01  7.986762e+00  1.531858e+02
     vertex  2.645816e+01  8.212823e+00  1.531858e+02
   endloop
 endfacet
 facet normal  0.000000e+00  0.000000e+00 -1.000000e+00
   outer loop
     vertex  2.377462e+01  9.821166e+00  1.531858e+02
     vertex  2.405306e+01  1.075556e+01  1.531858e+02
     vertex  2.418387e+01  9.659188e+00  1.531858e+02
   endloop
 endfacet
 facet normal  0.000000e+00  0.000000e+00 -1.000000e+00
   outer loop
     vertex  2.377462e+01  9.821166e+00  1.531858e+02
     vertex  2.345542e+01  1.087817e+01  1.531858e+02
     vertex  2.405306e+01  1.075556e+01  1.531858e+02
   endloop
 endfacet
 facet normal  0.000000e+00  0.000000e+00 -1.000000e+00
   outer loop
     vertex  2.556183e+01  7.111388e+00  1.531858e+02
     vertex  2.557407e+01  7.551354e+00  1.531858e+02
     vertex  2.654735e+01  7.609288e+00  1.531858e+02
   endloop
 endfacet
 facet normal  0.000000e+00  0.000000e+00 -1.000000e+00
   outer loop
     vertex  2.556183e+01  7.111388e+00  1.531858e+02
     vertex  2.654735e+01  7.609288e+00  1.531858e+02
     vertex  2.653038e+01  6.999433e+00  1.531858e+02
   endloop
 endfacet
 facet normal  0.000000e+00  0.000000e+00 -1.000000e+00
   outer loop
     vertex  2.334347e+01  9.909619e+00  1.531858e+02
     vertex  2.284557e+01  1.089514e+01  1.531858e+02
     vertex  2.345542e+01  1.087817e+01  1.531858e+02
   endloop
 endfacet
 facet normal  0.000000e+00  0.000000e+00 -1.000000e+00
   outer loop
     vertex  2.334347e+01  9.909619e+00  1.531858e+02
     vertex  2.345542e+01  1.087817e+01  1.531858e+02
     vertex  2.377462e+01  9.821166e+00  1.531858e+02
   endloop
 endfacet
 facet normal  0.000000e+00  0.000000e+00 -1.000000e+00
   outer loop
     vertex  2.547338e+01  6.680231e+00  1.531858e+02
     vertex  2.556183e+01  7.111388e+00  1.531858e+02
     vertex  2.653038e+01  6.999433e+00  1.531858e+02
   endloop
 endfacet
 facet normal  0.000000e+00  0.000000e+00 -1.000000e+00
   outer loop
     vertex  2.547338e+01  6.680231e+00  1.531858e+02
     vertex  2.653038e+01  6.999433e+00  1.531858e+02
     vertex  2.640778e+01  6.401790e+00  1.531858e+02
   endloop
 endfacet
 facet normal  0.000000e+00  0.000000e+00 -1.000000e+00
   outer loop
     vertex  2.290350e+01  9.921859e+00  1.531858e+02
     vertex  2.284557e+01  1.089514e+01  1.531858e+02
     vertex  2.334347e+01  9.909619e+00  1.531858e+02
   endloop
 endfacet
 facet normal  0.000000e+00  0.000000e+00 -1.000000e+00
   outer loop
     vertex  2.531140e+01  6.270984e+00  1.531858e+02
     vertex  2.640778e+01  6.401790e+00  1.531858e+02
     vertex  2.618325e+01  5.834517e+00  1.531858e+02
   endloop
 endfacet
 facet normal  0.000000e+00  0.000000e+00 -1.000000e+00
   outer loop
     vertex  2.531140e+01  6.270984e+00  1.531858e+02
     vertex  2.547338e+01  6.680231e+00  1.531858e+02
     vertex  2.640778e+01  6.401790e+00  1.531858e+02
   endloop
 endfacet
 facet normal  0.000000e+00  0.000000e+00 -1.000000e+00
   outer loop
     vertex  2.246809e+01  9.857513e+00  1.531858e+02
     vertex  2.224203e+01  1.080594e+01  1.531858e+02
     vertex  2.284557e+01  1.089514e+01  1.531858e+02
   endloop
 endfacet
 facet normal  0.000000e+00  0.000000e+00 -1.000000e+00
   outer loop
     vertex  2.246809e+01  9.857513e+00  1.531858e+02
     vertex  2.284557e+01  1.089514e+01  1.531858e+02
     vertex  2.290350e+01  9.921859e+00  1.531858e+02
   endloop
 endfacet
 facet normal  0.000000e+00  0.000000e+00 -1.000000e+00
   outer loop
     vertex  2.166315e+01  1.061330e+01  1.531858e+02
     vertex  2.224203e+01  1.080594e+01  1.531858e+02
     vertex  2.246809e+01  9.857513e+00  1.531858e+02
   endloop
 endfacet
 facet normal  0.000000e+00  0.000000e+00 -1.000000e+00
   outer loop
     vertex  2.508082e+01  5.896082e+00  1.531858e+02
     vertex  2.618325e+01  5.834517e+00  1.531858e+02
     vertex  2.586363e+01  5.314851e+00  1.531858e+02
   endloop
 endfacet
 facet normal  0.000000e+00  0.000000e+00 -1.000000e+00
   outer loop
     vertex  2.508082e+01  5.896082e+00  1.531858e+02
     vertex  2.531140e+01  6.270984e+00  1.531858e+02
     vertex  2.618325e+01  5.834517e+00  1.531858e+02
   endloop
 endfacet
 facet normal  0.000000e+00  0.000000e+00 -1.000000e+00
   outer loop
     vertex  2.205047e+01  9.718537e+00  1.531858e+02
     vertex  2.166315e+01  1.061330e+01  1.531858e+02
     vertex  2.246809e+01  9.857513e+00  1.531858e+02
   endloop
 endfacet
 facet normal  0.000000e+00  0.000000e+00 -1.000000e+00
   outer loop
     vertex  2.112652e+01  1.032307e+01  1.531858e+02
     vertex  2.166315e+01  1.061330e+01  1.531858e+02
     vertex  2.205047e+01  9.718537e+00  1.531858e+02
   endloop
 endfacet
 facet normal  0.000000e+00  0.000000e+00 -1.000000e+00
   outer loop
     vertex  2.478864e+01  5.566916e+00  1.531858e+02
     vertex  2.508082e+01  5.896082e+00  1.531858e+02
     vertex  2.586363e+01  5.314851e+00  1.531858e+02
   endloop
 endfacet
 facet normal  0.000000e+00  0.000000e+00 -1.000000e+00
   outer loop
     vertex  2.478864e+01  5.566916e+00  1.531858e+02
     vertex  2.586363e+01  5.314851e+00  1.531858e+02
     vertex  2.545863e+01  4.858581e+00  1.531858e+02
   endloop
 endfacet
 facet normal  0.000000e+00  0.000000e+00 -1.000000e+00
   outer loop
     vertex  2.166333e+01  9.509154e+00  1.531858e+02
     vertex  2.112652e+01  1.032307e+01  1.531858e+02
     vertex  2.205047e+01  9.718537e+00  1.531858e+02
   endloop
 endfacet
 facet normal  0.000000e+00  0.000000e+00 -1.000000e+00
   outer loop
     vertex  2.064844e+01  9.944060e+00  1.531858e+02
     vertex  2.166333e+01  9.509154e+00  1.531858e+02
     vertex  2.131843e+01  9.235725e+00  1.531858e+02
   endloop
 endfacet
 facet normal  0.000000e+00  0.000000e+00 -1.000000e+00
   outer loop
     vertex  2.064844e+01  9.944060e+00  1.531858e+02
     vertex  2.112652e+01  1.032307e+01  1.531858e+02
     vertex  2.166333e+01  9.509154e+00  1.531858e+02
   endloop
 endfacet
 facet normal  0.000000e+00  0.000000e+00 -1.000000e+00
   outer loop
     vertex  2.498055e+01  4.479571e+00  1.531858e+02
     vertex  2.478864e+01  5.566916e+00  1.531858e+02
     vertex  2.545863e+01  4.858581e+00  1.531858e+02
   endloop
 endfacet
 facet normal  0.000000e+00  0.000000e+00 -1.000000e+00
   outer loop
     vertex  2.498055e+01  4.479571e+00  1.531858e+02
     vertex  2.444374e+01  5.293487e+00  1.531858e+02
     vertex  2.478864e+01  5.566916e+00  1.531858e+02
   endloop
 endfacet
 facet normal  0.000000e+00  0.000000e+00 -1.000000e+00
   outer loop
     vertex  2.444391e+01  4.189336e+00  1.531858e+02
     vertex  2.444374e+01  5.293487e+00  1.531858e+02
     vertex  2.498055e+01  4.479571e+00  1.531858e+02
   endloop
 endfacet
 facet normal  0.000000e+00  0.000000e+00 -1.000000e+00
   outer loop
     vertex  2.444391e+01  4.189336e+00  1.531858e+02
     vertex  2.405659e+01  5.084103e+00  1.531858e+02
     vertex  2.444374e+01  5.293487e+00  1.531858e+02
   endloop
 endfacet
 facet normal  0.000000e+00  0.000000e+00 -1.000000e+00
   outer loop
     vertex  2.024344e+01  9.487790e+00  1.531858e+02
     vertex  2.064844e+01  9.944060e+00  1.531858e+02
     vertex  2.131843e+01  9.235725e+00  1.531858e+02
   endloop
 endfacet
 facet normal  0.000000e+00  0.000000e+00 -1.000000e+00
   outer loop
     vertex  2.024344e+01  9.487790e+00  1.531858e+02
     vertex  2.131843e+01  9.235725e+00  1.531858e+02
     vertex  2.102625e+01  8.906559e+00  1.531858e+02
   endloop
 endfacet
 facet normal  0.000000e+00  0.000000e+00 -1.000000e+00
   outer loop
     vertex  2.079567e+01  8.531657e+00  1.531858e+02
     vertex  2.024344e+01  9.487790e+00  1.531858e+02
     vertex  2.102625e+01  8.906559e+00  1.531858e+02
   endloop
 endfacet
 facet normal  0.000000e+00  0.000000e+00 -1.000000e+00
   outer loop
     vertex  2.386504e+01  3.996697e+00  1.531858e+02
     vertex  2.363897e+01  4.945127e+00  1.531858e+02
     vertex  2.405659e+01  5.084103e+00  1.531858e+02
   endloop
 endfacet
 facet normal  0.000000e+00  0.000000e+00 -1.000000e+00
   outer loop
     vertex  2.386504e+01  3.996697e+00  1.531858e+02
     vertex  2.405659e+01  5.084103e+00  1.531858e+02
     vertex  2.444391e+01  4.189336e+00  1.531858e+02
   endloop
 endfacet
 facet normal  0.000000e+00  0.000000e+00 -1.000000e+00
   outer loop
     vertex  2.386504e+01  3.996697e+00  1.531858e+02
     vertex  2.320357e+01  4.880782e+00  1.531858e+02
     vertex  2.363897e+01  4.945127e+00  1.531858e+02
   endloop
 endfacet
 facet normal  0.000000e+00  0.000000e+00 -1.000000e+00
   outer loop
     vertex  1.992382e+01  8.968123e+00  1.531858e+02
     vertex  2.024344e+01  9.487790e+00  1.531858e+02
     vertex  2.079567e+01  8.531657e+00  1.531858e+02
   endloop
 endfacet
 facet normal  0.000000e+00  0.000000e+00 -1.000000e+00
   outer loop
     vertex  2.326150e+01  3.907505e+00  1.531858e+02
     vertex  2.276360e+01  4.893021e+00  1.531858e+02
     vertex  2.320357e+01  4.880782e+00  1.531858e+02
   endloop
 endfacet
 facet normal  0.000000e+00  0.000000e+00 -1.000000e+00
   outer loop
     vertex  2.326150e+01  3.907505e+00  1.531858e+02
     vertex  2.320357e+01  4.880782e+00  1.531858e+02
     vertex  2.386504e+01  3.996697e+00  1.531858e+02
   endloop
 endfacet
 facet normal  0.000000e+00  0.000000e+00 -1.000000e+00
   outer loop
     vertex  1.969929e+01  8.400851e+00  1.531858e+02
     vertex  2.063369e+01  8.122410e+00  1.531858e+02
     vertex  2.054523e+01  7.691253e+00  1.531858e+02
   endloop
 endfacet
 facet normal  0.000000e+00  0.000000e+00 -1.000000e+00
   outer loop
     vertex  1.969929e+01  8.400851e+00  1.531858e+02
     vertex  2.079567e+01  8.531657e+00  1.531858e+02
     vertex  2.063369e+01  8.122410e+00  1.531858e+02
   endloop
 endfacet
 facet normal  0.000000e+00  0.000000e+00 -1.000000e+00
   outer loop
     vertex  1.969929e+01  8.400851e+00  1.531858e+02
     vertex  1.992382e+01  8.968123e+00  1.531858e+02
     vertex  2.079567e+01  8.531657e+00  1.531858e+02
   endloop
 endfacet
 facet normal  0.000000e+00  0.000000e+00 -1.000000e+00
   outer loop
     vertex  2.265165e+01  3.924470e+00  1.531858e+02
     vertex  2.276360e+01  4.893021e+00  1.531858e+02
     vertex  2.326150e+01  3.907505e+00  1.531858e+02
   endloop
 endfacet
 facet normal  0.000000e+00  0.000000e+00 -1.000000e+00
   outer loop
     vertex  1.957668e+01  7.803207e+00  1.531858e+02
     vertex  2.054523e+01  7.691253e+00  1.531858e+02
     vertex  2.053299e+01  7.251287e+00  1.531858e+02
   endloop
 endfacet
 facet normal  0.000000e+00  0.000000e+00 -1.000000e+00
   outer loop
     vertex  1.957668e+01  7.803207e+00  1.531858e+02
     vertex  1.969929e+01  8.400851e+00  1.531858e+02
     vertex  2.054523e+01  7.691253e+00  1.531858e+02
   endloop
 endfacet
 facet normal  0.000000e+00  0.000000e+00 -1.000000e+00
   outer loop
     vertex  2.205400e+01  4.047078e+00  1.531858e+02
     vertex  2.233244e+01  4.981474e+00  1.531858e+02
     vertex  2.276360e+01  4.893021e+00  1.531858e+02
   endloop
 endfacet
 facet normal  0.000000e+00  0.000000e+00 -1.000000e+00
   outer loop
     vertex  2.205400e+01  4.047078e+00  1.531858e+02
     vertex  2.276360e+01  4.893021e+00  1.531858e+02
     vertex  2.265165e+01  3.924470e+00  1.531858e+02
   endloop
 endfacet
 facet normal  0.000000e+00  0.000000e+00 -1.000000e+00
   outer loop
     vertex  1.955972e+01  7.193353e+00  1.531858e+02
     vertex  1.957668e+01  7.803207e+00  1.531858e+02
     vertex  2.053299e+01  7.251287e+00  1.531858e+02
   endloop
 endfacet
 facet normal  0.000000e+00  0.000000e+00 -1.000000e+00
   outer loop
     vertex  1.955972e+01  7.193353e+00  1.531858e+02
     vertex  2.053299e+01  7.251287e+00  1.531858e+02
     vertex  2.059734e+01  6.815879e+00  1.531858e+02
   endloop
 endfacet
 facet normal  0.000000e+00  0.000000e+00 -1.000000e+00
   outer loop
     vertex  2.148673e+01  4.271603e+00  1.531858e+02
     vertex  2.233244e+01  4.981474e+00  1.531858e+02
     vertex  2.205400e+01  4.047078e+00  1.531858e+02
   endloop
 endfacet
 facet normal  0.000000e+00  0.000000e+00 -1.000000e+00
   outer loop
     vertex  2.148673e+01  4.271603e+00  1.531858e+02
     vertex  2.192320e+01  5.143453e+00  1.531858e+02
     vertex  2.233244e+01  4.981474e+00  1.531858e+02
   endloop
 endfacet
 facet normal  0.000000e+00  0.000000e+00 -1.000000e+00
   outer loop
     vertex  1.964891e+01  6.589818e+00  1.531858e+02
     vertex  1.955972e+01  7.193353e+00  1.531858e+02
     vertex  2.059734e+01  6.815879e+00  1.531858e+02
   endloop
 endfacet
 facet normal  0.000000e+00  0.000000e+00 -1.000000e+00
   outer loop
     vertex  2.096706e+01  4.591223e+00  1.531858e+02
     vertex  2.154829e+01  5.374036e+00  1.531858e+02
     vertex  2.192320e+01  5.143453e+00  1.531858e+02
   endloop
 endfacet
 facet normal  0.000000e+00  0.000000e+00 -1.000000e+00
   outer loop
     vertex  2.096706e+01  4.591223e+00  1.531858e+02
     vertex  2.121913e+01  5.666217e+00  1.531858e+02
     vertex  2.154829e+01  5.374036e+00  1.531858e+02
   endloop
 endfacet
 facet normal  0.000000e+00  0.000000e+00 -1.000000e+00
   outer loop
     vertex  2.096706e+01  4.591223e+00  1.531858e+02
     vertex  2.192320e+01  5.143453e+00  1.531858e+02
     vertex  2.148673e+01  4.271603e+00  1.531858e+02
   endloop
 endfacet
 facet normal  0.000000e+00  0.000000e+00 -1.000000e+00
   outer loop
     vertex  1.984155e+01  6.010940e+00  1.531858e+02
     vertex  1.964891e+01  6.589818e+00  1.531858e+02
     vertex  2.059734e+01  6.815879e+00  1.531858e+02
   endloop
 endfacet
 facet normal  0.000000e+00  0.000000e+00 -1.000000e+00
   outer loop
     vertex  1.984155e+01  6.010940e+00  1.531858e+02
     vertex  2.073632e+01  6.398260e+00  1.531858e+02
     vertex  2.094570e+01  6.011118e+00  1.531858e+02
   endloop
 endfacet
 facet normal  0.000000e+00  0.000000e+00 -1.000000e+00
   outer loop
     vertex  1.984155e+01  6.010940e+00  1.531858e+02
     vertex  2.059734e+01  6.815879e+00  1.531858e+02
     vertex  2.073632e+01  6.398260e+00  1.531858e+02
   endloop
 endfacet
 facet normal  0.000000e+00  0.000000e+00 -1.000000e+00
   outer loop
     vertex  2.051079e+01  4.996227e+00  1.531858e+02
     vertex  2.121913e+01  5.666217e+00  1.531858e+02
     vertex  2.096706e+01  4.591223e+00  1.531858e+02
   endloop
 endfacet
 facet normal  0.000000e+00  0.000000e+00 -1.000000e+00
   outer loop
     vertex  2.013178e+01  5.474308e+00  1.531858e+02
     vertex  1.984155e+01  6.010940e+00  1.531858e+02
     vertex  2.094570e+01  6.011118e+00  1.531858e+02
   endloop
 endfacet
 facet normal  0.000000e+00  0.000000e+00 -1.000000e+00
   outer loop
     vertex  2.013178e+01  5.474308e+00  1.531858e+02
     vertex  2.121913e+01  5.666217e+00  1.531858e+02
     vertex  2.051079e+01  4.996227e+00  1.531858e+02
   endloop
 endfacet
 facet normal  0.000000e+00  0.000000e+00 -1.000000e+00
   outer loop
     vertex  2.013178e+01  5.474308e+00  1.531858e+02
     vertex  2.094570e+01  6.011118e+00  1.531858e+02
     vertex  2.121913e+01  5.666217e+00  1.531858e+02
   endloop
 endfacet
 facet normal  0.000000e+00  0.000000e+00  0.000000e+00
   outer loop
     vertex  2.114419e+01  1.265531e+01  1.557858e+02
     vertex  1.977337e+01  1.281376e+01  1.542825e+02
     vertex  2.114419e+01  1.265531e+01  1.557858e+02
   endloop
 endfacet
 facet normal -4.741855e-02  3.073796e-01  9.504048e-01
   outer loop
     vertex  1.353478e+01  1.323102e+01  1.512612e+02
     vertex  1.307785e+01  1.308437e+01  1.512858e+02
     vertex  1.394101e+01  1.302541e+01  1.513480e+02
   endloop
 endfacet
 facet normal -1.607795e-02  9.504129e-01  3.105750e-01
   outer loop
     vertex  1.567905e+01  1.318553e+01  1.516245e+02
     vertex  1.621831e+01  1.322469e+01  1.515326e+02
     vertex  1.522966e+01  1.333897e+01  1.511317e+02
   endloop
 endfacet
 facet normal -2.385097e-02  9.625261e-01  2.701381e-01
   outer loop
     vertex  1.615284e+01  1.314096e+01  1.518251e+02
     vertex  1.621831e+01  1.322469e+01  1.515326e+02
     vertex  1.567905e+01  1.318553e+01  1.516245e+02
   endloop
 endfacet
 facet normal -2.432272e-01  6.510714e-01  7.189900e-01
   outer loop
     vertex  1.615284e+01  1.314096e+01  1.518251e+02
     vertex  1.567905e+01  1.318553e+01  1.516245e+02
     vertex  1.611301e+01  1.290982e+01  1.520210e+02
   endloop
 endfacet
 facet normal -3.088414e-01  7.141853e-01  6.281372e-01
   outer loop
     vertex  1.661454e+01  1.309797e+01  1.520536e+02
     vertex  1.611301e+01  1.290982e+01  1.520210e+02
     vertex  1.699234e+01  1.287705e+01  1.524906e+02
   endloop
 endfacet
 facet normal -3.447222e-02  9.647652e-01  2.608444e-01
   outer loop
     vertex  1.661454e+01  1.309797e+01  1.520536e+02
     vertex  1.714378e+01  1.311772e+01  1.520505e+02
     vertex  1.621831e+01  1.322469e+01  1.515326e+02
   endloop
 endfacet
 facet normal -4.207394e-02  9.630003e-01  2.661958e-01
   outer loop
     vertex  1.661454e+01  1.309797e+01  1.520536e+02
     vertex  1.621831e+01  1.322469e+01  1.515326e+02
     vertex  1.615284e+01  1.314096e+01  1.518251e+02
   endloop
 endfacet
 facet normal -2.888018e-01  6.473643e-01  7.053460e-01
   outer loop
     vertex  1.661454e+01  1.309797e+01  1.520536e+02
     vertex  1.615284e+01  1.314096e+01  1.518251e+02
     vertex  1.611301e+01  1.290982e+01  1.520210e+02
   endloop
 endfacet
 facet normal -3.506062e-02  9.744385e-01  2.219018e-01
   outer loop
     vertex  1.705622e+01  1.305718e+01  1.523025e+02
     vertex  1.714378e+01  1.311772e+01  1.520505e+02
     vertex  1.661454e+01  1.309797e+01  1.520536e+02
   endloop
 endfacet
 facet normal -2.775985e-01  7.391085e-01  6.137245e-01
   outer loop
     vertex  1.705622e+01  1.305718e+01  1.523025e+02
     vertex  1.661454e+01  1.309797e+01  1.520536e+02
     vertex  1.699234e+01  1.287705e+01  1.524906e+02
   endloop
 endfacet
 facet normal -3.102117e-01  8.000162e-01  5.135589e-01
   outer loop
     vertex  1.752368e+01  1.301426e+01  1.525978e+02
     vertex  1.699234e+01  1.287705e+01  1.524906e+02
     vertex  1.791338e+01  1.284831e+01  1.530917e+02
   endloop
 endfacet
 facet normal -4.494592e-02  9.754439e-01  2.156133e-01
   outer loop
     vertex  1.752368e+01  1.301426e+01  1.525978e+02
     vertex  1.829267e+01  1.298492e+01  1.528908e+02
     vertex  1.714378e+01  1.311772e+01  1.520505e+02
   endloop
 endfacet
 facet normal -3.113588e-01  7.368484e-01  6.000918e-01
   outer loop
     vertex  1.752368e+01  1.301426e+01  1.525978e+02
     vertex  1.705622e+01  1.305718e+01  1.523025e+02
     vertex  1.699234e+01  1.287705e+01  1.524906e+02
   endloop
 endfacet
 facet normal -4.788889e-02  9.748740e-01  2.175486e-01
   outer loop
     vertex  1.752368e+01  1.301426e+01  1.525978e+02
     vertex  1.714378e+01  1.311772e+01  1.520505e+02
     vertex  1.705622e+01  1.305718e+01  1.523025e+02
   endloop
 endfacet
 facet normal -2.732176e-01  8.259639e-01  4.930880e-01
   outer loop
     vertex  1.809686e+01  1.296168e+01  1.530034e+02
     vertex  1.752368e+01  1.301426e+01  1.525978e+02
     vertex  1.791338e+01  1.284831e+01  1.530917e+02
   endloop
 endfacet
 facet normal -2.401051e-02  9.865338e-01  1.617853e-01
   outer loop
     vertex  1.809686e+01  1.296168e+01  1.530034e+02
     vertex  1.829267e+01  1.298492e+01  1.528908e+02
     vertex  1.752368e+01  1.301426e+01  1.525978e+02
   endloop
 endfacet
 facet normal -2.261836e-01  9.140363e-01  3.367173e-01
   outer loop
     vertex  1.888277e+01  1.288871e+01  1.536332e+02
     vertex  1.791338e+01  1.284831e+01  1.530917e+02
     vertex  2.114419e+01  1.265531e+01  1.557858e+02
   endloop
 endfacet
 facet normal -2.429591e-02  9.887712e-01  1.474489e-01
   outer loop
     vertex  1.888277e+01  1.288871e+01  1.536332e+02
     vertex  1.977337e+01  1.281376e+01  1.542825e+02
     vertex  1.829267e+01  1.298492e+01  1.528908e+02
   endloop
 endfacet
 facet normal  2.171420e-02  9.961277e-01  8.519451e-02
   outer loop
     vertex  1.888277e+01  1.288871e+01  1.536332e+02
     vertex  2.114419e+01  1.265531e+01  1.557858e+02
     vertex  1.977337e+01  1.281376e+01  1.542825e+02
   endloop
 endfacet
 facet normal -2.991661e-02  9.879566e-01  1.518113e-01
   outer loop
     vertex  1.888277e+01  1.288871e+01  1.536332e+02
     vertex  1.829267e+01  1.298492e+01  1.528908e+02
     vertex  1.809686e+01  1.296168e+01  1.530034e+02
   endloop
 endfacet
 facet normal -2.937113e-01  8.360439e-01  4.634268e-01
   outer loop
     vertex  1.888277e+01  1.288871e+01  1.536332e+02
     vertex  1.809686e+01  1.296168e+01  1.530034e+02
     vertex  1.791338e+01  1.284831e+01  1.530917e+02
   endloop
 endfacet
 facet normal  8.301381e-02  9.201852e-01  3.825805e-01
   outer loop
     vertex  1.335652e+01  1.350702e+01  1.510042e+02
     vertex  1.313330e+01  1.356413e+01  1.509152e+02
     vertex  1.312757e+01  1.351451e+01  1.510358e+02
   endloop
 endfacet
 facet normal  1.968412e-01  9.717698e-01  1.300654e-01
   outer loop
     vertex  1.335652e+01  1.350702e+01  1.510042e+02
     vertex  1.313526e+01  1.358106e+01  1.507858e+02
     vertex  1.313330e+01  1.356413e+01  1.509152e+02
   endloop
 endfacet
 facet normal  9.236082e-02  9.684217e-01  2.315792e-01
   outer loop
     vertex  1.387101e+01  1.345019e+01  1.510396e+02
     vertex  1.419655e+01  1.345838e+01  1.508755e+02
     vertex  1.313526e+01  1.358106e+01  1.507858e+02
   endloop
 endfacet
 facet normal  9.056366e-02  9.674532e-01  2.362893e-01
   outer loop
     vertex  1.387101e+01  1.345019e+01  1.510396e+02
     vertex  1.313526e+01  1.358106e+01  1.507858e+02
     vertex  1.335652e+01  1.350702e+01  1.510042e+02
   endloop
 endfacet
 facet normal -1.701285e-01  3.593716e-01  9.175556e-01
   outer loop
     vertex  1.421189e+01  1.317668e+01  1.513389e+02
     vertex  1.394101e+01  1.302541e+01  1.513480e+02
     vertex  1.478603e+01  1.297445e+01  1.515246e+02
   endloop
 endfacet
 facet normal -6.019326e-02  5.769318e-01  8.145714e-01
   outer loop
     vertex  1.421189e+01  1.317668e+01  1.513389e+02
     vertex  1.478603e+01  1.297445e+01  1.515246e+02
     vertex  1.449746e+01  1.329903e+01  1.512734e+02
   endloop
 endfacet
 facet normal -1.227825e-01  2.767043e-01  9.530788e-01
   outer loop
     vertex  1.421189e+01  1.317668e+01  1.513389e+02
     vertex  1.399824e+01  1.319357e+01  1.513065e+02
     vertex  1.394101e+01  1.302541e+01  1.513480e+02
   endloop
 endfacet
 facet normal  4.648913e-02  8.499417e-01  5.248217e-01
   outer loop
     vertex  1.413252e+01  1.343406e+01  1.510426e+02
     vertex  1.387101e+01  1.345019e+01  1.510396e+02
     vertex  1.406409e+01  1.334149e+01  1.511986e+02
   endloop
 endfacet
 facet normal  5.884308e-02  9.843888e-01  1.658802e-01
   outer loop
     vertex  1.413252e+01  1.343406e+01  1.510426e+02
     vertex  1.419655e+01  1.345838e+01  1.508755e+02
     vertex  1.387101e+01  1.345019e+01  1.510396e+02
   endloop
 endfacet
 facet normal  8.013927e-02  9.815450e-01  1.736295e-01
   outer loop
     vertex  1.435406e+01  1.340933e+01  1.510802e+02
     vertex  1.419655e+01  1.345838e+01  1.508755e+02
     vertex  1.413252e+01  1.343406e+01  1.510426e+02
   endloop
 endfacet
 facet normal  6.816092e-02  9.808621e-01  1.823834e-01
   outer loop
     vertex  1.486105e+01  1.335284e+01  1.511948e+02
     vertex  1.522966e+01  1.333897e+01  1.511317e+02
     vertex  1.419655e+01  1.345838e+01  1.508755e+02
   endloop
 endfacet
 facet normal  6.792529e-02  9.807915e-01  1.828504e-01
   outer loop
     vertex  1.486105e+01  1.335284e+01  1.511948e+02
     vertex  1.419655e+01  1.345838e+01  1.508755e+02
     vertex  1.435406e+01  1.340933e+01  1.510802e+02
   endloop
 endfacet
 facet normal  1.023609e-01  9.120747e-01  3.970415e-01
   outer loop
     vertex  1.486105e+01  1.335284e+01  1.511948e+02
     vertex  1.499339e+01  1.325099e+01  1.513947e+02
     vertex  1.522966e+01  1.333897e+01  1.511317e+02
   endloop
 endfacet
 facet normal -1.834424e-02  8.623871e-01  5.059169e-01
   outer loop
     vertex  1.486105e+01  1.335284e+01  1.511948e+02
     vertex  1.435406e+01  1.340933e+01  1.510802e+02
     vertex  1.449746e+01  1.329903e+01  1.512734e+02
   endloop
 endfacet
 facet normal -2.714733e-01  5.407590e-01  7.961670e-01
   outer loop
     vertex  1.522343e+01  1.310009e+01  1.515884e+02
     vertex  1.478603e+01  1.297445e+01  1.515246e+02
     vertex  1.611301e+01  1.290982e+01  1.520210e+02
   endloop
 endfacet
 facet normal -1.858414e-01  6.996103e-01  6.899336e-01
   outer loop
     vertex  1.522343e+01  1.310009e+01  1.515884e+02
     vertex  1.611301e+01  1.290982e+01  1.520210e+02
     vertex  1.567905e+01  1.318553e+01  1.516245e+02
   endloop
 endfacet
 facet normal -2.387832e-01  3.767572e-01  8.950065e-01
   outer loop
     vertex  1.522343e+01  1.310009e+01  1.515884e+02
     vertex  1.488222e+01  1.312529e+01  1.514868e+02
     vertex  1.478603e+01  1.297445e+01  1.515246e+02
   endloop
 endfacet
 facet normal -1.648817e-01  6.735464e-01  7.205201e-01
   outer loop
     vertex  1.522343e+01  1.310009e+01  1.515884e+02
     vertex  1.499339e+01  1.325099e+01  1.513947e+02
     vertex  1.488222e+01  1.312529e+01  1.514868e+02
   endloop
 endfacet
 facet normal  1.954610e-01  3.580996e-01  9.129949e-01
   outer loop
     vertex  1.322491e+01  1.338911e+01  1.511714e+02
     vertex  1.310655e+01  1.333271e+01  1.512188e+02
     vertex  1.309271e+01  1.321292e+01  1.512688e+02
   endloop
 endfacet
 facet normal  2.761488e-02  6.090689e-01  7.926364e-01
   outer loop
     vertex  1.322491e+01  1.338911e+01  1.511714e+02
     vertex  1.311845e+01  1.343558e+01  1.511394e+02
     vertex  1.310655e+01  1.333271e+01  1.512188e+02
   endloop
 endfacet
 facet normal  1.573357e-01  7.786610e-01  6.073982e-01
   outer loop
     vertex  1.322491e+01  1.338911e+01  1.511714e+02
     vertex  1.312757e+01  1.351451e+01  1.510358e+02
     vertex  1.311845e+01  1.343558e+01  1.511394e+02
   endloop
 endfacet
 facet normal  1.122555e-01  7.682940e-01  6.301770e-01
   outer loop
     vertex  1.322491e+01  1.338911e+01  1.511714e+02
     vertex  1.335652e+01  1.350702e+01  1.510042e+02
     vertex  1.312757e+01  1.351451e+01  1.510358e+02
   endloop
 endfacet
 facet normal -1.863772e-01  4.701896e-01  8.626617e-01
   outer loop
     vertex  1.344907e+01  1.338971e+01  1.511562e+02
     vertex  1.353478e+01  1.323102e+01  1.512612e+02
     vertex  1.354322e+01  1.328585e+01  1.512331e+02
   endloop
 endfacet
 facet normal -4.114130e-02  5.704511e-01  8.203005e-01
   outer loop
     vertex  1.344907e+01  1.338971e+01  1.511562e+02
     vertex  1.354322e+01  1.328585e+01  1.512331e+02
     vertex  1.355216e+01  1.333932e+01  1.511964e+02
   endloop
 endfacet
 facet normal  2.047412e-01  8.312419e-01  5.168345e-01
   outer loop
     vertex  1.344907e+01  1.338971e+01  1.511562e+02
     vertex  1.355216e+01  1.333932e+01  1.511964e+02
     vertex  1.335652e+01  1.350702e+01  1.510042e+02
   endloop
 endfacet
 facet normal  1.300174e-01  4.357838e-01  8.906110e-01
   outer loop
     vertex  1.370081e+01  1.336503e+01  1.511714e+02
     vertex  1.354322e+01  1.328585e+01  1.512331e+02
     vertex  1.353478e+01  1.323102e+01  1.512612e+02
   endloop
 endfacet
 facet normal  6.679260e-02  4.970500e-01  8.651474e-01
   outer loop
     vertex  1.370081e+01  1.336503e+01  1.511714e+02
     vertex  1.353478e+01  1.323102e+01  1.512612e+02
     vertex  1.394101e+01  1.302541e+01  1.513480e+02
   endloop
 endfacet
 facet normal  4.209298e-02  5.609798e-01  8.267587e-01
   outer loop
     vertex  1.370081e+01  1.336503e+01  1.511714e+02
     vertex  1.355216e+01  1.333932e+01  1.511964e+02
     vertex  1.354322e+01  1.328585e+01  1.512331e+02
   endloop
 endfacet
 facet normal -1.662527e-02  7.449742e-01  6.668860e-01
   outer loop
     vertex  1.370081e+01  1.336503e+01  1.511714e+02
     vertex  1.335652e+01  1.350702e+01  1.510042e+02
     vertex  1.355216e+01  1.333932e+01  1.511964e+02
   endloop
 endfacet
 facet normal  4.893313e-02  8.087787e-01  5.860738e-01
   outer loop
     vertex  1.370081e+01  1.336503e+01  1.511714e+02
     vertex  1.387101e+01  1.345019e+01  1.510396e+02
     vertex  1.335652e+01  1.350702e+01  1.510042e+02
   endloop
 endfacet
 facet normal  1.029040e-01  7.694438e-01  6.303706e-01
   outer loop
     vertex  1.390338e+01  1.326982e+01  1.512545e+02
     vertex  1.387101e+01  1.345019e+01  1.510396e+02
     vertex  1.370081e+01  1.336503e+01  1.511714e+02
   endloop
 endfacet
 facet normal -1.100201e-01  7.530580e-01  6.486903e-01
   outer loop
     vertex  1.390338e+01  1.326982e+01  1.512545e+02
     vertex  1.406409e+01  1.334149e+01  1.511986e+02
     vertex  1.387101e+01  1.345019e+01  1.510396e+02
   endloop
 endfacet
 facet normal -2.289777e-01  3.166407e-01  9.204933e-01
   outer loop
     vertex  1.390338e+01  1.326982e+01  1.512545e+02
     vertex  1.370081e+01  1.336503e+01  1.511714e+02
     vertex  1.394101e+01  1.302541e+01  1.513480e+02
   endloop
 endfacet
 facet normal  2.301783e-02  5.825541e-01  8.124660e-01
   outer loop
     vertex  1.390338e+01  1.326982e+01  1.512545e+02
     vertex  1.399824e+01  1.319357e+01  1.513065e+02
     vertex  1.406409e+01  1.334149e+01  1.511986e+02
   endloop
 endfacet
 facet normal -2.517419e-01  3.115270e-01  9.162843e-01
   outer loop
     vertex  1.390338e+01  1.326982e+01  1.512545e+02
     vertex  1.394101e+01  1.302541e+01  1.513480e+02
     vertex  1.399824e+01  1.319357e+01  1.513065e+02
   endloop
 endfacet
 facet normal -5.743171e-02  6.050034e-01  7.941489e-01
   outer loop
     vertex  1.417265e+01  1.333081e+01  1.512146e+02
     vertex  1.406409e+01  1.334149e+01  1.511986e+02
     vertex  1.399824e+01  1.319357e+01  1.513065e+02
   endloop
 endfacet
 facet normal -7.048997e-02  6.154699e-01  7.850019e-01
   outer loop
     vertex  1.417265e+01  1.333081e+01  1.512146e+02
     vertex  1.399824e+01  1.319357e+01  1.513065e+02
     vertex  1.421189e+01  1.317668e+01  1.513389e+02
   endloop
 endfacet
 facet normal  8.836156e-03  8.582151e-01  5.132142e-01
   outer loop
     vertex  1.417265e+01  1.333081e+01  1.512146e+02
     vertex  1.413252e+01  1.343406e+01  1.510426e+02
     vertex  1.406409e+01  1.334149e+01  1.511986e+02
   endloop
 endfacet
 facet normal  8.781191e-03  8.582098e-01  5.132239e-01
   outer loop
     vertex  1.417265e+01  1.333081e+01  1.512146e+02
     vertex  1.435406e+01  1.340933e+01  1.510802e+02
     vertex  1.413252e+01  1.343406e+01  1.510426e+02
   endloop
 endfacet
 facet normal -6.843703e-02  6.158798e-01  7.848621e-01
   outer loop
     vertex  1.428103e+01  1.332018e+01  1.512324e+02
     vertex  1.417265e+01  1.333081e+01  1.512146e+02
     vertex  1.421189e+01  1.317668e+01  1.513389e+02
   endloop
 endfacet
 facet normal  1.544381e-03  8.625404e-01  5.059858e-01
   outer loop
     vertex  1.428103e+01  1.332018e+01  1.512324e+02
     vertex  1.435406e+01  1.340933e+01  1.510802e+02
     vertex  1.417265e+01  1.333081e+01  1.512146e+02
   endloop
 endfacet
 facet normal -8.704343e-02  6.206618e-01  7.792319e-01
   outer loop
     vertex  1.428103e+01  1.332018e+01  1.512324e+02
     vertex  1.421189e+01  1.317668e+01  1.513389e+02
     vertex  1.449746e+01  1.329903e+01  1.512734e+02
   endloop
 endfacet
 facet normal -1.054971e-02  8.650163e-01  5.016328e-01
   outer loop
     vertex  1.428103e+01  1.332018e+01  1.512324e+02
     vertex  1.449746e+01  1.329903e+01  1.512734e+02
     vertex  1.435406e+01  1.340933e+01  1.510802e+02
   endloop
 endfacet
 facet normal -1.053876e-03  8.272205e-01  5.618764e-01
   outer loop
     vertex  1.481352e+01  1.320381e+01  1.514142e+02
     vertex  1.486105e+01  1.335284e+01  1.511948e+02
     vertex  1.449746e+01  1.329903e+01  1.512734e+02
   endloop
 endfacet
 facet normal -2.494437e-01  4.442201e-01  8.604919e-01
   outer loop
     vertex  1.481352e+01  1.320381e+01  1.514142e+02
     vertex  1.449746e+01  1.329903e+01  1.512734e+02
     vertex  1.478603e+01  1.297445e+01  1.515246e+02
   endloop
 endfacet
 facet normal -3.656148e-01  4.390019e-01  8.207333e-01
   outer loop
     vertex  1.481352e+01  1.320381e+01  1.514142e+02
     vertex  1.478603e+01  1.297445e+01  1.515246e+02
     vertex  1.488222e+01  1.312529e+01  1.514868e+02
   endloop
 endfacet
 facet normal -9.666344e-03  6.742807e-01  7.384119e-01
   outer loop
     vertex  1.486983e+01  1.326290e+01  1.513609e+02
     vertex  1.481352e+01  1.320381e+01  1.514142e+02
     vertex  1.488222e+01  1.312529e+01  1.514868e+02
   endloop
 endfacet
 facet normal -1.376046e-01  6.615896e-01  7.371324e-01
   outer loop
     vertex  1.486983e+01  1.326290e+01  1.513609e+02
     vertex  1.488222e+01  1.312529e+01  1.514868e+02
     vertex  1.499339e+01  1.325099e+01  1.513947e+02
   endloop
 endfacet
 facet normal -4.585663e-02  8.774205e-01  4.775253e-01
   outer loop
     vertex  1.486983e+01  1.326290e+01  1.513609e+02
     vertex  1.499339e+01  1.325099e+01  1.513947e+02
     vertex  1.486105e+01  1.335284e+01  1.511948e+02
   endloop
 endfacet
 facet normal -4.067073e-01  7.941805e-01  4.515157e-01
   outer loop
     vertex  1.486983e+01  1.326290e+01  1.513609e+02
     vertex  1.486105e+01  1.335284e+01  1.511948e+02
     vertex  1.481352e+01  1.320381e+01  1.514142e+02
   endloop
 endfacet
 facet normal -6.145124e-02  7.506938e-01  6.577861e-01
   outer loop
     vertex  1.522668e+01  1.327719e+01  1.513866e+02
     vertex  1.499339e+01  1.325099e+01  1.513947e+02
     vertex  1.522343e+01  1.310009e+01  1.515884e+02
   endloop
 endfacet
 facet normal  7.240564e-02  9.691218e-01  2.357124e-01
   outer loop
     vertex  1.522668e+01  1.327719e+01  1.513866e+02
     vertex  1.567905e+01  1.318553e+01  1.516245e+02
     vertex  1.522966e+01  1.333897e+01  1.511317e+02
   endloop
 endfacet
 facet normal -1.005279e-01  9.672119e-01  2.332279e-01
   outer loop
     vertex  1.522668e+01  1.327719e+01  1.513866e+02
     vertex  1.522966e+01  1.333897e+01  1.511317e+02
     vertex  1.499339e+01  1.325099e+01  1.513947e+02
   endloop
 endfacet
 facet normal -1.898267e-01  7.394711e-01  6.458702e-01
   outer loop
     vertex  1.522668e+01  1.327719e+01  1.513866e+02
     vertex  1.522343e+01  1.310009e+01  1.515884e+02
     vertex  1.567905e+01  1.318553e+01  1.516245e+02
   endloop
 endfacet
 facet normal  7.983807e-03  5.548221e-01  8.319307e-01
   outer loop
     vertex  1.326179e+01  1.324550e+01  1.512541e+02
     vertex  1.353478e+01  1.323102e+01  1.512612e+02
     vertex  1.344907e+01  1.338971e+01  1.511562e+02
   endloop
 endfacet
 facet normal  6.180610e-02  1.241050e-01  9.903423e-01
   outer loop
     vertex  1.326179e+01  1.324550e+01  1.512541e+02
     vertex  1.309271e+01  1.321292e+01  1.512688e+02
     vertex  1.307785e+01  1.308437e+01  1.512858e+02
   endloop
 endfacet
 facet normal -1.416366e-02  2.083898e-01  9.779433e-01
   outer loop
     vertex  1.326179e+01  1.324550e+01  1.512541e+02
     vertex  1.307785e+01  1.308437e+01  1.512858e+02
     vertex  1.353478e+01  1.323102e+01  1.512612e+02
   endloop
 endfacet
 facet normal -2.028416e-02  4.953545e-01  8.684541e-01
   outer loop
     vertex  1.326179e+01  1.324550e+01  1.512541e+02
     vertex  1.322491e+01  1.338911e+01  1.511714e+02
     vertex  1.309271e+01  1.321292e+01  1.512688e+02
   endloop
 endfacet
 facet normal  4.017647e-03  8.157259e-01  5.784247e-01
   outer loop
     vertex  1.331045e+01  1.340006e+01  1.511553e+02
     vertex  1.335652e+01  1.350702e+01  1.510042e+02
     vertex  1.322491e+01  1.338911e+01  1.511714e+02
   endloop
 endfacet
 facet normal  9.382285e-02  5.151500e-01  8.519494e-01
   outer loop
     vertex  1.331045e+01  1.340006e+01  1.511553e+02
     vertex  1.322491e+01  1.338911e+01  1.511714e+02
     vertex  1.326179e+01  1.324550e+01  1.512541e+02
   endloop
 endfacet
 facet normal  5.665048e-02  8.067774e-01  5.881335e-01
   outer loop
     vertex  1.331045e+01  1.340006e+01  1.511553e+02
     vertex  1.344907e+01  1.338971e+01  1.511562e+02
     vertex  1.335652e+01  1.350702e+01  1.510042e+02
   endloop
 endfacet
 facet normal  3.445631e-02  5.306191e-01  8.469097e-01
   outer loop
     vertex  1.331045e+01  1.340006e+01  1.511553e+02
     vertex  1.326179e+01  1.324550e+01  1.512541e+02
     vertex  1.344907e+01  1.338971e+01  1.511562e+02
   endloop
 endfacet
 facet normal  1.498765e-02  1.296629e-01  9.914449e-01
   outer loop
     vertex -3.403127e+01  1.865995e+01  1.512688e+02
     vertex  1.307785e+01  1.308437e+01  1.512858e+02
     vertex  1.309271e+01  1.321292e+01  1.512688e+02
   endloop
 endfacet
 facet normal  1.498765e-02  1.296629e-01  9.914449e-01
   outer loop
     vertex -3.403127e+01  1.865995e+01  1.512688e+02
     vertex -3.404613e+01  1.853140e+01  1.512858e+02
     vertex  1.307785e+01  1.308437e+01  1.512858e+02
   endloop
 endfacet
 facet normal  4.394157e-02  3.801523e-01  9.238795e-01
   outer loop
     vertex -3.401742e+01  1.877974e+01  1.512188e+02
     vertex  1.309271e+01  1.321292e+01  1.512688e+02
     vertex  1.310655e+01  1.333271e+01  1.512188e+02
   endloop
 endfacet
 facet normal  4.394157e-02  3.801523e-01  9.238795e-01
   outer loop
     vertex -3.401742e+01  1.877974e+01  1.512188e+02
     vertex -3.403127e+01  1.865995e+01  1.512688e+02
     vertex  1.309271e+01  1.321292e+01  1.512688e+02
   endloop
 endfacet
 facet normal  6.990095e-02  6.047349e-01  7.933533e-01
   outer loop
     vertex -3.400553e+01  1.888261e+01  1.511394e+02
     vertex  1.310655e+01  1.333271e+01  1.512188e+02
     vertex  1.311845e+01  1.343558e+01  1.511394e+02
   endloop
 endfacet
 facet normal  6.990095e-02  6.047349e-01  7.933533e-01
   outer loop
     vertex -3.400553e+01  1.888261e+01  1.511394e+02
     vertex -3.401742e+01  1.877974e+01  1.512188e+02
     vertex  1.310655e+01  1.333271e+01  1.512188e+02
   endloop
 endfacet
 facet normal  9.109669e-02  7.881059e-01  6.087614e-01
   outer loop
     vertex -3.399641e+01  1.896155e+01  1.510358e+02
     vertex  1.311845e+01  1.343558e+01  1.511394e+02
     vertex  1.312757e+01  1.351451e+01  1.510358e+02
   endloop
 endfacet
 facet normal  9.109669e-02  7.881059e-01  6.087614e-01
   outer loop
     vertex -3.399641e+01  1.896155e+01  1.510358e+02
     vertex -3.400553e+01  1.888261e+01  1.511394e+02
     vertex  1.311845e+01  1.343558e+01  1.511394e+02
   endloop
 endfacet
 facet normal  1.060843e-01  9.177688e-01  3.826834e-01
   outer loop
     vertex -3.399067e+01  1.901117e+01  1.509152e+02
     vertex  1.312757e+01  1.351451e+01  1.510358e+02
     vertex  1.313330e+01  1.356413e+01  1.509152e+02
   endloop
 endfacet
 facet normal  1.060843e-01  9.177688e-01  3.826834e-01
   outer loop
     vertex -3.399067e+01  1.901117e+01  1.509152e+02
     vertex -3.399641e+01  1.896155e+01  1.510358e+02
     vertex  1.312757e+01  1.351451e+01  1.510358e+02
   endloop
 endfacet
 facet normal  1.138425e-01  9.848872e-01  1.305262e-01
   outer loop
     vertex -3.398872e+01  1.902809e+01  1.507858e+02
     vertex  1.313330e+01  1.356413e+01  1.509152e+02
     vertex  1.313526e+01  1.358106e+01  1.507858e+02
   endloop
 endfacet
 facet normal  1.138425e-01  9.848872e-01  1.305262e-01
   outer loop
     vertex -3.398872e+01  1.902809e+01  1.507858e+02
     vertex -3.399067e+01  1.901117e+01  1.509152e+02
     vertex  1.313330e+01  1.356413e+01  1.509152e+02
   endloop
 endfacet
 facet normal -1.992608e-01 -9.712802e-01  1.300379e-01
   outer loop
     vertex -3.599074e+01  9.269388e+00  1.507858e+02
     vertex -3.513696e+01  9.094234e+00  1.507858e+02
     vertex -3.513501e+01  9.111158e+00  1.509152e+02
   endloop
 endfacet
 facet normal  2.757252e-02  9.911256e-01  1.300379e-01
   outer loop
     vertex -3.398872e+01  1.902809e+01  1.507858e+02
     vertex -3.485994e+01  1.905233e+01  1.507858e+02
     vertex -3.399067e+01  1.901117e+01  1.509152e+02
   endloop
 endfacet
 facet normal -2.632997e-02 -1.283432e-01  9.913802e-01
   outer loop
     vertex -3.588491e+01  9.624545e+00  1.512688e+02
     vertex -3.509441e+01  9.462373e+00  1.512688e+02
     vertex -3.507955e+01  9.590927e+00  1.512858e+02
   endloop
 endfacet
 facet normal -2.632997e-02 -1.283432e-01  9.913802e-01
   outer loop
     vertex -3.588491e+01  9.624545e+00  1.512688e+02
     vertex -3.507955e+01  9.590927e+00  1.512858e+02
     vertex -3.584795e+01  9.748566e+00  1.512858e+02
   endloop
 endfacet
 facet normal -7.715735e-02 -3.760971e-01  9.233622e-01
   outer loop
     vertex -3.591935e+01  9.508977e+00  1.512188e+02
     vertex -3.510826e+01  9.342580e+00  1.512188e+02
     vertex -3.509441e+01  9.462373e+00  1.512688e+02
   endloop
 endfacet
 facet normal -7.715735e-02 -3.760971e-01  9.233622e-01
   outer loop
     vertex -3.591935e+01  9.508977e+00  1.512188e+02
     vertex -3.509441e+01  9.462373e+00  1.512688e+02
     vertex -3.588491e+01  9.624545e+00  1.512688e+02
   endloop
 endfacet
 facet normal -1.226346e-01 -5.977722e-01  7.922305e-01
   outer loop
     vertex -3.594892e+01  9.409736e+00  1.511394e+02
     vertex -3.512015e+01  9.239712e+00  1.511394e+02
     vertex -3.510826e+01  9.342580e+00  1.512188e+02
   endloop
 endfacet
 facet normal -1.226346e-01 -5.977722e-01  7.922305e-01
   outer loop
     vertex -3.594892e+01  9.409736e+00  1.511394e+02
     vertex -3.510826e+01  9.342580e+00  1.512188e+02
     vertex -3.591935e+01  9.508977e+00  1.512188e+02
   endloop
 endfacet
 facet normal -1.596629e-01 -7.782635e-01  6.073003e-01
   outer loop
     vertex -3.597161e+01  9.333586e+00  1.510358e+02
     vertex -3.512015e+01  9.239712e+00  1.511394e+02
     vertex -3.594892e+01  9.409736e+00  1.511394e+02
   endloop
 endfacet
 facet normal -1.596629e-01 -7.782635e-01  6.073003e-01
   outer loop
     vertex -3.597161e+01  9.333586e+00  1.510358e+02
     vertex -3.512927e+01  9.160778e+00  1.510358e+02
     vertex -3.512015e+01  9.239712e+00  1.511394e+02
   endloop
 endfacet
 facet normal -1.857728e-01 -9.055343e-01  3.814394e-01
   outer loop
     vertex -3.598588e+01  9.285716e+00  1.509152e+02
     vertex -3.513501e+01  9.111158e+00  1.509152e+02
     vertex -3.512927e+01  9.160778e+00  1.510358e+02
   endloop
 endfacet
 facet normal -1.857728e-01 -9.055343e-01  3.814394e-01
   outer loop
     vertex -3.598588e+01  9.285716e+00  1.509152e+02
     vertex -3.512927e+01  9.160778e+00  1.510358e+02
     vertex -3.597161e+01  9.333586e+00  1.510358e+02
   endloop
 endfacet
 facet normal -1.992608e-01 -9.712802e-01  1.300379e-01
   outer loop
     vertex -3.598588e+01  9.285716e+00  1.509152e+02
     vertex -3.599074e+01  9.269388e+00  1.507858e+02
     vertex -3.513501e+01  9.111158e+00  1.509152e+02
   endloop
 endfacet
 facet normal -4.821652e-02 -1.218213e-01  9.913802e-01
   outer loop
     vertex -3.663523e+01  9.921522e+00  1.512688e+02
     vertex -3.584795e+01  9.748566e+00  1.512858e+02
     vertex -3.657730e+01  1.003724e+01  1.512858e+02
   endloop
 endfacet
 facet normal -4.821652e-02 -1.218213e-01  9.913802e-01
   outer loop
     vertex -3.663523e+01  9.921522e+00  1.512688e+02
     vertex -3.588491e+01  9.624545e+00  1.512688e+02
     vertex -3.584795e+01  9.748566e+00  1.512858e+02
   endloop
 endfacet
 facet normal -1.412937e-01 -3.569852e-01  9.233622e-01
   outer loop
     vertex -3.668922e+01  9.813689e+00  1.512188e+02
     vertex -3.591935e+01  9.508977e+00  1.512188e+02
     vertex -3.588491e+01  9.624545e+00  1.512688e+02
   endloop
 endfacet
 facet normal -1.412937e-01 -3.569852e-01  9.233622e-01
   outer loop
     vertex -3.668922e+01  9.813689e+00  1.512188e+02
     vertex -3.588491e+01  9.624545e+00  1.512688e+02
     vertex -3.663523e+01  9.921522e+00  1.512688e+02
   endloop
 endfacet
 facet normal -2.245735e-01 -5.673954e-01  7.922305e-01
   outer loop
     vertex -3.673557e+01  9.721091e+00  1.511394e+02
     vertex -3.594892e+01  9.409736e+00  1.511394e+02
     vertex -3.591935e+01  9.508977e+00  1.512188e+02
   endloop
 endfacet
 facet normal -2.245735e-01 -5.673954e-01  7.922305e-01
   outer loop
     vertex -3.673557e+01  9.721091e+00  1.511394e+02
     vertex -3.591935e+01  9.508977e+00  1.512188e+02
     vertex -3.668922e+01  9.813689e+00  1.512188e+02
   endloop
 endfacet
 facet normal -2.923813e-01 -7.387148e-01  6.073003e-01
   outer loop
     vertex -3.677114e+01  9.650039e+00  1.510358e+02
     vertex -3.597161e+01  9.333586e+00  1.510358e+02
     vertex -3.594892e+01  9.409736e+00  1.511394e+02
   endloop
 endfacet
 facet normal -2.923813e-01 -7.387148e-01  6.073003e-01
   outer loop
     vertex -3.677114e+01  9.650039e+00  1.510358e+02
     vertex -3.594892e+01  9.409736e+00  1.511394e+02
     vertex -3.673557e+01  9.721091e+00  1.511394e+02
   endloop
 endfacet
 facet normal -3.648946e-01 -9.219230e-01  1.300379e-01
   outer loop
     vertex -3.679350e+01  9.605373e+00  1.509152e+02
     vertex -3.680113e+01  9.590138e+00  1.507858e+02
     vertex -3.599074e+01  9.269388e+00  1.507858e+02
   endloop
 endfacet
 facet normal -3.401949e-01 -8.595181e-01  3.814394e-01
   outer loop
     vertex -3.679350e+01  9.605373e+00  1.509152e+02
     vertex -3.598588e+01  9.285716e+00  1.509152e+02
     vertex -3.597161e+01  9.333586e+00  1.510358e+02
   endloop
 endfacet
 facet normal -3.648946e-01 -9.219230e-01  1.300379e-01
   outer loop
     vertex -3.679350e+01  9.605373e+00  1.509152e+02
     vertex -3.599074e+01  9.269388e+00  1.507858e+02
     vertex -3.598588e+01  9.285716e+00  1.509152e+02
   endloop
 endfacet
 facet normal -3.401949e-01 -8.595181e-01  3.814394e-01
   outer loop
     vertex -3.679350e+01  9.605373e+00  1.509152e+02
     vertex -3.597161e+01  9.333586e+00  1.510358e+02
     vertex -3.677114e+01  9.650039e+00  1.510358e+02
   endloop
 endfacet
 facet normal -6.863805e-02 -1.115978e-01  9.913802e-01
   outer loop
     vertex -3.732259e+01  1.034428e+01  1.512688e+02
     vertex -3.657730e+01  1.003724e+01  1.512858e+02
     vertex -3.724544e+01  1.044818e+01  1.512858e+02
   endloop
 endfacet
 facet normal -6.863805e-02 -1.115978e-01  9.913802e-01
   outer loop
     vertex -3.732259e+01  1.034428e+01  1.512688e+02
     vertex -3.663523e+01  9.921522e+00  1.512688e+02
     vertex -3.657730e+01  1.003724e+01  1.512858e+02
   endloop
 endfacet
 facet normal -2.011370e-01 -3.270263e-01  9.233622e-01
   outer loop
     vertex -3.739448e+01  1.024746e+01  1.512188e+02
     vertex -3.668922e+01  9.813689e+00  1.512188e+02
     vertex -3.663523e+01  9.921522e+00  1.512688e+02
   endloop
 endfacet
 facet normal -2.011370e-01 -3.270263e-01  9.233622e-01
   outer loop
     vertex -3.739448e+01  1.024746e+01  1.512188e+02
     vertex -3.663523e+01  9.921522e+00  1.512688e+02
     vertex -3.732259e+01  1.034428e+01  1.512688e+02
   endloop
 endfacet
 facet normal -3.196889e-01 -5.197786e-01  7.922305e-01
   outer loop
     vertex -3.745621e+01  1.016432e+01  1.511394e+02
     vertex -3.668922e+01  9.813689e+00  1.512188e+02
     vertex -3.739448e+01  1.024746e+01  1.512188e+02
   endloop
 endfacet
 facet normal -3.196889e-01 -5.197786e-01  7.922305e-01
   outer loop
     vertex -3.745621e+01  1.016432e+01  1.511394e+02
     vertex -3.673557e+01  9.721091e+00  1.511394e+02
     vertex -3.668922e+01  9.813689e+00  1.512188e+02
   endloop
 endfacet
 facet normal -4.162158e-01 -6.767206e-01  6.073003e-01
   outer loop
     vertex -3.750358e+01  1.010052e+01  1.510358e+02
     vertex -3.677114e+01  9.650039e+00  1.510358e+02
     vertex -3.673557e+01  9.721091e+00  1.511394e+02
   endloop
 endfacet
 facet normal -4.162158e-01 -6.767206e-01  6.073003e-01
   outer loop
     vertex -3.750358e+01  1.010052e+01  1.510358e+02
     vertex -3.673557e+01  9.721091e+00  1.511394e+02
     vertex -3.745621e+01  1.016432e+01  1.511394e+02
   endloop
 endfacet
 facet normal -5.194413e-01 -8.445537e-01  1.300379e-01
   outer loop
     vertex -3.753335e+01  1.006042e+01  1.509152e+02
     vertex -3.754351e+01  1.004674e+01  1.507858e+02
     vertex -3.680113e+01  9.590138e+00  1.507858e+02
   endloop
 endfacet
 facet normal -6.582050e-01 -7.415230e-01  1.300379e-01
   outer loop
     vertex -3.753335e+01  1.006042e+01  1.509152e+02
     vertex -3.819533e+01  1.062531e+01  1.507858e+02
     vertex -3.754351e+01  1.004674e+01  1.507858e+02
   endloop
 endfacet
 facet normal -4.842803e-01 -7.873859e-01  3.814394e-01
   outer loop
     vertex -3.753335e+01  1.006042e+01  1.509152e+02
     vertex -3.677114e+01  9.650039e+00  1.510358e+02
     vertex -3.750358e+01  1.010052e+01  1.510358e+02
   endloop
 endfacet
 facet normal -4.842803e-01 -7.873859e-01  3.814394e-01
   outer loop
     vertex -3.753335e+01  1.006042e+01  1.509152e+02
     vertex -3.679350e+01  9.605373e+00  1.509152e+02
     vertex -3.677114e+01  9.650039e+00  1.510358e+02
   endloop
 endfacet
 facet normal -5.194413e-01 -8.445537e-01  1.300379e-01
   outer loop
     vertex -3.753335e+01  1.006042e+01  1.509152e+02
     vertex -3.680113e+01  9.590138e+00  1.507858e+02
     vertex -3.679350e+01  9.605373e+00  1.509152e+02
   endloop
 endfacet
 facet normal -8.697404e-02 -9.798352e-02  9.913802e-01
   outer loop
     vertex -3.792609e+01  1.087997e+01  1.512688e+02
     vertex -3.724544e+01  1.044818e+01  1.512858e+02
     vertex -3.783208e+01  1.096890e+01  1.512858e+02
   endloop
 endfacet
 facet normal -8.697404e-02 -9.798352e-02  9.913802e-01
   outer loop
     vertex -3.792609e+01  1.087997e+01  1.512688e+02
     vertex -3.732259e+01  1.034428e+01  1.512688e+02
     vertex -3.724544e+01  1.044818e+01  1.512858e+02
   endloop
 endfacet
 facet normal -2.548688e-01 -2.871310e-01  9.233622e-01
   outer loop
     vertex -3.801370e+01  1.079711e+01  1.512188e+02
     vertex -3.739448e+01  1.024746e+01  1.512188e+02
     vertex -3.732259e+01  1.034428e+01  1.512688e+02
   endloop
 endfacet
 facet normal -2.548688e-01 -2.871310e-01  9.233622e-01
   outer loop
     vertex -3.801370e+01  1.079711e+01  1.512188e+02
     vertex -3.732259e+01  1.034428e+01  1.512688e+02
     vertex -3.792609e+01  1.087997e+01  1.512688e+02
   endloop
 endfacet
 facet normal -4.050908e-01 -4.563686e-01  7.922305e-01
   outer loop
     vertex -3.808893e+01  1.072595e+01  1.511394e+02
     vertex -3.745621e+01  1.016432e+01  1.511394e+02
     vertex -3.739448e+01  1.024746e+01  1.512188e+02
   endloop
 endfacet
 facet normal -4.050908e-01 -4.563686e-01  7.922305e-01
   outer loop
     vertex -3.808893e+01  1.072595e+01  1.511394e+02
     vertex -3.739448e+01  1.024746e+01  1.512188e+02
     vertex -3.801370e+01  1.079711e+01  1.512188e+02
   endloop
 endfacet
 facet normal -5.274039e-01 -5.941645e-01  6.073003e-01
   outer loop
     vertex -3.814666e+01  1.067135e+01  1.510358e+02
     vertex -3.745621e+01  1.016432e+01  1.511394e+02
     vertex -3.808893e+01  1.072595e+01  1.511394e+02
   endloop
 endfacet
 facet normal -5.274039e-01 -5.941645e-01  6.073003e-01
   outer loop
     vertex -3.814666e+01  1.067135e+01  1.510358e+02
     vertex -3.750358e+01  1.010052e+01  1.510358e+02
     vertex -3.745621e+01  1.016432e+01  1.511394e+02
   endloop
 endfacet
 facet normal -6.136512e-01 -6.913293e-01  3.814394e-01
   outer loop
     vertex -3.818295e+01  1.063702e+01  1.509152e+02
     vertex -3.753335e+01  1.006042e+01  1.509152e+02
     vertex -3.750358e+01  1.010052e+01  1.510358e+02
   endloop
 endfacet
 facet normal -6.582050e-01 -7.415230e-01  1.300379e-01
   outer loop
     vertex -3.818295e+01  1.063702e+01  1.509152e+02
     vertex -3.819533e+01  1.062531e+01  1.507858e+02
     vertex -3.753335e+01  1.006042e+01  1.509152e+02
   endloop
 endfacet
 facet normal -6.136512e-01 -6.913293e-01  3.814394e-01
   outer loop
     vertex -3.818295e+01  1.063702e+01  1.509152e+02
     vertex -3.750358e+01  1.010052e+01  1.510358e+02
     vertex -3.814666e+01  1.067135e+01  1.510358e+02
   endloop
 endfacet
 facet normal -1.026674e-01 -8.139205e-02  9.913802e-01
   outer loop
     vertex -3.842741e+01  1.151232e+01  1.512688e+02
     vertex -3.783208e+01  1.096890e+01  1.512858e+02
     vertex -3.831938e+01  1.158357e+01  1.512858e+02
   endloop
 endfacet
 facet normal -1.026674e-01 -8.139205e-02  9.913802e-01
   outer loop
     vertex -3.842741e+01  1.151232e+01  1.512688e+02
     vertex -3.792609e+01  1.087997e+01  1.512688e+02
     vertex -3.783208e+01  1.096890e+01  1.512858e+02
   endloop
 endfacet
 facet normal -3.008565e-01 -2.385113e-01  9.233622e-01
   outer loop
     vertex -3.852807e+01  1.144593e+01  1.512188e+02
     vertex -3.792609e+01  1.087997e+01  1.512688e+02
     vertex -3.842741e+01  1.151232e+01  1.512688e+02
   endloop
 endfacet
 facet normal -3.008565e-01 -2.385113e-01  9.233622e-01
   outer loop
     vertex -3.852807e+01  1.144593e+01  1.512188e+02
     vertex -3.801370e+01  1.079711e+01  1.512188e+02
     vertex -3.792609e+01  1.087997e+01  1.512688e+02
   endloop
 endfacet
 facet normal -4.781841e-01 -3.790921e-01  7.922305e-01
   outer loop
     vertex -3.861452e+01  1.138892e+01  1.511394e+02
     vertex -3.801370e+01  1.079711e+01  1.512188e+02
     vertex -3.852807e+01  1.144593e+01  1.512188e+02
   endloop
 endfacet
 facet normal -4.781841e-01 -3.790921e-01  7.922305e-01
   outer loop
     vertex -3.861452e+01  1.138892e+01  1.511394e+02
     vertex -3.808893e+01  1.072595e+01  1.511394e+02
     vertex -3.801370e+01  1.079711e+01  1.512188e+02
   endloop
 endfacet
 facet normal -6.225670e-01 -4.935551e-01  6.073003e-01
   outer loop
     vertex -3.868085e+01  1.134517e+01  1.510358e+02
     vertex -3.814666e+01  1.067135e+01  1.510358e+02
     vertex -3.808893e+01  1.072595e+01  1.511394e+02
   endloop
 endfacet
 facet normal -6.225670e-01 -4.935551e-01  6.073003e-01
   outer loop
     vertex -3.868085e+01  1.134517e+01  1.510358e+02
     vertex -3.808893e+01  1.072595e+01  1.511394e+02
     vertex -3.861452e+01  1.138892e+01  1.511394e+02
   endloop
 endfacet
 facet normal -7.769695e-01 -6.159615e-01  1.300379e-01
   outer loop
     vertex -3.872255e+01  1.131767e+01  1.509152e+02
     vertex -3.873677e+01  1.130829e+01  1.507858e+02
     vertex -3.819533e+01  1.062531e+01  1.507858e+02
   endloop
 endfacet
 facet normal -8.721262e-01 -4.716843e-01  1.300379e-01
   outer loop
     vertex -3.872255e+01  1.131767e+01  1.509152e+02
     vertex -3.915139e+01  1.207490e+01  1.507858e+02
     vertex -3.873677e+01  1.130829e+01  1.507858e+02
   endloop
 endfacet
 facet normal -7.769695e-01 -6.159615e-01  1.300379e-01
   outer loop
     vertex -3.872255e+01  1.131767e+01  1.509152e+02
     vertex -3.819533e+01  1.062531e+01  1.507858e+02
     vertex -3.818295e+01  1.063702e+01  1.509152e+02
   endloop
 endfacet
 facet normal -7.243765e-01 -5.742671e-01  3.814394e-01
   outer loop
     vertex -3.872255e+01  1.131767e+01  1.509152e+02
     vertex -3.818295e+01  1.063702e+01  1.509152e+02
     vertex -3.814666e+01  1.067135e+01  1.510358e+02
   endloop
 endfacet
 facet normal -7.243765e-01 -5.742671e-01  3.814394e-01
   outer loop
     vertex -3.872255e+01  1.131767e+01  1.509152e+02
     vertex -3.814666e+01  1.067135e+01  1.510358e+02
     vertex -3.868085e+01  1.134517e+01  1.510358e+02
   endloop
 endfacet
 facet normal -1.152412e-01 -6.232752e-02  9.913802e-01
   outer loop
     vertex -3.881129e+01  1.222212e+01  1.512688e+02
     vertex -3.831938e+01  1.158357e+01  1.512858e+02
     vertex -3.869253e+01  1.227353e+01  1.512858e+02
   endloop
 endfacet
 facet normal -1.152412e-01 -6.232752e-02  9.913802e-01
   outer loop
     vertex -3.881129e+01  1.222212e+01  1.512688e+02
     vertex -3.842741e+01  1.151232e+01  1.512688e+02
     vertex -3.831938e+01  1.158357e+01  1.512858e+02
   endloop
 endfacet
 facet normal -3.377029e-01 -1.826446e-01  9.233622e-01
   outer loop
     vertex -3.892196e+01  1.217422e+01  1.512188e+02
     vertex -3.852807e+01  1.144593e+01  1.512188e+02
     vertex -3.842741e+01  1.151232e+01  1.512688e+02
   endloop
 endfacet
 facet normal -3.377029e-01 -1.826446e-01  9.233622e-01
   outer loop
     vertex -3.892196e+01  1.217422e+01  1.512188e+02
     vertex -3.842741e+01  1.151232e+01  1.512688e+02
     vertex -3.881129e+01  1.222212e+01  1.512688e+02
   endloop
 endfacet
 facet normal -5.367480e-01 -2.902970e-01  7.922305e-01
   outer loop
     vertex -3.901699e+01  1.213308e+01  1.511394e+02
     vertex -3.861452e+01  1.138892e+01  1.511394e+02
     vertex -3.852807e+01  1.144593e+01  1.512188e+02
   endloop
 endfacet
 facet normal -5.367480e-01 -2.902970e-01  7.922305e-01
   outer loop
     vertex -3.901699e+01  1.213308e+01  1.511394e+02
     vertex -3.852807e+01  1.144593e+01  1.512188e+02
     vertex -3.892196e+01  1.217422e+01  1.512188e+02
   endloop
 endfacet
 facet normal -6.988138e-01 -3.779493e-01  6.073003e-01
   outer loop
     vertex -3.908991e+01  1.210152e+01  1.510358e+02
     vertex -3.868085e+01  1.134517e+01  1.510358e+02
     vertex -3.861452e+01  1.138892e+01  1.511394e+02
   endloop
 endfacet
 facet normal -6.988138e-01 -3.779493e-01  6.073003e-01
   outer loop
     vertex -3.908991e+01  1.210152e+01  1.510358e+02
     vertex -3.861452e+01  1.138892e+01  1.511394e+02
     vertex -3.901699e+01  1.213308e+01  1.511394e+02
   endloop
 endfacet
 facet normal -8.721262e-01 -4.716843e-01  1.300379e-01
   outer loop
     vertex -3.913575e+01  1.208167e+01  1.509152e+02
     vertex -3.915139e+01  1.207490e+01  1.507858e+02
     vertex -3.872255e+01  1.131767e+01  1.509152e+02
   endloop
 endfacet
 facet normal -8.130920e-01 -4.397560e-01  3.814394e-01
   outer loop
     vertex -3.913575e+01  1.208167e+01  1.509152e+02
     vertex -3.872255e+01  1.131767e+01  1.509152e+02
     vertex -3.868085e+01  1.134517e+01  1.510358e+02
   endloop
 endfacet
 facet normal -8.130920e-01 -4.397560e-01  3.814394e-01
   outer loop
     vertex -3.913575e+01  1.208167e+01  1.509152e+02
     vertex -3.868085e+01  1.134517e+01  1.510358e+02
     vertex -3.908991e+01  1.210152e+01  1.510358e+02
   endloop
 endfacet
 facet normal -1.243135e-01 -4.136920e-02  9.913802e-01
   outer loop
     vertex -3.906610e+01  1.298780e+01  1.512688e+02
     vertex -3.869253e+01  1.227353e+01  1.512858e+02
     vertex -3.894021e+01  1.301780e+01  1.512858e+02
   endloop
 endfacet
 facet normal -1.243135e-01 -4.136920e-02  9.913802e-01
   outer loop
     vertex -3.906610e+01  1.298780e+01  1.512688e+02
     vertex -3.881129e+01  1.222212e+01  1.512688e+02
     vertex -3.869253e+01  1.227353e+01  1.512858e+02
   endloop
 endfacet
 facet normal -3.642884e-01 -1.212283e-01  9.233622e-01
   outer loop
     vertex -3.906610e+01  1.298780e+01  1.512688e+02
     vertex -3.892196e+01  1.217422e+01  1.512188e+02
     vertex -3.881129e+01  1.222212e+01  1.512688e+02
   endloop
 endfacet
 facet normal -3.642884e-01 -1.212283e-01  9.233622e-01
   outer loop
     vertex -3.918340e+01  1.295984e+01  1.512188e+02
     vertex -3.892196e+01  1.217422e+01  1.512188e+02
     vertex -3.906610e+01  1.298780e+01  1.512688e+02
   endloop
 endfacet
 facet normal -5.790032e-01 -1.926814e-01  7.922305e-01
   outer loop
     vertex -3.928413e+01  1.293583e+01  1.511394e+02
     vertex -3.901699e+01  1.213308e+01  1.511394e+02
     vertex -3.892196e+01  1.217422e+01  1.512188e+02
   endloop
 endfacet
 facet normal -7.538274e-01 -2.508596e-01  6.073003e-01
   outer loop
     vertex -3.928413e+01  1.293583e+01  1.511394e+02
     vertex -3.908991e+01  1.210152e+01  1.510358e+02
     vertex -3.901699e+01  1.213308e+01  1.511394e+02
   endloop
 endfacet
 facet normal -5.790032e-01 -1.926814e-01  7.922305e-01
   outer loop
     vertex -3.928413e+01  1.293583e+01  1.511394e+02
     vertex -3.892196e+01  1.217422e+01  1.512188e+02
     vertex -3.918340e+01  1.295984e+01  1.512188e+02
   endloop
 endfacet
 facet normal -7.538274e-01 -2.508596e-01  6.073003e-01
   outer loop
     vertex -3.936143e+01  1.291740e+01  1.510358e+02
     vertex -3.908991e+01  1.210152e+01  1.510358e+02
     vertex -3.928413e+01  1.293583e+01  1.511394e+02
   endloop
 endfacet
 facet normal -9.407837e-01 -3.130752e-01  1.300379e-01
   outer loop
     vertex -3.941002e+01  1.290582e+01  1.509152e+02
     vertex -3.942659e+01  1.290187e+01  1.507858e+02
     vertex -3.915139e+01  1.207490e+01  1.507858e+02
   endloop
 endfacet
 facet normal -9.407837e-01 -3.130752e-01  1.300379e-01
   outer loop
     vertex -3.941002e+01  1.290582e+01  1.509152e+02
     vertex -3.915139e+01  1.207490e+01  1.507858e+02
     vertex -3.913575e+01  1.208167e+01  1.509152e+02
   endloop
 endfacet
 facet normal -8.771021e-01 -2.918832e-01  3.814394e-01
   outer loop
     vertex -3.941002e+01  1.290582e+01  1.509152e+02
     vertex -3.913575e+01  1.208167e+01  1.509152e+02
     vertex -3.908991e+01  1.210152e+01  1.510358e+02
   endloop
 endfacet
 facet normal -8.771021e-01 -2.918832e-01  3.814394e-01
   outer loop
     vertex -3.941002e+01  1.290582e+01  1.509152e+02
     vertex -3.908991e+01  1.210152e+01  1.510358e+02
     vertex -3.936143e+01  1.291740e+01  1.510358e+02
   endloop
 endfacet
 facet normal -1.296086e-01 -1.915390e-02  9.913802e-01
   outer loop
     vertex -3.918407e+01  1.378609e+01  1.512688e+02
     vertex -3.894021e+01  1.301780e+01  1.512858e+02
     vertex -3.905489e+01  1.379378e+01  1.512858e+02
   endloop
 endfacet
 facet normal -1.296086e-01 -1.915390e-02  9.913802e-01
   outer loop
     vertex -3.918407e+01  1.378609e+01  1.512688e+02
     vertex -3.906610e+01  1.298780e+01  1.512688e+02
     vertex -3.894021e+01  1.301780e+01  1.512858e+02
   endloop
 endfacet
 facet normal -3.798051e-01 -5.612860e-02  9.233622e-01
   outer loop
     vertex -3.918407e+01  1.378609e+01  1.512688e+02
     vertex -3.918340e+01  1.295984e+01  1.512188e+02
     vertex -3.906610e+01  1.298780e+01  1.512688e+02
   endloop
 endfacet
 facet normal -3.798051e-01 -5.612860e-02  9.233622e-01
   outer loop
     vertex -3.930445e+01  1.377892e+01  1.512188e+02
     vertex -3.918340e+01  1.295984e+01  1.512188e+02
     vertex -3.918407e+01  1.378609e+01  1.512688e+02
   endloop
 endfacet
 facet normal -6.036656e-01 -8.921131e-02  7.922305e-01
   outer loop
     vertex -3.940782e+01  1.377277e+01  1.511394e+02
     vertex -3.918340e+01  1.295984e+01  1.512188e+02
     vertex -3.930445e+01  1.377892e+01  1.512188e+02
   endloop
 endfacet
 facet normal -6.036656e-01 -8.921131e-02  7.922305e-01
   outer loop
     vertex -3.940782e+01  1.377277e+01  1.511394e+02
     vertex -3.928413e+01  1.293583e+01  1.511394e+02
     vertex -3.918340e+01  1.295984e+01  1.512188e+02
   endloop
 endfacet
 facet normal -7.859364e-01 -1.161478e-01  6.073003e-01
   outer loop
     vertex -3.948714e+01  1.376805e+01  1.510358e+02
     vertex -3.928413e+01  1.293583e+01  1.511394e+02
     vertex -3.940782e+01  1.377277e+01  1.511394e+02
   endloop
 endfacet
 facet normal -7.859364e-01 -1.161478e-01  6.073003e-01
   outer loop
     vertex -3.948714e+01  1.376805e+01  1.510358e+02
     vertex -3.936143e+01  1.291740e+01  1.510358e+02
     vertex -3.928413e+01  1.293583e+01  1.511394e+02
   endloop
 endfacet
 facet normal -9.144620e-01 -1.351416e-01  3.814394e-01
   outer loop
     vertex -3.953700e+01  1.376508e+01  1.509152e+02
     vertex -3.936143e+01  1.291740e+01  1.510358e+02
     vertex -3.948714e+01  1.376805e+01  1.510358e+02
   endloop
 endfacet
 facet normal -9.808561e-01 -1.449535e-01  1.300379e-01
   outer loop
     vertex -3.953700e+01  1.376508e+01  1.509152e+02
     vertex -3.955401e+01  1.376407e+01  1.507858e+02
     vertex -3.942659e+01  1.290187e+01  1.507858e+02
   endloop
 endfacet
 facet normal -9.911256e-01  2.757252e-02  1.300379e-01
   outer loop
     vertex -3.953700e+01  1.376508e+01  1.509152e+02
     vertex -3.952977e+01  1.463529e+01  1.507858e+02
     vertex -3.955401e+01  1.376407e+01  1.507858e+02
   endloop
 endfacet
 facet normal -9.808561e-01 -1.449535e-01  1.300379e-01
   outer loop
     vertex -3.953700e+01  1.376508e+01  1.509152e+02
     vertex -3.942659e+01  1.290187e+01  1.507858e+02
     vertex -3.941002e+01  1.290582e+01  1.509152e+02
   endloop
 endfacet
 facet normal -9.144620e-01 -1.351416e-01  3.814394e-01
   outer loop
     vertex -3.953700e+01  1.376508e+01  1.509152e+02
     vertex -3.941002e+01  1.290582e+01  1.509152e+02
     vertex -3.936143e+01  1.291740e+01  1.510358e+02
   endloop
 endfacet
 facet normal -1.309656e-01  3.643384e-03  9.913802e-01
   outer loop
     vertex -3.916163e+01  1.459273e+01  1.512688e+02
     vertex -3.905489e+01  1.379378e+01  1.512858e+02
     vertex -3.903308e+01  1.457787e+01  1.512858e+02
   endloop
 endfacet
 facet normal -1.309656e-01  3.643384e-03  9.913802e-01
   outer loop
     vertex -3.916163e+01  1.459273e+01  1.512688e+02
     vertex -3.918407e+01  1.378609e+01  1.512688e+02
     vertex -3.905489e+01  1.379378e+01  1.512858e+02
   endloop
 endfacet
 facet normal -3.837816e-01  1.067658e-02  9.233622e-01
   outer loop
     vertex -3.928142e+01  1.460658e+01  1.512188e+02
     vertex -3.918407e+01  1.378609e+01  1.512688e+02
     vertex -3.916163e+01  1.459273e+01  1.512688e+02
   endloop
 endfacet
 facet normal -3.837816e-01  1.067658e-02  9.233622e-01
   outer loop
     vertex -3.928142e+01  1.460658e+01  1.512188e+02
     vertex -3.930445e+01  1.377892e+01  1.512188e+02
     vertex -3.918407e+01  1.378609e+01  1.512688e+02
   endloop
 endfacet
 facet normal -6.099859e-01  1.696945e-02  7.922305e-01
   outer loop
     vertex -3.938429e+01  1.461847e+01  1.511394e+02
     vertex -3.930445e+01  1.377892e+01  1.512188e+02
     vertex -3.928142e+01  1.460658e+01  1.512188e+02
   endloop
 endfacet
 facet normal -6.099859e-01  1.696945e-02  7.922305e-01
   outer loop
     vertex -3.938429e+01  1.461847e+01  1.511394e+02
     vertex -3.940782e+01  1.377277e+01  1.511394e+02
     vertex -3.930445e+01  1.377892e+01  1.512188e+02
   endloop
 endfacet
 facet normal -7.941651e-01  2.209320e-02  6.073003e-01
   outer loop
     vertex -3.946323e+01  1.462759e+01  1.510358e+02
     vertex -3.940782e+01  1.377277e+01  1.511394e+02
     vertex -3.938429e+01  1.461847e+01  1.511394e+02
   endloop
 endfacet
 facet normal -7.941651e-01  2.209320e-02  6.073003e-01
   outer loop
     vertex -3.946323e+01  1.462759e+01  1.510358e+02
     vertex -3.948714e+01  1.376805e+01  1.510358e+02
     vertex -3.940782e+01  1.377277e+01  1.511394e+02
   endloop
 endfacet
 facet normal -9.240363e-01  2.570614e-02  3.814394e-01
   outer loop
     vertex -3.951284e+01  1.463333e+01  1.509152e+02
     vertex -3.953700e+01  1.376508e+01  1.509152e+02
     vertex -3.948714e+01  1.376805e+01  1.510358e+02
   endloop
 endfacet
 facet normal -9.911256e-01  2.757252e-02  1.300379e-01
   outer loop
     vertex -3.951284e+01  1.463333e+01  1.509152e+02
     vertex -3.952977e+01  1.463529e+01  1.507858e+02
     vertex -3.953700e+01  1.376508e+01  1.509152e+02
   endloop
 endfacet
 facet normal -9.240363e-01  2.570614e-02  3.814394e-01
   outer loop
     vertex -3.951284e+01  1.463333e+01  1.509152e+02
     vertex -3.948714e+01  1.376805e+01  1.510358e+02
     vertex -3.946323e+01  1.462759e+01  1.510358e+02
   endloop
 endfacet
 facet normal -1.283432e-01  2.632997e-02  9.913802e-01
   outer loop
     vertex -3.899946e+01  1.538323e+01  1.512688e+02
     vertex -3.916163e+01  1.459273e+01  1.512688e+02
     vertex -3.903308e+01  1.457787e+01  1.512858e+02
   endloop
 endfacet
 facet normal -3.760971e-01  7.715735e-02  9.233622e-01
   outer loop
     vertex -3.899946e+01  1.538323e+01  1.512688e+02
     vertex -3.928142e+01  1.460658e+01  1.512188e+02
     vertex -3.916163e+01  1.459273e+01  1.512688e+02
   endloop
 endfacet
 facet normal -1.283432e-01  2.632997e-02  9.913802e-01
   outer loop
     vertex -3.899946e+01  1.538323e+01  1.512688e+02
     vertex -3.903308e+01  1.457787e+01  1.512858e+02
     vertex -3.887544e+01  1.534627e+01  1.512858e+02
   endloop
 endfacet
 facet normal -3.760971e-01  7.715735e-02  9.233622e-01
   outer loop
     vertex -3.911503e+01  1.541767e+01  1.512188e+02
     vertex -3.928142e+01  1.460658e+01  1.512188e+02
     vertex -3.899946e+01  1.538323e+01  1.512688e+02
   endloop
 endfacet
 facet normal -5.977722e-01  1.226346e-01  7.922305e-01
   outer loop
     vertex -3.921427e+01  1.544724e+01  1.511394e+02
     vertex -3.938429e+01  1.461847e+01  1.511394e+02
     vertex -3.928142e+01  1.460658e+01  1.512188e+02
   endloop
 endfacet
 facet normal -5.977722e-01  1.226346e-01  7.922305e-01
   outer loop
     vertex -3.921427e+01  1.544724e+01  1.511394e+02
     vertex -3.928142e+01  1.460658e+01  1.512188e+02
     vertex -3.911503e+01  1.541767e+01  1.512188e+02
   endloop
 endfacet
 facet normal -7.782635e-01  1.596629e-01  6.073003e-01
   outer loop
     vertex -3.929042e+01  1.546993e+01  1.510358e+02
     vertex -3.938429e+01  1.461847e+01  1.511394e+02
     vertex -3.921427e+01  1.544724e+01  1.511394e+02
   endloop
 endfacet
 facet normal -7.782635e-01  1.596629e-01  6.073003e-01
   outer loop
     vertex -3.929042e+01  1.546993e+01  1.510358e+02
     vertex -3.946323e+01  1.462759e+01  1.510358e+02
     vertex -3.938429e+01  1.461847e+01  1.511394e+02
   endloop
 endfacet
 facet normal -9.712802e-01  1.992608e-01  1.300379e-01
   outer loop
     vertex -3.933829e+01  1.548420e+01  1.509152e+02
     vertex -3.935461e+01  1.548906e+01  1.507858e+02
     vertex -3.952977e+01  1.463529e+01  1.507858e+02
   endloop
 endfacet
 facet normal -9.712802e-01  1.992608e-01  1.300379e-01
   outer loop
     vertex -3.933829e+01  1.548420e+01  1.509152e+02
     vertex -3.952977e+01  1.463529e+01  1.507858e+02
     vertex -3.951284e+01  1.463333e+01  1.509152e+02
   endloop
 endfacet
 facet normal -9.055343e-01  1.857728e-01  3.814394e-01
   outer loop
     vertex -3.933829e+01  1.548420e+01  1.509152e+02
     vertex -3.951284e+01  1.463333e+01  1.509152e+02
     vertex -3.946323e+01  1.462759e+01  1.510358e+02
   endloop
 endfacet
 facet normal -9.055343e-01  1.857728e-01  3.814394e-01
   outer loop
     vertex -3.933829e+01  1.548420e+01  1.509152e+02
     vertex -3.946323e+01  1.462759e+01  1.510358e+02
     vertex -3.929042e+01  1.546993e+01  1.510358e+02
   endloop
 endfacet
 facet normal -1.218213e-01  4.821652e-02  9.913802e-01
   outer loop
     vertex -3.870248e+01  1.613355e+01  1.512688e+02
     vertex -3.899946e+01  1.538323e+01  1.512688e+02
     vertex -3.887544e+01  1.534627e+01  1.512858e+02
   endloop
 endfacet
 facet normal -1.218213e-01  4.821652e-02  9.913802e-01
   outer loop
     vertex -3.870248e+01  1.613355e+01  1.512688e+02
     vertex -3.887544e+01  1.534627e+01  1.512858e+02
     vertex -3.858676e+01  1.607562e+01  1.512858e+02
   endloop
 endfacet
 facet normal -3.569852e-01  1.412937e-01  9.233622e-01
   outer loop
     vertex -3.881031e+01  1.618754e+01  1.512188e+02
     vertex -3.899946e+01  1.538323e+01  1.512688e+02
     vertex -3.870248e+01  1.613355e+01  1.512688e+02
   endloop
 endfacet
 facet normal -3.569852e-01  1.412937e-01  9.233622e-01
   outer loop
     vertex -3.881031e+01  1.618754e+01  1.512188e+02
     vertex -3.911503e+01  1.541767e+01  1.512188e+02
     vertex -3.899946e+01  1.538323e+01  1.512688e+02
   endloop
 endfacet
 facet normal -5.673954e-01  2.245735e-01  7.922305e-01
   outer loop
     vertex -3.881031e+01  1.618754e+01  1.512188e+02
     vertex -3.921427e+01  1.544724e+01  1.511394e+02
     vertex -3.911503e+01  1.541767e+01  1.512188e+02
   endloop
 endfacet
 facet normal -5.673954e-01  2.245735e-01  7.922305e-01
   outer loop
     vertex -3.890291e+01  1.623389e+01  1.511394e+02
     vertex -3.921427e+01  1.544724e+01  1.511394e+02
     vertex -3.881031e+01  1.618754e+01  1.512188e+02
   endloop
 endfacet
 facet normal -7.387148e-01  2.923813e-01  6.073003e-01
   outer loop
     vertex -3.897396e+01  1.626947e+01  1.510358e+02
     vertex -3.929042e+01  1.546993e+01  1.510358e+02
     vertex -3.921427e+01  1.544724e+01  1.511394e+02
   endloop
 endfacet
 facet normal -7.387148e-01  2.923813e-01  6.073003e-01
   outer loop
     vertex -3.897396e+01  1.626947e+01  1.510358e+02
     vertex -3.921427e+01  1.544724e+01  1.511394e+02
     vertex -3.890291e+01  1.623389e+01  1.511394e+02
   endloop
 endfacet
 facet normal -9.219230e-01  3.648946e-01  1.300379e-01
   outer loop
     vertex -3.901863e+01  1.629183e+01  1.509152e+02
     vertex -3.903386e+01  1.629945e+01  1.507858e+02
     vertex -3.935461e+01  1.548906e+01  1.507858e+02
   endloop
 endfacet
 facet normal -9.219230e-01  3.648946e-01  1.300379e-01
   outer loop
     vertex -3.901863e+01  1.629183e+01  1.509152e+02
     vertex -3.935461e+01  1.548906e+01  1.507858e+02
     vertex -3.933829e+01  1.548420e+01  1.509152e+02
   endloop
 endfacet
 facet normal -8.595181e-01  3.401949e-01  3.814394e-01
   outer loop
     vertex -3.901863e+01  1.629183e+01  1.509152e+02
     vertex -3.933829e+01  1.548420e+01  1.509152e+02
     vertex -3.929042e+01  1.546993e+01  1.510358e+02
   endloop
 endfacet
 facet normal -8.595181e-01  3.401949e-01  3.814394e-01
   outer loop
     vertex -3.901863e+01  1.629183e+01  1.509152e+02
     vertex -3.929042e+01  1.546993e+01  1.510358e+02
     vertex -3.897396e+01  1.626947e+01  1.510358e+02
   endloop
 endfacet
 facet normal -1.115978e-01  6.863805e-02  9.913802e-01
   outer loop
     vertex -3.827972e+01  1.682091e+01  1.512688e+02
     vertex -3.858676e+01  1.607562e+01  1.512858e+02
     vertex -3.817582e+01  1.674377e+01  1.512858e+02
   endloop
 endfacet
 facet normal -1.115978e-01  6.863805e-02  9.913802e-01
   outer loop
     vertex -3.827972e+01  1.682091e+01  1.512688e+02
     vertex -3.870248e+01  1.613355e+01  1.512688e+02
     vertex -3.858676e+01  1.607562e+01  1.512858e+02
   endloop
 endfacet
 facet normal -3.270263e-01  2.011370e-01  9.233622e-01
   outer loop
     vertex -3.837654e+01  1.689280e+01  1.512188e+02
     vertex -3.881031e+01  1.618754e+01  1.512188e+02
     vertex -3.870248e+01  1.613355e+01  1.512688e+02
   endloop
 endfacet
 facet normal -3.270263e-01  2.011370e-01  9.233622e-01
   outer loop
     vertex -3.837654e+01  1.689280e+01  1.512188e+02
     vertex -3.870248e+01  1.613355e+01  1.512688e+02
     vertex -3.827972e+01  1.682091e+01  1.512688e+02
   endloop
 endfacet
 facet normal -5.197786e-01  3.196889e-01  7.922305e-01
   outer loop
     vertex -3.845969e+01  1.695453e+01  1.511394e+02
     vertex -3.881031e+01  1.618754e+01  1.512188e+02
     vertex -3.837654e+01  1.689280e+01  1.512188e+02
   endloop
 endfacet
 facet normal -5.197786e-01  3.196889e-01  7.922305e-01
   outer loop
     vertex -3.845969e+01  1.695453e+01  1.511394e+02
     vertex -3.890291e+01  1.623389e+01  1.511394e+02
     vertex -3.881031e+01  1.618754e+01  1.512188e+02
   endloop
 endfacet
 facet normal -6.767206e-01  4.162158e-01  6.073003e-01
   outer loop
     vertex -3.852348e+01  1.700190e+01  1.510358e+02
     vertex -3.897396e+01  1.626947e+01  1.510358e+02
     vertex -3.890291e+01  1.623389e+01  1.511394e+02
   endloop
 endfacet
 facet normal -6.767206e-01  4.162158e-01  6.073003e-01
   outer loop
     vertex -3.852348e+01  1.700190e+01  1.510358e+02
     vertex -3.890291e+01  1.623389e+01  1.511394e+02
     vertex -3.845969e+01  1.695453e+01  1.511394e+02
   endloop
 endfacet
 facet normal -8.445537e-01  5.194413e-01  1.300379e-01
   outer loop
     vertex -3.856359e+01  1.703168e+01  1.509152e+02
     vertex -3.857726e+01  1.704183e+01  1.507858e+02
     vertex -3.903386e+01  1.629945e+01  1.507858e+02
   endloop
 endfacet
 facet normal -8.445537e-01  5.194413e-01  1.300379e-01
   outer loop
     vertex -3.856359e+01  1.703168e+01  1.509152e+02
     vertex -3.903386e+01  1.629945e+01  1.507858e+02
     vertex -3.901863e+01  1.629183e+01  1.509152e+02
   endloop
 endfacet
 facet normal -7.873859e-01  4.842803e-01  3.814394e-01
   outer loop
     vertex -3.856359e+01  1.703168e+01  1.509152e+02
     vertex -3.901863e+01  1.629183e+01  1.509152e+02
     vertex -3.897396e+01  1.626947e+01  1.510358e+02
   endloop
 endfacet
 facet normal -7.873859e-01  4.842803e-01  3.814394e-01
   outer loop
     vertex -3.856359e+01  1.703168e+01  1.509152e+02
     vertex -3.897396e+01  1.626947e+01  1.510358e+02
     vertex -3.852348e+01  1.700190e+01  1.510358e+02
   endloop
 endfacet
 facet normal -8.139205e-02  1.026674e-01  9.913802e-01
   outer loop
     vertex -3.774403e+01  1.742441e+01  1.512688e+02
     vertex -3.765510e+01  1.733040e+01  1.512858e+02
     vertex -3.704043e+01  1.781770e+01  1.512858e+02
   endloop
 endfacet
 facet normal -9.798352e-02  8.697404e-02  9.913802e-01
   outer loop
     vertex -3.774403e+01  1.742441e+01  1.512688e+02
     vertex -3.817582e+01  1.674377e+01  1.512858e+02
     vertex -3.765510e+01  1.733040e+01  1.512858e+02
   endloop
 endfacet
 facet normal -9.798352e-02  8.697404e-02  9.913802e-01
   outer loop
     vertex -3.774403e+01  1.742441e+01  1.512688e+02
     vertex -3.827972e+01  1.682091e+01  1.512688e+02
     vertex -3.817582e+01  1.674377e+01  1.512858e+02
   endloop
 endfacet
 facet normal -4.563686e-01  4.050908e-01  7.922305e-01
   outer loop
     vertex -3.782690e+01  1.751202e+01  1.512188e+02
     vertex -3.845969e+01  1.695453e+01  1.511394e+02
     vertex -3.837654e+01  1.689280e+01  1.512188e+02
   endloop
 endfacet
 facet normal -2.871310e-01  2.548688e-01  9.233622e-01
   outer loop
     vertex -3.782690e+01  1.751202e+01  1.512188e+02
     vertex -3.837654e+01  1.689280e+01  1.512188e+02
     vertex -3.827972e+01  1.682091e+01  1.512688e+02
   endloop
 endfacet
 facet normal -2.871310e-01  2.548688e-01  9.233622e-01
   outer loop
     vertex -3.782690e+01  1.751202e+01  1.512188e+02
     vertex -3.827972e+01  1.682091e+01  1.512688e+02
     vertex -3.774403e+01  1.742441e+01  1.512688e+02
   endloop
 endfacet
 facet normal -4.563686e-01  4.050908e-01  7.922305e-01
   outer loop
     vertex -3.789806e+01  1.758725e+01  1.511394e+02
     vertex -3.845969e+01  1.695453e+01  1.511394e+02
     vertex -3.782690e+01  1.751202e+01  1.512188e+02
   endloop
 endfacet
 facet normal -5.941645e-01  5.274039e-01  6.073003e-01
   outer loop
     vertex -3.795266e+01  1.764498e+01  1.510358e+02
     vertex -3.852348e+01  1.700190e+01  1.510358e+02
     vertex -3.845969e+01  1.695453e+01  1.511394e+02
   endloop
 endfacet
 facet normal -5.941645e-01  5.274039e-01  6.073003e-01
   outer loop
     vertex -3.795266e+01  1.764498e+01  1.510358e+02
     vertex -3.845969e+01  1.695453e+01  1.511394e+02
     vertex -3.789806e+01  1.758725e+01  1.511394e+02
   endloop
 endfacet
 facet normal -7.415230e-01  6.582050e-01  1.300379e-01
   outer loop
     vertex -3.798698e+01  1.768127e+01  1.509152e+02
     vertex -3.799869e+01  1.769365e+01  1.507858e+02
     vertex -3.857726e+01  1.704183e+01  1.507858e+02
   endloop
 endfacet
 facet normal -7.415230e-01  6.582050e-01  1.300379e-01
   outer loop
     vertex -3.798698e+01  1.768127e+01  1.509152e+02
     vertex -3.857726e+01  1.704183e+01  1.507858e+02
     vertex -3.856359e+01  1.703168e+01  1.509152e+02
   endloop
 endfacet
 facet normal -6.913293e-01  6.136512e-01  3.814394e-01
   outer loop
     vertex -3.798698e+01  1.768127e+01  1.509152e+02
     vertex -3.856359e+01  1.703168e+01  1.509152e+02
     vertex -3.852348e+01  1.700190e+01  1.510358e+02
   endloop
 endfacet
 facet normal -6.913293e-01  6.136512e-01  3.814394e-01
   outer loop
     vertex -3.798698e+01  1.768127e+01  1.509152e+02
     vertex -3.852348e+01  1.700190e+01  1.510358e+02
     vertex -3.795266e+01  1.764498e+01  1.510358e+02
   endloop
 endfacet
 facet normal -8.139205e-02  1.026674e-01  9.913802e-01
   outer loop
     vertex -3.711168e+01  1.792573e+01  1.512688e+02
     vertex -3.774403e+01  1.742441e+01  1.512688e+02
     vertex -3.704043e+01  1.781770e+01  1.512858e+02
   endloop
 endfacet
 facet normal -2.385113e-01  3.008565e-01  9.233622e-01
   outer loop
     vertex -3.717807e+01  1.802639e+01  1.512188e+02
     vertex -3.774403e+01  1.742441e+01  1.512688e+02
     vertex -3.711168e+01  1.792573e+01  1.512688e+02
   endloop
 endfacet
 facet normal -2.385113e-01  3.008565e-01  9.233622e-01
   outer loop
     vertex -3.717807e+01  1.802639e+01  1.512188e+02
     vertex -3.782690e+01  1.751202e+01  1.512188e+02
     vertex -3.774403e+01  1.742441e+01  1.512688e+02
   endloop
 endfacet
 facet normal -3.790921e-01  4.781841e-01  7.922305e-01
   outer loop
     vertex -3.717807e+01  1.802639e+01  1.512188e+02
     vertex -3.789806e+01  1.758725e+01  1.511394e+02
     vertex -3.782690e+01  1.751202e+01  1.512188e+02
   endloop
 endfacet
 facet normal -3.790921e-01  4.781841e-01  7.922305e-01
   outer loop
     vertex -3.723509e+01  1.811284e+01  1.511394e+02
     vertex -3.789806e+01  1.758725e+01  1.511394e+02
     vertex -3.717807e+01  1.802639e+01  1.512188e+02
   endloop
 endfacet
 facet normal -4.935551e-01  6.225670e-01  6.073003e-01
   outer loop
     vertex -3.727883e+01  1.817917e+01  1.510358e+02
     vertex -3.795266e+01  1.764498e+01  1.510358e+02
     vertex -3.789806e+01  1.758725e+01  1.511394e+02
   endloop
 endfacet
 facet normal -4.935551e-01  6.225670e-01  6.073003e-01
   outer loop
     vertex -3.727883e+01  1.817917e+01  1.510358e+02
     vertex -3.789806e+01  1.758725e+01  1.511394e+02
     vertex -3.723509e+01  1.811284e+01  1.511394e+02
   endloop
 endfacet
 facet normal -6.159615e-01  7.769695e-01  1.300379e-01
   outer loop
     vertex -3.730634e+01  1.822087e+01  1.509152e+02
     vertex -3.731572e+01  1.823509e+01  1.507858e+02
     vertex -3.799869e+01  1.769365e+01  1.507858e+02
   endloop
 endfacet
 facet normal -6.159615e-01  7.769695e-01  1.300379e-01
   outer loop
     vertex -3.730634e+01  1.822087e+01  1.509152e+02
     vertex -3.799869e+01  1.769365e+01  1.507858e+02
     vertex -3.798698e+01  1.768127e+01  1.509152e+02
   endloop
 endfacet
 facet normal -5.742671e-01  7.243765e-01  3.814394e-01
   outer loop
     vertex -3.730634e+01  1.822087e+01  1.509152e+02
     vertex -3.798698e+01  1.768127e+01  1.509152e+02
     vertex -3.795266e+01  1.764498e+01  1.510358e+02
   endloop
 endfacet
 facet normal -5.742671e-01  7.243765e-01  3.814394e-01
   outer loop
     vertex -3.730634e+01  1.822087e+01  1.509152e+02
     vertex -3.795266e+01  1.764498e+01  1.510358e+02
     vertex -3.727883e+01  1.817917e+01  1.510358e+02
   endloop
 endfacet
 facet normal -6.232752e-02  1.152412e-01  9.913802e-01
   outer loop
     vertex -3.640188e+01  1.830962e+01  1.512688e+02
     vertex -3.711168e+01  1.792573e+01  1.512688e+02
     vertex -3.704043e+01  1.781770e+01  1.512858e+02
   endloop
 endfacet
 facet normal -6.232752e-02  1.152412e-01  9.913802e-01
   outer loop
     vertex -3.640188e+01  1.830962e+01  1.512688e+02
     vertex -3.704043e+01  1.781770e+01  1.512858e+02
     vertex -3.635047e+01  1.819086e+01  1.512858e+02
   endloop
 endfacet
 facet normal -1.826446e-01  3.377029e-01  9.233622e-01
   outer loop
     vertex -3.644979e+01  1.842028e+01  1.512188e+02
     vertex -3.717807e+01  1.802639e+01  1.512188e+02
     vertex -3.711168e+01  1.792573e+01  1.512688e+02
   endloop
 endfacet
 facet normal -1.826446e-01  3.377029e-01  9.233622e-01
   outer loop
     vertex -3.644979e+01  1.842028e+01  1.512188e+02
     vertex -3.711168e+01  1.792573e+01  1.512688e+02
     vertex -3.640188e+01  1.830962e+01  1.512688e+02
   endloop
 endfacet
 facet normal -2.902970e-01  5.367480e-01  7.922305e-01
   outer loop
     vertex -3.649092e+01  1.851532e+01  1.511394e+02
     vertex -3.717807e+01  1.802639e+01  1.512188e+02
     vertex -3.644979e+01  1.842028e+01  1.512188e+02
   endloop
 endfacet
 facet normal -2.902970e-01  5.367480e-01  7.922305e-01
   outer loop
     vertex -3.649092e+01  1.851532e+01  1.511394e+02
     vertex -3.723509e+01  1.811284e+01  1.511394e+02
     vertex -3.717807e+01  1.802639e+01  1.512188e+02
   endloop
 endfacet
 facet normal -3.779493e-01  6.988138e-01  6.073003e-01
   outer loop
     vertex -3.649092e+01  1.851532e+01  1.511394e+02
     vertex -3.727883e+01  1.817917e+01  1.510358e+02
     vertex -3.723509e+01  1.811284e+01  1.511394e+02
   endloop
 endfacet
 facet normal -3.779493e-01  6.988138e-01  6.073003e-01
   outer loop
     vertex -3.652249e+01  1.858824e+01  1.510358e+02
     vertex -3.727883e+01  1.817917e+01  1.510358e+02
     vertex -3.649092e+01  1.851532e+01  1.511394e+02
   endloop
 endfacet
 facet normal -4.397560e-01  8.130920e-01  3.814394e-01
   outer loop
     vertex -3.654233e+01  1.863408e+01  1.509152e+02
     vertex -3.730634e+01  1.822087e+01  1.509152e+02
     vertex -3.727883e+01  1.817917e+01  1.510358e+02
   endloop
 endfacet
 facet normal -4.716843e-01  8.721262e-01  1.300379e-01
   outer loop
     vertex -3.654233e+01  1.863408e+01  1.509152e+02
     vertex -3.654910e+01  1.864971e+01  1.507858e+02
     vertex -3.731572e+01  1.823509e+01  1.507858e+02
   endloop
 endfacet
 facet normal -4.716843e-01  8.721262e-01  1.300379e-01
   outer loop
     vertex -3.654233e+01  1.863408e+01  1.509152e+02
     vertex -3.731572e+01  1.823509e+01  1.507858e+02
     vertex -3.730634e+01  1.822087e+01  1.509152e+02
   endloop
 endfacet
 facet normal -4.397560e-01  8.130920e-01  3.814394e-01
   outer loop
     vertex -3.654233e+01  1.863408e+01  1.509152e+02
     vertex -3.727883e+01  1.817917e+01  1.510358e+02
     vertex -3.652249e+01  1.858824e+01  1.510358e+02
   endloop
 endfacet
 facet normal -4.136920e-02  1.243135e-01  9.913802e-01
   outer loop
     vertex -3.563621e+01  1.856442e+01  1.512688e+02
     vertex -3.640188e+01  1.830962e+01  1.512688e+02
     vertex -3.635047e+01  1.819086e+01  1.512858e+02
   endloop
 endfacet
 facet normal -4.136920e-02  1.243135e-01  9.913802e-01
   outer loop
     vertex -3.563621e+01  1.856442e+01  1.512688e+02
     vertex -3.635047e+01  1.819086e+01  1.512858e+02
     vertex -3.560620e+01  1.843854e+01  1.512858e+02
   endloop
 endfacet
 facet normal -1.212283e-01  3.642884e-01  9.233622e-01
   outer loop
     vertex -3.566417e+01  1.868172e+01  1.512188e+02
     vertex -3.644979e+01  1.842028e+01  1.512188e+02
     vertex -3.640188e+01  1.830962e+01  1.512688e+02
   endloop
 endfacet
 facet normal -1.212283e-01  3.642884e-01  9.233622e-01
   outer loop
     vertex -3.566417e+01  1.868172e+01  1.512188e+02
     vertex -3.640188e+01  1.830962e+01  1.512688e+02
     vertex -3.563621e+01  1.856442e+01  1.512688e+02
   endloop
 endfacet
 facet normal -1.926814e-01  5.790032e-01  7.922305e-01
   outer loop
     vertex -3.568818e+01  1.878245e+01  1.511394e+02
     vertex -3.649092e+01  1.851532e+01  1.511394e+02
     vertex -3.644979e+01  1.842028e+01  1.512188e+02
   endloop
 endfacet
 facet normal -1.926814e-01  5.790032e-01  7.922305e-01
   outer loop
     vertex -3.568818e+01  1.878245e+01  1.511394e+02
     vertex -3.644979e+01  1.842028e+01  1.512188e+02
     vertex -3.566417e+01  1.868172e+01  1.512188e+02
   endloop
 endfacet
 facet normal -2.508596e-01  7.538274e-01  6.073003e-01
   outer loop
     vertex -3.570660e+01  1.885975e+01  1.510358e+02
     vertex -3.652249e+01  1.858824e+01  1.510358e+02
     vertex -3.649092e+01  1.851532e+01  1.511394e+02
   endloop
 endfacet
 facet normal -2.508596e-01  7.538274e-01  6.073003e-01
   outer loop
     vertex -3.570660e+01  1.885975e+01  1.510358e+02
     vertex -3.649092e+01  1.851532e+01  1.511394e+02
     vertex -3.568818e+01  1.878245e+01  1.511394e+02
   endloop
 endfacet
 facet normal -3.130752e-01  9.407837e-01  1.300379e-01
   outer loop
     vertex -3.571818e+01  1.890834e+01  1.509152e+02
     vertex -3.654910e+01  1.864971e+01  1.507858e+02
     vertex -3.654233e+01  1.863408e+01  1.509152e+02
   endloop
 endfacet
 facet normal -3.130752e-01  9.407837e-01  1.300379e-01
   outer loop
     vertex -3.571818e+01  1.890834e+01  1.509152e+02
     vertex -3.572213e+01  1.892491e+01  1.507858e+02
     vertex -3.654910e+01  1.864971e+01  1.507858e+02
   endloop
 endfacet
 facet normal -2.918832e-01  8.771021e-01  3.814394e-01
   outer loop
     vertex -3.571818e+01  1.890834e+01  1.509152e+02
     vertex -3.654233e+01  1.863408e+01  1.509152e+02
     vertex -3.652249e+01  1.858824e+01  1.510358e+02
   endloop
 endfacet
 facet normal -2.918832e-01  8.771021e-01  3.814394e-01
   outer loop
     vertex -3.571818e+01  1.890834e+01  1.509152e+02
     vertex -3.652249e+01  1.858824e+01  1.510358e+02
     vertex -3.570660e+01  1.885975e+01  1.510358e+02
   endloop
 endfacet
 facet normal  3.643384e-03  1.309656e-01  9.913802e-01
   outer loop
     vertex -3.483792e+01  1.868239e+01  1.512688e+02
     vertex -3.404613e+01  1.853140e+01  1.512858e+02
     vertex -3.403127e+01  1.865995e+01  1.512688e+02
   endloop
 endfacet
 facet normal -1.915390e-02  1.296086e-01  9.913802e-01
   outer loop
     vertex -3.483792e+01  1.868239e+01  1.512688e+02
     vertex -3.563621e+01  1.856442e+01  1.512688e+02
     vertex -3.560620e+01  1.843854e+01  1.512858e+02
   endloop
 endfacet
 facet normal  3.643384e-03  1.309656e-01  9.913802e-01
   outer loop
     vertex -3.483792e+01  1.868239e+01  1.512688e+02
     vertex -3.483023e+01  1.855321e+01  1.512858e+02
     vertex -3.404613e+01  1.853140e+01  1.512858e+02
   endloop
 endfacet
 facet normal -1.915390e-02  1.296086e-01  9.913802e-01
   outer loop
     vertex -3.483792e+01  1.868239e+01  1.512688e+02
     vertex -3.560620e+01  1.843854e+01  1.512858e+02
     vertex -3.483023e+01  1.855321e+01  1.512858e+02
   endloop
 endfacet
 facet normal  1.067658e-02  3.837816e-01  9.233622e-01
   outer loop
     vertex -3.484508e+01  1.880277e+01  1.512188e+02
     vertex -3.403127e+01  1.865995e+01  1.512688e+02
     vertex -3.401742e+01  1.877974e+01  1.512188e+02
   endloop
 endfacet
 facet normal -8.921131e-02  6.036656e-01  7.922305e-01
   outer loop
     vertex -3.484508e+01  1.880277e+01  1.512188e+02
     vertex -3.568818e+01  1.878245e+01  1.511394e+02
     vertex -3.566417e+01  1.868172e+01  1.512188e+02
   endloop
 endfacet
 facet normal  1.067658e-02  3.837816e-01  9.233622e-01
   outer loop
     vertex -3.484508e+01  1.880277e+01  1.512188e+02
     vertex -3.483792e+01  1.868239e+01  1.512688e+02
     vertex -3.403127e+01  1.865995e+01  1.512688e+02
   endloop
 endfacet
 facet normal -5.612860e-02  3.798051e-01  9.233622e-01
   outer loop
     vertex -3.484508e+01  1.880277e+01  1.512188e+02
     vertex -3.566417e+01  1.868172e+01  1.512188e+02
     vertex -3.563621e+01  1.856442e+01  1.512688e+02
   endloop
 endfacet
 facet normal -5.612860e-02  3.798051e-01  9.233622e-01
   outer loop
     vertex -3.484508e+01  1.880277e+01  1.512188e+02
     vertex -3.563621e+01  1.856442e+01  1.512688e+02
     vertex -3.483792e+01  1.868239e+01  1.512688e+02
   endloop
 endfacet
 facet normal  1.696945e-02  6.099859e-01  7.922305e-01
   outer loop
     vertex -3.485123e+01  1.890614e+01  1.511394e+02
     vertex -3.401742e+01  1.877974e+01  1.512188e+02
     vertex -3.400553e+01  1.888261e+01  1.511394e+02
   endloop
 endfacet
 facet normal  2.209320e-02  7.941651e-01  6.073003e-01
   outer loop
     vertex -3.485123e+01  1.890614e+01  1.511394e+02
     vertex -3.400553e+01  1.888261e+01  1.511394e+02
     vertex -3.399641e+01  1.896155e+01  1.510358e+02
   endloop
 endfacet
 facet normal  1.696945e-02  6.099859e-01  7.922305e-01
   outer loop
     vertex -3.485123e+01  1.890614e+01  1.511394e+02
     vertex -3.484508e+01  1.880277e+01  1.512188e+02
     vertex -3.401742e+01  1.877974e+01  1.512188e+02
   endloop
 endfacet
 facet normal -8.921131e-02  6.036656e-01  7.922305e-01
   outer loop
     vertex -3.485123e+01  1.890614e+01  1.511394e+02
     vertex -3.568818e+01  1.878245e+01  1.511394e+02
     vertex -3.484508e+01  1.880277e+01  1.512188e+02
   endloop
 endfacet
 facet normal -1.161478e-01  7.859364e-01  6.073003e-01
   outer loop
     vertex -3.485596e+01  1.898546e+01  1.510358e+02
     vertex -3.570660e+01  1.885975e+01  1.510358e+02
     vertex -3.568818e+01  1.878245e+01  1.511394e+02
   endloop
 endfacet
 facet normal  2.209320e-02  7.941651e-01  6.073003e-01
   outer loop
     vertex -3.485596e+01  1.898546e+01  1.510358e+02
     vertex -3.485123e+01  1.890614e+01  1.511394e+02
     vertex -3.399641e+01  1.896155e+01  1.510358e+02
   endloop
 endfacet
 facet normal -1.161478e-01  7.859364e-01  6.073003e-01
   outer loop
     vertex -3.485596e+01  1.898546e+01  1.510358e+02
     vertex -3.568818e+01  1.878245e+01  1.511394e+02
     vertex -3.485123e+01  1.890614e+01  1.511394e+02
   endloop
 endfacet
 facet normal  2.570614e-02  9.240363e-01  3.814394e-01
   outer loop
     vertex -3.485892e+01  1.903532e+01  1.509152e+02
     vertex -3.399641e+01  1.896155e+01  1.510358e+02
     vertex -3.399067e+01  1.901117e+01  1.509152e+02
   endloop
 endfacet
 facet normal -1.449535e-01  9.808561e-01  1.300379e-01
   outer loop
     vertex -3.485892e+01  1.903532e+01  1.509152e+02
     vertex -3.572213e+01  1.892491e+01  1.507858e+02
     vertex -3.571818e+01  1.890834e+01  1.509152e+02
   endloop
 endfacet
 facet normal -1.449535e-01  9.808561e-01  1.300379e-01
   outer loop
     vertex -3.485892e+01  1.903532e+01  1.509152e+02
     vertex -3.485994e+01  1.905233e+01  1.507858e+02
     vertex -3.572213e+01  1.892491e+01  1.507858e+02
   endloop
 endfacet
 facet normal -1.351416e-01  9.144620e-01  3.814394e-01
   outer loop
     vertex -3.485892e+01  1.903532e+01  1.509152e+02
     vertex -3.570660e+01  1.885975e+01  1.510358e+02
     vertex -3.485596e+01  1.898546e+01  1.510358e+02
   endloop
 endfacet
 facet normal -1.351416e-01  9.144620e-01  3.814394e-01
   outer loop
     vertex -3.485892e+01  1.903532e+01  1.509152e+02
     vertex -3.571818e+01  1.890834e+01  1.509152e+02
     vertex -3.570660e+01  1.885975e+01  1.510358e+02
   endloop
 endfacet
 facet normal  2.570614e-02  9.240363e-01  3.814394e-01
   outer loop
     vertex -3.485892e+01  1.903532e+01  1.509152e+02
     vertex -3.485596e+01  1.898546e+01  1.510358e+02
     vertex -3.399641e+01  1.896155e+01  1.510358e+02
   endloop
 endfacet
 facet normal  2.757252e-02  9.911256e-01  1.300379e-01
   outer loop
     vertex -3.485892e+01  1.903532e+01  1.509152e+02
     vertex -3.399067e+01  1.901117e+01  1.509152e+02
     vertex -3.485994e+01  1.905233e+01  1.507858e+02
   endloop
 endfacet
 facet normal -1.498765e-02 -1.296629e-01  9.914449e-01
   outer loop
     vertex  1.204442e+01  4.143894e+00  1.512858e+02
     vertex -3.507955e+01  9.590927e+00  1.512858e+02
     vertex -3.509441e+01  9.462373e+00  1.512688e+02
   endloop
 endfacet
 facet normal -4.394157e-02 -3.801523e-01  9.238795e-01
   outer loop
     vertex  1.202957e+01  4.015341e+00  1.512688e+02
     vertex -3.509441e+01  9.462373e+00  1.512688e+02
     vertex -3.510826e+01  9.342580e+00  1.512188e+02
   endloop
 endfacet
 facet normal -1.498765e-02 -1.296629e-01  9.914449e-01
   outer loop
     vertex  1.202957e+01  4.015341e+00  1.512688e+02
     vertex  1.204442e+01  4.143894e+00  1.512858e+02
     vertex -3.509441e+01  9.462373e+00  1.512688e+02
   endloop
 endfacet
 facet normal -6.990095e-02 -6.047349e-01  7.933533e-01
   outer loop
     vertex  1.201572e+01  3.895548e+00  1.512188e+02
     vertex -3.510826e+01  9.342580e+00  1.512188e+02
     vertex -3.512015e+01  9.239712e+00  1.511394e+02
   endloop
 endfacet
 facet normal -4.394157e-02 -3.801523e-01  9.238795e-01
   outer loop
     vertex  1.201572e+01  3.895548e+00  1.512188e+02
     vertex  1.202957e+01  4.015341e+00  1.512688e+02
     vertex -3.510826e+01  9.342580e+00  1.512188e+02
   endloop
 endfacet
 facet normal -9.109669e-02 -7.881059e-01  6.087614e-01
   outer loop
     vertex  1.200383e+01  3.792679e+00  1.511394e+02
     vertex -3.512015e+01  9.239712e+00  1.511394e+02
     vertex -3.512927e+01  9.160778e+00  1.510358e+02
   endloop
 endfacet
 facet normal -6.990095e-02 -6.047349e-01  7.933533e-01
   outer loop
     vertex  1.200383e+01  3.792679e+00  1.511394e+02
     vertex  1.201572e+01  3.895548e+00  1.512188e+02
     vertex -3.512015e+01  9.239712e+00  1.511394e+02
   endloop
 endfacet
 facet normal -1.060843e-01 -9.177688e-01  3.826834e-01
   outer loop
     vertex  1.199470e+01  3.713746e+00  1.510358e+02
     vertex -3.512927e+01  9.160778e+00  1.510358e+02
     vertex -3.513501e+01  9.111158e+00  1.509152e+02
   endloop
 endfacet
 facet normal -9.109669e-02 -7.881059e-01  6.087614e-01
   outer loop
     vertex  1.199470e+01  3.713746e+00  1.510358e+02
     vertex  1.200383e+01  3.792679e+00  1.511394e+02
     vertex -3.512927e+01  9.160778e+00  1.510358e+02
   endloop
 endfacet
 facet normal -1.138425e-01 -9.848872e-01  1.305262e-01
   outer loop
     vertex  1.198897e+01  3.664126e+00  1.509152e+02
     vertex -3.513501e+01  9.111158e+00  1.509152e+02
     vertex -3.513696e+01  9.094234e+00  1.507858e+02
   endloop
 endfacet
 facet normal -1.060843e-01 -9.177688e-01  3.826834e-01
   outer loop
     vertex  1.198897e+01  3.664126e+00  1.509152e+02
     vertex  1.199470e+01  3.713746e+00  1.510358e+02
     vertex -3.513501e+01  9.111158e+00  1.509152e+02
   endloop
 endfacet
 facet normal -1.138425e-01 -9.848872e-01  1.305262e-01
   outer loop
     vertex  1.198701e+01  3.647201e+00  1.507858e+02
     vertex  1.198897e+01  3.664126e+00  1.509152e+02
     vertex -3.513696e+01  9.094234e+00  1.507858e+02
   endloop
 endfacet
 facet normal -3.512776e-01 -9.065661e-01  2.339700e-01
   outer loop
     vertex  1.999594e+01  2.721454e+00  1.557858e+02
     vertex  1.761318e+01  3.108814e+00  1.537093e+02
     vertex  1.775771e+01  2.980170e+00  1.534278e+02
   endloop
 endfacet
 facet normal  0.000000e+00  0.000000e+00  0.000000e+00
   outer loop
     vertex  1.999594e+01  2.721454e+00  1.557858e+02
     vertex  1.761318e+01  3.108814e+00  1.537093e+02
     vertex  1.999594e+01  2.721454e+00  1.557858e+02
   endloop
 endfacet
 facet normal -1.213637e-01 -9.740042e-01  1.912763e-01
   outer loop
     vertex  1.227022e+01  3.648849e+00  1.509739e+02
     vertex  1.198701e+01  3.647201e+00  1.507858e+02
     vertex  1.255992e+01  3.580979e+00  1.508121e+02
   endloop
 endfacet
 facet normal -1.295016e-01 -9.148029e-01  3.825768e-01
   outer loop
     vertex  1.227022e+01  3.648849e+00  1.509739e+02
     vertex  1.199470e+01  3.713746e+00  1.510358e+02
     vertex  1.198897e+01  3.664126e+00  1.509152e+02
   endloop
 endfacet
 facet normal -8.088836e-02 -9.881491e-01  1.304546e-01
   outer loop
     vertex  1.227022e+01  3.648849e+00  1.509739e+02
     vertex  1.198897e+01  3.664126e+00  1.509152e+02
     vertex  1.198701e+01  3.647201e+00  1.507858e+02
   endloop
 endfacet
 facet normal -1.172826e-01 -8.994926e-01  4.209011e-01
   outer loop
     vertex  1.227065e+01  3.675428e+00  1.510308e+02
     vertex  1.199470e+01  3.713746e+00  1.510358e+02
     vertex  1.227022e+01  3.648849e+00  1.509739e+02
   endloop
 endfacet
 facet normal -1.067528e-01 -8.384568e-01  5.344100e-01
   outer loop
     vertex  1.227216e+01  3.710865e+00  1.510867e+02
     vertex  1.199470e+01  3.713746e+00  1.510358e+02
     vertex  1.227065e+01  3.675428e+00  1.510308e+02
   endloop
 endfacet
 facet normal -2.467712e-01 -9.177736e-01  3.111199e-01
   outer loop
     vertex  1.461607e+01  3.443490e+00  1.516490e+02
     vertex  1.426314e+01  3.384106e+00  1.511938e+02
     vertex  1.547471e+01  3.244061e+00  1.517417e+02
   endloop
 endfacet
 facet normal -2.451516e-01 -9.330528e-01  2.632739e-01
   outer loop
     vertex  1.520142e+01  3.363019e+00  1.519088e+02
     vertex  1.461607e+01  3.443490e+00  1.516490e+02
     vertex  1.547471e+01  3.244061e+00  1.517417e+02
   endloop
 endfacet
 facet normal -3.997074e-01 -5.573070e-01  7.277657e-01
   outer loop
     vertex  1.520142e+01  3.363019e+00  1.519088e+02
     vertex  1.499510e+01  3.629875e+00  1.519999e+02
     vertex  1.461607e+01  3.443490e+00  1.516490e+02
   endloop
 endfacet
 facet normal -2.620463e-01 -9.340282e-01  2.427408e-01
   outer loop
     vertex  1.585143e+01  3.272893e+00  1.522593e+02
     vertex  1.547471e+01  3.244061e+00  1.517417e+02
     vertex  1.650020e+01  3.125525e+00  1.523927e+02
   endloop
 endfacet
 facet normal -4.572169e-01 -6.810748e-01  5.719177e-01
   outer loop
     vertex  1.585143e+01  3.272893e+00  1.522593e+02
     vertex  1.625326e+01  3.382559e+00  1.527112e+02
     vertex  1.499510e+01  3.629875e+00  1.519999e+02
   endloop
 endfacet
 facet normal -4.477814e-01 -5.787237e-01  6.815942e-01
   outer loop
     vertex  1.585143e+01  3.272893e+00  1.522593e+02
     vertex  1.499510e+01  3.629875e+00  1.519999e+02
     vertex  1.520142e+01  3.363019e+00  1.519088e+02
   endloop
 endfacet
 facet normal -2.596449e-01 -9.351348e-01  2.410548e-01
   outer loop
     vertex  1.585143e+01  3.272893e+00  1.522593e+02
     vertex  1.520142e+01  3.363019e+00  1.519088e+02
     vertex  1.547471e+01  3.244061e+00  1.517417e+02
   endloop
 endfacet
 facet normal -2.554903e-01 -9.465228e-01  1.970259e-01
   outer loop
     vertex  1.635413e+01  3.202815e+00  1.525745e+02
     vertex  1.585143e+01  3.272893e+00  1.522593e+02
     vertex  1.650020e+01  3.125525e+00  1.523927e+02
   endloop
 endfacet
 facet normal -4.525421e-01 -6.865453e-01  5.690881e-01
   outer loop
     vertex  1.635413e+01  3.202815e+00  1.525745e+02
     vertex  1.625326e+01  3.382559e+00  1.527112e+02
     vertex  1.585143e+01  3.272893e+00  1.522593e+02
   endloop
 endfacet
 facet normal -2.614030e-01 -9.474301e-01  1.845118e-01
   outer loop
     vertex  1.700549e+01  3.111901e+00  1.530386e+02
     vertex  1.650020e+01  3.125525e+00  1.523927e+02
     vertex  1.775771e+01  2.980170e+00  1.534278e+02
   endloop
 endfacet
 facet normal -4.626269e-01 -7.831402e-01  4.155331e-01
   outer loop
     vertex  1.700549e+01  3.111901e+00  1.530386e+02
     vertex  1.761318e+01  3.108814e+00  1.537093e+02
     vertex  1.625326e+01  3.382559e+00  1.527112e+02
   endloop
 endfacet
 facet normal -2.659844e-01 -9.454398e-01  1.881378e-01
   outer loop
     vertex  1.700549e+01  3.111901e+00  1.530386e+02
     vertex  1.635413e+01  3.202815e+00  1.525745e+02
     vertex  1.650020e+01  3.125525e+00  1.523927e+02
   endloop
 endfacet
 facet normal -2.981470e-01 -9.167362e-01  2.659005e-01
   outer loop
     vertex  1.700549e+01  3.111901e+00  1.530386e+02
     vertex  1.775771e+01  2.980170e+00  1.534278e+02
     vertex  1.761318e+01  3.108814e+00  1.537093e+02
   endloop
 endfacet
 facet normal -4.835697e-01 -6.852985e-01  5.445423e-01
   outer loop
     vertex  1.700549e+01  3.111901e+00  1.530386e+02
     vertex  1.625326e+01  3.382559e+00  1.527112e+02
     vertex  1.635413e+01  3.202815e+00  1.525745e+02
   endloop
 endfacet
 facet normal  6.160981e-02 -1.381260e-01  9.884966e-01
   outer loop
     vertex  1.215623e+01  3.941433e+00  1.512506e+02
     vertex  1.204442e+01  4.143894e+00  1.512858e+02
     vertex  1.202957e+01  4.015341e+00  1.512688e+02
   endloop
 endfacet
 facet normal -8.599101e-02 -3.749459e-01  9.230499e-01
   outer loop
     vertex  1.215623e+01  3.941433e+00  1.512506e+02
     vertex  1.202957e+01  4.015341e+00  1.512688e+02
     vertex  1.201572e+01  3.895548e+00  1.512188e+02
   endloop
 endfacet
 facet normal  2.170579e-02 -6.127294e-01  7.899947e-01
   outer loop
     vertex  1.215623e+01  3.941433e+00  1.512506e+02
     vertex  1.201572e+01  3.895548e+00  1.512188e+02
     vertex  1.200383e+01  3.792679e+00  1.511394e+02
   endloop
 endfacet
 facet normal  3.418385e-01 -7.616670e-01  5.504632e-01
   outer loop
     vertex  1.215623e+01  3.941433e+00  1.512506e+02
     vertex  1.200383e+01  3.792679e+00  1.511394e+02
     vertex  1.199470e+01  3.713746e+00  1.510358e+02
   endloop
 endfacet
 facet normal -4.846743e-01 -6.553504e-01  5.793156e-01
   outer loop
     vertex  1.215623e+01  3.941433e+00  1.512506e+02
     vertex  1.227216e+01  3.710865e+00  1.510867e+02
     vertex  1.227498e+01  3.757154e+00  1.511414e+02
   endloop
 endfacet
 facet normal -1.476582e-01 -6.211464e-01  7.696585e-01
   outer loop
     vertex  1.215623e+01  3.941433e+00  1.512506e+02
     vertex  1.199470e+01  3.713746e+00  1.510358e+02
     vertex  1.227216e+01  3.710865e+00  1.510867e+02
   endloop
 endfacet
 facet normal -1.274111e-01 -8.983316e-01  4.204364e-01
   outer loop
     vertex  1.240913e+01  3.632301e+00  1.509806e+02
     vertex  1.227065e+01  3.675428e+00  1.510308e+02
     vertex  1.227022e+01  3.648849e+00  1.509739e+02
   endloop
 endfacet
 facet normal  5.989709e-02 -7.636220e-01  6.428792e-01
   outer loop
     vertex  1.240913e+01  3.632301e+00  1.509806e+02
     vertex  1.227498e+01  3.757154e+00  1.511414e+02
     vertex  1.227216e+01  3.710865e+00  1.510867e+02
   endloop
 endfacet
 facet normal -1.250875e-01 -9.747594e-01  1.849252e-01
   outer loop
     vertex  1.240913e+01  3.632301e+00  1.509806e+02
     vertex  1.227022e+01  3.648849e+00  1.509739e+02
     vertex  1.255992e+01  3.580979e+00  1.508121e+02
   endloop
 endfacet
 facet normal -6.811384e-02 -8.417941e-01  5.354841e-01
   outer loop
     vertex  1.240913e+01  3.632301e+00  1.509806e+02
     vertex  1.227216e+01  3.710865e+00  1.510867e+02
     vertex  1.227065e+01  3.675428e+00  1.510308e+02
   endloop
 endfacet
 facet normal -1.345001e-01 -3.276874e-01  9.351634e-01
   outer loop
     vertex  1.267026e+01  3.864706e+00  1.512780e+02
     vertex  1.306060e+01  3.977096e+00  1.513735e+02
     vertex  1.204442e+01  4.143894e+00  1.512858e+02
   endloop
 endfacet
 facet normal -8.415329e-02 -2.158827e-01  9.727861e-01
   outer loop
     vertex  1.267026e+01  3.864706e+00  1.512780e+02
     vertex  1.204442e+01  4.143894e+00  1.512858e+02
     vertex  1.215623e+01  3.941433e+00  1.512506e+02
   endloop
 endfacet
 facet normal -1.278515e-01 -5.650304e-01  8.151041e-01
   outer loop
     vertex  1.267026e+01  3.864706e+00  1.512780e+02
     vertex  1.215623e+01  3.941433e+00  1.512506e+02
     vertex  1.227498e+01  3.757154e+00  1.511414e+02
   endloop
 endfacet
 facet normal -1.374420e-01 -9.737537e-01  1.814204e-01
   outer loop
     vertex  1.296181e+01  3.566364e+00  1.510381e+02
     vertex  1.255992e+01  3.580979e+00  1.508121e+02
     vertex  1.314202e+01  3.513695e+00  1.508920e+02
   endloop
 endfacet
 facet normal -1.393257e-01 -9.728447e-01  1.848286e-01
   outer loop
     vertex  1.296181e+01  3.566364e+00  1.510381e+02
     vertex  1.267812e+01  3.600231e+00  1.510025e+02
     vertex  1.255992e+01  3.580979e+00  1.508121e+02
   endloop
 endfacet
 facet normal -1.655858e-01 -8.341285e-01  5.261284e-01
   outer loop
     vertex  1.296181e+01  3.566364e+00  1.510381e+02
     vertex  1.279851e+01  3.688117e+00  1.511798e+02
     vertex  1.267812e+01  3.600231e+00  1.510025e+02
   endloop
 endfacet
 facet normal -1.439892e-01 -9.742463e-01  1.735261e-01
   outer loop
     vertex  1.310302e+01  3.549490e+00  1.510606e+02
     vertex  1.296181e+01  3.566364e+00  1.510381e+02
     vertex  1.314202e+01  3.513695e+00  1.508920e+02
   endloop
 endfacet
 facet normal -1.816498e-01 -8.396822e-01  5.117979e-01
   outer loop
     vertex  1.310302e+01  3.549490e+00  1.510606e+02
     vertex  1.307435e+01  3.651498e+00  1.512178e+02
     vertex  1.296181e+01  3.566364e+00  1.510381e+02
   endloop
 endfacet
 facet normal -1.803048e-01 -5.749107e-01  7.981026e-01
   outer loop
     vertex  1.292557e+01  3.826093e+00  1.513079e+02
     vertex  1.267026e+01  3.864706e+00  1.512780e+02
     vertex  1.279851e+01  3.688117e+00  1.511798e+02
   endloop
 endfacet
 facet normal -1.527454e-01 -2.760253e-01  9.489357e-01
   outer loop
     vertex  1.292557e+01  3.826093e+00  1.513079e+02
     vertex  1.306060e+01  3.977096e+00  1.513735e+02
     vertex  1.267026e+01  3.864706e+00  1.512780e+02
   endloop
 endfacet
 facet normal -1.796766e-01 -2.527150e-01  9.507110e-01
   outer loop
     vertex  1.306061e+01  3.805530e+00  1.513279e+02
     vertex  1.306060e+01  3.977096e+00  1.513735e+02
     vertex  1.292557e+01  3.826093e+00  1.513079e+02
   endloop
 endfacet
 facet normal -1.492481e-01 -9.736914e-01  1.721918e-01
   outer loop
     vertex  1.336581e+01  3.518055e+00  1.511106e+02
     vertex  1.310302e+01  3.549490e+00  1.510606e+02
     vertex  1.314202e+01  3.513695e+00  1.508920e+02
   endloop
 endfacet
 facet normal -2.833740e-01 -3.413569e-01  8.962001e-01
   outer loop
     vertex  1.331222e+01  3.766949e+00  1.513730e+02
     vertex  1.404916e+01  3.804968e+00  1.516205e+02
     vertex  1.306060e+01  3.977096e+00  1.513735e+02
   endloop
 endfacet
 facet normal -2.337944e-01 -5.745185e-01  7.843906e-01
   outer loop
     vertex  1.331222e+01  3.766949e+00  1.513730e+02
     vertex  1.358692e+01  3.582978e+00  1.513202e+02
     vertex  1.404916e+01  3.804968e+00  1.516205e+02
   endloop
 endfacet
 facet normal -2.080464e-01 -2.512759e-01  9.452921e-01
   outer loop
     vertex  1.331222e+01  3.766949e+00  1.513730e+02
     vertex  1.306060e+01  3.977096e+00  1.513735e+02
     vertex  1.306061e+01  3.805530e+00  1.513279e+02
   endloop
 endfacet
 facet normal -2.291147e-01 -5.797051e-01  7.819517e-01
   outer loop
     vertex  1.331222e+01  3.766949e+00  1.513730e+02
     vertex  1.306061e+01  3.805530e+00  1.513279e+02
     vertex  1.307435e+01  3.651498e+00  1.512178e+02
   endloop
 endfacet
 facet normal -1.608144e-01 -9.703010e-01  1.807060e-01
   outer loop
     vertex  1.391573e+01  3.452140e+00  1.512500e+02
     vertex  1.314202e+01  3.513695e+00  1.508920e+02
     vertex  1.426314e+01  3.384106e+00  1.511938e+02
   endloop
 endfacet
 facet normal -1.634166e-01 -9.687502e-01  1.865962e-01
   outer loop
     vertex  1.391573e+01  3.452140e+00  1.512500e+02
     vertex  1.336581e+01  3.518055e+00  1.511106e+02
     vertex  1.314202e+01  3.513695e+00  1.508920e+02
   endloop
 endfacet
 facet normal -1.228620e-01 -9.247128e-01  3.602931e-01
   outer loop
     vertex  1.391573e+01  3.452140e+00  1.512500e+02
     vertex  1.426314e+01  3.384106e+00  1.511938e+02
     vertex  1.412241e+01  3.510723e+00  1.514708e+02
   endloop
 endfacet
 facet normal -2.266258e-01 -8.368409e-01  4.983354e-01
   outer loop
     vertex  1.391573e+01  3.452140e+00  1.512500e+02
     vertex  1.358692e+01  3.582978e+00  1.513202e+02
     vertex  1.336581e+01  3.518055e+00  1.511106e+02
   endloop
 endfacet
 facet normal -4.036464e-01 -4.214535e-01  8.120631e-01
   outer loop
     vertex  1.431997e+01  3.608838e+00  1.516534e+02
     vertex  1.499510e+01  3.629875e+00  1.519999e+02
     vertex  1.404916e+01  3.804968e+00  1.516205e+02
   endloop
 endfacet
 facet normal -4.466123e-01 -4.915670e-01  7.475957e-01
   outer loop
     vertex  1.431997e+01  3.608838e+00  1.516534e+02
     vertex  1.404916e+01  3.804968e+00  1.516205e+02
     vertex  1.412241e+01  3.510723e+00  1.514708e+02
   endloop
 endfacet
 facet normal -3.399720e-01 -6.274639e-01  7.005056e-01
   outer loop
     vertex  1.431997e+01  3.608838e+00  1.516534e+02
     vertex  1.461607e+01  3.443490e+00  1.516490e+02
     vertex  1.499510e+01  3.629875e+00  1.519999e+02
   endloop
 endfacet
 facet normal -1.374949e-01 -8.346501e-01  5.333426e-01
   outer loop
     vertex  1.253736e+01  3.722629e+00  1.511551e+02
     vertex  1.227498e+01  3.757154e+00  1.511414e+02
     vertex  1.240913e+01  3.632301e+00  1.509806e+02
   endloop
 endfacet
 facet normal -1.185101e-01 -5.840343e-01  8.030313e-01
   outer loop
     vertex  1.253736e+01  3.722629e+00  1.511551e+02
     vertex  1.267026e+01  3.864706e+00  1.512780e+02
     vertex  1.227498e+01  3.757154e+00  1.511414e+02
   endloop
 endfacet
 facet normal -1.430949e-01 -5.676854e-01  8.107139e-01
   outer loop
     vertex  1.266808e+01  3.705372e+00  1.511660e+02
     vertex  1.267026e+01  3.864706e+00  1.512780e+02
     vertex  1.253736e+01  3.722629e+00  1.511551e+02
   endloop
 endfacet
 facet normal -1.599747e-01 -5.660432e-01  8.087046e-01
   outer loop
     vertex  1.266808e+01  3.705372e+00  1.511660e+02
     vertex  1.279851e+01  3.688117e+00  1.511798e+02
     vertex  1.267026e+01  3.864706e+00  1.512780e+02
   endloop
 endfacet
 facet normal -1.657085e-01 -8.340698e-01  5.261827e-01
   outer loop
     vertex  1.266808e+01  3.705372e+00  1.511660e+02
     vertex  1.267812e+01  3.600231e+00  1.510025e+02
     vertex  1.279851e+01  3.688117e+00  1.511798e+02
   endloop
 endfacet
 facet normal -1.876830e-01 -8.368587e-01  5.142399e-01
   outer loop
     vertex  1.293659e+01  3.669808e+00  1.511973e+02
     vertex  1.296181e+01  3.566364e+00  1.510381e+02
     vertex  1.307435e+01  3.651498e+00  1.512178e+02
   endloop
 endfacet
 facet normal -1.765792e-01 -8.378100e-01  5.166181e-01
   outer loop
     vertex  1.293659e+01  3.669808e+00  1.511973e+02
     vertex  1.279851e+01  3.688117e+00  1.511798e+02
     vertex  1.296181e+01  3.566364e+00  1.510381e+02
   endloop
 endfacet
 facet normal -1.775547e-01 -5.767700e-01  7.973774e-01
   outer loop
     vertex  1.293659e+01  3.669808e+00  1.511973e+02
     vertex  1.292557e+01  3.826093e+00  1.513079e+02
     vertex  1.279851e+01  3.688117e+00  1.511798e+02
   endloop
 endfacet
 facet normal -1.947370e-01 -5.820368e-01  7.895002e-01
   outer loop
     vertex  1.293659e+01  3.669808e+00  1.511973e+02
     vertex  1.307435e+01  3.651498e+00  1.512178e+02
     vertex  1.306061e+01  3.805530e+00  1.513279e+02
   endloop
 endfacet
 facet normal -2.051806e-01 -5.749453e-01  7.920472e-01
   outer loop
     vertex  1.293659e+01  3.669808e+00  1.511973e+02
     vertex  1.306061e+01  3.805530e+00  1.513279e+02
     vertex  1.292557e+01  3.826093e+00  1.513079e+02
   endloop
 endfacet
 facet normal -1.961969e-01 -8.429135e-01  5.010026e-01
   outer loop
     vertex  1.333099e+01  3.617269e+00  1.512639e+02
     vertex  1.310302e+01  3.549490e+00  1.510606e+02
     vertex  1.336581e+01  3.518055e+00  1.511106e+02
   endloop
 endfacet
 facet normal -2.480158e-01 -5.909408e-01  7.676439e-01
   outer loop
     vertex  1.333099e+01  3.617269e+00  1.512639e+02
     vertex  1.358692e+01  3.582978e+00  1.513202e+02
     vertex  1.331222e+01  3.766949e+00  1.513730e+02
   endloop
 endfacet
 facet normal -2.183869e-01 -5.927469e-01  7.752150e-01
   outer loop
     vertex  1.333099e+01  3.617269e+00  1.512639e+02
     vertex  1.331222e+01  3.766949e+00  1.513730e+02
     vertex  1.307435e+01  3.651498e+00  1.512178e+02
   endloop
 endfacet
 facet normal -2.213041e-01 -8.408482e-01  4.939623e-01
   outer loop
     vertex  1.333099e+01  3.617269e+00  1.512639e+02
     vertex  1.336581e+01  3.518055e+00  1.511106e+02
     vertex  1.358692e+01  3.582978e+00  1.513202e+02
   endloop
 endfacet
 facet normal -2.028331e-01 -8.378821e-01  5.067665e-01
   outer loop
     vertex  1.333099e+01  3.617269e+00  1.512639e+02
     vertex  1.307435e+01  3.651498e+00  1.512178e+02
     vertex  1.310302e+01  3.549490e+00  1.510606e+02
   endloop
 endfacet
 facet normal -2.109164e-01 -8.175114e-01  5.359006e-01
   outer loop
     vertex  1.396439e+01  3.594184e+00  1.514858e+02
     vertex  1.358692e+01  3.582978e+00  1.513202e+02
     vertex  1.391573e+01  3.452140e+00  1.512500e+02
   endloop
 endfacet
 facet normal -3.542832e-01 -7.669566e-01  5.350336e-01
   outer loop
     vertex  1.396439e+01  3.594184e+00  1.514858e+02
     vertex  1.391573e+01  3.452140e+00  1.512500e+02
     vertex  1.412241e+01  3.510723e+00  1.514708e+02
   endloop
 endfacet
 facet normal -3.591824e-01 -3.957281e-01  8.452143e-01
   outer loop
     vertex  1.396439e+01  3.594184e+00  1.514858e+02
     vertex  1.404916e+01  3.804968e+00  1.516205e+02
     vertex  1.358692e+01  3.582978e+00  1.513202e+02
   endloop
 endfacet
 facet normal -1.720948e-01 -4.804104e-01  8.599937e-01
   outer loop
     vertex  1.396439e+01  3.594184e+00  1.514858e+02
     vertex  1.412241e+01  3.510723e+00  1.514708e+02
     vertex  1.404916e+01  3.804968e+00  1.516205e+02
   endloop
 endfacet
 facet normal -2.296944e-01 -7.316141e-01  6.418576e-01
   outer loop
     vertex  1.427872e+01  3.442375e+00  1.514489e+02
     vertex  1.431997e+01  3.608838e+00  1.516534e+02
     vertex  1.412241e+01  3.510723e+00  1.514708e+02
   endloop
 endfacet
 facet normal -3.714549e-01 -6.819656e-01  6.300351e-01
   outer loop
     vertex  1.427872e+01  3.442375e+00  1.514489e+02
     vertex  1.461607e+01  3.443490e+00  1.516490e+02
     vertex  1.431997e+01  3.608838e+00  1.516534e+02
   endloop
 endfacet
 facet normal -3.628834e-01 -9.033615e-01  2.285904e-01
   outer loop
     vertex  1.427872e+01  3.442375e+00  1.514489e+02
     vertex  1.412241e+01  3.510723e+00  1.514708e+02
     vertex  1.426314e+01  3.384106e+00  1.511938e+02
   endloop
 endfacet
 facet normal -1.323306e-01 -9.645148e-01  2.284726e-01
   outer loop
     vertex  1.427872e+01  3.442375e+00  1.514489e+02
     vertex  1.426314e+01  3.384106e+00  1.511938e+02
     vertex  1.461607e+01  3.443490e+00  1.516490e+02
   endloop
 endfacet
 facet normal -1.371653e-01 -8.348072e-01  5.331816e-01
   outer loop
     vertex  1.254383e+01  3.616247e+00  1.509902e+02
     vertex  1.253736e+01  3.722629e+00  1.511551e+02
     vertex  1.240913e+01  3.632301e+00  1.509806e+02
   endloop
 endfacet
 facet normal -1.546227e-01 -8.329532e-01  5.313010e-01
   outer loop
     vertex  1.254383e+01  3.616247e+00  1.509902e+02
     vertex  1.266808e+01  3.705372e+00  1.511660e+02
     vertex  1.253736e+01  3.722629e+00  1.511551e+02
   endloop
 endfacet
 facet normal -1.484315e-01 -8.359051e-01  5.284229e-01
   outer loop
     vertex  1.254383e+01  3.616247e+00  1.509902e+02
     vertex  1.267812e+01  3.600231e+00  1.510025e+02
     vertex  1.266808e+01  3.705372e+00  1.511660e+02
   endloop
 endfacet
 facet normal -1.329134e-01 -9.744582e-01  1.810117e-01
   outer loop
     vertex  1.254383e+01  3.616247e+00  1.509902e+02
     vertex  1.255992e+01  3.580979e+00  1.508121e+02
     vertex  1.267812e+01  3.600231e+00  1.510025e+02
   endloop
 endfacet
 facet normal -1.290179e-01 -9.748999e-01  1.814513e-01
   outer loop
     vertex  1.254383e+01  3.616247e+00  1.509902e+02
     vertex  1.240913e+01  3.632301e+00  1.509806e+02
     vertex  1.255992e+01  3.580979e+00  1.508121e+02
   endloop
 endfacet
 facet normal  2.757252e-02  9.911256e-01 -1.300379e-01
   outer loop
     vertex -3.399067e+01  1.901117e+01  1.476564e+02
     vertex -3.485994e+01  1.905233e+01  1.477858e+02
     vertex -3.398872e+01  1.902809e+01  1.477858e+02
   endloop
 endfacet
 facet normal -1.992608e-01 -9.712802e-01 -1.300379e-01
   outer loop
     vertex -3.598588e+01  9.285716e+00  1.476564e+02
     vertex -3.513501e+01  9.111158e+00  1.476564e+02
     vertex -3.513696e+01  9.094234e+00  1.477858e+02
   endloop
 endfacet
 facet normal -1.992608e-01 -9.712802e-01 -1.300379e-01
   outer loop
     vertex -3.598588e+01  9.285716e+00  1.476564e+02
     vertex -3.513696e+01  9.094234e+00  1.477858e+02
     vertex -3.599074e+01  9.269388e+00  1.477858e+02
   endloop
 endfacet
 facet normal -1.857728e-01 -9.055343e-01 -3.814394e-01
   outer loop
     vertex -3.597161e+01  9.333586e+00  1.475358e+02
     vertex -3.512927e+01  9.160778e+00  1.475358e+02
     vertex -3.513501e+01  9.111158e+00  1.476564e+02
   endloop
 endfacet
 facet normal -1.857728e-01 -9.055343e-01 -3.814394e-01
   outer loop
     vertex -3.597161e+01  9.333586e+00  1.475358e+02
     vertex -3.513501e+01  9.111158e+00  1.476564e+02
     vertex -3.598588e+01  9.285716e+00  1.476564e+02
   endloop
 endfacet
 facet normal -1.596629e-01 -7.782635e-01 -6.073003e-01
   outer loop
     vertex -3.594892e+01  9.409736e+00  1.474323e+02
     vertex -3.512015e+01  9.239712e+00  1.474323e+02
     vertex -3.512927e+01  9.160778e+00  1.475358e+02
   endloop
 endfacet
 facet normal -1.596629e-01 -7.782635e-01 -6.073003e-01
   outer loop
     vertex -3.594892e+01  9.409736e+00  1.474323e+02
     vertex -3.512927e+01  9.160778e+00  1.475358e+02
     vertex -3.597161e+01  9.333586e+00  1.475358e+02
   endloop
 endfacet
 facet normal -1.226346e-01 -5.977722e-01 -7.922305e-01
   outer loop
     vertex -3.591935e+01  9.508977e+00  1.473528e+02
     vertex -3.510826e+01  9.342580e+00  1.473528e+02
     vertex -3.512015e+01  9.239712e+00  1.474323e+02
   endloop
 endfacet
 facet normal -1.226346e-01 -5.977722e-01 -7.922305e-01
   outer loop
     vertex -3.591935e+01  9.508977e+00  1.473528e+02
     vertex -3.512015e+01  9.239712e+00  1.474323e+02
     vertex -3.594892e+01  9.409736e+00  1.474323e+02
   endloop
 endfacet
 facet normal -2.632997e-02 -1.283432e-01 -9.913802e-01
   outer loop
     vertex -3.588491e+01  9.624545e+00  1.473029e+02
     vertex -3.584795e+01  9.748566e+00  1.472858e+02
     vertex -3.507955e+01  9.590927e+00  1.472858e+02
   endloop
 endfacet
 facet normal -7.715735e-02 -3.760971e-01 -9.233622e-01
   outer loop
     vertex -3.588491e+01  9.624545e+00  1.473029e+02
     vertex -3.509441e+01  9.462373e+00  1.473029e+02
     vertex -3.510826e+01  9.342580e+00  1.473528e+02
   endloop
 endfacet
 facet normal -2.632997e-02 -1.283432e-01 -9.913802e-01
   outer loop
     vertex -3.588491e+01  9.624545e+00  1.473029e+02
     vertex -3.507955e+01  9.590927e+00  1.472858e+02
     vertex -3.509441e+01  9.462373e+00  1.473029e+02
   endloop
 endfacet
 facet normal -7.715735e-02 -3.760971e-01 -9.233622e-01
   outer loop
     vertex -3.588491e+01  9.624545e+00  1.473029e+02
     vertex -3.510826e+01  9.342580e+00  1.473528e+02
     vertex -3.591935e+01  9.508977e+00  1.473528e+02
   endloop
 endfacet
 facet normal -3.648946e-01 -9.219230e-01 -1.300379e-01
   outer loop
     vertex -3.679350e+01  9.605373e+00  1.476564e+02
     vertex -3.599074e+01  9.269388e+00  1.477858e+02
     vertex -3.680113e+01  9.590138e+00  1.477858e+02
   endloop
 endfacet
 facet normal -3.648946e-01 -9.219230e-01 -1.300379e-01
   outer loop
     vertex -3.679350e+01  9.605373e+00  1.476564e+02
     vertex -3.598588e+01  9.285716e+00  1.476564e+02
     vertex -3.599074e+01  9.269388e+00  1.477858e+02
   endloop
 endfacet
 facet normal -3.401949e-01 -8.595181e-01 -3.814394e-01
   outer loop
     vertex -3.677114e+01  9.650039e+00  1.475358e+02
     vertex -3.597161e+01  9.333586e+00  1.475358e+02
     vertex -3.598588e+01  9.285716e+00  1.476564e+02
   endloop
 endfacet
 facet normal -3.401949e-01 -8.595181e-01 -3.814394e-01
   outer loop
     vertex -3.677114e+01  9.650039e+00  1.475358e+02
     vertex -3.598588e+01  9.285716e+00  1.476564e+02
     vertex -3.679350e+01  9.605373e+00  1.476564e+02
   endloop
 endfacet
 facet normal -2.923813e-01 -7.387148e-01 -6.073003e-01
   outer loop
     vertex -3.673557e+01  9.721091e+00  1.474323e+02
     vertex -3.594892e+01  9.409736e+00  1.474323e+02
     vertex -3.597161e+01  9.333586e+00  1.475358e+02
   endloop
 endfacet
 facet normal -2.923813e-01 -7.387148e-01 -6.073003e-01
   outer loop
     vertex -3.673557e+01  9.721091e+00  1.474323e+02
     vertex -3.597161e+01  9.333586e+00  1.475358e+02
     vertex -3.677114e+01  9.650039e+00  1.475358e+02
   endloop
 endfacet
 facet normal -2.245735e-01 -5.673954e-01 -7.922305e-01
   outer loop
     vertex -3.668922e+01  9.813689e+00  1.473528e+02
     vertex -3.591935e+01  9.508977e+00  1.473528e+02
     vertex -3.594892e+01  9.409736e+00  1.474323e+02
   endloop
 endfacet
 facet normal -2.245735e-01 -5.673954e-01 -7.922305e-01
   outer loop
     vertex -3.668922e+01  9.813689e+00  1.473528e+02
     vertex -3.594892e+01  9.409736e+00  1.474323e+02
     vertex -3.673557e+01  9.721091e+00  1.474323e+02
   endloop
 endfacet
 facet normal -1.412937e-01 -3.569852e-01 -9.233622e-01
   outer loop
     vertex -3.663523e+01  9.921522e+00  1.473029e+02
     vertex -3.591935e+01  9.508977e+00  1.473528e+02
     vertex -3.668922e+01  9.813689e+00  1.473528e+02
   endloop
 endfacet
 facet normal -4.821652e-02 -1.218213e-01 -9.913802e-01
   outer loop
     vertex -3.663523e+01  9.921522e+00  1.473029e+02
     vertex -3.657730e+01  1.003724e+01  1.472858e+02
     vertex -3.584795e+01  9.748566e+00  1.472858e+02
   endloop
 endfacet
 facet normal -4.821652e-02 -1.218213e-01 -9.913802e-01
   outer loop
     vertex -3.663523e+01  9.921522e+00  1.473029e+02
     vertex -3.584795e+01  9.748566e+00  1.472858e+02
     vertex -3.588491e+01  9.624545e+00  1.473029e+02
   endloop
 endfacet
 facet normal -1.412937e-01 -3.569852e-01 -9.233622e-01
   outer loop
     vertex -3.663523e+01  9.921522e+00  1.473029e+02
     vertex -3.588491e+01  9.624545e+00  1.473029e+02
     vertex -3.591935e+01  9.508977e+00  1.473528e+02
   endloop
 endfacet
 facet normal -5.194413e-01 -8.445537e-01 -1.300379e-01
   outer loop
     vertex -3.753335e+01  1.006042e+01  1.476564e+02
     vertex -3.680113e+01  9.590138e+00  1.477858e+02
     vertex -3.754351e+01  1.004674e+01  1.477858e+02
   endloop
 endfacet
 facet normal -5.194413e-01 -8.445537e-01 -1.300379e-01
   outer loop
     vertex -3.753335e+01  1.006042e+01  1.476564e+02
     vertex -3.679350e+01  9.605373e+00  1.476564e+02
     vertex -3.680113e+01  9.590138e+00  1.477858e+02
   endloop
 endfacet
 facet normal -4.842803e-01 -7.873859e-01 -3.814394e-01
   outer loop
     vertex -3.750358e+01  1.010052e+01  1.475358e+02
     vertex -3.677114e+01  9.650039e+00  1.475358e+02
     vertex -3.679350e+01  9.605373e+00  1.476564e+02
   endloop
 endfacet
 facet normal -4.842803e-01 -7.873859e-01 -3.814394e-01
   outer loop
     vertex -3.750358e+01  1.010052e+01  1.475358e+02
     vertex -3.679350e+01  9.605373e+00  1.476564e+02
     vertex -3.753335e+01  1.006042e+01  1.476564e+02
   endloop
 endfacet
 facet normal -4.162158e-01 -6.767206e-01 -6.073003e-01
   outer loop
     vertex -3.745621e+01  1.016432e+01  1.474323e+02
     vertex -3.677114e+01  9.650039e+00  1.475358e+02
     vertex -3.750358e+01  1.010052e+01  1.475358e+02
   endloop
 endfacet
 facet normal -4.162158e-01 -6.767206e-01 -6.073003e-01
   outer loop
     vertex -3.745621e+01  1.016432e+01  1.474323e+02
     vertex -3.673557e+01  9.721091e+00  1.474323e+02
     vertex -3.677114e+01  9.650039e+00  1.475358e+02
   endloop
 endfacet
 facet normal -3.196889e-01 -5.197786e-01 -7.922305e-01
   outer loop
     vertex -3.739448e+01  1.024746e+01  1.473528e+02
     vertex -3.673557e+01  9.721091e+00  1.474323e+02
     vertex -3.745621e+01  1.016432e+01  1.474323e+02
   endloop
 endfacet
 facet normal -3.196889e-01 -5.197786e-01 -7.922305e-01
   outer loop
     vertex -3.739448e+01  1.024746e+01  1.473528e+02
     vertex -3.668922e+01  9.813689e+00  1.473528e+02
     vertex -3.673557e+01  9.721091e+00  1.474323e+02
   endloop
 endfacet
 facet normal -6.863805e-02 -1.115978e-01 -9.913802e-01
   outer loop
     vertex -3.732259e+01  1.034428e+01  1.473029e+02
     vertex -3.724544e+01  1.044818e+01  1.472858e+02
     vertex -3.657730e+01  1.003724e+01  1.472858e+02
   endloop
 endfacet
 facet normal -2.011370e-01 -3.270263e-01 -9.233622e-01
   outer loop
     vertex -3.732259e+01  1.034428e+01  1.473029e+02
     vertex -3.668922e+01  9.813689e+00  1.473528e+02
     vertex -3.739448e+01  1.024746e+01  1.473528e+02
   endloop
 endfacet
 facet normal -6.863805e-02 -1.115978e-01 -9.913802e-01
   outer loop
     vertex -3.732259e+01  1.034428e+01  1.473029e+02
     vertex -3.657730e+01  1.003724e+01  1.472858e+02
     vertex -3.663523e+01  9.921522e+00  1.473029e+02
   endloop
 endfacet
 facet normal -2.011370e-01 -3.270263e-01 -9.233622e-01
   outer loop
     vertex -3.732259e+01  1.034428e+01  1.473029e+02
     vertex -3.663523e+01  9.921522e+00  1.473029e+02
     vertex -3.668922e+01  9.813689e+00  1.473528e+02
   endloop
 endfacet
 facet normal -6.582050e-01 -7.415230e-01 -1.300379e-01
   outer loop
     vertex -3.818295e+01  1.063702e+01  1.476564e+02
     vertex -3.753335e+01  1.006042e+01  1.476564e+02
     vertex -3.754351e+01  1.004674e+01  1.477858e+02
   endloop
 endfacet
 facet normal -6.582050e-01 -7.415230e-01 -1.300379e-01
   outer loop
     vertex -3.818295e+01  1.063702e+01  1.476564e+02
     vertex -3.754351e+01  1.004674e+01  1.477858e+02
     vertex -3.819533e+01  1.062531e+01  1.477858e+02
   endloop
 endfacet
 facet normal -6.136512e-01 -6.913293e-01 -3.814394e-01
   outer loop
     vertex -3.814666e+01  1.067135e+01  1.475358e+02
     vertex -3.753335e+01  1.006042e+01  1.476564e+02
     vertex -3.818295e+01  1.063702e+01  1.476564e+02
   endloop
 endfacet
 facet normal -6.136512e-01 -6.913293e-01 -3.814394e-01
   outer loop
     vertex -3.814666e+01  1.067135e+01  1.475358e+02
     vertex -3.750358e+01  1.010052e+01  1.475358e+02
     vertex -3.753335e+01  1.006042e+01  1.476564e+02
   endloop
 endfacet
 facet normal -5.274039e-01 -5.941645e-01 -6.073003e-01
   outer loop
     vertex -3.808893e+01  1.072595e+01  1.474323e+02
     vertex -3.745621e+01  1.016432e+01  1.474323e+02
     vertex -3.750358e+01  1.010052e+01  1.475358e+02
   endloop
 endfacet
 facet normal -5.274039e-01 -5.941645e-01 -6.073003e-01
   outer loop
     vertex -3.808893e+01  1.072595e+01  1.474323e+02
     vertex -3.750358e+01  1.010052e+01  1.475358e+02
     vertex -3.814666e+01  1.067135e+01  1.475358e+02
   endloop
 endfacet
 facet normal -4.050908e-01 -4.563686e-01 -7.922305e-01
   outer loop
     vertex -3.801370e+01  1.079711e+01  1.473528e+02
     vertex -3.745621e+01  1.016432e+01  1.474323e+02
     vertex -3.808893e+01  1.072595e+01  1.474323e+02
   endloop
 endfacet
 facet normal -4.050908e-01 -4.563686e-01 -7.922305e-01
   outer loop
     vertex -3.801370e+01  1.079711e+01  1.473528e+02
     vertex -3.739448e+01  1.024746e+01  1.473528e+02
     vertex -3.745621e+01  1.016432e+01  1.474323e+02
   endloop
 endfacet
 facet normal -8.697404e-02 -9.798352e-02 -9.913802e-01
   outer loop
     vertex -3.792609e+01  1.087997e+01  1.473029e+02
     vertex -3.783208e+01  1.096890e+01  1.472858e+02
     vertex -3.724544e+01  1.044818e+01  1.472858e+02
   endloop
 endfacet
 facet normal -2.548688e-01 -2.871310e-01 -9.233622e-01
   outer loop
     vertex -3.792609e+01  1.087997e+01  1.473029e+02
     vertex -3.739448e+01  1.024746e+01  1.473528e+02
     vertex -3.801370e+01  1.079711e+01  1.473528e+02
   endloop
 endfacet
 facet normal -8.697404e-02 -9.798352e-02 -9.913802e-01
   outer loop
     vertex -3.792609e+01  1.087997e+01  1.473029e+02
     vertex -3.724544e+01  1.044818e+01  1.472858e+02
     vertex -3.732259e+01  1.034428e+01  1.473029e+02
   endloop
 endfacet
 facet normal -2.548688e-01 -2.871310e-01 -9.233622e-01
   outer loop
     vertex -3.792609e+01  1.087997e+01  1.473029e+02
     vertex -3.732259e+01  1.034428e+01  1.473029e+02
     vertex -3.739448e+01  1.024746e+01  1.473528e+02
   endloop
 endfacet
 facet normal -7.769695e-01 -6.159615e-01 -1.300379e-01
   outer loop
     vertex -3.872255e+01  1.131767e+01  1.476564e+02
     vertex -3.818295e+01  1.063702e+01  1.476564e+02
     vertex -3.819533e+01  1.062531e+01  1.477858e+02
   endloop
 endfacet
 facet normal -7.769695e-01 -6.159615e-01 -1.300379e-01
   outer loop
     vertex -3.872255e+01  1.131767e+01  1.476564e+02
     vertex -3.819533e+01  1.062531e+01  1.477858e+02
     vertex -3.873677e+01  1.130829e+01  1.477858e+02
   endloop
 endfacet
 facet normal -7.243765e-01 -5.742671e-01 -3.814394e-01
   outer loop
     vertex -3.868085e+01  1.134517e+01  1.475358e+02
     vertex -3.814666e+01  1.067135e+01  1.475358e+02
     vertex -3.818295e+01  1.063702e+01  1.476564e+02
   endloop
 endfacet
 facet normal -7.243765e-01 -5.742671e-01 -3.814394e-01
   outer loop
     vertex -3.868085e+01  1.134517e+01  1.475358e+02
     vertex -3.818295e+01  1.063702e+01  1.476564e+02
     vertex -3.872255e+01  1.131767e+01  1.476564e+02
   endloop
 endfacet
 facet normal -6.225670e-01 -4.935551e-01 -6.073003e-01
   outer loop
     vertex -3.861452e+01  1.138892e+01  1.474323e+02
     vertex -3.808893e+01  1.072595e+01  1.474323e+02
     vertex -3.814666e+01  1.067135e+01  1.475358e+02
   endloop
 endfacet
 facet normal -4.781841e-01 -3.790921e-01 -7.922305e-01
   outer loop
     vertex -3.861452e+01  1.138892e+01  1.474323e+02
     vertex -3.801370e+01  1.079711e+01  1.473528e+02
     vertex -3.808893e+01  1.072595e+01  1.474323e+02
   endloop
 endfacet
 facet normal -6.225670e-01 -4.935551e-01 -6.073003e-01
   outer loop
     vertex -3.861452e+01  1.138892e+01  1.474323e+02
     vertex -3.814666e+01  1.067135e+01  1.475358e+02
     vertex -3.868085e+01  1.134517e+01  1.475358e+02
   endloop
 endfacet
 facet normal -4.781841e-01 -3.790921e-01 -7.922305e-01
   outer loop
     vertex -3.852807e+01  1.144593e+01  1.473528e+02
     vertex -3.801370e+01  1.079711e+01  1.473528e+02
     vertex -3.861452e+01  1.138892e+01  1.474323e+02
   endloop
 endfacet
 facet normal -1.026674e-01 -8.139205e-02 -9.913802e-01
   outer loop
     vertex -3.842741e+01  1.151232e+01  1.473029e+02
     vertex -3.831938e+01  1.158357e+01  1.472858e+02
     vertex -3.783208e+01  1.096890e+01  1.472858e+02
   endloop
 endfacet
 facet normal -1.026674e-01 -8.139205e-02 -9.913802e-01
   outer loop
     vertex -3.842741e+01  1.151232e+01  1.473029e+02
     vertex -3.783208e+01  1.096890e+01  1.472858e+02
     vertex -3.792609e+01  1.087997e+01  1.473029e+02
   endloop
 endfacet
 facet normal -3.008565e-01 -2.385113e-01 -9.233622e-01
   outer loop
     vertex -3.842741e+01  1.151232e+01  1.473029e+02
     vertex -3.792609e+01  1.087997e+01  1.473029e+02
     vertex -3.801370e+01  1.079711e+01  1.473528e+02
   endloop
 endfacet
 facet normal -3.008565e-01 -2.385113e-01 -9.233622e-01
   outer loop
     vertex -3.842741e+01  1.151232e+01  1.473029e+02
     vertex -3.801370e+01  1.079711e+01  1.473528e+02
     vertex -3.852807e+01  1.144593e+01  1.473528e+02
   endloop
 endfacet
 facet normal -8.721262e-01 -4.716843e-01 -1.300379e-01
   outer loop
     vertex -3.913575e+01  1.208167e+01  1.476564e+02
     vertex -3.873677e+01  1.130829e+01  1.477858e+02
     vertex -3.915139e+01  1.207490e+01  1.477858e+02
   endloop
 endfacet
 facet normal -8.721262e-01 -4.716843e-01 -1.300379e-01
   outer loop
     vertex -3.913575e+01  1.208167e+01  1.476564e+02
     vertex -3.872255e+01  1.131767e+01  1.476564e+02
     vertex -3.873677e+01  1.130829e+01  1.477858e+02
   endloop
 endfacet
 facet normal -8.130920e-01 -4.397560e-01 -3.814394e-01
   outer loop
     vertex -3.908991e+01  1.210152e+01  1.475358e+02
     vertex -3.868085e+01  1.134517e+01  1.475358e+02
     vertex -3.872255e+01  1.131767e+01  1.476564e+02
   endloop
 endfacet
 facet normal -6.988138e-01 -3.779493e-01 -6.073003e-01
   outer loop
     vertex -3.908991e+01  1.210152e+01  1.475358e+02
     vertex -3.861452e+01  1.138892e+01  1.474323e+02
     vertex -3.868085e+01  1.134517e+01  1.475358e+02
   endloop
 endfacet
 facet normal -8.130920e-01 -4.397560e-01 -3.814394e-01
   outer loop
     vertex -3.908991e+01  1.210152e+01  1.475358e+02
     vertex -3.872255e+01  1.131767e+01  1.476564e+02
     vertex -3.913575e+01  1.208167e+01  1.476564e+02
   endloop
 endfacet
 facet normal -5.367480e-01 -2.902970e-01 -7.922305e-01
   outer loop
     vertex -3.901699e+01  1.213308e+01  1.474323e+02
     vertex -3.852807e+01  1.144593e+01  1.473528e+02
     vertex -3.861452e+01  1.138892e+01  1.474323e+02
   endloop
 endfacet
 facet normal -6.988138e-01 -3.779493e-01 -6.073003e-01
   outer loop
     vertex -3.901699e+01  1.213308e+01  1.474323e+02
     vertex -3.861452e+01  1.138892e+01  1.474323e+02
     vertex -3.908991e+01  1.210152e+01  1.475358e+02
   endloop
 endfacet
 facet normal -5.367480e-01 -2.902970e-01 -7.922305e-01
   outer loop
     vertex -3.892196e+01  1.217422e+01  1.473528e+02
     vertex -3.852807e+01  1.144593e+01  1.473528e+02
     vertex -3.901699e+01  1.213308e+01  1.474323e+02
   endloop
 endfacet
 facet normal -1.152412e-01 -6.232752e-02 -9.913802e-01
   outer loop
     vertex -3.881129e+01  1.222212e+01  1.473029e+02
     vertex -3.869253e+01  1.227353e+01  1.472858e+02
     vertex -3.831938e+01  1.158357e+01  1.472858e+02
   endloop
 endfacet
 facet normal -1.152412e-01 -6.232752e-02 -9.913802e-01
   outer loop
     vertex -3.881129e+01  1.222212e+01  1.473029e+02
     vertex -3.831938e+01  1.158357e+01  1.472858e+02
     vertex -3.842741e+01  1.151232e+01  1.473029e+02
   endloop
 endfacet
 facet normal -3.377029e-01 -1.826446e-01 -9.233622e-01
   outer loop
     vertex -3.881129e+01  1.222212e+01  1.473029e+02
     vertex -3.842741e+01  1.151232e+01  1.473029e+02
     vertex -3.852807e+01  1.144593e+01  1.473528e+02
   endloop
 endfacet
 facet normal -3.377029e-01 -1.826446e-01 -9.233622e-01
   outer loop
     vertex -3.881129e+01  1.222212e+01  1.473029e+02
     vertex -3.852807e+01  1.144593e+01  1.473528e+02
     vertex -3.892196e+01  1.217422e+01  1.473528e+02
   endloop
 endfacet
 facet normal -9.407837e-01 -3.130752e-01 -1.300379e-01
   outer loop
     vertex -3.941002e+01  1.290582e+01  1.476564e+02
     vertex -3.915139e+01  1.207490e+01  1.477858e+02
     vertex -3.942659e+01  1.290187e+01  1.477858e+02
   endloop
 endfacet
 facet normal -9.407837e-01 -3.130752e-01 -1.300379e-01
   outer loop
     vertex -3.941002e+01  1.290582e+01  1.476564e+02
     vertex -3.913575e+01  1.208167e+01  1.476564e+02
     vertex -3.915139e+01  1.207490e+01  1.477858e+02
   endloop
 endfacet
 facet normal -8.771021e-01 -2.918832e-01 -3.814394e-01
   outer loop
     vertex -3.936143e+01  1.291740e+01  1.475358e+02
     vertex -3.908991e+01  1.210152e+01  1.475358e+02
     vertex -3.913575e+01  1.208167e+01  1.476564e+02
   endloop
 endfacet
 facet normal -8.771021e-01 -2.918832e-01 -3.814394e-01
   outer loop
     vertex -3.936143e+01  1.291740e+01  1.475358e+02
     vertex -3.913575e+01  1.208167e+01  1.476564e+02
     vertex -3.941002e+01  1.290582e+01  1.476564e+02
   endloop
 endfacet
 facet normal -7.538274e-01 -2.508596e-01 -6.073003e-01
   outer loop
     vertex -3.928413e+01  1.293583e+01  1.474323e+02
     vertex -3.901699e+01  1.213308e+01  1.474323e+02
     vertex -3.908991e+01  1.210152e+01  1.475358e+02
   endloop
 endfacet
 facet normal -7.538274e-01 -2.508596e-01 -6.073003e-01
   outer loop
     vertex -3.928413e+01  1.293583e+01  1.474323e+02
     vertex -3.908991e+01  1.210152e+01  1.475358e+02
     vertex -3.936143e+01  1.291740e+01  1.475358e+02
   endloop
 endfacet
 facet normal -5.790032e-01 -1.926814e-01 -7.922305e-01
   outer loop
     vertex -3.918340e+01  1.295984e+01  1.473528e+02
     vertex -3.892196e+01  1.217422e+01  1.473528e+02
     vertex -3.901699e+01  1.213308e+01  1.474323e+02
   endloop
 endfacet
 facet normal -5.790032e-01 -1.926814e-01 -7.922305e-01
   outer loop
     vertex -3.918340e+01  1.295984e+01  1.473528e+02
     vertex -3.901699e+01  1.213308e+01  1.474323e+02
     vertex -3.928413e+01  1.293583e+01  1.474323e+02
   endloop
 endfacet
 facet normal -1.243135e-01 -4.136920e-02 -9.913802e-01
   outer loop
     vertex -3.906610e+01  1.298780e+01  1.473029e+02
     vertex -3.894021e+01  1.301780e+01  1.472858e+02
     vertex -3.869253e+01  1.227353e+01  1.472858e+02
   endloop
 endfacet
 facet normal -1.243135e-01 -4.136920e-02 -9.913802e-01
   outer loop
     vertex -3.906610e+01  1.298780e+01  1.473029e+02
     vertex -3.869253e+01  1.227353e+01  1.472858e+02
     vertex -3.881129e+01  1.222212e+01  1.473029e+02
   endloop
 endfacet
 facet normal -3.642884e-01 -1.212283e-01 -9.233622e-01
   outer loop
     vertex -3.906610e+01  1.298780e+01  1.473029e+02
     vertex -3.881129e+01  1.222212e+01  1.473029e+02
     vertex -3.892196e+01  1.217422e+01  1.473528e+02
   endloop
 endfacet
 facet normal -3.642884e-01 -1.212283e-01 -9.233622e-01
   outer loop
     vertex -3.906610e+01  1.298780e+01  1.473029e+02
     vertex -3.892196e+01  1.217422e+01  1.473528e+02
     vertex -3.918340e+01  1.295984e+01  1.473528e+02
   endloop
 endfacet
 facet normal -9.808561e-01 -1.449535e-01 -1.300379e-01
   outer loop
     vertex -3.953700e+01  1.376508e+01  1.476564e+02
     vertex -3.942659e+01  1.290187e+01  1.477858e+02
     vertex -3.955401e+01  1.376407e+01  1.477858e+02
   endloop
 endfacet
 facet normal -9.808561e-01 -1.449535e-01 -1.300379e-01
   outer loop
     vertex -3.953700e+01  1.376508e+01  1.476564e+02
     vertex -3.941002e+01  1.290582e+01  1.476564e+02
     vertex -3.942659e+01  1.290187e+01  1.477858e+02
   endloop
 endfacet
 facet normal -9.144620e-01 -1.351416e-01 -3.814394e-01
   outer loop
     vertex -3.948714e+01  1.376805e+01  1.475358e+02
     vertex -3.936143e+01  1.291740e+01  1.475358e+02
     vertex -3.941002e+01  1.290582e+01  1.476564e+02
   endloop
 endfacet
 facet normal -7.859364e-01 -1.161478e-01 -6.073003e-01
   outer loop
     vertex -3.948714e+01  1.376805e+01  1.475358e+02
     vertex -3.928413e+01  1.293583e+01  1.474323e+02
     vertex -3.936143e+01  1.291740e+01  1.475358e+02
   endloop
 endfacet
 facet normal -9.144620e-01 -1.351416e-01 -3.814394e-01
   outer loop
     vertex -3.948714e+01  1.376805e+01  1.475358e+02
     vertex -3.941002e+01  1.290582e+01  1.476564e+02
     vertex -3.953700e+01  1.376508e+01  1.476564e+02
   endloop
 endfacet
 facet normal -7.859364e-01 -1.161478e-01 -6.073003e-01
   outer loop
     vertex -3.940782e+01  1.377277e+01  1.474323e+02
     vertex -3.928413e+01  1.293583e+01  1.474323e+02
     vertex -3.948714e+01  1.376805e+01  1.475358e+02
   endloop
 endfacet
 facet normal -6.036656e-01 -8.921131e-02 -7.922305e-01
   outer loop
     vertex -3.930445e+01  1.377892e+01  1.473528e+02
     vertex -3.928413e+01  1.293583e+01  1.474323e+02
     vertex -3.940782e+01  1.377277e+01  1.474323e+02
   endloop
 endfacet
 facet normal -6.036656e-01 -8.921131e-02 -7.922305e-01
   outer loop
     vertex -3.930445e+01  1.377892e+01  1.473528e+02
     vertex -3.918340e+01  1.295984e+01  1.473528e+02
     vertex -3.928413e+01  1.293583e+01  1.474323e+02
   endloop
 endfacet
 facet normal -3.798051e-01 -5.612860e-02 -9.233622e-01
   outer loop
     vertex -3.918407e+01  1.378609e+01  1.473029e+02
     vertex -3.918340e+01  1.295984e+01  1.473528e+02
     vertex -3.930445e+01  1.377892e+01  1.473528e+02
   endloop
 endfacet
 facet normal -1.296086e-01 -1.915390e-02 -9.913802e-01
   outer loop
     vertex -3.918407e+01  1.378609e+01  1.473029e+02
     vertex -3.905489e+01  1.379378e+01  1.472858e+02
     vertex -3.894021e+01  1.301780e+01  1.472858e+02
   endloop
 endfacet
 facet normal -1.309656e-01  3.643384e-03 -9.913802e-01
   outer loop
     vertex -3.918407e+01  1.378609e+01  1.473029e+02
     vertex -3.903308e+01  1.457787e+01  1.472858e+02
     vertex -3.905489e+01  1.379378e+01  1.472858e+02
   endloop
 endfacet
 facet normal -1.296086e-01 -1.915390e-02 -9.913802e-01
   outer loop
     vertex -3.918407e+01  1.378609e+01  1.473029e+02
     vertex -3.894021e+01  1.301780e+01  1.472858e+02
     vertex -3.906610e+01  1.298780e+01  1.473029e+02
   endloop
 endfacet
 facet normal -3.798051e-01 -5.612860e-02 -9.233622e-01
   outer loop
     vertex -3.918407e+01  1.378609e+01  1.473029e+02
     vertex -3.906610e+01  1.298780e+01  1.473029e+02
     vertex -3.918340e+01  1.295984e+01  1.473528e+02
   endloop
 endfacet
 facet normal -9.911256e-01  2.757252e-02 -1.300379e-01
   outer loop
     vertex -3.951284e+01  1.463333e+01  1.476564e+02
     vertex -3.955401e+01  1.376407e+01  1.477858e+02
     vertex -3.952977e+01  1.463529e+01  1.477858e+02
   endloop
 endfacet
 facet normal -9.911256e-01  2.757252e-02 -1.300379e-01
   outer loop
     vertex -3.951284e+01  1.463333e+01  1.476564e+02
     vertex -3.953700e+01  1.376508e+01  1.476564e+02
     vertex -3.955401e+01  1.376407e+01  1.477858e+02
   endloop
 endfacet
 facet normal -9.240363e-01  2.570614e-02 -3.814394e-01
   outer loop
     vertex -3.951284e+01  1.463333e+01  1.476564e+02
     vertex -3.948714e+01  1.376805e+01  1.475358e+02
     vertex -3.953700e+01  1.376508e+01  1.476564e+02
   endloop
 endfacet
 facet normal -9.240363e-01  2.570614e-02 -3.814394e-01
   outer loop
     vertex -3.946323e+01  1.462759e+01  1.475358e+02
     vertex -3.948714e+01  1.376805e+01  1.475358e+02
     vertex -3.951284e+01  1.463333e+01  1.476564e+02
   endloop
 endfacet
 facet normal -7.941651e-01  2.209320e-02 -6.073003e-01
   outer loop
     vertex -3.938429e+01  1.461847e+01  1.474323e+02
     vertex -3.948714e+01  1.376805e+01  1.475358e+02
     vertex -3.946323e+01  1.462759e+01  1.475358e+02
   endloop
 endfacet
 facet normal -7.941651e-01  2.209320e-02 -6.073003e-01
   outer loop
     vertex -3.938429e+01  1.461847e+01  1.474323e+02
     vertex -3.940782e+01  1.377277e+01  1.474323e+02
     vertex -3.948714e+01  1.376805e+01  1.475358e+02
   endloop
 endfacet
 facet normal -6.099859e-01  1.696945e-02 -7.922305e-01
   outer loop
     vertex -3.928142e+01  1.460658e+01  1.473528e+02
     vertex -3.930445e+01  1.377892e+01  1.473528e+02
     vertex -3.940782e+01  1.377277e+01  1.474323e+02
   endloop
 endfacet
 facet normal -6.099859e-01  1.696945e-02 -7.922305e-01
   outer loop
     vertex -3.928142e+01  1.460658e+01  1.473528e+02
     vertex -3.940782e+01  1.377277e+01  1.474323e+02
     vertex -3.938429e+01  1.461847e+01  1.474323e+02
   endloop
 endfacet
 facet normal -3.837816e-01  1.067658e-02 -9.233622e-01
   outer loop
     vertex -3.928142e+01  1.460658e+01  1.473528e+02
     vertex -3.918407e+01  1.378609e+01  1.473029e+02
     vertex -3.930445e+01  1.377892e+01  1.473528e+02
   endloop
 endfacet
 facet normal -1.309656e-01  3.643384e-03 -9.913802e-01
   outer loop
     vertex -3.916163e+01  1.459273e+01  1.473029e+02
     vertex -3.903308e+01  1.457787e+01  1.472858e+02
     vertex -3.918407e+01  1.378609e+01  1.473029e+02
   endloop
 endfacet
 facet normal -3.837816e-01  1.067658e-02 -9.233622e-01
   outer loop
     vertex -3.916163e+01  1.459273e+01  1.473029e+02
     vertex -3.918407e+01  1.378609e+01  1.473029e+02
     vertex -3.928142e+01  1.460658e+01  1.473528e+02
   endloop
 endfacet
 facet normal -9.219230e-01  3.648946e-01 -1.300379e-01
   outer loop
     vertex -3.933829e+01  1.548420e+01  1.476564e+02
     vertex -3.935461e+01  1.548906e+01  1.477858e+02
     vertex -3.903386e+01  1.629945e+01  1.477858e+02
   endloop
 endfacet
 facet normal -9.712802e-01  1.992608e-01 -1.300379e-01
   outer loop
     vertex -3.933829e+01  1.548420e+01  1.476564e+02
     vertex -3.952977e+01  1.463529e+01  1.477858e+02
     vertex -3.935461e+01  1.548906e+01  1.477858e+02
   endloop
 endfacet
 facet normal -9.712802e-01  1.992608e-01 -1.300379e-01
   outer loop
     vertex -3.933829e+01  1.548420e+01  1.476564e+02
     vertex -3.951284e+01  1.463333e+01  1.476564e+02
     vertex -3.952977e+01  1.463529e+01  1.477858e+02
   endloop
 endfacet
 facet normal -9.055343e-01  1.857728e-01 -3.814394e-01
   outer loop
     vertex -3.929042e+01  1.546993e+01  1.475358e+02
     vertex -3.951284e+01  1.463333e+01  1.476564e+02
     vertex -3.933829e+01  1.548420e+01  1.476564e+02
   endloop
 endfacet
 facet normal -9.055343e-01  1.857728e-01 -3.814394e-01
   outer loop
     vertex -3.929042e+01  1.546993e+01  1.475358e+02
     vertex -3.946323e+01  1.462759e+01  1.475358e+02
     vertex -3.951284e+01  1.463333e+01  1.476564e+02
   endloop
 endfacet
 facet normal -7.782635e-01  1.596629e-01 -6.073003e-01
   outer loop
     vertex -3.921427e+01  1.544724e+01  1.474323e+02
     vertex -3.938429e+01  1.461847e+01  1.474323e+02
     vertex -3.946323e+01  1.462759e+01  1.475358e+02
   endloop
 endfacet
 facet normal -7.782635e-01  1.596629e-01 -6.073003e-01
   outer loop
     vertex -3.921427e+01  1.544724e+01  1.474323e+02
     vertex -3.946323e+01  1.462759e+01  1.475358e+02
     vertex -3.929042e+01  1.546993e+01  1.475358e+02
   endloop
 endfacet
 facet normal -5.977722e-01  1.226346e-01 -7.922305e-01
   outer loop
     vertex -3.911503e+01  1.541767e+01  1.473528e+02
     vertex -3.938429e+01  1.461847e+01  1.474323e+02
     vertex -3.921427e+01  1.544724e+01  1.474323e+02
   endloop
 endfacet
 facet normal -5.977722e-01  1.226346e-01 -7.922305e-01
   outer loop
     vertex -3.911503e+01  1.541767e+01  1.473528e+02
     vertex -3.928142e+01  1.460658e+01  1.473528e+02
     vertex -3.938429e+01  1.461847e+01  1.474323e+02
   endloop
 endfacet
 facet normal -1.283432e-01  2.632997e-02 -9.913802e-01
   outer loop
     vertex -3.899946e+01  1.538323e+01  1.473029e+02
     vertex -3.903308e+01  1.457787e+01  1.472858e+02
     vertex -3.916163e+01  1.459273e+01  1.473029e+02
   endloop
 endfacet
 facet normal -1.283432e-01  2.632997e-02 -9.913802e-01
   outer loop
     vertex -3.899946e+01  1.538323e+01  1.473029e+02
     vertex -3.887544e+01  1.534627e+01  1.472858e+02
     vertex -3.903308e+01  1.457787e+01  1.472858e+02
   endloop
 endfacet
 facet normal -3.760971e-01  7.715735e-02 -9.233622e-01
   outer loop
     vertex -3.899946e+01  1.538323e+01  1.473029e+02
     vertex -3.916163e+01  1.459273e+01  1.473029e+02
     vertex -3.928142e+01  1.460658e+01  1.473528e+02
   endloop
 endfacet
 facet normal -3.760971e-01  7.715735e-02 -9.233622e-01
   outer loop
     vertex -3.899946e+01  1.538323e+01  1.473029e+02
     vertex -3.928142e+01  1.460658e+01  1.473528e+02
     vertex -3.911503e+01  1.541767e+01  1.473528e+02
   endloop
 endfacet
 facet normal -9.219230e-01  3.648946e-01 -1.300379e-01
   outer loop
     vertex -3.901863e+01  1.629183e+01  1.476564e+02
     vertex -3.933829e+01  1.548420e+01  1.476564e+02
     vertex -3.903386e+01  1.629945e+01  1.477858e+02
   endloop
 endfacet
 facet normal -8.595181e-01  3.401949e-01 -3.814394e-01
   outer loop
     vertex -3.897396e+01  1.626947e+01  1.475358e+02
     vertex -3.929042e+01  1.546993e+01  1.475358e+02
     vertex -3.933829e+01  1.548420e+01  1.476564e+02
   endloop
 endfacet
 facet normal -8.595181e-01  3.401949e-01 -3.814394e-01
   outer loop
     vertex -3.897396e+01  1.626947e+01  1.475358e+02
     vertex -3.933829e+01  1.548420e+01  1.476564e+02
     vertex -3.901863e+01  1.629183e+01  1.476564e+02
   endloop
 endfacet
 facet normal -7.387148e-01  2.923813e-01 -6.073003e-01
   outer loop
     vertex -3.897396e+01  1.626947e+01  1.475358e+02
     vertex -3.921427e+01  1.544724e+01  1.474323e+02
     vertex -3.929042e+01  1.546993e+01  1.475358e+02
   endloop
 endfacet
 facet normal -5.673954e-01  2.245735e-01 -7.922305e-01
   outer loop
     vertex -3.890291e+01  1.623389e+01  1.474323e+02
     vertex -3.911503e+01  1.541767e+01  1.473528e+02
     vertex -3.921427e+01  1.544724e+01  1.474323e+02
   endloop
 endfacet
 facet normal -7.387148e-01  2.923813e-01 -6.073003e-01
   outer loop
     vertex -3.890291e+01  1.623389e+01  1.474323e+02
     vertex -3.921427e+01  1.544724e+01  1.474323e+02
     vertex -3.897396e+01  1.626947e+01  1.475358e+02
   endloop
 endfacet
 facet normal -5.673954e-01  2.245735e-01 -7.922305e-01
   outer loop
     vertex -3.881031e+01  1.618754e+01  1.473528e+02
     vertex -3.911503e+01  1.541767e+01  1.473528e+02
     vertex -3.890291e+01  1.623389e+01  1.474323e+02
   endloop
 endfacet
 facet normal -1.218213e-01  4.821652e-02 -9.913802e-01
   outer loop
     vertex -3.870248e+01  1.613355e+01  1.473029e+02
     vertex -3.858676e+01  1.607562e+01  1.472858e+02
     vertex -3.887544e+01  1.534627e+01  1.472858e+02
   endloop
 endfacet
 facet normal -1.218213e-01  4.821652e-02 -9.913802e-01
   outer loop
     vertex -3.870248e+01  1.613355e+01  1.473029e+02
     vertex -3.887544e+01  1.534627e+01  1.472858e+02
     vertex -3.899946e+01  1.538323e+01  1.473029e+02
   endloop
 endfacet
 facet normal -3.569852e-01  1.412937e-01 -9.233622e-01
   outer loop
     vertex -3.870248e+01  1.613355e+01  1.473029e+02
     vertex -3.899946e+01  1.538323e+01  1.473029e+02
     vertex -3.911503e+01  1.541767e+01  1.473528e+02
   endloop
 endfacet
 facet normal -3.569852e-01  1.412937e-01 -9.233622e-01
   outer loop
     vertex -3.870248e+01  1.613355e+01  1.473029e+02
     vertex -3.911503e+01  1.541767e+01  1.473528e+02
     vertex -3.881031e+01  1.618754e+01  1.473528e+02
   endloop
 endfacet
 facet normal -8.445537e-01  5.194413e-01 -1.300379e-01
   outer loop
     vertex -3.856359e+01  1.703168e+01  1.476564e+02
     vertex -3.903386e+01  1.629945e+01  1.477858e+02
     vertex -3.857726e+01  1.704183e+01  1.477858e+02
   endloop
 endfacet
 facet normal -8.445537e-01  5.194413e-01 -1.300379e-01
   outer loop
     vertex -3.856359e+01  1.703168e+01  1.476564e+02
     vertex -3.901863e+01  1.629183e+01  1.476564e+02
     vertex -3.903386e+01  1.629945e+01  1.477858e+02
   endloop
 endfacet
 facet normal -7.873859e-01  4.842803e-01 -3.814394e-01
   outer loop
     vertex -3.852348e+01  1.700190e+01  1.475358e+02
     vertex -3.897396e+01  1.626947e+01  1.475358e+02
     vertex -3.901863e+01  1.629183e+01  1.476564e+02
   endloop
 endfacet
 facet normal -6.767206e-01  4.162158e-01 -6.073003e-01
   outer loop
     vertex -3.852348e+01  1.700190e+01  1.475358e+02
     vertex -3.890291e+01  1.623389e+01  1.474323e+02
     vertex -3.897396e+01  1.626947e+01  1.475358e+02
   endloop
 endfacet
 facet normal -7.873859e-01  4.842803e-01 -3.814394e-01
   outer loop
     vertex -3.852348e+01  1.700190e+01  1.475358e+02
     vertex -3.901863e+01  1.629183e+01  1.476564e+02
     vertex -3.856359e+01  1.703168e+01  1.476564e+02
   endloop
 endfacet
 facet normal -6.767206e-01  4.162158e-01 -6.073003e-01
   outer loop
     vertex -3.845969e+01  1.695453e+01  1.474323e+02
     vertex -3.890291e+01  1.623389e+01  1.474323e+02
     vertex -3.852348e+01  1.700190e+01  1.475358e+02
   endloop
 endfacet
 facet normal -5.197786e-01  3.196889e-01 -7.922305e-01
   outer loop
     vertex -3.837654e+01  1.689280e+01  1.473528e+02
     vertex -3.881031e+01  1.618754e+01  1.473528e+02
     vertex -3.890291e+01  1.623389e+01  1.474323e+02
   endloop
 endfacet
 facet normal -5.197786e-01  3.196889e-01 -7.922305e-01
   outer loop
     vertex -3.837654e+01  1.689280e+01  1.473528e+02
     vertex -3.890291e+01  1.623389e+01  1.474323e+02
     vertex -3.845969e+01  1.695453e+01  1.474323e+02
   endloop
 endfacet
 facet normal -1.115978e-01  6.863805e-02 -9.913802e-01
   outer loop
     vertex -3.827972e+01  1.682091e+01  1.473029e+02
     vertex -3.817582e+01  1.674377e+01  1.472858e+02
     vertex -3.858676e+01  1.607562e+01  1.472858e+02
   endloop
 endfacet
 facet normal -1.115978e-01  6.863805e-02 -9.913802e-01
   outer loop
     vertex -3.827972e+01  1.682091e+01  1.473029e+02
     vertex -3.858676e+01  1.607562e+01  1.472858e+02
     vertex -3.870248e+01  1.613355e+01  1.473029e+02
   endloop
 endfacet
 facet normal -3.270263e-01  2.011370e-01 -9.233622e-01
   outer loop
     vertex -3.827972e+01  1.682091e+01  1.473029e+02
     vertex -3.870248e+01  1.613355e+01  1.473029e+02
     vertex -3.881031e+01  1.618754e+01  1.473528e+02
   endloop
 endfacet
 facet normal -3.270263e-01  2.011370e-01 -9.233622e-01
   outer loop
     vertex -3.827972e+01  1.682091e+01  1.473029e+02
     vertex -3.881031e+01  1.618754e+01  1.473528e+02
     vertex -3.837654e+01  1.689280e+01  1.473528e+02
   endloop
 endfacet
 facet normal -7.415230e-01  6.582050e-01 -1.300379e-01
   outer loop
     vertex -3.798698e+01  1.768127e+01  1.476564e+02
     vertex -3.856359e+01  1.703168e+01  1.476564e+02
     vertex -3.857726e+01  1.704183e+01  1.477858e+02
   endloop
 endfacet
 facet normal -7.415230e-01  6.582050e-01 -1.300379e-01
   outer loop
     vertex -3.798698e+01  1.768127e+01  1.476564e+02
     vertex -3.857726e+01  1.704183e+01  1.477858e+02
     vertex -3.799869e+01  1.769365e+01  1.477858e+02
   endloop
 endfacet
 facet normal -6.913293e-01  6.136512e-01 -3.814394e-01
   outer loop
     vertex -3.795266e+01  1.764498e+01  1.475358e+02
     vertex -3.856359e+01  1.703168e+01  1.476564e+02
     vertex -3.798698e+01  1.768127e+01  1.476564e+02
   endloop
 endfacet
 facet normal -6.913293e-01  6.136512e-01 -3.814394e-01
   outer loop
     vertex -3.795266e+01  1.764498e+01  1.475358e+02
     vertex -3.852348e+01  1.700190e+01  1.475358e+02
     vertex -3.856359e+01  1.703168e+01  1.476564e+02
   endloop
 endfacet
 facet normal -5.941645e-01  5.274039e-01 -6.073003e-01
   outer loop
     vertex -3.789806e+01  1.758725e+01  1.474323e+02
     vertex -3.845969e+01  1.695453e+01  1.474323e+02
     vertex -3.852348e+01  1.700190e+01  1.475358e+02
   endloop
 endfacet
 facet normal -4.563686e-01  4.050908e-01 -7.922305e-01
   outer loop
     vertex -3.789806e+01  1.758725e+01  1.474323e+02
     vertex -3.837654e+01  1.689280e+01  1.473528e+02
     vertex -3.845969e+01  1.695453e+01  1.474323e+02
   endloop
 endfacet
 facet normal -5.941645e-01  5.274039e-01 -6.073003e-01
   outer loop
     vertex -3.789806e+01  1.758725e+01  1.474323e+02
     vertex -3.852348e+01  1.700190e+01  1.475358e+02
     vertex -3.795266e+01  1.764498e+01  1.475358e+02
   endloop
 endfacet
 facet normal -4.563686e-01  4.050908e-01 -7.922305e-01
   outer loop
     vertex -3.782690e+01  1.751202e+01  1.473528e+02
     vertex -3.837654e+01  1.689280e+01  1.473528e+02
     vertex -3.789806e+01  1.758725e+01  1.474323e+02
   endloop
 endfacet
 facet normal -9.798352e-02  8.697404e-02 -9.913802e-01
   outer loop
     vertex -3.774403e+01  1.742441e+01  1.473029e+02
     vertex -3.765510e+01  1.733040e+01  1.472858e+02
     vertex -3.817582e+01  1.674377e+01  1.472858e+02
   endloop
 endfacet
 facet normal -9.798352e-02  8.697404e-02 -9.913802e-01
   outer loop
     vertex -3.774403e+01  1.742441e+01  1.473029e+02
     vertex -3.817582e+01  1.674377e+01  1.472858e+02
     vertex -3.827972e+01  1.682091e+01  1.473029e+02
   endloop
 endfacet
 facet normal -2.871310e-01  2.548688e-01 -9.233622e-01
   outer loop
     vertex -3.774403e+01  1.742441e+01  1.473029e+02
     vertex -3.827972e+01  1.682091e+01  1.473029e+02
     vertex -3.837654e+01  1.689280e+01  1.473528e+02
   endloop
 endfacet
 facet normal -2.871310e-01  2.548688e-01 -9.233622e-01
   outer loop
     vertex -3.774403e+01  1.742441e+01  1.473029e+02
     vertex -3.837654e+01  1.689280e+01  1.473528e+02
     vertex -3.782690e+01  1.751202e+01  1.473528e+02
   endloop
 endfacet
 facet normal -6.159615e-01  7.769695e-01 -1.300379e-01
   outer loop
     vertex -3.730634e+01  1.822087e+01  1.476564e+02
     vertex -3.798698e+01  1.768127e+01  1.476564e+02
     vertex -3.799869e+01  1.769365e+01  1.477858e+02
   endloop
 endfacet
 facet normal -6.159615e-01  7.769695e-01 -1.300379e-01
   outer loop
     vertex -3.730634e+01  1.822087e+01  1.476564e+02
     vertex -3.799869e+01  1.769365e+01  1.477858e+02
     vertex -3.731572e+01  1.823509e+01  1.477858e+02
   endloop
 endfacet
 facet normal -5.742671e-01  7.243765e-01 -3.814394e-01
   outer loop
     vertex -3.727883e+01  1.817917e+01  1.475358e+02
     vertex -3.798698e+01  1.768127e+01  1.476564e+02
     vertex -3.730634e+01  1.822087e+01  1.476564e+02
   endloop
 endfacet
 facet normal -5.742671e-01  7.243765e-01 -3.814394e-01
   outer loop
     vertex -3.727883e+01  1.817917e+01  1.475358e+02
     vertex -3.795266e+01  1.764498e+01  1.475358e+02
     vertex -3.798698e+01  1.768127e+01  1.476564e+02
   endloop
 endfacet
 facet normal -4.935551e-01  6.225670e-01 -6.073003e-01
   outer loop
     vertex -3.723509e+01  1.811284e+01  1.474323e+02
     vertex -3.789806e+01  1.758725e+01  1.474323e+02
     vertex -3.795266e+01  1.764498e+01  1.475358e+02
   endloop
 endfacet
 facet normal -3.790921e-01  4.781841e-01 -7.922305e-01
   outer loop
     vertex -3.723509e+01  1.811284e+01  1.474323e+02
     vertex -3.782690e+01  1.751202e+01  1.473528e+02
     vertex -3.789806e+01  1.758725e+01  1.474323e+02
   endloop
 endfacet
 facet normal -4.935551e-01  6.225670e-01 -6.073003e-01
   outer loop
     vertex -3.723509e+01  1.811284e+01  1.474323e+02
     vertex -3.795266e+01  1.764498e+01  1.475358e+02
     vertex -3.727883e+01  1.817917e+01  1.475358e+02
   endloop
 endfacet
 facet normal -3.790921e-01  4.781841e-01 -7.922305e-01
   outer loop
     vertex -3.717807e+01  1.802639e+01  1.473528e+02
     vertex -3.782690e+01  1.751202e+01  1.473528e+02
     vertex -3.723509e+01  1.811284e+01  1.474323e+02
   endloop
 endfacet
 facet normal -8.139205e-02  1.026674e-01 -9.913802e-01
   outer loop
     vertex -3.711168e+01  1.792573e+01  1.473029e+02
     vertex -3.704043e+01  1.781770e+01  1.472858e+02
     vertex -3.765510e+01  1.733040e+01  1.472858e+02
   endloop
 endfacet
 facet normal -8.139205e-02  1.026674e-01 -9.913802e-01
   outer loop
     vertex -3.711168e+01  1.792573e+01  1.473029e+02
     vertex -3.765510e+01  1.733040e+01  1.472858e+02
     vertex -3.774403e+01  1.742441e+01  1.473029e+02
   endloop
 endfacet
 facet normal -2.385113e-01  3.008565e-01 -9.233622e-01
   outer loop
     vertex -3.711168e+01  1.792573e+01  1.473029e+02
     vertex -3.774403e+01  1.742441e+01  1.473029e+02
     vertex -3.782690e+01  1.751202e+01  1.473528e+02
   endloop
 endfacet
 facet normal -2.385113e-01  3.008565e-01 -9.233622e-01
   outer loop
     vertex -3.711168e+01  1.792573e+01  1.473029e+02
     vertex -3.782690e+01  1.751202e+01  1.473528e+02
     vertex -3.717807e+01  1.802639e+01  1.473528e+02
   endloop
 endfacet
 facet normal -4.716843e-01  8.721262e-01 -1.300379e-01
   outer loop
     vertex -3.654233e+01  1.863408e+01  1.476564e+02
     vertex -3.731572e+01  1.823509e+01  1.477858e+02
     vertex -3.654910e+01  1.864971e+01  1.477858e+02
   endloop
 endfacet
 facet normal -4.716843e-01  8.721262e-01 -1.300379e-01
   outer loop
     vertex -3.654233e+01  1.863408e+01  1.476564e+02
     vertex -3.730634e+01  1.822087e+01  1.476564e+02
     vertex -3.731572e+01  1.823509e+01  1.477858e+02
   endloop
 endfacet
 facet normal -4.397560e-01  8.130920e-01 -3.814394e-01
   outer loop
     vertex -3.652249e+01  1.858824e+01  1.475358e+02
     vertex -3.730634e+01  1.822087e+01  1.476564e+02
     vertex -3.654233e+01  1.863408e+01  1.476564e+02
   endloop
 endfacet
 facet normal -4.397560e-01  8.130920e-01 -3.814394e-01
   outer loop
     vertex -3.652249e+01  1.858824e+01  1.475358e+02
     vertex -3.727883e+01  1.817917e+01  1.475358e+02
     vertex -3.730634e+01  1.822087e+01  1.476564e+02
   endloop
 endfacet
 facet normal -3.779493e-01  6.988138e-01 -6.073003e-01
   outer loop
     vertex -3.649092e+01  1.851532e+01  1.474323e+02
     vertex -3.727883e+01  1.817917e+01  1.475358e+02
     vertex -3.652249e+01  1.858824e+01  1.475358e+02
   endloop
 endfacet
 facet normal -3.779493e-01  6.988138e-01 -6.073003e-01
   outer loop
     vertex -3.649092e+01  1.851532e+01  1.474323e+02
     vertex -3.723509e+01  1.811284e+01  1.474323e+02
     vertex -3.727883e+01  1.817917e+01  1.475358e+02
   endloop
 endfacet
 facet normal -2.902970e-01  5.367480e-01 -7.922305e-01
   outer loop
     vertex -3.644979e+01  1.842028e+01  1.473528e+02
     vertex -3.723509e+01  1.811284e+01  1.474323e+02
     vertex -3.649092e+01  1.851532e+01  1.474323e+02
   endloop
 endfacet
 facet normal -2.902970e-01  5.367480e-01 -7.922305e-01
   outer loop
     vertex -3.644979e+01  1.842028e+01  1.473528e+02
     vertex -3.717807e+01  1.802639e+01  1.473528e+02
     vertex -3.723509e+01  1.811284e+01  1.474323e+02
   endloop
 endfacet
 facet normal -1.826446e-01  3.377029e-01 -9.233622e-01
   outer loop
     vertex -3.640188e+01  1.830962e+01  1.473029e+02
     vertex -3.711168e+01  1.792573e+01  1.473029e+02
     vertex -3.717807e+01  1.802639e+01  1.473528e+02
   endloop
 endfacet
 facet normal -1.826446e-01  3.377029e-01 -9.233622e-01
   outer loop
     vertex -3.640188e+01  1.830962e+01  1.473029e+02
     vertex -3.717807e+01  1.802639e+01  1.473528e+02
     vertex -3.644979e+01  1.842028e+01  1.473528e+02
   endloop
 endfacet
 facet normal -6.232752e-02  1.152412e-01 -9.913802e-01
   outer loop
     vertex -3.640188e+01  1.830962e+01  1.473029e+02
     vertex -3.635047e+01  1.819086e+01  1.472858e+02
     vertex -3.704043e+01  1.781770e+01  1.472858e+02
   endloop
 endfacet
 facet normal -6.232752e-02  1.152412e-01 -9.913802e-01
   outer loop
     vertex -3.640188e+01  1.830962e+01  1.473029e+02
     vertex -3.704043e+01  1.781770e+01  1.472858e+02
     vertex -3.711168e+01  1.792573e+01  1.473029e+02
   endloop
 endfacet
 facet normal -3.130752e-01  9.407837e-01 -1.300379e-01
   outer loop
     vertex -3.571818e+01  1.890834e+01  1.476564e+02
     vertex -3.654233e+01  1.863408e+01  1.476564e+02
     vertex -3.654910e+01  1.864971e+01  1.477858e+02
   endloop
 endfacet
 facet normal -3.130752e-01  9.407837e-01 -1.300379e-01
   outer loop
     vertex -3.571818e+01  1.890834e+01  1.476564e+02
     vertex -3.654910e+01  1.864971e+01  1.477858e+02
     vertex -3.572213e+01  1.892491e+01  1.477858e+02
   endloop
 endfacet
 facet normal -2.508596e-01  7.538274e-01 -6.073003e-01
   outer loop
     vertex -3.570660e+01  1.885975e+01  1.475358e+02
     vertex -3.649092e+01  1.851532e+01  1.474323e+02
     vertex -3.652249e+01  1.858824e+01  1.475358e+02
   endloop
 endfacet
 facet normal -2.918832e-01  8.771021e-01 -3.814394e-01
   outer loop
     vertex -3.570660e+01  1.885975e+01  1.475358e+02
     vertex -3.654233e+01  1.863408e+01  1.476564e+02
     vertex -3.571818e+01  1.890834e+01  1.476564e+02
   endloop
 endfacet
 facet normal -2.918832e-01  8.771021e-01 -3.814394e-01
   outer loop
     vertex -3.570660e+01  1.885975e+01  1.475358e+02
     vertex -3.652249e+01  1.858824e+01  1.475358e+02
     vertex -3.654233e+01  1.863408e+01  1.476564e+02
   endloop
 endfacet
 facet normal -2.508596e-01  7.538274e-01 -6.073003e-01
   outer loop
     vertex -3.568818e+01  1.878245e+01  1.474323e+02
     vertex -3.649092e+01  1.851532e+01  1.474323e+02
     vertex -3.570660e+01  1.885975e+01  1.475358e+02
   endloop
 endfacet
 facet normal -1.926814e-01  5.790032e-01 -7.922305e-01
   outer loop
     vertex -3.566417e+01  1.868172e+01  1.473528e+02
     vertex -3.644979e+01  1.842028e+01  1.473528e+02
     vertex -3.649092e+01  1.851532e+01  1.474323e+02
   endloop
 endfacet
 facet normal -1.212283e-01  3.642884e-01 -9.233622e-01
   outer loop
     vertex -3.566417e+01  1.868172e+01  1.473528e+02
     vertex -3.640188e+01  1.830962e+01  1.473029e+02
     vertex -3.644979e+01  1.842028e+01  1.473528e+02
   endloop
 endfacet
 facet normal -1.926814e-01  5.790032e-01 -7.922305e-01
   outer loop
     vertex -3.566417e+01  1.868172e+01  1.473528e+02
     vertex -3.649092e+01  1.851532e+01  1.474323e+02
     vertex -3.568818e+01  1.878245e+01  1.474323e+02
   endloop
 endfacet
 facet normal -4.136920e-02  1.243135e-01 -9.913802e-01
   outer loop
     vertex -3.563621e+01  1.856442e+01  1.473029e+02
     vertex -3.635047e+01  1.819086e+01  1.472858e+02
     vertex -3.640188e+01  1.830962e+01  1.473029e+02
   endloop
 endfacet
 facet normal -4.136920e-02  1.243135e-01 -9.913802e-01
   outer loop
     vertex -3.563621e+01  1.856442e+01  1.473029e+02
     vertex -3.560620e+01  1.843854e+01  1.472858e+02
     vertex -3.635047e+01  1.819086e+01  1.472858e+02
   endloop
 endfacet
 facet normal -1.212283e-01  3.642884e-01 -9.233622e-01
   outer loop
     vertex -3.563621e+01  1.856442e+01  1.473029e+02
     vertex -3.640188e+01  1.830962e+01  1.473029e+02
     vertex -3.566417e+01  1.868172e+01  1.473528e+02
   endloop
 endfacet
 facet normal -1.449535e-01  9.808561e-01 -1.300379e-01
   outer loop
     vertex -3.485892e+01  1.903532e+01  1.476564e+02
     vertex -3.571818e+01  1.890834e+01  1.476564e+02
     vertex -3.572213e+01  1.892491e+01  1.477858e+02
   endloop
 endfacet
 facet normal -1.449535e-01  9.808561e-01 -1.300379e-01
   outer loop
     vertex -3.485892e+01  1.903532e+01  1.476564e+02
     vertex -3.572213e+01  1.892491e+01  1.477858e+02
     vertex -3.485994e+01  1.905233e+01  1.477858e+02
   endloop
 endfacet
 facet normal  2.757252e-02  9.911256e-01 -1.300379e-01
   outer loop
     vertex -3.485892e+01  1.903532e+01  1.476564e+02
     vertex -3.485994e+01  1.905233e+01  1.477858e+02
     vertex -3.399067e+01  1.901117e+01  1.476564e+02
   endloop
 endfacet
 facet normal  2.570614e-02  9.240363e-01 -3.814394e-01
   outer loop
     vertex -3.485596e+01  1.898546e+01  1.475358e+02
     vertex -3.399067e+01  1.901117e+01  1.476564e+02
     vertex -3.399641e+01  1.896155e+01  1.475358e+02
   endloop
 endfacet
 facet normal -1.351416e-01  9.144620e-01 -3.814394e-01
   outer loop
     vertex -3.485596e+01  1.898546e+01  1.475358e+02
     vertex -3.570660e+01  1.885975e+01  1.475358e+02
     vertex -3.571818e+01  1.890834e+01  1.476564e+02
   endloop
 endfacet
 facet normal  2.570614e-02  9.240363e-01 -3.814394e-01
   outer loop
     vertex -3.485596e+01  1.898546e+01  1.475358e+02
     vertex -3.485892e+01  1.903532e+01  1.476564e+02
     vertex -3.399067e+01  1.901117e+01  1.476564e+02
   endloop
 endfacet
 facet normal -1.351416e-01  9.144620e-01 -3.814394e-01
   outer loop
     vertex -3.485596e+01  1.898546e+01  1.475358e+02
     vertex -3.571818e+01  1.890834e+01  1.476564e+02
     vertex -3.485892e+01  1.903532e+01  1.476564e+02
   endloop
 endfacet
 facet normal  2.209320e-02  7.941651e-01 -6.073003e-01
   outer loop
     vertex -3.485123e+01  1.890614e+01  1.474323e+02
     vertex -3.399641e+01  1.896155e+01  1.475358e+02
     vertex -3.400553e+01  1.888261e+01  1.474323e+02
   endloop
 endfacet
 facet normal -1.161478e-01  7.859364e-01 -6.073003e-01
   outer loop
     vertex -3.485123e+01  1.890614e+01  1.474323e+02
     vertex -3.568818e+01  1.878245e+01  1.474323e+02
     vertex -3.570660e+01  1.885975e+01  1.475358e+02
   endloop
 endfacet
 facet normal -1.161478e-01  7.859364e-01 -6.073003e-01
   outer loop
     vertex -3.485123e+01  1.890614e+01  1.474323e+02
     vertex -3.570660e+01  1.885975e+01  1.475358e+02
     vertex -3.485596e+01  1.898546e+01  1.475358e+02
   endloop
 endfacet
 facet normal  2.209320e-02  7.941651e-01 -6.073003e-01
   outer loop
     vertex -3.485123e+01  1.890614e+01  1.474323e+02
     vertex -3.485596e+01  1.898546e+01  1.475358e+02
     vertex -3.399641e+01  1.896155e+01  1.475358e+02
   endloop
 endfacet
 facet normal  1.696945e-02  6.099859e-01 -7.922305e-01
   outer loop
     vertex -3.484508e+01  1.880277e+01  1.473528e+02
     vertex -3.400553e+01  1.888261e+01  1.474323e+02
     vertex -3.401742e+01  1.877974e+01  1.473528e+02
   endloop
 endfacet
 facet normal -8.921131e-02  6.036656e-01 -7.922305e-01
   outer loop
     vertex -3.484508e+01  1.880277e+01  1.473528e+02
     vertex -3.566417e+01  1.868172e+01  1.473528e+02
     vertex -3.568818e+01  1.878245e+01  1.474323e+02
   endloop
 endfacet
 facet normal -8.921131e-02  6.036656e-01 -7.922305e-01
   outer loop
     vertex -3.484508e+01  1.880277e+01  1.473528e+02
     vertex -3.568818e+01  1.878245e+01  1.474323e+02
     vertex -3.485123e+01  1.890614e+01  1.474323e+02
   endloop
 endfacet
 facet normal  1.696945e-02  6.099859e-01 -7.922305e-01
   outer loop
     vertex -3.484508e+01  1.880277e+01  1.473528e+02
     vertex -3.485123e+01  1.890614e+01  1.474323e+02
     vertex -3.400553e+01  1.888261e+01  1.474323e+02
   endloop
 endfacet
 facet normal  3.643384e-03  1.309656e-01 -9.913802e-01
   outer loop
     vertex -3.483792e+01  1.868239e+01  1.473029e+02
     vertex -3.403127e+01  1.865995e+01  1.473029e+02
     vertex -3.404613e+01  1.853140e+01  1.472858e+02
   endloop
 endfacet
 facet normal  1.067658e-02  3.837816e-01 -9.233622e-01
   outer loop
     vertex -3.483792e+01  1.868239e+01  1.473029e+02
     vertex -3.401742e+01  1.877974e+01  1.473528e+02
     vertex -3.403127e+01  1.865995e+01  1.473029e+02
   endloop
 endfacet
 facet normal -1.915390e-02  1.296086e-01 -9.913802e-01
   outer loop
     vertex -3.483792e+01  1.868239e+01  1.473029e+02
     vertex -3.483023e+01  1.855321e+01  1.472858e+02
     vertex -3.560620e+01  1.843854e+01  1.472858e+02
   endloop
 endfacet
 facet normal  3.643384e-03  1.309656e-01 -9.913802e-01
   outer loop
     vertex -3.483792e+01  1.868239e+01  1.473029e+02
     vertex -3.404613e+01  1.853140e+01  1.472858e+02
     vertex -3.483023e+01  1.855321e+01  1.472858e+02
   endloop
 endfacet
 facet normal -5.612860e-02  3.798051e-01 -9.233622e-01
   outer loop
     vertex -3.483792e+01  1.868239e+01  1.473029e+02
     vertex -3.566417e+01  1.868172e+01  1.473528e+02
     vertex -3.484508e+01  1.880277e+01  1.473528e+02
   endloop
 endfacet
 facet normal -1.915390e-02  1.296086e-01 -9.913802e-01
   outer loop
     vertex -3.483792e+01  1.868239e+01  1.473029e+02
     vertex -3.560620e+01  1.843854e+01  1.472858e+02
     vertex -3.563621e+01  1.856442e+01  1.473029e+02
   endloop
 endfacet
 facet normal -5.612860e-02  3.798051e-01 -9.233622e-01
   outer loop
     vertex -3.483792e+01  1.868239e+01  1.473029e+02
     vertex -3.563621e+01  1.856442e+01  1.473029e+02
     vertex -3.566417e+01  1.868172e+01  1.473528e+02
   endloop
 endfacet
 facet normal  1.067658e-02  3.837816e-01 -9.233622e-01
   outer loop
     vertex -3.483792e+01  1.868239e+01  1.473029e+02
     vertex -3.484508e+01  1.880277e+01  1.473528e+02
     vertex -3.401742e+01  1.877974e+01  1.473528e+02
   endloop
 endfacet
 facet normal -1.138425e-01 -9.848872e-01 -1.305262e-01
   outer loop
     vertex  2.248137e+01  2.451316e+00  1.476564e+02
     vertex -3.513696e+01  9.094234e+00  1.477858e+02
     vertex -3.513501e+01  9.111158e+00  1.476564e+02
   endloop
 endfacet
 facet normal -1.138425e-01 -9.848872e-01 -1.305262e-01
   outer loop
     vertex  2.248137e+01  2.451316e+00  1.476564e+02
     vertex  2.247941e+01  2.434392e+00  1.477858e+02
     vertex -3.513696e+01  9.094234e+00  1.477858e+02
   endloop
 endfacet
 facet normal -1.060843e-01 -9.177688e-01 -3.826834e-01
   outer loop
     vertex  2.248710e+01  2.500936e+00  1.475358e+02
     vertex -3.513501e+01  9.111158e+00  1.476564e+02
     vertex -3.512927e+01  9.160778e+00  1.475358e+02
   endloop
 endfacet
 facet normal -1.060843e-01 -9.177688e-01 -3.826834e-01
   outer loop
     vertex  2.248710e+01  2.500936e+00  1.475358e+02
     vertex  2.248137e+01  2.451316e+00  1.476564e+02
     vertex -3.513501e+01  9.111158e+00  1.476564e+02
   endloop
 endfacet
 facet normal -9.109669e-02 -7.881059e-01 -6.087614e-01
   outer loop
     vertex  2.249622e+01  2.579870e+00  1.474323e+02
     vertex -3.512927e+01  9.160778e+00  1.475358e+02
     vertex -3.512015e+01  9.239712e+00  1.474323e+02
   endloop
 endfacet
 facet normal -9.109669e-02 -7.881059e-01 -6.087614e-01
   outer loop
     vertex  2.249622e+01  2.579870e+00  1.474323e+02
     vertex  2.248710e+01  2.500936e+00  1.475358e+02
     vertex -3.512927e+01  9.160778e+00  1.475358e+02
   endloop
 endfacet
 facet normal -6.990095e-02 -6.047349e-01 -7.933533e-01
   outer loop
     vertex  2.250811e+01  2.682738e+00  1.473528e+02
     vertex -3.512015e+01  9.239712e+00  1.474323e+02
     vertex -3.510826e+01  9.342580e+00  1.473528e+02
   endloop
 endfacet
 facet normal -6.990095e-02 -6.047349e-01 -7.933533e-01
   outer loop
     vertex  2.250811e+01  2.682738e+00  1.473528e+02
     vertex  2.249622e+01  2.579870e+00  1.474323e+02
     vertex -3.512015e+01  9.239712e+00  1.474323e+02
   endloop
 endfacet
 facet normal -4.394157e-02 -3.801523e-01 -9.238795e-01
   outer loop
     vertex  2.252196e+01  2.802531e+00  1.473029e+02
     vertex -3.510826e+01  9.342580e+00  1.473528e+02
     vertex -3.509441e+01  9.462373e+00  1.473029e+02
   endloop
 endfacet
 facet normal -4.394157e-02 -3.801523e-01 -9.238795e-01
   outer loop
     vertex  2.252196e+01  2.802531e+00  1.473029e+02
     vertex  2.250811e+01  2.682738e+00  1.473528e+02
     vertex -3.510826e+01  9.342580e+00  1.473528e+02
   endloop
 endfacet
 facet normal -1.498765e-02 -1.296629e-01 -9.914449e-01
   outer loop
     vertex  2.253682e+01  2.931085e+00  1.472858e+02
     vertex -3.509441e+01  9.462373e+00  1.473029e+02
     vertex -3.507955e+01  9.590927e+00  1.472858e+02
   endloop
 endfacet
 facet normal -1.498765e-02 -1.296629e-01 -9.914449e-01
   outer loop
     vertex  2.253682e+01  2.931085e+00  1.472858e+02
     vertex  2.252196e+01  2.802531e+00  1.473029e+02
     vertex -3.509441e+01  9.462373e+00  1.473029e+02
   endloop
 endfacet
 facet normal  1.138425e-01  9.848872e-01 -1.305262e-01
   outer loop
     vertex -3.399067e+01  1.901117e+01  1.476564e+02
     vertex -3.398872e+01  1.902809e+01  1.477858e+02
     vertex  2.362766e+01  1.236825e+01  1.477858e+02
   endloop
 endfacet
 facet normal  1.138425e-01  9.848872e-01 -1.305262e-01
   outer loop
     vertex -3.399067e+01  1.901117e+01  1.476564e+02
     vertex  2.362766e+01  1.236825e+01  1.477858e+02
     vertex  2.362570e+01  1.235132e+01  1.476564e+02
   endloop
 endfacet
 facet normal  1.060843e-01  9.177688e-01 -3.826834e-01
   outer loop
     vertex -3.399641e+01  1.896155e+01  1.475358e+02
     vertex  2.362570e+01  1.235132e+01  1.476564e+02
     vertex  2.361997e+01  1.230170e+01  1.475358e+02
   endloop
 endfacet
 facet normal  1.060843e-01  9.177688e-01 -3.826834e-01
   outer loop
     vertex -3.399641e+01  1.896155e+01  1.475358e+02
     vertex -3.399067e+01  1.901117e+01  1.476564e+02
     vertex  2.362570e+01  1.235132e+01  1.476564e+02
   endloop
 endfacet
 facet normal  9.109669e-02  7.881059e-01 -6.087614e-01
   outer loop
     vertex -3.400553e+01  1.888261e+01  1.474323e+02
     vertex  2.361997e+01  1.230170e+01  1.475358e+02
     vertex  2.361084e+01  1.222277e+01  1.474323e+02
   endloop
 endfacet
 facet normal  9.109669e-02  7.881059e-01 -6.087614e-01
   outer loop
     vertex -3.400553e+01  1.888261e+01  1.474323e+02
     vertex -3.399641e+01  1.896155e+01  1.475358e+02
     vertex  2.361997e+01  1.230170e+01  1.475358e+02
   endloop
 endfacet
 facet normal  6.990095e-02  6.047349e-01 -7.933533e-01
   outer loop
     vertex -3.401742e+01  1.877974e+01  1.473528e+02
     vertex  2.361084e+01  1.222277e+01  1.474323e+02
     vertex  2.359895e+01  1.211990e+01  1.473528e+02
   endloop
 endfacet
 facet normal  6.990095e-02  6.047349e-01 -7.933533e-01
   outer loop
     vertex -3.401742e+01  1.877974e+01  1.473528e+02
     vertex -3.400553e+01  1.888261e+01  1.474323e+02
     vertex  2.361084e+01  1.222277e+01  1.474323e+02
   endloop
 endfacet
 facet normal  4.394157e-02  3.801523e-01 -9.238795e-01
   outer loop
     vertex -3.403127e+01  1.865995e+01  1.473029e+02
     vertex  2.359895e+01  1.211990e+01  1.473528e+02
     vertex  2.358510e+01  1.200011e+01  1.473029e+02
   endloop
 endfacet
 facet normal  4.394157e-02  3.801523e-01 -9.238795e-01
   outer loop
     vertex -3.403127e+01  1.865995e+01  1.473029e+02
     vertex -3.401742e+01  1.877974e+01  1.473528e+02
     vertex  2.359895e+01  1.211990e+01  1.473528e+02
   endloop
 endfacet
 facet normal  1.498765e-02  1.296629e-01 -9.914449e-01
   outer loop
     vertex -3.404613e+01  1.853140e+01  1.472858e+02
     vertex  2.358510e+01  1.200011e+01  1.473029e+02
     vertex  2.357024e+01  1.187156e+01  1.472858e+02
   endloop
 endfacet
 facet normal  1.498765e-02  1.296629e-01 -9.914449e-01
   outer loop
     vertex -3.404613e+01  1.853140e+01  1.472858e+02
     vertex -3.403127e+01  1.865995e+01  1.473029e+02
     vertex  2.358510e+01  1.200011e+01  1.473029e+02
   endloop
 endfacet
 facet normal  1.283432e-01 -2.632997e-02 -9.913802e-01
   outer loop
     vertex  2.736613e+01  6.116210e+00  1.472858e+02
     vertex  2.752377e+01  6.884609e+00  1.472858e+02
     vertex  2.765232e+01  6.869749e+00  1.473029e+02
   endloop
 endfacet
 facet normal  9.712802e-01 -1.992608e-01 -1.300379e-01
   outer loop
     vertex  2.782898e+01  5.978286e+00  1.476564e+02
     vertex  2.800354e+01  6.829152e+00  1.476564e+02
     vertex  2.802046e+01  6.827196e+00  1.477858e+02
   endloop
 endfacet
 facet normal  9.712802e-01 -1.992608e-01 -1.300379e-01
   outer loop
     vertex  2.782898e+01  5.978286e+00  1.476564e+02
     vertex  2.802046e+01  6.827196e+00  1.477858e+02
     vertex  2.784531e+01  5.973420e+00  1.477858e+02
   endloop
 endfacet
 facet normal  9.055343e-01 -1.857728e-01 -3.814394e-01
   outer loop
     vertex  2.778111e+01  5.992550e+00  1.475358e+02
     vertex  2.795392e+01  6.834888e+00  1.475358e+02
     vertex  2.800354e+01  6.829152e+00  1.476564e+02
   endloop
 endfacet
 facet normal  9.055343e-01 -1.857728e-01 -3.814394e-01
   outer loop
     vertex  2.778111e+01  5.992550e+00  1.475358e+02
     vertex  2.800354e+01  6.829152e+00  1.476564e+02
     vertex  2.782898e+01  5.978286e+00  1.476564e+02
   endloop
 endfacet
 facet normal  7.782635e-01 -1.596629e-01 -6.073003e-01
   outer loop
     vertex  2.770496e+01  6.015242e+00  1.474323e+02
     vertex  2.787498e+01  6.844012e+00  1.474323e+02
     vertex  2.795392e+01  6.834888e+00  1.475358e+02
   endloop
 endfacet
 facet normal  7.782635e-01 -1.596629e-01 -6.073003e-01
   outer loop
     vertex  2.770496e+01  6.015242e+00  1.474323e+02
     vertex  2.795392e+01  6.834888e+00  1.475358e+02
     vertex  2.778111e+01  5.992550e+00  1.475358e+02
   endloop
 endfacet
 facet normal  5.977722e-01 -1.226346e-01 -7.922305e-01
   outer loop
     vertex  2.760572e+01  6.044815e+00  1.473528e+02
     vertex  2.777212e+01  6.855902e+00  1.473528e+02
     vertex  2.787498e+01  6.844012e+00  1.474323e+02
   endloop
 endfacet
 facet normal  5.977722e-01 -1.226346e-01 -7.922305e-01
   outer loop
     vertex  2.760572e+01  6.044815e+00  1.473528e+02
     vertex  2.787498e+01  6.844012e+00  1.474323e+02
     vertex  2.770496e+01  6.015242e+00  1.474323e+02
   endloop
 endfacet
 facet normal  3.760971e-01 -7.715735e-02 -9.233622e-01
   outer loop
     vertex  2.749015e+01  6.079253e+00  1.473029e+02
     vertex  2.765232e+01  6.869749e+00  1.473029e+02
     vertex  2.777212e+01  6.855902e+00  1.473528e+02
   endloop
 endfacet
 facet normal  1.283432e-01 -2.632997e-02 -9.913802e-01
   outer loop
     vertex  2.749015e+01  6.079253e+00  1.473029e+02
     vertex  2.736613e+01  6.116210e+00  1.472858e+02
     vertex  2.765232e+01  6.869749e+00  1.473029e+02
   endloop
 endfacet
 facet normal  3.760971e-01 -7.715735e-02 -9.233622e-01
   outer loop
     vertex  2.749015e+01  6.079253e+00  1.473029e+02
     vertex  2.777212e+01  6.855902e+00  1.473528e+02
     vertex  2.760572e+01  6.044815e+00  1.473528e+02
   endloop
 endfacet
 facet normal  9.219230e-01 -3.648946e-01 -1.300379e-01
   outer loop
     vertex  2.750932e+01  5.170657e+00  1.476564e+02
     vertex  2.784531e+01  5.973420e+00  1.477858e+02
     vertex  2.752456e+01  5.163030e+00  1.477858e+02
   endloop
 endfacet
 facet normal  9.219230e-01 -3.648946e-01 -1.300379e-01
   outer loop
     vertex  2.750932e+01  5.170657e+00  1.476564e+02
     vertex  2.782898e+01  5.978286e+00  1.476564e+02
     vertex  2.784531e+01  5.973420e+00  1.477858e+02
   endloop
 endfacet
 facet normal  8.595181e-01 -3.401949e-01 -3.814394e-01
   outer loop
     vertex  2.746466e+01  5.193018e+00  1.475358e+02
     vertex  2.782898e+01  5.978286e+00  1.476564e+02
     vertex  2.750932e+01  5.170657e+00  1.476564e+02
   endloop
 endfacet
 facet normal  8.595181e-01 -3.401949e-01 -3.814394e-01
   outer loop
     vertex  2.746466e+01  5.193018e+00  1.475358e+02
     vertex  2.778111e+01  5.992550e+00  1.475358e+02
     vertex  2.782898e+01  5.978286e+00  1.476564e+02
   endloop
 endfacet
 facet normal  7.387148e-01 -2.923813e-01 -6.073003e-01
   outer loop
     vertex  2.739360e+01  5.228588e+00  1.474323e+02
     vertex  2.778111e+01  5.992550e+00  1.475358e+02
     vertex  2.746466e+01  5.193018e+00  1.475358e+02
   endloop
 endfacet
 facet normal  7.387148e-01 -2.923813e-01 -6.073003e-01
   outer loop
     vertex  2.739360e+01  5.228588e+00  1.474323e+02
     vertex  2.770496e+01  6.015242e+00  1.474323e+02
     vertex  2.778111e+01  5.992550e+00  1.475358e+02
   endloop
 endfacet
 facet normal  5.673954e-01 -2.245735e-01 -7.922305e-01
   outer loop
     vertex  2.730101e+01  5.274945e+00  1.473528e+02
     vertex  2.760572e+01  6.044815e+00  1.473528e+02
     vertex  2.770496e+01  6.015242e+00  1.474323e+02
   endloop
 endfacet
 facet normal  5.673954e-01 -2.245735e-01 -7.922305e-01
   outer loop
     vertex  2.730101e+01  5.274945e+00  1.473528e+02
     vertex  2.770496e+01  6.015242e+00  1.474323e+02
     vertex  2.739360e+01  5.228588e+00  1.474323e+02
   endloop
 endfacet
 facet normal  1.218213e-01 -4.821652e-02 -9.913802e-01
   outer loop
     vertex  2.719317e+01  5.328928e+00  1.473029e+02
     vertex  2.707745e+01  5.386859e+00  1.472858e+02
     vertex  2.736613e+01  6.116210e+00  1.472858e+02
   endloop
 endfacet
 facet normal  3.569852e-01 -1.412937e-01 -9.233622e-01
   outer loop
     vertex  2.719317e+01  5.328928e+00  1.473029e+02
     vertex  2.760572e+01  6.044815e+00  1.473528e+02
     vertex  2.730101e+01  5.274945e+00  1.473528e+02
   endloop
 endfacet
 facet normal  1.218213e-01 -4.821652e-02 -9.913802e-01
   outer loop
     vertex  2.719317e+01  5.328928e+00  1.473029e+02
     vertex  2.736613e+01  6.116210e+00  1.472858e+02
     vertex  2.749015e+01  6.079253e+00  1.473029e+02
   endloop
 endfacet
 facet normal  3.569852e-01 -1.412937e-01 -9.233622e-01
   outer loop
     vertex  2.719317e+01  5.328928e+00  1.473029e+02
     vertex  2.749015e+01  6.079253e+00  1.473029e+02
     vertex  2.760572e+01  6.044815e+00  1.473528e+02
   endloop
 endfacet
 facet normal  8.445537e-01 -5.194413e-01 -1.300379e-01
   outer loop
     vertex  2.705428e+01  4.430806e+00  1.476564e+02
     vertex  2.752456e+01  5.163030e+00  1.477858e+02
     vertex  2.706796e+01  4.420650e+00  1.477858e+02
   endloop
 endfacet
 facet normal  8.445537e-01 -5.194413e-01 -1.300379e-01
   outer loop
     vertex  2.705428e+01  4.430806e+00  1.476564e+02
     vertex  2.750932e+01  5.170657e+00  1.476564e+02
     vertex  2.752456e+01  5.163030e+00  1.477858e+02
   endloop
 endfacet
 facet normal  7.873859e-01 -4.842803e-01 -3.814394e-01
   outer loop
     vertex  2.701417e+01  4.460583e+00  1.475358e+02
     vertex  2.746466e+01  5.193018e+00  1.475358e+02
     vertex  2.750932e+01  5.170657e+00  1.476564e+02
   endloop
 endfacet
 facet normal  7.873859e-01 -4.842803e-01 -3.814394e-01
   outer loop
     vertex  2.701417e+01  4.460583e+00  1.475358e+02
     vertex  2.750932e+01  5.170657e+00  1.476564e+02
     vertex  2.705428e+01  4.430806e+00  1.476564e+02
   endloop
 endfacet
 facet normal  6.767206e-01 -4.162158e-01 -6.073003e-01
   outer loop
     vertex  2.695038e+01  4.507952e+00  1.474323e+02
     vertex  2.739360e+01  5.228588e+00  1.474323e+02
     vertex  2.746466e+01  5.193018e+00  1.475358e+02
   endloop
 endfacet
 facet normal  6.767206e-01 -4.162158e-01 -6.073003e-01
   outer loop
     vertex  2.695038e+01  4.507952e+00  1.474323e+02
     vertex  2.746466e+01  5.193018e+00  1.475358e+02
     vertex  2.701417e+01  4.460583e+00  1.475358e+02
   endloop
 endfacet
 facet normal  5.197786e-01 -3.196889e-01 -7.922305e-01
   outer loop
     vertex  2.686724e+01  4.569683e+00  1.473528e+02
     vertex  2.730101e+01  5.274945e+00  1.473528e+02
     vertex  2.739360e+01  5.228588e+00  1.474323e+02
   endloop
 endfacet
 facet normal  5.197786e-01 -3.196889e-01 -7.922305e-01
   outer loop
     vertex  2.686724e+01  4.569683e+00  1.473528e+02
     vertex  2.739360e+01  5.228588e+00  1.474323e+02
     vertex  2.695038e+01  4.507952e+00  1.474323e+02
   endloop
 endfacet
 facet normal  1.115978e-01 -6.863805e-02 -9.913802e-01
   outer loop
     vertex  2.677042e+01  4.641571e+00  1.473029e+02
     vertex  2.666651e+01  4.718717e+00  1.472858e+02
     vertex  2.707745e+01  5.386859e+00  1.472858e+02
   endloop
 endfacet
 facet normal  3.270263e-01 -2.011370e-01 -9.233622e-01
   outer loop
     vertex  2.677042e+01  4.641571e+00  1.473029e+02
     vertex  2.719317e+01  5.328928e+00  1.473029e+02
     vertex  2.730101e+01  5.274945e+00  1.473528e+02
   endloop
 endfacet
 facet normal  1.115978e-01 -6.863805e-02 -9.913802e-01
   outer loop
     vertex  2.677042e+01  4.641571e+00  1.473029e+02
     vertex  2.707745e+01  5.386859e+00  1.472858e+02
     vertex  2.719317e+01  5.328928e+00  1.473029e+02
   endloop
 endfacet
 facet normal  3.270263e-01 -2.011370e-01 -9.233622e-01
   outer loop
     vertex  2.677042e+01  4.641571e+00  1.473029e+02
     vertex  2.730101e+01  5.274945e+00  1.473528e+02
     vertex  2.686724e+01  4.569683e+00  1.473528e+02
   endloop
 endfacet
 facet normal  7.415230e-01 -6.582050e-01 -1.300379e-01
   outer loop
     vertex  2.647767e+01  3.781213e+00  1.476564e+02
     vertex  2.706796e+01  4.420650e+00  1.477858e+02
     vertex  2.648938e+01  3.768835e+00  1.477858e+02
   endloop
 endfacet
 facet normal  7.415230e-01 -6.582050e-01 -1.300379e-01
   outer loop
     vertex  2.647767e+01  3.781213e+00  1.476564e+02
     vertex  2.705428e+01  4.430806e+00  1.476564e+02
     vertex  2.706796e+01  4.420650e+00  1.477858e+02
   endloop
 endfacet
 facet normal  6.913293e-01 -6.136512e-01 -3.814394e-01
   outer loop
     vertex  2.644335e+01  3.817501e+00  1.475358e+02
     vertex  2.705428e+01  4.430806e+00  1.476564e+02
     vertex  2.647767e+01  3.781213e+00  1.476564e+02
   endloop
 endfacet
 facet normal  6.913293e-01 -6.136512e-01 -3.814394e-01
   outer loop
     vertex  2.644335e+01  3.817501e+00  1.475358e+02
     vertex  2.701417e+01  4.460583e+00  1.475358e+02
     vertex  2.705428e+01  4.430806e+00  1.476564e+02
   endloop
 endfacet
 facet normal  5.941645e-01 -5.274039e-01 -6.073003e-01
   outer loop
     vertex  2.638875e+01  3.875228e+00  1.474323e+02
     vertex  2.701417e+01  4.460583e+00  1.475358e+02
     vertex  2.644335e+01  3.817501e+00  1.475358e+02
   endloop
 endfacet
 facet normal  5.941645e-01 -5.274039e-01 -6.073003e-01
   outer loop
     vertex  2.638875e+01  3.875228e+00  1.474323e+02
     vertex  2.695038e+01  4.507952e+00  1.474323e+02
     vertex  2.701417e+01  4.460583e+00  1.475358e+02
   endloop
 endfacet
 facet normal  4.563686e-01 -4.050908e-01 -7.922305e-01
   outer loop
     vertex  2.631759e+01  3.950460e+00  1.473528e+02
     vertex  2.695038e+01  4.507952e+00  1.474323e+02
     vertex  2.638875e+01  3.875228e+00  1.474323e+02
   endloop
 endfacet
 facet normal  4.563686e-01 -4.050908e-01 -7.922305e-01
   outer loop
     vertex  2.631759e+01  3.950460e+00  1.473528e+02
     vertex  2.686724e+01  4.569683e+00  1.473528e+02
     vertex  2.695038e+01  4.507952e+00  1.474323e+02
   endloop
 endfacet
 facet normal  2.871310e-01 -2.548688e-01 -9.233622e-01
   outer loop
     vertex  2.623472e+01  4.038068e+00  1.473029e+02
     vertex  2.677042e+01  4.641571e+00  1.473029e+02
     vertex  2.686724e+01  4.569683e+00  1.473528e+02
   endloop
 endfacet
 facet normal  2.871310e-01 -2.548688e-01 -9.233622e-01
   outer loop
     vertex  2.623472e+01  4.038068e+00  1.473029e+02
     vertex  2.686724e+01  4.569683e+00  1.473528e+02
     vertex  2.631759e+01  3.950460e+00  1.473528e+02
   endloop
 endfacet
 facet normal  9.798352e-02 -8.697404e-02 -9.913802e-01
   outer loop
     vertex  2.623472e+01  4.038068e+00  1.473029e+02
     vertex  2.614580e+01  4.132084e+00  1.472858e+02
     vertex  2.666651e+01  4.718717e+00  1.472858e+02
   endloop
 endfacet
 facet normal  8.139205e-02 -1.026674e-01 -9.913802e-01
   outer loop
     vertex  2.623472e+01  4.038068e+00  1.473029e+02
     vertex  2.553112e+01  3.644785e+00  1.472858e+02
     vertex  2.614580e+01  4.132084e+00  1.472858e+02
   endloop
 endfacet
 facet normal  9.798352e-02 -8.697404e-02 -9.913802e-01
   outer loop
     vertex  2.623472e+01  4.038068e+00  1.473029e+02
     vertex  2.666651e+01  4.718717e+00  1.472858e+02
     vertex  2.677042e+01  4.641571e+00  1.473029e+02
   endloop
 endfacet
 facet normal  6.159615e-01 -7.769695e-01 -1.300379e-01
   outer loop
     vertex  2.579703e+01  3.241615e+00  1.476564e+02
     vertex  2.648938e+01  3.768835e+00  1.477858e+02
     vertex  2.580641e+01  3.227392e+00  1.477858e+02
   endloop
 endfacet
 facet normal  6.159615e-01 -7.769695e-01 -1.300379e-01
   outer loop
     vertex  2.579703e+01  3.241615e+00  1.476564e+02
     vertex  2.647767e+01  3.781213e+00  1.476564e+02
     vertex  2.648938e+01  3.768835e+00  1.477858e+02
   endloop
 endfacet
 facet normal  5.742671e-01 -7.243765e-01 -3.814394e-01
   outer loop
     vertex  2.579703e+01  3.241615e+00  1.476564e+02
     vertex  2.644335e+01  3.817501e+00  1.475358e+02
     vertex  2.647767e+01  3.781213e+00  1.476564e+02
   endloop
 endfacet
 facet normal  5.742671e-01 -7.243765e-01 -3.814394e-01
   outer loop
     vertex  2.576953e+01  3.283312e+00  1.475358e+02
     vertex  2.644335e+01  3.817501e+00  1.475358e+02
     vertex  2.579703e+01  3.241615e+00  1.476564e+02
   endloop
 endfacet
 facet normal  4.935551e-01 -6.225670e-01 -6.073003e-01
   outer loop
     vertex  2.572578e+01  3.349644e+00  1.474323e+02
     vertex  2.638875e+01  3.875228e+00  1.474323e+02
     vertex  2.644335e+01  3.817501e+00  1.475358e+02
   endloop
 endfacet
 facet normal  4.935551e-01 -6.225670e-01 -6.073003e-01
   outer loop
     vertex  2.572578e+01  3.349644e+00  1.474323e+02
     vertex  2.644335e+01  3.817501e+00  1.475358e+02
     vertex  2.576953e+01  3.283312e+00  1.475358e+02
   endloop
 endfacet
 facet normal  3.790921e-01 -4.781841e-01 -7.922305e-01
   outer loop
     vertex  2.566876e+01  3.436089e+00  1.473528e+02
     vertex  2.638875e+01  3.875228e+00  1.474323e+02
     vertex  2.572578e+01  3.349644e+00  1.474323e+02
   endloop
 endfacet
 facet normal  2.385113e-01 -3.008565e-01 -9.233622e-01
   outer loop
     vertex  2.566876e+01  3.436089e+00  1.473528e+02
     vertex  2.623472e+01  4.038068e+00  1.473029e+02
     vertex  2.631759e+01  3.950460e+00  1.473528e+02
   endloop
 endfacet
 facet normal  3.790921e-01 -4.781841e-01 -7.922305e-01
   outer loop
     vertex  2.566876e+01  3.436089e+00  1.473528e+02
     vertex  2.631759e+01  3.950460e+00  1.473528e+02
     vertex  2.638875e+01  3.875228e+00  1.474323e+02
   endloop
 endfacet
 facet normal  8.139205e-02 -1.026674e-01 -9.913802e-01
   outer loop
     vertex  2.560237e+01  3.536756e+00  1.473029e+02
     vertex  2.553112e+01  3.644785e+00  1.472858e+02
     vertex  2.623472e+01  4.038068e+00  1.473029e+02
   endloop
 endfacet
 facet normal  2.385113e-01 -3.008565e-01 -9.233622e-01
   outer loop
     vertex  2.560237e+01  3.536756e+00  1.473029e+02
     vertex  2.623472e+01  4.038068e+00  1.473029e+02
     vertex  2.566876e+01  3.436089e+00  1.473528e+02
   endloop
 endfacet
 facet normal  4.716843e-01 -8.721262e-01 -1.300379e-01
   outer loop
     vertex  2.503302e+01  2.828407e+00  1.476564e+02
     vertex  2.579703e+01  3.241615e+00  1.476564e+02
     vertex  2.580641e+01  3.227392e+00  1.477858e+02
   endloop
 endfacet
 facet normal  3.130752e-01 -9.407837e-01 -1.300379e-01
   outer loop
     vertex  2.503302e+01  2.828407e+00  1.476564e+02
     vertex  2.503979e+01  2.812772e+00  1.477858e+02
     vertex  2.421282e+01  2.537572e+00  1.477858e+02
   endloop
 endfacet
 facet normal  4.716843e-01 -8.721262e-01 -1.300379e-01
   outer loop
     vertex  2.503302e+01  2.828407e+00  1.476564e+02
     vertex  2.580641e+01  3.227392e+00  1.477858e+02
     vertex  2.503979e+01  2.812772e+00  1.477858e+02
   endloop
 endfacet
 facet normal  4.397560e-01 -8.130920e-01 -3.814394e-01
   outer loop
     vertex  2.501318e+01  2.874247e+00  1.475358e+02
     vertex  2.576953e+01  3.283312e+00  1.475358e+02
     vertex  2.579703e+01  3.241615e+00  1.476564e+02
   endloop
 endfacet
 facet normal  4.397560e-01 -8.130920e-01 -3.814394e-01
   outer loop
     vertex  2.501318e+01  2.874247e+00  1.475358e+02
     vertex  2.579703e+01  3.241615e+00  1.476564e+02
     vertex  2.503302e+01  2.828407e+00  1.476564e+02
   endloop
 endfacet
 facet normal  3.779493e-01 -6.988138e-01 -6.073003e-01
   outer loop
     vertex  2.498162e+01  2.947167e+00  1.474323e+02
     vertex  2.576953e+01  3.283312e+00  1.475358e+02
     vertex  2.501318e+01  2.874247e+00  1.475358e+02
   endloop
 endfacet
 facet normal  3.779493e-01 -6.988138e-01 -6.073003e-01
   outer loop
     vertex  2.498162e+01  2.947167e+00  1.474323e+02
     vertex  2.572578e+01  3.349644e+00  1.474323e+02
     vertex  2.576953e+01  3.283312e+00  1.475358e+02
   endloop
 endfacet
 facet normal  2.902970e-01 -5.367480e-01 -7.922305e-01
   outer loop
     vertex  2.494048e+01  3.042199e+00  1.473528e+02
     vertex  2.566876e+01  3.436089e+00  1.473528e+02
     vertex  2.572578e+01  3.349644e+00  1.474323e+02
   endloop
 endfacet
 facet normal  2.902970e-01 -5.367480e-01 -7.922305e-01
   outer loop
     vertex  2.494048e+01  3.042199e+00  1.473528e+02
     vertex  2.572578e+01  3.349644e+00  1.474323e+02
     vertex  2.498162e+01  2.947167e+00  1.474323e+02
   endloop
 endfacet
 facet normal  6.232752e-02 -1.152412e-01 -9.913802e-01
   outer loop
     vertex  2.489257e+01  3.152866e+00  1.473029e+02
     vertex  2.553112e+01  3.644785e+00  1.472858e+02
     vertex  2.560237e+01  3.536756e+00  1.473029e+02
   endloop
 endfacet
 facet normal  6.232752e-02 -1.152412e-01 -9.913802e-01
   outer loop
     vertex  2.489257e+01  3.152866e+00  1.473029e+02
     vertex  2.484117e+01  3.271627e+00  1.472858e+02
     vertex  2.553112e+01  3.644785e+00  1.472858e+02
   endloop
 endfacet
 facet normal  1.826446e-01 -3.377029e-01 -9.233622e-01
   outer loop
     vertex  2.489257e+01  3.152866e+00  1.473029e+02
     vertex  2.560237e+01  3.536756e+00  1.473029e+02
     vertex  2.566876e+01  3.436089e+00  1.473528e+02
   endloop
 endfacet
 facet normal  1.826446e-01 -3.377029e-01 -9.233622e-01
   outer loop
     vertex  2.489257e+01  3.152866e+00  1.473029e+02
     vertex  2.566876e+01  3.436089e+00  1.473528e+02
     vertex  2.494048e+01  3.042199e+00  1.473528e+02
   endloop
 endfacet
 facet normal  3.130752e-01 -9.407837e-01 -1.300379e-01
   outer loop
     vertex  2.420887e+01  2.554145e+00  1.476564e+02
     vertex  2.503302e+01  2.828407e+00  1.476564e+02
     vertex  2.421282e+01  2.537572e+00  1.477858e+02
   endloop
 endfacet
 facet normal  2.918832e-01 -8.771021e-01 -3.814394e-01
   outer loop
     vertex  2.419729e+01  2.602734e+00  1.475358e+02
     vertex  2.501318e+01  2.874247e+00  1.475358e+02
     vertex  2.503302e+01  2.828407e+00  1.476564e+02
   endloop
 endfacet
 facet normal  2.508596e-01 -7.538274e-01 -6.073003e-01
   outer loop
     vertex  2.419729e+01  2.602734e+00  1.475358e+02
     vertex  2.498162e+01  2.947167e+00  1.474323e+02
     vertex  2.501318e+01  2.874247e+00  1.475358e+02
   endloop
 endfacet
 facet normal  2.918832e-01 -8.771021e-01 -3.814394e-01
   outer loop
     vertex  2.419729e+01  2.602734e+00  1.475358e+02
     vertex  2.503302e+01  2.828407e+00  1.476564e+02
     vertex  2.420887e+01  2.554145e+00  1.476564e+02
   endloop
 endfacet
 facet normal  2.508596e-01 -7.538274e-01 -6.073003e-01
   outer loop
     vertex  2.417887e+01  2.680028e+00  1.474323e+02
     vertex  2.498162e+01  2.947167e+00  1.474323e+02
     vertex  2.419729e+01  2.602734e+00  1.475358e+02
   endloop
 endfacet
 facet normal  1.926814e-01 -5.790032e-01 -7.922305e-01
   outer loop
     vertex  2.415486e+01  2.780759e+00  1.473528e+02
     vertex  2.498162e+01  2.947167e+00  1.474323e+02
     vertex  2.417887e+01  2.680028e+00  1.474323e+02
   endloop
 endfacet
 facet normal  1.926814e-01 -5.790032e-01 -7.922305e-01
   outer loop
     vertex  2.415486e+01  2.780759e+00  1.473528e+02
     vertex  2.494048e+01  3.042199e+00  1.473528e+02
     vertex  2.498162e+01  2.947167e+00  1.474323e+02
   endloop
 endfacet
 facet normal  4.136920e-02 -1.243135e-01 -9.913802e-01
   outer loop
     vertex  2.412690e+01  2.898064e+00  1.473029e+02
     vertex  2.409689e+01  3.023947e+00  1.472858e+02
     vertex  2.484117e+01  3.271627e+00  1.472858e+02
   endloop
 endfacet
 facet normal  4.136920e-02 -1.243135e-01 -9.913802e-01
   outer loop
     vertex  2.412690e+01  2.898064e+00  1.473029e+02
     vertex  2.484117e+01  3.271627e+00  1.472858e+02
     vertex  2.489257e+01  3.152866e+00  1.473029e+02
   endloop
 endfacet
 facet normal  1.212283e-01 -3.642884e-01 -9.233622e-01
   outer loop
     vertex  2.412690e+01  2.898064e+00  1.473029e+02
     vertex  2.489257e+01  3.152866e+00  1.473029e+02
     vertex  2.494048e+01  3.042199e+00  1.473528e+02
   endloop
 endfacet
 facet normal  1.212283e-01 -3.642884e-01 -9.233622e-01
   outer loop
     vertex  2.412690e+01  2.898064e+00  1.473029e+02
     vertex  2.494048e+01  3.042199e+00  1.473528e+02
     vertex  2.415486e+01  2.780759e+00  1.473528e+02
   endloop
 endfacet
 facet normal -2.757252e-02 -9.911256e-01 -1.300379e-01
   outer loop
     vertex  2.334962e+01  2.427162e+00  1.476564e+02
     vertex  2.335063e+01  2.410155e+00  1.477858e+02
     vertex  2.247941e+01  2.434392e+00  1.477858e+02
   endloop
 endfacet
 facet normal  1.449535e-01 -9.808561e-01 -1.300379e-01
   outer loop
     vertex  2.334962e+01  2.427162e+00  1.476564e+02
     vertex  2.421282e+01  2.537572e+00  1.477858e+02
     vertex  2.335063e+01  2.410155e+00  1.477858e+02
   endloop
 endfacet
 facet normal -2.757252e-02 -9.911256e-01 -1.300379e-01
   outer loop
     vertex  2.334962e+01  2.427162e+00  1.476564e+02
     vertex  2.247941e+01  2.434392e+00  1.477858e+02
     vertex  2.248137e+01  2.451316e+00  1.476564e+02
   endloop
 endfacet
 facet normal  1.449535e-01 -9.808561e-01 -1.300379e-01
   outer loop
     vertex  2.334962e+01  2.427162e+00  1.476564e+02
     vertex  2.420887e+01  2.554145e+00  1.476564e+02
     vertex  2.421282e+01  2.537572e+00  1.477858e+02
   endloop
 endfacet
 facet normal  1.351416e-01 -9.144620e-01 -3.814394e-01
   outer loop
     vertex  2.334962e+01  2.427162e+00  1.476564e+02
     vertex  2.419729e+01  2.602734e+00  1.475358e+02
     vertex  2.420887e+01  2.554145e+00  1.476564e+02
   endloop
 endfacet
 facet normal -2.570614e-02 -9.240363e-01 -3.814394e-01
   outer loop
     vertex  2.334665e+01  2.477024e+00  1.475358e+02
     vertex  2.248137e+01  2.451316e+00  1.476564e+02
     vertex  2.248710e+01  2.500936e+00  1.475358e+02
   endloop
 endfacet
 facet normal -2.570614e-02 -9.240363e-01 -3.814394e-01
   outer loop
     vertex  2.334665e+01  2.477024e+00  1.475358e+02
     vertex  2.334962e+01  2.427162e+00  1.476564e+02
     vertex  2.248137e+01  2.451316e+00  1.476564e+02
   endloop
 endfacet
 facet normal  1.351416e-01 -9.144620e-01 -3.814394e-01
   outer loop
     vertex  2.334665e+01  2.477024e+00  1.475358e+02
     vertex  2.419729e+01  2.602734e+00  1.475358e+02
     vertex  2.334962e+01  2.427162e+00  1.476564e+02
   endloop
 endfacet
 facet normal -2.209320e-02 -7.941651e-01 -6.073003e-01
   outer loop
     vertex  2.334193e+01  2.556343e+00  1.474323e+02
     vertex  2.248710e+01  2.500936e+00  1.475358e+02
     vertex  2.249622e+01  2.579870e+00  1.474323e+02
   endloop
 endfacet
 facet normal  1.161478e-01 -7.859364e-01 -6.073003e-01
   outer loop
     vertex  2.334193e+01  2.556343e+00  1.474323e+02
     vertex  2.417887e+01  2.680028e+00  1.474323e+02
     vertex  2.419729e+01  2.602734e+00  1.475358e+02
   endloop
 endfacet
 facet normal  8.921131e-02 -6.036656e-01 -7.922305e-01
   outer loop
     vertex  2.334193e+01  2.556343e+00  1.474323e+02
     vertex  2.415486e+01  2.780759e+00  1.473528e+02
     vertex  2.417887e+01  2.680028e+00  1.474323e+02
   endloop
 endfacet
 facet normal -2.209320e-02 -7.941651e-01 -6.073003e-01
   outer loop
     vertex  2.334193e+01  2.556343e+00  1.474323e+02
     vertex  2.334665e+01  2.477024e+00  1.475358e+02
     vertex  2.248710e+01  2.500936e+00  1.475358e+02
   endloop
 endfacet
 facet normal  1.161478e-01 -7.859364e-01 -6.073003e-01
   outer loop
     vertex  2.334193e+01  2.556343e+00  1.474323e+02
     vertex  2.419729e+01  2.602734e+00  1.475358e+02
     vertex  2.334665e+01  2.477024e+00  1.475358e+02
   endloop
 endfacet
 facet normal -1.696945e-02 -6.099859e-01 -7.922305e-01
   outer loop
     vertex  2.333577e+01  2.659713e+00  1.473528e+02
     vertex  2.249622e+01  2.579870e+00  1.474323e+02
     vertex  2.250811e+01  2.682738e+00  1.473528e+02
   endloop
 endfacet
 facet normal  8.921131e-02 -6.036656e-01 -7.922305e-01
   outer loop
     vertex  2.333577e+01  2.659713e+00  1.473528e+02
     vertex  2.415486e+01  2.780759e+00  1.473528e+02
     vertex  2.334193e+01  2.556343e+00  1.474323e+02
   endloop
 endfacet
 facet normal -1.696945e-02 -6.099859e-01 -7.922305e-01
   outer loop
     vertex  2.333577e+01  2.659713e+00  1.473528e+02
     vertex  2.334193e+01  2.556343e+00  1.474323e+02
     vertex  2.249622e+01  2.579870e+00  1.474323e+02
   endloop
 endfacet
 facet normal -1.067658e-02 -3.837816e-01 -9.233622e-01
   outer loop
     vertex  2.332861e+01  2.780091e+00  1.473029e+02
     vertex  2.250811e+01  2.682738e+00  1.473528e+02
     vertex  2.252196e+01  2.802531e+00  1.473029e+02
   endloop
 endfacet
 facet normal -3.643384e-03 -1.309656e-01 -9.913802e-01
   outer loop
     vertex  2.332861e+01  2.780091e+00  1.473029e+02
     vertex  2.252196e+01  2.802531e+00  1.473029e+02
     vertex  2.253682e+01  2.931085e+00  1.472858e+02
   endloop
 endfacet
 facet normal  1.915390e-02 -1.296086e-01 -9.913802e-01
   outer loop
     vertex  2.332861e+01  2.780091e+00  1.473029e+02
     vertex  2.332092e+01  2.909271e+00  1.472858e+02
     vertex  2.409689e+01  3.023947e+00  1.472858e+02
   endloop
 endfacet
 facet normal -3.643384e-03 -1.309656e-01 -9.913802e-01
   outer loop
     vertex  2.332861e+01  2.780091e+00  1.473029e+02
     vertex  2.253682e+01  2.931085e+00  1.472858e+02
     vertex  2.332092e+01  2.909271e+00  1.472858e+02
   endloop
 endfacet
 facet normal  1.915390e-02 -1.296086e-01 -9.913802e-01
   outer loop
     vertex  2.332861e+01  2.780091e+00  1.473029e+02
     vertex  2.409689e+01  3.023947e+00  1.472858e+02
     vertex  2.412690e+01  2.898064e+00  1.473029e+02
   endloop
 endfacet
 facet normal  5.612860e-02 -3.798051e-01 -9.233622e-01
   outer loop
     vertex  2.332861e+01  2.780091e+00  1.473029e+02
     vertex  2.412690e+01  2.898064e+00  1.473029e+02
     vertex  2.415486e+01  2.780759e+00  1.473528e+02
   endloop
 endfacet
 facet normal -1.067658e-02 -3.837816e-01 -9.233622e-01
   outer loop
     vertex  2.332861e+01  2.780091e+00  1.473029e+02
     vertex  2.333577e+01  2.659713e+00  1.473528e+02
     vertex  2.250811e+01  2.682738e+00  1.473528e+02
   endloop
 endfacet
 facet normal  5.612860e-02 -3.798051e-01 -9.233622e-01
   outer loop
     vertex  2.332861e+01  2.780091e+00  1.473029e+02
     vertex  2.415486e+01  2.780759e+00  1.473528e+02
     vertex  2.333577e+01  2.659713e+00  1.473528e+02
   endloop
 endfacet
 facet normal -9.795980e-01  2.009672e-01 -3.985123e-16
   outer loop
     vertex -3.214299e+01  1.334007e+01  1.474858e+02
     vertex -3.205454e+01  1.377123e+01  1.510858e+02
     vertex -3.205454e+01  1.377123e+01  1.474858e+02
   endloop
 endfacet
 facet normal -9.795980e-01  2.009672e-01 -1.735134e-15
   outer loop
     vertex -3.214299e+01  1.334007e+01  1.474858e+02
     vertex -3.214299e+01  1.334007e+01  1.510858e+02
     vertex -3.205454e+01  1.377123e+01  1.510858e+02
   endloop
 endfacet
 facet normal -9.298181e-01  3.680195e-01 -1.472024e-15
   outer loop
     vertex -3.230497e+01  1.293083e+01  1.474858e+02
     vertex -3.230497e+01  1.293083e+01  1.510858e+02
     vertex -3.214299e+01  1.334007e+01  1.510858e+02
   endloop
 endfacet
 facet normal -9.298181e-01  3.680195e-01 -1.471430e-15
   outer loop
     vertex -3.230497e+01  1.293083e+01  1.474858e+02
     vertex -3.214299e+01  1.334007e+01  1.510858e+02
     vertex -3.214299e+01  1.334007e+01  1.474858e+02
   endloop
 endfacet
 facet normal -8.517862e-01  5.238896e-01 -1.422692e-15
   outer loop
     vertex -3.253556e+01  1.255592e+01  1.474858e+02
     vertex -3.253556e+01  1.255592e+01  1.510858e+02
     vertex -3.230497e+01  1.293083e+01  1.510858e+02
   endloop
 endfacet
 facet normal -8.517862e-01  5.238896e-01 -1.164882e-15
   outer loop
     vertex -3.253556e+01  1.255592e+01  1.474858e+02
     vertex -3.230497e+01  1.293083e+01  1.510858e+02
     vertex -3.230497e+01  1.293083e+01  1.474858e+02
   endloop
 endfacet
 facet normal -7.478731e-01  6.638417e-01  0.000000e+00
   outer loop
     vertex -3.282774e+01  1.222676e+01  1.474858e+02
     vertex -3.282774e+01  1.222676e+01  1.510858e+02
     vertex -3.253556e+01  1.255592e+01  1.510858e+02
   endloop
 endfacet
 facet normal -7.478731e-01  6.638417e-01 -1.147365e-15
   outer loop
     vertex -3.282774e+01  1.222676e+01  1.474858e+02
     vertex -3.253556e+01  1.255592e+01  1.510858e+02
     vertex -3.253556e+01  1.255592e+01  1.474858e+02
   endloop
 endfacet
 facet normal -6.212364e-01  7.836232e-01 -3.866651e-16
   outer loop
     vertex -3.317264e+01  1.195333e+01  1.474858e+02
     vertex -3.317264e+01  1.195333e+01  1.510858e+02
     vertex -3.282774e+01  1.222676e+01  1.510858e+02
   endloop
 endfacet
 facet normal -6.212364e-01  7.836232e-01  0.000000e+00
   outer loop
     vertex -3.317264e+01  1.195333e+01  1.474858e+02
     vertex -3.282774e+01  1.222676e+01  1.510858e+02
     vertex -3.282774e+01  1.222676e+01  1.474858e+02
   endloop
 endfacet
 facet normal -4.757236e-01  8.795948e-01 -1.806991e-15
   outer loop
     vertex -3.355978e+01  1.174395e+01  1.474858e+02
     vertex -3.355978e+01  1.174395e+01  1.510858e+02
     vertex -3.317264e+01  1.195333e+01  1.510858e+02
   endloop
 endfacet
 facet normal -4.757236e-01  8.795948e-01 -4.291671e-16
   outer loop
     vertex -3.355978e+01  1.174395e+01  1.474858e+02
     vertex -3.317264e+01  1.195333e+01  1.510858e+02
     vertex -3.317264e+01  1.195333e+01  1.474858e+02
   endloop
 endfacet
 facet normal -3.157563e-01  9.488403e-01 -1.559595e-15
   outer loop
     vertex -3.397740e+01  1.160497e+01  1.474858e+02
     vertex -3.397740e+01  1.160497e+01  1.510858e+02
     vertex -3.355978e+01  1.174395e+01  1.510858e+02
   endloop
 endfacet
 facet normal -3.157563e-01  9.488403e-01 -1.559015e-15
   outer loop
     vertex -3.397740e+01  1.160497e+01  1.474858e+02
     vertex -3.355978e+01  1.174395e+01  1.510858e+02
     vertex -3.355978e+01  1.174395e+01  1.474858e+02
   endloop
 endfacet
 facet normal -1.461949e-01  9.892558e-01 -1.752942e-15
   outer loop
     vertex -3.441281e+01  1.154062e+01  1.474858e+02
     vertex -3.441281e+01  1.154062e+01  1.510858e+02
     vertex -3.397740e+01  1.160497e+01  1.510858e+02
   endloop
 endfacet
 facet normal -1.461949e-01  9.892558e-01 -1.263415e-15
   outer loop
     vertex -3.441281e+01  1.154062e+01  1.474858e+02
     vertex -3.397740e+01  1.160497e+01  1.510858e+02
     vertex -3.397740e+01  1.160497e+01  1.474858e+02
   endloop
 endfacet
 facet normal  2.780865e-02  9.996133e-01 -1.918080e-15
   outer loop
     vertex -3.485277e+01  1.155286e+01  1.474858e+02
     vertex -3.485277e+01  1.155286e+01  1.510858e+02
     vertex -3.441281e+01  1.154062e+01  1.510858e+02
   endloop
 endfacet
 facet normal  2.780865e-02  9.996133e-01 -1.424901e-15
   outer loop
     vertex -3.485277e+01  1.155286e+01  1.474858e+02
     vertex -3.441281e+01  1.154062e+01  1.510858e+02
     vertex -3.441281e+01  1.154062e+01  1.474858e+02
   endloop
 endfacet
 facet normal  2.009672e-01  9.795980e-01 -1.933462e-15
   outer loop
     vertex -3.528393e+01  1.164132e+01  1.474858e+02
     vertex -3.528393e+01  1.164132e+01  1.510858e+02
     vertex -3.485277e+01  1.155286e+01  1.510858e+02
   endloop
 endfacet
 facet normal  2.009672e-01  9.795980e-01 -1.537119e-15
   outer loop
     vertex -3.528393e+01  1.164132e+01  1.474858e+02
     vertex -3.485277e+01  1.155286e+01  1.510858e+02
     vertex -3.485277e+01  1.155286e+01  1.474858e+02
   endloop
 endfacet
 facet normal  3.680195e-01  9.298181e-01 -1.108839e-15
   outer loop
     vertex -3.569318e+01  1.180330e+01  1.474858e+02
     vertex -3.569318e+01  1.180330e+01  1.510858e+02
     vertex -3.528393e+01  1.164132e+01  1.510858e+02
   endloop
 endfacet
 facet normal  3.680195e-01  9.298181e-01 -1.830529e-15
   outer loop
     vertex -3.569318e+01  1.180330e+01  1.474858e+02
     vertex -3.528393e+01  1.164132e+01  1.510858e+02
     vertex -3.528393e+01  1.164132e+01  1.474858e+02
   endloop
 endfacet
 facet normal  5.238896e-01  8.517862e-01 -6.471792e-16
   outer loop
     vertex -3.606808e+01  1.203388e+01  1.474858e+02
     vertex -3.606808e+01  1.203388e+01  1.510858e+02
     vertex -3.569318e+01  1.180330e+01  1.510858e+02
   endloop
 endfacet
 facet normal  5.238896e-01  8.517862e-01 -6.481299e-16
   outer loop
     vertex -3.606808e+01  1.203388e+01  1.474858e+02
     vertex -3.569318e+01  1.180330e+01  1.510858e+02
     vertex -3.569318e+01  1.180330e+01  1.474858e+02
   endloop
 endfacet
 facet normal  6.638417e-01  7.478731e-01 -1.476100e-15
   outer loop
     vertex -3.639725e+01  1.232606e+01  1.474858e+02
     vertex -3.639725e+01  1.232606e+01  1.510858e+02
     vertex -3.606808e+01  1.203388e+01  1.510858e+02
   endloop
 endfacet
 facet normal  6.638417e-01  7.478731e-01 -1.664117e-16
   outer loop
     vertex -3.639725e+01  1.232606e+01  1.474858e+02
     vertex -3.606808e+01  1.203388e+01  1.510858e+02
     vertex -3.606808e+01  1.203388e+01  1.474858e+02
   endloop
 endfacet
 facet normal  7.836232e-01  6.212364e-01 -1.532691e-15
   outer loop
     vertex -3.667067e+01  1.267096e+01  1.474858e+02
     vertex -3.667067e+01  1.267096e+01  1.510858e+02
     vertex -3.639725e+01  1.232606e+01  1.510858e+02
   endloop
 endfacet
 facet normal  7.836232e-01  6.212364e-01 -1.226192e-15
   outer loop
     vertex -3.667067e+01  1.267096e+01  1.474858e+02
     vertex -3.639725e+01  1.232606e+01  1.510858e+02
     vertex -3.639725e+01  1.232606e+01  1.474858e+02
   endloop
 endfacet
 facet normal  8.795948e-01  4.757236e-01 -1.173641e-15
   outer loop
     vertex -3.688006e+01  1.305810e+01  1.474858e+02
     vertex -3.667067e+01  1.267096e+01  1.510858e+02
     vertex -3.667067e+01  1.267096e+01  1.474858e+02
   endloop
 endfacet
 facet normal  8.795948e-01  4.757236e-01 -1.408425e-15
   outer loop
     vertex -3.688006e+01  1.305810e+01  1.474858e+02
     vertex -3.688006e+01  1.305810e+01  1.510858e+02
     vertex -3.667067e+01  1.267096e+01  1.510858e+02
   endloop
 endfacet
 facet normal  9.488403e-01  3.157563e-01 -9.371608e-16
   outer loop
     vertex -3.701903e+01  1.347572e+01  1.474858e+02
     vertex -3.688006e+01  1.305810e+01  1.510858e+02
     vertex -3.688006e+01  1.305810e+01  1.474858e+02
   endloop
 endfacet
 facet normal  9.488403e-01  3.157563e-01 -7.790220e-16
   outer loop
     vertex -3.701903e+01  1.347572e+01  1.474858e+02
     vertex -3.701903e+01  1.347572e+01  1.510858e+02
     vertex -3.688006e+01  1.305810e+01  1.510858e+02
   endloop
 endfacet
 facet normal  9.892558e-01  1.461949e-01 -3.612886e-16
   outer loop
     vertex -3.708338e+01  1.391113e+01  1.474858e+02
     vertex -3.701903e+01  1.347572e+01  1.510858e+02
     vertex -3.701903e+01  1.347572e+01  1.474858e+02
   endloop
 endfacet
 facet normal  9.996133e-01 -2.780865e-02  6.860844e-17
   outer loop
     vertex -3.708338e+01  1.391113e+01  1.474858e+02
     vertex -3.707114e+01  1.435110e+01  1.510858e+02
     vertex -3.708338e+01  1.391113e+01  1.510858e+02
   endloop
 endfacet
 facet normal  9.892558e-01  1.461949e-01 -3.606864e-16
   outer loop
     vertex -3.708338e+01  1.391113e+01  1.474858e+02
     vertex -3.708338e+01  1.391113e+01  1.510858e+02
     vertex -3.701903e+01  1.347572e+01  1.510858e+02
   endloop
 endfacet
 facet normal  9.996133e-01 -2.780865e-02  0.000000e+00
   outer loop
     vertex -3.707114e+01  1.435110e+01  1.474858e+02
     vertex -3.707114e+01  1.435110e+01  1.510858e+02
     vertex -3.708338e+01  1.391113e+01  1.474858e+02
   endloop
 endfacet
 facet normal -9.657980e-01  2.686793e-02  2.578998e-01
   outer loop
     vertex -3.202792e+01  1.376815e+01  1.511858e+02
     vertex -3.204230e+01  1.421120e+01  1.510858e+02
     vertex -3.205454e+01  1.377123e+01  1.510858e+02
   endloop
 endfacet
 facet normal  9.464598e-01 -1.941688e-01  2.578998e-01
   outer loop
     vertex -3.700837e+01  1.478990e+01  1.511858e+02
     vertex -3.709776e+01  1.435417e+01  1.511858e+02
     vertex -3.707114e+01  1.435110e+01  1.510858e+02
   endloop
 endfacet
 facet normal  6.939995e-01 -1.423759e-01  7.057576e-01
   outer loop
     vertex -3.700837e+01  1.478990e+01  1.511858e+02
     vertex -3.717048e+01  1.436258e+01  1.512590e+02
     vertex -3.709776e+01  1.435417e+01  1.511858e+02
   endloop
 endfacet
 facet normal  9.464598e-01 -1.941688e-01  2.578998e-01
   outer loop
     vertex -3.700837e+01  1.478990e+01  1.511858e+02
     vertex -3.707114e+01  1.435110e+01  1.510858e+02
     vertex -3.698269e+01  1.478225e+01  1.510858e+02
   endloop
 endfacet
 facet normal  2.544419e-01 -5.219944e-02  9.656783e-01
   outer loop
     vertex -3.707852e+01  1.481081e+01  1.512590e+02
     vertex -3.726982e+01  1.437406e+01  1.512858e+02
     vertex -3.717048e+01  1.436258e+01  1.512590e+02
   endloop
 endfacet
 facet normal  6.939995e-01 -1.423759e-01  7.057576e-01
   outer loop
     vertex -3.707852e+01  1.481081e+01  1.512590e+02
     vertex -3.717048e+01  1.436258e+01  1.512590e+02
     vertex -3.700837e+01  1.478990e+01  1.511858e+02
   endloop
 endfacet
 facet normal  2.544419e-01 -5.219944e-02  9.656783e-01
   outer loop
     vertex -3.707852e+01  1.481081e+01  1.512590e+02
     vertex -3.717436e+01  1.483937e+01  1.512858e+02
     vertex -3.726982e+01  1.437406e+01  1.512858e+02
   endloop
 endfacet
 facet normal  8.983639e-01 -3.555700e-01  2.578998e-01
   outer loop
     vertex -3.684467e+01  1.520349e+01  1.511858e+02
     vertex -3.700837e+01  1.478990e+01  1.511858e+02
     vertex -3.698269e+01  1.478225e+01  1.510858e+02
   endloop
 endfacet
 facet normal  8.983639e-01 -3.555700e-01  2.578998e-01
   outer loop
     vertex -3.684467e+01  1.520349e+01  1.511858e+02
     vertex -3.698269e+01  1.478225e+01  1.510858e+02
     vertex -3.682071e+01  1.519150e+01  1.510858e+02
   endloop
 endfacet
 facet normal  2.415120e-01 -9.558978e-02  9.656783e-01
   outer loop
     vertex -3.691013e+01  1.523626e+01  1.512590e+02
     vertex -3.699955e+01  1.528103e+01  1.512858e+02
     vertex -3.717436e+01  1.483937e+01  1.512858e+02
   endloop
 endfacet
 facet normal  6.587328e-01 -2.607246e-01  7.057576e-01
   outer loop
     vertex -3.691013e+01  1.523626e+01  1.512590e+02
     vertex -3.700837e+01  1.478990e+01  1.511858e+02
     vertex -3.684467e+01  1.520349e+01  1.511858e+02
   endloop
 endfacet
 facet normal  2.415120e-01 -9.558978e-02  9.656783e-01
   outer loop
     vertex -3.691013e+01  1.523626e+01  1.512590e+02
     vertex -3.717436e+01  1.483937e+01  1.512858e+02
     vertex -3.707852e+01  1.481081e+01  1.512590e+02
   endloop
 endfacet
 facet normal  6.587328e-01 -2.607246e-01  7.057576e-01
   outer loop
     vertex -3.691013e+01  1.523626e+01  1.512590e+02
     vertex -3.707852e+01  1.481081e+01  1.512590e+02
     vertex -3.700837e+01  1.478990e+01  1.511858e+02
   endloop
 endfacet
 facet normal  8.229717e-01 -5.061673e-01  2.578998e-01
   outer loop
     vertex -3.661164e+01  1.558237e+01  1.511858e+02
     vertex -3.682071e+01  1.519150e+01  1.510858e+02
     vertex -3.659012e+01  1.556640e+01  1.510858e+02
   endloop
 endfacet
 facet normal  8.229717e-01 -5.061673e-01  2.578998e-01
   outer loop
     vertex -3.661164e+01  1.558237e+01  1.511858e+02
     vertex -3.684467e+01  1.520349e+01  1.511858e+02
     vertex -3.682071e+01  1.519150e+01  1.510858e+02
   endloop
 endfacet
 facet normal  6.034508e-01 -3.711514e-01  7.057576e-01
   outer loop
     vertex -3.667041e+01  1.562601e+01  1.512590e+02
     vertex -3.684467e+01  1.520349e+01  1.511858e+02
     vertex -3.661164e+01  1.558237e+01  1.511858e+02
   endloop
 endfacet
 facet normal  2.212439e-01 -1.360757e-01  9.656783e-01
   outer loop
     vertex -3.667041e+01  1.562601e+01  1.512590e+02
     vertex -3.699955e+01  1.528103e+01  1.512858e+02
     vertex -3.691013e+01  1.523626e+01  1.512590e+02
   endloop
 endfacet
 facet normal  2.212439e-01 -1.360757e-01  9.656783e-01
   outer loop
     vertex -3.667041e+01  1.562601e+01  1.512590e+02
     vertex -3.675070e+01  1.568563e+01  1.512858e+02
     vertex -3.699955e+01  1.528103e+01  1.512858e+02
   endloop
 endfacet
 facet normal  6.034508e-01 -3.711514e-01  7.057576e-01
   outer loop
     vertex -3.667041e+01  1.562601e+01  1.512590e+02
     vertex -3.691013e+01  1.523626e+01  1.512590e+02
     vertex -3.684467e+01  1.520349e+01  1.511858e+02
   endloop
 endfacet
 facet normal  7.225738e-01 -6.413850e-01  2.578998e-01
   outer loop
     vertex -3.631636e+01  1.591503e+01  1.511858e+02
     vertex -3.659012e+01  1.556640e+01  1.510858e+02
     vertex -3.629794e+01  1.589557e+01  1.510858e+02
   endloop
 endfacet
 facet normal  7.225738e-01 -6.413850e-01  2.578998e-01
   outer loop
     vertex -3.631636e+01  1.591503e+01  1.511858e+02
     vertex -3.661164e+01  1.558237e+01  1.511858e+02
     vertex -3.659012e+01  1.556640e+01  1.510858e+02
   endloop
 endfacet
 facet normal  5.298333e-01 -4.703009e-01  7.057576e-01
   outer loop
     vertex -3.636666e+01  1.596822e+01  1.512590e+02
     vertex -3.667041e+01  1.562601e+01  1.512590e+02
     vertex -3.661164e+01  1.558237e+01  1.511858e+02
   endloop
 endfacet
 facet normal  1.942534e-01 -1.724270e-01  9.656783e-01
   outer loop
     vertex -3.636666e+01  1.596822e+01  1.512590e+02
     vertex -3.675070e+01  1.568563e+01  1.512858e+02
     vertex -3.667041e+01  1.562601e+01  1.512590e+02
   endloop
 endfacet
 facet normal  1.942534e-01 -1.724270e-01  9.656783e-01
   outer loop
     vertex -3.636666e+01  1.596822e+01  1.512590e+02
     vertex -3.643538e+01  1.604087e+01  1.512858e+02
     vertex -3.675070e+01  1.568563e+01  1.512858e+02
   endloop
 endfacet
 facet normal  5.298333e-01 -4.703009e-01  7.057576e-01
   outer loop
     vertex -3.636666e+01  1.596822e+01  1.512590e+02
     vertex -3.661164e+01  1.558237e+01  1.511858e+02
     vertex -3.631636e+01  1.591503e+01  1.511858e+02
   endloop
 endfacet
 facet normal  6.002210e-01 -7.571146e-01  2.578998e-01
   outer loop
     vertex -3.596780e+01  1.619136e+01  1.511858e+02
     vertex -3.629794e+01  1.589557e+01  1.510858e+02
     vertex -3.595304e+01  1.616900e+01  1.510858e+02
   endloop
 endfacet
 facet normal  6.002210e-01 -7.571146e-01  2.578998e-01
   outer loop
     vertex -3.596780e+01  1.619136e+01  1.511858e+02
     vertex -3.631636e+01  1.591503e+01  1.511858e+02
     vertex -3.629794e+01  1.589557e+01  1.510858e+02
   endloop
 endfacet
 facet normal  4.401170e-01 -5.551606e-01  7.057576e-01
   outer loop
     vertex -3.600810e+01  1.625247e+01  1.512590e+02
     vertex -3.636666e+01  1.596822e+01  1.512590e+02
     vertex -3.631636e+01  1.591503e+01  1.511858e+02
   endloop
 endfacet
 facet normal  1.613606e-01 -2.035392e-01  9.656783e-01
   outer loop
     vertex -3.600810e+01  1.625247e+01  1.512590e+02
     vertex -3.606316e+01  1.633595e+01  1.512858e+02
     vertex -3.643538e+01  1.604087e+01  1.512858e+02
   endloop
 endfacet
 facet normal  1.613606e-01 -2.035392e-01  9.656783e-01
   outer loop
     vertex -3.600810e+01  1.625247e+01  1.512590e+02
     vertex -3.643538e+01  1.604087e+01  1.512858e+02
     vertex -3.636666e+01  1.596822e+01  1.512590e+02
   endloop
 endfacet
 facet normal  4.401170e-01 -5.551606e-01  7.057576e-01
   outer loop
     vertex -3.600810e+01  1.625247e+01  1.512590e+02
     vertex -3.631636e+01  1.591503e+01  1.511858e+02
     vertex -3.596780e+01  1.619136e+01  1.511858e+02
   endloop
 endfacet
 facet normal  4.596307e-01 -8.498396e-01  2.578998e-01
   outer loop
     vertex -3.557655e+01  1.640297e+01  1.511858e+02
     vertex -3.595304e+01  1.616900e+01  1.510858e+02
     vertex -3.556590e+01  1.637838e+01  1.510858e+02
   endloop
 endfacet
 facet normal  3.370280e-01 -6.231520e-01  7.057576e-01
   outer loop
     vertex -3.557655e+01  1.640297e+01  1.511858e+02
     vertex -3.600810e+01  1.625247e+01  1.512590e+02
     vertex -3.596780e+01  1.619136e+01  1.511858e+02
   endloop
 endfacet
 facet normal  4.596307e-01 -8.498396e-01  2.578998e-01
   outer loop
     vertex -3.557655e+01  1.640297e+01  1.511858e+02
     vertex -3.596780e+01  1.619136e+01  1.511858e+02
     vertex -3.595304e+01  1.616900e+01  1.510858e+02
   endloop
 endfacet
 facet normal  1.235650e-01 -2.284669e-01  9.656783e-01
   outer loop
     vertex -3.560563e+01  1.647015e+01  1.512590e+02
     vertex -3.564535e+01  1.656192e+01  1.512858e+02
     vertex -3.606316e+01  1.633595e+01  1.512858e+02
   endloop
 endfacet
 facet normal  1.235650e-01 -2.284669e-01  9.656783e-01
   outer loop
     vertex -3.560563e+01  1.647015e+01  1.512590e+02
     vertex -3.606316e+01  1.633595e+01  1.512858e+02
     vertex -3.600810e+01  1.625247e+01  1.512590e+02
   endloop
 endfacet
 facet normal  3.370280e-01 -6.231520e-01  7.057576e-01
   outer loop
     vertex -3.560563e+01  1.647015e+01  1.512590e+02
     vertex -3.600810e+01  1.625247e+01  1.512590e+02
     vertex -3.557655e+01  1.640297e+01  1.511858e+02
   endloop
 endfacet
 facet normal  3.050748e-01 -9.167426e-01  2.578998e-01
   outer loop
     vertex -3.515449e+01  1.654342e+01  1.511858e+02
     vertex -3.556590e+01  1.637838e+01  1.510858e+02
     vertex -3.514828e+01  1.651736e+01  1.510858e+02
   endloop
 endfacet
 facet normal  3.050748e-01 -9.167426e-01  2.578998e-01
   outer loop
     vertex -3.515449e+01  1.654342e+01  1.511858e+02
     vertex -3.557655e+01  1.640297e+01  1.511858e+02
     vertex -3.556590e+01  1.637838e+01  1.510858e+02
   endloop
 endfacet
 facet normal  2.236986e-01 -6.722092e-01  7.057576e-01
   outer loop
     vertex -3.517147e+01  1.661463e+01  1.512590e+02
     vertex -3.557655e+01  1.640297e+01  1.511858e+02
     vertex -3.515449e+01  1.654342e+01  1.511858e+02
   endloop
 endfacet
 facet normal  8.201489e-02 -2.464528e-01  9.656783e-01
   outer loop
     vertex -3.517147e+01  1.661463e+01  1.512590e+02
     vertex -3.519465e+01  1.671191e+01  1.512858e+02
     vertex -3.564535e+01  1.656192e+01  1.512858e+02
   endloop
 endfacet
 facet normal  8.201489e-02 -2.464528e-01  9.656783e-01
   outer loop
     vertex -3.517147e+01  1.661463e+01  1.512590e+02
     vertex -3.564535e+01  1.656192e+01  1.512858e+02
     vertex -3.560563e+01  1.647015e+01  1.512590e+02
   endloop
 endfacet
 facet normal  2.236986e-01 -6.722092e-01  7.057576e-01
   outer loop
     vertex -3.517147e+01  1.661463e+01  1.512590e+02
     vertex -3.560563e+01  1.647015e+01  1.512590e+02
     vertex -3.557655e+01  1.640297e+01  1.511858e+02
   endloop
 endfacet
 facet normal  1.412493e-01 -9.557909e-01  2.578998e-01
   outer loop
     vertex -3.471447e+01  1.660845e+01  1.511858e+02
     vertex -3.514828e+01  1.651736e+01  1.510858e+02
     vertex -3.471287e+01  1.658170e+01  1.510858e+02
   endloop
 endfacet
 facet normal  1.412493e-01 -9.557909e-01  2.578998e-01
   outer loop
     vertex -3.471447e+01  1.660845e+01  1.511858e+02
     vertex -3.515449e+01  1.654342e+01  1.511858e+02
     vertex -3.514828e+01  1.651736e+01  1.510858e+02
   endloop
 endfacet
 facet normal  1.035722e-01 -7.008417e-01  7.057576e-01
   outer loop
     vertex -3.471882e+01  1.668152e+01  1.512590e+02
     vertex -3.515449e+01  1.654342e+01  1.511858e+02
     vertex -3.471447e+01  1.660845e+01  1.511858e+02
   endloop
 endfacet
 facet normal  3.797281e-02 -2.569504e-01  9.656783e-01
   outer loop
     vertex -3.471882e+01  1.668152e+01  1.512590e+02
     vertex -3.472476e+01  1.678135e+01  1.512858e+02
     vertex -3.519465e+01  1.671191e+01  1.512858e+02
   endloop
 endfacet
 facet normal  3.797281e-02 -2.569504e-01  9.656783e-01
   outer loop
     vertex -3.471882e+01  1.668152e+01  1.512590e+02
     vertex -3.519465e+01  1.671191e+01  1.512858e+02
     vertex -3.517147e+01  1.661463e+01  1.512590e+02
   endloop
 endfacet
 facet normal  1.035722e-01 -7.008417e-01  7.057576e-01
   outer loop
     vertex -3.471882e+01  1.668152e+01  1.512590e+02
     vertex -3.517147e+01  1.661463e+01  1.512590e+02
     vertex -3.515449e+01  1.654342e+01  1.511858e+02
   endloop
 endfacet
 facet normal -2.686793e-02 -9.657980e-01  2.578998e-01
   outer loop
     vertex -3.426983e+01  1.659608e+01  1.511858e+02
     vertex -3.471287e+01  1.658170e+01  1.510858e+02
     vertex -3.427291e+01  1.656946e+01  1.510858e+02
   endloop
 endfacet
 facet normal -2.686793e-02 -9.657980e-01  2.578998e-01
   outer loop
     vertex -3.426983e+01  1.659608e+01  1.511858e+02
     vertex -3.471447e+01  1.660845e+01  1.511858e+02
     vertex -3.471287e+01  1.658170e+01  1.510858e+02
   endloop
 endfacet
 facet normal -1.970113e-02 -7.081795e-01  7.057576e-01
   outer loop
     vertex -3.426143e+01  1.666880e+01  1.512590e+02
     vertex -3.471447e+01  1.660845e+01  1.511858e+02
     vertex -3.426983e+01  1.659608e+01  1.511858e+02
   endloop
 endfacet
 facet normal -7.223049e-03 -2.596407e-01  9.656783e-01
   outer loop
     vertex -3.426143e+01  1.666880e+01  1.512590e+02
     vertex -3.424994e+01  1.676814e+01  1.512858e+02
     vertex -3.472476e+01  1.678135e+01  1.512858e+02
   endloop
 endfacet
 facet normal -1.970113e-02 -7.081795e-01  7.057576e-01
   outer loop
     vertex -3.426143e+01  1.666880e+01  1.512590e+02
     vertex -3.471882e+01  1.668152e+01  1.512590e+02
     vertex -3.471447e+01  1.660845e+01  1.511858e+02
   endloop
 endfacet
 facet normal -7.223049e-03 -2.596407e-01  9.656783e-01
   outer loop
     vertex -3.426143e+01  1.666880e+01  1.512590e+02
     vertex -3.472476e+01  1.678135e+01  1.512858e+02
     vertex -3.471882e+01  1.668152e+01  1.512590e+02
   endloop
 endfacet
 facet normal -1.941688e-01 -9.464598e-01  2.578998e-01
   outer loop
     vertex -3.383410e+01  1.650669e+01  1.511858e+02
     vertex -3.427291e+01  1.656946e+01  1.510858e+02
     vertex -3.384175e+01  1.648101e+01  1.510858e+02
   endloop
 endfacet
 facet normal -1.941688e-01 -9.464598e-01  2.578998e-01
   outer loop
     vertex -3.383410e+01  1.650669e+01  1.511858e+02
     vertex -3.426983e+01  1.659608e+01  1.511858e+02
     vertex -3.427291e+01  1.656946e+01  1.510858e+02
   endloop
 endfacet
 facet normal -5.219944e-02 -2.544419e-01  9.656783e-01
   outer loop
     vertex -3.381319e+01  1.657684e+01  1.512590e+02
     vertex -3.378463e+01  1.667268e+01  1.512858e+02
     vertex -3.424994e+01  1.676814e+01  1.512858e+02
   endloop
 endfacet
 facet normal -1.423759e-01 -6.939995e-01  7.057576e-01
   outer loop
     vertex -3.381319e+01  1.657684e+01  1.512590e+02
     vertex -3.426983e+01  1.659608e+01  1.511858e+02
     vertex -3.383410e+01  1.650669e+01  1.511858e+02
   endloop
 endfacet
 facet normal -5.219944e-02 -2.544419e-01  9.656783e-01
   outer loop
     vertex -3.381319e+01  1.657684e+01  1.512590e+02
     vertex -3.424994e+01  1.676814e+01  1.512858e+02
     vertex -3.426143e+01  1.666880e+01  1.512590e+02
   endloop
 endfacet
 facet normal -1.423759e-01 -6.939995e-01  7.057576e-01
   outer loop
     vertex -3.381319e+01  1.657684e+01  1.512590e+02
     vertex -3.426143e+01  1.666880e+01  1.512590e+02
     vertex -3.426983e+01  1.659608e+01  1.511858e+02
   endloop
 endfacet
 facet normal -3.555700e-01 -8.983639e-01  2.578998e-01
   outer loop
     vertex -3.342051e+01  1.634299e+01  1.511858e+02
     vertex -3.384175e+01  1.648101e+01  1.510858e+02
     vertex -3.343250e+01  1.631903e+01  1.510858e+02
   endloop
 endfacet
 facet normal -3.555700e-01 -8.983639e-01  2.578998e-01
   outer loop
     vertex -3.342051e+01  1.634299e+01  1.511858e+02
     vertex -3.383410e+01  1.650669e+01  1.511858e+02
     vertex -3.384175e+01  1.648101e+01  1.510858e+02
   endloop
 endfacet
 facet normal -9.558978e-02 -2.415120e-01  9.656783e-01
   outer loop
     vertex -3.338774e+01  1.640845e+01  1.512590e+02
     vertex -3.334297e+01  1.649787e+01  1.512858e+02
     vertex -3.378463e+01  1.667268e+01  1.512858e+02
   endloop
 endfacet
 facet normal -9.558978e-02 -2.415120e-01  9.656783e-01
   outer loop
     vertex -3.338774e+01  1.640845e+01  1.512590e+02
     vertex -3.378463e+01  1.667268e+01  1.512858e+02
     vertex -3.381319e+01  1.657684e+01  1.512590e+02
   endloop
 endfacet
 facet normal -2.607246e-01 -6.587328e-01  7.057576e-01
   outer loop
     vertex -3.338774e+01  1.640845e+01  1.512590e+02
     vertex -3.381319e+01  1.657684e+01  1.512590e+02
     vertex -3.383410e+01  1.650669e+01  1.511858e+02
   endloop
 endfacet
 facet normal -2.607246e-01 -6.587328e-01  7.057576e-01
   outer loop
     vertex -3.338774e+01  1.640845e+01  1.512590e+02
     vertex -3.383410e+01  1.650669e+01  1.511858e+02
     vertex -3.342051e+01  1.634299e+01  1.511858e+02
   endloop
 endfacet
 facet normal -5.061673e-01 -8.229717e-01  2.578998e-01
   outer loop
     vertex -3.304163e+01  1.610996e+01  1.511858e+02
     vertex -3.343250e+01  1.631903e+01  1.510858e+02
     vertex -3.305760e+01  1.608845e+01  1.510858e+02
   endloop
 endfacet
 facet normal -5.061673e-01 -8.229717e-01  2.578998e-01
   outer loop
     vertex -3.304163e+01  1.610996e+01  1.511858e+02
     vertex -3.342051e+01  1.634299e+01  1.511858e+02
     vertex -3.343250e+01  1.631903e+01  1.510858e+02
   endloop
 endfacet
 facet normal -1.360757e-01 -2.212439e-01  9.656783e-01
   outer loop
     vertex -3.299799e+01  1.616874e+01  1.512590e+02
     vertex -3.293838e+01  1.624902e+01  1.512858e+02
     vertex -3.334297e+01  1.649787e+01  1.512858e+02
   endloop
 endfacet
 facet normal -1.360757e-01 -2.212439e-01  9.656783e-01
   outer loop
     vertex -3.299799e+01  1.616874e+01  1.512590e+02
     vertex -3.334297e+01  1.649787e+01  1.512858e+02
     vertex -3.338774e+01  1.640845e+01  1.512590e+02
   endloop
 endfacet
 facet normal -3.711514e-01 -6.034508e-01  7.057576e-01
   outer loop
     vertex -3.299799e+01  1.616874e+01  1.512590e+02
     vertex -3.338774e+01  1.640845e+01  1.512590e+02
     vertex -3.342051e+01  1.634299e+01  1.511858e+02
   endloop
 endfacet
 facet normal -3.711514e-01 -6.034508e-01  7.057576e-01
   outer loop
     vertex -3.299799e+01  1.616874e+01  1.512590e+02
     vertex -3.342051e+01  1.634299e+01  1.511858e+02
     vertex -3.304163e+01  1.610996e+01  1.511858e+02
   endloop
 endfacet
 facet normal -6.413850e-01 -7.225738e-01  2.578998e-01
   outer loop
     vertex -3.270897e+01  1.581468e+01  1.511858e+02
     vertex -3.305760e+01  1.608845e+01  1.510858e+02
     vertex -3.272844e+01  1.579627e+01  1.510858e+02
   endloop
 endfacet
 facet normal -6.413850e-01 -7.225738e-01  2.578998e-01
   outer loop
     vertex -3.270897e+01  1.581468e+01  1.511858e+02
     vertex -3.304163e+01  1.610996e+01  1.511858e+02
     vertex -3.305760e+01  1.608845e+01  1.510858e+02
   endloop
 endfacet
 facet normal -1.724270e-01 -1.942534e-01  9.656783e-01
   outer loop
     vertex -3.265579e+01  1.586498e+01  1.512590e+02
     vertex -3.258314e+01  1.593370e+01  1.512858e+02
     vertex -3.293838e+01  1.624902e+01  1.512858e+02
   endloop
 endfacet
 facet normal -2.035392e-01 -1.613606e-01  9.656783e-01
   outer loop
     vertex -3.265579e+01  1.586498e+01  1.512590e+02
     vertex -3.228805e+01  1.556148e+01  1.512858e+02
     vertex -3.258314e+01  1.593370e+01  1.512858e+02
   endloop
 endfacet
 facet normal -4.703009e-01 -5.298333e-01  7.057576e-01
   outer loop
     vertex -3.265579e+01  1.586498e+01  1.512590e+02
     vertex -3.299799e+01  1.616874e+01  1.512590e+02
     vertex -3.304163e+01  1.610996e+01  1.511858e+02
   endloop
 endfacet
 facet normal -4.703009e-01 -5.298333e-01  7.057576e-01
   outer loop
     vertex -3.265579e+01  1.586498e+01  1.512590e+02
     vertex -3.304163e+01  1.610996e+01  1.511858e+02
     vertex -3.270897e+01  1.581468e+01  1.511858e+02
   endloop
 endfacet
 facet normal -1.724270e-01 -1.942534e-01  9.656783e-01
   outer loop
     vertex -3.265579e+01  1.586498e+01  1.512590e+02
     vertex -3.293838e+01  1.624902e+01  1.512858e+02
     vertex -3.299799e+01  1.616874e+01  1.512590e+02
   endloop
 endfacet
 facet normal -7.571146e-01 -6.002210e-01  2.578998e-01
   outer loop
     vertex -3.243264e+01  1.546612e+01  1.511858e+02
     vertex -3.270897e+01  1.581468e+01  1.511858e+02
     vertex -3.272844e+01  1.579627e+01  1.510858e+02
   endloop
 endfacet
 facet normal -7.571146e-01 -6.002210e-01  2.578998e-01
   outer loop
     vertex -3.243264e+01  1.546612e+01  1.511858e+02
     vertex -3.272844e+01  1.579627e+01  1.510858e+02
     vertex -3.245501e+01  1.545136e+01  1.510858e+02
   endloop
 endfacet
 facet normal -2.035392e-01 -1.613606e-01  9.656783e-01
   outer loop
     vertex -3.237153e+01  1.550642e+01  1.512590e+02
     vertex -3.228805e+01  1.556148e+01  1.512858e+02
     vertex -3.265579e+01  1.586498e+01  1.512590e+02
   endloop
 endfacet
 facet normal -5.551606e-01 -4.401170e-01  7.057576e-01
   outer loop
     vertex -3.237153e+01  1.550642e+01  1.512590e+02
     vertex -3.270897e+01  1.581468e+01  1.511858e+02
     vertex -3.243264e+01  1.546612e+01  1.511858e+02
   endloop
 endfacet
 facet normal -5.551606e-01 -4.401170e-01  7.057576e-01
   outer loop
     vertex -3.237153e+01  1.550642e+01  1.512590e+02
     vertex -3.265579e+01  1.586498e+01  1.512590e+02
     vertex -3.270897e+01  1.581468e+01  1.511858e+02
   endloop
 endfacet
 facet normal -8.498396e-01 -4.596307e-01  2.578998e-01
   outer loop
     vertex -3.222103e+01  1.507487e+01  1.511858e+02
     vertex -3.245501e+01  1.545136e+01  1.510858e+02
     vertex -3.224562e+01  1.506422e+01  1.510858e+02
   endloop
 endfacet
 facet normal -8.498396e-01 -4.596307e-01  2.578998e-01
   outer loop
     vertex -3.222103e+01  1.507487e+01  1.511858e+02
     vertex -3.243264e+01  1.546612e+01  1.511858e+02
     vertex -3.245501e+01  1.545136e+01  1.510858e+02
   endloop
 endfacet
 facet normal -6.231520e-01 -3.370280e-01  7.057576e-01
   outer loop
     vertex -3.215385e+01  1.510395e+01  1.512590e+02
     vertex -3.243264e+01  1.546612e+01  1.511858e+02
     vertex -3.222103e+01  1.507487e+01  1.511858e+02
   endloop
 endfacet
 facet normal -2.284669e-01 -1.235650e-01  9.656783e-01
   outer loop
     vertex -3.215385e+01  1.510395e+01  1.512590e+02
     vertex -3.206208e+01  1.514367e+01  1.512858e+02
     vertex -3.228805e+01  1.556148e+01  1.512858e+02
   endloop
 endfacet
 facet normal -6.231520e-01 -3.370280e-01  7.057576e-01
   outer loop
     vertex -3.215385e+01  1.510395e+01  1.512590e+02
     vertex -3.237153e+01  1.550642e+01  1.512590e+02
     vertex -3.243264e+01  1.546612e+01  1.511858e+02
   endloop
 endfacet
 facet normal -2.284669e-01 -1.235650e-01  9.656783e-01
   outer loop
     vertex -3.215385e+01  1.510395e+01  1.512590e+02
     vertex -3.228805e+01  1.556148e+01  1.512858e+02
     vertex -3.237153e+01  1.550642e+01  1.512590e+02
   endloop
 endfacet
 facet normal -9.167426e-01 -3.050748e-01  2.578998e-01
   outer loop
     vertex -3.208058e+01  1.465282e+01  1.511858e+02
     vertex -3.224562e+01  1.506422e+01  1.510858e+02
     vertex -3.210665e+01  1.464660e+01  1.510858e+02
   endloop
 endfacet
 facet normal -9.167426e-01 -3.050748e-01  2.578998e-01
   outer loop
     vertex -3.208058e+01  1.465282e+01  1.511858e+02
     vertex -3.222103e+01  1.507487e+01  1.511858e+02
     vertex -3.224562e+01  1.506422e+01  1.510858e+02
   endloop
 endfacet
 facet normal -2.464528e-01 -8.201489e-02  9.656783e-01
   outer loop
     vertex -3.200937e+01  1.466979e+01  1.512590e+02
     vertex -3.191210e+01  1.469298e+01  1.512858e+02
     vertex -3.206208e+01  1.514367e+01  1.512858e+02
   endloop
 endfacet
 facet normal -6.722092e-01 -2.236986e-01  7.057576e-01
   outer loop
     vertex -3.200937e+01  1.466979e+01  1.512590e+02
     vertex -3.215385e+01  1.510395e+01  1.512590e+02
     vertex -3.222103e+01  1.507487e+01  1.511858e+02
   endloop
 endfacet
 facet normal -2.464528e-01 -8.201489e-02  9.656783e-01
   outer loop
     vertex -3.200937e+01  1.466979e+01  1.512590e+02
     vertex -3.206208e+01  1.514367e+01  1.512858e+02
     vertex -3.215385e+01  1.510395e+01  1.512590e+02
   endloop
 endfacet
 facet normal -6.722092e-01 -2.236986e-01  7.057576e-01
   outer loop
     vertex -3.200937e+01  1.466979e+01  1.512590e+02
     vertex -3.222103e+01  1.507487e+01  1.511858e+02
     vertex -3.208058e+01  1.465282e+01  1.511858e+02
   endloop
 endfacet
 facet normal -9.557909e-01 -1.412493e-01  2.578998e-01
   outer loop
     vertex -3.201555e+01  1.421279e+01  1.511858e+02
     vertex -3.210665e+01  1.464660e+01  1.510858e+02
     vertex -3.204230e+01  1.421120e+01  1.510858e+02
   endloop
 endfacet
 facet normal -9.657980e-01  2.686793e-02  2.578998e-01
   outer loop
     vertex -3.201555e+01  1.421279e+01  1.511858e+02
     vertex -3.204230e+01  1.421120e+01  1.510858e+02
     vertex -3.202792e+01  1.376815e+01  1.511858e+02
   endloop
 endfacet
 facet normal -9.557909e-01 -1.412493e-01  2.578998e-01
   outer loop
     vertex -3.201555e+01  1.421279e+01  1.511858e+02
     vertex -3.208058e+01  1.465282e+01  1.511858e+02
     vertex -3.210665e+01  1.464660e+01  1.510858e+02
   endloop
 endfacet
 facet normal -7.081795e-01  1.970113e-02  7.057576e-01
   outer loop
     vertex -3.194248e+01  1.421714e+01  1.512590e+02
     vertex -3.202792e+01  1.376815e+01  1.511858e+02
     vertex -3.195520e+01  1.375975e+01  1.512590e+02
   endloop
 endfacet
 facet normal -2.596407e-01  7.223049e-03  9.656783e-01
   outer loop
     vertex -3.194248e+01  1.421714e+01  1.512590e+02
     vertex -3.195520e+01  1.375975e+01  1.512590e+02
     vertex -3.185586e+01  1.374826e+01  1.512858e+02
   endloop
 endfacet
 facet normal -2.569504e-01 -3.797281e-02  9.656783e-01
   outer loop
     vertex -3.194248e+01  1.421714e+01  1.512590e+02
     vertex -3.184266e+01  1.422308e+01  1.512858e+02
     vertex -3.191210e+01  1.469298e+01  1.512858e+02
   endloop
 endfacet
 facet normal -2.596407e-01  7.223049e-03  9.656783e-01
   outer loop
     vertex -3.194248e+01  1.421714e+01  1.512590e+02
     vertex -3.185586e+01  1.374826e+01  1.512858e+02
     vertex -3.184266e+01  1.422308e+01  1.512858e+02
   endloop
 endfacet
 facet normal -2.569504e-01 -3.797281e-02  9.656783e-01
   outer loop
     vertex -3.194248e+01  1.421714e+01  1.512590e+02
     vertex -3.191210e+01  1.469298e+01  1.512858e+02
     vertex -3.200937e+01  1.466979e+01  1.512590e+02
   endloop
 endfacet
 facet normal -7.008417e-01 -1.035722e-01  7.057576e-01
   outer loop
     vertex -3.194248e+01  1.421714e+01  1.512590e+02
     vertex -3.200937e+01  1.466979e+01  1.512590e+02
     vertex -3.208058e+01  1.465282e+01  1.511858e+02
   endloop
 endfacet
 facet normal -7.081795e-01  1.970113e-02  7.057576e-01
   outer loop
     vertex -3.194248e+01  1.421714e+01  1.512590e+02
     vertex -3.201555e+01  1.421279e+01  1.511858e+02
     vertex -3.202792e+01  1.376815e+01  1.511858e+02
   endloop
 endfacet
 facet normal -7.008417e-01 -1.035722e-01  7.057576e-01
   outer loop
     vertex -3.194248e+01  1.421714e+01  1.512590e+02
     vertex -3.208058e+01  1.465282e+01  1.511858e+02
     vertex -3.201555e+01  1.421279e+01  1.511858e+02
   endloop
 endfacet
 facet normal -2.596407e-01  7.223049e-03 -9.656783e-01
   outer loop
     vertex -3.195520e+01  1.375975e+01  1.473126e+02
     vertex -3.184266e+01  1.422308e+01  1.472858e+02
     vertex -3.185586e+01  1.374826e+01  1.472858e+02
   endloop
 endfacet
 facet normal -9.657980e-01  2.686793e-02 -2.578998e-01
   outer loop
     vertex -3.205454e+01  1.377123e+01  1.474858e+02
     vertex -3.204230e+01  1.421120e+01  1.474858e+02
     vertex -3.202792e+01  1.376815e+01  1.473858e+02
   endloop
 endfacet
 facet normal  2.544419e-01 -5.219944e-02 -9.656783e-01
   outer loop
     vertex -3.707852e+01  1.481081e+01  1.473126e+02
     vertex -3.717048e+01  1.436258e+01  1.473126e+02
     vertex -3.726982e+01  1.437406e+01  1.472858e+02
   endloop
 endfacet
 facet normal  2.544419e-01 -5.219944e-02 -9.656783e-01
   outer loop
     vertex -3.707852e+01  1.481081e+01  1.473126e+02
     vertex -3.726982e+01  1.437406e+01  1.472858e+02
     vertex -3.717436e+01  1.483937e+01  1.472858e+02
   endloop
 endfacet
 facet normal  6.939995e-01 -1.423759e-01 -7.057576e-01
   outer loop
     vertex -3.700837e+01  1.478990e+01  1.473858e+02
     vertex -3.709776e+01  1.435417e+01  1.473858e+02
     vertex -3.717048e+01  1.436258e+01  1.473126e+02
   endloop
 endfacet
 facet normal  9.464598e-01 -1.941688e-01 -2.578998e-01
   outer loop
     vertex -3.700837e+01  1.478990e+01  1.473858e+02
     vertex -3.707114e+01  1.435110e+01  1.474858e+02
     vertex -3.709776e+01  1.435417e+01  1.473858e+02
   endloop
 endfacet
 facet normal  9.464598e-01 -1.941688e-01 -2.578998e-01
   outer loop
     vertex -3.700837e+01  1.478990e+01  1.473858e+02
     vertex -3.698269e+01  1.478225e+01  1.474858e+02
     vertex -3.707114e+01  1.435110e+01  1.474858e+02
   endloop
 endfacet
 facet normal  6.939995e-01 -1.423759e-01 -7.057576e-01
   outer loop
     vertex -3.700837e+01  1.478990e+01  1.473858e+02
     vertex -3.717048e+01  1.436258e+01  1.473126e+02
     vertex -3.707852e+01  1.481081e+01  1.473126e+02
   endloop
 endfacet
 facet normal  2.415120e-01 -9.558978e-02 -9.656783e-01
   outer loop
     vertex -3.691013e+01  1.523626e+01  1.473126e+02
     vertex -3.707852e+01  1.481081e+01  1.473126e+02
     vertex -3.717436e+01  1.483937e+01  1.472858e+02
   endloop
 endfacet
 facet normal  2.415120e-01 -9.558978e-02 -9.656783e-01
   outer loop
     vertex -3.691013e+01  1.523626e+01  1.473126e+02
     vertex -3.717436e+01  1.483937e+01  1.472858e+02
     vertex -3.699955e+01  1.528103e+01  1.472858e+02
   endloop
 endfacet
 facet normal  8.983639e-01 -3.555700e-01 -2.578998e-01
   outer loop
     vertex -3.684467e+01  1.520349e+01  1.473858e+02
     vertex -3.682071e+01  1.519150e+01  1.474858e+02
     vertex -3.698269e+01  1.478225e+01  1.474858e+02
   endloop
 endfacet
 facet normal  6.587328e-01 -2.607246e-01 -7.057576e-01
   outer loop
     vertex -3.684467e+01  1.520349e+01  1.473858e+02
     vertex -3.707852e+01  1.481081e+01  1.473126e+02
     vertex -3.691013e+01  1.523626e+01  1.473126e+02
   endloop
 endfacet
 facet normal  8.983639e-01 -3.555700e-01 -2.578998e-01
   outer loop
     vertex -3.684467e+01  1.520349e+01  1.473858e+02
     vertex -3.698269e+01  1.478225e+01  1.474858e+02
     vertex -3.700837e+01  1.478990e+01  1.473858e+02
   endloop
 endfacet
 facet normal  6.587328e-01 -2.607246e-01 -7.057576e-01
   outer loop
     vertex -3.684467e+01  1.520349e+01  1.473858e+02
     vertex -3.700837e+01  1.478990e+01  1.473858e+02
     vertex -3.707852e+01  1.481081e+01  1.473126e+02
   endloop
 endfacet
 facet normal  2.212439e-01 -1.360757e-01 -9.656783e-01
   outer loop
     vertex -3.667041e+01  1.562601e+01  1.473126e+02
     vertex -3.699955e+01  1.528103e+01  1.472858e+02
     vertex -3.675070e+01  1.568563e+01  1.472858e+02
   endloop
 endfacet
 facet normal  2.212439e-01 -1.360757e-01 -9.656783e-01
   outer loop
     vertex -3.667041e+01  1.562601e+01  1.473126e+02
     vertex -3.691013e+01  1.523626e+01  1.473126e+02
     vertex -3.699955e+01  1.528103e+01  1.472858e+02
   endloop
 endfacet
 facet normal  6.034508e-01 -3.711514e-01 -7.057576e-01
   outer loop
     vertex -3.661164e+01  1.558237e+01  1.473858e+02
     vertex -3.691013e+01  1.523626e+01  1.473126e+02
     vertex -3.667041e+01  1.562601e+01  1.473126e+02
   endloop
 endfacet
 facet normal  8.229717e-01 -5.061673e-01 -2.578998e-01
   outer loop
     vertex -3.661164e+01  1.558237e+01  1.473858e+02
     vertex -3.682071e+01  1.519150e+01  1.474858e+02
     vertex -3.684467e+01  1.520349e+01  1.473858e+02
   endloop
 endfacet
 facet normal  8.229717e-01 -5.061673e-01 -2.578998e-01
   outer loop
     vertex -3.661164e+01  1.558237e+01  1.473858e+02
     vertex -3.659012e+01  1.556640e+01  1.474858e+02
     vertex -3.682071e+01  1.519150e+01  1.474858e+02
   endloop
 endfacet
 facet normal  6.034508e-01 -3.711514e-01 -7.057576e-01
   outer loop
     vertex -3.661164e+01  1.558237e+01  1.473858e+02
     vertex -3.684467e+01  1.520349e+01  1.473858e+02
     vertex -3.691013e+01  1.523626e+01  1.473126e+02
   endloop
 endfacet
 facet normal  1.942534e-01 -1.724270e-01 -9.656783e-01
   outer loop
     vertex -3.636666e+01  1.596822e+01  1.473126e+02
     vertex -3.675070e+01  1.568563e+01  1.472858e+02
     vertex -3.643538e+01  1.604087e+01  1.472858e+02
   endloop
 endfacet
 facet normal  1.942534e-01 -1.724270e-01 -9.656783e-01
   outer loop
     vertex -3.636666e+01  1.596822e+01  1.473126e+02
     vertex -3.667041e+01  1.562601e+01  1.473126e+02
     vertex -3.675070e+01  1.568563e+01  1.472858e+02
   endloop
 endfacet
 facet normal  5.298333e-01 -4.703009e-01 -7.057576e-01
   outer loop
     vertex -3.631636e+01  1.591503e+01  1.473858e+02
     vertex -3.661164e+01  1.558237e+01  1.473858e+02
     vertex -3.667041e+01  1.562601e+01  1.473126e+02
   endloop
 endfacet
 facet normal  7.225738e-01 -6.413850e-01 -2.578998e-01
   outer loop
     vertex -3.631636e+01  1.591503e+01  1.473858e+02
     vertex -3.659012e+01  1.556640e+01  1.474858e+02
     vertex -3.661164e+01  1.558237e+01  1.473858e+02
   endloop
 endfacet
 facet normal  7.225738e-01 -6.413850e-01 -2.578998e-01
   outer loop
     vertex -3.631636e+01  1.591503e+01  1.473858e+02
     vertex -3.629794e+01  1.589557e+01  1.474858e+02
     vertex -3.659012e+01  1.556640e+01  1.474858e+02
   endloop
 endfacet
 facet normal  6.002210e-01 -7.571146e-01 -2.578998e-01
   outer loop
     vertex -3.631636e+01  1.591503e+01  1.473858e+02
     vertex -3.595304e+01  1.616900e+01  1.474858e+02
     vertex -3.629794e+01  1.589557e+01  1.474858e+02
   endloop
 endfacet
 facet normal  5.298333e-01 -4.703009e-01 -7.057576e-01
   outer loop
     vertex -3.631636e+01  1.591503e+01  1.473858e+02
     vertex -3.667041e+01  1.562601e+01  1.473126e+02
     vertex -3.636666e+01  1.596822e+01  1.473126e+02
   endloop
 endfacet
 facet normal  1.613606e-01 -2.035392e-01 -9.656783e-01
   outer loop
     vertex -3.600810e+01  1.625247e+01  1.473126e+02
     vertex -3.643538e+01  1.604087e+01  1.472858e+02
     vertex -3.606316e+01  1.633595e+01  1.472858e+02
   endloop
 endfacet
 facet normal  1.613606e-01 -2.035392e-01 -9.656783e-01
   outer loop
     vertex -3.600810e+01  1.625247e+01  1.473126e+02
     vertex -3.636666e+01  1.596822e+01  1.473126e+02
     vertex -3.643538e+01  1.604087e+01  1.472858e+02
   endloop
 endfacet
 facet normal  6.002210e-01 -7.571146e-01 -2.578998e-01
   outer loop
     vertex -3.596780e+01  1.619136e+01  1.473858e+02
     vertex -3.595304e+01  1.616900e+01  1.474858e+02
     vertex -3.631636e+01  1.591503e+01  1.473858e+02
   endloop
 endfacet
 facet normal  4.401170e-01 -5.551606e-01 -7.057576e-01
   outer loop
     vertex -3.596780e+01  1.619136e+01  1.473858e+02
     vertex -3.631636e+01  1.591503e+01  1.473858e+02
     vertex -3.636666e+01  1.596822e+01  1.473126e+02
   endloop
 endfacet
 facet normal  4.401170e-01 -5.551606e-01 -7.057576e-01
   outer loop
     vertex -3.596780e+01  1.619136e+01  1.473858e+02
     vertex -3.636666e+01  1.596822e+01  1.473126e+02
     vertex -3.600810e+01  1.625247e+01  1.473126e+02
   endloop
 endfacet
 facet normal  1.235650e-01 -2.284669e-01 -9.656783e-01
   outer loop
     vertex -3.560563e+01  1.647015e+01  1.473126e+02
     vertex -3.606316e+01  1.633595e+01  1.472858e+02
     vertex -3.564535e+01  1.656192e+01  1.472858e+02
   endloop
 endfacet
 facet normal  1.235650e-01 -2.284669e-01 -9.656783e-01
   outer loop
     vertex -3.560563e+01  1.647015e+01  1.473126e+02
     vertex -3.600810e+01  1.625247e+01  1.473126e+02
     vertex -3.606316e+01  1.633595e+01  1.472858e+02
   endloop
 endfacet
 facet normal  4.596307e-01 -8.498396e-01 -2.578998e-01
   outer loop
     vertex -3.557655e+01  1.640297e+01  1.473858e+02
     vertex -3.556590e+01  1.637838e+01  1.474858e+02
     vertex -3.595304e+01  1.616900e+01  1.474858e+02
   endloop
 endfacet
 facet normal  3.370280e-01 -6.231520e-01 -7.057576e-01
   outer loop
     vertex -3.557655e+01  1.640297e+01  1.473858e+02
     vertex -3.596780e+01  1.619136e+01  1.473858e+02
     vertex -3.600810e+01  1.625247e+01  1.473126e+02
   endloop
 endfacet
 facet normal  3.370280e-01 -6.231520e-01 -7.057576e-01
   outer loop
     vertex -3.557655e+01  1.640297e+01  1.473858e+02
     vertex -3.600810e+01  1.625247e+01  1.473126e+02
     vertex -3.560563e+01  1.647015e+01  1.473126e+02
   endloop
 endfacet
 facet normal  4.596307e-01 -8.498396e-01 -2.578998e-01
   outer loop
     vertex -3.557655e+01  1.640297e+01  1.473858e+02
     vertex -3.595304e+01  1.616900e+01  1.474858e+02
     vertex -3.596780e+01  1.619136e+01  1.473858e+02
   endloop
 endfacet
 facet normal  8.201489e-02 -2.464528e-01 -9.656783e-01
   outer loop
     vertex -3.517147e+01  1.661463e+01  1.473126e+02
     vertex -3.564535e+01  1.656192e+01  1.472858e+02
     vertex -3.519465e+01  1.671191e+01  1.472858e+02
   endloop
 endfacet
 facet normal  8.201489e-02 -2.464528e-01 -9.656783e-01
   outer loop
     vertex -3.517147e+01  1.661463e+01  1.473126e+02
     vertex -3.560563e+01  1.647015e+01  1.473126e+02
     vertex -3.564535e+01  1.656192e+01  1.472858e+02
   endloop
 endfacet
 facet normal  3.050748e-01 -9.167426e-01 -2.578998e-01
   outer loop
     vertex -3.515449e+01  1.654342e+01  1.473858e+02
     vertex -3.514828e+01  1.651736e+01  1.474858e+02
     vertex -3.556590e+01  1.637838e+01  1.474858e+02
   endloop
 endfacet
 facet normal  2.236986e-01 -6.722092e-01 -7.057576e-01
   outer loop
     vertex -3.515449e+01  1.654342e+01  1.473858e+02
     vertex -3.557655e+01  1.640297e+01  1.473858e+02
     vertex -3.560563e+01  1.647015e+01  1.473126e+02
   endloop
 endfacet
 facet normal  3.050748e-01 -9.167426e-01 -2.578998e-01
   outer loop
     vertex -3.515449e+01  1.654342e+01  1.473858e+02
     vertex -3.556590e+01  1.637838e+01  1.474858e+02
     vertex -3.557655e+01  1.640297e+01  1.473858e+02
   endloop
 endfacet
 facet normal  2.236986e-01 -6.722092e-01 -7.057576e-01
   outer loop
     vertex -3.515449e+01  1.654342e+01  1.473858e+02
     vertex -3.560563e+01  1.647015e+01  1.473126e+02
     vertex -3.517147e+01  1.661463e+01  1.473126e+02
   endloop
 endfacet
 facet normal  3.797281e-02 -2.569504e-01 -9.656783e-01
   outer loop
     vertex -3.471882e+01  1.668152e+01  1.473126e+02
     vertex -3.519465e+01  1.671191e+01  1.472858e+02
     vertex -3.472476e+01  1.678135e+01  1.472858e+02
   endloop
 endfacet
 facet normal  1.035722e-01 -7.008417e-01 -7.057576e-01
   outer loop
     vertex -3.471882e+01  1.668152e+01  1.473126e+02
     vertex -3.515449e+01  1.654342e+01  1.473858e+02
     vertex -3.517147e+01  1.661463e+01  1.473126e+02
   endloop
 endfacet
 facet normal  3.797281e-02 -2.569504e-01 -9.656783e-01
   outer loop
     vertex -3.471882e+01  1.668152e+01  1.473126e+02
     vertex -3.517147e+01  1.661463e+01  1.473126e+02
     vertex -3.519465e+01  1.671191e+01  1.472858e+02
   endloop
 endfacet
 facet normal  1.412493e-01 -9.557909e-01 -2.578998e-01
   outer loop
     vertex -3.471447e+01  1.660845e+01  1.473858e+02
     vertex -3.471287e+01  1.658170e+01  1.474858e+02
     vertex -3.514828e+01  1.651736e+01  1.474858e+02
   endloop
 endfacet
 facet normal  1.035722e-01 -7.008417e-01 -7.057576e-01
   outer loop
     vertex -3.471447e+01  1.660845e+01  1.473858e+02
     vertex -3.515449e+01  1.654342e+01  1.473858e+02
     vertex -3.471882e+01  1.668152e+01  1.473126e+02
   endloop
 endfacet
 facet normal  1.412493e-01 -9.557909e-01 -2.578998e-01
   outer loop
     vertex -3.471447e+01  1.660845e+01  1.473858e+02
     vertex -3.514828e+01  1.651736e+01  1.474858e+02
     vertex -3.515449e+01  1.654342e+01  1.473858e+02
   endloop
 endfacet
 facet normal -7.223049e-03 -2.596407e-01 -9.656783e-01
   outer loop
     vertex -3.426143e+01  1.666880e+01  1.473126e+02
     vertex -3.472476e+01  1.678135e+01  1.472858e+02
     vertex -3.424994e+01  1.676814e+01  1.472858e+02
   endloop
 endfacet
 facet normal -7.223049e-03 -2.596407e-01 -9.656783e-01
   outer loop
     vertex -3.426143e+01  1.666880e+01  1.473126e+02
     vertex -3.471882e+01  1.668152e+01  1.473126e+02
     vertex -3.472476e+01  1.678135e+01  1.472858e+02
   endloop
 endfacet
 facet normal -1.970113e-02 -7.081795e-01 -7.057576e-01
   outer loop
     vertex -3.426983e+01  1.659608e+01  1.473858e+02
     vertex -3.471447e+01  1.660845e+01  1.473858e+02
     vertex -3.471882e+01  1.668152e+01  1.473126e+02
   endloop
 endfacet
 facet normal -2.686793e-02 -9.657980e-01 -2.578998e-01
   outer loop
     vertex -3.426983e+01  1.659608e+01  1.473858e+02
     vertex -3.427291e+01  1.656946e+01  1.474858e+02
     vertex -3.471287e+01  1.658170e+01  1.474858e+02
   endloop
 endfacet
 facet normal -1.941688e-01 -9.464598e-01 -2.578998e-01
   outer loop
     vertex -3.426983e+01  1.659608e+01  1.473858e+02
     vertex -3.384175e+01  1.648101e+01  1.474858e+02
     vertex -3.427291e+01  1.656946e+01  1.474858e+02
   endloop
 endfacet
 facet normal -2.686793e-02 -9.657980e-01 -2.578998e-01
   outer loop
     vertex -3.426983e+01  1.659608e+01  1.473858e+02
     vertex -3.471287e+01  1.658170e+01  1.474858e+02
     vertex -3.471447e+01  1.660845e+01  1.473858e+02
   endloop
 endfacet
 facet normal -1.970113e-02 -7.081795e-01 -7.057576e-01
   outer loop
     vertex -3.426983e+01  1.659608e+01  1.473858e+02
     vertex -3.471882e+01  1.668152e+01  1.473126e+02
     vertex -3.426143e+01  1.666880e+01  1.473126e+02
   endloop
 endfacet
 facet normal -5.219944e-02 -2.544419e-01 -9.656783e-01
   outer loop
     vertex -3.381319e+01  1.657684e+01  1.473126e+02
     vertex -3.424994e+01  1.676814e+01  1.472858e+02
     vertex -3.378463e+01  1.667268e+01  1.472858e+02
   endloop
 endfacet
 facet normal -1.423759e-01 -6.939995e-01 -7.057576e-01
   outer loop
     vertex -3.381319e+01  1.657684e+01  1.473126e+02
     vertex -3.426983e+01  1.659608e+01  1.473858e+02
     vertex -3.426143e+01  1.666880e+01  1.473126e+02
   endloop
 endfacet
 facet normal -5.219944e-02 -2.544419e-01 -9.656783e-01
   outer loop
     vertex -3.381319e+01  1.657684e+01  1.473126e+02
     vertex -3.426143e+01  1.666880e+01  1.473126e+02
     vertex -3.424994e+01  1.676814e+01  1.472858e+02
   endloop
 endfacet
 facet normal -1.941688e-01 -9.464598e-01 -2.578998e-01
   outer loop
     vertex -3.383410e+01  1.650669e+01  1.473858e+02
     vertex -3.384175e+01  1.648101e+01  1.474858e+02
     vertex -3.426983e+01  1.659608e+01  1.473858e+02
   endloop
 endfacet
 facet normal -1.423759e-01 -6.939995e-01 -7.057576e-01
   outer loop
     vertex -3.383410e+01  1.650669e+01  1.473858e+02
     vertex -3.426983e+01  1.659608e+01  1.473858e+02
     vertex -3.381319e+01  1.657684e+01  1.473126e+02
   endloop
 endfacet
 facet normal -9.558978e-02 -2.415120e-01 -9.656783e-01
   outer loop
     vertex -3.338774e+01  1.640845e+01  1.473126e+02
     vertex -3.378463e+01  1.667268e+01  1.472858e+02
     vertex -3.334297e+01  1.649787e+01  1.472858e+02
   endloop
 endfacet
 facet normal -9.558978e-02 -2.415120e-01 -9.656783e-01
   outer loop
     vertex -3.338774e+01  1.640845e+01  1.473126e+02
     vertex -3.381319e+01  1.657684e+01  1.473126e+02
     vertex -3.378463e+01  1.667268e+01  1.472858e+02
   endloop
 endfacet
 facet normal -3.555700e-01 -8.983639e-01 -2.578998e-01
   outer loop
     vertex -3.342051e+01  1.634299e+01  1.473858e+02
     vertex -3.343250e+01  1.631903e+01  1.474858e+02
     vertex -3.384175e+01  1.648101e+01  1.474858e+02
   endloop
 endfacet
 facet normal -5.061673e-01 -8.229717e-01 -2.578998e-01
   outer loop
     vertex -3.342051e+01  1.634299e+01  1.473858e+02
     vertex -3.305760e+01  1.608845e+01  1.474858e+02
     vertex -3.343250e+01  1.631903e+01  1.474858e+02
   endloop
 endfacet
 facet normal -3.555700e-01 -8.983639e-01 -2.578998e-01
   outer loop
     vertex -3.342051e+01  1.634299e+01  1.473858e+02
     vertex -3.384175e+01  1.648101e+01  1.474858e+02
     vertex -3.383410e+01  1.650669e+01  1.473858e+02
   endloop
 endfacet
 facet normal -2.607246e-01 -6.587328e-01 -7.057576e-01
   outer loop
     vertex -3.342051e+01  1.634299e+01  1.473858e+02
     vertex -3.383410e+01  1.650669e+01  1.473858e+02
     vertex -3.381319e+01  1.657684e+01  1.473126e+02
   endloop
 endfacet
 facet normal -2.607246e-01 -6.587328e-01 -7.057576e-01
   outer loop
     vertex -3.342051e+01  1.634299e+01  1.473858e+02
     vertex -3.381319e+01  1.657684e+01  1.473126e+02
     vertex -3.338774e+01  1.640845e+01  1.473126e+02
   endloop
 endfacet
 facet normal -1.360757e-01 -2.212439e-01 -9.656783e-01
   outer loop
     vertex -3.299799e+01  1.616874e+01  1.473126e+02
     vertex -3.334297e+01  1.649787e+01  1.472858e+02
     vertex -3.293838e+01  1.624902e+01  1.472858e+02
   endloop
 endfacet
 facet normal -1.360757e-01 -2.212439e-01 -9.656783e-01
   outer loop
     vertex -3.299799e+01  1.616874e+01  1.473126e+02
     vertex -3.338774e+01  1.640845e+01  1.473126e+02
     vertex -3.334297e+01  1.649787e+01  1.472858e+02
   endloop
 endfacet
 facet normal -3.711514e-01 -6.034508e-01 -7.057576e-01
   outer loop
     vertex -3.299799e+01  1.616874e+01  1.473126e+02
     vertex -3.342051e+01  1.634299e+01  1.473858e+02
     vertex -3.338774e+01  1.640845e+01  1.473126e+02
   endloop
 endfacet
 facet normal -6.413850e-01 -7.225738e-01 -2.578998e-01
   outer loop
     vertex -3.304163e+01  1.610996e+01  1.473858e+02
     vertex -3.272844e+01  1.579627e+01  1.474858e+02
     vertex -3.305760e+01  1.608845e+01  1.474858e+02
   endloop
 endfacet
 facet normal -5.061673e-01 -8.229717e-01 -2.578998e-01
   outer loop
     vertex -3.304163e+01  1.610996e+01  1.473858e+02
     vertex -3.305760e+01  1.608845e+01  1.474858e+02
     vertex -3.342051e+01  1.634299e+01  1.473858e+02
   endloop
 endfacet
 facet normal -3.711514e-01 -6.034508e-01 -7.057576e-01
   outer loop
     vertex -3.304163e+01  1.610996e+01  1.473858e+02
     vertex -3.342051e+01  1.634299e+01  1.473858e+02
     vertex -3.299799e+01  1.616874e+01  1.473126e+02
   endloop
 endfacet
 facet normal -1.724270e-01 -1.942534e-01 -9.656783e-01
   outer loop
     vertex -3.265579e+01  1.586498e+01  1.473126e+02
     vertex -3.293838e+01  1.624902e+01  1.472858e+02
     vertex -3.258314e+01  1.593370e+01  1.472858e+02
   endloop
 endfacet
 facet normal -1.724270e-01 -1.942534e-01 -9.656783e-01
   outer loop
     vertex -3.265579e+01  1.586498e+01  1.473126e+02
     vertex -3.299799e+01  1.616874e+01  1.473126e+02
     vertex -3.293838e+01  1.624902e+01  1.472858e+02
   endloop
 endfacet
 facet normal -4.703009e-01 -5.298333e-01 -7.057576e-01
   outer loop
     vertex -3.270897e+01  1.581468e+01  1.473858e+02
     vertex -3.304163e+01  1.610996e+01  1.473858e+02
     vertex -3.299799e+01  1.616874e+01  1.473126e+02
   endloop
 endfacet
 facet normal -4.703009e-01 -5.298333e-01 -7.057576e-01
   outer loop
     vertex -3.270897e+01  1.581468e+01  1.473858e+02
     vertex -3.299799e+01  1.616874e+01  1.473126e+02
     vertex -3.265579e+01  1.586498e+01  1.473126e+02
   endloop
 endfacet
 facet normal -6.413850e-01 -7.225738e-01 -2.578998e-01
   outer loop
     vertex -3.270897e+01  1.581468e+01  1.473858e+02
     vertex -3.272844e+01  1.579627e+01  1.474858e+02
     vertex -3.304163e+01  1.610996e+01  1.473858e+02
   endloop
 endfacet
 facet normal -2.035392e-01 -1.613606e-01 -9.656783e-01
   outer loop
     vertex -3.237153e+01  1.550642e+01  1.473126e+02
     vertex -3.265579e+01  1.586498e+01  1.473126e+02
     vertex -3.258314e+01  1.593370e+01  1.472858e+02
   endloop
 endfacet
 facet normal -2.035392e-01 -1.613606e-01 -9.656783e-01
   outer loop
     vertex -3.237153e+01  1.550642e+01  1.473126e+02
     vertex -3.258314e+01  1.593370e+01  1.472858e+02
     vertex -3.228805e+01  1.556148e+01  1.472858e+02
   endloop
 endfacet
 facet normal -7.571146e-01 -6.002210e-01 -2.578998e-01
   outer loop
     vertex -3.243264e+01  1.546612e+01  1.473858e+02
     vertex -3.245501e+01  1.545136e+01  1.474858e+02
     vertex -3.272844e+01  1.579627e+01  1.474858e+02
   endloop
 endfacet
 facet normal -7.571146e-01 -6.002210e-01 -2.578998e-01
   outer loop
     vertex -3.243264e+01  1.546612e+01  1.473858e+02
     vertex -3.272844e+01  1.579627e+01  1.474858e+02
     vertex -3.270897e+01  1.581468e+01  1.473858e+02
   endloop
 endfacet
 facet normal -5.551606e-01 -4.401170e-01 -7.057576e-01
   outer loop
     vertex -3.243264e+01  1.546612e+01  1.473858e+02
     vertex -3.265579e+01  1.586498e+01  1.473126e+02
     vertex -3.237153e+01  1.550642e+01  1.473126e+02
   endloop
 endfacet
 facet normal -5.551606e-01 -4.401170e-01 -7.057576e-01
   outer loop
     vertex -3.243264e+01  1.546612e+01  1.473858e+02
     vertex -3.270897e+01  1.581468e+01  1.473858e+02
     vertex -3.265579e+01  1.586498e+01  1.473126e+02
   endloop
 endfacet
 facet normal -2.284669e-01 -1.235650e-01 -9.656783e-01
   outer loop
     vertex -3.215385e+01  1.510395e+01  1.473126e+02
     vertex -3.228805e+01  1.556148e+01  1.472858e+02
     vertex -3.206208e+01  1.514367e+01  1.472858e+02
   endloop
 endfacet
 facet normal -2.284669e-01 -1.235650e-01 -9.656783e-01
   outer loop
     vertex -3.215385e+01  1.510395e+01  1.473126e+02
     vertex -3.237153e+01  1.550642e+01  1.473126e+02
     vertex -3.228805e+01  1.556148e+01  1.472858e+02
   endloop
 endfacet
 facet normal -6.231520e-01 -3.370280e-01 -7.057576e-01
   outer loop
     vertex -3.222103e+01  1.507487e+01  1.473858e+02
     vertex -3.237153e+01  1.550642e+01  1.473126e+02
     vertex -3.215385e+01  1.510395e+01  1.473126e+02
   endloop
 endfacet
 facet normal -8.498396e-01 -4.596307e-01 -2.578998e-01
   outer loop
     vertex -3.222103e+01  1.507487e+01  1.473858e+02
     vertex -3.224562e+01  1.506422e+01  1.474858e+02
     vertex -3.245501e+01  1.545136e+01  1.474858e+02
   endloop
 endfacet
 facet normal -8.498396e-01 -4.596307e-01 -2.578998e-01
   outer loop
     vertex -3.222103e+01  1.507487e+01  1.473858e+02
     vertex -3.245501e+01  1.545136e+01  1.474858e+02
     vertex -3.243264e+01  1.546612e+01  1.473858e+02
   endloop
 endfacet
 facet normal -6.231520e-01 -3.370280e-01 -7.057576e-01
   outer loop
     vertex -3.222103e+01  1.507487e+01  1.473858e+02
     vertex -3.243264e+01  1.546612e+01  1.473858e+02
     vertex -3.237153e+01  1.550642e+01  1.473126e+02
   endloop
 endfacet
 facet normal -2.464528e-01 -8.201489e-02 -9.656783e-01
   outer loop
     vertex -3.200937e+01  1.466979e+01  1.473126e+02
     vertex -3.206208e+01  1.514367e+01  1.472858e+02
     vertex -3.191210e+01  1.469298e+01  1.472858e+02
   endloop
 endfacet
 facet normal -2.464528e-01 -8.201489e-02 -9.656783e-01
   outer loop
     vertex -3.200937e+01  1.466979e+01  1.473126e+02
     vertex -3.215385e+01  1.510395e+01  1.473126e+02
     vertex -3.206208e+01  1.514367e+01  1.472858e+02
   endloop
 endfacet
 facet normal -9.167426e-01 -3.050748e-01 -2.578998e-01
   outer loop
     vertex -3.208058e+01  1.465282e+01  1.473858e+02
     vertex -3.210665e+01  1.464660e+01  1.474858e+02
     vertex -3.224562e+01  1.506422e+01  1.474858e+02
   endloop
 endfacet
 facet normal -6.722092e-01 -2.236986e-01 -7.057576e-01
   outer loop
     vertex -3.208058e+01  1.465282e+01  1.473858e+02
     vertex -3.222103e+01  1.507487e+01  1.473858e+02
     vertex -3.215385e+01  1.510395e+01  1.473126e+02
   endloop
 endfacet
 facet normal -9.167426e-01 -3.050748e-01 -2.578998e-01
   outer loop
     vertex -3.208058e+01  1.465282e+01  1.473858e+02
     vertex -3.224562e+01  1.506422e+01  1.474858e+02
     vertex -3.222103e+01  1.507487e+01  1.473858e+02
   endloop
 endfacet
 facet normal -6.722092e-01 -2.236986e-01 -7.057576e-01
   outer loop
     vertex -3.208058e+01  1.465282e+01  1.473858e+02
     vertex -3.215385e+01  1.510395e+01  1.473126e+02
     vertex -3.200937e+01  1.466979e+01  1.473126e+02
   endloop
 endfacet
 facet normal -2.569504e-01 -3.797281e-02 -9.656783e-01
   outer loop
     vertex -3.194248e+01  1.421714e+01  1.473126e+02
     vertex -3.191210e+01  1.469298e+01  1.472858e+02
     vertex -3.184266e+01  1.422308e+01  1.472858e+02
   endloop
 endfacet
 facet normal -2.596407e-01  7.223049e-03 -9.656783e-01
   outer loop
     vertex -3.194248e+01  1.421714e+01  1.473126e+02
     vertex -3.184266e+01  1.422308e+01  1.472858e+02
     vertex -3.195520e+01  1.375975e+01  1.473126e+02
   endloop
 endfacet
 facet normal -2.569504e-01 -3.797281e-02 -9.656783e-01
   outer loop
     vertex -3.194248e+01  1.421714e+01  1.473126e+02
     vertex -3.200937e+01  1.466979e+01  1.473126e+02
     vertex -3.191210e+01  1.469298e+01  1.472858e+02
   endloop
 endfacet
 facet normal -7.081795e-01  1.970113e-02 -7.057576e-01
   outer loop
     vertex -3.201555e+01  1.421279e+01  1.473858e+02
     vertex -3.195520e+01  1.375975e+01  1.473126e+02
     vertex -3.202792e+01  1.376815e+01  1.473858e+02
   endloop
 endfacet
 facet normal -9.657980e-01  2.686793e-02 -2.578998e-01
   outer loop
     vertex -3.201555e+01  1.421279e+01  1.473858e+02
     vertex -3.202792e+01  1.376815e+01  1.473858e+02
     vertex -3.204230e+01  1.421120e+01  1.474858e+02
   endloop
 endfacet
 facet normal -9.557909e-01 -1.412493e-01 -2.578998e-01
   outer loop
     vertex -3.201555e+01  1.421279e+01  1.473858e+02
     vertex -3.204230e+01  1.421120e+01  1.474858e+02
     vertex -3.210665e+01  1.464660e+01  1.474858e+02
   endloop
 endfacet
 facet normal -9.557909e-01 -1.412493e-01 -2.578998e-01
   outer loop
     vertex -3.201555e+01  1.421279e+01  1.473858e+02
     vertex -3.210665e+01  1.464660e+01  1.474858e+02
     vertex -3.208058e+01  1.465282e+01  1.473858e+02
   endloop
 endfacet
 facet normal -7.008417e-01 -1.035722e-01 -7.057576e-01
   outer loop
     vertex -3.201555e+01  1.421279e+01  1.473858e+02
     vertex -3.208058e+01  1.465282e+01  1.473858e+02
     vertex -3.200937e+01  1.466979e+01  1.473126e+02
   endloop
 endfacet
 facet normal -7.081795e-01  1.970113e-02 -7.057576e-01
   outer loop
     vertex -3.201555e+01  1.421279e+01  1.473858e+02
     vertex -3.194248e+01  1.421714e+01  1.473126e+02
     vertex -3.195520e+01  1.375975e+01  1.473126e+02
   endloop
 endfacet
 facet normal -7.008417e-01 -1.035722e-01 -7.057576e-01
   outer loop
     vertex -3.201555e+01  1.421279e+01  1.473858e+02
     vertex -3.200937e+01  1.466979e+01  1.473126e+02
     vertex -3.194248e+01  1.421714e+01  1.473126e+02
   endloop
 endfacet
 facet normal -1.772259e-01  4.930319e-03  9.841578e-01
   outer loop
     vertex  2.567934e+01  7.557620e+00  1.589733e+02
     vertex  2.566659e+01  7.099279e+00  1.589733e+02
     vertex  2.573567e+01  7.091293e+00  1.589858e+02
   endloop
 endfacet
 facet normal -1.772259e-01  4.930319e-03  9.841578e-01
   outer loop
     vertex  2.567934e+01  7.557620e+00  1.589733e+02
     vertex  2.573567e+01  7.091293e+00  1.589858e+02
     vertex  2.574876e+01  7.561752e+00  1.589858e+02
   endloop
 endfacet
 facet normal -5.091170e-01  1.416333e-02  8.605808e-01
   outer loop
     vertex  2.561858e+01  7.554003e+00  1.589375e+02
     vertex  2.560613e+01  7.106268e+00  1.589375e+02
     vertex  2.566659e+01  7.099279e+00  1.589733e+02
   endloop
 endfacet
 facet normal -7.766006e-01  2.160457e-02  6.296227e-01
   outer loop
     vertex  2.561858e+01  7.554003e+00  1.589375e+02
     vertex  2.556183e+01  7.111388e+00  1.588826e+02
     vertex  2.560613e+01  7.106268e+00  1.589375e+02
   endloop
 endfacet
 facet normal -7.766006e-01  2.160457e-02  6.296227e-01
   outer loop
     vertex  2.561858e+01  7.554003e+00  1.589375e+02
     vertex  2.557407e+01  7.551354e+00  1.588826e+02
     vertex  2.556183e+01  7.111388e+00  1.588826e+02
   endloop
 endfacet
 facet normal -5.091170e-01  1.416333e-02  8.605808e-01
   outer loop
     vertex  2.561858e+01  7.554003e+00  1.589375e+02
     vertex  2.566659e+01  7.099279e+00  1.589733e+02
     vertex  2.567934e+01  7.557620e+00  1.589733e+02
   endloop
 endfacet
 facet normal -1.753896e-01 -2.591954e-02  9.841578e-01
   outer loop
     vertex  2.561231e+01  8.011212e+00  1.589733e+02
     vertex  2.567934e+01  7.557620e+00  1.589733e+02
     vertex  2.574876e+01  7.561752e+00  1.589858e+02
   endloop
 endfacet
 facet normal -1.753896e-01 -2.591954e-02  9.841578e-01
   outer loop
     vertex  2.561231e+01  8.011212e+00  1.589733e+02
     vertex  2.574876e+01  7.561752e+00  1.589858e+02
     vertex  2.567996e+01  8.027337e+00  1.589858e+02
   endloop
 endfacet
 facet normal -7.685539e-01 -1.135789e-01  6.296227e-01
   outer loop
     vertex  2.555310e+01  7.997100e+00  1.589375e+02
     vertex  2.550973e+01  7.986762e+00  1.588826e+02
     vertex  2.557407e+01  7.551354e+00  1.588826e+02
   endloop
 endfacet
 facet normal -5.038418e-01 -7.445908e-02  8.605808e-01
   outer loop
     vertex  2.555310e+01  7.997100e+00  1.589375e+02
     vertex  2.567934e+01  7.557620e+00  1.589733e+02
     vertex  2.561231e+01  8.011212e+00  1.589733e+02
   endloop
 endfacet
 facet normal -7.685539e-01 -1.135789e-01  6.296227e-01
   outer loop
     vertex  2.555310e+01  7.997100e+00  1.589375e+02
     vertex  2.557407e+01  7.551354e+00  1.588826e+02
     vertex  2.561858e+01  7.554003e+00  1.589375e+02
   endloop
 endfacet
 facet normal -5.038418e-01 -7.445908e-02  8.605808e-01
   outer loop
     vertex  2.555310e+01  7.997100e+00  1.589375e+02
     vertex  2.561858e+01  7.554003e+00  1.589375e+02
     vertex  2.567934e+01  7.557620e+00  1.589733e+02
   endloop
 endfacet
 facet normal -1.682241e-01 -5.598184e-02  9.841578e-01
   outer loop
     vertex  2.546753e+01  8.446273e+00  1.589733e+02
     vertex  2.567996e+01  8.027337e+00  1.589858e+02
     vertex  2.553135e+01  8.473900e+00  1.589858e+02
   endloop
 endfacet
 facet normal -1.682241e-01 -5.598184e-02  9.841578e-01
   outer loop
     vertex  2.546753e+01  8.446273e+00  1.589733e+02
     vertex  2.561231e+01  8.011212e+00  1.589733e+02
     vertex  2.567996e+01  8.027337e+00  1.589858e+02
   endloop
 endfacet
 facet normal -4.832576e-01 -1.608191e-01  8.605808e-01
   outer loop
     vertex  2.541167e+01  8.422094e+00  1.589375e+02
     vertex  2.561231e+01  8.011212e+00  1.589733e+02
     vertex  2.546753e+01  8.446273e+00  1.589733e+02
   endloop
 endfacet
 facet normal -7.371550e-01 -2.453114e-01  6.296227e-01
   outer loop
     vertex  2.541167e+01  8.422094e+00  1.589375e+02
     vertex  2.550973e+01  7.986762e+00  1.588826e+02
     vertex  2.555310e+01  7.997100e+00  1.589375e+02
   endloop
 endfacet
 facet normal -7.371550e-01 -2.453114e-01  6.296227e-01
   outer loop
     vertex  2.541167e+01  8.422094e+00  1.589375e+02
     vertex  2.537075e+01  8.404381e+00  1.588826e+02
     vertex  2.550973e+01  7.986762e+00  1.588826e+02
   endloop
 endfacet
 facet normal -4.832576e-01 -1.608191e-01  8.605808e-01
   outer loop
     vertex  2.541167e+01  8.422094e+00  1.589375e+02
     vertex  2.555310e+01  7.997100e+00  1.589375e+02
     vertex  2.561231e+01  8.011212e+00  1.589733e+02
   endloop
 endfacet
 facet normal -1.559473e-01 -8.434317e-02  9.841578e-01
   outer loop
     vertex  2.524940e+01  8.849583e+00  1.589733e+02
     vertex  2.553135e+01  8.473900e+00  1.589858e+02
     vertex  2.530745e+01  8.887873e+00  1.589858e+02
   endloop
 endfacet
 facet normal -1.559473e-01 -8.434317e-02  9.841578e-01
   outer loop
     vertex  2.524940e+01  8.849583e+00  1.589733e+02
     vertex  2.546753e+01  8.446273e+00  1.589733e+02
     vertex  2.553135e+01  8.473900e+00  1.589858e+02
   endloop
 endfacet
 facet normal -4.479899e-01 -2.422927e-01  8.605808e-01
   outer loop
     vertex  2.519859e+01  8.816072e+00  1.589375e+02
     vertex  2.541167e+01  8.422094e+00  1.589375e+02
     vertex  2.546753e+01  8.446273e+00  1.589733e+02
   endloop
 endfacet
 facet normal -6.833581e-01 -3.695902e-01  6.296227e-01
   outer loop
     vertex  2.519859e+01  8.816072e+00  1.589375e+02
     vertex  2.537075e+01  8.404381e+00  1.588826e+02
     vertex  2.541167e+01  8.422094e+00  1.589375e+02
   endloop
 endfacet
 facet normal -6.833581e-01 -3.695902e-01  6.296227e-01
   outer loop
     vertex  2.519859e+01  8.816072e+00  1.589375e+02
     vertex  2.516137e+01  8.791523e+00  1.588826e+02
     vertex  2.537075e+01  8.404381e+00  1.588826e+02
   endloop
 endfacet
 facet normal -6.087977e-01 -4.826392e-01  6.296227e-01
   outer loop
     vertex  2.519859e+01  8.816072e+00  1.589375e+02
     vertex  2.488794e+01  9.136424e+00  1.588826e+02
     vertex  2.516137e+01  8.791523e+00  1.588826e+02
   endloop
 endfacet
 facet normal -4.479899e-01 -2.422927e-01  8.605808e-01
   outer loop
     vertex  2.519859e+01  8.816072e+00  1.589375e+02
     vertex  2.546753e+01  8.446273e+00  1.589733e+02
     vertex  2.524940e+01  8.849583e+00  1.589733e+02
   endloop
 endfacet
 facet normal -1.389321e-01 -1.101418e-01  9.841578e-01
   outer loop
     vertex  2.496455e+01  9.208889e+00  1.589733e+02
     vertex  2.530745e+01  8.887873e+00  1.589858e+02
     vertex  2.501507e+01  9.256678e+00  1.589858e+02
   endloop
 endfacet
 facet normal -1.389321e-01 -1.101418e-01  9.841578e-01
   outer loop
     vertex  2.496455e+01  9.208889e+00  1.589733e+02
     vertex  2.524940e+01  8.849583e+00  1.589733e+02
     vertex  2.530745e+01  8.887873e+00  1.589858e+02
   endloop
 endfacet
 facet normal -6.087977e-01 -4.826392e-01  6.296227e-01
   outer loop
     vertex  2.492033e+01  9.167064e+00  1.589375e+02
     vertex  2.488794e+01  9.136424e+00  1.588826e+02
     vertex  2.519859e+01  8.816072e+00  1.589375e+02
   endloop
 endfacet
 facet normal -3.991103e-01 -3.164044e-01  8.605808e-01
   outer loop
     vertex  2.492033e+01  9.167064e+00  1.589375e+02
     vertex  2.519859e+01  8.816072e+00  1.589375e+02
     vertex  2.524940e+01  8.849583e+00  1.589733e+02
   endloop
 endfacet
 facet normal -3.991103e-01 -3.164044e-01  8.605808e-01
   outer loop
     vertex  2.492033e+01  9.167064e+00  1.589375e+02
     vertex  2.524940e+01  8.849583e+00  1.589733e+02
     vertex  2.496455e+01  9.208889e+00  1.589733e+02
   endloop
 endfacet
 facet normal -1.176955e-01 -1.325938e-01  9.841578e-01
   outer loop
     vertex  2.462164e+01  9.513273e+00  1.589733e+02
     vertex  2.501507e+01  9.256678e+00  1.589858e+02
     vertex  2.466310e+01  9.569110e+00  1.589858e+02
   endloop
 endfacet
 facet normal -1.176955e-01 -1.325938e-01  9.841578e-01
   outer loop
     vertex  2.462164e+01  9.513273e+00  1.589733e+02
     vertex  2.496455e+01  9.208889e+00  1.589733e+02
     vertex  2.501507e+01  9.256678e+00  1.589858e+02
   endloop
 endfacet
 facet normal -5.157393e-01 -5.810234e-01  6.296227e-01
   outer loop
     vertex  2.458535e+01  9.464405e+00  1.589375e+02
     vertex  2.455877e+01  9.428605e+00  1.588826e+02
     vertex  2.488794e+01  9.136424e+00  1.588826e+02
   endloop
 endfacet
 facet normal -3.381038e-01 -3.809022e-01  8.605808e-01
   outer loop
     vertex  2.458535e+01  9.464405e+00  1.589375e+02
     vertex  2.492033e+01  9.167064e+00  1.589375e+02
     vertex  2.496455e+01  9.208889e+00  1.589733e+02
   endloop
 endfacet
 facet normal -3.381038e-01 -3.809022e-01  8.605808e-01
   outer loop
     vertex  2.458535e+01  9.464405e+00  1.589375e+02
     vertex  2.496455e+01  9.208889e+00  1.589733e+02
     vertex  2.462164e+01  9.513273e+00  1.589733e+02
   endloop
 endfacet
 facet normal -5.157393e-01 -5.810234e-01  6.296227e-01
   outer loop
     vertex  2.458535e+01  9.464405e+00  1.589375e+02
     vertex  2.488794e+01  9.136424e+00  1.588826e+02
     vertex  2.492033e+01  9.167064e+00  1.589375e+02
   endloop
 endfacet
 facet normal -9.288273e-02 -1.510170e-01  9.841578e-01
   outer loop
     vertex  2.423108e+01  9.753486e+00  1.589733e+02
     vertex  2.466310e+01  9.569110e+00  1.589858e+02
     vertex  2.426221e+01  9.815674e+00  1.589858e+02
   endloop
 endfacet
 facet normal -9.288273e-02 -1.510170e-01  9.841578e-01
   outer loop
     vertex  2.423108e+01  9.753486e+00  1.589733e+02
     vertex  2.462164e+01  9.513273e+00  1.589733e+02
     vertex  2.466310e+01  9.569110e+00  1.589858e+02
   endloop
 endfacet
 facet normal -4.070104e-01 -6.617536e-01  6.296227e-01
   outer loop
     vertex  2.420383e+01  9.699060e+00  1.589375e+02
     vertex  2.418387e+01  9.659188e+00  1.588826e+02
     vertex  2.455877e+01  9.428605e+00  1.588826e+02
   endloop
 endfacet
 facet normal -2.859147e-01 -7.223767e-01  6.296227e-01
   outer loop
     vertex  2.420383e+01  9.699060e+00  1.589375e+02
     vertex  2.377462e+01  9.821166e+00  1.588826e+02
     vertex  2.418387e+01  9.659188e+00  1.588826e+02
   endloop
 endfacet
 facet normal -2.668243e-01 -4.338266e-01  8.605808e-01
   outer loop
     vertex  2.420383e+01  9.699060e+00  1.589375e+02
     vertex  2.458535e+01  9.464405e+00  1.589375e+02
     vertex  2.462164e+01  9.513273e+00  1.589733e+02
   endloop
 endfacet
 facet normal -4.070104e-01 -6.617536e-01  6.296227e-01
   outer loop
     vertex  2.420383e+01  9.699060e+00  1.589375e+02
     vertex  2.455877e+01  9.428605e+00  1.588826e+02
     vertex  2.458535e+01  9.464405e+00  1.589375e+02
   endloop
 endfacet
 facet normal -2.668243e-01 -4.338266e-01  8.605808e-01
   outer loop
     vertex  2.420383e+01  9.699060e+00  1.589375e+02
     vertex  2.462164e+01  9.513273e+00  1.589733e+02
     vertex  2.423108e+01  9.753486e+00  1.589733e+02
   endloop
 endfacet
 facet normal -6.524781e-02 -1.648516e-01  9.841578e-01
   outer loop
     vertex  2.380474e+01  9.922229e+00  1.589733e+02
     vertex  2.426221e+01  9.815674e+00  1.589858e+02
     vertex  2.382460e+01  9.988879e+00  1.589858e+02
   endloop
 endfacet
 facet normal -6.524781e-02 -1.648516e-01  9.841578e-01
   outer loop
     vertex  2.380474e+01  9.922229e+00  1.589733e+02
     vertex  2.423108e+01  9.753486e+00  1.589733e+02
     vertex  2.426221e+01  9.815674e+00  1.589858e+02
   endloop
 endfacet
 facet normal -1.874375e-01 -4.735694e-01  8.605808e-01
   outer loop
     vertex  2.378736e+01  9.863899e+00  1.589375e+02
     vertex  2.420383e+01  9.699060e+00  1.589375e+02
     vertex  2.423108e+01  9.753486e+00  1.589733e+02
   endloop
 endfacet
 facet normal -1.874375e-01 -4.735694e-01  8.605808e-01
   outer loop
     vertex  2.378736e+01  9.863899e+00  1.589375e+02
     vertex  2.423108e+01  9.753486e+00  1.589733e+02
     vertex  2.380474e+01  9.922229e+00  1.589733e+02
   endloop
 endfacet
 facet normal -2.859147e-01 -7.223767e-01  6.296227e-01
   outer loop
     vertex  2.378736e+01  9.863899e+00  1.589375e+02
     vertex  2.377462e+01  9.821166e+00  1.588826e+02
     vertex  2.420383e+01  9.699060e+00  1.589375e+02
   endloop
 endfacet
 facet normal -1.023554e-01 -4.989229e-01  8.605808e-01
   outer loop
     vertex  2.335557e+01  1.001438e+01  1.589733e+02
     vertex  2.378736e+01  9.863899e+00  1.589375e+02
     vertex  2.380474e+01  9.922229e+00  1.589733e+02
   endloop
 endfacet
 facet normal -3.563037e-02 -1.736773e-01  9.841578e-01
   outer loop
     vertex  2.335557e+01  1.001438e+01  1.589733e+02
     vertex  2.382460e+01  9.988879e+00  1.589858e+02
     vertex  2.336356e+01  1.008346e+01  1.589858e+02
   endloop
 endfacet
 facet normal -3.563037e-02 -1.736773e-01  9.841578e-01
   outer loop
     vertex  2.335557e+01  1.001438e+01  1.589733e+02
     vertex  2.380474e+01  9.922229e+00  1.589733e+02
     vertex  2.382460e+01  9.988879e+00  1.589858e+02
   endloop
 endfacet
 facet normal -1.023554e-01 -4.989229e-01  8.605808e-01
   outer loop
     vertex  2.334859e+01  9.953914e+00  1.589375e+02
     vertex  2.378736e+01  9.863899e+00  1.589375e+02
     vertex  2.335557e+01  1.001438e+01  1.589733e+02
   endloop
 endfacet
 facet normal -1.561316e-01 -7.610507e-01  6.296227e-01
   outer loop
     vertex  2.334859e+01  9.953914e+00  1.589375e+02
     vertex  2.334347e+01  9.909619e+00  1.588826e+02
     vertex  2.377462e+01  9.821166e+00  1.588826e+02
   endloop
 endfacet
 facet normal -1.561316e-01 -7.610507e-01  6.296227e-01
   outer loop
     vertex  2.334859e+01  9.953914e+00  1.589375e+02
     vertex  2.377462e+01  9.821166e+00  1.588826e+02
     vertex  2.378736e+01  9.863899e+00  1.589375e+02
   endloop
 endfacet
 facet normal -4.930319e-03 -1.772259e-01  9.841578e-01
   outer loop
     vertex  2.289723e+01  1.002713e+01  1.589733e+02
     vertex  2.336356e+01  1.008346e+01  1.589858e+02
     vertex  2.289310e+01  1.009655e+01  1.589858e+02
   endloop
 endfacet
 facet normal -4.930319e-03 -1.772259e-01  9.841578e-01
   outer loop
     vertex  2.289723e+01  1.002713e+01  1.589733e+02
     vertex  2.335557e+01  1.001438e+01  1.589733e+02
     vertex  2.336356e+01  1.008346e+01  1.589858e+02
   endloop
 endfacet
 facet normal -1.416333e-02 -5.091170e-01  8.605808e-01
   outer loop
     vertex  2.290085e+01  9.966369e+00  1.589375e+02
     vertex  2.334859e+01  9.953914e+00  1.589375e+02
     vertex  2.335557e+01  1.001438e+01  1.589733e+02
   endloop
 endfacet
 facet normal -2.160457e-02 -7.766006e-01  6.296227e-01
   outer loop
     vertex  2.290085e+01  9.966369e+00  1.589375e+02
     vertex  2.290350e+01  9.921859e+00  1.588826e+02
     vertex  2.334347e+01  9.909619e+00  1.588826e+02
   endloop
 endfacet
 facet normal -1.416333e-02 -5.091170e-01  8.605808e-01
   outer loop
     vertex  2.290085e+01  9.966369e+00  1.589375e+02
     vertex  2.335557e+01  1.001438e+01  1.589733e+02
     vertex  2.289723e+01  1.002713e+01  1.589733e+02
   endloop
 endfacet
 facet normal -2.160457e-02 -7.766006e-01  6.296227e-01
   outer loop
     vertex  2.290085e+01  9.966369e+00  1.589375e+02
     vertex  2.334347e+01  9.909619e+00  1.588826e+02
     vertex  2.334859e+01  9.953914e+00  1.589375e+02
   endloop
 endfacet
 facet normal  2.591954e-02 -1.753896e-01  9.841578e-01
   outer loop
     vertex  2.244364e+01  9.960094e+00  1.589733e+02
     vertex  2.289310e+01  1.009655e+01  1.589858e+02
     vertex  2.242752e+01  1.002774e+01  1.589858e+02
   endloop
 endfacet
 facet normal  2.591954e-02 -1.753896e-01  9.841578e-01
   outer loop
     vertex  2.244364e+01  9.960094e+00  1.589733e+02
     vertex  2.289723e+01  1.002713e+01  1.589733e+02
     vertex  2.289310e+01  1.009655e+01  1.589858e+02
   endloop
 endfacet
 facet normal  1.135789e-01 -7.685539e-01  6.296227e-01
   outer loop
     vertex  2.245775e+01  9.900887e+00  1.589375e+02
     vertex  2.246809e+01  9.857513e+00  1.588826e+02
     vertex  2.290350e+01  9.921859e+00  1.588826e+02
   endloop
 endfacet
 facet normal  7.445908e-02 -5.038418e-01  8.605808e-01
   outer loop
     vertex  2.245775e+01  9.900887e+00  1.589375e+02
     vertex  2.290085e+01  9.966369e+00  1.589375e+02
     vertex  2.289723e+01  1.002713e+01  1.589733e+02
   endloop
 endfacet
 facet normal  1.135789e-01 -7.685539e-01  6.296227e-01
   outer loop
     vertex  2.245775e+01  9.900887e+00  1.589375e+02
     vertex  2.290350e+01  9.921859e+00  1.588826e+02
     vertex  2.290085e+01  9.966369e+00  1.589375e+02
   endloop
 endfacet
 facet normal  7.445908e-02 -5.038418e-01  8.605808e-01
   outer loop
     vertex  2.245775e+01  9.900887e+00  1.589375e+02
     vertex  2.289723e+01  1.002713e+01  1.589733e+02
     vertex  2.244364e+01  9.960094e+00  1.589733e+02
   endloop
 endfacet
 facet normal  5.598184e-02 -1.682241e-01  9.841578e-01
   outer loop
     vertex  2.200858e+01  9.815314e+00  1.589733e+02
     vertex  2.242752e+01  1.002774e+01  1.589858e+02
     vertex  2.198095e+01  9.879137e+00  1.589858e+02
   endloop
 endfacet
 facet normal  5.598184e-02 -1.682241e-01  9.841578e-01
   outer loop
     vertex  2.200858e+01  9.815314e+00  1.589733e+02
     vertex  2.244364e+01  9.960094e+00  1.589733e+02
     vertex  2.242752e+01  1.002774e+01  1.589858e+02
   endloop
 endfacet
 facet normal  2.453114e-01 -7.371550e-01  6.296227e-01
   outer loop
     vertex  2.203276e+01  9.759457e+00  1.589375e+02
     vertex  2.205047e+01  9.718537e+00  1.588826e+02
     vertex  2.246809e+01  9.857513e+00  1.588826e+02
   endloop
 endfacet
 facet normal  2.453114e-01 -7.371550e-01  6.296227e-01
   outer loop
     vertex  2.203276e+01  9.759457e+00  1.589375e+02
     vertex  2.246809e+01  9.857513e+00  1.588826e+02
     vertex  2.245775e+01  9.900887e+00  1.589375e+02
   endloop
 endfacet
 facet normal  1.608191e-01 -4.832576e-01  8.605808e-01
   outer loop
     vertex  2.203276e+01  9.759457e+00  1.589375e+02
     vertex  2.245775e+01  9.900887e+00  1.589375e+02
     vertex  2.244364e+01  9.960094e+00  1.589733e+02
   endloop
 endfacet
 facet normal  1.608191e-01 -4.832576e-01  8.605808e-01
   outer loop
     vertex  2.203276e+01  9.759457e+00  1.589375e+02
     vertex  2.244364e+01  9.960094e+00  1.589733e+02
     vertex  2.200858e+01  9.815314e+00  1.589733e+02
   endloop
 endfacet
 facet normal  8.434317e-02 -1.559473e-01  9.841578e-01
   outer loop
     vertex  2.160527e+01  9.597186e+00  1.589733e+02
     vertex  2.198095e+01  9.879137e+00  1.589858e+02
     vertex  2.156698e+01  9.655242e+00  1.589858e+02
   endloop
 endfacet
 facet normal  8.434317e-02 -1.559473e-01  9.841578e-01
   outer loop
     vertex  2.160527e+01  9.597186e+00  1.589733e+02
     vertex  2.200858e+01  9.815314e+00  1.589733e+02
     vertex  2.198095e+01  9.879137e+00  1.589858e+02
   endloop
 endfacet
 facet normal  3.695902e-01 -6.833581e-01  6.296227e-01
   outer loop
     vertex  2.163878e+01  9.546377e+00  1.589375e+02
     vertex  2.166333e+01  9.509154e+00  1.588826e+02
     vertex  2.205047e+01  9.718537e+00  1.588826e+02
   endloop
 endfacet
 facet normal  2.422927e-01 -4.479899e-01  8.605808e-01
   outer loop
     vertex  2.163878e+01  9.546377e+00  1.589375e+02
     vertex  2.203276e+01  9.759457e+00  1.589375e+02
     vertex  2.200858e+01  9.815314e+00  1.589733e+02
   endloop
 endfacet
 facet normal  2.422927e-01 -4.479899e-01  8.605808e-01
   outer loop
     vertex  2.163878e+01  9.546377e+00  1.589375e+02
     vertex  2.200858e+01  9.815314e+00  1.589733e+02
     vertex  2.160527e+01  9.597186e+00  1.589733e+02
   endloop
 endfacet
 facet normal  3.695902e-01 -6.833581e-01  6.296227e-01
   outer loop
     vertex  2.163878e+01  9.546377e+00  1.589375e+02
     vertex  2.205047e+01  9.718537e+00  1.588826e+02
     vertex  2.203276e+01  9.759457e+00  1.589375e+02
   endloop
 endfacet
 facet normal  1.101418e-01 -1.389321e-01  9.841578e-01
   outer loop
     vertex  2.124596e+01  9.312338e+00  1.589733e+02
     vertex  2.160527e+01  9.597186e+00  1.589733e+02
     vertex  2.156698e+01  9.655242e+00  1.589858e+02
   endloop
 endfacet
 facet normal  1.101418e-01 -1.389321e-01  9.841578e-01
   outer loop
     vertex  2.124596e+01  9.312338e+00  1.589733e+02
     vertex  2.156698e+01  9.655242e+00  1.589858e+02
     vertex  2.119818e+01  9.362862e+00  1.589858e+02
   endloop
 endfacet
 facet normal  4.826392e-01 -6.087977e-01  6.296227e-01
   outer loop
     vertex  2.128779e+01  9.268119e+00  1.589375e+02
     vertex  2.131843e+01  9.235725e+00  1.588826e+02
     vertex  2.166333e+01  9.509154e+00  1.588826e+02
   endloop
 endfacet
 facet normal  4.826392e-01 -6.087977e-01  6.296227e-01
   outer loop
     vertex  2.128779e+01  9.268119e+00  1.589375e+02
     vertex  2.166333e+01  9.509154e+00  1.588826e+02
     vertex  2.163878e+01  9.546377e+00  1.589375e+02
   endloop
 endfacet
 facet normal  3.164044e-01 -3.991103e-01  8.605808e-01
   outer loop
     vertex  2.128779e+01  9.268119e+00  1.589375e+02
     vertex  2.160527e+01  9.597186e+00  1.589733e+02
     vertex  2.124596e+01  9.312338e+00  1.589733e+02
   endloop
 endfacet
 facet normal  3.164044e-01 -3.991103e-01  8.605808e-01
   outer loop
     vertex  2.128779e+01  9.268119e+00  1.589375e+02
     vertex  2.163878e+01  9.546377e+00  1.589375e+02
     vertex  2.160527e+01  9.597186e+00  1.589733e+02
   endloop
 endfacet
 facet normal  1.325938e-01 -1.176955e-01  9.841578e-01
   outer loop
     vertex  2.094158e+01  8.969424e+00  1.589733e+02
     vertex  2.119818e+01  9.362862e+00  1.589858e+02
     vertex  2.088574e+01  9.010883e+00  1.589858e+02
   endloop
 endfacet
 facet normal  1.325938e-01 -1.176955e-01  9.841578e-01
   outer loop
     vertex  2.094158e+01  8.969424e+00  1.589733e+02
     vertex  2.124596e+01  9.312338e+00  1.589733e+02
     vertex  2.119818e+01  9.362862e+00  1.589858e+02
   endloop
 endfacet
 facet normal  3.809022e-01 -3.381038e-01  8.605808e-01
   outer loop
     vertex  2.099045e+01  8.933140e+00  1.589375e+02
     vertex  2.124596e+01  9.312338e+00  1.589733e+02
     vertex  2.094158e+01  8.969424e+00  1.589733e+02
   endloop
 endfacet
 facet normal  5.810234e-01 -5.157393e-01  6.296227e-01
   outer loop
     vertex  2.099045e+01  8.933140e+00  1.589375e+02
     vertex  2.102625e+01  8.906559e+00  1.588826e+02
     vertex  2.131843e+01  9.235725e+00  1.588826e+02
   endloop
 endfacet
 facet normal  5.810234e-01 -5.157393e-01  6.296227e-01
   outer loop
     vertex  2.099045e+01  8.933140e+00  1.589375e+02
     vertex  2.131843e+01  9.235725e+00  1.588826e+02
     vertex  2.128779e+01  9.268119e+00  1.589375e+02
   endloop
 endfacet
 facet normal  3.809022e-01 -3.381038e-01  8.605808e-01
   outer loop
     vertex  2.099045e+01  8.933140e+00  1.589375e+02
     vertex  2.128779e+01  9.268119e+00  1.589375e+02
     vertex  2.124596e+01  9.312338e+00  1.589733e+02
   endloop
 endfacet
 facet normal  1.510170e-01 -9.288273e-02  9.841578e-01
   outer loop
     vertex  2.070137e+01  8.578865e+00  1.589733e+02
     vertex  2.088574e+01  9.010883e+00  1.589858e+02
     vertex  2.063918e+01  8.609997e+00  1.589858e+02
   endloop
 endfacet
 facet normal  1.510170e-01 -9.288273e-02  9.841578e-01
   outer loop
     vertex  2.070137e+01  8.578865e+00  1.589733e+02
     vertex  2.094158e+01  8.969424e+00  1.589733e+02
     vertex  2.088574e+01  9.010883e+00  1.589858e+02
   endloop
 endfacet
 facet normal  6.617536e-01 -4.070104e-01  6.296227e-01
   outer loop
     vertex  2.075579e+01  8.551618e+00  1.589375e+02
     vertex  2.079567e+01  8.531657e+00  1.588826e+02
     vertex  2.102625e+01  8.906559e+00  1.588826e+02
   endloop
 endfacet
 facet normal  4.338266e-01 -2.668243e-01  8.605808e-01
   outer loop
     vertex  2.075579e+01  8.551618e+00  1.589375e+02
     vertex  2.099045e+01  8.933140e+00  1.589375e+02
     vertex  2.094158e+01  8.969424e+00  1.589733e+02
   endloop
 endfacet
 facet normal  6.617536e-01 -4.070104e-01  6.296227e-01
   outer loop
     vertex  2.075579e+01  8.551618e+00  1.589375e+02
     vertex  2.102625e+01  8.906559e+00  1.588826e+02
     vertex  2.099045e+01  8.933140e+00  1.589375e+02
   endloop
 endfacet
 facet normal  4.338266e-01 -2.668243e-01  8.605808e-01
   outer loop
     vertex  2.075579e+01  8.551618e+00  1.589375e+02
     vertex  2.094158e+01  8.969424e+00  1.589733e+02
     vertex  2.070137e+01  8.578865e+00  1.589733e+02
   endloop
 endfacet
 facet normal  1.736773e-01 -3.563037e-02  9.841578e-01
   outer loop
     vertex  2.053262e+01  8.152526e+00  1.589733e+02
     vertex  2.046597e+01  8.172387e+00  1.589858e+02
     vertex  2.037139e+01  7.711348e+00  1.589858e+02
   endloop
 endfacet
 facet normal  1.648516e-01 -6.524781e-02  9.841578e-01
   outer loop
     vertex  2.053262e+01  8.152526e+00  1.589733e+02
     vertex  2.063918e+01  8.609997e+00  1.589858e+02
     vertex  2.046597e+01  8.172387e+00  1.589858e+02
   endloop
 endfacet
 facet normal  1.736773e-01 -3.563037e-02  9.841578e-01
   outer loop
     vertex  2.053262e+01  8.152526e+00  1.589733e+02
     vertex  2.037139e+01  7.711348e+00  1.589858e+02
     vertex  2.044048e+01  7.703362e+00  1.589733e+02
   endloop
 endfacet
 facet normal  1.648516e-01 -6.524781e-02  9.841578e-01
   outer loop
     vertex  2.053262e+01  8.152526e+00  1.589733e+02
     vertex  2.070137e+01  8.578865e+00  1.589733e+02
     vertex  2.063918e+01  8.609997e+00  1.589858e+02
   endloop
 endfacet
 facet normal  4.735694e-01 -1.874375e-01  8.605808e-01
   outer loop
     vertex  2.053262e+01  8.152526e+00  1.589733e+02
     vertex  2.075579e+01  8.551618e+00  1.589375e+02
     vertex  2.070137e+01  8.578865e+00  1.589733e+02
   endloop
 endfacet
 facet normal  4.989229e-01 -1.023554e-01  8.605808e-01
   outer loop
     vertex  2.059095e+01  8.135144e+00  1.589375e+02
     vertex  2.053262e+01  8.152526e+00  1.589733e+02
     vertex  2.044048e+01  7.703362e+00  1.589733e+02
   endloop
 endfacet
 facet normal  4.989229e-01 -1.023554e-01  8.605808e-01
   outer loop
     vertex  2.059095e+01  8.135144e+00  1.589375e+02
     vertex  2.044048e+01  7.703362e+00  1.589733e+02
     vertex  2.050094e+01  7.696373e+00  1.589375e+02
   endloop
 endfacet
 facet normal  7.610507e-01 -1.561316e-01  6.296227e-01
   outer loop
     vertex  2.059095e+01  8.135144e+00  1.589375e+02
     vertex  2.050094e+01  7.696373e+00  1.589375e+02
     vertex  2.054523e+01  7.691253e+00  1.588826e+02
   endloop
 endfacet
 facet normal  7.223767e-01 -2.859147e-01  6.296227e-01
   outer loop
     vertex  2.059095e+01  8.135144e+00  1.589375e+02
     vertex  2.063369e+01  8.122410e+00  1.588826e+02
     vertex  2.079567e+01  8.531657e+00  1.588826e+02
   endloop
 endfacet
 facet normal  7.610507e-01 -1.561316e-01  6.296227e-01
   outer loop
     vertex  2.059095e+01  8.135144e+00  1.589375e+02
     vertex  2.054523e+01  7.691253e+00  1.588826e+02
     vertex  2.063369e+01  8.122410e+00  1.588826e+02
   endloop
 endfacet
 facet normal  7.223767e-01 -2.859147e-01  6.296227e-01
   outer loop
     vertex  2.059095e+01  8.135144e+00  1.589375e+02
     vertex  2.079567e+01  8.531657e+00  1.588826e+02
     vertex  2.075579e+01  8.551618e+00  1.589375e+02
   endloop
 endfacet
 facet normal  4.735694e-01 -1.874375e-01  8.605808e-01
   outer loop
     vertex  2.059095e+01  8.135144e+00  1.589375e+02
     vertex  2.075579e+01  8.551618e+00  1.589375e+02
     vertex  2.053262e+01  8.152526e+00  1.589733e+02
   endloop
 endfacet
 facet normal -9.795980e-01  2.009672e-01  8.772619e-16
   outer loop
     vertex  2.547338e+01  6.680231e+00  1.531858e+02
     vertex  2.556183e+01  7.111388e+00  1.588826e+02
     vertex  2.556183e+01  7.111388e+00  1.531858e+02
   endloop
 endfacet
 facet normal -9.795980e-01  2.009672e-01 -5.169102e-16
   outer loop
     vertex  2.547338e+01  6.680231e+00  1.531858e+02
     vertex  2.547338e+01  6.680231e+00  1.588826e+02
     vertex  2.556183e+01  7.111388e+00  1.588826e+02
   endloop
 endfacet
 facet normal -9.298181e-01  3.680195e-01 -4.651089e-16
   outer loop
     vertex  2.531140e+01  6.270984e+00  1.531858e+02
     vertex  2.531140e+01  6.270984e+00  1.588826e+02
     vertex  2.547338e+01  6.680231e+00  1.588826e+02
   endloop
 endfacet
 facet normal -9.298181e-01  3.680195e-01 -4.095734e-16
   outer loop
     vertex  2.531140e+01  6.270984e+00  1.531858e+02
     vertex  2.547338e+01  6.680231e+00  1.588826e+02
     vertex  2.547338e+01  6.680231e+00  1.531858e+02
   endloop
 endfacet
 facet normal -8.517862e-01  5.238896e-01 -1.062400e-15
   outer loop
     vertex  2.508082e+01  5.896082e+00  1.531858e+02
     vertex  2.508082e+01  5.896082e+00  1.588826e+02
     vertex  2.531140e+01  6.270984e+00  1.588826e+02
   endloop
 endfacet
 facet normal -8.517862e-01  5.238896e-01 -3.652952e-16
   outer loop
     vertex  2.508082e+01  5.896082e+00  1.531858e+02
     vertex  2.531140e+01  6.270984e+00  1.588826e+02
     vertex  2.531140e+01  6.270984e+00  1.531858e+02
   endloop
 endfacet
 facet normal -7.478731e-01  6.638417e-01 -1.139789e-15
   outer loop
     vertex  2.478864e+01  5.566916e+00  1.531858e+02
     vertex  2.478864e+01  5.566916e+00  1.588826e+02
     vertex  2.508082e+01  5.896082e+00  1.588826e+02
   endloop
 endfacet
 facet normal -7.478731e-01  6.638417e-01 -9.353771e-16
   outer loop
     vertex  2.478864e+01  5.566916e+00  1.531858e+02
     vertex  2.508082e+01  5.896082e+00  1.588826e+02
     vertex  2.508082e+01  5.896082e+00  1.531858e+02
   endloop
 endfacet
 facet normal -6.212364e-01  7.836232e-01 -1.141362e-15
   outer loop
     vertex  2.444374e+01  5.293487e+00  1.531858e+02
     vertex  2.444374e+01  5.293487e+00  1.588826e+02
     vertex  2.478864e+01  5.566916e+00  1.588826e+02
   endloop
 endfacet
 facet normal -6.212364e-01  7.836232e-01 -1.018399e-15
   outer loop
     vertex  2.444374e+01  5.293487e+00  1.531858e+02
     vertex  2.478864e+01  5.566916e+00  1.588826e+02
     vertex  2.478864e+01  5.566916e+00  1.531858e+02
   endloop
 endfacet
 facet normal -4.757236e-01  8.795948e-01 -1.279029e-15
   outer loop
     vertex  2.405659e+01  5.084103e+00  1.531858e+02
     vertex  2.405659e+01  5.084103e+00  1.588826e+02
     vertex  2.444374e+01  5.293487e+00  1.588826e+02
   endloop
 endfacet
 facet normal -4.757236e-01  8.795948e-01 -1.007329e-15
   outer loop
     vertex  2.405659e+01  5.084103e+00  1.531858e+02
     vertex  2.444374e+01  5.293487e+00  1.588826e+02
     vertex  2.444374e+01  5.293487e+00  1.531858e+02
   endloop
 endfacet
 facet normal -3.157563e-01  9.488403e-01 -1.281419e-15
   outer loop
     vertex  2.363897e+01  4.945127e+00  1.531858e+02
     vertex  2.363897e+01  4.945127e+00  1.588826e+02
     vertex  2.405659e+01  5.084103e+00  1.588826e+02
   endloop
 endfacet
 facet normal -3.157563e-01  9.488403e-01 -1.134629e-15
   outer loop
     vertex  2.363897e+01  4.945127e+00  1.531858e+02
     vertex  2.405659e+01  5.084103e+00  1.588826e+02
     vertex  2.405659e+01  5.084103e+00  1.531858e+02
   endloop
 endfacet
 facet normal -1.461949e-01  9.892558e-01 -1.661607e-15
   outer loop
     vertex  2.320357e+01  4.880782e+00  1.531858e+02
     vertex  2.320357e+01  4.880782e+00  1.588826e+02
     vertex  2.363897e+01  4.945127e+00  1.588826e+02
   endloop
 endfacet
 facet normal -1.461949e-01  9.892558e-01 -1.108339e-15
   outer loop
     vertex  2.320357e+01  4.880782e+00  1.531858e+02
     vertex  2.363897e+01  4.945127e+00  1.588826e+02
     vertex  2.363897e+01  4.945127e+00  1.531858e+02
   endloop
 endfacet
 facet normal  2.780865e-02  9.996133e-01 -1.523789e-15
   outer loop
     vertex  2.276360e+01  4.893021e+00  1.531858e+02
     vertex  2.276360e+01  4.893021e+00  1.588826e+02
     vertex  2.320357e+01  4.880782e+00  1.588826e+02
   endloop
 endfacet
 facet normal  2.780865e-02  9.996133e-01 -1.350485e-15
   outer loop
     vertex  2.276360e+01  4.893021e+00  1.531858e+02
     vertex  2.320357e+01  4.880782e+00  1.588826e+02
     vertex  2.320357e+01  4.880782e+00  1.531858e+02
   endloop
 endfacet
 facet normal  2.009672e-01  9.795980e-01 -1.429336e-15
   outer loop
     vertex  2.233244e+01  4.981474e+00  1.531858e+02
     vertex  2.233244e+01  4.981474e+00  1.588826e+02
     vertex  2.276360e+01  4.893021e+00  1.588826e+02
   endloop
 endfacet
 facet normal  2.009672e-01  9.795980e-01 -1.275766e-15
   outer loop
     vertex  2.233244e+01  4.981474e+00  1.531858e+02
     vertex  2.276360e+01  4.893021e+00  1.588826e+02
     vertex  2.276360e+01  4.893021e+00  1.531858e+02
   endloop
 endfacet
 facet normal  3.680195e-01  9.298181e-01 -1.280572e-15
   outer loop
     vertex  2.192320e+01  5.143453e+00  1.531858e+02
     vertex  2.192320e+01  5.143453e+00  1.588826e+02
     vertex  2.233244e+01  4.981474e+00  1.588826e+02
   endloop
 endfacet
 facet normal  3.680195e-01  9.298181e-01 -1.134629e-15
   outer loop
     vertex  2.192320e+01  5.143453e+00  1.531858e+02
     vertex  2.233244e+01  4.981474e+00  1.588826e+02
     vertex  2.233244e+01  4.981474e+00  1.531858e+02
   endloop
 endfacet
 facet normal  5.238896e-01  8.517862e-01 -1.205772e-15
   outer loop
     vertex  2.154829e+01  5.374036e+00  1.531858e+02
     vertex  2.154829e+01  5.374036e+00  1.588826e+02
     vertex  2.192320e+01  5.143453e+00  1.588826e+02
   endloop
 endfacet
 facet normal  5.238896e-01  8.517862e-01 -9.409118e-16
   outer loop
     vertex  2.154829e+01  5.374036e+00  1.531858e+02
     vertex  2.192320e+01  5.143453e+00  1.588826e+02
     vertex  2.192320e+01  5.143453e+00  1.531858e+02
   endloop
 endfacet
 facet normal  6.638417e-01  7.478731e-01 -1.334995e-15
   outer loop
     vertex  2.121913e+01  5.666217e+00  1.531858e+02
     vertex  2.121913e+01  5.666217e+00  1.588826e+02
     vertex  2.154829e+01  5.374036e+00  1.588826e+02
   endloop
 endfacet
 facet normal  6.638417e-01  7.478731e-01 -8.025424e-16
   outer loop
     vertex  2.121913e+01  5.666217e+00  1.531858e+02
     vertex  2.154829e+01  5.374036e+00  1.588826e+02
     vertex  2.154829e+01  5.374036e+00  1.531858e+02
   endloop
 endfacet
 facet normal  7.836232e-01  6.212364e-01 -1.060996e-15
   outer loop
     vertex  2.094570e+01  6.011118e+00  1.531858e+02
     vertex  2.094570e+01  6.011118e+00  1.588826e+02
     vertex  2.121913e+01  5.666217e+00  1.588826e+02
   endloop
 endfacet
 facet normal  7.836232e-01  6.212364e-01 -9.630509e-16
   outer loop
     vertex  2.094570e+01  6.011118e+00  1.531858e+02
     vertex  2.121913e+01  5.666217e+00  1.588826e+02
     vertex  2.121913e+01  5.666217e+00  1.531858e+02
   endloop
 endfacet
 facet normal  8.795948e-01  4.757236e-01 -6.364992e-16
   outer loop
     vertex  2.073632e+01  6.398260e+00  1.531858e+02
     vertex  2.094570e+01  6.011118e+00  1.588826e+02
     vertex  2.094570e+01  6.011118e+00  1.531858e+02
   endloop
 endfacet
 facet normal  8.795948e-01  4.757236e-01 -7.123299e-16
   outer loop
     vertex  2.073632e+01  6.398260e+00  1.531858e+02
     vertex  2.073632e+01  6.398260e+00  1.588826e+02
     vertex  2.094570e+01  6.011118e+00  1.588826e+02
   endloop
 endfacet
 facet normal  9.488403e-01  3.157563e-01 -2.462975e-16
   outer loop
     vertex  2.059734e+01  6.815879e+00  1.531858e+02
     vertex  2.073632e+01  6.398260e+00  1.588826e+02
     vertex  2.073632e+01  6.398260e+00  1.531858e+02
   endloop
 endfacet
 facet normal  9.488403e-01  3.157563e-01 -2.943929e-16
   outer loop
     vertex  2.059734e+01  6.815879e+00  1.531858e+02
     vertex  2.059734e+01  6.815879e+00  1.588826e+02
     vertex  2.073632e+01  6.398260e+00  1.588826e+02
   endloop
 endfacet
 facet normal  9.892558e-01  1.461949e-01  2.061704e-16
   outer loop
     vertex  2.053299e+01  7.251287e+00  1.531858e+02
     vertex  2.059734e+01  6.815879e+00  1.588826e+02
     vertex  2.059734e+01  6.815879e+00  1.531858e+02
   endloop
 endfacet
 facet normal  9.892558e-01  1.461949e-01 -4.102721e-16
   outer loop
     vertex  2.053299e+01  7.251287e+00  1.531858e+02
     vertex  2.053299e+01  7.251287e+00  1.588826e+02
     vertex  2.059734e+01  6.815879e+00  1.588826e+02
   endloop
 endfacet
 facet normal  9.996133e-01 -2.780865e-02  7.783278e-17
   outer loop
     vertex  2.054523e+01  7.691253e+00  1.531858e+02
     vertex  2.053299e+01  7.251287e+00  1.588826e+02
     vertex  2.053299e+01  7.251287e+00  1.531858e+02
   endloop
 endfacet
 facet normal  9.996133e-01 -2.780865e-02  1.285799e-15
   outer loop
     vertex  2.054523e+01  7.691253e+00  1.531858e+02
     vertex  2.054523e+01  7.691253e+00  1.588826e+02
     vertex  2.053299e+01  7.251287e+00  1.588826e+02
   endloop
 endfacet
 facet normal -7.832752e-01  6.142110e-01 -9.604586e-02
   outer loop
     vertex  1.953141e+01  1.041435e+01  1.488294e+02
     vertex  1.971188e+01  1.047448e+01  1.477422e+02
     vertex  1.927216e+01  9.913734e+00  1.477422e+02
   endloop
 endfacet
 facet normal -8.695767e-01  4.839922e-01 -9.791783e-02
   outer loop
     vertex  1.907408e+01  9.777789e+00  1.488294e+02
     vertex  1.927216e+01  9.913734e+00  1.477422e+02
     vertex  1.892561e+01  9.291090e+00  1.477422e+02
   endloop
 endfacet
 facet normal -8.098561e-01  5.818401e-01 -7.480106e-02
   outer loop
     vertex  1.907408e+01  9.777789e+00  1.488294e+02
     vertex  1.953141e+01  1.041435e+01  1.488294e+02
     vertex  1.927216e+01  9.913734e+00  1.477422e+02
   endloop
 endfacet
 facet normal -9.344823e-01  3.419196e-01 -9.916538e-02
   outer loop
     vertex  1.873055e+01  9.073274e+00  1.488294e+02
     vertex  1.892561e+01  9.291090e+00  1.477422e+02
     vertex  1.868075e+01  8.621889e+00  1.477422e+02
   endloop
 endfacet
 facet normal -8.964190e-01  4.371104e-01 -7.326391e-02
   outer loop
     vertex  1.873055e+01  9.073274e+00  1.488294e+02
     vertex  1.907408e+01  9.777789e+00  1.488294e+02
     vertex  1.892561e+01  9.291090e+00  1.477422e+02
   endloop
 endfacet
 facet normal -9.764122e-01  1.914714e-01 -9.978903e-02
   outer loop
     vertex  1.851063e+01  8.320946e+00  1.488294e+02
     vertex  1.868075e+01  8.621889e+00  1.477422e+02
     vertex  1.854363e+01  7.922617e+00  1.477422e+02
   endloop
 endfacet
 facet normal -9.573193e-01  2.798331e-01 -7.234127e-02
   outer loop
     vertex  1.851063e+01  8.320946e+00  1.488294e+02
     vertex  1.873055e+01  9.073274e+00  1.488294e+02
     vertex  1.868075e+01  8.621889e+00  1.477422e+02
   endloop
 endfacet
 facet normal -9.943452e-01  3.632732e-02 -9.978903e-02
   outer loop
     vertex  1.842063e+01  7.542320e+00  1.488294e+02
     vertex  1.854363e+01  7.922617e+00  1.477422e+02
     vertex  1.851761e+01  7.210503e+00  1.477422e+02
   endloop
 endfacet
 facet normal -9.908051e-01  1.145266e-01 -7.203367e-02
   outer loop
     vertex  1.842063e+01  7.542320e+00  1.488294e+02
     vertex  1.851063e+01  8.320946e+00  1.488294e+02
     vertex  1.854363e+01  7.922617e+00  1.477422e+02
   endloop
 endfacet
 facet normal -9.878429e-01 -1.197192e-01 -9.916538e-02
   outer loop
     vertex  1.846312e+01  6.759662e+00  1.488294e+02
     vertex  1.851761e+01  7.210503e+00  1.477422e+02
     vertex  1.860335e+01  6.503089e+00  1.477422e+02
   endloop
 endfacet
 facet normal -9.959138e-01 -5.406004e-02 -7.234127e-02
   outer loop
     vertex  1.846312e+01  6.759662e+00  1.488294e+02
     vertex  1.842063e+01  7.542320e+00  1.488294e+02
     vertex  1.851761e+01  7.210503e+00  1.477422e+02
   endloop
 endfacet
 facet normal -9.570599e-01 -2.728524e-01 -9.791783e-02
   outer loop
     vertex  1.863687e+01  5.995353e+00  1.488294e+02
     vertex  1.860335e+01  6.503089e+00  1.477422e+02
     vertex  1.879872e+01  5.817805e+00  1.477422e+02
   endloop
 endfacet
 facet normal -9.724992e-01 -2.210832e-01 -7.326391e-02
   outer loop
     vertex  1.863687e+01  5.995353e+00  1.488294e+02
     vertex  1.846312e+01  6.759662e+00  1.488294e+02
     vertex  1.860335e+01  6.503089e+00  1.477422e+02
   endloop
 endfacet
 facet normal -9.027410e-01 -4.193254e-01 -9.604586e-02
   outer loop
     vertex  1.893693e+01  5.271250e+00  1.488294e+02
     vertex  1.879872e+01  5.817805e+00  1.477422e+02
     vertex  1.909891e+01  5.171533e+00  1.477422e+02
   endloop
 endfacet
 facet normal -9.212362e-01 -3.817442e-01 -7.480106e-02
   outer loop
     vertex  1.893693e+01  5.271250e+00  1.488294e+02
     vertex  1.863687e+01  5.995353e+00  1.488294e+02
     vertex  1.879872e+01  5.817805e+00  1.477422e+02
   endloop
 endfacet
 facet normal -1.143879e-01 -9.896056e-01 -8.715574e-02
   outer loop
     vertex  1.940244e+01  1.130645e+01  1.477422e+02
     vertex -3.091571e+01  1.702695e+01  1.488294e+02
     vertex -3.111985e+01  1.714630e+01  1.477422e+02
   endloop
 endfacet
 facet normal -1.143879e-01 -9.896056e-01 -8.715574e-02
   outer loop
     vertex  1.921011e+01  1.123294e+01  1.488294e+02
     vertex -3.091571e+01  1.702695e+01  1.488294e+02
     vertex  1.940244e+01  1.130645e+01  1.477422e+02
   endloop
 endfacet
 facet normal  9.952810e-01 -4.310979e-02 -8.693294e-02
   outer loop
     vertex -3.070436e+01  1.417118e+01  1.488294e+02
     vertex -3.072833e+01  1.361793e+01  1.488294e+02
     vertex -3.082281e+01  1.362885e+01  1.477422e+02
   endloop
 endfacet
 facet normal  9.952641e-01 -3.810130e-02 -8.942955e-02
   outer loop
     vertex -3.070436e+01  1.417118e+01  1.488294e+02
     vertex -3.082281e+01  1.362885e+01  1.477422e+02
     vertex -3.080071e+01  1.420627e+01  1.477422e+02
   endloop
 endfacet
 facet normal  9.891763e-01  1.146259e-01 -9.160364e-02
   outer loop
     vertex -3.075981e+01  1.472215e+01  1.488294e+02
     vertex -3.080071e+01  1.420627e+01  1.477422e+02
     vertex -3.086722e+01  1.478026e+01  1.477422e+02
   endloop
 endfacet
 facet normal  9.914044e-01  9.976866e-02 -8.463726e-02
   outer loop
     vertex -3.075981e+01  1.472215e+01  1.488294e+02
     vertex -3.070436e+01  1.417118e+01  1.488294e+02
     vertex -3.080071e+01  1.420627e+01  1.477422e+02
   endloop
 endfacet
 facet normal  9.598222e-01  2.646006e-01 -9.342333e-02
   outer loop
     vertex -3.089353e+01  1.525953e+01  1.488294e+02
     vertex -3.086722e+01  1.478026e+01  1.477422e+02
     vertex -3.102079e+01  1.533732e+01  1.477422e+02
   endloop
 endfacet
 facet normal  9.670856e-01  2.406419e-01 -8.268554e-02
   outer loop
     vertex -3.089353e+01  1.525953e+01  1.488294e+02
     vertex -3.075981e+01  1.472215e+01  1.488294e+02
     vertex -3.086722e+01  1.478026e+01  1.477422e+02
   endloop
 endfacet
 facet normal  9.079004e-01  4.083050e-01 -9.488895e-02
   outer loop
     vertex -3.110276e+01  1.577224e+01  1.488294e+02
     vertex -3.102079e+01  1.533732e+01  1.477422e+02
     vertex -3.125779e+01  1.586431e+01  1.477422e+02
   endloop
 endfacet
 facet normal  9.228227e-01  3.765961e-01 -8.107851e-02
   outer loop
     vertex -3.110276e+01  1.577224e+01  1.488294e+02
     vertex -3.089353e+01  1.525953e+01  1.488294e+02
     vertex -3.102079e+01  1.533732e+01  1.477422e+02
   endloop
 endfacet
 facet normal  8.346367e-01  5.423702e-01 -9.600079e-02
   outer loop
     vertex -3.138320e+01  1.624974e+01  1.488294e+02
     vertex -3.125779e+01  1.586431e+01  1.477422e+02
     vertex -3.157265e+01  1.634884e+01  1.477422e+02
   endloop
 endfacet
 facet normal  8.595271e-01  5.048193e-01 -7.981676e-02
   outer loop
     vertex -3.138320e+01  1.624974e+01  1.488294e+02
     vertex -3.110276e+01  1.577224e+01  1.488294e+02
     vertex -3.125779e+01  1.586431e+01  1.477422e+02
   endloop
 endfacet
 facet normal  1.143879e-01  9.896056e-01 -8.715574e-02
   outer loop
     vertex  1.860784e+01  4.432089e+00  1.477422e+02
     vertex -3.168847e+01  1.034156e+01  1.488294e+02
     vertex  1.843735e+01  4.547543e+00  1.488294e+02
   endloop
 endfacet
 facet normal  1.143879e-01  9.896056e-01 -8.715574e-02
   outer loop
     vertex  1.860784e+01  4.432089e+00  1.477422e+02
     vertex -3.191446e+01  1.027193e+01  1.477422e+02
     vertex -3.168847e+01  1.034156e+01  1.488294e+02
   endloop
 endfacet
 facet normal -5.929337e-15 -5.620191e-14 -1.000000e+00
   outer loop
     vertex  1.915292e+01  1.073814e+01  1.492858e+02
     vertex -3.065627e+01  1.599304e+01  1.492858e+02
     vertex -3.097291e+01  1.653215e+01  1.492858e+02
   endloop
 endfacet
 facet normal  0.000000e+00  0.000000e+00 -1.000000e+00
   outer loop
     vertex  1.864644e+01  1.003317e+01  1.492858e+02
     vertex -3.026907e+01  1.480745e+01  1.492858e+02
     vertex -3.042004e+01  1.541417e+01  1.492858e+02
   endloop
 endfacet
 facet normal  0.000000e+00  0.000000e+00 -1.000000e+00
   outer loop
     vertex  1.864644e+01  1.003317e+01  1.492858e+02
     vertex -3.042004e+01  1.541417e+01  1.492858e+02
     vertex -3.065627e+01  1.599304e+01  1.492858e+02
   endloop
 endfacet
 facet normal  0.000000e+00  0.000000e+00 -1.000000e+00
   outer loop
     vertex  1.864644e+01  1.003317e+01  1.492858e+02
     vertex -3.065627e+01  1.599304e+01  1.492858e+02
     vertex  1.915292e+01  1.073814e+01  1.492858e+02
   endloop
 endfacet
 facet normal  0.000000e+00  0.000000e+00 -1.000000e+00
   outer loop
     vertex  1.826598e+01  9.252947e+00  1.492858e+02
     vertex -3.020647e+01  1.418537e+01  1.492858e+02
     vertex -3.026907e+01  1.480745e+01  1.492858e+02
   endloop
 endfacet
 facet normal  0.000000e+00  0.000000e+00 -1.000000e+00
   outer loop
     vertex  1.826598e+01  9.252947e+00  1.492858e+02
     vertex -3.026907e+01  1.480745e+01  1.492858e+02
     vertex  1.864644e+01  1.003317e+01  1.492858e+02
   endloop
 endfacet
 facet normal  0.000000e+00  0.000000e+00 -1.000000e+00
   outer loop
     vertex  1.802244e+01  8.419772e+00  1.492858e+02
     vertex -3.023352e+01  1.356074e+01  1.492858e+02
     vertex -3.020647e+01  1.418537e+01  1.492858e+02
   endloop
 endfacet
 facet normal  0.000000e+00  0.000000e+00 -1.000000e+00
   outer loop
     vertex  1.802244e+01  8.419772e+00  1.492858e+02
     vertex -3.020647e+01  1.418537e+01  1.492858e+02
     vertex  1.826598e+01  9.252947e+00  1.492858e+02
   endloop
 endfacet
 facet normal  0.000000e+00  0.000000e+00 -1.000000e+00
   outer loop
     vertex  1.792277e+01  7.557472e+00  1.492858e+02
     vertex -3.034968e+01  1.294641e+01  1.492858e+02
     vertex -3.023352e+01  1.356074e+01  1.492858e+02
   endloop
 endfacet
 facet normal  0.000000e+00  0.000000e+00 -1.000000e+00
   outer loop
     vertex  1.792277e+01  7.557472e+00  1.492858e+02
     vertex -3.023352e+01  1.356074e+01  1.492858e+02
     vertex  1.802244e+01  8.419772e+00  1.492858e+02
   endloop
 endfacet
 facet normal  0.000000e+00  0.000000e+00 -1.000000e+00
   outer loop
     vertex  1.796982e+01  6.690707e+00  1.492858e+02
     vertex -3.055255e+01  1.235501e+01  1.492858e+02
     vertex -3.034968e+01  1.294641e+01  1.492858e+02
   endloop
 endfacet
 facet normal  0.000000e+00  0.000000e+00 -1.000000e+00
   outer loop
     vertex  1.796982e+01  6.690707e+00  1.492858e+02
     vertex -3.034968e+01  1.294641e+01  1.492858e+02
     vertex  1.792277e+01  7.557472e+00  1.492858e+02
   endloop
 endfacet
 facet normal  0.000000e+00  0.000000e+00 -1.000000e+00
   outer loop
     vertex  1.816224e+01  5.844263e+00  1.492858e+02
     vertex -3.120001e+01  1.128902e+01  1.492858e+02
     vertex -3.083795e+01  1.179874e+01  1.492858e+02
   endloop
 endfacet
 facet normal  0.000000e+00  0.000000e+00 -1.000000e+00
   outer loop
     vertex  1.816224e+01  5.844263e+00  1.492858e+02
     vertex -3.083795e+01  1.179874e+01  1.492858e+02
     vertex -3.055255e+01  1.235501e+01  1.492858e+02
   endloop
 endfacet
 facet normal  0.000000e+00  0.000000e+00 -1.000000e+00
   outer loop
     vertex  1.816224e+01  5.844263e+00  1.492858e+02
     vertex -3.055255e+01  1.235501e+01  1.492858e+02
     vertex  1.796982e+01  6.690707e+00  1.492858e+02
   endloop
 endfacet
 facet normal  0.000000e+00  0.000000e+00 -1.000000e+00
   outer loop
     vertex  1.849454e+01  5.042346e+00  1.492858e+02
     vertex -3.163128e+01  1.083636e+01  1.492858e+02
     vertex -3.120001e+01  1.128902e+01  1.492858e+02
   endloop
 endfacet
 facet normal  0.000000e+00  0.000000e+00 -1.000000e+00
   outer loop
     vertex  1.849454e+01  5.042346e+00  1.492858e+02
     vertex -3.120001e+01  1.128902e+01  1.492858e+02
     vertex  1.816224e+01  5.844263e+00  1.492858e+02
   endloop
 endfacet
 facet normal  7.843788e-01 -6.198993e-01  2.179063e-02
   outer loop
     vertex -3.213940e+01  1.098026e+01  1.486679e+02
     vertex -3.196633e+01  1.120493e+01  1.488294e+02
     vertex -3.205317e+01  1.109590e+01  1.488540e+02
   endloop
 endfacet
 facet normal  9.025345e-01 -3.942288e-01 -1.732484e-01
   outer loop
     vertex -3.213940e+01  1.098026e+01  1.486679e+02
     vertex -3.205317e+01  1.109590e+01  1.488540e+02
     vertex -3.210621e+01  1.096608e+01  1.488730e+02
   endloop
 endfacet
 facet normal  9.695234e-01 -1.219716e-01 -2.124790e-01
   outer loop
     vertex -3.215788e+01  1.089677e+01  1.486771e+02
     vertex -3.210621e+01  1.096608e+01  1.488730e+02
     vertex -3.212120e+01  1.082587e+01  1.488851e+02
   endloop
 endfacet
 facet normal  9.711053e-01 -2.009014e-01  1.288147e-01
   outer loop
     vertex -3.215788e+01  1.089677e+01  1.486771e+02
     vertex -3.218050e+01  1.066469e+01  1.484856e+02
     vertex -3.213940e+01  1.098026e+01  1.486679e+02
   endloop
 endfacet
 facet normal  9.578680e-01 -2.308264e-01 -1.709039e-01
   outer loop
     vertex -3.215788e+01  1.089677e+01  1.486771e+02
     vertex -3.213940e+01  1.098026e+01  1.486679e+02
     vertex -3.210621e+01  1.096608e+01  1.488730e+02
   endloop
 endfacet
 facet normal  7.163877e-01  6.645471e-01 -2.125226e-01
   outer loop
     vertex -3.202695e+01  1.048352e+01  1.486771e+02
     vertex -3.203536e+01  1.055913e+01  1.488851e+02
     vertex -3.194140e+01  1.045398e+01  1.488730e+02
   endloop
 endfacet
 facet normal  7.895664e-01 -5.948445e-01 -1.508144e-01
   outer loop
     vertex -3.224820e+01  1.095503e+01  1.481261e+02
     vertex -3.232662e+01  1.095878e+01  1.477008e+02
     vertex -3.217338e+01  1.115166e+01  1.477422e+02
   endloop
 endfacet
 facet normal  8.175750e-01 -5.613683e-01 -1.282061e-01
   outer loop
     vertex -3.224820e+01  1.095503e+01  1.481261e+02
     vertex -3.217338e+01  1.115166e+01  1.477422e+02
     vertex -3.196633e+01  1.120493e+01  1.488294e+02
   endloop
 endfacet
 facet normal  9.804558e-01 -1.434370e-02 -1.962158e-01
   outer loop
     vertex -3.224820e+01  1.095503e+01  1.481261e+02
     vertex -3.213940e+01  1.098026e+01  1.486679e+02
     vertex -3.218050e+01  1.066469e+01  1.484856e+02
   endloop
 endfacet
 facet normal  8.308545e-01 -5.381239e-01 -1.417868e-01
   outer loop
     vertex -3.224820e+01  1.095503e+01  1.481261e+02
     vertex -3.196633e+01  1.120493e+01  1.488294e+02
     vertex -3.213940e+01  1.098026e+01  1.486679e+02
   endloop
 endfacet
 facet normal  5.037129e-01  8.468278e-01 -1.707515e-01
   outer loop
     vertex -3.196375e+01  1.042591e+01  1.486679e+02
     vertex -3.194140e+01  1.045398e+01  1.488730e+02
     vertex -3.182260e+01  1.037946e+01  1.488540e+02
   endloop
 endfacet
 facet normal  2.768759e-01  9.604460e-01  2.971797e-02
   outer loop
     vertex -3.196375e+01  1.042591e+01  1.486679e+02
     vertex -3.182260e+01  1.037946e+01  1.488540e+02
     vertex -3.168847e+01  1.034156e+01  1.488294e+02
   endloop
 endfacet
 facet normal  6.499216e-01  7.402600e-01 -1.720957e-01
   outer loop
     vertex -3.196375e+01  1.042591e+01  1.486679e+02
     vertex -3.202695e+01  1.048352e+01  1.486771e+02
     vertex -3.194140e+01  1.045398e+01  1.488730e+02
   endloop
 endfacet
 facet normal  6.780785e-01  7.217060e-01  1.391039e-01
   outer loop
     vertex -3.196375e+01  1.042591e+01  1.486679e+02
     vertex -3.218050e+01  1.066469e+01  1.484856e+02
     vertex -3.202695e+01  1.048352e+01  1.486771e+02
   endloop
 endfacet
 facet normal  9.728481e-01 -1.613694e-01 -1.659109e-01
   outer loop
     vertex -3.228231e+01  1.081669e+01  1.480988e+02
     vertex -3.237103e+01  1.071465e+01  1.476778e+02
     vertex -3.232662e+01  1.095878e+01  1.477008e+02
   endloop
 endfacet
 facet normal  9.628329e-01 -2.020007e-01 -1.793004e-01
   outer loop
     vertex -3.228231e+01  1.081669e+01  1.480988e+02
     vertex -3.232662e+01  1.095878e+01  1.477008e+02
     vertex -3.224820e+01  1.095503e+01  1.481261e+02
   endloop
 endfacet
 facet normal  9.348252e-01 -1.688511e-01 -3.123959e-01
   outer loop
     vertex -3.228231e+01  1.081669e+01  1.480988e+02
     vertex -3.224820e+01  1.095503e+01  1.481261e+02
     vertex -3.218050e+01  1.066469e+01  1.484856e+02
   endloop
 endfacet
 facet normal  3.529535e-01  9.250456e-01 -1.404081e-01
   outer loop
     vertex -3.207765e+01  1.039246e+01  1.481261e+02
     vertex -3.191446e+01  1.027193e+01  1.477422e+02
     vertex -3.215985e+01  1.035901e+01  1.476991e+02
   endloop
 endfacet
 facet normal  3.639262e-01  9.216402e-01 -1.346736e-01
   outer loop
     vertex -3.207765e+01  1.039246e+01  1.481261e+02
     vertex -3.168847e+01  1.034156e+01  1.488294e+02
     vertex -3.191446e+01  1.027193e+01  1.477422e+02
   endloop
 endfacet
 facet normal  3.608011e-01  9.231344e-01 -1.328363e-01
   outer loop
     vertex -3.207765e+01  1.039246e+01  1.481261e+02
     vertex -3.196375e+01  1.042591e+01  1.486679e+02
     vertex -3.168847e+01  1.034156e+01  1.488294e+02
   endloop
 endfacet
 facet normal  7.971078e-01  5.688082e-01 -2.026734e-01
   outer loop
     vertex -3.207765e+01  1.039246e+01  1.481261e+02
     vertex -3.218050e+01  1.066469e+01  1.484856e+02
     vertex -3.196375e+01  1.042591e+01  1.486679e+02
   endloop
 endfacet
 facet normal  9.647903e-01  1.618194e-01 -2.073505e-01
   outer loop
     vertex -3.213849e+01  1.067555e+01  1.486874e+02
     vertex -3.212120e+01  1.082587e+01  1.488851e+02
     vertex -3.209693e+01  1.068650e+01  1.488893e+02
   endloop
 endfacet
 facet normal  8.786993e-01  4.314704e-01 -2.042566e-01
   outer loop
     vertex -3.213849e+01  1.067555e+01  1.486874e+02
     vertex -3.209693e+01  1.068650e+01  1.488893e+02
     vertex -3.203536e+01  1.055913e+01  1.488851e+02
   endloop
 endfacet
 facet normal  9.859735e-01  7.959643e-02 -1.466996e-01
   outer loop
     vertex -3.213849e+01  1.067555e+01  1.486874e+02
     vertex -3.215788e+01  1.089677e+01  1.486771e+02
     vertex -3.212120e+01  1.082587e+01  1.488851e+02
   endloop
 endfacet
 facet normal  8.516674e-01  5.026811e-01 -1.482376e-01
   outer loop
     vertex -3.213849e+01  1.067555e+01  1.486874e+02
     vertex -3.203536e+01  1.055913e+01  1.488851e+02
     vertex -3.202695e+01  1.048352e+01  1.486771e+02
   endloop
 endfacet
 facet normal  9.753677e-01  7.584581e-02 -2.071360e-01
   outer loop
     vertex -3.213849e+01  1.067555e+01  1.486874e+02
     vertex -3.218050e+01  1.066469e+01  1.484856e+02
     vertex -3.215788e+01  1.089677e+01  1.486771e+02
   endloop
 endfacet
 facet normal  8.420812e-01  5.000143e-01 -2.022003e-01
   outer loop
     vertex -3.213849e+01  1.067555e+01  1.486874e+02
     vertex -3.202695e+01  1.048352e+01  1.486771e+02
     vertex -3.218050e+01  1.066469e+01  1.484856e+02
   endloop
 endfacet
 facet normal  6.952868e-01  6.800865e-01 -2.325049e-01
   outer loop
     vertex -3.223001e+01  1.057626e+01  1.481247e+02
     vertex -3.215985e+01  1.035901e+01  1.476991e+02
     vertex -3.228580e+01  1.048167e+01  1.476812e+02
   endloop
 endfacet
 facet normal  9.233467e-01  3.350207e-01 -1.875954e-01
   outer loop
     vertex -3.223001e+01  1.057626e+01  1.481247e+02
     vertex -3.228580e+01  1.048167e+01  1.476812e+02
     vertex -3.237103e+01  1.071465e+01  1.476778e+02
   endloop
 endfacet
 facet normal  9.651820e-01  1.906102e-01 -1.791410e-01
   outer loop
     vertex -3.223001e+01  1.057626e+01  1.481247e+02
     vertex -3.228231e+01  1.081669e+01  1.480988e+02
     vertex -3.218050e+01  1.066469e+01  1.484856e+02
   endloop
 endfacet
 facet normal  9.526217e-01  1.808162e-01 -2.445760e-01
   outer loop
     vertex -3.223001e+01  1.057626e+01  1.481247e+02
     vertex -3.237103e+01  1.071465e+01  1.476778e+02
     vertex -3.228231e+01  1.081669e+01  1.480988e+02
   endloop
 endfacet
 facet normal  7.558739e-01  6.251639e-01 -1.944858e-01
   outer loop
     vertex -3.223001e+01  1.057626e+01  1.481247e+02
     vertex -3.207765e+01  1.039246e+01  1.481261e+02
     vertex -3.215985e+01  1.035901e+01  1.476991e+02
   endloop
 endfacet
 facet normal  7.456698e-01  6.162783e-01 -2.533330e-01
   outer loop
     vertex -3.223001e+01  1.057626e+01  1.481247e+02
     vertex -3.218050e+01  1.066469e+01  1.484856e+02
     vertex -3.207765e+01  1.039246e+01  1.481261e+02
   endloop
 endfacet
 facet normal  5.047270e-02 -9.982823e-01  2.974733e-02
   outer loop
     vertex -3.120297e+01  1.700762e+01  1.486680e+02
     vertex -3.091571e+01  1.702695e+01  1.488294e+02
     vertex -3.105495e+01  1.702064e+01  1.488540e+02
   endloop
 endfacet
 facet normal  2.972422e-01 -9.394094e-01 -1.707542e-01
   outer loop
     vertex -3.120297e+01  1.700762e+01  1.486680e+02
     vertex -3.105495e+01  1.702064e+01  1.488540e+02
     vertex -3.118762e+01  1.697520e+01  1.488730e+02
   endloop
 endfacet
 facet normal  5.458923e-01 -8.104528e-01 -2.125273e-01
   outer loop
     vertex -3.127764e+01  1.696594e+01  1.486771e+02
     vertex -3.118762e+01  1.697520e+01  1.488730e+02
     vertex -3.130309e+01  1.689425e+01  1.488851e+02
   endloop
 endfacet
 facet normal  4.955556e-01 -8.573551e-01  1.391650e-01
   outer loop
     vertex -3.127764e+01  1.696594e+01  1.486771e+02
     vertex -3.146846e+01  1.682457e+01  1.484857e+02
     vertex -3.120297e+01  1.700762e+01  1.486680e+02
   endloop
 endfacet
 facet normal  4.639074e-01 -8.690072e-01 -1.720940e-01
   outer loop
     vertex -3.127764e+01  1.696594e+01  1.486771e+02
     vertex -3.120297e+01  1.700762e+01  1.486680e+02
     vertex -3.118762e+01  1.697520e+01  1.488730e+02
   endloop
 endfacet
 facet normal  9.717821e-01 -1.024223e-01 -2.124836e-01
   outer loop
     vertex -3.149940e+01  1.659347e+01  1.486771e+02
     vertex -3.144752e+01  1.665413e+01  1.488851e+02
     vertex -3.146491e+01  1.651419e+01  1.488730e+02
   endloop
 endfacet
 facet normal  1.203010e-01 -9.818638e-01 -1.465301e-01
   outer loop
     vertex -3.130623e+01  1.706617e+01  1.481261e+02
     vertex -3.136507e+01  1.712240e+01  1.477010e+02
     vertex -3.111985e+01  1.714630e+01  1.477422e+02
   endloop
 endfacet
 facet normal  1.440751e-01 -9.803598e-01 -1.346736e-01
   outer loop
     vertex -3.130623e+01  1.706617e+01  1.481261e+02
     vertex -3.111985e+01  1.714630e+01  1.477422e+02
     vertex -3.091571e+01  1.702695e+01  1.488294e+02
   endloop
 endfacet
 facet normal  6.463248e-01 -7.356547e-01 -2.026730e-01
   outer loop
     vertex -3.130623e+01  1.706617e+01  1.481261e+02
     vertex -3.120297e+01  1.700762e+01  1.486680e+02
     vertex -3.146846e+01  1.682457e+01  1.484857e+02
   endloop
 endfacet
 facet normal  1.406914e-01 -9.811017e-01 -1.328361e-01
   outer loop
     vertex -3.130623e+01  1.706617e+01  1.481261e+02
     vertex -3.091571e+01  1.702695e+01  1.488294e+02
     vertex -3.120297e+01  1.700762e+01  1.486680e+02
   endloop
 endfacet
 facet normal  9.686704e-01  1.779376e-01 -1.732511e-01
   outer loop
     vertex -3.150045e+01  1.650795e+01  1.486680e+02
     vertex -3.146491e+01  1.651419e+01  1.488730e+02
     vertex -3.144289e+01  1.637570e+01  1.488540e+02
   endloop
 endfacet
 facet normal  9.051148e-01  4.246069e-01  2.182031e-02
   outer loop
     vertex -3.150045e+01  1.650795e+01  1.486680e+02
     vertex -3.144289e+01  1.637570e+01  1.488540e+02
     vertex -3.138320e+01  1.624974e+01  1.488294e+02
   endloop
 endfacet
 facet normal  9.852684e-01  6.218788e-03 -1.709023e-01
   outer loop
     vertex -3.150045e+01  1.650795e+01  1.486680e+02
     vertex -3.149940e+01  1.659347e+01  1.486771e+02
     vertex -3.146491e+01  1.651419e+01  1.488730e+02
   endloop
 endfacet
 facet normal  9.913212e-01 -2.594318e-02  1.288765e-01
   outer loop
     vertex -3.150045e+01  1.650795e+01  1.486680e+02
     vertex -3.146846e+01  1.682457e+01  1.484857e+02
     vertex -3.149940e+01  1.659347e+01  1.486771e+02
   endloop
 endfacet
 facet normal  9.101841e-01  3.881813e-01 -1.444995e-01
   outer loop
     vertex -3.160063e+01  1.655734e+01  1.481261e+02
     vertex -3.157265e+01  1.634884e+01  1.477422e+02
     vertex -3.168058e+01  1.658575e+01  1.476988e+02
   endloop
 endfacet
 facet normal  9.240820e-01  3.600493e-01 -1.282064e-01
   outer loop
     vertex -3.160063e+01  1.655734e+01  1.481261e+02
     vertex -3.138320e+01  1.624974e+01  1.488294e+02
     vertex -3.157265e+01  1.634884e+01  1.477422e+02
   endloop
 endfacet
 facet normal  9.578735e-01 -2.097091e-01 -1.962155e-01
   outer loop
     vertex -3.160063e+01  1.655734e+01  1.481261e+02
     vertex -3.146846e+01  1.682457e+01  1.484857e+02
     vertex -3.150045e+01  1.650795e+01  1.486680e+02
   endloop
 endfacet
 facet normal  9.317077e-01  3.343911e-01 -1.417863e-01
   outer loop
     vertex -3.160063e+01  1.655734e+01  1.481261e+02
     vertex -3.150045e+01  1.650795e+01  1.486680e+02
     vertex -3.138320e+01  1.624974e+01  1.488294e+02
   endloop
 endfacet
 facet normal  7.570968e-01 -6.205511e-01 -2.042564e-01
   outer loop
     vertex -3.143005e+01  1.680443e+01  1.486874e+02
     vertex -3.130309e+01  1.689425e+01  1.488851e+02
     vertex -3.139209e+01  1.678429e+01  1.488893e+02
   endloop
 endfacet
 facet normal  9.024333e-01 -3.776507e-01 -2.073503e-01
   outer loop
     vertex -3.143005e+01  1.680443e+01  1.486874e+02
     vertex -3.139209e+01  1.678429e+01  1.488893e+02
     vertex -3.144752e+01  1.665413e+01  1.488851e+02
   endloop
 endfacet
 facet normal  7.145335e-01 -6.837185e-01 -1.482259e-01
   outer loop
     vertex -3.143005e+01  1.680443e+01  1.486874e+02
     vertex -3.127764e+01  1.696594e+01  1.486771e+02
     vertex -3.130309e+01  1.689425e+01  1.488851e+02
   endloop
 endfacet
 facet normal  9.418166e-01 -3.024306e-01 -1.466879e-01
   outer loop
     vertex -3.143005e+01  1.680443e+01  1.486874e+02
     vertex -3.144752e+01  1.665413e+01  1.488851e+02
     vertex -3.149940e+01  1.659347e+01  1.486771e+02
   endloop
 endfacet
 facet normal  7.058069e-01 -6.789344e-01 -2.021997e-01
   outer loop
     vertex -3.143005e+01  1.680443e+01  1.486874e+02
     vertex -3.146846e+01  1.682457e+01  1.484857e+02
     vertex -3.127764e+01  1.696594e+01  1.486771e+02
   endloop
 endfacet
 facet normal  9.323447e-01 -2.963583e-01 -2.071353e-01
   outer loop
     vertex -3.143005e+01  1.680443e+01  1.486874e+02
     vertex -3.149940e+01  1.659347e+01  1.486771e+02
     vertex -3.146846e+01  1.682457e+01  1.484857e+02
   endloop
 endfacet
 facet normal  9.585155e-01 -1.975120e-01 -2.055163e-01
   outer loop
     vertex -3.153418e+01  1.685848e+01  1.481466e+02
     vertex -3.146846e+01  1.682457e+01  1.484857e+02
     vertex -3.160063e+01  1.655734e+01  1.481261e+02
   endloop
 endfacet
 facet normal  6.501321e-01 -7.332134e-01 -1.993148e-01
   outer loop
     vertex -3.153418e+01  1.685848e+01  1.481466e+02
     vertex -3.130623e+01  1.706617e+01  1.481261e+02
     vertex -3.146846e+01  1.682457e+01  1.484857e+02
   endloop
 endfacet
 facet normal  9.730798e-01 -2.695425e-02 -2.288868e-01
   outer loop
     vertex -3.162552e+01  1.677698e+01  1.479104e+02
     vertex -3.168058e+01  1.658575e+01  1.476988e+02
     vertex -3.167989e+01  1.676155e+01  1.476810e+02
   endloop
 endfacet
 facet normal  9.793604e-01 -7.382317e-02 -1.881578e-01
   outer loop
     vertex -3.162552e+01  1.677698e+01  1.479104e+02
     vertex -3.160063e+01  1.655734e+01  1.481261e+02
     vertex -3.168058e+01  1.658575e+01  1.476988e+02
   endloop
 endfacet
 facet normal  9.362886e-01 -1.863293e-01 -2.977332e-01
   outer loop
     vertex -3.162552e+01  1.677698e+01  1.479104e+02
     vertex -3.153418e+01  1.685848e+01  1.481466e+02
     vertex -3.160063e+01  1.655734e+01  1.481261e+02
   endloop
 endfacet
 facet normal  6.055875e-01 -7.016999e-01 -3.753413e-01
   outer loop
     vertex -3.149573e+01  1.695537e+01  1.480275e+02
     vertex -3.130623e+01  1.706617e+01  1.481261e+02
     vertex -3.153418e+01  1.685848e+01  1.481466e+02
   endloop
 endfacet
 facet normal  8.434146e-01 -5.164990e-01 -1.479209e-01
   outer loop
     vertex -3.149573e+01  1.695537e+01  1.480275e+02
     vertex -3.153418e+01  1.685848e+01  1.481466e+02
     vertex -3.162552e+01  1.677698e+01  1.479104e+02
   endloop
 endfacet
 facet normal  8.663642e-01 -4.244995e-01 -2.630841e-01
   outer loop
     vertex -3.152784e+01  1.698797e+01  1.478164e+02
     vertex -3.167989e+01  1.676155e+01  1.476810e+02
     vertex -3.157150e+01  1.698471e+01  1.476779e+02
   endloop
 endfacet
 facet normal  5.601247e-01 -8.133177e-01 -1.573998e-01
   outer loop
     vertex -3.152784e+01  1.698797e+01  1.478164e+02
     vertex -3.157150e+01  1.698471e+01  1.476779e+02
     vertex -3.136507e+01  1.712240e+01  1.477010e+02
   endloop
 endfacet
 facet normal  5.452725e-01 -8.178895e-01 -1.836699e-01
   outer loop
     vertex -3.152784e+01  1.698797e+01  1.478164e+02
     vertex -3.136507e+01  1.712240e+01  1.477010e+02
     vertex -3.130623e+01  1.706617e+01  1.481261e+02
   endloop
 endfacet
 facet normal  8.623651e-01 -4.760183e-01 -1.724325e-01
   outer loop
     vertex -3.152784e+01  1.698797e+01  1.478164e+02
     vertex -3.162552e+01  1.677698e+01  1.479104e+02
     vertex -3.167989e+01  1.676155e+01  1.476810e+02
   endloop
 endfacet
 facet normal  5.725043e-01 -7.926783e-01 -2.095230e-01
   outer loop
     vertex -3.152784e+01  1.698797e+01  1.478164e+02
     vertex -3.130623e+01  1.706617e+01  1.481261e+02
     vertex -3.149573e+01  1.695537e+01  1.480275e+02
   endloop
 endfacet
 facet normal  8.505097e-01 -4.846892e-01 -2.042294e-01
   outer loop
     vertex -3.152784e+01  1.698797e+01  1.478164e+02
     vertex -3.149573e+01  1.695537e+01  1.480275e+02
     vertex -3.162552e+01  1.677698e+01  1.479104e+02
   endloop
 endfacet
 facet normal -3.502785e-02  9.987863e-01  3.462719e-02
   outer loop
     vertex  1.870865e+01  4.562761e+00  1.486649e+02
     vertex  1.843735e+01  4.547543e+00  1.488294e+02
     vertex  1.856522e+01  4.551362e+00  1.488486e+02
   endloop
 endfacet
 facet normal -2.657083e-01  9.525707e-01 -1.483514e-01
   outer loop
     vertex  1.870865e+01  4.562761e+00  1.486649e+02
     vertex  1.856522e+01  4.551362e+00  1.488486e+02
     vertex  1.868836e+01  4.588045e+00  1.488636e+02
   endloop
 endfacet
 facet normal -4.986962e-01  8.462383e-01 -1.875711e-01
   outer loop
     vertex  1.877697e+01  4.597744e+00  1.486717e+02
     vertex  1.868836e+01  4.588045e+00  1.488636e+02
     vertex  1.879852e+01  4.655136e+00  1.488734e+02
   endloop
 endfacet
 facet normal -7.114909e-01  6.922026e-01 -1.209802e-01
   outer loop
     vertex  1.877697e+01  4.597744e+00  1.486717e+02
     vertex  1.879852e+01  4.655136e+00  1.488734e+02
     vertex  1.888834e+01  4.748144e+00  1.488773e+02
   endloop
 endfacet
 facet normal -4.622406e-01  8.767258e-01  1.329869e-01
   outer loop
     vertex  1.877697e+01  4.597744e+00  1.486717e+02
     vertex  1.896183e+01  4.723887e+00  1.484827e+02
     vertex  1.870865e+01  4.562761e+00  1.486649e+02
   endloop
 endfacet
 facet normal -4.375351e-01  8.853281e-01 -1.573440e-01
   outer loop
     vertex  1.877697e+01  4.597744e+00  1.486717e+02
     vertex  1.870865e+01  4.562761e+00  1.486649e+02
     vertex  1.868836e+01  4.588045e+00  1.488636e+02
   endloop
 endfacet
 facet normal -6.675545e-01  7.251522e-01 -1.688942e-01
   outer loop
     vertex  1.877697e+01  4.597744e+00  1.486717e+02
     vertex  1.888834e+01  4.748144e+00  1.488773e+02
     vertex  1.896183e+01  4.723887e+00  1.484827e+02
   endloop
 endfacet
 facet normal -8.711109e-01  4.898326e-01 -3.506980e-02
   outer loop
     vertex  1.901388e+01  4.956575e+00  1.486703e+02
     vertex  1.888834e+01  4.748144e+00  1.488773e+02
     vertex  1.895180e+01  4.860845e+00  1.488751e+02
   endloop
 endfacet
 facet normal -9.545394e-01  2.395811e-01 -1.773570e-01
   outer loop
     vertex  1.901388e+01  4.956575e+00  1.486703e+02
     vertex  1.895180e+01  4.860845e+00  1.488751e+02
     vertex  1.898466e+01  4.985694e+00  1.488669e+02
   endloop
 endfacet
 facet normal -9.132510e-01  3.592327e-01 -1.921575e-01
   outer loop
     vertex  1.901388e+01  4.956575e+00  1.486703e+02
     vertex  1.896183e+01  4.723887e+00  1.484827e+02
     vertex  1.888834e+01  4.748144e+00  1.488773e+02
   endloop
 endfacet
 facet normal -9.861022e-01  1.400882e-02 -1.655481e-01
   outer loop
     vertex  1.901900e+01  5.015421e+00  1.486649e+02
     vertex  1.898466e+01  4.985694e+00  1.488669e+02
     vertex  1.898771e+01  5.083739e+00  1.488570e+02
   endloop
 endfacet
 facet normal -9.795429e-01 -1.764470e-01 -9.675812e-02
   outer loop
     vertex  1.901900e+01  5.015421e+00  1.486649e+02
     vertex  1.898771e+01  5.083739e+00  1.488570e+02
     vertex  1.897159e+01  5.180174e+00  1.488443e+02
   endloop
 endfacet
 facet normal -9.360647e-01 -3.449171e-01  6.939098e-02
   outer loop
     vertex  1.901900e+01  5.015421e+00  1.486649e+02
     vertex  1.897159e+01  5.180174e+00  1.488443e+02
     vertex  1.893693e+01  5.271250e+00  1.488294e+02
   endloop
 endfacet
 facet normal -9.850360e-01  7.120880e-02 -1.569505e-01
   outer loop
     vertex  1.901900e+01  5.015421e+00  1.486649e+02
     vertex  1.901388e+01  4.956575e+00  1.486703e+02
     vertex  1.898466e+01  4.985694e+00  1.488669e+02
   endloop
 endfacet
 facet normal -9.837442e-01  9.944071e-02  1.495287e-01
   outer loop
     vertex  1.901900e+01  5.015421e+00  1.486649e+02
     vertex  1.896183e+01  4.723887e+00  1.484827e+02
     vertex  1.901388e+01  4.956575e+00  1.486703e+02
   endloop
 endfacet
 facet normal -1.096778e-01  9.844930e-01 -1.369102e-01
   outer loop
     vertex  1.879500e+01  4.505787e+00  1.481223e+02
     vertex  1.883772e+01  4.453200e+00  1.477099e+02
     vertex  1.860784e+01  4.432089e+00  1.477422e+02
   endloop
 endfacet
 facet normal -1.328469e-01  9.831913e-01 -1.252463e-01
   outer loop
     vertex  1.879500e+01  4.505787e+00  1.481223e+02
     vertex  1.860784e+01  4.432089e+00  1.477422e+02
     vertex  1.843735e+01  4.547543e+00  1.488294e+02
   endloop
 endfacet
 facet normal -1.303876e-01  9.836744e-01 -1.240310e-01
   outer loop
     vertex  1.879500e+01  4.505787e+00  1.481223e+02
     vertex  1.843735e+01  4.547543e+00  1.488294e+02
     vertex  1.870865e+01  4.562761e+00  1.486649e+02
   endloop
 endfacet
 facet normal -6.165413e-01  7.667925e-01 -1.786227e-01
   outer loop
     vertex  1.879500e+01  4.505787e+00  1.481223e+02
     vertex  1.870865e+01  4.562761e+00  1.486649e+02
     vertex  1.896183e+01  4.723887e+00  1.484827e+02
   endloop
 endfacet
 facet normal -9.536535e-01 -2.694022e-01 -1.340429e-01
   outer loop
     vertex  1.910384e+01  4.964998e+00  1.481223e+02
     vertex  1.909891e+01  5.171533e+00  1.477422e+02
     vertex  1.916953e+01  4.938415e+00  1.477083e+02
   endloop
 endfacet
 facet normal -9.618943e-01 -2.452773e-01 -1.208240e-01
   outer loop
     vertex  1.910384e+01  4.964998e+00  1.481223e+02
     vertex  1.893693e+01  5.271250e+00  1.488294e+02
     vertex  1.909891e+01  5.171533e+00  1.477422e+02
   endloop
 endfacet
 facet normal -9.653882e-01 -2.261480e-01 -1.299332e-01
   outer loop
     vertex  1.910384e+01  4.964998e+00  1.481223e+02
     vertex  1.901900e+01  5.015421e+00  1.486649e+02
     vertex  1.893693e+01  5.271250e+00  1.488294e+02
   endloop
 endfacet
 facet normal -9.400340e-01  2.932235e-01 -1.742297e-01
   outer loop
     vertex  1.910384e+01  4.964998e+00  1.481223e+02
     vertex  1.896183e+01  4.723887e+00  1.484827e+02
     vertex  1.901900e+01  5.015421e+00  1.486649e+02
   endloop
 endfacet
 facet normal -6.195035e-01  7.649746e-01 -1.761515e-01
   outer loop
     vertex  1.901752e+01  4.689592e+00  1.481379e+02
     vertex  1.879500e+01  4.505787e+00  1.481223e+02
     vertex  1.896183e+01  4.723887e+00  1.484827e+02
   endloop
 endfacet
 facet normal -9.414477e-01  2.848404e-01 -1.803947e-01
   outer loop
     vertex  1.901752e+01  4.689592e+00  1.481379e+02
     vertex  1.896183e+01  4.723887e+00  1.484827e+02
     vertex  1.910384e+01  4.964998e+00  1.481223e+02
   endloop
 endfacet
 facet normal -9.707009e-01  1.275214e-01 -2.036617e-01
   outer loop
     vertex  1.910318e+01  4.761392e+00  1.479138e+02
     vertex  1.916953e+01  4.938415e+00  1.477083e+02
     vertex  1.915097e+01  4.775599e+00  1.476949e+02
   endloop
 endfacet
 facet normal -8.533374e-01  4.981001e-01 -1.539854e-01
   outer loop
     vertex  1.910318e+01  4.761392e+00  1.479138e+02
     vertex  1.915097e+01  4.775599e+00  1.476949e+02
     vertex  1.903445e+01  4.575233e+00  1.476924e+02
   endloop
 endfacet
 facet normal -9.710917e-01  1.723271e-01 -1.651796e-01
   outer loop
     vertex  1.910318e+01  4.761392e+00  1.479138e+02
     vertex  1.910384e+01  4.964998e+00  1.481223e+02
     vertex  1.916953e+01  4.938415e+00  1.477083e+02
   endloop
 endfacet
 facet normal -9.242433e-01  2.746300e-01 -2.652408e-01
   outer loop
     vertex  1.910318e+01  4.761392e+00  1.479138e+02
     vertex  1.901752e+01  4.689592e+00  1.481379e+02
     vertex  1.910384e+01  4.964998e+00  1.481223e+02
   endloop
 endfacet
 facet normal -5.304036e-01  8.312865e-01 -1.662371e-01
   outer loop
     vertex  1.897382e+01  4.603071e+00  1.480251e+02
     vertex  1.903445e+01  4.575233e+00  1.476924e+02
     vertex  1.883772e+01  4.453200e+00  1.477099e+02
   endloop
 endfacet
 facet normal -5.378034e-01  8.275068e-01 -1.612449e-01
   outer loop
     vertex  1.897382e+01  4.603071e+00  1.480251e+02
     vertex  1.883772e+01  4.453200e+00  1.477099e+02
     vertex  1.879500e+01  4.505787e+00  1.481223e+02
   endloop
 endfacet
 facet normal -5.849529e-01  7.369745e-01 -3.386718e-01
   outer loop
     vertex  1.897382e+01  4.603071e+00  1.480251e+02
     vertex  1.879500e+01  4.505787e+00  1.481223e+02
     vertex  1.901752e+01  4.689592e+00  1.481379e+02
   endloop
 endfacet
 facet normal -8.221884e-01  5.349114e-01 -1.946178e-01
   outer loop
     vertex  1.897382e+01  4.603071e+00  1.480251e+02
     vertex  1.910318e+01  4.761392e+00  1.479138e+02
     vertex  1.903445e+01  4.575233e+00  1.476924e+02
   endloop
 endfacet
 facet normal -8.097628e-01  5.730972e-01 -1.258723e-01
   outer loop
     vertex  1.897382e+01  4.603071e+00  1.480251e+02
     vertex  1.901752e+01  4.689592e+00  1.481379e+02
     vertex  1.910318e+01  4.761392e+00  1.479138e+02
   endloop
 endfacet
 facet normal -8.326945e-01  5.493698e-01  6.937451e-02
   outer loop
     vertex  1.966969e+01  1.064471e+01  1.486649e+02
     vertex  1.953141e+01  1.041435e+01  1.488294e+02
     vertex  1.958594e+01  1.049511e+01  1.488443e+02
   endloop
 endfacet
 facet normal -9.134594e-01  3.952583e-01 -9.676164e-02
   outer loop
     vertex  1.966969e+01  1.064471e+01  1.486649e+02
     vertex  1.958594e+01  1.049511e+01  1.488443e+02
     vertex  1.962364e+01  1.058533e+01  1.488570e+02
   endloop
 endfacet
 facet normal -9.632952e-01  2.113208e-01 -1.655471e-01
   outer loop
     vertex  1.966969e+01  1.064471e+01  1.486649e+02
     vertex  1.962364e+01  1.058533e+01  1.488570e+02
     vertex  1.964303e+01  1.068148e+01  1.488669e+02
   endloop
 endfacet
 facet normal -9.840246e-01 -1.550374e-02 -1.773564e-01
   outer loop
     vertex  1.967813e+01  1.070317e+01  1.486703e+02
     vertex  1.964303e+01  1.068148e+01  1.488669e+02
     vertex  1.963952e+01  1.081054e+01  1.488751e+02
   endloop
 endfacet
 facet normal -9.598856e-01 -2.781884e-01 -3.508333e-02
   outer loop
     vertex  1.967813e+01  1.070317e+01  1.486703e+02
     vertex  1.963952e+01  1.081054e+01  1.488751e+02
     vertex  1.960345e+01  1.093474e+01  1.488773e+02
   endloop
 endfacet
 facet normal -9.753059e-01  1.553864e-01 -1.569508e-01
   outer loop
     vertex  1.967813e+01  1.070317e+01  1.486703e+02
     vertex  1.966969e+01  1.064471e+01  1.486649e+02
     vertex  1.964303e+01  1.068148e+01  1.488669e+02
   endloop
 endfacet
 facet normal -9.804926e-01  1.276074e-01  1.495012e-01
   outer loop
     vertex  1.967813e+01  1.070317e+01  1.486703e+02
     vertex  1.968054e+01  1.094160e+01  1.484826e+02
     vertex  1.966969e+01  1.064471e+01  1.486649e+02
   endloop
 endfacet
 facet normal -9.711213e-01 -1.414189e-01 -1.921566e-01
   outer loop
     vertex  1.967813e+01  1.070317e+01  1.486703e+02
     vertex  1.960345e+01  1.093474e+01  1.488773e+02
     vertex  1.968054e+01  1.094160e+01  1.484826e+02
   endloop
 endfacet
 facet normal -8.506413e-01 -5.116364e-01 -1.209860e-01
   outer loop
     vertex  1.952933e+01  1.110658e+01  1.486717e+02
     vertex  1.960345e+01  1.093474e+01  1.488773e+02
     vertex  1.953721e+01  1.104579e+01  1.488734e+02
   endloop
 endfacet
 facet normal -6.785991e-01 -7.101556e-01 -1.875692e-01
   outer loop
     vertex  1.952933e+01  1.110658e+01  1.486717e+02
     vertex  1.953721e+01  1.104579e+01  1.488734e+02
     vertex  1.944526e+01  1.113624e+01  1.488636e+02
   endloop
 endfacet
 facet normal -8.153809e-01 -5.537404e-01 -1.688952e-01
   outer loop
     vertex  1.952933e+01  1.110658e+01  1.486717e+02
     vertex  1.968054e+01  1.094160e+01  1.484826e+02
     vertex  1.960345e+01  1.093474e+01  1.488773e+02
   endloop
 endfacet
 facet normal -4.760125e-01 -8.668357e-01 -1.483508e-01
   outer loop
     vertex  1.947079e+01  1.115623e+01  1.486649e+02
     vertex  1.944526e+01  1.113624e+01  1.488636e+02
     vertex  1.933374e+01  1.120005e+01  1.488486e+02
   endloop
 endfacet
 facet normal -2.619563e-01 -9.644588e-01  3.461401e-02
   outer loop
     vertex  1.947079e+01  1.115623e+01  1.486649e+02
     vertex  1.933374e+01  1.120005e+01  1.488486e+02
     vertex  1.921011e+01  1.123294e+01  1.488294e+02
   endloop
 endfacet
 facet normal -6.500603e-01 -7.481597e-01  1.329612e-01
   outer loop
     vertex  1.947079e+01  1.115623e+01  1.486649e+02
     vertex  1.968054e+01  1.094160e+01  1.484826e+02
     vertex  1.952933e+01  1.110658e+01  1.486717e+02
   endloop
 endfacet
 facet normal -6.279681e-01 -7.621671e-01 -1.573444e-01
   outer loop
     vertex  1.947079e+01  1.115623e+01  1.486649e+02
     vertex  1.952933e+01  1.110658e+01  1.486717e+02
     vertex  1.944526e+01  1.113624e+01  1.488636e+02
   endloop
 endfacet
 facet normal -8.606666e-01  4.895403e-01 -1.400115e-01
   outer loop
     vertex  1.976380e+01  1.067444e+01  1.481222e+02
     vertex  1.982997e+01  1.067282e+01  1.477098e+02
     vertex  1.971188e+01  1.047448e+01  1.477422e+02
   endloop
 endfacet
 facet normal -8.805740e-01  4.582477e-01 -1.208239e-01
   outer loop
     vertex  1.976380e+01  1.067444e+01  1.481222e+02
     vertex  1.971188e+01  1.047448e+01  1.477422e+02
     vertex  1.953141e+01  1.041435e+01  1.488294e+02
   endloop
 endfacet
 facet normal -9.821392e-01 -7.103993e-02 -1.742297e-01
   outer loop
     vertex  1.976380e+01  1.067444e+01  1.481222e+02
     vertex  1.966969e+01  1.064471e+01  1.486649e+02
     vertex  1.968054e+01  1.094160e+01  1.484826e+02
   endloop
 endfacet
 facet normal -8.883402e-01  4.404192e-01 -1.299333e-01
   outer loop
     vertex  1.976380e+01  1.067444e+01  1.481222e+02
     vertex  1.953141e+01  1.041435e+01  1.488294e+02
     vertex  1.966969e+01  1.064471e+01  1.486649e+02
   endloop
 endfacet
 facet normal -3.425582e-01 -9.303075e-01 -1.310792e-01
   outer loop
     vertex  1.956786e+01  1.119200e+01  1.481222e+02
     vertex  1.940244e+01  1.130645e+01  1.477422e+02
     vertex  1.963254e+01  1.122649e+01  1.477085e+02
   endloop
 endfacet
 facet normal -3.536400e-01 -9.269585e-01 -1.252463e-01
   outer loop
     vertex  1.956786e+01  1.119200e+01  1.481222e+02
     vertex  1.921011e+01  1.123294e+01  1.488294e+02
     vertex  1.940244e+01  1.130645e+01  1.477422e+02
   endloop
 endfacet
 facet normal -7.752127e-01 -6.059201e-01 -1.786228e-01
   outer loop
     vertex  1.956786e+01  1.119200e+01  1.481222e+02
     vertex  1.968054e+01  1.094160e+01  1.484826e+02
     vertex  1.947079e+01  1.115623e+01  1.486649e+02
   endloop
 endfacet
 facet normal -3.513557e-01 -9.279900e-01 -1.240310e-01
   outer loop
     vertex  1.956786e+01  1.119200e+01  1.481222e+02
     vertex  1.947079e+01  1.115623e+01  1.486649e+02
     vertex  1.921011e+01  1.123294e+01  1.488294e+02
   endloop
 endfacet
 facet normal -9.816030e-01 -6.255575e-02 -1.803948e-01
   outer loop
     vertex  1.974258e+01  1.096228e+01  1.481379e+02
     vertex  1.976380e+01  1.067444e+01  1.481222e+02
     vertex  1.968054e+01  1.094160e+01  1.484826e+02
   endloop
 endfacet
 facet normal -7.776818e-01 -6.034746e-01 -1.761517e-01
   outer loop
     vertex  1.974258e+01  1.096228e+01  1.481379e+02
     vertex  1.968054e+01  1.094160e+01  1.484826e+02
     vertex  1.956786e+01  1.119200e+01  1.481222e+02
   endloop
 endfacet
 facet normal -6.741350e-01 -7.107852e-01 -2.008143e-01
   outer loop
     vertex  1.973519e+01  1.107115e+01  1.479137e+02
     vertex  1.963254e+01  1.122649e+01  1.477085e+02
     vertex  1.975333e+01  1.111575e+01  1.476949e+02
   endloop
 endfacet
 facet normal -9.043402e-01 -3.972864e-01 -1.559884e-01
   outer loop
     vertex  1.973519e+01  1.107115e+01  1.479137e+02
     vertex  1.975333e+01  1.111575e+01  1.476949e+02
     vertex  1.984692e+01  1.090370e+01  1.476924e+02
   endloop
 endfacet
 facet normal -7.059852e-01 -6.880853e-01 -1.677007e-01
   outer loop
     vertex  1.973519e+01  1.107115e+01  1.479137e+02
     vertex  1.956786e+01  1.119200e+01  1.481222e+02
     vertex  1.963254e+01  1.122649e+01  1.477085e+02
   endloop
 endfacet
 facet normal -7.589571e-01 -5.952145e-01 -2.640147e-01
   outer loop
     vertex  1.973519e+01  1.107115e+01  1.479137e+02
     vertex  1.974258e+01  1.096228e+01  1.481379e+02
     vertex  1.956786e+01  1.119200e+01  1.481222e+02
   endloop
 endfacet
 facet normal -9.838569e-01  5.951749e-02 -1.687701e-01
   outer loop
     vertex  1.978813e+01  1.087515e+01  1.480251e+02
     vertex  1.984692e+01  1.090370e+01  1.476924e+02
     vertex  1.982997e+01  1.067282e+01  1.477098e+02
   endloop
 endfacet
 facet normal -9.864393e-01  4.286897e-02 -1.584292e-01
   outer loop
     vertex  1.978813e+01  1.087515e+01  1.480251e+02
     vertex  1.982997e+01  1.067282e+01  1.477098e+02
     vertex  1.976380e+01  1.067444e+01  1.481222e+02
   endloop
 endfacet
 facet normal -9.144363e-01 -3.561911e-01 -1.921824e-01
   outer loop
     vertex  1.978813e+01  1.087515e+01  1.480251e+02
     vertex  1.973519e+01  1.107115e+01  1.479137e+02
     vertex  1.984692e+01  1.090370e+01  1.476924e+02
   endloop
 endfacet
 facet normal -9.390738e-01 -5.075187e-02 -3.399481e-01
   outer loop
     vertex  1.978813e+01  1.087515e+01  1.480251e+02
     vertex  1.976380e+01  1.067444e+01  1.481222e+02
     vertex  1.974258e+01  1.096228e+01  1.481379e+02
   endloop
 endfacet
 facet normal -9.370380e-01 -3.252896e-01 -1.270686e-01
   outer loop
     vertex  1.978813e+01  1.087515e+01  1.480251e+02
     vertex  1.974258e+01  1.096228e+01  1.481379e+02
     vertex  1.973519e+01  1.107115e+01  1.479137e+02
   endloop
 endfacet
 facet normal -1.456537e-01 -3.998264e-02 -9.885274e-01
   outer loop
     vertex  1.849454e+01  5.042346e+00  1.492858e+02
     vertex  1.862438e+01  5.109527e+00  1.492640e+02
     vertex  1.863256e+01  5.026393e+00  1.492661e+02
   endloop
 endfacet
 facet normal -9.684090e-01 -1.839892e-01 -1.683209e-01
   outer loop
     vertex  1.896352e+01  5.181053e+00  1.488899e+02
     vertex  1.897159e+01  5.180174e+00  1.488443e+02
     vertex  1.898771e+01  5.083739e+00  1.488570e+02
   endloop
 endfacet
 facet normal -9.145444e-01 -3.735678e-01 -1.550987e-01
   outer loop
     vertex  1.896352e+01  5.181053e+00  1.488899e+02
     vertex  1.893693e+01  5.271250e+00  1.488294e+02
     vertex  1.897159e+01  5.180174e+00  1.488443e+02
   endloop
 endfacet
 facet normal -8.791406e-01 -4.155497e-01 -2.333028e-01
   outer loop
     vertex  1.896352e+01  5.181053e+00  1.488899e+02
     vertex  1.890628e+01  5.255393e+00  1.489731e+02
     vertex  1.893693e+01  5.271250e+00  1.488294e+02
   endloop
 endfacet
 facet normal -8.887785e-01 -3.399396e-01 -3.074311e-01
   outer loop
     vertex  1.892525e+01  5.185476e+00  1.489956e+02
     vertex  1.890628e+01  5.255393e+00  1.489731e+02
     vertex  1.896352e+01  5.181053e+00  1.488899e+02
   endloop
 endfacet
 facet normal -9.698583e-01  5.618178e-03 -2.436049e-01
   outer loop
     vertex  1.896345e+01  5.086499e+00  1.489537e+02
     vertex  1.898771e+01  5.083739e+00  1.488570e+02
     vertex  1.898466e+01  4.985694e+00  1.488669e+02
   endloop
 endfacet
 facet normal -9.526876e-01  5.659071e-02 -2.986366e-01
   outer loop
     vertex  1.896345e+01  5.086499e+00  1.489537e+02
     vertex  1.898466e+01  4.985694e+00  1.488669e+02
     vertex  1.894297e+01  4.990512e+00  1.490008e+02
   endloop
 endfacet
 facet normal -9.205697e-01 -2.180666e-01 -3.240346e-01
   outer loop
     vertex  1.896345e+01  5.086499e+00  1.489537e+02
     vertex  1.892525e+01  5.185476e+00  1.489956e+02
     vertex  1.896352e+01  5.181053e+00  1.488899e+02
   endloop
 endfacet
 facet normal -9.586810e-01 -1.586958e-01 -2.361068e-01
   outer loop
     vertex  1.896345e+01  5.086499e+00  1.489537e+02
     vertex  1.896352e+01  5.181053e+00  1.488899e+02
     vertex  1.898771e+01  5.083739e+00  1.488570e+02
   endloop
 endfacet
 facet normal -7.575976e-01 -4.105122e-01 -5.074698e-01
   outer loop
     vertex  1.886272e+01  5.192705e+00  1.490889e+02
     vertex  1.883965e+01  5.220918e+00  1.491005e+02
     vertex  1.890628e+01  5.255393e+00  1.489731e+02
   endloop
 endfacet
 facet normal -7.839816e-01 -3.723390e-01 -4.967258e-01
   outer loop
     vertex  1.886272e+01  5.192705e+00  1.490889e+02
     vertex  1.890628e+01  5.255393e+00  1.489731e+02
     vertex  1.892525e+01  5.185476e+00  1.489956e+02
   endloop
 endfacet
 facet normal -8.326103e-01  4.778034e-02 -5.517944e-01
   outer loop
     vertex  1.890953e+01  5.092731e+00  1.490601e+02
     vertex  1.894297e+01  4.990512e+00  1.490008e+02
     vertex  1.886596e+01  4.999414e+00  1.491178e+02
   endloop
 endfacet
 facet normal -8.924000e-01 -3.071991e-02 -4.501983e-01
   outer loop
     vertex  1.890953e+01  5.092731e+00  1.490601e+02
     vertex  1.896345e+01  5.086499e+00  1.489537e+02
     vertex  1.894297e+01  4.990512e+00  1.490008e+02
   endloop
 endfacet
 facet normal -8.848777e-01 -1.555667e-01 -4.390791e-01
   outer loop
     vertex  1.890953e+01  5.092731e+00  1.490601e+02
     vertex  1.892525e+01  5.185476e+00  1.489956e+02
     vertex  1.896345e+01  5.086499e+00  1.489537e+02
   endloop
 endfacet
 facet normal -8.164834e-01 -2.300979e-01 -5.295373e-01
   outer loop
     vertex  1.890953e+01  5.092731e+00  1.490601e+02
     vertex  1.886272e+01  5.192705e+00  1.490889e+02
     vertex  1.892525e+01  5.185476e+00  1.489956e+02
   endloop
 endfacet
 facet normal -6.221366e-01 -2.659186e-01 -7.363650e-01
   outer loop
     vertex  1.883164e+01  5.101735e+00  1.491503e+02
     vertex  1.874287e+01  5.170837e+00  1.492003e+02
     vertex  1.883965e+01  5.220918e+00  1.491005e+02
   endloop
 endfacet
 facet normal -6.478857e-01  2.449973e-02 -7.613435e-01
   outer loop
     vertex  1.883164e+01  5.101735e+00  1.491503e+02
     vertex  1.886596e+01  4.999414e+00  1.491178e+02
     vertex  1.875970e+01  5.011696e+00  1.492086e+02
   endloop
 endfacet
 facet normal -7.539846e-01 -1.706965e-01 -6.343264e-01
   outer loop
     vertex  1.883164e+01  5.101735e+00  1.491503e+02
     vertex  1.886272e+01  5.192705e+00  1.490889e+02
     vertex  1.890953e+01  5.092731e+00  1.490601e+02
   endloop
 endfacet
 facet normal -7.582133e-01 -4.779551e-02 -6.502524e-01
   outer loop
     vertex  1.883164e+01  5.101735e+00  1.491503e+02
     vertex  1.890953e+01  5.092731e+00  1.490601e+02
     vertex  1.886596e+01  4.999414e+00  1.491178e+02
   endloop
 endfacet
 facet normal -6.620928e-01 -2.506522e-01 -7.062624e-01
   outer loop
     vertex  1.883164e+01  5.101735e+00  1.491503e+02
     vertex  1.883965e+01  5.220918e+00  1.491005e+02
     vertex  1.886272e+01  5.192705e+00  1.490889e+02
   endloop
 endfacet
 facet normal -3.628127e-01 -2.347985e-01 -9.017963e-01
   outer loop
     vertex  1.873440e+01  5.112975e+00  1.492188e+02
     vertex  1.862438e+01  5.109527e+00  1.492640e+02
     vertex  1.874287e+01  5.170837e+00  1.492003e+02
   endloop
 endfacet
 facet normal -4.132632e-01 -1.153720e-02 -9.105385e-01
   outer loop
     vertex  1.873440e+01  5.112975e+00  1.492188e+02
     vertex  1.875970e+01  5.011696e+00  1.492086e+02
     vertex  1.863256e+01  5.026393e+00  1.492661e+02
   endloop
 endfacet
 facet normal -5.797191e-01 -6.301757e-02 -8.123758e-01
   outer loop
     vertex  1.873440e+01  5.112975e+00  1.492188e+02
     vertex  1.883164e+01  5.101735e+00  1.491503e+02
     vertex  1.875970e+01  5.011696e+00  1.492086e+02
   endloop
 endfacet
 facet normal -5.806950e-01 -1.692421e-01 -7.963356e-01
   outer loop
     vertex  1.873440e+01  5.112975e+00  1.492188e+02
     vertex  1.874287e+01  5.170837e+00  1.492003e+02
     vertex  1.883164e+01  5.101735e+00  1.491503e+02
   endloop
 endfacet
 facet normal -3.773860e-01 -6.111362e-02 -9.240373e-01
   outer loop
     vertex  1.873440e+01  5.112975e+00  1.492188e+02
     vertex  1.863256e+01  5.026393e+00  1.492661e+02
     vertex  1.862438e+01  5.109527e+00  1.492640e+02
   endloop
 endfacet
 facet normal  1.116522e-01  9.659384e-01 -2.334454e-01
   outer loop
     vertex -3.168847e+01  1.034156e+01  1.488294e+02
     vertex  1.844131e+01  4.581820e+00  1.489731e+02
     vertex  1.843735e+01  4.547543e+00  1.488294e+02
   endloop
 endfacet
 facet normal  9.893645e-02  8.559301e-01 -5.075384e-01
   outer loop
     vertex -3.168451e+01  1.037583e+01  1.489731e+02
     vertex  1.844992e+01  4.656343e+00  1.491005e+02
     vertex  1.844131e+01  4.581820e+00  1.489731e+02
   endloop
 endfacet
 facet normal  1.116522e-01  9.659384e-01 -2.334454e-01
   outer loop
     vertex -3.168451e+01  1.037583e+01  1.489731e+02
     vertex  1.844131e+01  4.581820e+00  1.489731e+02
     vertex -3.168847e+01  1.034156e+01  1.488294e+02
   endloop
 endfacet
 facet normal  7.757455e-02  6.711217e-01 -7.372773e-01
   outer loop
     vertex -3.167590e+01  1.045036e+01  1.491005e+02
     vertex  1.846244e+01  4.764599e+00  1.492003e+02
     vertex  1.844992e+01  4.656343e+00  1.491005e+02
   endloop
 endfacet
 facet normal  9.893645e-02  8.559301e-01 -5.075384e-01
   outer loop
     vertex -3.167590e+01  1.045036e+01  1.491005e+02
     vertex  1.844992e+01  4.656343e+00  1.491005e+02
     vertex -3.168451e+01  1.037583e+01  1.489731e+02
   endloop
 endfacet
 facet normal  4.943338e-02  4.276636e-01 -9.025853e-01
   outer loop
     vertex -3.166338e+01  1.055861e+01  1.492003e+02
     vertex  1.847776e+01  4.897127e+00  1.492640e+02
     vertex  1.846244e+01  4.764599e+00  1.492003e+02
   endloop
 endfacet
 facet normal  7.757455e-02  6.711217e-01 -7.372773e-01
   outer loop
     vertex -3.166338e+01  1.055861e+01  1.492003e+02
     vertex  1.846244e+01  4.764599e+00  1.492003e+02
     vertex -3.167590e+01  1.045036e+01  1.491005e+02
   endloop
 endfacet
 facet normal  1.697220e-02  1.468318e-01 -9.890159e-01
   outer loop
     vertex -3.164806e+01  1.069114e+01  1.492640e+02
     vertex  1.849454e+01  5.042346e+00  1.492858e+02
     vertex  1.847776e+01  4.897127e+00  1.492640e+02
   endloop
 endfacet
 facet normal  4.943338e-02  4.276636e-01 -9.025853e-01
   outer loop
     vertex -3.164806e+01  1.069114e+01  1.492640e+02
     vertex  1.847776e+01  4.897127e+00  1.492640e+02
     vertex -3.166338e+01  1.055861e+01  1.492003e+02
   endloop
 endfacet
 facet normal  1.697220e-02  1.468318e-01 -9.890159e-01
   outer loop
     vertex -3.163128e+01  1.083636e+01  1.492858e+02
     vertex  1.849454e+01  5.042346e+00  1.492858e+02
     vertex -3.164806e+01  1.069114e+01  1.492640e+02
   endloop
 endfacet
 facet normal -8.984740e-01 -3.723119e-01 -2.326547e-01
   outer loop
     vertex  1.863687e+01  5.995353e+00  1.488294e+02
     vertex  1.893693e+01  5.271250e+00  1.488294e+02
     vertex  1.890628e+01  5.255393e+00  1.489731e+02
   endloop
 endfacet
 facet normal -7.898459e-01  5.674638e-01 -2.326547e-01
   outer loop
     vertex  1.950519e+01  1.043678e+01  1.489731e+02
     vertex  1.953141e+01  1.041435e+01  1.488294e+02
     vertex  1.907408e+01  9.777789e+00  1.488294e+02
   endloop
 endfacet
 facet normal -1.204626e-01  8.654619e-02 -9.889381e-01
   outer loop
     vertex  1.915292e+01  1.073814e+01  1.492858e+02
     vertex  1.926400e+01  1.064311e+01  1.492640e+02
     vertex  1.864644e+01  1.003317e+01  1.492858e+02
   endloop
 endfacet
 facet normal -9.483618e-01 -2.155960e-01 -2.326547e-01
   outer loop
     vertex  1.860399e+01  5.984887e+00  1.489731e+02
     vertex  1.846312e+01  6.759662e+00  1.488294e+02
     vertex  1.863687e+01  5.995353e+00  1.488294e+02
   endloop
 endfacet
 facet normal -7.967280e-01 -3.301501e-01 -5.061872e-01
   outer loop
     vertex  1.860399e+01  5.984887e+00  1.489731e+02
     vertex  1.890628e+01  5.255393e+00  1.489731e+02
     vertex  1.883965e+01  5.220918e+00  1.491005e+02
   endloop
 endfacet
 facet normal -8.984740e-01 -3.723119e-01 -2.326547e-01
   outer loop
     vertex  1.860399e+01  5.984887e+00  1.489731e+02
     vertex  1.863687e+01  5.995353e+00  1.488294e+02
     vertex  1.890628e+01  5.255393e+00  1.489731e+02
   endloop
 endfacet
 facet normal -6.253429e-01 -2.591312e-01 -7.360688e-01
   outer loop
     vertex  1.853251e+01  5.962131e+00  1.491005e+02
     vertex  1.883965e+01  5.220918e+00  1.491005e+02
     vertex  1.874287e+01  5.170837e+00  1.492003e+02
   endloop
 endfacet
 facet normal -7.967280e-01 -3.301501e-01 -5.061872e-01
   outer loop
     vertex  1.853251e+01  5.962131e+00  1.491005e+02
     vertex  1.860399e+01  5.984887e+00  1.489731e+02
     vertex  1.883965e+01  5.220918e+00  1.491005e+02
   endloop
 endfacet
 facet normal -3.988799e-01 -1.652888e-01 -9.019836e-01
   outer loop
     vertex  1.842866e+01  5.929075e+00  1.492003e+02
     vertex  1.874287e+01  5.170837e+00  1.492003e+02
     vertex  1.862438e+01  5.109527e+00  1.492640e+02
   endloop
 endfacet
 facet normal -6.253429e-01 -2.591312e-01 -7.360688e-01
   outer loop
     vertex  1.842866e+01  5.929075e+00  1.492003e+02
     vertex  1.853251e+01  5.962131e+00  1.491005e+02
     vertex  1.874287e+01  5.170837e+00  1.492003e+02
   endloop
 endfacet
 facet normal -1.370299e-01 -5.678279e-02 -9.889381e-01
   outer loop
     vertex  1.830154e+01  5.888607e+00  1.492640e+02
     vertex  1.849454e+01  5.042346e+00  1.492858e+02
     vertex  1.816224e+01  5.844263e+00  1.492858e+02
   endloop
 endfacet
 facet normal -1.370299e-01 -5.678279e-02 -9.889381e-01
   outer loop
     vertex  1.830154e+01  5.888607e+00  1.492640e+02
     vertex  1.862438e+01  5.109527e+00  1.492640e+02
     vertex  1.849454e+01  5.042346e+00  1.492858e+02
   endloop
 endfacet
 facet normal -3.988799e-01 -1.652888e-01 -9.019836e-01
   outer loop
     vertex  1.830154e+01  5.888607e+00  1.492640e+02
     vertex  1.842866e+01  5.929075e+00  1.492003e+02
     vertex  1.862438e+01  5.109527e+00  1.492640e+02
   endloop
 endfacet
 facet normal -9.483618e-01 -2.155960e-01 -2.326547e-01
   outer loop
     vertex  1.842894e+01  6.754885e+00  1.489731e+02
     vertex  1.846312e+01  6.759662e+00  1.488294e+02
     vertex  1.860399e+01  5.984887e+00  1.489731e+02
   endloop
 endfacet
 facet normal -8.409663e-01 -1.911812e-01 -5.061872e-01
   outer loop
     vertex  1.835465e+01  6.744500e+00  1.491005e+02
     vertex  1.842894e+01  6.754885e+00  1.489731e+02
     vertex  1.860399e+01  5.984887e+00  1.489731e+02
   endloop
 endfacet
 facet normal -8.409663e-01 -1.911812e-01 -5.061872e-01
   outer loop
     vertex  1.835465e+01  6.744500e+00  1.491005e+02
     vertex  1.860399e+01  5.984887e+00  1.489731e+02
     vertex  1.853251e+01  5.962131e+00  1.491005e+02
   endloop
 endfacet
 facet normal -6.600651e-01 -1.500560e-01 -7.360688e-01
   outer loop
     vertex  1.824672e+01  6.729414e+00  1.492003e+02
     vertex  1.853251e+01  5.962131e+00  1.491005e+02
     vertex  1.842866e+01  5.929075e+00  1.492003e+02
   endloop
 endfacet
 facet normal -6.600651e-01 -1.500560e-01 -7.360688e-01
   outer loop
     vertex  1.824672e+01  6.729414e+00  1.492003e+02
     vertex  1.835465e+01  6.744500e+00  1.491005e+02
     vertex  1.853251e+01  5.962131e+00  1.491005e+02
   endloop
 endfacet
 facet normal -1.446385e-01 -3.288141e-02 -9.889381e-01
   outer loop
     vertex  1.811459e+01  6.710945e+00  1.492640e+02
     vertex  1.816224e+01  5.844263e+00  1.492858e+02
     vertex  1.796982e+01  6.690707e+00  1.492858e+02
   endloop
 endfacet
 facet normal -1.446385e-01 -3.288141e-02 -9.889381e-01
   outer loop
     vertex  1.811459e+01  6.710945e+00  1.492640e+02
     vertex  1.830154e+01  5.888607e+00  1.492640e+02
     vertex  1.816224e+01  5.844263e+00  1.492858e+02
   endloop
 endfacet
 facet normal -4.210277e-01 -9.571439e-02 -9.019836e-01
   outer loop
     vertex  1.811459e+01  6.710945e+00  1.492640e+02
     vertex  1.842866e+01  5.929075e+00  1.492003e+02
     vertex  1.830154e+01  5.888607e+00  1.492640e+02
   endloop
 endfacet
 facet normal -4.210277e-01 -9.571439e-02 -9.019836e-01
   outer loop
     vertex  1.811459e+01  6.710945e+00  1.492640e+02
     vertex  1.824672e+01  6.729414e+00  1.492003e+02
     vertex  1.842866e+01  5.929075e+00  1.492003e+02
   endloop
 endfacet
 facet normal -9.711297e-01 -5.271472e-02 -2.326547e-01
   outer loop
     vertex  1.838614e+01  7.543370e+00  1.489731e+02
     vertex  1.842063e+01  7.542320e+00  1.488294e+02
     vertex  1.846312e+01  6.759662e+00  1.488294e+02
   endloop
 endfacet
 facet normal -9.661266e-01  1.116740e-01 -2.326547e-01
   outer loop
     vertex  1.838614e+01  7.543370e+00  1.489731e+02
     vertex  1.851063e+01  8.320946e+00  1.488294e+02
     vertex  1.842063e+01  7.542320e+00  1.488294e+02
   endloop
 endfacet
 facet normal -9.711297e-01 -5.271472e-02 -2.326547e-01
   outer loop
     vertex  1.838614e+01  7.543370e+00  1.489731e+02
     vertex  1.846312e+01  6.759662e+00  1.488294e+02
     vertex  1.842894e+01  6.754885e+00  1.489731e+02
   endloop
 endfacet
 facet normal -8.611559e-01 -4.674513e-02 -5.061872e-01
   outer loop
     vertex  1.831116e+01  7.545652e+00  1.491005e+02
     vertex  1.838614e+01  7.543370e+00  1.489731e+02
     vertex  1.842894e+01  6.754885e+00  1.489731e+02
   endloop
 endfacet
 facet normal -8.611559e-01 -4.674513e-02 -5.061872e-01
   outer loop
     vertex  1.831116e+01  7.545652e+00  1.491005e+02
     vertex  1.842894e+01  6.754885e+00  1.489731e+02
     vertex  1.835465e+01  6.744500e+00  1.491005e+02
   endloop
 endfacet
 facet normal -6.759117e-01 -3.668974e-02 -7.360688e-01
   outer loop
     vertex  1.820223e+01  7.548967e+00  1.492003e+02
     vertex  1.831116e+01  7.545652e+00  1.491005e+02
     vertex  1.835465e+01  6.744500e+00  1.491005e+02
   endloop
 endfacet
 facet normal -6.759117e-01 -3.668974e-02 -7.360688e-01
   outer loop
     vertex  1.820223e+01  7.548967e+00  1.492003e+02
     vertex  1.835465e+01  6.744500e+00  1.491005e+02
     vertex  1.824672e+01  6.729414e+00  1.492003e+02
   endloop
 endfacet
 facet normal -1.481109e-01 -8.039734e-03 -9.889381e-01
   outer loop
     vertex  1.806888e+01  7.553025e+00  1.492640e+02
     vertex  1.796982e+01  6.690707e+00  1.492858e+02
     vertex  1.792277e+01  7.557472e+00  1.492858e+02
   endloop
 endfacet
 facet normal -1.481109e-01 -8.039734e-03 -9.889381e-01
   outer loop
     vertex  1.806888e+01  7.553025e+00  1.492640e+02
     vertex  1.811459e+01  6.710945e+00  1.492640e+02
     vertex  1.796982e+01  6.690707e+00  1.492858e+02
   endloop
 endfacet
 facet normal -4.311356e-01 -2.340284e-02 -9.019836e-01
   outer loop
     vertex  1.806888e+01  7.553025e+00  1.492640e+02
     vertex  1.824672e+01  6.729414e+00  1.492003e+02
     vertex  1.811459e+01  6.710945e+00  1.492640e+02
   endloop
 endfacet
 facet normal -4.311356e-01 -2.340284e-02 -9.019836e-01
   outer loop
     vertex  1.806888e+01  7.553025e+00  1.492640e+02
     vertex  1.820223e+01  7.548967e+00  1.492003e+02
     vertex  1.824672e+01  6.729414e+00  1.492003e+02
   endloop
 endfacet
 facet normal -9.661266e-01  1.116740e-01 -2.326547e-01
   outer loop
     vertex  1.847681e+01  8.327792e+00  1.489731e+02
     vertex  1.851063e+01  8.320946e+00  1.488294e+02
     vertex  1.838614e+01  7.543370e+00  1.489731e+02
   endloop
 endfacet
 facet normal -8.567194e-01  9.902768e-02 -5.061872e-01
   outer loop
     vertex  1.840329e+01  8.342676e+00  1.491005e+02
     vertex  1.838614e+01  7.543370e+00  1.489731e+02
     vertex  1.831116e+01  7.545652e+00  1.491005e+02
   endloop
 endfacet
 facet normal -8.567194e-01  9.902768e-02 -5.061872e-01
   outer loop
     vertex  1.840329e+01  8.342676e+00  1.491005e+02
     vertex  1.847681e+01  8.327792e+00  1.489731e+02
     vertex  1.838614e+01  7.543370e+00  1.489731e+02
   endloop
 endfacet
 facet normal -6.724295e-01  7.772573e-02 -7.360688e-01
   outer loop
     vertex  1.829648e+01  8.364298e+00  1.492003e+02
     vertex  1.831116e+01  7.545652e+00  1.491005e+02
     vertex  1.820223e+01  7.548967e+00  1.492003e+02
   endloop
 endfacet
 facet normal -6.724295e-01  7.772573e-02 -7.360688e-01
   outer loop
     vertex  1.829648e+01  8.364298e+00  1.492003e+02
     vertex  1.840329e+01  8.342676e+00  1.491005e+02
     vertex  1.831116e+01  7.545652e+00  1.491005e+02
   endloop
 endfacet
 facet normal -1.473479e-01  1.703185e-02 -9.889381e-01
   outer loop
     vertex  1.816572e+01  8.390768e+00  1.492640e+02
     vertex  1.792277e+01  7.557472e+00  1.492858e+02
     vertex  1.802244e+01  8.419772e+00  1.492858e+02
   endloop
 endfacet
 facet normal -1.473479e-01  1.703185e-02 -9.889381e-01
   outer loop
     vertex  1.816572e+01  8.390768e+00  1.492640e+02
     vertex  1.806888e+01  7.553025e+00  1.492640e+02
     vertex  1.792277e+01  7.557472e+00  1.492858e+02
   endloop
 endfacet
 facet normal -4.289144e-01  4.957796e-02 -9.019836e-01
   outer loop
     vertex  1.816572e+01  8.390768e+00  1.492640e+02
     vertex  1.820223e+01  7.548967e+00  1.492003e+02
     vertex  1.806888e+01  7.553025e+00  1.492640e+02
   endloop
 endfacet
 facet normal -4.289144e-01  4.957796e-02 -9.019836e-01
   outer loop
     vertex  1.816572e+01  8.390768e+00  1.492640e+02
     vertex  1.829648e+01  8.364298e+00  1.492003e+02
     vertex  1.820223e+01  7.548967e+00  1.492003e+02
   endloop
 endfacet
 facet normal -9.334957e-01  2.728692e-01 -2.326547e-01
   outer loop
     vertex  1.869836e+01  9.085721e+00  1.489731e+02
     vertex  1.873055e+01  9.073274e+00  1.488294e+02
     vertex  1.851063e+01  8.320946e+00  1.488294e+02
   endloop
 endfacet
 facet normal -8.741699e-01  4.262613e-01 -2.326547e-01
   outer loop
     vertex  1.869836e+01  9.085721e+00  1.489731e+02
     vertex  1.907408e+01  9.777789e+00  1.488294e+02
     vertex  1.873055e+01  9.073274e+00  1.488294e+02
   endloop
 endfacet
 facet normal -9.334957e-01  2.728692e-01 -2.326547e-01
   outer loop
     vertex  1.869836e+01  9.085721e+00  1.489731e+02
     vertex  1.851063e+01  8.320946e+00  1.488294e+02
     vertex  1.847681e+01  8.327792e+00  1.489731e+02
   endloop
 endfacet
 facet normal -8.277836e-01  2.419686e-01 -5.061872e-01
   outer loop
     vertex  1.869836e+01  9.085721e+00  1.489731e+02
     vertex  1.847681e+01  8.327792e+00  1.489731e+02
     vertex  1.840329e+01  8.342676e+00  1.491005e+02
   endloop
 endfacet
 facet normal -8.277836e-01  2.419686e-01 -5.061872e-01
   outer loop
     vertex  1.862840e+01  9.112781e+00  1.491005e+02
     vertex  1.869836e+01  9.085721e+00  1.489731e+02
     vertex  1.840329e+01  8.342676e+00  1.491005e+02
   endloop
 endfacet
 facet normal -6.497182e-01  1.899185e-01 -7.360688e-01
   outer loop
     vertex  1.852676e+01  9.152091e+00  1.492003e+02
     vertex  1.840329e+01  8.342676e+00  1.491005e+02
     vertex  1.829648e+01  8.364298e+00  1.492003e+02
   endloop
 endfacet
 facet normal -6.497182e-01  1.899185e-01 -7.360688e-01
   outer loop
     vertex  1.852676e+01  9.152091e+00  1.492003e+02
     vertex  1.862840e+01  9.112781e+00  1.491005e+02
     vertex  1.840329e+01  8.342676e+00  1.491005e+02
   endloop
 endfacet
 facet normal -1.423712e-01  4.161638e-02 -9.889381e-01
   outer loop
     vertex  1.840233e+01  9.200215e+00  1.492640e+02
     vertex  1.802244e+01  8.419772e+00  1.492858e+02
     vertex  1.826598e+01  9.252947e+00  1.492858e+02
   endloop
 endfacet
 facet normal -1.423712e-01  4.161638e-02 -9.889381e-01
   outer loop
     vertex  1.840233e+01  9.200215e+00  1.492640e+02
     vertex  1.816572e+01  8.390768e+00  1.492640e+02
     vertex  1.802244e+01  8.419772e+00  1.492858e+02
   endloop
 endfacet
 facet normal -4.144278e-01  1.211410e-01 -9.019836e-01
   outer loop
     vertex  1.840233e+01  9.200215e+00  1.492640e+02
     vertex  1.829648e+01  8.364298e+00  1.492003e+02
     vertex  1.816572e+01  8.390768e+00  1.492640e+02
   endloop
 endfacet
 facet normal -4.144278e-01  1.211410e-01 -9.019836e-01
   outer loop
     vertex  1.840233e+01  9.200215e+00  1.492640e+02
     vertex  1.852676e+01  9.152091e+00  1.492003e+02
     vertex  1.829648e+01  8.364298e+00  1.492003e+02
   endloop
 endfacet
 facet normal -8.741699e-01  4.262613e-01 -2.326547e-01
   outer loop
     vertex  1.904446e+01  9.795481e+00  1.489731e+02
     vertex  1.907408e+01  9.777789e+00  1.488294e+02
     vertex  1.869836e+01  9.085721e+00  1.489731e+02
   endloop
 endfacet
 facet normal -7.898459e-01  5.674638e-01 -2.326547e-01
   outer loop
     vertex  1.904446e+01  9.795481e+00  1.489731e+02
     vertex  1.950519e+01  1.043678e+01  1.489731e+02
     vertex  1.907408e+01  9.777789e+00  1.488294e+02
   endloop
 endfacet
 facet normal -7.004012e-01  5.032024e-01 -5.061872e-01
   outer loop
     vertex  1.898005e+01  9.833944e+00  1.491005e+02
     vertex  1.944819e+01  1.048554e+01  1.491005e+02
     vertex  1.950519e+01  1.043678e+01  1.489731e+02
   endloop
 endfacet
 facet normal -7.751761e-01  3.779901e-01 -5.061872e-01
   outer loop
     vertex  1.898005e+01  9.833944e+00  1.491005e+02
     vertex  1.869836e+01  9.085721e+00  1.489731e+02
     vertex  1.862840e+01  9.112781e+00  1.491005e+02
   endloop
 endfacet
 facet normal -7.004012e-01  5.032024e-01 -5.061872e-01
   outer loop
     vertex  1.898005e+01  9.833944e+00  1.491005e+02
     vertex  1.950519e+01  1.043678e+01  1.489731e+02
     vertex  1.904446e+01  9.795481e+00  1.489731e+02
   endloop
 endfacet
 facet normal -7.751761e-01  3.779901e-01 -5.061872e-01
   outer loop
     vertex  1.898005e+01  9.833944e+00  1.491005e+02
     vertex  1.904446e+01  9.795481e+00  1.489731e+02
     vertex  1.869836e+01  9.085721e+00  1.489731e+02
   endloop
 endfacet
 facet normal -6.084271e-01  2.966803e-01 -7.360688e-01
   outer loop
     vertex  1.898005e+01  9.833944e+00  1.491005e+02
     vertex  1.862840e+01  9.112781e+00  1.491005e+02
     vertex  1.852676e+01  9.152091e+00  1.492003e+02
   endloop
 endfacet
 facet normal -6.084271e-01  2.966803e-01 -7.360688e-01
   outer loop
     vertex  1.888648e+01  9.889819e+00  1.492003e+02
     vertex  1.898005e+01  9.833944e+00  1.491005e+02
     vertex  1.852676e+01  9.152091e+00  1.492003e+02
   endloop
 endfacet
 facet normal -5.497372e-01  3.949580e-01 -7.360688e-01
   outer loop
     vertex  1.888648e+01  9.889819e+00  1.492003e+02
     vertex  1.936538e+01  1.055638e+01  1.492003e+02
     vertex  1.944819e+01  1.048554e+01  1.491005e+02
   endloop
 endfacet
 facet normal -5.497372e-01  3.949580e-01 -7.360688e-01
   outer loop
     vertex  1.888648e+01  9.889819e+00  1.492003e+02
     vertex  1.944819e+01  1.048554e+01  1.491005e+02
     vertex  1.898005e+01  9.833944e+00  1.491005e+02
   endloop
 endfacet
 facet normal -3.880900e-01  1.892398e-01 -9.019836e-01
   outer loop
     vertex  1.877194e+01  9.958221e+00  1.492640e+02
     vertex  1.852676e+01  9.152091e+00  1.492003e+02
     vertex  1.840233e+01  9.200215e+00  1.492640e+02
   endloop
 endfacet
 facet normal -3.880900e-01  1.892398e-01 -9.019836e-01
   outer loop
     vertex  1.877194e+01  9.958221e+00  1.492640e+02
     vertex  1.888648e+01  9.889819e+00  1.492003e+02
     vertex  1.852676e+01  9.152091e+00  1.492003e+02
   endloop
 endfacet
 facet normal -3.506542e-01  2.519270e-01 -9.019836e-01
   outer loop
     vertex  1.877194e+01  9.958221e+00  1.492640e+02
     vertex  1.926400e+01  1.064311e+01  1.492640e+02
     vertex  1.936538e+01  1.055638e+01  1.492003e+02
   endloop
 endfacet
 facet normal -3.506542e-01  2.519270e-01 -9.019836e-01
   outer loop
     vertex  1.877194e+01  9.958221e+00  1.492640e+02
     vertex  1.936538e+01  1.055638e+01  1.492003e+02
     vertex  1.888648e+01  9.889819e+00  1.492003e+02
   endloop
 endfacet
 facet normal -1.333232e-01  6.501083e-02 -9.889381e-01
   outer loop
     vertex  1.877194e+01  9.958221e+00  1.492640e+02
     vertex  1.826598e+01  9.252947e+00  1.492858e+02
     vertex  1.864644e+01  1.003317e+01  1.492858e+02
   endloop
 endfacet
 facet normal -1.204626e-01  8.654619e-02 -9.889381e-01
   outer loop
     vertex  1.877194e+01  9.958221e+00  1.492640e+02
     vertex  1.864644e+01  1.003317e+01  1.492858e+02
     vertex  1.926400e+01  1.064311e+01  1.492640e+02
   endloop
 endfacet
 facet normal -1.333232e-01  6.501083e-02 -9.889381e-01
   outer loop
     vertex  1.877194e+01  9.958221e+00  1.492640e+02
     vertex  1.840233e+01  9.200215e+00  1.492640e+02
     vertex  1.826598e+01  9.252947e+00  1.492858e+02
   endloop
 endfacet
 facet normal  5.462169e-01 -4.088262e-01 -7.311007e-01
   outer loop
     vertex -3.193755e+01  1.109987e+01  1.490804e+02
     vertex -3.189266e+01  1.112388e+01  1.491005e+02
     vertex -3.181935e+01  1.104325e+01  1.492003e+02
   endloop
 endfacet
 facet normal  5.720099e-01 -6.443883e-01 -5.075120e-01
   outer loop
     vertex -3.193755e+01  1.109987e+01  1.490804e+02
     vertex -3.194312e+01  1.117939e+01  1.489731e+02
     vertex -3.189266e+01  1.112388e+01  1.491005e+02
   endloop
 endfacet
 facet normal  2.898260e-01 -3.183407e-01 -9.025852e-01
   outer loop
     vertex -3.184410e+01  1.097381e+01  1.492169e+02
     vertex -3.181935e+01  1.104325e+01  1.492003e+02
     vertex -3.172961e+01  1.094453e+01  1.492640e+02
   endloop
 endfacet
 facet normal  6.537788e-02 -1.401131e-01 -9.879747e-01
   outer loop
     vertex -3.169239e+01  1.083431e+01  1.492821e+02
     vertex -3.172961e+01  1.094453e+01  1.492640e+02
     vertex -3.163128e+01  1.083636e+01  1.492858e+02
   endloop
 endfacet
 facet normal  5.591625e-02  1.422158e-01 -9.882551e-01
   outer loop
     vertex -3.169239e+01  1.083431e+01  1.492821e+02
     vertex -3.163128e+01  1.083636e+01  1.492858e+02
     vertex -3.164806e+01  1.069114e+01  1.492640e+02
   endloop
 endfacet
 facet normal  6.362738e-01 -6.035183e-01 -4.805428e-01
   outer loop
     vertex -3.199810e+01  1.110687e+01  1.489914e+02
     vertex -3.194312e+01  1.117939e+01  1.489731e+02
     vertex -3.193755e+01  1.109987e+01  1.490804e+02
   endloop
 endfacet
 facet normal  5.206313e-01 -4.502163e-01 -7.254297e-01
   outer loop
     vertex -3.194033e+01  1.098493e+01  1.491497e+02
     vertex -3.193755e+01  1.109987e+01  1.490804e+02
     vertex -3.181935e+01  1.104325e+01  1.492003e+02
   endloop
 endfacet
 facet normal  5.038730e-01 -3.659771e-01 -7.824147e-01
   outer loop
     vertex -3.194033e+01  1.098493e+01  1.491497e+02
     vertex -3.181935e+01  1.104325e+01  1.492003e+02
     vertex -3.184410e+01  1.097381e+01  1.492169e+02
   endloop
 endfacet
 facet normal  2.320718e-01 -8.076286e-02 -9.693400e-01
   outer loop
     vertex -3.180902e+01  1.084779e+01  1.492530e+02
     vertex -3.172961e+01  1.094453e+01  1.492640e+02
     vertex -3.169239e+01  1.083431e+01  1.492821e+02
   endloop
 endfacet
 facet normal  3.368583e-01 -1.717091e-01 -9.257659e-01
   outer loop
     vertex -3.180902e+01  1.084779e+01  1.492530e+02
     vertex -3.184410e+01  1.097381e+01  1.492169e+02
     vertex -3.172961e+01  1.094453e+01  1.492640e+02
   endloop
 endfacet
 facet normal  7.031824e-01 -6.717834e-01 -2.328981e-01
   outer loop
     vertex -3.203565e+01  1.111121e+01  1.488904e+02
     vertex -3.196633e+01  1.120493e+01  1.488294e+02
     vertex -3.194312e+01  1.117939e+01  1.489731e+02
   endloop
 endfacet
 facet normal  7.667033e-01 -6.337835e-01 -1.023938e-01
   outer loop
     vertex -3.203565e+01  1.111121e+01  1.488904e+02
     vertex -3.205317e+01  1.109590e+01  1.488540e+02
     vertex -3.196633e+01  1.120493e+01  1.488294e+02
   endloop
 endfacet
 facet normal  7.238073e-01 -6.233215e-01 -2.959279e-01
   outer loop
     vertex -3.203565e+01  1.111121e+01  1.488904e+02
     vertex -3.194312e+01  1.117939e+01  1.489731e+02
     vertex -3.199810e+01  1.110687e+01  1.489914e+02
   endloop
 endfacet
 facet normal  7.211883e-01 -4.504456e-01 -5.262948e-01
   outer loop
     vertex -3.201772e+01  1.099388e+01  1.490612e+02
     vertex -3.199810e+01  1.110687e+01  1.489914e+02
     vertex -3.193755e+01  1.109987e+01  1.490804e+02
   endloop
 endfacet
 facet normal  6.714595e-01 -3.946179e-01 -6.272310e-01
   outer loop
     vertex -3.201772e+01  1.099388e+01  1.490612e+02
     vertex -3.193755e+01  1.109987e+01  1.490804e+02
     vertex -3.194033e+01  1.098493e+01  1.491497e+02
   endloop
 endfacet
 facet normal  4.534212e-01 -1.267828e-01 -8.822332e-01
   outer loop
     vertex -3.191531e+01  1.086007e+01  1.491966e+02
     vertex -3.184410e+01  1.097381e+01  1.492169e+02
     vertex -3.180902e+01  1.084779e+01  1.492530e+02
   endloop
 endfacet
 facet normal  5.458244e-01 -1.967069e-01 -8.144828e-01
   outer loop
     vertex -3.191531e+01  1.086007e+01  1.491966e+02
     vertex -3.194033e+01  1.098493e+01  1.491497e+02
     vertex -3.184410e+01  1.097381e+01  1.492169e+02
   endloop
 endfacet
 facet normal  1.236510e-01  1.620192e-01 -9.790098e-01
   outer loop
     vertex -3.176137e+01  1.072086e+01  1.492546e+02
     vertex -3.169239e+01  1.083431e+01  1.492821e+02
     vertex -3.164806e+01  1.069114e+01  1.492640e+02
   endloop
 endfacet
 facet normal  2.497542e-01  8.191267e-02 -9.648384e-01
   outer loop
     vertex -3.176137e+01  1.072086e+01  1.492546e+02
     vertex -3.180902e+01  1.084779e+01  1.492530e+02
     vertex -3.169239e+01  1.083431e+01  1.492821e+02
   endloop
 endfacet
 facet normal  8.944630e-01 -3.959927e-01 -2.076672e-01
   outer loop
     vertex -3.207174e+01  1.100012e+01  1.489566e+02
     vertex -3.210621e+01  1.096608e+01  1.488730e+02
     vertex -3.205317e+01  1.109590e+01  1.488540e+02
   endloop
 endfacet
 facet normal  8.244135e-01 -4.623773e-01 -3.264194e-01
   outer loop
     vertex -3.207174e+01  1.100012e+01  1.489566e+02
     vertex -3.203565e+01  1.111121e+01  1.488904e+02
     vertex -3.199810e+01  1.110687e+01  1.489914e+02
   endloop
 endfacet
 facet normal  8.720891e-01 -4.264063e-01 -2.400799e-01
   outer loop
     vertex -3.207174e+01  1.100012e+01  1.489566e+02
     vertex -3.205317e+01  1.109590e+01  1.488540e+02
     vertex -3.203565e+01  1.111121e+01  1.488904e+02
   endloop
 endfacet
 facet normal  8.003873e-01 -4.095206e-01 -4.378049e-01
   outer loop
     vertex -3.207174e+01  1.100012e+01  1.489566e+02
     vertex -3.199810e+01  1.110687e+01  1.489914e+02
     vertex -3.201772e+01  1.099388e+01  1.490612e+02
   endloop
 endfacet
 facet normal  7.237131e-01 -2.172690e-01 -6.550065e-01
   outer loop
     vertex -3.200503e+01  1.087045e+01  1.491162e+02
     vertex -3.201772e+01  1.099388e+01  1.490612e+02
     vertex -3.194033e+01  1.098493e+01  1.491497e+02
   endloop
 endfacet
 facet normal  6.503749e-01 -1.495485e-01 -7.447467e-01
   outer loop
     vertex -3.200503e+01  1.087045e+01  1.491162e+02
     vertex -3.194033e+01  1.098493e+01  1.491497e+02
     vertex -3.191531e+01  1.086007e+01  1.491966e+02
   endloop
 endfacet
 facet normal  4.729934e-01  5.610860e-02 -8.792776e-01
   outer loop
     vertex -3.186983e+01  1.073340e+01  1.492130e+02
     vertex -3.191531e+01  1.086007e+01  1.491966e+02
     vertex -3.180902e+01  1.084779e+01  1.492530e+02
   endloop
 endfacet
 facet normal  3.677379e-01  1.267403e-01 -9.212523e-01
   outer loop
     vertex -3.186983e+01  1.073340e+01  1.492130e+02
     vertex -3.180902e+01  1.084779e+01  1.492530e+02
     vertex -3.176137e+01  1.072086e+01  1.492546e+02
   endloop
 endfacet
 facet normal  1.846520e-02  4.310329e-01 -9.021473e-01
   outer loop
     vertex -3.171167e+01  1.060144e+01  1.492198e+02
     vertex -3.164806e+01  1.069114e+01  1.492640e+02
     vertex -3.166338e+01  1.055861e+01  1.492003e+02
   endloop
 endfacet
 facet normal  1.655857e-01  3.385766e-01 -9.262544e-01
   outer loop
     vertex -3.171167e+01  1.060144e+01  1.492198e+02
     vertex -3.176137e+01  1.072086e+01  1.492546e+02
     vertex -3.164806e+01  1.069114e+01  1.492640e+02
   endloop
 endfacet
 facet normal  9.463377e-01 -1.268116e-01 -2.972604e-01
   outer loop
     vertex -3.207294e+01  1.087830e+01  1.490164e+02
     vertex -3.212120e+01  1.082587e+01  1.488851e+02
     vertex -3.210621e+01  1.096608e+01  1.488730e+02
   endloop
 endfacet
 facet normal  9.336571e-01 -1.651759e-01 -3.178072e-01
   outer loop
     vertex -3.207294e+01  1.087830e+01  1.490164e+02
     vertex -3.210621e+01  1.096608e+01  1.488730e+02
     vertex -3.207174e+01  1.100012e+01  1.489566e+02
   endloop
 endfacet
 facet normal  8.583501e-01 -2.328316e-01 -4.571920e-01
   outer loop
     vertex -3.207294e+01  1.087830e+01  1.490164e+02
     vertex -3.207174e+01  1.100012e+01  1.489566e+02
     vertex -3.201772e+01  1.099388e+01  1.490612e+02
   endloop
 endfacet
 facet normal  8.087650e-01 -1.678567e-01 -5.636695e-01
   outer loop
     vertex -3.207294e+01  1.087830e+01  1.490164e+02
     vertex -3.201772e+01  1.099388e+01  1.490612e+02
     vertex -3.200503e+01  1.087045e+01  1.491162e+02
   endloop
 endfacet
 facet normal  6.692873e-01  3.341910e-02 -7.422517e-01
   outer loop
     vertex -3.196520e+01  1.074442e+01  1.491464e+02
     vertex -3.200503e+01  1.087045e+01  1.491162e+02
     vertex -3.191531e+01  1.086007e+01  1.491966e+02
   endloop
 endfacet
 facet normal  5.773212e-01  1.025147e-01 -8.100562e-01
   outer loop
     vertex -3.196520e+01  1.074442e+01  1.491464e+02
     vertex -3.191531e+01  1.086007e+01  1.491966e+02
     vertex -3.186983e+01  1.073340e+01  1.492130e+02
   endloop
 endfacet
 facet normal  3.713023e-01  3.090527e-01 -8.755690e-01
   outer loop
     vertex -3.181367e+01  1.061323e+01  1.491944e+02
     vertex -3.186983e+01  1.073340e+01  1.492130e+02
     vertex -3.176137e+01  1.072086e+01  1.492546e+02
   endloop
 endfacet
 facet normal  2.645510e-01  3.694415e-01 -8.908006e-01
   outer loop
     vertex -3.181367e+01  1.061323e+01  1.491944e+02
     vertex -3.176137e+01  1.072086e+01  1.492546e+02
     vertex -3.171167e+01  1.060144e+01  1.492198e+02
   endloop
 endfacet
 facet normal  8.271468e-01  1.517222e-02 -5.617811e-01
   outer loop
     vertex -3.204189e+01  1.075328e+01  1.490588e+02
     vertex -3.207294e+01  1.087830e+01  1.490164e+02
     vertex -3.200503e+01  1.087045e+01  1.491162e+02
   endloop
 endfacet
 facet normal  7.542431e-01  8.206441e-02 -6.514467e-01
   outer loop
     vertex -3.204189e+01  1.075328e+01  1.490588e+02
     vertex -3.200503e+01  1.087045e+01  1.491162e+02
     vertex -3.196520e+01  1.074442e+01  1.491464e+02
   endloop
 endfacet
 facet normal  5.704927e-01  2.860284e-01 -7.698869e-01
   outer loop
     vertex -3.190662e+01  1.062397e+01  1.491451e+02
     vertex -3.196520e+01  1.074442e+01  1.491464e+02
     vertex -3.186983e+01  1.073340e+01  1.492130e+02
   endloop
 endfacet
 facet normal  4.706596e-01  3.456175e-01 -8.118054e-01
   outer loop
     vertex -3.190662e+01  1.062397e+01  1.491451e+02
     vertex -3.186983e+01  1.073340e+01  1.492130e+02
     vertex -3.181367e+01  1.061323e+01  1.491944e+02
   endloop
 endfacet
 facet normal  1.048740e-01  6.677087e-01 -7.369983e-01
   outer loop
     vertex -3.175766e+01  1.050758e+01  1.491407e+02
     vertex -3.166338e+01  1.055861e+01  1.492003e+02
     vertex -3.167590e+01  1.045036e+01  1.491005e+02
   endloop
 endfacet
 facet normal  2.614445e-01  5.440284e-01 -7.972953e-01
   outer loop
     vertex -3.175766e+01  1.050758e+01  1.491407e+02
     vertex -3.181367e+01  1.061323e+01  1.491944e+02
     vertex -3.171167e+01  1.060144e+01  1.492198e+02
   endloop
 endfacet
 facet normal  1.907559e-01  5.763890e-01 -7.945992e-01
   outer loop
     vertex -3.175766e+01  1.050758e+01  1.491407e+02
     vertex -3.171167e+01  1.060144e+01  1.492198e+02
     vertex -3.166338e+01  1.055861e+01  1.492003e+02
   endloop
 endfacet
 facet normal  9.658728e-01  1.621679e-01 -2.019688e-01
   outer loop
     vertex -3.209543e+01  1.075947e+01  1.489551e+02
     vertex -3.209693e+01  1.068650e+01  1.488893e+02
     vertex -3.212120e+01  1.082587e+01  1.488851e+02
   endloop
 endfacet
 facet normal  9.385091e-01  5.749181e-04 -3.452540e-01
   outer loop
     vertex -3.209543e+01  1.075947e+01  1.489551e+02
     vertex -3.212120e+01  1.082587e+01  1.488851e+02
     vertex -3.207294e+01  1.087830e+01  1.490164e+02
   endloop
 endfacet
 facet normal  8.881484e-01  6.658638e-02 -4.547073e-01
   outer loop
     vertex -3.209543e+01  1.075947e+01  1.489551e+02
     vertex -3.207294e+01  1.087830e+01  1.490164e+02
     vertex -3.204189e+01  1.075328e+01  1.490588e+02
   endloop
 endfacet
 facet normal  7.386414e-01  2.665922e-01 -6.191426e-01
   outer loop
     vertex -3.198509e+01  1.063304e+01  1.490747e+02
     vertex -3.204189e+01  1.075328e+01  1.490588e+02
     vertex -3.196520e+01  1.074442e+01  1.491464e+02
   endloop
 endfacet
 facet normal  6.518908e-01  3.246691e-01 -6.852944e-01
   outer loop
     vertex -3.198509e+01  1.063304e+01  1.490747e+02
     vertex -3.196520e+01  1.074442e+01  1.491464e+02
     vertex -3.190662e+01  1.062397e+01  1.491451e+02
   endloop
 endfacet
 facet normal  4.459184e-01  5.227052e-01 -7.265920e-01
   outer loop
     vertex -3.183977e+01  1.051707e+01  1.491092e+02
     vertex -3.190662e+01  1.062397e+01  1.491451e+02
     vertex -3.181367e+01  1.061323e+01  1.491944e+02
   endloop
 endfacet
 facet normal  3.513288e-01  5.656339e-01 -7.460740e-01
   outer loop
     vertex -3.183977e+01  1.051707e+01  1.491092e+02
     vertex -3.181367e+01  1.061323e+01  1.491944e+02
     vertex -3.175766e+01  1.050758e+01  1.491407e+02
   endloop
 endfacet
 facet normal -2.176025e-02  8.635326e-01 -5.038234e-01
   outer loop
     vertex -3.171215e+01  1.042352e+01  1.490561e+02
     vertex -3.167590e+01  1.045036e+01  1.491005e+02
     vertex -3.168451e+01  1.037583e+01  1.489731e+02
   endloop
 endfacet
 facet normal  2.151247e-01  7.483082e-01 -6.275000e-01
   outer loop
     vertex -3.171215e+01  1.042352e+01  1.490561e+02
     vertex -3.175766e+01  1.050758e+01  1.491407e+02
     vertex -3.167590e+01  1.045036e+01  1.491005e+02
   endloop
 endfacet
 facet normal  8.660146e-01  4.271495e-01 -2.599271e-01
   outer loop
     vertex -3.204448e+01  1.063991e+01  1.489875e+02
     vertex -3.203536e+01  1.055913e+01  1.488851e+02
     vertex -3.209693e+01  1.068650e+01  1.488893e+02
   endloop
 endfacet
 facet normal  7.976368e-01  3.078224e-01 -5.186723e-01
   outer loop
     vertex -3.204448e+01  1.063991e+01  1.489875e+02
     vertex -3.204189e+01  1.075328e+01  1.490588e+02
     vertex -3.198509e+01  1.063304e+01  1.490747e+02
   endloop
 endfacet
 facet normal  8.946476e-01  2.888705e-01 -3.408218e-01
   outer loop
     vertex -3.204448e+01  1.063991e+01  1.489875e+02
     vertex -3.209693e+01  1.068650e+01  1.488893e+02
     vertex -3.209543e+01  1.075947e+01  1.489551e+02
   endloop
 endfacet
 facet normal  8.659065e-01  2.518817e-01 -4.321591e-01
   outer loop
     vertex -3.204448e+01  1.063991e+01  1.489875e+02
     vertex -3.209543e+01  1.075947e+01  1.489551e+02
     vertex -3.204189e+01  1.075328e+01  1.490588e+02
   endloop
 endfacet
 facet normal  5.210593e-01  5.460148e-01 -6.560221e-01
   outer loop
     vertex -3.191196e+01  1.052541e+01  1.490588e+02
     vertex -3.190662e+01  1.062397e+01  1.491451e+02
     vertex -3.183977e+01  1.051707e+01  1.491092e+02
   endloop
 endfacet
 facet normal  6.081262e-01  5.039557e-01 -6.133606e-01
   outer loop
     vertex -3.191196e+01  1.052541e+01  1.490588e+02
     vertex -3.198509e+01  1.063304e+01  1.490747e+02
     vertex -3.190662e+01  1.062397e+01  1.491451e+02
   endloop
 endfacet
 facet normal  2.401306e-01  7.502603e-01 -6.159926e-01
   outer loop
     vertex -3.177566e+01  1.043086e+01  1.490402e+02
     vertex -3.175766e+01  1.050758e+01  1.491407e+02
     vertex -3.171215e+01  1.042352e+01  1.490561e+02
   endloop
 endfacet
 facet normal  3.179145e-01  7.251787e-01 -6.107750e-01
   outer loop
     vertex -3.177566e+01  1.043086e+01  1.490402e+02
     vertex -3.183977e+01  1.051707e+01  1.491092e+02
     vertex -3.175766e+01  1.050758e+01  1.491407e+02
   endloop
 endfacet
 facet normal  7.385735e-01  4.888774e-01 -4.642285e-01
   outer loop
     vertex -3.197002e+01  1.053212e+01  1.489924e+02
     vertex -3.204448e+01  1.063991e+01  1.489875e+02
     vertex -3.198509e+01  1.063304e+01  1.490747e+02
   endloop
 endfacet
 facet normal  6.643392e-01  5.294532e-01 -5.275725e-01
   outer loop
     vertex -3.197002e+01  1.053212e+01  1.489924e+02
     vertex -3.198509e+01  1.063304e+01  1.490747e+02
     vertex -3.191196e+01  1.052541e+01  1.490588e+02
   endloop
 endfacet
 facet normal  3.826557e-01  7.337859e-01 -5.613670e-01
   outer loop
     vertex -3.183354e+01  1.043755e+01  1.490095e+02
     vertex -3.183977e+01  1.051707e+01  1.491092e+02
     vertex -3.177566e+01  1.043086e+01  1.490402e+02
   endloop
 endfacet
 facet normal  4.568648e-01  7.091176e-01 -5.370539e-01
   outer loop
     vertex -3.183354e+01  1.043755e+01  1.490095e+02
     vertex -3.191196e+01  1.052541e+01  1.490588e+02
     vertex -3.183977e+01  1.051707e+01  1.491092e+02
   endloop
 endfacet
 facet normal  5.860534e-02  9.706818e-01 -2.331143e-01
   outer loop
     vertex -3.172439e+01  1.037120e+01  1.489438e+02
     vertex -3.168451e+01  1.037583e+01  1.489731e+02
     vertex -3.168847e+01  1.034156e+01  1.488294e+02
   endloop
 endfacet
 facet normal  2.089501e-01  8.774547e-01 -4.317558e-01
   outer loop
     vertex -3.172439e+01  1.037120e+01  1.489438e+02
     vertex -3.177566e+01  1.043086e+01  1.490402e+02
     vertex -3.171215e+01  1.042352e+01  1.490561e+02
   endloop
 endfacet
 facet normal  2.157405e-01  8.758204e-01 -4.317344e-01
   outer loop
     vertex -3.172439e+01  1.037120e+01  1.489438e+02
     vertex -3.171215e+01  1.042352e+01  1.490561e+02
     vertex -3.168451e+01  1.037583e+01  1.489731e+02
   endloop
 endfacet
 facet normal  7.727820e-01  5.169184e-01 -3.682436e-01
   outer loop
     vertex -3.201055e+01  1.053681e+01  1.489140e+02
     vertex -3.204448e+01  1.063991e+01  1.489875e+02
     vertex -3.197002e+01  1.053212e+01  1.489924e+02
   endloop
 endfacet
 facet normal  7.343266e-01  6.692030e-01 -1.137179e-01
   outer loop
     vertex -3.201055e+01  1.053681e+01  1.489140e+02
     vertex -3.194140e+01  1.045398e+01  1.488730e+02
     vertex -3.203536e+01  1.055913e+01  1.488851e+02
   endloop
 endfacet
 facet normal  8.107949e-01  4.924527e-01 -3.163890e-01
   outer loop
     vertex -3.201055e+01  1.053681e+01  1.489140e+02
     vertex -3.203536e+01  1.055913e+01  1.488851e+02
     vertex -3.204448e+01  1.063991e+01  1.489875e+02
   endloop
 endfacet
 facet normal  5.741611e-01  6.955594e-01 -4.318984e-01
   outer loop
     vertex -3.188239e+01  1.044320e+01  1.489657e+02
     vertex -3.197002e+01  1.053212e+01  1.489924e+02
     vertex -3.191196e+01  1.052541e+01  1.490588e+02
   endloop
 endfacet
 facet normal  5.079778e-01  7.193000e-01 -4.738841e-01
   outer loop
     vertex -3.188239e+01  1.044320e+01  1.489657e+02
     vertex -3.191196e+01  1.052541e+01  1.490588e+02
     vertex -3.183354e+01  1.043755e+01  1.490095e+02
   endloop
 endfacet
 facet normal  3.088474e-01  8.659077e-01 -3.934682e-01
   outer loop
     vertex -3.176094e+01  1.037542e+01  1.489298e+02
     vertex -3.183354e+01  1.043755e+01  1.490095e+02
     vertex -3.177566e+01  1.043086e+01  1.490402e+02
   endloop
 endfacet
 facet normal  2.569666e-01  8.770202e-01 -4.059604e-01
   outer loop
     vertex -3.176094e+01  1.037542e+01  1.489298e+02
     vertex -3.177566e+01  1.043086e+01  1.490402e+02
     vertex -3.172439e+01  1.037120e+01  1.489438e+02
   endloop
 endfacet
 facet normal  1.848885e-01  9.638807e-01 -1.917034e-01
   outer loop
     vertex -3.176094e+01  1.037542e+01  1.489298e+02
     vertex -3.172439e+01  1.037120e+01  1.489438e+02
     vertex -3.168847e+01  1.034156e+01  1.488294e+02
   endloop
 endfacet
 facet normal  5.083123e-01  8.483485e-01 -1.480654e-01
   outer loop
     vertex -3.191937e+01  1.044747e+01  1.489114e+02
     vertex -3.182260e+01  1.037946e+01  1.488540e+02
     vertex -3.194140e+01  1.045398e+01  1.488730e+02
   endloop
 endfacet
 facet normal  6.629381e-01  6.852977e-01 -3.014634e-01
   outer loop
     vertex -3.191937e+01  1.044747e+01  1.489114e+02
     vertex -3.201055e+01  1.053681e+01  1.489140e+02
     vertex -3.197002e+01  1.053212e+01  1.489924e+02
   endloop
 endfacet
 facet normal  6.704388e-01  6.919784e-01 -2.677268e-01
   outer loop
     vertex -3.191937e+01  1.044747e+01  1.489114e+02
     vertex -3.194140e+01  1.045398e+01  1.488730e+02
     vertex -3.201055e+01  1.053681e+01  1.489140e+02
   endloop
 endfacet
 facet normal  6.087618e-01  7.076504e-01 -3.586642e-01
   outer loop
     vertex -3.191937e+01  1.044747e+01  1.489114e+02
     vertex -3.197002e+01  1.053212e+01  1.489924e+02
     vertex -3.188239e+01  1.044320e+01  1.489657e+02
   endloop
 endfacet
 facet normal  2.473647e-01  9.600405e-01 -1.308928e-01
   outer loop
     vertex -3.179308e+01  1.037914e+01  1.489073e+02
     vertex -3.168847e+01  1.034156e+01  1.488294e+02
     vertex -3.182260e+01  1.037946e+01  1.488540e+02
   endloop
 endfacet
 facet normal  3.966871e-01  8.557543e-01 -3.321504e-01
   outer loop
     vertex -3.179308e+01  1.037914e+01  1.489073e+02
     vertex -3.188239e+01  1.044320e+01  1.489657e+02
     vertex -3.183354e+01  1.043755e+01  1.490095e+02
   endloop
 endfacet
 facet normal  3.493218e-01  8.663449e-01 -3.569606e-01
   outer loop
     vertex -3.179308e+01  1.037914e+01  1.489073e+02
     vertex -3.183354e+01  1.043755e+01  1.490095e+02
     vertex -3.176094e+01  1.037542e+01  1.489298e+02
   endloop
 endfacet
 facet normal  2.243229e-01  9.609156e-01 -1.622360e-01
   outer loop
     vertex -3.179308e+01  1.037914e+01  1.489073e+02
     vertex -3.176094e+01  1.037542e+01  1.489298e+02
     vertex -3.168847e+01  1.034156e+01  1.488294e+02
   endloop
 endfacet
 facet normal  4.272845e-01  8.573332e-01 -2.870675e-01
   outer loop
     vertex -3.181892e+01  1.038212e+01  1.488778e+02
     vertex -3.188239e+01  1.044320e+01  1.489657e+02
     vertex -3.179308e+01  1.037914e+01  1.489073e+02
   endloop
 endfacet
 facet normal  4.673276e-01  8.475890e-01 -2.513916e-01
   outer loop
     vertex -3.181892e+01  1.038212e+01  1.488778e+02
     vertex -3.191937e+01  1.044747e+01  1.489114e+02
     vertex -3.188239e+01  1.044320e+01  1.489657e+02
   endloop
 endfacet
 facet normal  4.962893e-01  8.510464e-01 -1.715138e-01
   outer loop
     vertex -3.181892e+01  1.038212e+01  1.488778e+02
     vertex -3.182260e+01  1.037946e+01  1.488540e+02
     vertex -3.191937e+01  1.044747e+01  1.489114e+02
   endloop
 endfacet
 facet normal  2.799389e-01  9.483882e-01 -1.489764e-01
   outer loop
     vertex -3.181892e+01  1.038212e+01  1.488778e+02
     vertex -3.179308e+01  1.037914e+01  1.489073e+02
     vertex -3.182260e+01  1.037946e+01  1.488540e+02
   endloop
 endfacet
 facet normal -4.902345e-01 -8.698343e-01 -5.530362e-02
   outer loop
     vertex  1.942701e+01  1.114545e+01  1.488805e+02
     vertex  1.933374e+01  1.120005e+01  1.488486e+02
     vertex  1.944526e+01  1.113624e+01  1.488636e+02
   endloop
 endfacet
 facet normal -4.741476e-01 -8.736864e-01 -1.088855e-01
   outer loop
     vertex  1.942701e+01  1.114545e+01  1.488805e+02
     vertex  1.933520e+01  1.119803e+01  1.488584e+02
     vertex  1.933374e+01  1.120005e+01  1.488486e+02
   endloop
 endfacet
 facet normal -2.393515e-01 -9.645491e-01 -1.111573e-01
   outer loop
     vertex  1.931494e+01  1.120037e+01  1.488862e+02
     vertex  1.921011e+01  1.123294e+01  1.488294e+02
     vertex  1.933374e+01  1.120005e+01  1.488486e+02
   endloop
 endfacet
 facet normal -3.103078e-01 -9.392330e-01 -1.468004e-01
   outer loop
     vertex  1.931494e+01  1.120037e+01  1.488862e+02
     vertex  1.933374e+01  1.120005e+01  1.488486e+02
     vertex  1.933520e+01  1.119803e+01  1.488584e+02
   endloop
 endfacet
 facet normal -6.813938e-01 -6.580414e-01  3.204435e-01
   outer loop
     vertex  1.951180e+01  1.107404e+01  1.488773e+02
     vertex  1.944526e+01  1.113624e+01  1.488636e+02
     vertex  1.953721e+01  1.104579e+01  1.488734e+02
   endloop
 endfacet
 facet normal -4.188216e-01 -8.782236e-01 -2.308934e-01
   outer loop
     vertex  1.939900e+01  1.114869e+01  1.489304e+02
     vertex  1.931494e+01  1.120037e+01  1.488862e+02
     vertex  1.933520e+01  1.119803e+01  1.488584e+02
   endloop
 endfacet
 facet normal -4.510808e-01 -8.704743e-01 -1.969787e-01
   outer loop
     vertex  1.939900e+01  1.114869e+01  1.489304e+02
     vertex  1.933520e+01  1.119803e+01  1.488584e+02
     vertex  1.942701e+01  1.114545e+01  1.488805e+02
   endloop
 endfacet
 facet normal -2.266189e-01 -9.646257e-01 -1.346892e-01
   outer loop
     vertex  1.928882e+01  1.120339e+01  1.489086e+02
     vertex  1.921011e+01  1.123294e+01  1.488294e+02
     vertex  1.931494e+01  1.120037e+01  1.488862e+02
   endloop
 endfacet
 facet normal -7.334437e-01 -6.211947e-01 -2.760026e-01
   outer loop
     vertex  1.948201e+01  1.107748e+01  1.489487e+02
     vertex  1.951180e+01  1.107404e+01  1.488773e+02
     vertex  1.953721e+01  1.104579e+01  1.488734e+02
   endloop
 endfacet
 facet normal -5.881363e-01 -7.582648e-01 -2.813010e-01
   outer loop
     vertex  1.948201e+01  1.107748e+01  1.489487e+02
     vertex  1.939900e+01  1.114869e+01  1.489304e+02
     vertex  1.942701e+01  1.114545e+01  1.488805e+02
   endloop
 endfacet
 facet normal -6.385541e-01 -7.340974e-01 -2.309756e-01
   outer loop
     vertex  1.948201e+01  1.107748e+01  1.489487e+02
     vertex  1.944526e+01  1.113624e+01  1.488636e+02
     vertex  1.951180e+01  1.107404e+01  1.488773e+02
   endloop
 endfacet
 facet normal -6.123947e-01 -7.491042e-01 -2.526176e-01
   outer loop
     vertex  1.948201e+01  1.107748e+01  1.489487e+02
     vertex  1.942701e+01  1.114545e+01  1.488805e+02
     vertex  1.944526e+01  1.113624e+01  1.488636e+02
   endloop
 endfacet
 facet normal -3.961092e-01 -8.768284e-01 -2.725242e-01
   outer loop
     vertex  1.936024e+01  1.115317e+01  1.489723e+02
     vertex  1.931494e+01  1.120037e+01  1.488862e+02
     vertex  1.939900e+01  1.114869e+01  1.489304e+02
   endloop
 endfacet
 facet normal -3.569136e-01 -8.853795e-01 -2.978520e-01
   outer loop
     vertex  1.936024e+01  1.115317e+01  1.489723e+02
     vertex  1.928882e+01  1.120339e+01  1.489086e+02
     vertex  1.931494e+01  1.120037e+01  1.488862e+02
   endloop
 endfacet
 facet normal -1.962380e-01 -9.664739e-01 -1.655862e-01
   outer loop
     vertex  1.925825e+01  1.120693e+01  1.489242e+02
     vertex  1.921011e+01  1.123294e+01  1.488294e+02
     vertex  1.928882e+01  1.120339e+01  1.489086e+02
   endloop
 endfacet
 facet normal -8.408043e-01 -5.080951e-01 -1.867819e-01
   outer loop
     vertex  1.955548e+01  1.099049e+01  1.489416e+02
     vertex  1.953721e+01  1.104579e+01  1.488734e+02
     vertex  1.960345e+01  1.093474e+01  1.488773e+02
   endloop
 endfacet
 facet normal -7.427295e-01 -6.033949e-01 -2.902887e-01
   outer loop
     vertex  1.955548e+01  1.099049e+01  1.489416e+02
     vertex  1.948201e+01  1.107748e+01  1.489487e+02
     vertex  1.953721e+01  1.104579e+01  1.488734e+02
   endloop
 endfacet
 facet normal -5.647771e-01 -7.482657e-01 -3.480306e-01
   outer loop
     vertex  1.943654e+01  1.108274e+01  1.490112e+02
     vertex  1.939900e+01  1.114869e+01  1.489304e+02
     vertex  1.948201e+01  1.107748e+01  1.489487e+02
   endloop
 endfacet
 facet normal -5.096325e-01 -7.673390e-01 -3.891858e-01
   outer loop
     vertex  1.943654e+01  1.108274e+01  1.490112e+02
     vertex  1.936024e+01  1.115317e+01  1.489723e+02
     vertex  1.939900e+01  1.114869e+01  1.489304e+02
   endloop
 endfacet
 facet normal -3.251959e-01 -8.850252e-01 -3.331335e-01
   outer loop
     vertex  1.931287e+01  1.115865e+01  1.490040e+02
     vertex  1.928882e+01  1.120339e+01  1.489086e+02
     vertex  1.936024e+01  1.115317e+01  1.489723e+02
   endloop
 endfacet
 facet normal -2.812372e-01 -8.941269e-01 -3.484864e-01
   outer loop
     vertex  1.931287e+01  1.115865e+01  1.490040e+02
     vertex  1.925825e+01  1.120693e+01  1.489242e+02
     vertex  1.928882e+01  1.120339e+01  1.489086e+02
   endloop
 endfacet
 facet normal  1.289603e-01 -9.653934e-01 -2.266824e-01
   outer loop
     vertex  1.922491e+01  1.121078e+01  1.489322e+02
     vertex  1.920615e+01  1.119866e+01  1.489731e+02
     vertex  1.921011e+01  1.123294e+01  1.488294e+02
   endloop
 endfacet
 facet normal -1.569727e-01 -9.698419e-01 -1.864571e-01
   outer loop
     vertex  1.922491e+01  1.121078e+01  1.489322e+02
     vertex  1.921011e+01  1.123294e+01  1.488294e+02
     vertex  1.925825e+01  1.120693e+01  1.489242e+02
   endloop
 endfacet
 facet normal -9.545888e-01 -2.752541e-01 -1.139972e-01
   outer loop
     vertex  1.961160e+01  1.089213e+01  1.489119e+02
     vertex  1.960345e+01  1.093474e+01  1.488773e+02
     vertex  1.963952e+01  1.081054e+01  1.488751e+02
   endloop
 endfacet
 facet normal -7.246799e-01 -5.816299e-01 -3.695211e-01
   outer loop
     vertex  1.950940e+01  1.099582e+01  1.490236e+02
     vertex  1.948201e+01  1.107748e+01  1.489487e+02
     vertex  1.955548e+01  1.099049e+01  1.489416e+02
   endloop
 endfacet
 facet normal -6.612004e-01 -6.151743e-01 -4.293886e-01
   outer loop
     vertex  1.950940e+01  1.099582e+01  1.490236e+02
     vertex  1.943654e+01  1.108274e+01  1.490112e+02
     vertex  1.948201e+01  1.107748e+01  1.489487e+02
   endloop
 endfacet
 facet normal -4.714618e-01 -7.590519e-01 -4.489587e-01
   outer loop
     vertex  1.937789e+01  1.108952e+01  1.490614e+02
     vertex  1.936024e+01  1.115317e+01  1.489723e+02
     vertex  1.943654e+01  1.108274e+01  1.490112e+02
   endloop
 endfacet
 facet normal -4.083628e-01 -7.790447e-01 -4.757407e-01
   outer loop
     vertex  1.937789e+01  1.108952e+01  1.490614e+02
     vertex  1.931287e+01  1.115865e+01  1.490040e+02
     vertex  1.936024e+01  1.115317e+01  1.489723e+02
   endloop
 endfacet
 facet normal -6.434230e-02 -8.594046e-01 -5.072316e-01
   outer loop
     vertex  1.925948e+01  1.116482e+01  1.490237e+02
     vertex  1.919753e+01  1.112414e+01  1.491005e+02
     vertex  1.920615e+01  1.119866e+01  1.489731e+02
   endloop
 endfacet
 facet normal -2.422275e-01 -8.946155e-01 -3.754849e-01
   outer loop
     vertex  1.925948e+01  1.116482e+01  1.490237e+02
     vertex  1.925825e+01  1.120693e+01  1.489242e+02
     vertex  1.931287e+01  1.115865e+01  1.490040e+02
   endloop
 endfacet
 facet normal -2.225381e-01 -9.023348e-01 -3.691459e-01
   outer loop
     vertex  1.925948e+01  1.116482e+01  1.490237e+02
     vertex  1.920615e+01  1.119866e+01  1.489731e+02
     vertex  1.922491e+01  1.121078e+01  1.489322e+02
   endloop
 endfacet
 facet normal -1.959400e-01 -9.039863e-01 -3.800213e-01
   outer loop
     vertex  1.925948e+01  1.116482e+01  1.490237e+02
     vertex  1.922491e+01  1.121078e+01  1.489322e+02
     vertex  1.925825e+01  1.120693e+01  1.489242e+02
   endloop
 endfacet
 facet normal -8.687739e-01 -3.762329e-01 -3.219948e-01
   outer loop
     vertex  1.957057e+01  1.089687e+01  1.490103e+02
     vertex  1.955548e+01  1.099049e+01  1.489416e+02
     vertex  1.960345e+01  1.093474e+01  1.488773e+02
   endloop
 endfacet
 facet normal -8.408881e-01 -4.288869e-01 -3.300957e-01
   outer loop
     vertex  1.957057e+01  1.089687e+01  1.490103e+02
     vertex  1.960345e+01  1.093474e+01  1.488773e+02
     vertex  1.961160e+01  1.089213e+01  1.489119e+02
   endloop
 endfacet
 facet normal -7.963584e-01 -4.359151e-01 -4.192748e-01
   outer loop
     vertex  1.957057e+01  1.089687e+01  1.490103e+02
     vertex  1.950940e+01  1.099582e+01  1.490236e+02
     vertex  1.955548e+01  1.099049e+01  1.489416e+02
   endloop
 endfacet
 facet normal -6.215561e-01 -5.935499e-01 -5.112402e-01
   outer loop
     vertex  1.944566e+01  1.100318e+01  1.490925e+02
     vertex  1.943654e+01  1.108274e+01  1.490112e+02
     vertex  1.950940e+01  1.099582e+01  1.490236e+02
   endloop
 endfacet
 facet normal -5.460711e-01 -6.284821e-01 -5.539103e-01
   outer loop
     vertex  1.944566e+01  1.100318e+01  1.490925e+02
     vertex  1.937789e+01  1.108952e+01  1.490614e+02
     vertex  1.943654e+01  1.108274e+01  1.490112e+02
   endloop
 endfacet
 facet normal -3.573932e-01 -7.722371e-01 -5.252809e-01
   outer loop
     vertex  1.930926e+01  1.109745e+01  1.490964e+02
     vertex  1.931287e+01  1.115865e+01  1.490040e+02
     vertex  1.937789e+01  1.108952e+01  1.490614e+02
   endloop
 endfacet
 facet normal -2.898774e-01 -7.927403e-01 -5.362218e-01
   outer loop
     vertex  1.930926e+01  1.109745e+01  1.490964e+02
     vertex  1.925948e+01  1.116482e+01  1.490237e+02
     vertex  1.931287e+01  1.115865e+01  1.490040e+02
   endloop
 endfacet
 facet normal -9.653178e-01 -9.705189e-03 -2.608971e-01
   outer loop
     vertex  1.961270e+01  1.079086e+01  1.489751e+02
     vertex  1.963952e+01  1.081054e+01  1.488751e+02
     vertex  1.964303e+01  1.068148e+01  1.488669e+02
   endloop
 endfacet
 facet normal -9.540524e-01  3.021732e-02 -2.981124e-01
   outer loop
     vertex  1.961270e+01  1.079086e+01  1.489751e+02
     vertex  1.964303e+01  1.068148e+01  1.488669e+02
     vertex  1.960134e+01  1.068630e+01  1.490008e+02
   endloop
 endfacet
 facet normal -9.380987e-01 -1.906310e-01 -2.891898e-01
   outer loop
     vertex  1.961270e+01  1.079086e+01  1.489751e+02
     vertex  1.961160e+01  1.089213e+01  1.489119e+02
     vertex  1.963952e+01  1.081054e+01  1.488751e+02
   endloop
 endfacet
 facet normal -9.006159e-01 -2.370777e-01 -3.642597e-01
   outer loop
     vertex  1.961270e+01  1.079086e+01  1.489751e+02
     vertex  1.957057e+01  1.089687e+01  1.490103e+02
     vertex  1.961160e+01  1.089213e+01  1.489119e+02
   endloop
 endfacet
 facet normal -6.793496e-01 -4.494401e-01 -5.800756e-01
   outer loop
     vertex  1.950794e+01  1.090411e+01  1.490963e+02
     vertex  1.944566e+01  1.100318e+01  1.490925e+02
     vertex  1.950940e+01  1.099582e+01  1.490236e+02
   endloop
 endfacet
 facet normal -7.572249e-01 -3.985225e-01 -5.174846e-01
   outer loop
     vertex  1.950794e+01  1.090411e+01  1.490963e+02
     vertex  1.950940e+01  1.099582e+01  1.490236e+02
     vertex  1.957057e+01  1.089687e+01  1.490103e+02
   endloop
 endfacet
 facet normal -4.885267e-01 -6.089267e-01 -6.249400e-01
   outer loop
     vertex  1.936775e+01  1.101219e+01  1.491446e+02
     vertex  1.937789e+01  1.108952e+01  1.490614e+02
     vertex  1.944566e+01  1.100318e+01  1.490925e+02
   endloop
 endfacet
 facet normal -4.053370e-01 -6.447494e-01 -6.480741e-01
   outer loop
     vertex  1.936775e+01  1.101219e+01  1.491446e+02
     vertex  1.930926e+01  1.109745e+01  1.490964e+02
     vertex  1.937789e+01  1.108952e+01  1.490614e+02
   endloop
 endfacet
 facet normal -5.163288e-02 -6.738888e-01 -7.370264e-01
   outer loop
     vertex  1.923443e+01  1.110610e+01  1.491144e+02
     vertex  1.918502e+01  1.101588e+01  1.492003e+02
     vertex  1.919753e+01  1.112414e+01  1.491005e+02
   endloop
 endfacet
 facet normal -1.780180e-01 -8.028507e-01 -5.689818e-01
   outer loop
     vertex  1.923443e+01  1.110610e+01  1.491144e+02
     vertex  1.919753e+01  1.112414e+01  1.491005e+02
     vertex  1.925948e+01  1.116482e+01  1.490237e+02
   endloop
 endfacet
 facet normal -2.288230e-01 -7.870984e-01 -5.728142e-01
   outer loop
     vertex  1.923443e+01  1.110610e+01  1.491144e+02
     vertex  1.925948e+01  1.116482e+01  1.490237e+02
     vertex  1.930926e+01  1.109745e+01  1.490964e+02
   endloop
 endfacet
 facet normal -8.337131e-01  3.162885e-02 -5.512913e-01
   outer loop
     vertex  1.955672e+01  1.079734e+01  1.490747e+02
     vertex  1.960134e+01  1.068630e+01  1.490008e+02
     vertex  1.952434e+01  1.069520e+01  1.491178e+02
   endloop
 endfacet
 facet normal -8.721658e-01 -2.556253e-02 -4.885421e-01
   outer loop
     vertex  1.955672e+01  1.079734e+01  1.490747e+02
     vertex  1.961270e+01  1.079086e+01  1.489751e+02
     vertex  1.960134e+01  1.068630e+01  1.490008e+02
   endloop
 endfacet
 facet normal -8.616734e-01 -1.857732e-01 -4.722364e-01
   outer loop
     vertex  1.955672e+01  1.079734e+01  1.490747e+02
     vertex  1.957057e+01  1.089687e+01  1.490103e+02
     vertex  1.961270e+01  1.079086e+01  1.489751e+02
   endloop
 endfacet
 facet normal -7.928727e-01 -2.495316e-01 -5.559558e-01
   outer loop
     vertex  1.955672e+01  1.079734e+01  1.490747e+02
     vertex  1.950794e+01  1.090411e+01  1.490963e+02
     vertex  1.957057e+01  1.089687e+01  1.490103e+02
   endloop
 endfacet
 facet normal -6.184749e-01 -4.145605e-01 -6.675540e-01
   outer loop
     vertex  1.942714e+01  1.091345e+01  1.491654e+02
     vertex  1.944566e+01  1.100318e+01  1.490925e+02
     vertex  1.950794e+01  1.090411e+01  1.490963e+02
   endloop
 endfacet
 facet normal -5.284086e-01 -4.668872e-01 -7.090843e-01
   outer loop
     vertex  1.942714e+01  1.091345e+01  1.491654e+02
     vertex  1.936775e+01  1.101219e+01  1.491446e+02
     vertex  1.944566e+01  1.100318e+01  1.490925e+02
   endloop
 endfacet
 facet normal -1.410831e-01 -6.412809e-01 -7.542244e-01
   outer loop
     vertex  1.927992e+01  1.102234e+01  1.491771e+02
     vertex  1.918502e+01  1.101588e+01  1.492003e+02
     vertex  1.923443e+01  1.110610e+01  1.491144e+02
   endloop
 endfacet
 facet normal -3.328825e-01 -6.269175e-01 -7.043889e-01
   outer loop
     vertex  1.927992e+01  1.102234e+01  1.491771e+02
     vertex  1.930926e+01  1.109745e+01  1.490964e+02
     vertex  1.936775e+01  1.101219e+01  1.491446e+02
   endloop
 endfacet
 facet normal -2.467114e-01 -6.630849e-01 -7.067191e-01
   outer loop
     vertex  1.927992e+01  1.102234e+01  1.491771e+02
     vertex  1.923443e+01  1.110610e+01  1.491144e+02
     vertex  1.930926e+01  1.109745e+01  1.490964e+02
   endloop
 endfacet
 facet normal -7.298845e-01 -2.010066e-01 -6.533490e-01
   outer loop
     vertex  1.947927e+01  1.080629e+01  1.491584e+02
     vertex  1.950794e+01  1.090411e+01  1.490963e+02
     vertex  1.955672e+01  1.079734e+01  1.490747e+02
   endloop
 endfacet
 facet normal -6.486159e-01  1.535509e-02 -7.609610e-01
   outer loop
     vertex  1.947927e+01  1.080629e+01  1.491584e+02
     vertex  1.952434e+01  1.069520e+01  1.491178e+02
     vertex  1.941808e+01  1.070749e+01  1.492086e+02
   endloop
 endfacet
 facet normal -7.360202e-01 -5.156565e-02 -6.749928e-01
   outer loop
     vertex  1.947927e+01  1.080629e+01  1.491584e+02
     vertex  1.955672e+01  1.079734e+01  1.490747e+02
     vertex  1.952434e+01  1.069520e+01  1.491178e+02
   endloop
 endfacet
 facet normal -6.438077e-01 -2.667620e-01 -7.171818e-01
   outer loop
     vertex  1.947927e+01  1.080629e+01  1.491584e+02
     vertex  1.942714e+01  1.091345e+01  1.491654e+02
     vertex  1.950794e+01  1.090411e+01  1.490963e+02
   endloop
 endfacet
 facet normal -4.488670e-01 -4.341654e-01 -7.810371e-01
   outer loop
     vertex  1.933261e+01  1.092438e+01  1.492136e+02
     vertex  1.936775e+01  1.101219e+01  1.491446e+02
     vertex  1.942714e+01  1.091345e+01  1.491654e+02
   endloop
 endfacet
 facet normal -3.518079e-01 -4.873004e-01 -7.992306e-01
   outer loop
     vertex  1.933261e+01  1.092438e+01  1.492136e+02
     vertex  1.927992e+01  1.102234e+01  1.491771e+02
     vertex  1.936775e+01  1.101219e+01  1.491446e+02
   endloop
 endfacet
 facet normal -4.615906e-01 -2.878243e-01 -8.391015e-01
   outer loop
     vertex  1.938460e+01  1.081723e+01  1.492218e+02
     vertex  1.933261e+01  1.092438e+01  1.492136e+02
     vertex  1.942714e+01  1.091345e+01  1.491654e+02
   endloop
 endfacet
 facet normal -5.598771e-01 -2.206576e-01 -7.986538e-01
   outer loop
     vertex  1.938460e+01  1.081723e+01  1.492218e+02
     vertex  1.942714e+01  1.091345e+01  1.491654e+02
     vertex  1.947927e+01  1.080629e+01  1.491584e+02
   endloop
 endfacet
 facet normal -4.137473e-01 -1.691474e-02 -9.102346e-01
   outer loop
     vertex  1.938460e+01  1.081723e+01  1.492218e+02
     vertex  1.941808e+01  1.070749e+01  1.492086e+02
     vertex  1.929093e+01  1.072218e+01  1.492661e+02
   endloop
 endfacet
 facet normal -5.603809e-01 -7.186770e-02 -8.251111e-01
   outer loop
     vertex  1.938460e+01  1.081723e+01  1.492218e+02
     vertex  1.947927e+01  1.080629e+01  1.491584e+02
     vertex  1.941808e+01  1.070749e+01  1.492086e+02
   endloop
 endfacet
 facet normal -1.732794e-01 -5.024096e-01 -8.470884e-01
   outer loop
     vertex  1.922952e+01  1.093629e+01  1.492384e+02
     vertex  1.918502e+01  1.101588e+01  1.492003e+02
     vertex  1.927992e+01  1.102234e+01  1.491771e+02
   endloop
 endfacet
 facet normal -1.911760e-03 -4.326616e-01 -9.015544e-01
   outer loop
     vertex  1.922952e+01  1.093629e+01  1.492384e+02
     vertex  1.916970e+01  1.088335e+01  1.492640e+02
     vertex  1.918502e+01  1.101588e+01  1.492003e+02
   endloop
 endfacet
 facet normal -2.576967e-01 -4.562626e-01 -8.517141e-01
   outer loop
     vertex  1.922952e+01  1.093629e+01  1.492384e+02
     vertex  1.927992e+01  1.102234e+01  1.491771e+02
     vertex  1.933261e+01  1.092438e+01  1.492136e+02
   endloop
 endfacet
 facet normal -9.331882e-02 -1.375662e-01 -9.860868e-01
   outer loop
     vertex  1.927789e+01  1.082957e+01  1.492612e+02
     vertex  1.915292e+01  1.073814e+01  1.492858e+02
     vertex  1.916970e+01  1.088335e+01  1.492640e+02
   endloop
 endfacet
 facet normal -1.480856e-01 -6.294390e-02 -9.869695e-01
   outer loop
     vertex  1.927789e+01  1.082957e+01  1.492612e+02
     vertex  1.929093e+01  1.072218e+01  1.492661e+02
     vertex  1.915292e+01  1.073814e+01  1.492858e+02
   endloop
 endfacet
 facet normal -3.609687e-01 -2.436493e-01 -9.001870e-01
   outer loop
     vertex  1.927789e+01  1.082957e+01  1.492612e+02
     vertex  1.933261e+01  1.092438e+01  1.492136e+02
     vertex  1.938460e+01  1.081723e+01  1.492218e+02
   endloop
 endfacet
 facet normal -3.541724e-01 -8.543707e-02 -9.312692e-01
   outer loop
     vertex  1.927789e+01  1.082957e+01  1.492612e+02
     vertex  1.938460e+01  1.081723e+01  1.492218e+02
     vertex  1.929093e+01  1.072218e+01  1.492661e+02
   endloop
 endfacet
 facet normal -1.608555e-01 -2.753512e-01 -9.477907e-01
   outer loop
     vertex  1.927789e+01  1.082957e+01  1.492612e+02
     vertex  1.916970e+01  1.088335e+01  1.492640e+02
     vertex  1.922952e+01  1.093629e+01  1.492384e+02
   endloop
 endfacet
 facet normal -2.562082e-01 -3.115644e-01 -9.150328e-01
   outer loop
     vertex  1.927789e+01  1.082957e+01  1.492612e+02
     vertex  1.922952e+01  1.093629e+01  1.492384e+02
     vertex  1.933261e+01  1.092438e+01  1.492136e+02
   endloop
 endfacet
 facet normal  9.715953e-01 -4.208386e-02 -2.328767e-01
   outer loop
     vertex -3.069405e+01  1.361397e+01  1.489731e+02
     vertex -3.072833e+01  1.361793e+01  1.488294e+02
     vertex -3.070436e+01  1.417118e+01  1.488294e+02
   endloop
 endfacet
 facet normal  1.480440e-01 -6.412403e-03 -9.889600e-01
   outer loop
     vertex -3.023352e+01  1.356074e+01  1.492858e+02
     vertex -3.037874e+01  1.357753e+01  1.492640e+02
     vertex -3.020647e+01  1.418537e+01  1.492858e+02
   endloop
 endfacet
 facet normal  7.434568e-01  4.366487e-01 -5.065668e-01
   outer loop
     vertex -3.107183e+01  1.578754e+01  1.489731e+02
     vertex -3.135478e+01  1.626930e+01  1.489731e+02
     vertex -3.129298e+01  1.631184e+01  1.491005e+02
   endloop
 endfacet
 facet normal  8.385709e-01  4.925113e-01 -2.328767e-01
   outer loop
     vertex -3.107183e+01  1.578754e+01  1.489731e+02
     vertex -3.138320e+01  1.624974e+01  1.488294e+02
     vertex -3.135478e+01  1.626930e+01  1.489731e+02
   endloop
 endfacet
 facet normal  8.385709e-01  4.925113e-01 -2.328767e-01
   outer loop
     vertex -3.107183e+01  1.578754e+01  1.489731e+02
     vertex -3.110276e+01  1.577224e+01  1.488294e+02
     vertex -3.138320e+01  1.624974e+01  1.488294e+02
   endloop
 endfacet
 facet normal  5.833630e-01  3.426220e-01 -7.364087e-01
   outer loop
     vertex -3.100458e+01  1.582079e+01  1.491005e+02
     vertex -3.129298e+01  1.631184e+01  1.491005e+02
     vertex -3.120322e+01  1.637362e+01  1.492003e+02
   endloop
 endfacet
 facet normal  7.434568e-01  4.366487e-01 -5.065668e-01
   outer loop
     vertex -3.100458e+01  1.582079e+01  1.491005e+02
     vertex -3.107183e+01  1.578754e+01  1.489731e+02
     vertex -3.129298e+01  1.631184e+01  1.491005e+02
   endloop
 endfacet
 facet normal  3.720008e-01  2.184843e-01 -9.021530e-01
   outer loop
     vertex -3.090690e+01  1.586910e+01  1.492003e+02
     vertex -3.120322e+01  1.637362e+01  1.492003e+02
     vertex -3.109332e+01  1.644926e+01  1.492640e+02
   endloop
 endfacet
 facet normal  5.833630e-01  3.426220e-01 -7.364087e-01
   outer loop
     vertex -3.090690e+01  1.586910e+01  1.492003e+02
     vertex -3.100458e+01  1.582079e+01  1.491005e+02
     vertex -3.120322e+01  1.637362e+01  1.492003e+02
   endloop
 endfacet
 facet normal  1.277748e-01  7.504494e-02 -9.889600e-01
   outer loop
     vertex -3.078731e+01  1.592824e+01  1.492640e+02
     vertex -3.097291e+01  1.653215e+01  1.492858e+02
     vertex -3.065627e+01  1.599304e+01  1.492858e+02
   endloop
 endfacet
 facet normal  1.277748e-01  7.504494e-02 -9.889600e-01
   outer loop
     vertex -3.078731e+01  1.592824e+01  1.492640e+02
     vertex -3.109332e+01  1.644926e+01  1.492640e+02
     vertex -3.097291e+01  1.653215e+01  1.492858e+02
   endloop
 endfacet
 facet normal  3.720008e-01  2.184843e-01 -9.021530e-01
   outer loop
     vertex -3.078731e+01  1.592824e+01  1.492640e+02
     vertex -3.090690e+01  1.586910e+01  1.492003e+02
     vertex -3.109332e+01  1.644926e+01  1.492640e+02
   endloop
 endfacet
 facet normal  9.004153e-01  3.674518e-01 -2.328767e-01
   outer loop
     vertex -3.086073e+01  1.527024e+01  1.489731e+02
     vertex -3.089353e+01  1.525953e+01  1.488294e+02
     vertex -3.110276e+01  1.577224e+01  1.488294e+02
   endloop
 endfacet
 facet normal  9.004153e-01  3.674518e-01 -2.328767e-01
   outer loop
     vertex -3.086073e+01  1.527024e+01  1.489731e+02
     vertex -3.110276e+01  1.577224e+01  1.488294e+02
     vertex -3.107183e+01  1.578754e+01  1.489731e+02
   endloop
 endfacet
 facet normal  7.982866e-01  3.257739e-01 -5.065668e-01
   outer loop
     vertex -3.078941e+01  1.529353e+01  1.491005e+02
     vertex -3.107183e+01  1.578754e+01  1.489731e+02
     vertex -3.100458e+01  1.582079e+01  1.491005e+02
   endloop
 endfacet
 facet normal  7.982866e-01  3.257739e-01 -5.065668e-01
   outer loop
     vertex -3.078941e+01  1.529353e+01  1.491005e+02
     vertex -3.086073e+01  1.527024e+01  1.489731e+02
     vertex -3.107183e+01  1.578754e+01  1.489731e+02
   endloop
 endfacet
 facet normal  6.263859e-01  2.556227e-01 -7.364087e-01
   outer loop
     vertex -3.068582e+01  1.532736e+01  1.492003e+02
     vertex -3.100458e+01  1.582079e+01  1.491005e+02
     vertex -3.090690e+01  1.586910e+01  1.492003e+02
   endloop
 endfacet
 facet normal  6.263859e-01  2.556227e-01 -7.364087e-01
   outer loop
     vertex -3.068582e+01  1.532736e+01  1.492003e+02
     vertex -3.078941e+01  1.529353e+01  1.491005e+02
     vertex -3.100458e+01  1.582079e+01  1.491005e+02
   endloop
 endfacet
 facet normal  1.371981e-01  5.598938e-02 -9.889600e-01
   outer loop
     vertex -3.055900e+01  1.536878e+01  1.492640e+02
     vertex -3.065627e+01  1.599304e+01  1.492858e+02
     vertex -3.042004e+01  1.541417e+01  1.492858e+02
   endloop
 endfacet
 facet normal  1.371981e-01  5.598938e-02 -9.889600e-01
   outer loop
     vertex -3.055900e+01  1.536878e+01  1.492640e+02
     vertex -3.078731e+01  1.592824e+01  1.492640e+02
     vertex -3.065627e+01  1.599304e+01  1.492858e+02
   endloop
 endfacet
 facet normal  3.994357e-01  1.630063e-01 -9.021530e-01
   outer loop
     vertex -3.055900e+01  1.536878e+01  1.492640e+02
     vertex -3.068582e+01  1.532736e+01  1.492003e+02
     vertex -3.090690e+01  1.586910e+01  1.492003e+02
   endloop
 endfacet
 facet normal  3.994357e-01  1.630063e-01 -9.021530e-01
   outer loop
     vertex -3.055900e+01  1.536878e+01  1.492640e+02
     vertex -3.090690e+01  1.586910e+01  1.492003e+02
     vertex -3.078731e+01  1.592824e+01  1.492640e+02
   endloop
 endfacet
 facet normal  9.437284e-01  2.348299e-01 -2.328767e-01
   outer loop
     vertex -3.072581e+01  1.472806e+01  1.489731e+02
     vertex -3.075981e+01  1.472215e+01  1.488294e+02
     vertex -3.089353e+01  1.525953e+01  1.488294e+02
   endloop
 endfacet
 facet normal  9.437284e-01  2.348299e-01 -2.328767e-01
   outer loop
     vertex -3.072581e+01  1.472806e+01  1.489731e+02
     vertex -3.089353e+01  1.525953e+01  1.488294e+02
     vertex -3.086073e+01  1.527024e+01  1.489731e+02
   endloop
 endfacet
 facet normal  8.366870e-01  2.081946e-01 -5.065668e-01
   outer loop
     vertex -3.065190e+01  1.474091e+01  1.491005e+02
     vertex -3.072581e+01  1.472806e+01  1.489731e+02
     vertex -3.086073e+01  1.527024e+01  1.489731e+02
   endloop
 endfacet
 facet normal  8.366870e-01  2.081946e-01 -5.065668e-01
   outer loop
     vertex -3.065190e+01  1.474091e+01  1.491005e+02
     vertex -3.086073e+01  1.527024e+01  1.489731e+02
     vertex -3.078941e+01  1.529353e+01  1.491005e+02
   endloop
 endfacet
 facet normal  6.565173e-01  1.633625e-01 -7.364087e-01
   outer loop
     vertex -3.054454e+01  1.475957e+01  1.492003e+02
     vertex -3.078941e+01  1.529353e+01  1.491005e+02
     vertex -3.068582e+01  1.532736e+01  1.492003e+02
   endloop
 endfacet
 facet normal  6.565173e-01  1.633625e-01 -7.364087e-01
   outer loop
     vertex -3.054454e+01  1.475957e+01  1.492003e+02
     vertex -3.065190e+01  1.474091e+01  1.491005e+02
     vertex -3.078941e+01  1.529353e+01  1.491005e+02
   endloop
 endfacet
 facet normal  1.474381e-01  1.483723e-02 -9.889600e-01
   outer loop
     vertex -3.041310e+01  1.478242e+01  1.492640e+02
     vertex -3.026907e+01  1.480745e+01  1.492858e+02
     vertex -3.020647e+01  1.418537e+01  1.492858e+02
   endloop
 endfacet
 facet normal  1.437978e-01  3.578151e-02 -9.889600e-01
   outer loop
     vertex -3.041310e+01  1.478242e+01  1.492640e+02
     vertex -3.042004e+01  1.541417e+01  1.492858e+02
     vertex -3.026907e+01  1.480745e+01  1.492858e+02
   endloop
 endfacet
 facet normal  1.437978e-01  3.578151e-02 -9.889600e-01
   outer loop
     vertex -3.041310e+01  1.478242e+01  1.492640e+02
     vertex -3.055900e+01  1.536878e+01  1.492640e+02
     vertex -3.042004e+01  1.541417e+01  1.492858e+02
   endloop
 endfacet
 facet normal  4.186500e-01  1.041735e-01 -9.021530e-01
   outer loop
     vertex -3.041310e+01  1.478242e+01  1.492640e+02
     vertex -3.068582e+01  1.532736e+01  1.492003e+02
     vertex -3.055900e+01  1.536878e+01  1.492640e+02
   endloop
 endfacet
 facet normal  4.186500e-01  1.041735e-01 -9.021530e-01
   outer loop
     vertex -3.041310e+01  1.478242e+01  1.492640e+02
     vertex -3.054454e+01  1.475957e+01  1.492003e+02
     vertex -3.068582e+01  1.532736e+01  1.492003e+02
   endloop
 endfacet
 facet normal  9.676190e-01  9.737505e-02 -2.328767e-01
   outer loop
     vertex -3.066987e+01  1.417216e+01  1.489731e+02
     vertex -3.070436e+01  1.417118e+01  1.488294e+02
     vertex -3.075981e+01  1.472215e+01  1.488294e+02
   endloop
 endfacet
 facet normal  9.676190e-01  9.737505e-02 -2.328767e-01
   outer loop
     vertex -3.066987e+01  1.417216e+01  1.489731e+02
     vertex -3.075981e+01  1.472215e+01  1.488294e+02
     vertex -3.072581e+01  1.472806e+01  1.489731e+02
   endloop
 endfacet
 facet normal  9.715953e-01 -4.208386e-02 -2.328767e-01
   outer loop
     vertex -3.066987e+01  1.417216e+01  1.489731e+02
     vertex -3.069405e+01  1.361397e+01  1.489731e+02
     vertex -3.070436e+01  1.417118e+01  1.488294e+02
   endloop
 endfacet
 facet normal  8.613931e-01 -3.731054e-02 -5.065668e-01
   outer loop
     vertex -3.059488e+01  1.417430e+01  1.491005e+02
     vertex -3.061953e+01  1.360536e+01  1.491005e+02
     vertex -3.069405e+01  1.361397e+01  1.489731e+02
   endloop
 endfacet
 facet normal  8.613931e-01 -3.731054e-02 -5.065668e-01
   outer loop
     vertex -3.059488e+01  1.417430e+01  1.491005e+02
     vertex -3.069405e+01  1.361397e+01  1.489731e+02
     vertex -3.066987e+01  1.417216e+01  1.489731e+02
   endloop
 endfacet
 facet normal  8.578678e-01  8.633038e-02 -5.065668e-01
   outer loop
     vertex -3.059488e+01  1.417430e+01  1.491005e+02
     vertex -3.072581e+01  1.472806e+01  1.489731e+02
     vertex -3.065190e+01  1.474091e+01  1.491005e+02
   endloop
 endfacet
 facet normal  8.578678e-01  8.633038e-02 -5.065668e-01
   outer loop
     vertex -3.059488e+01  1.417430e+01  1.491005e+02
     vertex -3.066987e+01  1.417216e+01  1.489731e+02
     vertex -3.072581e+01  1.472806e+01  1.489731e+02
   endloop
 endfacet
 facet normal  6.759032e-01 -2.927620e-02 -7.364087e-01
   outer loop
     vertex -3.048595e+01  1.417740e+01  1.492003e+02
     vertex -3.051127e+01  1.359284e+01  1.492003e+02
     vertex -3.061953e+01  1.360536e+01  1.491005e+02
   endloop
 endfacet
 facet normal  6.731371e-01  6.774025e-02 -7.364087e-01
   outer loop
     vertex -3.048595e+01  1.417740e+01  1.492003e+02
     vertex -3.059488e+01  1.417430e+01  1.491005e+02
     vertex -3.065190e+01  1.474091e+01  1.491005e+02
   endloop
 endfacet
 facet normal  6.731371e-01  6.774025e-02 -7.364087e-01
   outer loop
     vertex -3.048595e+01  1.417740e+01  1.492003e+02
     vertex -3.065190e+01  1.474091e+01  1.491005e+02
     vertex -3.054454e+01  1.475957e+01  1.492003e+02
   endloop
 endfacet
 facet normal  4.292482e-01  4.319681e-02 -9.021530e-01
   outer loop
     vertex -3.048595e+01  1.417740e+01  1.492003e+02
     vertex -3.054454e+01  1.475957e+01  1.492003e+02
     vertex -3.041310e+01  1.478242e+01  1.492640e+02
   endloop
 endfacet
 facet normal  6.759032e-01 -2.927620e-02 -7.364087e-01
   outer loop
     vertex -3.048595e+01  1.417740e+01  1.492003e+02
     vertex -3.061953e+01  1.360536e+01  1.491005e+02
     vertex -3.059488e+01  1.417430e+01  1.491005e+02
   endloop
 endfacet
 facet normal  4.310121e-01 -1.866894e-02 -9.021530e-01
   outer loop
     vertex -3.035259e+01  1.418121e+01  1.492640e+02
     vertex -3.037874e+01  1.357753e+01  1.492640e+02
     vertex -3.051127e+01  1.359284e+01  1.492003e+02
   endloop
 endfacet
 facet normal  1.480440e-01 -6.412403e-03 -9.889600e-01
   outer loop
     vertex -3.035259e+01  1.418121e+01  1.492640e+02
     vertex -3.020647e+01  1.418537e+01  1.492858e+02
     vertex -3.037874e+01  1.357753e+01  1.492640e+02
   endloop
 endfacet
 facet normal  1.474381e-01  1.483723e-02 -9.889600e-01
   outer loop
     vertex -3.035259e+01  1.418121e+01  1.492640e+02
     vertex -3.041310e+01  1.478242e+01  1.492640e+02
     vertex -3.020647e+01  1.418537e+01  1.492858e+02
   endloop
 endfacet
 facet normal  4.310121e-01 -1.866894e-02 -9.021530e-01
   outer loop
     vertex -3.035259e+01  1.418121e+01  1.492640e+02
     vertex -3.051127e+01  1.359284e+01  1.492003e+02
     vertex -3.048595e+01  1.417740e+01  1.492003e+02
   endloop
 endfacet
 facet normal  4.292482e-01  4.319681e-02 -9.021530e-01
   outer loop
     vertex -3.035259e+01  1.418121e+01  1.492640e+02
     vertex -3.048595e+01  1.417740e+01  1.492003e+02
     vertex -3.041310e+01  1.478242e+01  1.492640e+02
   endloop
 endfacet
 facet normal -1.116522e-01 -9.659384e-01 -2.334454e-01
   outer loop
     vertex  1.920615e+01  1.119866e+01  1.489731e+02
     vertex -3.091571e+01  1.702695e+01  1.488294e+02
     vertex  1.921011e+01  1.123294e+01  1.488294e+02
   endloop
 endfacet
 facet normal -1.116522e-01 -9.659384e-01 -2.334454e-01
   outer loop
     vertex  1.920615e+01  1.119866e+01  1.489731e+02
     vertex -3.091967e+01  1.699268e+01  1.489731e+02
     vertex -3.091571e+01  1.702695e+01  1.488294e+02
   endloop
 endfacet
 facet normal -9.893645e-02 -8.559301e-01 -5.075384e-01
   outer loop
     vertex  1.919753e+01  1.112414e+01  1.491005e+02
     vertex -3.092829e+01  1.691815e+01  1.491005e+02
     vertex -3.091967e+01  1.699268e+01  1.489731e+02
   endloop
 endfacet
 facet normal -9.893645e-02 -8.559301e-01 -5.075384e-01
   outer loop
     vertex  1.919753e+01  1.112414e+01  1.491005e+02
     vertex -3.091967e+01  1.699268e+01  1.489731e+02
     vertex  1.920615e+01  1.119866e+01  1.489731e+02
   endloop
 endfacet
 facet normal -7.757455e-02 -6.711217e-01 -7.372773e-01
   outer loop
     vertex  1.918502e+01  1.101588e+01  1.492003e+02
     vertex -3.094080e+01  1.680990e+01  1.492003e+02
     vertex -3.092829e+01  1.691815e+01  1.491005e+02
   endloop
 endfacet
 facet normal -7.757455e-02 -6.711217e-01 -7.372773e-01
   outer loop
     vertex  1.918502e+01  1.101588e+01  1.492003e+02
     vertex -3.092829e+01  1.691815e+01  1.491005e+02
     vertex  1.919753e+01  1.112414e+01  1.491005e+02
   endloop
 endfacet
 facet normal -4.943338e-02 -4.276636e-01 -9.025853e-01
   outer loop
     vertex  1.916970e+01  1.088335e+01  1.492640e+02
     vertex -3.095612e+01  1.667737e+01  1.492640e+02
     vertex -3.094080e+01  1.680990e+01  1.492003e+02
   endloop
 endfacet
 facet normal -4.943338e-02 -4.276636e-01 -9.025853e-01
   outer loop
     vertex  1.916970e+01  1.088335e+01  1.492640e+02
     vertex -3.094080e+01  1.680990e+01  1.492003e+02
     vertex  1.918502e+01  1.101588e+01  1.492003e+02
   endloop
 endfacet
 facet normal -1.697220e-02 -1.468318e-01 -9.890159e-01
   outer loop
     vertex  1.915292e+01  1.073814e+01  1.492858e+02
     vertex -3.097291e+01  1.653215e+01  1.492858e+02
     vertex -3.095612e+01  1.667737e+01  1.492640e+02
   endloop
 endfacet
 facet normal -1.697220e-02 -1.468318e-01 -9.890159e-01
   outer loop
     vertex  1.915292e+01  1.073814e+01  1.492858e+02
     vertex -3.095612e+01  1.667737e+01  1.492640e+02
     vertex  1.916970e+01  1.088335e+01  1.492640e+02
   endloop
 endfacet
 facet normal -2.560335e-01 -9.386802e-01 -2.309247e-01
   outer loop
     vertex -3.093817e+01  1.700406e+01  1.489474e+02
     vertex -3.091571e+01  1.702695e+01  1.488294e+02
     vertex -3.091967e+01  1.699268e+01  1.489731e+02
   endloop
 endfacet
 facet normal -6.276417e-02 -9.774457e-01 -2.016449e-01
   outer loop
     vertex -3.097614e+01  1.700845e+01  1.489379e+02
     vertex -3.091571e+01  1.702695e+01  1.488294e+02
     vertex -3.093817e+01  1.700406e+01  1.489474e+02
   endloop
 endfacet
 facet normal -1.906806e-02 -9.837752e-01 -1.783894e-01
   outer loop
     vertex -3.101074e+01  1.701245e+01  1.489195e+02
     vertex -3.091571e+01  1.702695e+01  1.488294e+02
     vertex -3.097614e+01  1.700845e+01  1.489379e+02
   endloop
 endfacet
 facet normal -1.137760e-01 -8.541179e-01 -5.074816e-01
   outer loop
     vertex -3.098969e+01  1.695628e+01  1.490501e+02
     vertex -3.091967e+01  1.699268e+01  1.489731e+02
     vertex -3.092829e+01  1.691815e+01  1.491005e+02
   endloop
 endfacet
 facet normal  1.738720e-02 -9.098765e-01 -4.145147e-01
   outer loop
     vertex -3.098969e+01  1.695628e+01  1.490501e+02
     vertex -3.093817e+01  1.700406e+01  1.489474e+02
     vertex -3.091967e+01  1.699268e+01  1.489731e+02
   endloop
 endfacet
 facet normal  2.051096e-04 -9.067465e-01 -4.216762e-01
   outer loop
     vertex -3.098969e+01  1.695628e+01  1.490501e+02
     vertex -3.097614e+01  1.700845e+01  1.489379e+02
     vertex -3.093817e+01  1.700406e+01  1.489474e+02
   endloop
 endfacet
 facet normal  2.205572e-02 -9.913162e-01 -1.296372e-01
   outer loop
     vertex -3.103994e+01  1.701582e+01  1.488934e+02
     vertex -3.105495e+01  1.702064e+01  1.488540e+02
     vertex -3.091571e+01  1.702695e+01  1.488294e+02
   endloop
 endfacet
 facet normal  1.457866e-02 -9.894933e-01 -1.438421e-01
   outer loop
     vertex -3.103994e+01  1.701582e+01  1.488934e+02
     vertex -3.091571e+01  1.702695e+01  1.488294e+02
     vertex -3.101074e+01  1.701245e+01  1.489195e+02
   endloop
 endfacet
 facet normal  5.436891e-02 -9.078916e-01 -4.156643e-01
   outer loop
     vertex -3.105084e+01  1.696334e+01  1.490266e+02
     vertex -3.097614e+01  1.700845e+01  1.489379e+02
     vertex -3.098969e+01  1.695628e+01  1.490501e+02
   endloop
 endfacet
 facet normal  9.777028e-02 -9.180240e-01 -3.842824e-01
   outer loop
     vertex -3.105084e+01  1.696334e+01  1.490266e+02
     vertex -3.101074e+01  1.701245e+01  1.489195e+02
     vertex -3.097614e+01  1.700845e+01  1.489379e+02
   endloop
 endfacet
 facet normal -1.555435e-01 -6.599983e-01 -7.349888e-01
   outer loop
     vertex -3.097766e+01  1.687609e+01  1.491487e+02
     vertex -3.092829e+01  1.691815e+01  1.491005e+02
     vertex -3.094080e+01  1.680990e+01  1.492003e+02
   endloop
 endfacet
 facet normal  3.992576e-02 -7.728804e-01 -6.332944e-01
   outer loop
     vertex -3.097766e+01  1.687609e+01  1.491487e+02
     vertex -3.098969e+01  1.695628e+01  1.490501e+02
     vertex -3.092829e+01  1.691815e+01  1.491005e+02
   endloop
 endfacet
 facet normal  1.835592e-01 -9.279403e-01 -3.243962e-01
   outer loop
     vertex -3.110460e+01  1.696956e+01  1.489891e+02
     vertex -3.103994e+01  1.701582e+01  1.488934e+02
     vertex -3.101074e+01  1.701245e+01  1.489195e+02
   endloop
 endfacet
 facet normal  1.489318e-01 -9.188221e-01 -3.654932e-01
   outer loop
     vertex -3.110460e+01  1.696956e+01  1.489891e+02
     vertex -3.101074e+01  1.701245e+01  1.489195e+02
     vertex -3.105084e+01  1.696334e+01  1.490266e+02
   endloop
 endfacet
 facet normal  6.900505e-02 -7.699025e-01 -6.344197e-01
   outer loop
     vertex -3.106295e+01  1.688595e+01  1.491275e+02
     vertex -3.098969e+01  1.695628e+01  1.490501e+02
     vertex -3.097766e+01  1.687609e+01  1.491487e+02
   endloop
 endfacet
 facet normal  1.355506e-01 -7.936850e-01 -5.930346e-01
   outer loop
     vertex -3.106295e+01  1.688595e+01  1.491275e+02
     vertex -3.105084e+01  1.696334e+01  1.490266e+02
     vertex -3.098969e+01  1.695628e+01  1.490501e+02
   endloop
 endfacet
 facet normal  2.287581e-01 -9.280492e-01 -2.939294e-01
   outer loop
     vertex -3.114784e+01  1.697456e+01  1.489397e+02
     vertex -3.103994e+01  1.701582e+01  1.488934e+02
     vertex -3.110460e+01  1.696956e+01  1.489891e+02
   endloop
 endfacet
 facet normal  2.663793e-01 -9.392817e-01 -2.163144e-01
   outer loop
     vertex -3.114784e+01  1.697456e+01  1.489397e+02
     vertex -3.105495e+01  1.702064e+01  1.488540e+02
     vertex -3.103994e+01  1.701582e+01  1.488934e+02
   endloop
 endfacet
 facet normal  2.704650e-01 -8.092797e-01 -5.214548e-01
   outer loop
     vertex -3.114067e+01  1.689493e+01  1.490862e+02
     vertex -3.110460e+01  1.696956e+01  1.489891e+02
     vertex -3.105084e+01  1.696334e+01  1.490266e+02
   endloop
 endfacet
 facet normal  2.157937e-01 -7.868698e-01 -5.781601e-01
   outer loop
     vertex -3.114067e+01  1.689493e+01  1.490862e+02
     vertex -3.105084e+01  1.696334e+01  1.490266e+02
     vertex -3.106295e+01  1.688595e+01  1.491275e+02
   endloop
 endfacet
 facet normal  1.678128e-02 -4.343567e-01 -9.005846e-01
   outer loop
     vertex -3.104935e+01  1.678520e+01  1.492102e+02
     vertex -3.094080e+01  1.680990e+01  1.492003e+02
     vertex -3.095612e+01  1.667737e+01  1.492640e+02
   endloop
 endfacet
 facet normal  1.213012e-01 -6.202649e-01 -7.749564e-01
   outer loop
     vertex -3.104935e+01  1.678520e+01  1.492102e+02
     vertex -3.106295e+01  1.688595e+01  1.491275e+02
     vertex -3.097766e+01  1.687609e+01  1.491487e+02
   endloop
 endfacet
 facet normal  6.159628e-02 -5.923686e-01 -8.033090e-01
   outer loop
     vertex -3.104935e+01  1.678520e+01  1.492102e+02
     vertex -3.097766e+01  1.687609e+01  1.491487e+02
     vertex -3.094080e+01  1.680990e+01  1.492003e+02
   endloop
 endfacet
 facet normal  3.181586e-01 -9.470362e-01 -4.356011e-02
   outer loop
     vertex -3.117801e+01  1.697805e+01  1.488813e+02
     vertex -3.118762e+01  1.697520e+01  1.488730e+02
     vertex -3.105495e+01  1.702064e+01  1.488540e+02
   endloop
 endfacet
 facet normal  2.803631e-01 -9.386508e-01 -2.008265e-01
   outer loop
     vertex -3.117801e+01  1.697805e+01  1.488813e+02
     vertex -3.105495e+01  1.702064e+01  1.488540e+02
     vertex -3.114784e+01  1.697456e+01  1.489397e+02
   endloop
 endfacet
 facet normal  3.448648e-01 -8.017890e-01 -4.880601e-01
   outer loop
     vertex -3.120628e+01  1.690252e+01  1.490274e+02
     vertex -3.110460e+01  1.696956e+01  1.489891e+02
     vertex -3.114067e+01  1.689493e+01  1.490862e+02
   endloop
 endfacet
 facet normal  3.843543e-01 -8.224441e-01 -4.193536e-01
   outer loop
     vertex -3.120628e+01  1.690252e+01  1.490274e+02
     vertex -3.114784e+01  1.697456e+01  1.489397e+02
     vertex -3.110460e+01  1.696956e+01  1.489891e+02
   endloop
 endfacet
 facet normal  3.006065e-01 -6.409907e-01 -7.062341e-01
   outer loop
     vertex -3.114755e+01  1.679655e+01  1.491726e+02
     vertex -3.114067e+01  1.689493e+01  1.490862e+02
     vertex -3.106295e+01  1.688595e+01  1.491275e+02
   endloop
 endfacet
 facet normal  2.248096e-01 -6.002343e-01 -7.675803e-01
   outer loop
     vertex -3.114755e+01  1.679655e+01  1.491726e+02
     vertex -3.106295e+01  1.688595e+01  1.491275e+02
     vertex -3.104935e+01  1.678520e+01  1.492102e+02
   endloop
 endfacet
 facet normal  4.458525e-03 -1.492743e-01 -9.887858e-01
   outer loop
     vertex -3.101604e+01  1.666767e+01  1.492652e+02
     vertex -3.095612e+01  1.667737e+01  1.492640e+02
     vertex -3.097291e+01  1.653215e+01  1.492858e+02
   endloop
 endfacet
 facet normal  4.847803e-02 -4.116659e-01 -9.100445e-01
   outer loop
     vertex -3.101604e+01  1.666767e+01  1.492652e+02
     vertex -3.104935e+01  1.678520e+01  1.492102e+02
     vertex -3.095612e+01  1.667737e+01  1.492640e+02
   endloop
 endfacet
 facet normal  5.467684e-01 -8.110296e-01 -2.080272e-01
   outer loop
     vertex -3.125594e+01  1.690826e+01  1.489544e+02
     vertex -3.130309e+01  1.689425e+01  1.488851e+02
     vertex -3.118762e+01  1.697520e+01  1.488730e+02
   endloop
 endfacet
 facet normal  4.833017e-01 -8.304021e-01 -2.772216e-01
   outer loop
     vertex -3.125594e+01  1.690826e+01  1.489544e+02
     vertex -3.118762e+01  1.697520e+01  1.488730e+02
     vertex -3.117801e+01  1.697805e+01  1.488813e+02
   endloop
 endfacet
 facet normal  4.705527e-01 -8.324077e-01 -2.927072e-01
   outer loop
     vertex -3.125594e+01  1.690826e+01  1.489544e+02
     vertex -3.117801e+01  1.697805e+01  1.488813e+02
     vertex -3.114784e+01  1.697456e+01  1.489397e+02
   endloop
 endfacet
 facet normal  4.486637e-01 -8.137871e-01 -3.693935e-01
   outer loop
     vertex -3.125594e+01  1.690826e+01  1.489544e+02
     vertex -3.114784e+01  1.697456e+01  1.489397e+02
     vertex -3.120628e+01  1.690252e+01  1.490274e+02
   endloop
 endfacet
 facet normal  4.582694e-01 -6.592149e-01 -5.961752e-01
   outer loop
     vertex -3.123389e+01  1.680653e+01  1.491123e+02
     vertex -3.120628e+01  1.690252e+01  1.490274e+02
     vertex -3.114067e+01  1.689493e+01  1.490862e+02
   endloop
 endfacet
 facet normal  3.994327e-01 -6.204188e-01 -6.749326e-01
   outer loop
     vertex -3.123389e+01  1.680653e+01  1.491123e+02
     vertex -3.114067e+01  1.689493e+01  1.490862e+02
     vertex -3.114755e+01  1.679655e+01  1.491726e+02
   endloop
 endfacet
 facet normal  2.787301e-01 -4.322390e-01 -8.576007e-01
   outer loop
     vertex -3.112870e+01  1.668070e+01  1.492371e+02
     vertex -3.114755e+01  1.679655e+01  1.491726e+02
     vertex -3.104935e+01  1.678520e+01  1.492102e+02
   endloop
 endfacet
 facet normal  1.833615e-01 -3.731660e-01 -9.094645e-01
   outer loop
     vertex -3.112870e+01  1.668070e+01  1.492371e+02
     vertex -3.104935e+01  1.678520e+01  1.492102e+02
     vertex -3.101604e+01  1.666767e+01  1.492652e+02
   endloop
 endfacet
 facet normal  5.850618e-01 -6.738707e-01 -4.512215e-01
   outer loop
     vertex -3.130333e+01  1.681456e+01  1.490329e+02
     vertex -3.125594e+01  1.690826e+01  1.489544e+02
     vertex -3.120628e+01  1.690252e+01  1.490274e+02
   endloop
 endfacet
 facet normal  5.468427e-01 -6.374579e-01 -5.427803e-01
   outer loop
     vertex -3.130333e+01  1.681456e+01  1.490329e+02
     vertex -3.120628e+01  1.690252e+01  1.490274e+02
     vertex -3.123389e+01  1.680653e+01  1.491123e+02
   endloop
 endfacet
 facet normal  4.738327e-01 -4.547908e-01 -7.540874e-01
   outer loop
     vertex -3.123137e+01  1.669256e+01  1.491826e+02
     vertex -3.123389e+01  1.680653e+01  1.491123e+02
     vertex -3.114755e+01  1.679655e+01  1.491726e+02
   endloop
 endfacet
 facet normal  3.937885e-01 -3.974891e-01 -8.288142e-01
   outer loop
     vertex -3.123137e+01  1.669256e+01  1.491826e+02
     vertex -3.114755e+01  1.679655e+01  1.491726e+02
     vertex -3.112870e+01  1.668070e+01  1.492371e+02
   endloop
 endfacet
 facet normal  1.353661e-01  6.395517e-02 -9.887294e-01
   outer loop
     vertex -3.109113e+01  1.655493e+01  1.492711e+02
     vertex -3.097291e+01  1.653215e+01  1.492858e+02
     vertex -3.109332e+01  1.644926e+01  1.492640e+02
   endloop
 endfacet
 facet normal  1.000620e-01 -1.187050e-01 -9.878749e-01
   outer loop
     vertex -3.109113e+01  1.655493e+01  1.492711e+02
     vertex -3.101604e+01  1.666767e+01  1.492652e+02
     vertex -3.097291e+01  1.653215e+01  1.492858e+02
   endloop
 endfacet
 facet normal  2.158658e-01 -1.941987e-01 -9.569163e-01
   outer loop
     vertex -3.109113e+01  1.655493e+01  1.492711e+02
     vertex -3.112870e+01  1.668070e+01  1.492371e+02
     vertex -3.101604e+01  1.666767e+01  1.492652e+02
   endloop
 endfacet
 facet normal  7.631092e-01 -6.240513e-01 -1.680007e-01
   outer loop
     vertex -3.135180e+01  1.682016e+01  1.489391e+02
     vertex -3.139209e+01  1.678429e+01  1.488893e+02
     vertex -3.130309e+01  1.689425e+01  1.488851e+02
   endloop
 endfacet
 facet normal  6.685274e-01 -6.717980e-01 -3.189961e-01
   outer loop
     vertex -3.135180e+01  1.682016e+01  1.489391e+02
     vertex -3.130309e+01  1.689425e+01  1.488851e+02
     vertex -3.125594e+01  1.690826e+01  1.489544e+02
   endloop
 endfacet
 facet normal  6.584116e-01 -6.503540e-01 -3.788586e-01
   outer loop
     vertex -3.135180e+01  1.682016e+01  1.489391e+02
     vertex -3.125594e+01  1.690826e+01  1.489544e+02
     vertex -3.130333e+01  1.681456e+01  1.490329e+02
   endloop
 endfacet
 facet normal  6.385307e-01 -4.738281e-01 -6.064366e-01
   outer loop
     vertex -3.131804e+01  1.670258e+01  1.491049e+02
     vertex -3.130333e+01  1.681456e+01  1.490329e+02
     vertex -3.123389e+01  1.680653e+01  1.491123e+02
   endloop
 endfacet
 facet normal  5.788168e-01 -4.188764e-01 -6.996525e-01
   outer loop
     vertex -3.131804e+01  1.670258e+01  1.491049e+02
     vertex -3.123389e+01  1.680653e+01  1.491123e+02
     vertex -3.123137e+01  1.669256e+01  1.491826e+02
   endloop
 endfacet
 facet normal  3.629018e-01  5.527829e-02 -9.301863e-01
   outer loop
     vertex -3.120341e+01  1.656791e+01  1.492281e+02
     vertex -3.109113e+01  1.655493e+01  1.492711e+02
     vertex -3.109332e+01  1.644926e+01  1.492640e+02
   endloop
 endfacet
 facet normal  4.372719e-01 -2.197909e-01 -8.720580e-01
   outer loop
     vertex -3.120341e+01  1.656791e+01  1.492281e+02
     vertex -3.123137e+01  1.669256e+01  1.491826e+02
     vertex -3.112870e+01  1.668070e+01  1.492371e+02
   endloop
 endfacet
 facet normal  3.386810e-01 -1.499295e-01 -9.288791e-01
   outer loop
     vertex -3.120341e+01  1.656791e+01  1.492281e+02
     vertex -3.112870e+01  1.668070e+01  1.492371e+02
     vertex -3.109113e+01  1.655493e+01  1.492711e+02
   endloop
 endfacet
 facet normal  7.631842e-01 -4.882368e-01 -4.232904e-01
   outer loop
     vertex -3.138363e+01  1.671016e+01  1.490086e+02
     vertex -3.135180e+01  1.682016e+01  1.489391e+02
     vertex -3.130333e+01  1.681456e+01  1.490329e+02
   endloop
 endfacet
 facet normal  8.836176e-01 -3.669827e-01 -2.907638e-01
   outer loop
     vertex -3.138363e+01  1.671016e+01  1.490086e+02
     vertex -3.144752e+01  1.665413e+01  1.488851e+02
     vertex -3.139209e+01  1.678429e+01  1.488893e+02
   endloop
 endfacet
 facet normal  7.276164e-01 -4.360761e-01 -5.295394e-01
   outer loop
     vertex -3.138363e+01  1.671016e+01  1.490086e+02
     vertex -3.130333e+01  1.681456e+01  1.490329e+02
     vertex -3.131804e+01  1.670258e+01  1.491049e+02
   endloop
 endfacet
 facet normal  8.238942e-01 -4.533016e-01 -3.401706e-01
   outer loop
     vertex -3.138363e+01  1.671016e+01  1.490086e+02
     vertex -3.139209e+01  1.678429e+01  1.488893e+02
     vertex -3.135180e+01  1.682016e+01  1.489391e+02
   endloop
 endfacet
 facet normal  5.499993e-01 -1.743557e-01 -8.167624e-01
   outer loop
     vertex -3.130214e+01  1.657932e+01  1.491592e+02
     vertex -3.123137e+01  1.669256e+01  1.491826e+02
     vertex -3.120341e+01  1.656791e+01  1.492281e+02
   endloop
 endfacet
 facet normal  6.319541e-01 -2.422941e-01 -7.361573e-01
   outer loop
     vertex -3.130214e+01  1.657932e+01  1.491592e+02
     vertex -3.131804e+01  1.670258e+01  1.491049e+02
     vertex -3.123137e+01  1.669256e+01  1.491826e+02
   endloop
 endfacet
 facet normal  7.885174e-01 -2.603912e-01 -5.571684e-01
   outer loop
     vertex -3.138154e+01  1.658850e+01  1.490684e+02
     vertex -3.138363e+01  1.671016e+01  1.490086e+02
     vertex -3.131804e+01  1.670258e+01  1.491049e+02
   endloop
 endfacet
 facet normal  7.283859e-01 -1.949753e-01 -6.568398e-01
   outer loop
     vertex -3.138154e+01  1.658850e+01  1.490684e+02
     vertex -3.131804e+01  1.670258e+01  1.491049e+02
     vertex -3.130214e+01  1.657932e+01  1.491592e+02
   endloop
 endfacet
 facet normal  4.184609e-01  1.157127e-01 -9.008335e-01
   outer loop
     vertex -3.126161e+01  1.645267e+01  1.491862e+02
     vertex -3.120341e+01  1.656791e+01  1.492281e+02
     vertex -3.109332e+01  1.644926e+01  1.492640e+02
   endloop
 endfacet
 facet normal  4.171884e-01  1.482080e-01 -8.966539e-01
   outer loop
     vertex -3.126161e+01  1.645267e+01  1.491862e+02
     vertex -3.109332e+01  1.644926e+01  1.492640e+02
     vertex -3.120322e+01  1.637362e+01  1.492003e+02
   endloop
 endfacet
 facet normal  5.730101e-01  8.138174e-03 -8.195079e-01
   outer loop
     vertex -3.126161e+01  1.645267e+01  1.491862e+02
     vertex -3.130214e+01  1.657932e+01  1.491592e+02
     vertex -3.120341e+01  1.656791e+01  1.492281e+02
   endloop
 endfacet
 facet normal  8.990193e-01 -2.758339e-01 -3.401177e-01
   outer loop
     vertex -3.143696e+01  1.659491e+01  1.489611e+02
     vertex -3.144752e+01  1.665413e+01  1.488851e+02
     vertex -3.138363e+01  1.671016e+01  1.490086e+02
   endloop
 endfacet
 facet normal  9.713185e-01 -1.021719e-01 -2.147120e-01
   outer loop
     vertex -3.143696e+01  1.659491e+01  1.489611e+02
     vertex -3.146491e+01  1.651419e+01  1.488730e+02
     vertex -3.144752e+01  1.665413e+01  1.488851e+02
   endloop
 endfacet
 facet normal  8.633998e-01 -2.105815e-01 -4.584717e-01
   outer loop
     vertex -3.143696e+01  1.659491e+01  1.489611e+02
     vertex -3.138363e+01  1.671016e+01  1.490086e+02
     vertex -3.138154e+01  1.658850e+01  1.490684e+02
   endloop
 endfacet
 facet normal  7.519964e-01 -1.255074e-02 -6.590477e-01
   outer loop
     vertex -3.134906e+01  1.646278e+01  1.491078e+02
     vertex -3.138154e+01  1.658850e+01  1.490684e+02
     vertex -3.130214e+01  1.657932e+01  1.491592e+02
   endloop
 endfacet
 facet normal  6.700591e-01  5.616366e-02 -7.401800e-01
   outer loop
     vertex -3.134906e+01  1.646278e+01  1.491078e+02
     vertex -3.130214e+01  1.657932e+01  1.491592e+02
     vertex -3.126161e+01  1.645267e+01  1.491862e+02
   endloop
 endfacet
 facet normal  9.413649e-01  1.883037e-01 -2.799534e-01
   outer loop
     vertex -3.141525e+01  1.647043e+01  1.490106e+02
     vertex -3.144289e+01  1.637570e+01  1.488540e+02
     vertex -3.146491e+01  1.651419e+01  1.488730e+02
   endloop
 endfacet
 facet normal  8.274779e-01  3.796771e-02 -5.602131e-01
   outer loop
     vertex -3.141525e+01  1.647043e+01  1.490106e+02
     vertex -3.138154e+01  1.658850e+01  1.490684e+02
     vertex -3.134906e+01  1.646278e+01  1.491078e+02
   endloop
 endfacet
 facet normal  9.433901e-01  3.325810e-02 -3.300137e-01
   outer loop
     vertex -3.141525e+01  1.647043e+01  1.490106e+02
     vertex -3.146491e+01  1.651419e+01  1.488730e+02
     vertex -3.143696e+01  1.659491e+01  1.489611e+02
   endloop
 endfacet
 facet normal  8.874641e-01 -2.820937e-02 -4.600128e-01
   outer loop
     vertex -3.141525e+01  1.647043e+01  1.490106e+02
     vertex -3.143696e+01  1.659491e+01  1.489611e+02
     vertex -3.138154e+01  1.658850e+01  1.490684e+02
   endloop
 endfacet
 facet normal  4.974296e-01  4.629793e-01 -7.336307e-01
   outer loop
     vertex -3.129338e+01  1.634108e+01  1.491187e+02
     vertex -3.120322e+01  1.637362e+01  1.492003e+02
     vertex -3.129298e+01  1.631184e+01  1.491005e+02
   endloop
 endfacet
 facet normal  6.632099e-01  2.403443e-01 -7.087928e-01
   outer loop
     vertex -3.129338e+01  1.634108e+01  1.491187e+02
     vertex -3.134906e+01  1.646278e+01  1.491078e+02
     vertex -3.126161e+01  1.645267e+01  1.491862e+02
   endloop
 endfacet
 facet normal  5.812205e-01  2.939667e-01 -7.587926e-01
   outer loop
     vertex -3.129338e+01  1.634108e+01  1.491187e+02
     vertex -3.126161e+01  1.645267e+01  1.491862e+02
     vertex -3.120322e+01  1.637362e+01  1.492003e+02
   endloop
 endfacet
 facet normal  7.065773e-01  4.931139e-01 -5.075305e-01
   outer loop
     vertex -3.136417e+01  1.634926e+01  1.490377e+02
     vertex -3.129298e+01  1.631184e+01  1.491005e+02
     vertex -3.135478e+01  1.626930e+01  1.489731e+02
   endloop
 endfacet
 facet normal  7.160525e-01  3.756366e-01 -5.883587e-01
   outer loop
     vertex -3.136417e+01  1.634926e+01  1.490377e+02
     vertex -3.129338e+01  1.634108e+01  1.491187e+02
     vertex -3.129298e+01  1.631184e+01  1.491005e+02
   endloop
 endfacet
 facet normal  8.139535e-01  2.229199e-01 -5.364574e-01
   outer loop
     vertex -3.136417e+01  1.634926e+01  1.490377e+02
     vertex -3.141525e+01  1.647043e+01  1.490106e+02
     vertex -3.134906e+01  1.646278e+01  1.491078e+02
   endloop
 endfacet
 facet normal  7.360853e-01  2.820002e-01 -6.153489e-01
   outer loop
     vertex -3.136417e+01  1.634926e+01  1.490377e+02
     vertex -3.134906e+01  1.646278e+01  1.491078e+02
     vertex -3.129338e+01  1.634108e+01  1.491187e+02
   endloop
 endfacet
 facet normal  8.737211e-01  4.499877e-01 -1.847229e-01
   outer loop
     vertex -3.141358e+01  1.635497e+01  1.489421e+02
     vertex -3.138320e+01  1.624974e+01  1.488294e+02
     vertex -3.144289e+01  1.637570e+01  1.488540e+02
   endloop
 endfacet
 facet normal  8.391456e-01  4.915401e-01 -2.328582e-01
   outer loop
     vertex -3.141358e+01  1.635497e+01  1.489421e+02
     vertex -3.135478e+01  1.626930e+01  1.489731e+02
     vertex -3.138320e+01  1.624974e+01  1.488294e+02
   endloop
 endfacet
 facet normal  8.174594e-01  4.170487e-01 -3.972789e-01
   outer loop
     vertex -3.141358e+01  1.635497e+01  1.489421e+02
     vertex -3.136417e+01  1.634926e+01  1.490377e+02
     vertex -3.135478e+01  1.626930e+01  1.489731e+02
   endloop
 endfacet
 facet normal  8.625707e-01  2.673799e-01 -4.295112e-01
   outer loop
     vertex -3.141358e+01  1.635497e+01  1.489421e+02
     vertex -3.141525e+01  1.647043e+01  1.490106e+02
     vertex -3.136417e+01  1.634926e+01  1.490377e+02
   endloop
 endfacet
 facet normal  9.457669e-01  1.757981e-01 -2.731666e-01
   outer loop
     vertex -3.141358e+01  1.635497e+01  1.489421e+02
     vertex -3.144289e+01  1.637570e+01  1.488540e+02
     vertex -3.141525e+01  1.647043e+01  1.490106e+02
   endloop
 endfacet
 facet normal -1.390060e-01 -5.434659e-02 -9.887992e-01
   outer loop
     vertex  1.963706e+01  5.149486e+00  1.472858e+02
     vertex  1.940545e+01  5.344374e+00  1.473077e+02
     vertex  1.953279e+01  5.416173e+00  1.472858e+02
   endloop
 endfacet
 facet normal -7.805694e-04  1.488600e-01 -9.888580e-01
   outer loop
     vertex  1.856743e+01  4.082505e+00  1.473077e+02
     vertex  1.879516e+01  3.938569e+00  1.472858e+02
     vertex  1.855064e+01  3.937286e+00  1.472858e+02
   endloop
 endfacet
 facet normal -8.976123e-01 -2.160290e-01 -3.842182e-01
   outer loop
     vertex  1.921378e+01  5.077234e+00  1.475269e+02
     vertex  1.916953e+01  4.938415e+00  1.477083e+02
     vertex  1.909891e+01  5.171533e+00  1.477422e+02
   endloop
 endfacet
 facet normal -5.762106e-01 -3.531761e-01 -7.370535e-01
   outer loop
     vertex  1.921378e+01  5.077234e+00  1.475269e+02
     vertex  1.919432e+01  5.225326e+00  1.474712e+02
     vertex  1.928924e+01  5.278849e+00  1.473713e+02
   endloop
 endfacet
 facet normal -8.123914e-01 -2.959123e-01 -5.024502e-01
   outer loop
     vertex  1.921378e+01  5.077234e+00  1.475269e+02
     vertex  1.912897e+01  5.188480e+00  1.475985e+02
     vertex  1.919432e+01  5.225326e+00  1.474712e+02
   endloop
 endfacet
 facet normal -8.398650e-01 -4.900422e-01 -2.334213e-01
   outer loop
     vertex  1.921378e+01  5.077234e+00  1.475269e+02
     vertex  1.909891e+01  5.171533e+00  1.477422e+02
     vertex  1.912897e+01  5.188480e+00  1.475985e+02
   endloop
 endfacet
 facet normal -3.107361e-01  1.433876e-01 -9.396186e-01
   outer loop
     vertex  1.929030e+01  4.653834e+00  1.474006e+02
     vertex  1.960485e+01  4.583094e+00  1.472858e+02
     vertex  1.953251e+01  4.426336e+00  1.472858e+02
   endloop
 endfacet
 facet normal -3.153119e-01  1.248586e-01 -9.407384e-01
   outer loop
     vertex  1.929030e+01  4.653834e+00  1.474006e+02
     vertex  1.931030e+01  4.708728e+00  1.474012e+02
     vertex  1.960485e+01  4.583094e+00  1.472858e+02
   endloop
 endfacet
 facet normal -2.779349e-01  2.016353e-01 -9.391993e-01
   outer loop
     vertex  1.921176e+01  4.517042e+00  1.474002e+02
     vertex  1.953251e+01  4.426336e+00  1.472858e+02
     vertex  1.941129e+01  4.259243e+00  1.472858e+02
   endloop
 endfacet
 facet normal -2.884784e-01  1.685563e-01 -9.425333e-01
   outer loop
     vertex  1.921176e+01  4.517042e+00  1.474002e+02
     vertex  1.929030e+01  4.653834e+00  1.474006e+02
     vertex  1.953251e+01  4.426336e+00  1.472858e+02
   endloop
 endfacet
 facet normal -2.608180e-01  2.156769e-01 -9.409875e-01
   outer loop
     vertex  1.916653e+01  4.463907e+00  1.474006e+02
     vertex  1.921176e+01  4.517042e+00  1.474002e+02
     vertex  1.941129e+01  4.259243e+00  1.472858e+02
   endloop
 endfacet
 facet normal  1.381771e-01  9.625224e-01 -2.333619e-01
   outer loop
     vertex  1.873215e+01  4.362180e+00  1.475275e+02
     vertex  1.860388e+01  4.397812e+00  1.475985e+02
     vertex  1.860784e+01  4.432089e+00  1.477422e+02
   endloop
 endfacet
 facet normal -3.841999e-02  8.635894e-01 -5.027298e-01
   outer loop
     vertex  1.873215e+01  4.362180e+00  1.475275e+02
     vertex  1.859526e+01  4.323289e+00  1.474712e+02
     vertex  1.860388e+01  4.397812e+00  1.475985e+02
   endloop
 endfacet
 facet normal  1.139210e-01  6.664637e-01 -7.367823e-01
   outer loop
     vertex  1.873215e+01  4.362180e+00  1.475275e+02
     vertex  1.858275e+01  4.215034e+00  1.473713e+02
     vertex  1.859526e+01  4.323289e+00  1.474712e+02
   endloop
 endfacet
 facet normal -1.372367e-01  9.157518e-01 -3.775775e-01
   outer loop
     vertex  1.873215e+01  4.362180e+00  1.475275e+02
     vertex  1.860784e+01  4.432089e+00  1.477422e+02
     vertex  1.883772e+01  4.453200e+00  1.477099e+02
   endloop
 endfacet
 facet normal -1.218764e-01  7.780053e-01 -6.163228e-01
   outer loop
     vertex  1.873215e+01  4.362180e+00  1.475275e+02
     vertex  1.887758e+01  4.289366e+00  1.474068e+02
     vertex  1.858275e+01  4.215034e+00  1.473713e+02
   endloop
 endfacet
 facet normal -4.204330e-01 -1.268317e-01 -8.984152e-01
   outer loop
     vertex  1.948975e+01  5.011838e+00  1.473152e+02
     vertex  1.928924e+01  5.278849e+00  1.473713e+02
     vertex  1.940545e+01  5.344374e+00  1.473077e+02
   endloop
 endfacet
 facet normal -1.809257e-01 -1.601089e-02 -9.833664e-01
   outer loop
     vertex  1.948975e+01  5.011838e+00  1.473152e+02
     vertex  1.963706e+01  5.149486e+00  1.472858e+02
     vertex  1.966232e+01  4.864002e+00  1.472858e+02
   endloop
 endfacet
 facet normal -1.423075e-01 -5.834822e-02 -9.881012e-01
   outer loop
     vertex  1.948975e+01  5.011838e+00  1.473152e+02
     vertex  1.940545e+01  5.344374e+00  1.473077e+02
     vertex  1.963706e+01  5.149486e+00  1.472858e+02
   endloop
 endfacet
 facet normal -5.790758e-01  1.505899e-01 -8.012452e-01
   outer loop
     vertex  1.948975e+01  5.011838e+00  1.473152e+02
     vertex  1.933978e+01  4.913374e+00  1.474050e+02
     vertex  1.921378e+01  5.077234e+00  1.475269e+02
   endloop
 endfacet
 facet normal -6.234148e-01 -3.179633e-01 -7.143202e-01
   outer loop
     vertex  1.948975e+01  5.011838e+00  1.473152e+02
     vertex  1.921378e+01  5.077234e+00  1.475269e+02
     vertex  1.928924e+01  5.278849e+00  1.473713e+02
   endloop
 endfacet
 facet normal -1.648879e-01  3.373531e-02 -9.857352e-01
   outer loop
     vertex  1.949636e+01  4.892628e+00  1.473146e+02
     vertex  1.966232e+01  4.864002e+00  1.472858e+02
     vertex  1.960485e+01  4.583094e+00  1.472858e+02
   endloop
 endfacet
 facet normal -4.945008e-01  5.188137e-02 -8.676274e-01
   outer loop
     vertex  1.949636e+01  4.892628e+00  1.473146e+02
     vertex  1.933240e+01  4.803435e+00  1.474027e+02
     vertex  1.933978e+01  4.913374e+00  1.474050e+02
   endloop
 endfacet
 facet normal -1.713927e-01 -4.520523e-03 -9.851924e-01
   outer loop
     vertex  1.949636e+01  4.892628e+00  1.473146e+02
     vertex  1.948975e+01  5.011838e+00  1.473152e+02
     vertex  1.966232e+01  4.864002e+00  1.472858e+02
   endloop
 endfacet
 facet normal -5.251974e-01  1.354800e-01 -8.401267e-01
   outer loop
     vertex  1.949636e+01  4.892628e+00  1.473146e+02
     vertex  1.931030e+01  4.708728e+00  1.474012e+02
     vertex  1.933240e+01  4.803435e+00  1.474027e+02
   endloop
 endfacet
 facet normal -3.821354e-01 -4.824549e-02 -9.228461e-01
   outer loop
     vertex  1.949636e+01  4.892628e+00  1.473146e+02
     vertex  1.960485e+01  4.583094e+00  1.472858e+02
     vertex  1.931030e+01  4.708728e+00  1.474012e+02
   endloop
 endfacet
 facet normal -5.025305e-01 -2.349598e-02 -8.642401e-01
   outer loop
     vertex  1.949636e+01  4.892628e+00  1.473146e+02
     vertex  1.933978e+01  4.913374e+00  1.474050e+02
     vertex  1.948975e+01  5.011838e+00  1.473152e+02
   endloop
 endfacet
 facet normal -7.749770e-01 -1.371221e-01 -6.169344e-01
   outer loop
     vertex  1.922499e+01  4.927429e+00  1.475461e+02
     vertex  1.921378e+01  5.077234e+00  1.475269e+02
     vertex  1.933978e+01  4.913374e+00  1.474050e+02
   endloop
 endfacet
 facet normal -9.426704e-01 -1.108937e-01 -3.147618e-01
   outer loop
     vertex  1.922499e+01  4.927429e+00  1.475461e+02
     vertex  1.916953e+01  4.938415e+00  1.477083e+02
     vertex  1.921378e+01  5.077234e+00  1.475269e+02
   endloop
 endfacet
 facet normal -9.236445e-01  1.349816e-01 -3.586933e-01
   outer loop
     vertex  1.922532e+01  4.881726e+00  1.475433e+02
     vertex  1.915097e+01  4.775599e+00  1.476949e+02
     vertex  1.916953e+01  4.938415e+00  1.477083e+02
   endloop
 endfacet
 facet normal -7.760340e-01  6.562537e-02 -6.272675e-01
   outer loop
     vertex  1.922532e+01  4.881726e+00  1.475433e+02
     vertex  1.933978e+01  4.913374e+00  1.474050e+02
     vertex  1.933240e+01  4.803435e+00  1.474027e+02
   endloop
 endfacet
 facet normal -9.458875e-01  1.282477e-02 -3.242412e-01
   outer loop
     vertex  1.922532e+01  4.881726e+00  1.475433e+02
     vertex  1.916953e+01  4.938415e+00  1.477083e+02
     vertex  1.922499e+01  4.927429e+00  1.475461e+02
   endloop
 endfacet
 facet normal -7.736355e-01  3.287156e-02 -6.327777e-01
   outer loop
     vertex  1.922532e+01  4.881726e+00  1.475433e+02
     vertex  1.922499e+01  4.927429e+00  1.475461e+02
     vertex  1.933978e+01  4.913374e+00  1.474050e+02
   endloop
 endfacet
 facet normal -7.398809e-01  1.826149e-01 -6.474782e-01
   outer loop
     vertex  1.919659e+01  4.728737e+00  1.475368e+02
     vertex  1.933240e+01  4.803435e+00  1.474027e+02
     vertex  1.931030e+01  4.708728e+00  1.474012e+02
   endloop
 endfacet
 facet normal -7.181971e-01  2.684694e-01 -6.419634e-01
   outer loop
     vertex  1.919659e+01  4.728737e+00  1.475368e+02
     vertex  1.931030e+01  4.708728e+00  1.474012e+02
     vertex  1.929030e+01  4.653834e+00  1.474006e+02
   endloop
 endfacet
 facet normal -9.273981e-01  1.879817e-01 -3.234126e-01
   outer loop
     vertex  1.919659e+01  4.728737e+00  1.475368e+02
     vertex  1.915097e+01  4.775599e+00  1.476949e+02
     vertex  1.922532e+01  4.881726e+00  1.475433e+02
   endloop
 endfacet
 facet normal -7.377166e-01  1.665166e-01 -6.542526e-01
   outer loop
     vertex  1.919659e+01  4.728737e+00  1.475368e+02
     vertex  1.922532e+01  4.881726e+00  1.475433e+02
     vertex  1.933240e+01  4.803435e+00  1.474027e+02
   endloop
 endfacet
 facet normal -7.856285e-01  4.618462e-01 -4.116868e-01
   outer loop
     vertex  1.917138e+01  4.668236e+00  1.475355e+02
     vertex  1.903445e+01  4.575233e+00  1.476924e+02
     vertex  1.915097e+01  4.775599e+00  1.476949e+02
   endloop
 endfacet
 facet normal -8.595491e-01  3.660527e-01 -3.566240e-01
   outer loop
     vertex  1.917138e+01  4.668236e+00  1.475355e+02
     vertex  1.915097e+01  4.775599e+00  1.476949e+02
     vertex  1.919659e+01  4.728737e+00  1.475368e+02
   endloop
 endfacet
 facet normal -6.706342e-01  3.870066e-01 -6.328314e-01
   outer loop
     vertex  1.917138e+01  4.668236e+00  1.475355e+02
     vertex  1.929030e+01  4.653834e+00  1.474006e+02
     vertex  1.921176e+01  4.517042e+00  1.474002e+02
   endloop
 endfacet
 facet normal -6.978302e-01  3.050368e-01 -6.480629e-01
   outer loop
     vertex  1.917138e+01  4.668236e+00  1.475355e+02
     vertex  1.919659e+01  4.728737e+00  1.475368e+02
     vertex  1.929030e+01  4.653834e+00  1.474006e+02
   endloop
 endfacet
 facet normal -1.059642e-01  1.227599e-01 -9.867632e-01
   outer loop
     vertex  1.908780e+01  4.208530e+00  1.473143e+02
     vertex  1.941129e+01  4.259243e+00  1.472858e+02
     vertex  1.922402e+01  4.097592e+00  1.472858e+02
   endloop
 endfacet
 facet normal -1.369031e-01  3.548230e-01 -9.248558e-01
   outer loop
     vertex  1.908780e+01  4.208530e+00  1.473143e+02
     vertex  1.916653e+01  4.463907e+00  1.474006e+02
     vertex  1.941129e+01  4.259243e+00  1.472858e+02
   endloop
 endfacet
 facet normal -3.794853e-01  3.991321e-01 -8.346763e-01
   outer loop
     vertex  1.908780e+01  4.208530e+00  1.473143e+02
     vertex  1.910498e+01  4.407171e+00  1.474014e+02
     vertex  1.916653e+01  4.463907e+00  1.474006e+02
   endloop
 endfacet
 facet normal -2.715645e-01  4.063640e-01 -8.724225e-01
   outer loop
     vertex  1.908780e+01  4.208530e+00  1.473143e+02
     vertex  1.897211e+01  4.324406e+00  1.474042e+02
     vertex  1.910498e+01  4.407171e+00  1.474014e+02
   endloop
 endfacet
 facet normal -7.618850e-02  1.633250e-01 -9.836261e-01
   outer loop
     vertex  1.897511e+01  4.156008e+00  1.473148e+02
     vertex  1.922402e+01  4.097592e+00  1.472858e+02
     vertex  1.895433e+01  3.971786e+00  1.472858e+02
   endloop
 endfacet
 facet normal -7.784800e-02  1.567220e-01 -9.845699e-01
   outer loop
     vertex  1.897511e+01  4.156008e+00  1.473148e+02
     vertex  1.908780e+01  4.208530e+00  1.473143e+02
     vertex  1.922402e+01  4.097592e+00  1.472858e+02
   endloop
 endfacet
 facet normal -1.934318e-01  4.574976e-01 -8.679171e-01
   outer loop
     vertex  1.897511e+01  4.156008e+00  1.473148e+02
     vertex  1.887758e+01  4.289366e+00  1.474068e+02
     vertex  1.897211e+01  4.324406e+00  1.474042e+02
   endloop
 endfacet
 facet normal -2.162510e-01  4.549407e-01 -8.638660e-01
   outer loop
     vertex  1.897511e+01  4.156008e+00  1.473148e+02
     vertex  1.897211e+01  4.324406e+00  1.474042e+02
     vertex  1.908780e+01  4.208530e+00  1.473143e+02
   endloop
 endfacet
 facet normal -5.854052e-01  4.939616e-01 -6.428863e-01
   outer loop
     vertex  1.909913e+01  4.559644e+00  1.475355e+02
     vertex  1.921176e+01  4.517042e+00  1.474002e+02
     vertex  1.916653e+01  4.463907e+00  1.474006e+02
   endloop
 endfacet
 facet normal -5.189270e-01  5.531806e-01 -6.516947e-01
   outer loop
     vertex  1.909913e+01  4.559644e+00  1.475355e+02
     vertex  1.916653e+01  4.463907e+00  1.474006e+02
     vertex  1.910498e+01  4.407171e+00  1.474014e+02
   endloop
 endfacet
 facet normal -6.289802e-01  4.182533e-01 -6.553229e-01
   outer loop
     vertex  1.909913e+01  4.559644e+00  1.475355e+02
     vertex  1.917138e+01  4.668236e+00  1.475355e+02
     vertex  1.921176e+01  4.517042e+00  1.474002e+02
   endloop
 endfacet
 facet normal -7.735607e-01  5.145378e-01 -3.699387e-01
   outer loop
     vertex  1.909913e+01  4.559644e+00  1.475355e+02
     vertex  1.903445e+01  4.575233e+00  1.476924e+02
     vertex  1.917138e+01  4.668236e+00  1.475355e+02
   endloop
 endfacet
 facet normal -1.631986e-01  4.767411e-01 -8.637616e-01
   outer loop
     vertex  1.891620e+01  4.136431e+00  1.473151e+02
     vertex  1.887758e+01  4.289366e+00  1.474068e+02
     vertex  1.897511e+01  4.156008e+00  1.473148e+02
   endloop
 endfacet
 facet normal -5.915176e-02  1.616316e-01 -9.850768e-01
   outer loop
     vertex  1.891620e+01  4.136431e+00  1.473151e+02
     vertex  1.897511e+01  4.156008e+00  1.473148e+02
     vertex  1.895433e+01  3.971786e+00  1.472858e+02
   endloop
 endfacet
 facet normal -3.313241e-02  4.357140e-01 -8.994752e-01
   outer loop
     vertex  1.885050e+01  4.120232e+00  1.473155e+02
     vertex  1.856743e+01  4.082505e+00  1.473077e+02
     vertex  1.858275e+01  4.215034e+00  1.473713e+02
   endloop
 endfacet
 facet normal -4.645099e-02  1.646066e-01 -9.852649e-01
   outer loop
     vertex  1.885050e+01  4.120232e+00  1.473155e+02
     vertex  1.891620e+01  4.136431e+00  1.473151e+02
     vertex  1.895433e+01  3.971786e+00  1.472858e+02
   endloop
 endfacet
 facet normal -3.586486e-02  1.718518e-01 -9.844697e-01
   outer loop
     vertex  1.885050e+01  4.120232e+00  1.473155e+02
     vertex  1.895433e+01  3.971786e+00  1.472858e+02
     vertex  1.879516e+01  3.938569e+00  1.472858e+02
   endloop
 endfacet
 facet normal -1.251769e-01  4.867880e-01 -8.645046e-01
   outer loop
     vertex  1.885050e+01  4.120232e+00  1.473155e+02
     vertex  1.887758e+01  4.289366e+00  1.474068e+02
     vertex  1.891620e+01  4.136431e+00  1.473151e+02
   endloop
 endfacet
 facet normal  6.110469e-03  1.595078e-01 -9.871778e-01
   outer loop
     vertex  1.885050e+01  4.120232e+00  1.473155e+02
     vertex  1.879516e+01  3.938569e+00  1.472858e+02
     vertex  1.856743e+01  4.082505e+00  1.473077e+02
   endloop
 endfacet
 facet normal -1.429466e-02  4.768063e-01 -8.788922e-01
   outer loop
     vertex  1.885050e+01  4.120232e+00  1.473155e+02
     vertex  1.858275e+01  4.215034e+00  1.473713e+02
     vertex  1.887758e+01  4.289366e+00  1.474068e+02
   endloop
 endfacet
 facet normal -5.201514e-01  5.526620e-01 -6.511583e-01
   outer loop
     vertex  1.900380e+01  4.474003e+00  1.475390e+02
     vertex  1.909913e+01  4.559644e+00  1.475355e+02
     vertex  1.910498e+01  4.407171e+00  1.474014e+02
   endloop
 endfacet
 facet normal -5.082960e-01  7.620441e-01 -4.011533e-01
   outer loop
     vertex  1.900380e+01  4.474003e+00  1.475390e+02
     vertex  1.883772e+01  4.453200e+00  1.477099e+02
     vertex  1.903445e+01  4.575233e+00  1.476924e+02
   endloop
 endfacet
 facet normal -4.210586e-01  6.546410e-01 -6.278175e-01
   outer loop
     vertex  1.900380e+01  4.474003e+00  1.475390e+02
     vertex  1.910498e+01  4.407171e+00  1.474014e+02
     vertex  1.897211e+01  4.324406e+00  1.474042e+02
   endloop
 endfacet
 facet normal -6.371007e-01  6.957569e-01 -3.317003e-01
   outer loop
     vertex  1.900380e+01  4.474003e+00  1.475390e+02
     vertex  1.903445e+01  4.575233e+00  1.476924e+02
     vertex  1.909913e+01  4.559644e+00  1.475355e+02
   endloop
 endfacet
 facet normal -3.870796e-01  6.609885e-01 -6.428558e-01
   outer loop
     vertex  1.888885e+01  4.413255e+00  1.475457e+02
     vertex  1.900380e+01  4.474003e+00  1.475390e+02
     vertex  1.897211e+01  4.324406e+00  1.474042e+02
   endloop
 endfacet
 facet normal -2.864223e-01  7.264280e-01 -6.247116e-01
   outer loop
     vertex  1.888885e+01  4.413255e+00  1.475457e+02
     vertex  1.897211e+01  4.324406e+00  1.474042e+02
     vertex  1.887758e+01  4.289366e+00  1.474068e+02
   endloop
 endfacet
 facet normal -4.547175e-01  8.224638e-01 -3.417385e-01
   outer loop
     vertex  1.888885e+01  4.413255e+00  1.475457e+02
     vertex  1.883772e+01  4.453200e+00  1.477099e+02
     vertex  1.900380e+01  4.474003e+00  1.475390e+02
   endloop
 endfacet
 facet normal -2.873401e-01  7.262591e-01 -6.244865e-01
   outer loop
     vertex  1.884913e+01  4.399965e+00  1.475485e+02
     vertex  1.888885e+01  4.413255e+00  1.475457e+02
     vertex  1.887758e+01  4.289366e+00  1.474068e+02
   endloop
 endfacet
 facet normal -3.210908e-01  8.923713e-01 -3.171342e-01
   outer loop
     vertex  1.884913e+01  4.399965e+00  1.475485e+02
     vertex  1.883772e+01  4.453200e+00  1.477099e+02
     vertex  1.888885e+01  4.413255e+00  1.475457e+02
   endloop
 endfacet
 facet normal -2.387572e-01  9.170307e-01 -3.194521e-01
   outer loop
     vertex  1.884913e+01  4.399965e+00  1.475485e+02
     vertex  1.873215e+01  4.362180e+00  1.475275e+02
     vertex  1.883772e+01  4.453200e+00  1.477099e+02
   endloop
 endfacet
 facet normal -1.353275e-01  7.677233e-01 -6.263285e-01
   outer loop
     vertex  1.884913e+01  4.399965e+00  1.475485e+02
     vertex  1.887758e+01  4.289366e+00  1.474068e+02
     vertex  1.873215e+01  4.362180e+00  1.475275e+02
   endloop
 endfacet
 facet normal -7.820613e-01 -3.632694e-01 -5.063748e-01
   outer loop
     vertex  1.883106e+01  5.829840e+00  1.475985e+02
     vertex  1.919432e+01  5.225326e+00  1.474712e+02
     vertex  1.912897e+01  5.188480e+00  1.475985e+02
   endloop
 endfacet
 facet normal -8.820233e-01 -4.097020e-01 -2.327644e-01
   outer loop
     vertex  1.883106e+01  5.829840e+00  1.475985e+02
     vertex  1.912897e+01  5.188480e+00  1.475985e+02
     vertex  1.909891e+01  5.171533e+00  1.477422e+02
   endloop
 endfacet
 facet normal -8.820233e-01 -4.097020e-01 -2.327644e-01
   outer loop
     vertex  1.883106e+01  5.829840e+00  1.475985e+02
     vertex  1.909891e+01  5.171533e+00  1.477422e+02
     vertex  1.879872e+01  5.817805e+00  1.477422e+02
   endloop
 endfacet
 facet normal -6.137439e-01 -2.850856e-01 -7.362368e-01
   outer loop
     vertex  1.890136e+01  5.856006e+00  1.474712e+02
     vertex  1.928924e+01  5.278849e+00  1.473713e+02
     vertex  1.919432e+01  5.225326e+00  1.474712e+02
   endloop
 endfacet
 facet normal -7.820613e-01 -3.632694e-01 -5.063748e-01
   outer loop
     vertex  1.890136e+01  5.856006e+00  1.474712e+02
     vertex  1.919432e+01  5.225326e+00  1.474712e+02
     vertex  1.883106e+01  5.829840e+00  1.475985e+02
   endloop
 endfacet
 facet normal -3.914283e-01 -1.818194e-01 -9.020674e-01
   outer loop
     vertex  1.900350e+01  5.894017e+00  1.473713e+02
     vertex  1.940545e+01  5.344374e+00  1.473077e+02
     vertex  1.928924e+01  5.278849e+00  1.473713e+02
   endloop
 endfacet
 facet normal -6.137439e-01 -2.850856e-01 -7.362368e-01
   outer loop
     vertex  1.900350e+01  5.894017e+00  1.473713e+02
     vertex  1.928924e+01  5.278849e+00  1.473713e+02
     vertex  1.890136e+01  5.856006e+00  1.474712e+02
   endloop
 endfacet
 facet normal -1.344590e-01 -6.245654e-02 -9.889489e-01
   outer loop
     vertex  1.912853e+01  5.940550e+00  1.473077e+02
     vertex  1.953279e+01  5.416173e+00  1.472858e+02
     vertex  1.940545e+01  5.344374e+00  1.473077e+02
   endloop
 endfacet
 facet normal -1.344590e-01 -6.245654e-02 -9.889489e-01
   outer loop
     vertex  1.912853e+01  5.940550e+00  1.473077e+02
     vertex  1.926553e+01  5.991540e+00  1.472858e+02
     vertex  1.953279e+01  5.416173e+00  1.472858e+02
   endloop
 endfacet
 facet normal -3.914283e-01 -1.818194e-01 -9.020674e-01
   outer loop
     vertex  1.912853e+01  5.940550e+00  1.473077e+02
     vertex  1.940545e+01  5.344374e+00  1.473077e+02
     vertex  1.900350e+01  5.894017e+00  1.473713e+02
   endloop
 endfacet
 facet normal -9.352669e-01 -2.666394e-01 -2.327644e-01
   outer loop
     vertex  1.863717e+01  6.509916e+00  1.475985e+02
     vertex  1.879872e+01  5.817805e+00  1.477422e+02
     vertex  1.860335e+01  6.503089e+00  1.477422e+02
   endloop
 endfacet
 facet normal -9.352669e-01 -2.666394e-01 -2.327644e-01
   outer loop
     vertex  1.863717e+01  6.509916e+00  1.475985e+02
     vertex  1.883106e+01  5.829840e+00  1.475985e+02
     vertex  1.879872e+01  5.817805e+00  1.477422e+02
   endloop
 endfacet
 facet normal -8.292707e-01 -2.364204e-01 -5.063748e-01
   outer loop
     vertex  1.871071e+01  6.524758e+00  1.474712e+02
     vertex  1.883106e+01  5.829840e+00  1.475985e+02
     vertex  1.863717e+01  6.509916e+00  1.475985e+02
   endloop
 endfacet
 facet normal -8.292707e-01 -2.364204e-01 -5.063748e-01
   outer loop
     vertex  1.871071e+01  6.524758e+00  1.474712e+02
     vertex  1.890136e+01  5.856006e+00  1.474712e+02
     vertex  1.883106e+01  5.829840e+00  1.475985e+02
   endloop
 endfacet
 facet normal -6.507928e-01 -1.855374e-01 -7.362368e-01
   outer loop
     vertex  1.881753e+01  6.546320e+00  1.473713e+02
     vertex  1.900350e+01  5.894017e+00  1.473713e+02
     vertex  1.890136e+01  5.856006e+00  1.474712e+02
   endloop
 endfacet
 facet normal -6.507928e-01 -1.855374e-01 -7.362368e-01
   outer loop
     vertex  1.881753e+01  6.546320e+00  1.473713e+02
     vertex  1.890136e+01  5.856006e+00  1.474712e+02
     vertex  1.871071e+01  6.524758e+00  1.474712e+02
   endloop
 endfacet
 facet normal -1.425757e-01 -4.064752e-02 -9.889489e-01
   outer loop
     vertex  1.894830e+01  6.572715e+00  1.473077e+02
     vertex  1.909160e+01  6.601638e+00  1.472858e+02
     vertex  1.926553e+01  5.991540e+00  1.472858e+02
   endloop
 endfacet
 facet normal -1.425757e-01 -4.064752e-02 -9.889489e-01
   outer loop
     vertex  1.894830e+01  6.572715e+00  1.473077e+02
     vertex  1.926553e+01  5.991540e+00  1.472858e+02
     vertex  1.912853e+01  5.940550e+00  1.473077e+02
   endloop
 endfacet
 facet normal -4.150571e-01 -1.183304e-01 -9.020674e-01
   outer loop
     vertex  1.894830e+01  6.572715e+00  1.473077e+02
     vertex  1.912853e+01  5.940550e+00  1.473077e+02
     vertex  1.900350e+01  5.894017e+00  1.473713e+02
   endloop
 endfacet
 facet normal -4.150571e-01 -1.183304e-01 -9.020674e-01
   outer loop
     vertex  1.894830e+01  6.572715e+00  1.473077e+02
     vertex  1.900350e+01  5.894017e+00  1.473713e+02
     vertex  1.881753e+01  6.546320e+00  1.473713e+02
   endloop
 endfacet
 facet normal -9.654688e-01 -1.170076e-01 -2.327644e-01
   outer loop
     vertex  1.855209e+01  7.211953e+00  1.475985e+02
     vertex  1.860335e+01  6.503089e+00  1.477422e+02
     vertex  1.851761e+01  7.210503e+00  1.477422e+02
   endloop
 endfacet
 facet normal -9.654688e-01 -1.170076e-01 -2.327644e-01
   outer loop
     vertex  1.855209e+01  7.211953e+00  1.475985e+02
     vertex  1.863717e+01  6.509916e+00  1.475985e+02
     vertex  1.860335e+01  6.503089e+00  1.477422e+02
   endloop
 endfacet
 facet normal -8.560497e-01 -1.037469e-01 -5.063748e-01
   outer loop
     vertex  1.862704e+01  7.215106e+00  1.474712e+02
     vertex  1.871071e+01  6.524758e+00  1.474712e+02
     vertex  1.863717e+01  6.509916e+00  1.475985e+02
   endloop
 endfacet
 facet normal -8.560497e-01 -1.037469e-01 -5.063748e-01
   outer loop
     vertex  1.862704e+01  7.215106e+00  1.474712e+02
     vertex  1.863717e+01  6.509916e+00  1.475985e+02
     vertex  1.855209e+01  7.211953e+00  1.475985e+02
   endloop
 endfacet
 facet normal -6.718083e-01 -8.141818e-02 -7.362368e-01
   outer loop
     vertex  1.873592e+01  7.219686e+00  1.473713e+02
     vertex  1.871071e+01  6.524758e+00  1.474712e+02
     vertex  1.862704e+01  7.215106e+00  1.474712e+02
   endloop
 endfacet
 facet normal -6.718083e-01 -8.141818e-02 -7.362368e-01
   outer loop
     vertex  1.873592e+01  7.219686e+00  1.473713e+02
     vertex  1.881753e+01  6.546320e+00  1.473713e+02
     vertex  1.871071e+01  6.524758e+00  1.474712e+02
   endloop
 endfacet
 facet normal -1.471798e-01 -1.783709e-02 -9.889489e-01
   outer loop
     vertex  1.886921e+01  7.225294e+00  1.473077e+02
     vertex  1.901527e+01  7.231438e+00  1.472858e+02
     vertex  1.909160e+01  6.601638e+00  1.472858e+02
   endloop
 endfacet
 facet normal -4.284602e-01 -5.192619e-02 -9.020674e-01
   outer loop
     vertex  1.886921e+01  7.225294e+00  1.473077e+02
     vertex  1.894830e+01  6.572715e+00  1.473077e+02
     vertex  1.881753e+01  6.546320e+00  1.473713e+02
   endloop
 endfacet
 facet normal -1.471798e-01 -1.783709e-02 -9.889489e-01
   outer loop
     vertex  1.886921e+01  7.225294e+00  1.473077e+02
     vertex  1.909160e+01  6.601638e+00  1.472858e+02
     vertex  1.894830e+01  6.572715e+00  1.473077e+02
   endloop
 endfacet
 facet normal -4.284602e-01 -5.192619e-02 -9.020674e-01
   outer loop
     vertex  1.886921e+01  7.225294e+00  1.473077e+02
     vertex  1.881753e+01  6.546320e+00  1.473713e+02
     vertex  1.873592e+01  7.219686e+00  1.473713e+02
   endloop
 endfacet
 facet normal -9.718848e-01  3.550675e-02 -2.327644e-01
   outer loop
     vertex  1.857791e+01  7.918655e+00  1.475985e+02
     vertex  1.851761e+01  7.210503e+00  1.477422e+02
     vertex  1.854363e+01  7.922617e+00  1.477422e+02
   endloop
 endfacet
 facet normal -9.718848e-01  3.550675e-02 -2.327644e-01
   outer loop
     vertex  1.857791e+01  7.918655e+00  1.475985e+02
     vertex  1.855209e+01  7.211953e+00  1.475985e+02
     vertex  1.851761e+01  7.210503e+00  1.477422e+02
   endloop
 endfacet
 facet normal -8.617386e-01  3.148268e-02 -5.063748e-01
   outer loop
     vertex  1.865243e+01  7.910041e+00  1.474712e+02
     vertex  1.862704e+01  7.215106e+00  1.474712e+02
     vertex  1.855209e+01  7.211953e+00  1.475985e+02
   endloop
 endfacet
 facet normal -8.617386e-01  3.148268e-02 -5.063748e-01
   outer loop
     vertex  1.865243e+01  7.910041e+00  1.474712e+02
     vertex  1.855209e+01  7.211953e+00  1.475985e+02
     vertex  1.857791e+01  7.918655e+00  1.475985e+02
   endloop
 endfacet
 facet normal -6.762728e-01  2.470689e-02 -7.362368e-01
   outer loop
     vertex  1.876069e+01  7.897528e+00  1.473713e+02
     vertex  1.873592e+01  7.219686e+00  1.473713e+02
     vertex  1.862704e+01  7.215106e+00  1.474712e+02
   endloop
 endfacet
 facet normal -6.762728e-01  2.470689e-02 -7.362368e-01
   outer loop
     vertex  1.876069e+01  7.897528e+00  1.473713e+02
     vertex  1.862704e+01  7.215106e+00  1.474712e+02
     vertex  1.865243e+01  7.910041e+00  1.474712e+02
   endloop
 endfacet
 facet normal -1.481578e-01  5.412784e-03 -9.889489e-01
   outer loop
     vertex  1.889321e+01  7.882209e+00  1.473077e+02
     vertex  1.903843e+01  7.865424e+00  1.472858e+02
     vertex  1.901527e+01  7.231438e+00  1.472858e+02
   endloop
 endfacet
 facet normal -1.481578e-01  5.412784e-03 -9.889489e-01
   outer loop
     vertex  1.889321e+01  7.882209e+00  1.473077e+02
     vertex  1.901527e+01  7.231438e+00  1.472858e+02
     vertex  1.886921e+01  7.225294e+00  1.473077e+02
   endloop
 endfacet
 facet normal -4.313075e-01  1.575735e-02 -9.020674e-01
   outer loop
     vertex  1.889321e+01  7.882209e+00  1.473077e+02
     vertex  1.886921e+01  7.225294e+00  1.473077e+02
     vertex  1.873592e+01  7.219686e+00  1.473713e+02
   endloop
 endfacet
 facet normal -4.313075e-01  1.575735e-02 -9.020674e-01
   outer loop
     vertex  1.889321e+01  7.882209e+00  1.473077e+02
     vertex  1.873592e+01  7.219686e+00  1.473713e+02
     vertex  1.876069e+01  7.897528e+00  1.473713e+02
   endloop
 endfacet
 facet normal -9.543568e-01  1.871464e-01 -2.327644e-01
   outer loop
     vertex  1.871399e+01  8.612612e+00  1.475985e+02
     vertex  1.854363e+01  7.922617e+00  1.477422e+02
     vertex  1.868075e+01  8.621889e+00  1.477422e+02
   endloop
 endfacet
 facet normal -9.543568e-01  1.871464e-01 -2.327644e-01
   outer loop
     vertex  1.871399e+01  8.612612e+00  1.475985e+02
     vertex  1.857791e+01  7.918655e+00  1.475985e+02
     vertex  1.854363e+01  7.922617e+00  1.477422e+02
   endloop
 endfacet
 facet normal -8.461971e-01  1.659366e-01 -5.063748e-01
   outer loop
     vertex  1.878625e+01  8.592443e+00  1.474712e+02
     vertex  1.865243e+01  7.910041e+00  1.474712e+02
     vertex  1.857791e+01  7.918655e+00  1.475985e+02
   endloop
 endfacet
 facet normal -8.461971e-01  1.659366e-01 -5.063748e-01
   outer loop
     vertex  1.878625e+01  8.592443e+00  1.474712e+02
     vertex  1.857791e+01  7.918655e+00  1.475985e+02
     vertex  1.871399e+01  8.612612e+00  1.475985e+02
   endloop
 endfacet
 facet normal -6.640762e-01  1.302233e-01 -7.362368e-01
   outer loop
     vertex  1.889121e+01  8.563145e+00  1.473713e+02
     vertex  1.865243e+01  7.910041e+00  1.474712e+02
     vertex  1.878625e+01  8.592443e+00  1.474712e+02
   endloop
 endfacet
 facet normal -6.640762e-01  1.302233e-01 -7.362368e-01
   outer loop
     vertex  1.889121e+01  8.563145e+00  1.473713e+02
     vertex  1.876069e+01  7.897528e+00  1.473713e+02
     vertex  1.865243e+01  7.910041e+00  1.474712e+02
   endloop
 endfacet
 facet normal -4.235289e-01  8.305268e-02 -9.020674e-01
   outer loop
     vertex  1.889121e+01  8.563145e+00  1.473713e+02
     vertex  1.889321e+01  7.882209e+00  1.473077e+02
     vertex  1.876069e+01  7.897528e+00  1.473713e+02
   endloop
 endfacet
 facet normal -4.235289e-01  8.305268e-02 -9.020674e-01
   outer loop
     vertex  1.901971e+01  8.527277e+00  1.473077e+02
     vertex  1.889321e+01  7.882209e+00  1.473077e+02
     vertex  1.889121e+01  8.563145e+00  1.473713e+02
   endloop
 endfacet
 facet normal -1.454858e-01  2.852931e-02 -9.889489e-01
   outer loop
     vertex  1.901971e+01  8.527277e+00  1.473077e+02
     vertex  1.916051e+01  8.487975e+00  1.472858e+02
     vertex  1.903843e+01  7.865424e+00  1.472858e+02
   endloop
 endfacet
 facet normal -1.454858e-01  2.852931e-02 -9.889489e-01
   outer loop
     vertex  1.901971e+01  8.527277e+00  1.473077e+02
     vertex  1.903843e+01  7.865424e+00  1.472858e+02
     vertex  1.889321e+01  7.882209e+00  1.473077e+02
   endloop
 endfacet
 facet normal -9.133168e-01  3.341753e-01 -2.327644e-01
   outer loop
     vertex  1.895698e+01  9.276727e+00  1.475985e+02
     vertex  1.868075e+01  8.621889e+00  1.477422e+02
     vertex  1.892561e+01  9.291090e+00  1.477422e+02
   endloop
 endfacet
 facet normal -9.133168e-01  3.341753e-01 -2.327644e-01
   outer loop
     vertex  1.895698e+01  9.276727e+00  1.475985e+02
     vertex  1.871399e+01  8.612612e+00  1.475985e+02
     vertex  1.868075e+01  8.621889e+00  1.477422e+02
   endloop
 endfacet
 facet normal -8.098083e-01  2.963024e-01 -5.063748e-01
   outer loop
     vertex  1.902519e+01  9.245500e+00  1.474712e+02
     vertex  1.878625e+01  8.592443e+00  1.474712e+02
     vertex  1.871399e+01  8.612612e+00  1.475985e+02
   endloop
 endfacet
 facet normal -8.098083e-01  2.963024e-01 -5.063748e-01
   outer loop
     vertex  1.902519e+01  9.245500e+00  1.474712e+02
     vertex  1.871399e+01  8.612612e+00  1.475985e+02
     vertex  1.895698e+01  9.276727e+00  1.475985e+02
   endloop
 endfacet
 facet normal -6.355191e-01  2.325314e-01 -7.362368e-01
   outer loop
     vertex  1.912428e+01  9.200138e+00  1.473713e+02
     vertex  1.878625e+01  8.592443e+00  1.474712e+02
     vertex  1.902519e+01  9.245500e+00  1.474712e+02
   endloop
 endfacet
 facet normal -6.355191e-01  2.325314e-01 -7.362368e-01
   outer loop
     vertex  1.912428e+01  9.200138e+00  1.473713e+02
     vertex  1.889121e+01  8.563145e+00  1.473713e+02
     vertex  1.878625e+01  8.592443e+00  1.474712e+02
   endloop
 endfacet
 facet normal -1.392295e-01  5.094297e-02 -9.889489e-01
   outer loop
     vertex  1.924558e+01  9.144606e+00  1.473077e+02
     vertex  1.916051e+01  8.487975e+00  1.472858e+02
     vertex  1.901971e+01  8.527277e+00  1.473077e+02
   endloop
 endfacet
 facet normal -4.053159e-01  1.483019e-01 -9.020674e-01
   outer loop
     vertex  1.924558e+01  9.144606e+00  1.473077e+02
     vertex  1.889121e+01  8.563145e+00  1.473713e+02
     vertex  1.912428e+01  9.200138e+00  1.473713e+02
   endloop
 endfacet
 facet normal -1.392295e-01  5.094297e-02 -9.889489e-01
   outer loop
     vertex  1.924558e+01  9.144606e+00  1.473077e+02
     vertex  1.937850e+01  9.083755e+00  1.472858e+02
     vertex  1.916051e+01  8.487975e+00  1.472858e+02
   endloop
 endfacet
 facet normal -4.053159e-01  1.483019e-01 -9.020674e-01
   outer loop
     vertex  1.924558e+01  9.144606e+00  1.473077e+02
     vertex  1.901971e+01  8.527277e+00  1.473077e+02
     vertex  1.889121e+01  8.563145e+00  1.473713e+02
   endloop
 endfacet
 facet normal -7.652991e-01  6.001150e-01 -2.327644e-01
   outer loop
     vertex  1.930090e+01  9.894639e+00  1.475985e+02
     vertex  1.927216e+01  9.913734e+00  1.477422e+02
     vertex  1.971188e+01  1.047448e+01  1.477422e+02
   endloop
 endfacet
 facet normal -8.497757e-01  4.729714e-01 -2.327644e-01
   outer loop
     vertex  1.930090e+01  9.894639e+00  1.475985e+02
     vertex  1.892561e+01  9.291090e+00  1.477422e+02
     vertex  1.927216e+01  9.913734e+00  1.477422e+02
   endloop
 endfacet
 facet normal -7.534685e-01  4.193683e-01 -5.063748e-01
   outer loop
     vertex  1.930090e+01  9.894639e+00  1.475985e+02
     vertex  1.902519e+01  9.245500e+00  1.474712e+02
     vertex  1.895698e+01  9.276727e+00  1.475985e+02
   endloop
 endfacet
 facet normal -7.652991e-01  6.001150e-01 -2.327644e-01
   outer loop
     vertex  1.930090e+01  9.894639e+00  1.475985e+02
     vertex  1.971188e+01  1.047448e+01  1.477422e+02
     vertex  1.973727e+01  1.045112e+01  1.475985e+02
   endloop
 endfacet
 facet normal -8.497757e-01  4.729714e-01 -2.327644e-01
   outer loop
     vertex  1.930090e+01  9.894639e+00  1.475985e+02
     vertex  1.895698e+01  9.276727e+00  1.475985e+02
     vertex  1.892561e+01  9.291090e+00  1.477422e+02
   endloop
 endfacet
 facet normal -6.785658e-01  5.321024e-01 -5.063748e-01
   outer loop
     vertex  1.936339e+01  9.853123e+00  1.474712e+02
     vertex  1.973727e+01  1.045112e+01  1.475985e+02
     vertex  1.979249e+01  1.040034e+01  1.474712e+02
   endloop
 endfacet
 facet normal -6.785658e-01  5.321024e-01 -5.063748e-01
   outer loop
     vertex  1.936339e+01  9.853123e+00  1.474712e+02
     vertex  1.930090e+01  9.894639e+00  1.475985e+02
     vertex  1.973727e+01  1.045112e+01  1.475985e+02
   endloop
 endfacet
 facet normal -7.534685e-01  4.193683e-01 -5.063748e-01
   outer loop
     vertex  1.936339e+01  9.853123e+00  1.474712e+02
     vertex  1.902519e+01  9.245500e+00  1.474712e+02
     vertex  1.930090e+01  9.894639e+00  1.475985e+02
   endloop
 endfacet
 facet normal -5.325230e-01  4.175819e-01 -7.362368e-01
   outer loop
     vertex  1.945416e+01  9.792815e+00  1.473713e+02
     vertex  1.979249e+01  1.040034e+01  1.474712e+02
     vertex  1.987271e+01  1.032657e+01  1.473713e+02
   endloop
 endfacet
 facet normal -5.913049e-01  3.291107e-01 -7.362368e-01
   outer loop
     vertex  1.945416e+01  9.792815e+00  1.473713e+02
     vertex  1.902519e+01  9.245500e+00  1.474712e+02
     vertex  1.936339e+01  9.853123e+00  1.474712e+02
   endloop
 endfacet
 facet normal -5.913049e-01  3.291107e-01 -7.362368e-01
   outer loop
     vertex  1.945416e+01  9.792815e+00  1.473713e+02
     vertex  1.912428e+01  9.200138e+00  1.473713e+02
     vertex  1.902519e+01  9.245500e+00  1.474712e+02
   endloop
 endfacet
 facet normal -5.325230e-01  4.175819e-01 -7.362368e-01
   outer loop
     vertex  1.945416e+01  9.792815e+00  1.473713e+02
     vertex  1.936339e+01  9.853123e+00  1.474712e+02
     vertex  1.979249e+01  1.040034e+01  1.474712e+02
   endloop
 endfacet
 facet normal -3.771174e-01  2.098974e-01 -9.020674e-01
   outer loop
     vertex  1.956528e+01  9.718985e+00  1.473077e+02
     vertex  1.924558e+01  9.144606e+00  1.473077e+02
     vertex  1.912428e+01  9.200138e+00  1.473713e+02
   endloop
 endfacet
 facet normal -1.166651e-01  9.148383e-02 -9.889489e-01
   outer loop
     vertex  1.956528e+01  9.718985e+00  1.473077e+02
     vertex  1.997090e+01  1.023627e+01  1.473077e+02
     vertex  2.007851e+01  1.013731e+01  1.472858e+02
   endloop
 endfacet
 facet normal -3.396280e-01  2.663218e-01 -9.020674e-01
   outer loop
     vertex  1.956528e+01  9.718985e+00  1.473077e+02
     vertex  1.987271e+01  1.032657e+01  1.473713e+02
     vertex  1.997090e+01  1.023627e+01  1.473077e+02
   endloop
 endfacet
 facet normal -1.295431e-01  7.210157e-02 -9.889489e-01
   outer loop
     vertex  1.956528e+01  9.718985e+00  1.473077e+02
     vertex  1.937850e+01  9.083755e+00  1.472858e+02
     vertex  1.924558e+01  9.144606e+00  1.473077e+02
   endloop
 endfacet
 facet normal -3.396280e-01  2.663218e-01 -9.020674e-01
   outer loop
     vertex  1.956528e+01  9.718985e+00  1.473077e+02
     vertex  1.945416e+01  9.792815e+00  1.473713e+02
     vertex  1.987271e+01  1.032657e+01  1.473713e+02
   endloop
 endfacet
 facet normal -1.295431e-01  7.210157e-02 -9.889489e-01
   outer loop
     vertex  1.956528e+01  9.718985e+00  1.473077e+02
     vertex  1.968704e+01  9.638085e+00  1.472858e+02
     vertex  1.937850e+01  9.083755e+00  1.472858e+02
   endloop
 endfacet
 facet normal -1.166651e-01  9.148383e-02 -9.889489e-01
   outer loop
     vertex  1.956528e+01  9.718985e+00  1.473077e+02
     vertex  2.007851e+01  1.013731e+01  1.472858e+02
     vertex  1.968704e+01  9.638085e+00  1.472858e+02
   endloop
 endfacet
 facet normal -3.771174e-01  2.098974e-01 -9.020674e-01
   outer loop
     vertex  1.956528e+01  9.718985e+00  1.473077e+02
     vertex  1.912428e+01  9.200138e+00  1.473713e+02
     vertex  1.945416e+01  9.792815e+00  1.473713e+02
   endloop
 endfacet
 facet normal  1.697220e-02  1.468318e-01 -9.890159e-01
   outer loop
     vertex  1.855064e+01  3.937286e+00  1.472858e+02
     vertex -3.197165e+01  9.777128e+00  1.472858e+02
     vertex -3.195486e+01  9.922347e+00  1.473077e+02
   endloop
 endfacet
 facet normal  4.943338e-02  4.276636e-01 -9.025853e-01
   outer loop
     vertex  1.856743e+01  4.082505e+00  1.473077e+02
     vertex -3.195486e+01  9.922347e+00  1.473077e+02
     vertex -3.193955e+01  1.005488e+01  1.473713e+02
   endloop
 endfacet
 facet normal  1.697220e-02  1.468318e-01 -9.890159e-01
   outer loop
     vertex  1.856743e+01  4.082505e+00  1.473077e+02
     vertex  1.855064e+01  3.937286e+00  1.472858e+02
     vertex -3.195486e+01  9.922347e+00  1.473077e+02
   endloop
 endfacet
 facet normal  7.757455e-02  6.711217e-01 -7.372773e-01
   outer loop
     vertex  1.858275e+01  4.215034e+00  1.473713e+02
     vertex -3.193955e+01  1.005488e+01  1.473713e+02
     vertex -3.192703e+01  1.016313e+01  1.474712e+02
   endloop
 endfacet
 facet normal  4.943338e-02  4.276636e-01 -9.025853e-01
   outer loop
     vertex  1.858275e+01  4.215034e+00  1.473713e+02
     vertex  1.856743e+01  4.082505e+00  1.473077e+02
     vertex -3.193955e+01  1.005488e+01  1.473713e+02
   endloop
 endfacet
 facet normal  9.893645e-02  8.559301e-01 -5.075384e-01
   outer loop
     vertex  1.859526e+01  4.323289e+00  1.474712e+02
     vertex -3.192703e+01  1.016313e+01  1.474712e+02
     vertex -3.191842e+01  1.023765e+01  1.475985e+02
   endloop
 endfacet
 facet normal  7.757455e-02  6.711217e-01 -7.372773e-01
   outer loop
     vertex  1.859526e+01  4.323289e+00  1.474712e+02
     vertex  1.858275e+01  4.215034e+00  1.473713e+02
     vertex -3.192703e+01  1.016313e+01  1.474712e+02
   endloop
 endfacet
 facet normal  9.893645e-02  8.559301e-01 -5.075384e-01
   outer loop
     vertex  1.860388e+01  4.397812e+00  1.475985e+02
     vertex  1.859526e+01  4.323289e+00  1.474712e+02
     vertex -3.191842e+01  1.023765e+01  1.475985e+02
   endloop
 endfacet
 facet normal  1.116522e-01  9.659384e-01 -2.334454e-01
   outer loop
     vertex  1.860784e+01  4.432089e+00  1.477422e+02
     vertex -3.191842e+01  1.023765e+01  1.475985e+02
     vertex -3.191446e+01  1.027193e+01  1.477422e+02
   endloop
 endfacet
 facet normal  1.116522e-01  9.659384e-01 -2.334454e-01
   outer loop
     vertex  1.860784e+01  4.432089e+00  1.477422e+02
     vertex  1.860388e+01  4.397812e+00  1.475985e+02
     vertex -3.191842e+01  1.023765e+01  1.475985e+02
   endloop
 endfacet
 facet normal -3.776530e-02 -1.443957e-01 -9.887991e-01
   outer loop
     vertex  1.973666e+01  1.172880e+01  1.472858e+02
     vertex  1.944285e+01  1.165604e+01  1.473077e+02
     vertex  1.945964e+01  1.180126e+01  1.472858e+02
   endloop
 endfacet
 facet normal -1.208730e-01  8.688824e-02 -9.888580e-01
   outer loop
     vertex  1.997090e+01  1.023627e+01  1.473077e+02
     vertex  2.022123e+01  1.033586e+01  1.472858e+02
     vertex  2.007851e+01  1.013731e+01  1.472858e+02
   endloop
 endfacet
 facet normal -3.529134e-01 -8.531674e-01 -3.841321e-01
   outer loop
     vertex  1.954625e+01  1.134390e+01  1.475270e+02
     vertex  1.963254e+01  1.122649e+01  1.477085e+02
     vertex  1.940244e+01  1.130645e+01  1.477422e+02
   endloop
 endfacet
 facet normal -5.296803e-02 -6.737577e-01 -7.370516e-01
   outer loop
     vertex  1.954625e+01  1.134390e+01  1.475270e+02
     vertex  1.941502e+01  1.141525e+01  1.474712e+02
     vertex  1.942753e+01  1.152351e+01  1.473713e+02
   endloop
 endfacet
 facet normal -2.382832e-01 -8.311240e-01 -5.024481e-01
   outer loop
     vertex  1.954625e+01  1.134390e+01  1.475270e+02
     vertex  1.940640e+01  1.134073e+01  1.475985e+02
     vertex  1.941502e+01  1.141525e+01  1.474712e+02
   endloop
 endfacet
 facet normal -9.753750e-02 -9.674713e-01 -2.334218e-01
   outer loop
     vertex  1.954625e+01  1.134390e+01  1.475270e+02
     vertex  1.940244e+01  1.130645e+01  1.477422e+02
     vertex  1.940640e+01  1.134073e+01  1.475985e+02
   endloop
 endfacet
 facet normal -2.986972e-01 -1.670786e-01 -9.396088e-01
   outer loop
     vertex  1.993373e+01  1.115686e+01  1.474007e+02
     vertex  2.017589e+01  1.136975e+01  1.472858e+02
     vertex  2.026017e+01  1.121908e+01  1.472858e+02
   endloop
 endfacet
 facet normal -2.864493e-01 -1.816130e-01 -9.407250e-01
   outer loop
     vertex  1.993373e+01  1.115686e+01  1.474007e+02
     vertex  1.990108e+01  1.120531e+01  1.474012e+02
     vertex  2.017589e+01  1.136975e+01  1.472858e+02
   endloop
 endfacet
 facet normal -3.264992e-01 -1.062863e-01 -9.392026e-01
   outer loop
     vertex  1.999823e+01  1.101293e+01  1.474002e+02
     vertex  2.026017e+01  1.121908e+01  1.472858e+02
     vertex  2.032407e+01  1.102278e+01  1.472858e+02
   endloop
 endfacet
 facet normal -3.059932e-01 -1.341871e-01 -9.425296e-01
   outer loop
     vertex  1.999823e+01  1.101293e+01  1.474002e+02
     vertex  1.993373e+01  1.115686e+01  1.474007e+02
     vertex  2.026017e+01  1.121908e+01  1.472858e+02
   endloop
 endfacet
 facet normal -3.278004e-01 -8.409605e-02 -9.409967e-01
   outer loop
     vertex  2.001464e+01  1.094510e+01  1.474006e+02
     vertex  1.999823e+01  1.101293e+01  1.474002e+02
     vertex  2.032407e+01  1.102278e+01  1.472858e+02
   endloop
 endfacet
 facet normal -4.722148e-01  4.839015e-01 -7.367853e-01
   outer loop
     vertex  1.984154e+01  1.053392e+01  1.475275e+02
     vertex  1.987271e+01  1.032657e+01  1.473713e+02
     vertex  1.979249e+01  1.040034e+01  1.474712e+02
   endloop
 endfacet
 facet normal -7.211443e-01  4.766672e-01 -5.027317e-01
   outer loop
     vertex  1.984154e+01  1.053392e+01  1.475275e+02
     vertex  1.979249e+01  1.040034e+01  1.474712e+02
     vertex  1.973727e+01  1.045112e+01  1.475985e+02
   endloop
 endfacet
 facet normal -6.972469e-01  6.777828e-01 -2.333608e-01
   outer loop
     vertex  1.984154e+01  1.053392e+01  1.475275e+02
     vertex  1.973727e+01  1.045112e+01  1.475985e+02
     vertex  1.971188e+01  1.047448e+01  1.477422e+02
   endloop
 endfacet
 facet normal -8.214613e-01  4.272849e-01 -3.776625e-01
   outer loop
     vertex  1.984154e+01  1.053392e+01  1.475275e+02
     vertex  1.971188e+01  1.047448e+01  1.477422e+02
     vertex  1.982997e+01  1.067282e+01  1.477098e+02
   endloop
 endfacet
 facet normal -7.009079e-01  3.588614e-01 -6.163981e-01
   outer loop
     vertex  1.984154e+01  1.053392e+01  1.475275e+02
     vertex  1.998596e+01  1.060873e+01  1.474068e+02
     vertex  1.987271e+01  1.032657e+01  1.473713e+02
   endloop
 endfacet
 facet normal -1.446055e-01 -4.146596e-01 -8.984134e-01
   outer loop
     vertex  1.976140e+01  1.152869e+01  1.473152e+02
     vertex  1.942753e+01  1.152351e+01  1.473713e+02
     vertex  1.944285e+01  1.165604e+01  1.473077e+02
   endloop
 endfacet
 facet normal -9.343585e-02 -1.557884e-01 -9.833614e-01
   outer loop
     vertex  1.976140e+01  1.152869e+01  1.473152e+02
     vertex  1.973666e+01  1.172880e+01  1.472858e+02
     vertex  1.998245e+01  1.158139e+01  1.472858e+02
   endloop
 endfacet
 facet normal -3.646368e-02 -1.494409e-01 -9.880981e-01
   outer loop
     vertex  1.976140e+01  1.152869e+01  1.473152e+02
     vertex  1.944285e+01  1.165604e+01  1.473077e+02
     vertex  1.973666e+01  1.172880e+01  1.472858e+02
   endloop
 endfacet
 facet normal -4.623521e-01 -3.799147e-01 -8.011837e-01
   outer loop
     vertex  1.976140e+01  1.152869e+01  1.473152e+02
     vertex  1.975287e+01  1.134947e+01  1.474051e+02
     vertex  1.954625e+01  1.134390e+01  1.475270e+02
   endloop
 endfacet
 facet normal -1.093557e-01 -6.912804e-01 -7.142638e-01
   outer loop
     vertex  1.976140e+01  1.152869e+01  1.473152e+02
     vertex  1.954625e+01  1.134390e+01  1.475270e+02
     vertex  1.942753e+01  1.152351e+01  1.473713e+02
   endloop
 endfacet
 facet normal -1.242524e-01 -1.135682e-01 -9.857300e-01
   outer loop
     vertex  1.986171e+01  1.146395e+01  1.473146e+02
     vertex  1.998245e+01  1.158139e+01  1.472858e+02
     vertex  2.017589e+01  1.136975e+01  1.472858e+02
   endloop
 endfacet
 facet normal -3.327722e-01 -3.695497e-01 -8.675804e-01
   outer loop
     vertex  1.986171e+01  1.146395e+01  1.473146e+02
     vertex  1.983745e+01  1.127886e+01  1.474027e+02
     vertex  1.975287e+01  1.134947e+01  1.474051e+02
   endloop
 endfacet
 facet normal -9.712800e-02 -1.413197e-01 -9.851877e-01
   outer loop
     vertex  1.986171e+01  1.146395e+01  1.473146e+02
     vertex  1.976140e+01  1.152869e+01  1.473152e+02
     vertex  1.998245e+01  1.158139e+01  1.472858e+02
   endloop
 endfacet
 facet normal -4.184460e-01 -3.452210e-01 -8.400746e-01
   outer loop
     vertex  1.986171e+01  1.146395e+01  1.473146e+02
     vertex  1.990108e+01  1.120531e+01  1.474012e+02
     vertex  1.983745e+01  1.127886e+01  1.474027e+02
   endloop
 endfacet
 facet normal -1.856423e-01 -3.375215e-01 -9.228305e-01
   outer loop
     vertex  1.986171e+01  1.146395e+01  1.473146e+02
     vertex  2.017589e+01  1.136975e+01  1.472858e+02
     vertex  1.990108e+01  1.120531e+01  1.474012e+02
   endloop
 endfacet
 facet normal -2.765023e-01 -4.203723e-01 -8.641954e-01
   outer loop
     vertex  1.986171e+01  1.146395e+01  1.473146e+02
     vertex  1.975287e+01  1.134947e+01  1.474051e+02
     vertex  1.976140e+01  1.152869e+01  1.473152e+02
   endloop
 endfacet
 facet normal -3.447684e-01 -7.075855e-01 -6.168124e-01
   outer loop
     vertex  1.967401e+01  1.126487e+01  1.475462e+02
     vertex  1.954625e+01  1.134390e+01  1.475270e+02
     vertex  1.975287e+01  1.134947e+01  1.474051e+02
   endloop
 endfacet
 facet normal -4.646439e-01 -8.277418e-01 -3.145625e-01
   outer loop
     vertex  1.967401e+01  1.126487e+01  1.475462e+02
     vertex  1.963254e+01  1.122649e+01  1.477085e+02
     vertex  1.954625e+01  1.134390e+01  1.475270e+02
   endloop
 endfacet
 facet normal -6.523411e-01 -6.677851e-01 -3.584887e-01
   outer loop
     vertex  1.971117e+01  1.123827e+01  1.475434e+02
     vertex  1.975333e+01  1.111575e+01  1.476949e+02
     vertex  1.963254e+01  1.122649e+01  1.477085e+02
   endloop
 endfacet
 facet normal -5.094053e-01 -5.892290e-01 -6.271486e-01
   outer loop
     vertex  1.971117e+01  1.123827e+01  1.475434e+02
     vertex  1.975287e+01  1.134947e+01  1.474051e+02
     vertex  1.983745e+01  1.127886e+01  1.474027e+02
   endloop
 endfacet
 facet normal -5.665659e-01 -7.576328e-01 -3.240302e-01
   outer loop
     vertex  1.971117e+01  1.123827e+01  1.475434e+02
     vertex  1.963254e+01  1.122649e+01  1.477085e+02
     vertex  1.967401e+01  1.126487e+01  1.475462e+02
   endloop
 endfacet
 facet normal -4.815350e-01 -6.065267e-01 -6.326527e-01
   outer loop
     vertex  1.971117e+01  1.123827e+01  1.475434e+02
     vertex  1.967401e+01  1.126487e+01  1.475462e+02
     vertex  1.975287e+01  1.134947e+01  1.474051e+02
   endloop
 endfacet
 facet normal -5.827473e-01 -4.911903e-01 -6.474085e-01
   outer loop
     vertex  1.981805e+01  1.112509e+01  1.475368e+02
     vertex  1.983745e+01  1.127886e+01  1.474027e+02
     vertex  1.990108e+01  1.120531e+01  1.474012e+02
   endloop
 endfacet
 facet normal -6.394449e-01 -4.231818e-01 -6.418936e-01
   outer loop
     vertex  1.981805e+01  1.112509e+01  1.475368e+02
     vertex  1.990108e+01  1.120531e+01  1.474012e+02
     vertex  1.993373e+01  1.115686e+01  1.474007e+02
   endloop
 endfacet
 facet normal -6.973251e-01 -6.397126e-01 -3.232732e-01
   outer loop
     vertex  1.981805e+01  1.112509e+01  1.475368e+02
     vertex  1.975333e+01  1.111575e+01  1.476949e+02
     vertex  1.971117e+01  1.123827e+01  1.475434e+02
   endloop
 endfacet
 facet normal -5.685380e-01 -4.988589e-01 -6.541440e-01
   outer loop
     vertex  1.981805e+01  1.112509e+01  1.475368e+02
     vertex  1.971117e+01  1.123827e+01  1.475434e+02
     vertex  1.983745e+01  1.127886e+01  1.474027e+02
   endloop
 endfacet
 facet normal -8.355771e-01 -3.638396e-01 -4.116208e-01
   outer loop
     vertex  1.985217e+01  1.106913e+01  1.475355e+02
     vertex  1.984692e+01  1.090370e+01  1.476924e+02
     vertex  1.975333e+01  1.111575e+01  1.476949e+02
   endloop
 endfacet
 facet normal -7.073444e-01 -3.150122e-01 -6.327963e-01
   outer loop
     vertex  1.985217e+01  1.106913e+01  1.475355e+02
     vertex  1.993373e+01  1.115686e+01  1.474007e+02
     vertex  1.999823e+01  1.101293e+01  1.474002e+02
   endloop
 endfacet
 facet normal -8.014773e-01 -4.801665e-01 -3.564748e-01
   outer loop
     vertex  1.985217e+01  1.106913e+01  1.475355e+02
     vertex  1.975333e+01  1.111575e+01  1.476949e+02
     vertex  1.981805e+01  1.112509e+01  1.475368e+02
   endloop
 endfacet
 facet normal -6.571028e-01 -3.850988e-01 -6.480084e-01
   outer loop
     vertex  1.985217e+01  1.106913e+01  1.475355e+02
     vertex  1.981805e+01  1.112509e+01  1.475368e+02
     vertex  1.993373e+01  1.115686e+01  1.474007e+02
   endloop
 endfacet
 facet normal -1.615718e-01 -1.354298e-02 -9.867680e-01
   outer loop
     vertex  2.017493e+01  1.073127e+01  1.473142e+02
     vertex  2.032407e+01  1.102278e+01  1.472858e+02
     vertex  2.034473e+01  1.077626e+01  1.472858e+02
   endloop
 endfacet
 facet normal -3.674928e-01  9.784345e-02 -9.248652e-01
   outer loop
     vertex  2.017493e+01  1.073127e+01  1.473142e+02
     vertex  2.001464e+01  1.094510e+01  1.474006e+02
     vertex  2.032407e+01  1.102278e+01  1.472858e+02
   endloop
 endfacet
 facet normal -5.459027e-01 -7.228123e-02 -8.347249e-01
   outer loop
     vertex  2.017493e+01  1.073127e+01  1.473142e+02
     vertex  2.002436e+01  1.086195e+01  1.474014e+02
     vertex  2.001464e+01  1.094510e+01  1.474006e+02
   endloop
 endfacet
 facet normal -4.882947e-01  1.926693e-02 -8.724661e-01
   outer loop
     vertex  2.017493e+01  1.073127e+01  1.473142e+02
     vertex  2.001320e+01  1.070581e+01  1.474042e+02
     vertex  2.002436e+01  1.086195e+01  1.474014e+02
   endloop
 endfacet
 facet normal -1.768814e-01  3.438868e-02 -9.836312e-01
   outer loop
     vertex  2.015116e+01  1.060924e+01  1.473148e+02
     vertex  2.034473e+01  1.077626e+01  1.472858e+02
     vertex  2.028794e+01  1.048414e+01  1.472858e+02
   endloop
 endfacet
 facet normal -4.837174e-01  1.125087e-01 -8.679627e-01
   outer loop
     vertex  2.015116e+01  1.060924e+01  1.473148e+02
     vertex  1.998596e+01  1.060873e+01  1.474068e+02
     vertex  2.001320e+01  1.070581e+01  1.474042e+02
   endloop
 endfacet
 facet normal -1.725206e-01  2.917105e-02 -9.845739e-01
   outer loop
     vertex  2.015116e+01  1.060924e+01  1.473148e+02
     vertex  2.017493e+01  1.073127e+01  1.473142e+02
     vertex  2.034473e+01  1.077626e+01  1.472858e+02
   endloop
 endfacet
 facet normal -4.950717e-01  9.253722e-02 -8.639102e-01
   outer loop
     vertex  2.015116e+01  1.060924e+01  1.473148e+02
     vertex  2.001320e+01  1.070581e+01  1.474042e+02
     vertex  2.017493e+01  1.073127e+01  1.473142e+02
   endloop
 endfacet
 facet normal -7.437064e-01 -1.831693e-01 -6.429229e-01
   outer loop
     vertex  1.989756e+01  1.094686e+01  1.475355e+02
     vertex  1.999823e+01  1.101293e+01  1.474002e+02
     vertex  2.001464e+01  1.094510e+01  1.474006e+02
   endloop
 endfacet
 facet normal -7.525303e-01 -9.457027e-02 -6.517320e-01
   outer loop
     vertex  1.989756e+01  1.094686e+01  1.475355e+02
     vertex  2.001464e+01  1.094510e+01  1.474006e+02
     vertex  2.002436e+01  1.086195e+01  1.474014e+02
   endloop
 endfacet
 facet normal -7.081379e-01 -2.628011e-01 -6.553444e-01
   outer loop
     vertex  1.989756e+01  1.094686e+01  1.475355e+02
     vertex  1.985217e+01  1.106913e+01  1.475355e+02
     vertex  1.999823e+01  1.101293e+01  1.474002e+02
   endloop
 endfacet
 facet normal -8.709560e-01 -3.232803e-01 -3.700345e-01
   outer loop
     vertex  1.989756e+01  1.094686e+01  1.475355e+02
     vertex  1.984692e+01  1.090370e+01  1.476924e+02
     vertex  1.985217e+01  1.106913e+01  1.475355e+02
   endloop
 endfacet
 facet normal -1.654951e-01  4.717412e-02 -9.850817e-01
   outer loop
     vertex  2.013236e+01  1.055007e+01  1.473151e+02
     vertex  2.015116e+01  1.060924e+01  1.473148e+02
     vertex  2.028794e+01  1.048414e+01  1.472858e+02
   endloop
 endfacet
 facet normal -4.815116e-01  1.482721e-01 -8.638067e-01
   outer loop
     vertex  2.013236e+01  1.055007e+01  1.473151e+02
     vertex  1.998596e+01  1.060873e+01  1.474068e+02
     vertex  2.015116e+01  1.060924e+01  1.473148e+02
   endloop
 endfacet
 facet normal -3.719234e-01  2.293792e-01 -8.994766e-01
   outer loop
     vertex  2.010683e+01  1.048741e+01  1.473155e+02
     vertex  1.997090e+01  1.023627e+01  1.473077e+02
     vertex  1.987271e+01  1.032657e+01  1.473713e+02
   endloop
 endfacet
 facet normal -4.672853e-01  1.849346e-01 -8.645482e-01
   outer loop
     vertex  2.010683e+01  1.048741e+01  1.473155e+02
     vertex  1.998596e+01  1.060873e+01  1.474068e+02
     vertex  2.013236e+01  1.055007e+01  1.473151e+02
   endloop
 endfacet
 facet normal -1.600753e-01  7.201752e-02 -9.844742e-01
   outer loop
     vertex  2.010683e+01  1.048741e+01  1.473155e+02
     vertex  2.028794e+01  1.048414e+01  1.472858e+02
     vertex  2.022123e+01  1.033586e+01  1.472858e+02
   endloop
 endfacet
 facet normal -1.604372e-01  5.919245e-02 -9.852696e-01
   outer loop
     vertex  2.010683e+01  1.048741e+01  1.473155e+02
     vertex  2.013236e+01  1.055007e+01  1.473151e+02
     vertex  2.028794e+01  1.048414e+01  1.472858e+02
   endloop
 endfacet
 facet normal -1.254267e-01  9.870190e-02 -9.871809e-01
   outer loop
     vertex  2.010683e+01  1.048741e+01  1.473155e+02
     vertex  2.022123e+01  1.033586e+01  1.472858e+02
     vertex  1.997090e+01  1.023627e+01  1.473077e+02
   endloop
 endfacet
 facet normal -3.940497e-01  2.687168e-01 -8.789290e-01
   outer loop
     vertex  2.010683e+01  1.048741e+01  1.473155e+02
     vertex  1.987271e+01  1.032657e+01  1.473713e+02
     vertex  1.998596e+01  1.060873e+01  1.474068e+02
   endloop
 endfacet
 facet normal -7.528034e-01 -9.574785e-02 -6.512446e-01
   outer loop
     vertex  1.991082e+01  1.081940e+01  1.475389e+02
     vertex  1.989756e+01  1.094686e+01  1.475355e+02
     vertex  2.002436e+01  1.086195e+01  1.474014e+02
   endloop
 endfacet
 facet normal -9.151981e-01  3.696144e-02 -4.013056e-01
   outer loop
     vertex  1.991082e+01  1.081940e+01  1.475389e+02
     vertex  1.982997e+01  1.067282e+01  1.477098e+02
     vertex  1.984692e+01  1.090370e+01  1.476924e+02
   endloop
 endfacet
 facet normal -7.770260e-01  4.426497e-02 -6.279102e-01
   outer loop
     vertex  1.991082e+01  1.081940e+01  1.475389e+02
     vertex  2.002436e+01  1.086195e+01  1.474014e+02
     vertex  2.001320e+01  1.070581e+01  1.474042e+02
   endloop
 endfacet
 facet normal -9.373373e-01 -1.063600e-01 -3.317925e-01
   outer loop
     vertex  1.991082e+01  1.081940e+01  1.475389e+02
     vertex  1.984692e+01  1.090370e+01  1.476924e+02
     vertex  1.989756e+01  1.094686e+01  1.475355e+02
   endloop
 endfacet
 facet normal -7.621488e-01  7.554653e-02 -6.429789e-01
   outer loop
     vertex  1.989237e+01  1.069069e+01  1.475456e+02
     vertex  1.991082e+01  1.081940e+01  1.475389e+02
     vertex  2.001320e+01  1.070581e+01  1.474042e+02
   endloop
 endfacet
 facet normal -7.559097e-01  1.954075e-01 -6.248331e-01
   outer loop
     vertex  1.989237e+01  1.069069e+01  1.475456e+02
     vertex  2.001320e+01  1.070581e+01  1.474042e+02
     vertex  1.998596e+01  1.060873e+01  1.474068e+02
   endloop
 endfacet
 facet normal -9.325630e-01  1.157210e-01 -3.419574e-01
   outer loop
     vertex  1.989237e+01  1.069069e+01  1.475456e+02
     vertex  1.982997e+01  1.067282e+01  1.477098e+02
     vertex  1.991082e+01  1.081940e+01  1.475389e+02
   endloop
 endfacet
 facet normal -7.563101e-01  1.945714e-01 -6.246095e-01
   outer loop
     vertex  1.987977e+01  1.065074e+01  1.475485e+02
     vertex  1.989237e+01  1.069069e+01  1.475456e+02
     vertex  1.998596e+01  1.060873e+01  1.474068e+02
   endloop
 endfacet
 facet normal -9.105440e-01  2.649631e-01 -3.173392e-01
   outer loop
     vertex  1.987977e+01  1.065074e+01  1.475485e+02
     vertex  1.982997e+01  1.067282e+01  1.477098e+02
     vertex  1.989237e+01  1.069069e+01  1.475456e+02
   endloop
 endfacet
 facet normal -8.820643e-01  3.460990e-01 -3.196531e-01
   outer loop
     vertex  1.987977e+01  1.065074e+01  1.475485e+02
     vertex  1.984154e+01  1.053392e+01  1.475275e+02
     vertex  1.982997e+01  1.067282e+01  1.477098e+02
   endloop
 endfacet
 facet normal -7.004964e-01  3.418629e-01 -6.264459e-01
   outer loop
     vertex  1.987977e+01  1.065074e+01  1.475485e+02
     vertex  1.998596e+01  1.060873e+01  1.474068e+02
     vertex  1.984154e+01  1.053392e+01  1.475275e+02
   endloop
 endfacet
 facet normal  3.704168e-02  1.444816e-01 -9.888139e-01
   outer loop
     vertex -3.224271e+01  9.846622e+00  1.472858e+02
     vertex -3.195486e+01  9.922347e+00  1.473077e+02
     vertex -3.197165e+01  9.777128e+00  1.472858e+02
   endloop
 endfacet
 facet normal -4.671249e-02  4.367522e-01 -8.983682e-01
   outer loop
     vertex -3.193955e+01  1.005488e+01  1.473713e+02
     vertex -3.195486e+01  9.922347e+00  1.473077e+02
     vertex -3.224271e+01  9.846622e+00  1.472858e+02
   endloop
 endfacet
 facet normal  1.083206e-01 -1.022740e-01 -9.888411e-01
   outer loop
     vertex -3.239673e+01  1.142361e+01  1.473077e+02
     vertex -3.266813e+01  1.134740e+01  1.472858e+02
     vertex -3.248951e+01  1.153658e+01  1.472858e+02
   endloop
 endfacet
 facet normal  1.041111e-01  9.667819e-01 -2.334386e-01
   outer loop
     vertex -3.206799e+01  1.023573e+01  1.475238e+02
     vertex -3.191446e+01  1.027193e+01  1.477422e+02
     vertex -3.191842e+01  1.023765e+01  1.475985e+02
   endloop
 endfacet
 facet normal  2.400893e-01  8.306854e-01 -5.023136e-01
   outer loop
     vertex -3.206799e+01  1.023573e+01  1.475238e+02
     vertex -3.191842e+01  1.023765e+01  1.475985e+02
     vertex -3.192703e+01  1.016313e+01  1.474712e+02
   endloop
 endfacet
 facet normal  7.051066e-02  6.719210e-01 -7.372587e-01
   outer loop
     vertex -3.206799e+01  1.023573e+01  1.475238e+02
     vertex -3.192703e+01  1.016313e+01  1.474712e+02
     vertex -3.193955e+01  1.005488e+01  1.473713e+02
   endloop
 endfacet
 facet normal  3.681753e-01  8.402146e-01 -3.981034e-01
   outer loop
     vertex -3.206799e+01  1.023573e+01  1.475238e+02
     vertex -3.215985e+01  1.035901e+01  1.476991e+02
     vertex -3.191446e+01  1.027193e+01  1.477422e+02
   endloop
 endfacet
 facet normal  1.739575e-01  2.994322e-01 -9.381253e-01
   outer loop
     vertex -3.227295e+01  1.022903e+01  1.474023e+02
     vertex -3.224271e+01  9.846622e+00  1.472858e+02
     vertex -3.248493e+01  9.987339e+00  1.472858e+02
   endloop
 endfacet
 facet normal  3.283893e-01  7.343165e-01 -5.940873e-01
   outer loop
     vertex -3.227295e+01  1.022903e+01  1.474023e+02
     vertex -3.206799e+01  1.023573e+01  1.475238e+02
     vertex -3.193955e+01  1.005488e+01  1.473713e+02
   endloop
 endfacet
 facet normal  6.579140e-02  2.954377e-01 -9.530939e-01
   outer loop
     vertex -3.227295e+01  1.022903e+01  1.474023e+02
     vertex -3.193955e+01  1.005488e+01  1.473713e+02
     vertex -3.224271e+01  9.846622e+00  1.472858e+02
   endloop
 endfacet
 facet normal  2.504983e-01  2.388833e-01 -9.381820e-01
   outer loop
     vertex -3.236391e+01  1.030509e+01  1.473990e+02
     vertex -3.248493e+01  9.987339e+00  1.472858e+02
     vertex -3.267826e+01  1.019007e+01  1.472858e+02
   endloop
 endfacet
 facet normal  2.377653e-01  2.444057e-01 -9.400710e-01
   outer loop
     vertex -3.236391e+01  1.030509e+01  1.473990e+02
     vertex -3.227295e+01  1.022903e+01  1.474023e+02
     vertex -3.248493e+01  9.987339e+00  1.472858e+02
   endloop
 endfacet
 facet normal  2.656923e-01  2.018057e-01 -9.426993e-01
   outer loop
     vertex -3.242598e+01  1.037792e+01  1.473971e+02
     vertex -3.236391e+01  1.030509e+01  1.473990e+02
     vertex -3.267826e+01  1.019007e+01  1.472858e+02
   endloop
 endfacet
 facet normal  2.886916e-01  1.715844e-01 -9.419214e-01
   outer loop
     vertex -3.245784e+01  1.042573e+01  1.473963e+02
     vertex -3.267826e+01  1.019007e+01  1.472858e+02
     vertex -3.276447e+01  1.033512e+01  1.472858e+02
   endloop
 endfacet
 facet normal  2.860276e-01  1.742295e-01 -9.422485e-01
   outer loop
     vertex -3.245784e+01  1.042573e+01  1.473963e+02
     vertex -3.242598e+01  1.037792e+01  1.473971e+02
     vertex -3.267826e+01  1.019007e+01  1.472858e+02
   endloop
 endfacet
 facet normal  3.142057e-01  1.135917e-01 -9.425347e-01
   outer loop
     vertex -3.252526e+01  1.058176e+01  1.473953e+02
     vertex -3.276447e+01  1.033512e+01  1.472858e+02
     vertex -3.283298e+01  1.052462e+01  1.472858e+02
   endloop
 endfacet
 facet normal  3.034436e-01  1.249555e-01 -9.446206e-01
   outer loop
     vertex -3.252526e+01  1.058176e+01  1.473953e+02
     vertex -3.245784e+01  1.042573e+01  1.473963e+02
     vertex -3.276447e+01  1.033512e+01  1.472858e+02
   endloop
 endfacet
 facet normal  3.354551e-01  3.907241e-02 -9.412456e-01
   outer loop
     vertex -3.253962e+01  1.064878e+01  1.473955e+02
     vertex -3.283298e+01  1.052462e+01  1.472858e+02
     vertex -3.286098e+01  1.076506e+01  1.472858e+02
   endloop
 endfacet
 facet normal  3.223225e-01  7.240819e-02 -9.438566e-01
   outer loop
     vertex -3.253962e+01  1.064878e+01  1.473955e+02
     vertex -3.252526e+01  1.058176e+01  1.473953e+02
     vertex -3.283298e+01  1.052462e+01  1.472858e+02
   endloop
 endfacet
 facet normal  3.354247e-01  3.897432e-02 -9.412605e-01
   outer loop
     vertex -3.254703e+01  1.073092e+01  1.473963e+02
     vertex -3.253962e+01  1.064878e+01  1.473955e+02
     vertex -3.286098e+01  1.076506e+01  1.472858e+02
   endloop
 endfacet
 facet normal  8.472106e-01  8.125046e-02 -5.250072e-01
   outer loop
     vertex -3.254703e+01  1.073092e+01  1.473963e+02
     vertex -3.237103e+01  1.071465e+01  1.476778e+02
     vertex -3.253962e+01  1.064878e+01  1.473955e+02
   endloop
 endfacet
 facet normal  3.403437e-01 -5.240855e-02 -9.388395e-01
   outer loop
     vertex -3.254191e+01  1.082995e+01  1.473979e+02
     vertex -3.286098e+01  1.076506e+01  1.472858e+02
     vertex -3.281672e+01  1.105250e+01  1.472858e+02
   endloop
 endfacet
 facet normal  3.317049e-01 -2.086663e-03 -9.433809e-01
   outer loop
     vertex -3.254191e+01  1.082995e+01  1.473979e+02
     vertex -3.254703e+01  1.073092e+01  1.473963e+02
     vertex -3.286098e+01  1.076506e+01  1.472858e+02
   endloop
 endfacet
 facet normal  6.011228e-01 -7.643151e-01 -2.333961e-01
   outer loop
     vertex -3.231687e+01  1.110531e+01  1.475245e+02
     vertex -3.219528e+01  1.117832e+01  1.475985e+02
     vertex -3.217338e+01  1.115166e+01  1.477422e+02
   endloop
 endfacet
 facet normal  6.490176e-01 -5.711084e-01 -5.026046e-01
   outer loop
     vertex -3.231687e+01  1.110531e+01  1.475245e+02
     vertex -3.224290e+01  1.123630e+01  1.474712e+02
     vertex -3.219528e+01  1.117832e+01  1.475985e+02
   endloop
 endfacet
 facet normal  4.141476e-01 -5.339443e-01 -7.371467e-01
   outer loop
     vertex -3.231687e+01  1.110531e+01  1.475245e+02
     vertex -3.231206e+01  1.132051e+01  1.473713e+02
     vertex -3.224290e+01  1.123630e+01  1.474712e+02
   endloop
 endfacet
 facet normal  7.599780e-01 -5.198590e-01 -3.901027e-01
   outer loop
     vertex -3.231687e+01  1.110531e+01  1.475245e+02
     vertex -3.217338e+01  1.115166e+01  1.477422e+02
     vertex -3.232662e+01  1.095878e+01  1.477008e+02
   endloop
 endfacet
 facet normal  6.473871e-01 -4.515195e-01 -6.140196e-01
   outer loop
     vertex -3.231687e+01  1.110531e+01  1.475245e+02
     vertex -3.247559e+01  1.104168e+01  1.474039e+02
     vertex -3.231206e+01  1.132051e+01  1.473713e+02
   endloop
 endfacet
 facet normal  4.669213e-01  8.196577e-01 -3.318820e-01
   outer loop
     vertex -3.219861e+01  1.031670e+01  1.475401e+02
     vertex -3.215985e+01  1.035901e+01  1.476991e+02
     vertex -3.206799e+01  1.023573e+01  1.475238e+02
   endloop
 endfacet
 facet normal  3.511296e-01  6.925705e-01 -6.301223e-01
   outer loop
     vertex -3.219861e+01  1.031670e+01  1.475401e+02
     vertex -3.206799e+01  1.023573e+01  1.475238e+02
     vertex -3.227295e+01  1.022903e+01  1.474023e+02
   endloop
 endfacet
 facet normal  6.729757e-01  6.360827e-01 -3.774950e-01
   outer loop
     vertex -3.223852e+01  1.034566e+01  1.475363e+02
     vertex -3.228580e+01  1.048167e+01  1.476812e+02
     vertex -3.215985e+01  1.035901e+01  1.476991e+02
   endloop
 endfacet
 facet normal  5.731149e-01  7.463994e-01 -3.382710e-01
   outer loop
     vertex -3.223852e+01  1.034566e+01  1.475363e+02
     vertex -3.215985e+01  1.035901e+01  1.476991e+02
     vertex -3.219861e+01  1.031670e+01  1.475401e+02
   endloop
 endfacet
 facet normal  5.082908e-01  5.808422e-01 -6.358166e-01
   outer loop
     vertex -3.223852e+01  1.034566e+01  1.475363e+02
     vertex -3.227295e+01  1.022903e+01  1.474023e+02
     vertex -3.236391e+01  1.030509e+01  1.473990e+02
   endloop
 endfacet
 facet normal  5.761484e-01  4.736484e-01 -6.661157e-01
   outer loop
     vertex -3.223852e+01  1.034566e+01  1.475363e+02
     vertex -3.236391e+01  1.030509e+01  1.473990e+02
     vertex -3.242598e+01  1.037792e+01  1.473971e+02
   endloop
 endfacet
 facet normal  4.891389e-01  5.919586e-01 -6.405686e-01
   outer loop
     vertex -3.223852e+01  1.034566e+01  1.475363e+02
     vertex -3.219861e+01  1.031670e+01  1.475401e+02
     vertex -3.227295e+01  1.022903e+01  1.474023e+02
   endloop
 endfacet
 facet normal  8.454470e-01  3.027687e-01 -4.399438e-01
   outer loop
     vertex -3.238280e+01  1.052645e+01  1.475256e+02
     vertex -3.237103e+01  1.071465e+01  1.476778e+02
     vertex -3.228580e+01  1.048167e+01  1.476812e+02
   endloop
 endfacet
 facet normal  6.987191e-01  1.522306e-01 -6.990118e-01
   outer loop
     vertex -3.238280e+01  1.052645e+01  1.475256e+02
     vertex -3.252526e+01  1.058176e+01  1.473953e+02
     vertex -3.253962e+01  1.064878e+01  1.473955e+02
   endloop
 endfacet
 facet normal  6.206957e-01  4.019551e-01 -6.731783e-01
   outer loop
     vertex -3.238280e+01  1.052645e+01  1.475256e+02
     vertex -3.242598e+01  1.037792e+01  1.473971e+02
     vertex -3.245784e+01  1.042573e+01  1.473963e+02
   endloop
 endfacet
 facet normal  7.047444e-01  3.002946e-01 -6.427740e-01
   outer loop
     vertex -3.238280e+01  1.052645e+01  1.475256e+02
     vertex -3.245784e+01  1.042573e+01  1.473963e+02
     vertex -3.252526e+01  1.058176e+01  1.473953e+02
   endloop
 endfacet
 facet normal  7.486526e-01  3.878313e-01 -5.376859e-01
   outer loop
     vertex -3.238280e+01  1.052645e+01  1.475256e+02
     vertex -3.253962e+01  1.064878e+01  1.473955e+02
     vertex -3.237103e+01  1.071465e+01  1.476778e+02
   endloop
 endfacet
 facet normal  7.537592e-01  5.836772e-01 -3.019404e-01
   outer loop
     vertex -3.238280e+01  1.052645e+01  1.475256e+02
     vertex -3.228580e+01  1.048167e+01  1.476812e+02
     vertex -3.223852e+01  1.034566e+01  1.475363e+02
   endloop
 endfacet
 facet normal  5.854189e-01  4.263792e-01 -6.895546e-01
   outer loop
     vertex -3.238280e+01  1.052645e+01  1.475256e+02
     vertex -3.223852e+01  1.034566e+01  1.475363e+02
     vertex -3.242598e+01  1.037792e+01  1.473971e+02
   endloop
 endfacet
 facet normal  1.581702e-01 -6.338021e-02 -9.853756e-01
   outer loop
     vertex -3.261265e+01  1.111660e+01  1.473145e+02
     vertex -3.281672e+01  1.105250e+01  1.472858e+02
     vertex -3.275774e+01  1.119970e+01  1.472858e+02
   endloop
 endfacet
 facet normal  2.047711e-01 -2.265550e-01 -9.522298e-01
   outer loop
     vertex -3.261265e+01  1.111660e+01  1.473145e+02
     vertex -3.254191e+01  1.082995e+01  1.473979e+02
     vertex -3.281672e+01  1.105250e+01  1.472858e+02
   endloop
 endfacet
 facet normal  5.217633e-01 -1.171315e-01 -8.450108e-01
   outer loop
     vertex -3.261265e+01  1.111660e+01  1.473145e+02
     vertex -3.249841e+01  1.099281e+01  1.474022e+02
     vertex -3.254191e+01  1.082995e+01  1.473979e+02
   endloop
 endfacet
 facet normal  4.641266e-01 -1.853103e-01 -8.661678e-01
   outer loop
     vertex -3.261265e+01  1.111660e+01  1.473145e+02
     vertex -3.247559e+01  1.104168e+01  1.474039e+02
     vertex -3.249841e+01  1.099281e+01  1.474022e+02
   endloop
 endfacet
 facet normal  1.489397e-01 -9.035785e-02 -9.847093e-01
   outer loop
     vertex -3.257736e+01  1.117949e+01  1.473150e+02
     vertex -3.275774e+01  1.119970e+01  1.472858e+02
     vertex -3.266813e+01  1.134740e+01  1.472858e+02
   endloop
 endfacet
 facet normal  3.383276e-01 -2.771902e-01 -8.992775e-01
   outer loop
     vertex -3.257736e+01  1.117949e+01  1.473150e+02
     vertex -3.239673e+01  1.142361e+01  1.473077e+02
     vertex -3.231206e+01  1.132051e+01  1.473713e+02
   endloop
 endfacet
 facet normal  1.506221e-01 -7.664316e-02 -9.856159e-01
   outer loop
     vertex -3.257736e+01  1.117949e+01  1.473150e+02
     vertex -3.261265e+01  1.111660e+01  1.473145e+02
     vertex -3.275774e+01  1.119970e+01  1.472858e+02
   endloop
 endfacet
 facet normal  3.522896e-01 -3.099271e-01 -8.830839e-01
   outer loop
     vertex -3.257736e+01  1.117949e+01  1.473150e+02
     vertex -3.231206e+01  1.132051e+01  1.473713e+02
     vertex -3.247559e+01  1.104168e+01  1.474039e+02
   endloop
 endfacet
 facet normal  1.108012e-01 -1.114716e-01 -9.875714e-01
   outer loop
     vertex -3.257736e+01  1.117949e+01  1.473150e+02
     vertex -3.266813e+01  1.134740e+01  1.472858e+02
     vertex -3.239673e+01  1.142361e+01  1.473077e+02
   endloop
 endfacet
 facet normal  4.363921e-01 -2.379115e-01 -8.677327e-01
   outer loop
     vertex -3.257736e+01  1.117949e+01  1.473150e+02
     vertex -3.247559e+01  1.104168e+01  1.474039e+02
     vertex -3.261265e+01  1.111660e+01  1.473145e+02
   endloop
 endfacet
 facet normal  9.027621e-01 -1.255117e-01 -4.114213e-01
   outer loop
     vertex -3.241000e+01  1.090160e+01  1.475352e+02
     vertex -3.232662e+01  1.095878e+01  1.477008e+02
     vertex -3.237103e+01  1.071465e+01  1.476778e+02
   endloop
 endfacet
 facet normal  8.191787e-01 -2.298739e-01 -5.254563e-01
   outer loop
     vertex -3.241000e+01  1.090160e+01  1.475352e+02
     vertex -3.237103e+01  1.071465e+01  1.476778e+02
     vertex -3.254703e+01  1.073092e+01  1.473963e+02
   endloop
 endfacet
 facet normal  7.279705e-01 -2.668988e-02 -6.850887e-01
   outer loop
     vertex -3.241000e+01  1.090160e+01  1.475352e+02
     vertex -3.254703e+01  1.073092e+01  1.473963e+02
     vertex -3.254191e+01  1.082995e+01  1.473979e+02
   endloop
 endfacet
 facet normal  7.553048e-01 -1.852085e-01 -6.286593e-01
   outer loop
     vertex -3.241000e+01  1.090160e+01  1.475352e+02
     vertex -3.254191e+01  1.082995e+01  1.473979e+02
     vertex -3.249841e+01  1.099281e+01  1.474022e+02
   endloop
 endfacet
 facet normal  8.874310e-01 -3.120525e-01 -3.392483e-01
   outer loop
     vertex -3.238494e+01  1.096717e+01  1.475405e+02
     vertex -3.232662e+01  1.095878e+01  1.477008e+02
     vertex -3.241000e+01  1.090160e+01  1.475352e+02
   endloop
 endfacet
 facet normal  7.071210e-01 -3.070500e-01 -6.369460e-01
   outer loop
     vertex -3.238494e+01  1.096717e+01  1.475405e+02
     vertex -3.249841e+01  1.099281e+01  1.474022e+02
     vertex -3.247559e+01  1.104168e+01  1.474039e+02
   endloop
 endfacet
 facet normal  8.323687e-01 -4.479621e-01 -3.263317e-01
   outer loop
     vertex -3.238494e+01  1.096717e+01  1.475405e+02
     vertex -3.231687e+01  1.110531e+01  1.475245e+02
     vertex -3.232662e+01  1.095878e+01  1.477008e+02
   endloop
 endfacet
 facet normal  6.508022e-01 -3.957486e-01 -6.479503e-01
   outer loop
     vertex -3.238494e+01  1.096717e+01  1.475405e+02
     vertex -3.247559e+01  1.104168e+01  1.474039e+02
     vertex -3.231687e+01  1.110531e+01  1.475245e+02
   endloop
 endfacet
 facet normal  7.315803e-01 -2.282619e-01 -6.424070e-01
   outer loop
     vertex -3.238494e+01  1.096717e+01  1.475405e+02
     vertex -3.241000e+01  1.090160e+01  1.475352e+02
     vertex -3.249841e+01  1.099281e+01  1.474022e+02
   endloop
 endfacet
 facet normal -1.697220e-02 -1.468318e-01 -9.890159e-01
   outer loop
     vertex -3.106266e+01  1.764110e+01  1.472858e+02
     vertex  1.945964e+01  1.180126e+01  1.472858e+02
     vertex  1.944285e+01  1.165604e+01  1.473077e+02
   endloop
 endfacet
 facet normal -4.943338e-02 -4.276636e-01 -9.025853e-01
   outer loop
     vertex -3.107944e+01  1.749588e+01  1.473077e+02
     vertex  1.944285e+01  1.165604e+01  1.473077e+02
     vertex  1.942753e+01  1.152351e+01  1.473713e+02
   endloop
 endfacet
 facet normal -1.697220e-02 -1.468318e-01 -9.890159e-01
   outer loop
     vertex -3.107944e+01  1.749588e+01  1.473077e+02
     vertex -3.106266e+01  1.764110e+01  1.472858e+02
     vertex  1.944285e+01  1.165604e+01  1.473077e+02
   endloop
 endfacet
 facet normal -7.757455e-02 -6.711217e-01 -7.372773e-01
   outer loop
     vertex -3.109476e+01  1.736335e+01  1.473713e+02
     vertex  1.942753e+01  1.152351e+01  1.473713e+02
     vertex  1.941502e+01  1.141525e+01  1.474712e+02
   endloop
 endfacet
 facet normal -4.943338e-02 -4.276636e-01 -9.025853e-01
   outer loop
     vertex -3.109476e+01  1.736335e+01  1.473713e+02
     vertex -3.107944e+01  1.749588e+01  1.473077e+02
     vertex  1.942753e+01  1.152351e+01  1.473713e+02
   endloop
 endfacet
 facet normal -9.893645e-02 -8.559301e-01 -5.075384e-01
   outer loop
     vertex -3.110728e+01  1.725510e+01  1.474712e+02
     vertex  1.941502e+01  1.141525e+01  1.474712e+02
     vertex  1.940640e+01  1.134073e+01  1.475985e+02
   endloop
 endfacet
 facet normal -7.757455e-02 -6.711217e-01 -7.372773e-01
   outer loop
     vertex -3.110728e+01  1.725510e+01  1.474712e+02
     vertex -3.109476e+01  1.736335e+01  1.473713e+02
     vertex  1.941502e+01  1.141525e+01  1.474712e+02
   endloop
 endfacet
 facet normal -1.116522e-01 -9.659384e-01 -2.334454e-01
   outer loop
     vertex -3.111589e+01  1.718057e+01  1.475985e+02
     vertex  1.940640e+01  1.134073e+01  1.475985e+02
     vertex  1.940244e+01  1.130645e+01  1.477422e+02
   endloop
 endfacet
 facet normal -9.893645e-02 -8.559301e-01 -5.075384e-01
   outer loop
     vertex -3.111589e+01  1.718057e+01  1.475985e+02
     vertex -3.110728e+01  1.725510e+01  1.474712e+02
     vertex  1.940640e+01  1.134073e+01  1.475985e+02
   endloop
 endfacet
 facet normal -1.116522e-01 -9.659384e-01 -2.334454e-01
   outer loop
     vertex -3.111985e+01  1.714630e+01  1.477422e+02
     vertex -3.111589e+01  1.718057e+01  1.475985e+02
     vertex  1.940244e+01  1.130645e+01  1.477422e+02
   endloop
 endfacet
 facet normal  6.730784e-01 -7.019774e-01 -2.327943e-01
   outer loop
     vertex -3.219528e+01  1.117832e+01  1.475985e+02
     vertex -3.175630e+01  1.155157e+01  1.477422e+02
     vertex -3.217338e+01  1.115166e+01  1.477422e+02
   endloop
 endfacet
 facet normal  9.546752e-01 -1.854782e-01 -2.327943e-01
   outer loop
     vertex -3.096628e+01  1.307079e+01  1.475985e+02
     vertex -3.085709e+01  1.363282e+01  1.475985e+02
     vertex -3.082281e+01  1.362885e+01  1.477422e+02
   endloop
 endfacet
 facet normal  9.546752e-01 -1.854782e-01 -2.327943e-01
   outer loop
     vertex -3.096628e+01  1.307079e+01  1.475985e+02
     vertex -3.082281e+01  1.362885e+01  1.477422e+02
     vertex -3.093301e+01  1.306162e+01  1.477422e+02
   endloop
 endfacet
 facet normal  8.464561e-01 -1.644529e-01 -5.064260e-01
   outer loop
     vertex -3.103861e+01  1.309070e+01  1.474712e+02
     vertex -3.093161e+01  1.364143e+01  1.474712e+02
     vertex -3.085709e+01  1.363282e+01  1.475985e+02
   endloop
 endfacet
 facet normal  8.464561e-01 -1.644529e-01 -5.064260e-01
   outer loop
     vertex -3.103861e+01  1.309070e+01  1.474712e+02
     vertex -3.085709e+01  1.363282e+01  1.475985e+02
     vertex -3.096628e+01  1.307079e+01  1.475985e+02
   endloop
 endfacet
 facet normal  6.642537e-01 -1.290539e-01 -7.362826e-01
   outer loop
     vertex -3.114367e+01  1.311963e+01  1.473713e+02
     vertex -3.103987e+01  1.365394e+01  1.473713e+02
     vertex -3.093161e+01  1.364143e+01  1.474712e+02
   endloop
 endfacet
 facet normal  6.642537e-01 -1.290539e-01 -7.362826e-01
   outer loop
     vertex -3.114367e+01  1.311963e+01  1.473713e+02
     vertex -3.093161e+01  1.364143e+01  1.474712e+02
     vertex -3.103861e+01  1.309070e+01  1.474712e+02
   endloop
 endfacet
 facet normal  4.236264e-01 -8.230386e-02 -9.020902e-01
   outer loop
     vertex -3.127230e+01  1.315505e+01  1.473077e+02
     vertex -3.117239e+01  1.366926e+01  1.473077e+02
     vertex -3.103987e+01  1.365394e+01  1.473713e+02
   endloop
 endfacet
 facet normal  1.455161e-01 -2.827145e-02 -9.889519e-01
   outer loop
     vertex -3.127230e+01  1.315505e+01  1.473077e+02
     vertex -3.131761e+01  1.368605e+01  1.472858e+02
     vertex -3.117239e+01  1.366926e+01  1.473077e+02
   endloop
 endfacet
 facet normal  1.455161e-01 -2.827145e-02 -9.889519e-01
   outer loop
     vertex -3.127230e+01  1.315505e+01  1.473077e+02
     vertex -3.141324e+01  1.319386e+01  1.472858e+02
     vertex -3.131761e+01  1.368605e+01  1.472858e+02
   endloop
 endfacet
 facet normal  4.236264e-01 -8.230386e-02 -9.020902e-01
   outer loop
     vertex -3.127230e+01  1.315505e+01  1.473077e+02
     vertex -3.103987e+01  1.365394e+01  1.473713e+02
     vertex -3.114367e+01  1.311963e+01  1.473713e+02
   endloop
 endfacet
 facet normal  9.150482e-01 -3.293837e-01 -2.327943e-01
   outer loop
     vertex -3.116019e+01  1.253208e+01  1.475985e+02
     vertex -3.093301e+01  1.306162e+01  1.477422e+02
     vertex -3.112872e+01  1.251794e+01  1.477422e+02
   endloop
 endfacet
 facet normal  9.150482e-01 -3.293837e-01 -2.327943e-01
   outer loop
     vertex -3.116019e+01  1.253208e+01  1.475985e+02
     vertex -3.096628e+01  1.307079e+01  1.475985e+02
     vertex -3.093301e+01  1.306162e+01  1.477422e+02
   endloop
 endfacet
 facet normal  8.113211e-01 -2.920458e-01 -5.064260e-01
   outer loop
     vertex -3.122862e+01  1.256283e+01  1.474712e+02
     vertex -3.096628e+01  1.307079e+01  1.475985e+02
     vertex -3.116019e+01  1.253208e+01  1.475985e+02
   endloop
 endfacet
 facet normal  8.113211e-01 -2.920458e-01 -5.064260e-01
   outer loop
     vertex -3.122862e+01  1.256283e+01  1.474712e+02
     vertex -3.103861e+01  1.309070e+01  1.474712e+02
     vertex -3.096628e+01  1.307079e+01  1.475985e+02
   endloop
 endfacet
 facet normal  6.366816e-01 -2.291820e-01 -7.362826e-01
   outer loop
     vertex -3.132802e+01  1.260750e+01  1.473713e+02
     vertex -3.103861e+01  1.309070e+01  1.474712e+02
     vertex -3.122862e+01  1.256283e+01  1.474712e+02
   endloop
 endfacet
 facet normal  6.366816e-01 -2.291820e-01 -7.362826e-01
   outer loop
     vertex -3.132802e+01  1.260750e+01  1.473713e+02
     vertex -3.114367e+01  1.311963e+01  1.473713e+02
     vertex -3.103861e+01  1.309070e+01  1.474712e+02
   endloop
 endfacet
 facet normal  1.394759e-01 -5.020621e-02 -9.889519e-01
   outer loop
     vertex -3.144971e+01  1.266219e+01  1.473077e+02
     vertex -3.158305e+01  1.272211e+01  1.472858e+02
     vertex -3.141324e+01  1.319386e+01  1.472858e+02
   endloop
 endfacet
 facet normal  4.060424e-01 -1.461603e-01 -9.020902e-01
   outer loop
     vertex -3.144971e+01  1.266219e+01  1.473077e+02
     vertex -3.127230e+01  1.315505e+01  1.473077e+02
     vertex -3.114367e+01  1.311963e+01  1.473713e+02
   endloop
 endfacet
 facet normal  4.060424e-01 -1.461603e-01 -9.020902e-01
   outer loop
     vertex -3.144971e+01  1.266219e+01  1.473077e+02
     vertex -3.114367e+01  1.311963e+01  1.473713e+02
     vertex -3.132802e+01  1.260750e+01  1.473713e+02
   endloop
 endfacet
 facet normal  1.394759e-01 -5.020621e-02 -9.889519e-01
   outer loop
     vertex -3.144971e+01  1.266219e+01  1.473077e+02
     vertex -3.141324e+01  1.319386e+01  1.472858e+02
     vertex -3.127230e+01  1.315505e+01  1.473077e+02
   endloop
 endfacet
 facet normal  8.538667e-01 -4.655304e-01 -2.327943e-01
   outer loop
     vertex -3.143426e+01  1.202940e+01  1.475985e+02
     vertex -3.112872e+01  1.251794e+01  1.477422e+02
     vertex -3.140532e+01  1.201061e+01  1.477422e+02
   endloop
 endfacet
 facet normal  8.538667e-01 -4.655304e-01 -2.327943e-01
   outer loop
     vertex -3.143426e+01  1.202940e+01  1.475985e+02
     vertex -3.116019e+01  1.253208e+01  1.475985e+02
     vertex -3.112872e+01  1.251794e+01  1.477422e+02
   endloop
 endfacet
 facet normal  7.570750e-01 -4.127593e-01 -5.064260e-01
   outer loop
     vertex -3.149718e+01  1.207026e+01  1.474712e+02
     vertex -3.116019e+01  1.253208e+01  1.475985e+02
     vertex -3.143426e+01  1.202940e+01  1.475985e+02
   endloop
 endfacet
 facet normal  7.570750e-01 -4.127593e-01 -5.064260e-01
   outer loop
     vertex -3.149718e+01  1.207026e+01  1.474712e+02
     vertex -3.122862e+01  1.256283e+01  1.474712e+02
     vertex -3.116019e+01  1.253208e+01  1.475985e+02
   endloop
 endfacet
 facet normal  5.941121e-01 -3.239115e-01 -7.362826e-01
   outer loop
     vertex -3.158857e+01  1.212961e+01  1.473713e+02
     vertex -3.122862e+01  1.256283e+01  1.474712e+02
     vertex -3.149718e+01  1.207026e+01  1.474712e+02
   endloop
 endfacet
 facet normal  5.941121e-01 -3.239115e-01 -7.362826e-01
   outer loop
     vertex -3.158857e+01  1.212961e+01  1.473713e+02
     vertex -3.132802e+01  1.260750e+01  1.473713e+02
     vertex -3.122862e+01  1.256283e+01  1.474712e+02
   endloop
 endfacet
 facet normal  1.301504e-01 -7.095832e-02 -9.889519e-01
   outer loop
     vertex -3.170046e+01  1.220227e+01  1.473077e+02
     vertex -3.182306e+01  1.228189e+01  1.472858e+02
     vertex -3.158305e+01  1.272211e+01  1.472858e+02
   endloop
 endfacet
 facet normal  1.301504e-01 -7.095832e-02 -9.889519e-01
   outer loop
     vertex -3.170046e+01  1.220227e+01  1.473077e+02
     vertex -3.158305e+01  1.272211e+01  1.472858e+02
     vertex -3.144971e+01  1.266219e+01  1.473077e+02
   endloop
 endfacet
 facet normal  3.788938e-01 -2.065739e-01 -9.020902e-01
   outer loop
     vertex -3.170046e+01  1.220227e+01  1.473077e+02
     vertex -3.144971e+01  1.266219e+01  1.473077e+02
     vertex -3.132802e+01  1.260750e+01  1.473713e+02
   endloop
 endfacet
 facet normal  3.788938e-01 -2.065739e-01 -9.020902e-01
   outer loop
     vertex -3.170046e+01  1.220227e+01  1.473077e+02
     vertex -3.132802e+01  1.260750e+01  1.473713e+02
     vertex -3.158857e+01  1.212961e+01  1.473713e+02
   endloop
 endfacet
 facet normal  7.725718e-01 -5.907112e-01 -2.327943e-01
   outer loop
     vertex -3.178202e+01  1.157458e+01  1.475985e+02
     vertex -3.140532e+01  1.201061e+01  1.477422e+02
     vertex -3.175630e+01  1.155157e+01  1.477422e+02
   endloop
 endfacet
 facet normal  7.725718e-01 -5.907112e-01 -2.327943e-01
   outer loop
     vertex -3.178202e+01  1.157458e+01  1.475985e+02
     vertex -3.143426e+01  1.202940e+01  1.475985e+02
     vertex -3.140532e+01  1.201061e+01  1.477422e+02
   endloop
 endfacet
 facet normal  6.730784e-01 -7.019774e-01 -2.327943e-01
   outer loop
     vertex -3.178202e+01  1.157458e+01  1.475985e+02
     vertex -3.175630e+01  1.155157e+01  1.477422e+02
     vertex -3.219528e+01  1.117832e+01  1.475985e+02
   endloop
 endfacet
 facet normal  5.967803e-01 -6.224034e-01 -5.064260e-01
   outer loop
     vertex -3.183794e+01  1.162458e+01  1.474712e+02
     vertex -3.219528e+01  1.117832e+01  1.475985e+02
     vertex -3.224290e+01  1.123630e+01  1.474712e+02
   endloop
 endfacet
 facet normal  5.967803e-01 -6.224034e-01 -5.064260e-01
   outer loop
     vertex -3.183794e+01  1.162458e+01  1.474712e+02
     vertex -3.178202e+01  1.157458e+01  1.475985e+02
     vertex -3.219528e+01  1.117832e+01  1.475985e+02
   endloop
 endfacet
 facet normal  6.849954e-01 -5.237500e-01 -5.064260e-01
   outer loop
     vertex -3.183794e+01  1.162458e+01  1.474712e+02
     vertex -3.149718e+01  1.207026e+01  1.474712e+02
     vertex -3.143426e+01  1.202940e+01  1.475985e+02
   endloop
 endfacet
 facet normal  6.849954e-01 -5.237500e-01 -5.064260e-01
   outer loop
     vertex -3.183794e+01  1.162458e+01  1.474712e+02
     vertex -3.143426e+01  1.202940e+01  1.475985e+02
     vertex -3.178202e+01  1.157458e+01  1.475985e+02
   endloop
 endfacet
 facet normal  4.683214e-01 -4.884290e-01 -7.362826e-01
   outer loop
     vertex -3.191918e+01  1.169722e+01  1.473713e+02
     vertex -3.224290e+01  1.123630e+01  1.474712e+02
     vertex -3.231206e+01  1.132051e+01  1.473713e+02
   endloop
 endfacet
 facet normal  5.375479e-01 -4.110111e-01 -7.362826e-01
   outer loop
     vertex -3.191918e+01  1.169722e+01  1.473713e+02
     vertex -3.158857e+01  1.212961e+01  1.473713e+02
     vertex -3.149718e+01  1.207026e+01  1.474712e+02
   endloop
 endfacet
 facet normal  4.683214e-01 -4.884290e-01 -7.362826e-01
   outer loop
     vertex -3.191918e+01  1.169722e+01  1.473713e+02
     vertex -3.183794e+01  1.162458e+01  1.474712e+02
     vertex -3.224290e+01  1.123630e+01  1.474712e+02
   endloop
 endfacet
 facet normal  5.375479e-01 -4.110111e-01 -7.362826e-01
   outer loop
     vertex -3.191918e+01  1.169722e+01  1.473713e+02
     vertex -3.149718e+01  1.207026e+01  1.474712e+02
     vertex -3.183794e+01  1.162458e+01  1.474712e+02
   endloop
 endfacet
 facet normal  2.986710e-01 -3.114946e-01 -9.020902e-01
   outer loop
     vertex -3.201863e+01  1.178615e+01  1.473077e+02
     vertex -3.231206e+01  1.132051e+01  1.473713e+02
     vertex -3.239673e+01  1.142361e+01  1.473077e+02
   endloop
 endfacet
 facet normal  1.025938e-01 -1.069987e-01 -9.889519e-01
   outer loop
     vertex -3.201863e+01  1.178615e+01  1.473077e+02
     vertex -3.239673e+01  1.142361e+01  1.473077e+02
     vertex -3.248951e+01  1.153658e+01  1.472858e+02
   endloop
 endfacet
 facet normal  1.177590e-01 -9.003896e-02 -9.889519e-01
   outer loop
     vertex -3.201863e+01  1.178615e+01  1.473077e+02
     vertex -3.212760e+01  1.188359e+01  1.472858e+02
     vertex -3.182306e+01  1.228189e+01  1.472858e+02
   endloop
 endfacet
 facet normal  1.025938e-01 -1.069987e-01 -9.889519e-01
   outer loop
     vertex -3.201863e+01  1.178615e+01  1.473077e+02
     vertex -3.248951e+01  1.153658e+01  1.472858e+02
     vertex -3.212760e+01  1.188359e+01  1.472858e+02
   endloop
 endfacet
 facet normal  2.986710e-01 -3.114946e-01 -9.020902e-01
   outer loop
     vertex -3.201863e+01  1.178615e+01  1.473077e+02
     vertex -3.191918e+01  1.169722e+01  1.473713e+02
     vertex -3.231206e+01  1.132051e+01  1.473713e+02
   endloop
 endfacet
 facet normal  1.177590e-01 -9.003896e-02 -9.889519e-01
   outer loop
     vertex -3.201863e+01  1.178615e+01  1.473077e+02
     vertex -3.182306e+01  1.228189e+01  1.472858e+02
     vertex -3.170046e+01  1.220227e+01  1.473077e+02
   endloop
 endfacet
 facet normal  3.428201e-01 -2.621215e-01 -9.020902e-01
   outer loop
     vertex -3.201863e+01  1.178615e+01  1.473077e+02
     vertex -3.170046e+01  1.220227e+01  1.473077e+02
     vertex -3.158857e+01  1.212961e+01  1.473713e+02
   endloop
 endfacet
 facet normal  3.428201e-01 -2.621215e-01 -9.020902e-01
   outer loop
     vertex -3.201863e+01  1.178615e+01  1.473077e+02
     vertex -3.158857e+01  1.212961e+01  1.473713e+02
     vertex -3.191918e+01  1.169722e+01  1.473713e+02
   endloop
 endfacet
 facet normal  1.296440e-01  7.375095e-02 -9.888141e-01
   outer loop
     vertex -3.210661e+01  1.628940e+01  1.472858e+02
     vertex -3.185214e+01  1.613500e+01  1.473077e+02
     vertex -3.196825e+01  1.604618e+01  1.472858e+02
   endloop
 endfacet
 facet normal  2.816451e-01  3.370656e-01 -8.983668e-01
   outer loop
     vertex -3.174618e+01  1.621607e+01  1.473713e+02
     vertex -3.185214e+01  1.613500e+01  1.473077e+02
     vertex -3.210661e+01  1.628940e+01  1.472858e+02
   endloop
 endfacet
 facet normal  1.711904e-03 -1.489651e-01 -9.888410e-01
   outer loop
     vertex -3.107944e+01  1.749588e+01  1.473077e+02
     vertex -3.132282e+01  1.763811e+01  1.472858e+02
     vertex -3.106266e+01  1.764110e+01  1.472858e+02
   endloop
 endfacet
 facet normal  8.600723e-01  3.188310e-01 -3.982744e-01
   outer loop
     vertex -3.170543e+01  1.643406e+01  1.475237e+02
     vertex -3.168058e+01  1.658575e+01  1.476988e+02
     vertex -3.157265e+01  1.634884e+01  1.477422e+02
   endloop
 endfacet
 facet normal  7.674231e-01  5.971335e-01 -2.334380e-01
   outer loop
     vertex -3.170543e+01  1.643406e+01  1.475237e+02
     vertex -3.157265e+01  1.634884e+01  1.477422e+02
     vertex -3.160005e+01  1.632787e+01  1.475985e+02
   endloop
 endfacet
 facet normal  7.642022e-01  4.045617e-01 -5.023195e-01
   outer loop
     vertex -3.170543e+01  1.643406e+01  1.475237e+02
     vertex -3.160005e+01  1.632787e+01  1.475985e+02
     vertex -3.165963e+01  1.628229e+01  1.474712e+02
   endloop
 endfacet
 facet normal  5.323577e-01  4.159848e-01 -7.372597e-01
   outer loop
     vertex -3.170543e+01  1.643406e+01  1.475237e+02
     vertex -3.165963e+01  1.628229e+01  1.474712e+02
     vertex -3.174618e+01  1.621607e+01  1.473713e+02
   endloop
 endfacet
 facet normal  3.360909e-01  8.292738e-02 -9.381716e-01
   outer loop
     vertex -3.185271e+01  1.657679e+01  1.474022e+02
     vertex -3.210661e+01  1.628940e+01  1.472858e+02
     vertex -3.217372e+01  1.656137e+01  1.472858e+02
   endloop
 endfacet
 facet normal  2.581625e-01  1.578301e-01 -9.531221e-01
   outer loop
     vertex -3.185271e+01  1.657679e+01  1.474022e+02
     vertex -3.174618e+01  1.621607e+01  1.473713e+02
     vertex -3.210661e+01  1.628940e+01  1.472858e+02
   endloop
 endfacet
 facet normal  7.561036e-01  2.741573e-01 -5.942602e-01
   outer loop
     vertex -3.185271e+01  1.657679e+01  1.474022e+02
     vertex -3.170543e+01  1.643406e+01  1.475237e+02
     vertex -3.174618e+01  1.621607e+01  1.473713e+02
   endloop
 endfacet
 facet normal  3.457330e-01 -1.417461e-02 -9.382259e-01
   outer loop
     vertex -3.186121e+01  1.669508e+01  1.473990e+02
     vertex -3.217372e+01  1.656137e+01  1.472858e+02
     vertex -3.216224e+01  1.684127e+01  1.472858e+02
   endloop
 endfacet
 facet normal  3.408346e-01 -1.120737e-03 -9.401226e-01
   outer loop
     vertex -3.186121e+01  1.669508e+01  1.473990e+02
     vertex -3.185271e+01  1.657679e+01  1.474022e+02
     vertex -3.217372e+01  1.656137e+01  1.472858e+02
   endloop
 endfacet
 facet normal  3.296674e-01 -5.074273e-02 -9.427325e-01
   outer loop
     vertex -3.185194e+01  1.679032e+01  1.473971e+02
     vertex -3.186121e+01  1.669508e+01  1.473990e+02
     vertex -3.216224e+01  1.684127e+01  1.472858e+02
   endloop
 endfacet
 facet normal  3.239125e-01 -8.840434e-02 -9.419476e-01
   outer loop
     vertex -3.183968e+01  1.684645e+01  1.473963e+02
     vertex -3.216224e+01  1.684127e+01  1.472858e+02
     vertex -3.211781e+01  1.700405e+01  1.472858e+02
   endloop
 endfacet
 facet normal  3.239663e-01 -8.449202e-02 -9.422881e-01
   outer loop
     vertex -3.183968e+01  1.684645e+01  1.473963e+02
     vertex -3.185194e+01  1.679032e+01  1.473971e+02
     vertex -3.216224e+01  1.684127e+01  1.472858e+02
   endloop
 endfacet
 facet normal  3.000034e-01 -1.470770e-01 -9.425319e-01
   outer loop
     vertex -3.177424e+01  1.700332e+01  1.473953e+02
     vertex -3.211781e+01  1.700405e+01  1.472858e+02
     vertex -3.202911e+01  1.718499e+01  1.472858e+02
   endloop
 endfacet
 facet normal  3.007096e-01 -1.312397e-01 -9.446427e-01
   outer loop
     vertex -3.177424e+01  1.700332e+01  1.473953e+02
     vertex -3.183968e+01  1.684645e+01  1.473963e+02
     vertex -3.211781e+01  1.700405e+01  1.472858e+02
   endloop
 endfacet
 facet normal  2.611919e-01 -2.141501e-01 -9.412324e-01
   outer loop
     vertex -3.173599e+01  1.706021e+01  1.473956e+02
     vertex -3.202911e+01  1.718499e+01  1.472858e+02
     vertex -3.187563e+01  1.737218e+01  1.472858e+02
   endloop
 endfacet
 facet normal  2.761275e-01 -1.813701e-01 -9.438530e-01
   outer loop
     vertex -3.173599e+01  1.706021e+01  1.473956e+02
     vertex -3.177424e+01  1.700332e+01  1.473953e+02
     vertex -3.202911e+01  1.718499e+01  1.472858e+02
   endloop
 endfacet
 facet normal  6.470551e-01 -5.530491e-01 -5.248394e-01
   outer loop
     vertex -3.168205e+01  1.712258e+01  1.473963e+02
     vertex -3.157150e+01  1.698471e+01  1.476779e+02
     vertex -3.173599e+01  1.706021e+01  1.473956e+02
   endloop
 endfacet
 facet normal  2.612676e-01 -2.141119e-01 -9.412201e-01
   outer loop
     vertex -3.168205e+01  1.712258e+01  1.473963e+02
     vertex -3.173599e+01  1.706021e+01  1.473956e+02
     vertex -3.187563e+01  1.737218e+01  1.472858e+02
   endloop
 endfacet
 facet normal  1.988393e-01 -2.812764e-01 -9.388006e-01
   outer loop
     vertex -3.160725e+01  1.718769e+01  1.473979e+02
     vertex -3.187563e+01  1.737218e+01  1.472858e+02
     vertex -3.163815e+01  1.754006e+01  1.472858e+02
   endloop
 endfacet
 facet normal  2.291234e-01 -2.399857e-01 -9.433500e-01
   outer loop
     vertex -3.160725e+01  1.718769e+01  1.473979e+02
     vertex -3.168205e+01  1.712258e+01  1.473963e+02
     vertex -3.187563e+01  1.737218e+01  1.472858e+02
   endloop
 endfacet
 facet normal -9.646204e-02 -6.688154e-01 -7.371439e-01
   outer loop
     vertex -3.125290e+01  1.721721e+01  1.475246e+02
     vertex -3.109476e+01  1.736335e+01  1.473713e+02
     vertex -3.110728e+01  1.725510e+01  1.474712e+02
   endloop
 endfacet
 facet normal  4.027732e-02 -8.635808e-01 -5.025992e-01
   outer loop
     vertex -3.125290e+01  1.721721e+01  1.475246e+02
     vertex -3.110728e+01  1.725510e+01  1.474712e+02
     vertex -3.111589e+01  1.718057e+01  1.475985e+02
   endloop
 endfacet
 facet normal -1.316704e-01 -9.634253e-01 -2.333979e-01
   outer loop
     vertex -3.125290e+01  1.721721e+01  1.475246e+02
     vertex -3.111589e+01  1.718057e+01  1.475985e+02
     vertex -3.111985e+01  1.714630e+01  1.477422e+02
   endloop
 endfacet
 facet normal  1.540156e-01 -9.078721e-01 -3.899326e-01
   outer loop
     vertex -3.125290e+01  1.721721e+01  1.475246e+02
     vertex -3.111985e+01  1.714630e+01  1.477422e+02
     vertex -3.136507e+01  1.712240e+01  1.477010e+02
   endloop
 endfacet
 facet normal  1.252740e-01 -7.794187e-01 -6.138509e-01
   outer loop
     vertex -3.125290e+01  1.721721e+01  1.475246e+02
     vertex -3.140892e+01  1.728710e+01  1.474040e+02
     vertex -3.109476e+01  1.736335e+01  1.473713e+02
   endloop
 endfacet
 facet normal  7.418367e-01  2.286700e-01 -6.303875e-01
   outer loop
     vertex -3.173800e+01  1.658423e+01  1.475399e+02
     vertex -3.170543e+01  1.643406e+01  1.475237e+02
     vertex -3.185271e+01  1.657679e+01  1.474022e+02
   endloop
 endfacet
 facet normal  9.136994e-01  2.339190e-01 -3.323181e-01
   outer loop
     vertex -3.173800e+01  1.658423e+01  1.475399e+02
     vertex -3.168058e+01  1.658575e+01  1.476988e+02
     vertex -3.170543e+01  1.643406e+01  1.475237e+02
   endloop
 endfacet
 facet normal  9.248772e-01 -4.183314e-02 -3.779579e-01
   outer loop
     vertex -3.174491e+01  1.663306e+01  1.475362e+02
     vertex -3.167989e+01  1.676155e+01  1.476810e+02
     vertex -3.168058e+01  1.658575e+01  1.476988e+02
   endloop
 endfacet
 facet normal  7.706843e-01  3.805840e-02 -6.360797e-01
   outer loop
     vertex -3.174491e+01  1.663306e+01  1.475362e+02
     vertex -3.185271e+01  1.657679e+01  1.474022e+02
     vertex -3.186121e+01  1.669508e+01  1.473990e+02
   endloop
 endfacet
 facet normal  9.348298e-01  1.065543e-01 -3.387320e-01
   outer loop
     vertex -3.174491e+01  1.663306e+01  1.475362e+02
     vertex -3.168058e+01  1.658575e+01  1.476988e+02
     vertex -3.173800e+01  1.658423e+01  1.475399e+02
   endloop
 endfacet
 facet normal  7.406991e-01 -8.526179e-02 -6.664047e-01
   outer loop
     vertex -3.174491e+01  1.663306e+01  1.475362e+02
     vertex -3.186121e+01  1.669508e+01  1.473990e+02
     vertex -3.185194e+01  1.679032e+01  1.473971e+02
   endloop
 endfacet
 facet normal  7.653507e-01  5.962345e-02 -6.408459e-01
   outer loop
     vertex -3.174491e+01  1.663306e+01  1.475362e+02
     vertex -3.173800e+01  1.658423e+01  1.475399e+02
     vertex -3.185271e+01  1.657679e+01  1.474022e+02
   endloop
 endfacet
 facet normal  8.052536e-01 -3.973135e-01 -4.401234e-01
   outer loop
     vertex -3.171509e+01  1.686244e+01  1.475256e+02
     vertex -3.157150e+01  1.698471e+01  1.476779e+02
     vertex -3.167989e+01  1.676155e+01  1.476810e+02
   endloop
 endfacet
 facet normal  7.992291e-01 -2.689057e-01 -5.375152e-01
   outer loop
     vertex -3.171509e+01  1.686244e+01  1.475256e+02
     vertex -3.173599e+01  1.706021e+01  1.473956e+02
     vertex -3.157150e+01  1.698471e+01  1.476779e+02
   endloop
 endfacet
 facet normal  5.948339e-01 -3.967526e-01 -6.991137e-01
   outer loop
     vertex -3.171509e+01  1.686244e+01  1.475256e+02
     vertex -3.177424e+01  1.700332e+01  1.473953e+02
     vertex -3.173599e+01  1.706021e+01  1.473956e+02
   endloop
 endfacet
 facet normal  7.055217e-01 -2.982652e-01 -6.428662e-01
   outer loop
     vertex -3.171509e+01  1.686244e+01  1.475256e+02
     vertex -3.183968e+01  1.684645e+01  1.473963e+02
     vertex -3.177424e+01  1.700332e+01  1.473953e+02
   endloop
 endfacet
 facet normal  7.202517e-01 -1.671452e-01 -6.732755e-01
   outer loop
     vertex -3.171509e+01  1.686244e+01  1.475256e+02
     vertex -3.185194e+01  1.679032e+01  1.473971e+02
     vertex -3.183968e+01  1.684645e+01  1.473963e+02
   endloop
 endfacet
 facet normal  9.433988e-01 -1.366023e-01 -3.022225e-01
   outer loop
     vertex -3.171509e+01  1.686244e+01  1.475256e+02
     vertex -3.167989e+01  1.676155e+01  1.476810e+02
     vertex -3.174491e+01  1.663306e+01  1.475362e+02
   endloop
 endfacet
 facet normal  7.132669e-01 -1.245662e-01 -6.897345e-01
   outer loop
     vertex -3.171509e+01  1.686244e+01  1.475256e+02
     vertex -3.174491e+01  1.663306e+01  1.475362e+02
     vertex -3.185194e+01  1.679032e+01  1.473971e+02
   endloop
 endfacet
 facet normal  6.434601e-02 -1.578475e-01 -9.853648e-01
   outer loop
     vertex -3.145027e+01  1.743777e+01  1.473145e+02
     vertex -3.163815e+01  1.754006e+01  1.472858e+02
     vertex -3.149131e+01  1.759992e+01  1.472858e+02
   endloop
 endfacet
 facet normal -2.071539e-02 -3.047926e-01 -9.521934e-01
   outer loop
     vertex -3.145027e+01  1.743777e+01  1.473145e+02
     vertex -3.160725e+01  1.718769e+01  1.473979e+02
     vertex -3.163815e+01  1.754006e+01  1.472858e+02
   endloop
 endfacet
 facet normal  2.784288e-01 -4.567562e-01 -8.448971e-01
   outer loop
     vertex -3.145027e+01  1.743777e+01  1.473145e+02
     vertex -3.145991e+01  1.726954e+01  1.474022e+02
     vertex -3.160725e+01  1.718769e+01  1.473979e+02
   endloop
 endfacet
 facet normal  1.893217e-01 -4.626929e-01 -8.660673e-01
   outer loop
     vertex -3.145027e+01  1.743777e+01  1.473145e+02
     vertex -3.140892e+01  1.728710e+01  1.474040e+02
     vertex -3.145991e+01  1.726954e+01  1.474022e+02
   endloop
 endfacet
 facet normal  3.576367e-02 -4.359215e-01 -8.992738e-01
   outer loop
     vertex -3.138053e+01  1.745610e+01  1.473150e+02
     vertex -3.107944e+01  1.749588e+01  1.473077e+02
     vertex -3.109476e+01  1.736335e+01  1.473713e+02
   endloop
 endfacet
 facet normal  3.852186e-02 -1.699484e-01 -9.846998e-01
   outer loop
     vertex -3.138053e+01  1.745610e+01  1.473150e+02
     vertex -3.149131e+01  1.759992e+01  1.472858e+02
     vertex -3.132282e+01  1.763811e+01  1.472858e+02
   endloop
 endfacet
 facet normal -3.202693e-03 -1.571789e-01 -9.875649e-01
   outer loop
     vertex -3.138053e+01  1.745610e+01  1.473150e+02
     vertex -3.132282e+01  1.763811e+01  1.472858e+02
     vertex -3.107944e+01  1.749588e+01  1.473077e+02
   endloop
 endfacet
 facet normal  4.955218e-02 -1.616350e-01 -9.856058e-01
   outer loop
     vertex -3.138053e+01  1.745610e+01  1.473150e+02
     vertex -3.145027e+01  1.743777e+01  1.473145e+02
     vertex -3.149131e+01  1.759992e+01  1.472858e+02
   endloop
 endfacet
 facet normal  2.186873e-02 -4.688517e-01 -8.830062e-01
   outer loop
     vertex -3.138053e+01  1.745610e+01  1.473150e+02
     vertex -3.109476e+01  1.736335e+01  1.473713e+02
     vertex -3.140892e+01  1.728710e+01  1.474040e+02
   endloop
 endfacet
 facet normal  1.322146e-01 -4.792954e-01 -8.676377e-01
   outer loop
     vertex -3.138053e+01  1.745610e+01  1.473150e+02
     vertex -3.140892e+01  1.728710e+01  1.474040e+02
     vertex -3.145027e+01  1.743777e+01  1.473145e+02
   endloop
 endfacet
 facet normal  5.372784e-01 -7.364979e-01 -4.109777e-01
   outer loop
     vertex -3.146408e+01  1.714258e+01  1.475354e+02
     vertex -3.136507e+01  1.712240e+01  1.477010e+02
     vertex -3.157150e+01  1.698471e+01  1.476779e+02
   endloop
 endfacet
 facet normal  4.867501e-01 -5.423328e-01 -6.847988e-01
   outer loop
     vertex -3.146408e+01  1.714258e+01  1.475354e+02
     vertex -3.168205e+01  1.712258e+01  1.473963e+02
     vertex -3.160725e+01  1.718769e+01  1.473979e+02
   endloop
 endfacet
 facet normal  4.039265e-01 -7.489330e-01 -5.253025e-01
   outer loop
     vertex -3.146408e+01  1.714258e+01  1.475354e+02
     vertex -3.157150e+01  1.698471e+01  1.476779e+02
     vertex -3.168205e+01  1.712258e+01  1.473963e+02
   endloop
 endfacet
 facet normal  3.917194e-01 -6.720576e-01 -6.284063e-01
   outer loop
     vertex -3.146408e+01  1.714258e+01  1.475354e+02
     vertex -3.160725e+01  1.718769e+01  1.473979e+02
     vertex -3.145991e+01  1.726954e+01  1.474022e+02
   endloop
 endfacet
 facet normal  3.923649e-01 -8.551450e-01 -3.387874e-01
   outer loop
     vertex -3.139952e+01  1.717012e+01  1.475407e+02
     vertex -3.136507e+01  1.712240e+01  1.477010e+02
     vertex -3.146408e+01  1.714258e+01  1.475354e+02
   endloop
 endfacet
 facet normal  2.706816e-01 -7.220611e-01 -6.366783e-01
   outer loop
     vertex -3.139952e+01  1.717012e+01  1.475407e+02
     vertex -3.145991e+01  1.726954e+01  1.474022e+02
     vertex -3.140892e+01  1.728710e+01  1.474040e+02
   endloop
 endfacet
 facet normal  2.564693e-01 -9.099509e-01 -3.259032e-01
   outer loop
     vertex -3.139952e+01  1.717012e+01  1.475407e+02
     vertex -3.125290e+01  1.721721e+01  1.475246e+02
     vertex -3.136507e+01  1.712240e+01  1.477010e+02
   endloop
 endfacet
 facet normal  1.676495e-01 -7.432203e-01 -6.477015e-01
   outer loop
     vertex -3.139952e+01  1.717012e+01  1.475407e+02
     vertex -3.140892e+01  1.728710e+01  1.474040e+02
     vertex -3.125290e+01  1.721721e+01  1.475246e+02
   endloop
 endfacet
 facet normal  3.443601e-01 -6.848979e-01 -6.421301e-01
   outer loop
     vertex -3.139952e+01  1.717012e+01  1.475407e+02
     vertex -3.146408e+01  1.714258e+01  1.475354e+02
     vertex -3.145991e+01  1.726954e+01  1.474022e+02
   endloop
 endfacet
endsolid
