solid 
 facet normal -1.242981e-01 -8.077239e-02 -9.889519e-01
   outer loop
     vertex  1.180749e+01 -2.993699e+01  1.472858e+02
     vertex  1.208069e+01 -3.035741e+01  1.472858e+02
     vertex  1.196459e+01 -3.044624e+01  1.473077e+02
   endloop
 endfacet
 facet normal -1.481285e-01  5.670744e-03 -9.889519e-01
   outer loop
     vertex  1.143006e+01 -2.799728e+01  1.472858e+02
     vertex  1.141088e+01 -2.849830e+01  1.472858e+02
     vertex  1.128484e+01 -2.798050e+01  1.473077e+02
   endloop
 endfacet
 facet normal -8.154723e-01 -5.299167e-01 -2.327943e-01
   outer loop
     vertex  1.140053e+01 -3.015902e+01  1.475985e+02
     vertex  1.168509e+01 -3.066007e+01  1.477422e+02
     vertex  1.137024e+01 -3.017555e+01  1.477422e+02
   endloop
 endfacet
 facet normal -8.154723e-01 -5.299167e-01 -2.327943e-01
   outer loop
     vertex  1.140053e+01 -3.015902e+01  1.475985e+02
     vertex  1.171250e+01 -3.063910e+01  1.475985e+02
     vertex  1.168509e+01 -3.066007e+01  1.477422e+02
   endloop
 endfacet
 facet normal -7.230329e-01 -4.698470e-01 -5.064260e-01
   outer loop
     vertex  1.146638e+01 -3.012309e+01  1.474712e+02
     vertex  1.177208e+01 -3.059352e+01  1.474712e+02
     vertex  1.171250e+01 -3.063910e+01  1.475985e+02
   endloop
 endfacet
 facet normal -7.230329e-01 -4.698470e-01 -5.064260e-01
   outer loop
     vertex  1.146638e+01 -3.012309e+01  1.474712e+02
     vertex  1.171250e+01 -3.063910e+01  1.475985e+02
     vertex  1.140053e+01 -3.015902e+01  1.475985e+02
   endloop
 endfacet
 facet normal -5.673977e-01 -3.687109e-01 -7.362826e-01
   outer loop
     vertex  1.156205e+01 -3.007090e+01  1.473713e+02
     vertex  1.185863e+01 -3.052730e+01  1.473713e+02
     vertex  1.177208e+01 -3.059352e+01  1.474712e+02
   endloop
 endfacet
 facet normal -5.673977e-01 -3.687109e-01 -7.362826e-01
   outer loop
     vertex  1.156205e+01 -3.007090e+01  1.473713e+02
     vertex  1.177208e+01 -3.059352e+01  1.474712e+02
     vertex  1.146638e+01 -3.012309e+01  1.474712e+02
   endloop
 endfacet
 facet normal -3.618567e-01 -2.351446e-01 -9.020902e-01
   outer loop
     vertex  1.167916e+01 -3.000700e+01  1.473077e+02
     vertex  1.196459e+01 -3.044624e+01  1.473077e+02
     vertex  1.185863e+01 -3.052730e+01  1.473713e+02
   endloop
 endfacet
 facet normal -3.618567e-01 -2.351446e-01 -9.020902e-01
   outer loop
     vertex  1.167916e+01 -3.000700e+01  1.473077e+02
     vertex  1.185863e+01 -3.052730e+01  1.473713e+02
     vertex  1.156205e+01 -3.007090e+01  1.473713e+02
   endloop
 endfacet
 facet normal -1.242981e-01 -8.077239e-02 -9.889519e-01
   outer loop
     vertex  1.167916e+01 -3.000700e+01  1.473077e+02
     vertex  1.180749e+01 -2.993699e+01  1.472858e+02
     vertex  1.196459e+01 -3.044624e+01  1.473077e+02
   endloop
 endfacet
 facet normal -8.869588e-01 -3.988870e-01 -2.327943e-01
   outer loop
     vertex  1.116570e+01 -2.963686e+01  1.475985e+02
     vertex  1.137024e+01 -3.017555e+01  1.477422e+02
     vertex  1.113323e+01 -2.964855e+01  1.477422e+02
   endloop
 endfacet
 facet normal -8.869588e-01 -3.988870e-01 -2.327943e-01
   outer loop
     vertex  1.116570e+01 -2.963686e+01  1.475985e+02
     vertex  1.140053e+01 -3.015902e+01  1.475985e+02
     vertex  1.137024e+01 -3.017555e+01  1.477422e+02
   endloop
 endfacet
 facet normal -7.864159e-01 -3.536704e-01 -5.064260e-01
   outer loop
     vertex  1.123628e+01 -2.961143e+01  1.474712e+02
     vertex  1.146638e+01 -3.012309e+01  1.474712e+02
     vertex  1.140053e+01 -3.015902e+01  1.475985e+02
   endloop
 endfacet
 facet normal -7.864159e-01 -3.536704e-01 -5.064260e-01
   outer loop
     vertex  1.123628e+01 -2.961143e+01  1.474712e+02
     vertex  1.140053e+01 -3.015902e+01  1.475985e+02
     vertex  1.116570e+01 -2.963686e+01  1.475985e+02
   endloop
 endfacet
 facet normal -6.171373e-01 -2.775417e-01 -7.362826e-01
   outer loop
     vertex  1.133880e+01 -2.957449e+01  1.473713e+02
     vertex  1.156205e+01 -3.007090e+01  1.473713e+02
     vertex  1.146638e+01 -3.012309e+01  1.474712e+02
   endloop
 endfacet
 facet normal -6.171373e-01 -2.775417e-01 -7.362826e-01
   outer loop
     vertex  1.133880e+01 -2.957449e+01  1.473713e+02
     vertex  1.146638e+01 -3.012309e+01  1.474712e+02
     vertex  1.123628e+01 -2.961143e+01  1.474712e+02
   endloop
 endfacet
 facet normal -1.351944e-01 -6.080023e-02 -9.889519e-01
   outer loop
     vertex  1.146431e+01 -2.952927e+01  1.473077e+02
     vertex  1.160185e+01 -2.947972e+01  1.472858e+02
     vertex  1.180749e+01 -2.993699e+01  1.472858e+02
   endloop
 endfacet
 facet normal -3.935780e-01 -1.770016e-01 -9.020902e-01
   outer loop
     vertex  1.146431e+01 -2.952927e+01  1.473077e+02
     vertex  1.156205e+01 -3.007090e+01  1.473713e+02
     vertex  1.133880e+01 -2.957449e+01  1.473713e+02
   endloop
 endfacet
 facet normal -1.351944e-01 -6.080023e-02 -9.889519e-01
   outer loop
     vertex  1.146431e+01 -2.952927e+01  1.473077e+02
     vertex  1.180749e+01 -2.993699e+01  1.472858e+02
     vertex  1.167916e+01 -3.000700e+01  1.473077e+02
   endloop
 endfacet
 facet normal -3.935780e-01 -1.770016e-01 -9.020902e-01
   outer loop
     vertex  1.146431e+01 -2.952927e+01  1.473077e+02
     vertex  1.167916e+01 -3.000700e+01  1.473077e+02
     vertex  1.156205e+01 -3.007090e+01  1.473713e+02
   endloop
 endfacet
 facet normal -9.375524e-01 -2.584613e-01 -2.327943e-01
   outer loop
     vertex  1.101354e+01 -2.908490e+01  1.475985e+02
     vertex  1.113323e+01 -2.964855e+01  1.477422e+02
     vertex  1.097967e+01 -2.909150e+01  1.477422e+02
   endloop
 endfacet
 facet normal -9.375524e-01 -2.584613e-01 -2.327943e-01
   outer loop
     vertex  1.101354e+01 -2.908490e+01  1.475985e+02
     vertex  1.116570e+01 -2.963686e+01  1.475985e+02
     vertex  1.113323e+01 -2.964855e+01  1.477422e+02
   endloop
 endfacet
 facet normal -8.312744e-01 -2.291629e-01 -5.064260e-01
   outer loop
     vertex  1.108718e+01 -2.907058e+01  1.474712e+02
     vertex  1.123628e+01 -2.961143e+01  1.474712e+02
     vertex  1.116570e+01 -2.963686e+01  1.475985e+02
   endloop
 endfacet
 facet normal -8.312744e-01 -2.291629e-01 -5.064260e-01
   outer loop
     vertex  1.108718e+01 -2.907058e+01  1.474712e+02
     vertex  1.116570e+01 -2.963686e+01  1.475985e+02
     vertex  1.101354e+01 -2.908490e+01  1.475985e+02
   endloop
 endfacet
 facet normal -6.523399e-01 -1.798349e-01 -7.362826e-01
   outer loop
     vertex  1.119415e+01 -2.904976e+01  1.473713e+02
     vertex  1.123628e+01 -2.961143e+01  1.474712e+02
     vertex  1.108718e+01 -2.907058e+01  1.474712e+02
   endloop
 endfacet
 facet normal -6.523399e-01 -1.798349e-01 -7.362826e-01
   outer loop
     vertex  1.119415e+01 -2.904976e+01  1.473713e+02
     vertex  1.133880e+01 -2.957449e+01  1.473713e+02
     vertex  1.123628e+01 -2.961143e+01  1.474712e+02
   endloop
 endfacet
 facet normal -1.429061e-01 -3.939588e-02 -9.889519e-01
   outer loop
     vertex  1.132510e+01 -2.902428e+01  1.473077e+02
     vertex  1.146859e+01 -2.899636e+01  1.472858e+02
     vertex  1.160185e+01 -2.947972e+01  1.472858e+02
   endloop
 endfacet
 facet normal -1.429061e-01 -3.939588e-02 -9.889519e-01
   outer loop
     vertex  1.132510e+01 -2.902428e+01  1.473077e+02
     vertex  1.160185e+01 -2.947972e+01  1.472858e+02
     vertex  1.146431e+01 -2.952927e+01  1.473077e+02
   endloop
 endfacet
 facet normal -4.160284e-01 -1.146893e-01 -9.020902e-01
   outer loop
     vertex  1.132510e+01 -2.902428e+01  1.473077e+02
     vertex  1.146431e+01 -2.952927e+01  1.473077e+02
     vertex  1.133880e+01 -2.957449e+01  1.473713e+02
   endloop
 endfacet
 facet normal -4.160284e-01 -1.146893e-01 -9.020902e-01
   outer loop
     vertex  1.132510e+01 -2.902428e+01  1.473077e+02
     vertex  1.133880e+01 -2.957449e+01  1.473713e+02
     vertex  1.119415e+01 -2.904976e+01  1.473713e+02
   endloop
 endfacet
 facet normal -9.718141e-01  3.720358e-02 -2.327943e-01
   outer loop
     vertex  1.094763e+01 -2.851617e+01  1.475985e+02
     vertex  1.091315e+01 -2.851750e+01  1.477422e+02
     vertex  1.093526e+01 -2.794009e+01  1.477422e+02
   endloop
 endfacet
 facet normal -9.660614e-01 -1.119474e-01 -2.327943e-01
   outer loop
     vertex  1.094763e+01 -2.851617e+01  1.475985e+02
     vertex  1.097967e+01 -2.909150e+01  1.477422e+02
     vertex  1.091315e+01 -2.851750e+01  1.477422e+02
   endloop
 endfacet
 facet normal -9.718141e-01  3.720358e-02 -2.327943e-01
   outer loop
     vertex  1.094763e+01 -2.851617e+01  1.475985e+02
     vertex  1.093526e+01 -2.794009e+01  1.477422e+02
     vertex  1.096953e+01 -2.794405e+01  1.475985e+02
   endloop
 endfacet
 facet normal -8.616523e-01  3.298629e-02 -5.064260e-01
   outer loop
     vertex  1.094763e+01 -2.851617e+01  1.475985e+02
     vertex  1.096953e+01 -2.794405e+01  1.475985e+02
     vertex  1.104406e+01 -2.795266e+01  1.474712e+02
   endloop
 endfacet
 facet normal -9.660614e-01 -1.119474e-01 -2.327943e-01
   outer loop
     vertex  1.094763e+01 -2.851617e+01  1.475985e+02
     vertex  1.101354e+01 -2.908490e+01  1.475985e+02
     vertex  1.097967e+01 -2.909150e+01  1.477422e+02
   endloop
 endfacet
 facet normal -8.565516e-01 -9.925735e-02 -5.064260e-01
   outer loop
     vertex  1.102260e+01 -2.851328e+01  1.474712e+02
     vertex  1.108718e+01 -2.907058e+01  1.474712e+02
     vertex  1.101354e+01 -2.908490e+01  1.475985e+02
   endloop
 endfacet
 facet normal -8.616523e-01  3.298629e-02 -5.064260e-01
   outer loop
     vertex  1.102260e+01 -2.851328e+01  1.474712e+02
     vertex  1.094763e+01 -2.851617e+01  1.475985e+02
     vertex  1.104406e+01 -2.795266e+01  1.474712e+02
   endloop
 endfacet
 facet normal -8.565516e-01 -9.925735e-02 -5.064260e-01
   outer loop
     vertex  1.102260e+01 -2.851328e+01  1.474712e+02
     vertex  1.101354e+01 -2.908490e+01  1.475985e+02
     vertex  1.094763e+01 -2.851617e+01  1.475985e+02
   endloop
 endfacet
 facet normal -6.761788e-01  2.588589e-02 -7.362826e-01
   outer loop
     vertex  1.113149e+01 -2.850908e+01  1.473713e+02
     vertex  1.104406e+01 -2.795266e+01  1.474712e+02
     vertex  1.115231e+01 -2.796518e+01  1.473713e+02
   endloop
 endfacet
 facet normal -6.721761e-01 -7.789188e-02 -7.362826e-01
   outer loop
     vertex  1.113149e+01 -2.850908e+01  1.473713e+02
     vertex  1.119415e+01 -2.904976e+01  1.473713e+02
     vertex  1.108718e+01 -2.907058e+01  1.474712e+02
   endloop
 endfacet
 facet normal -6.721761e-01 -7.789188e-02 -7.362826e-01
   outer loop
     vertex  1.113149e+01 -2.850908e+01  1.473713e+02
     vertex  1.108718e+01 -2.907058e+01  1.474712e+02
     vertex  1.102260e+01 -2.851328e+01  1.474712e+02
   endloop
 endfacet
 facet normal -6.761788e-01  2.588589e-02 -7.362826e-01
   outer loop
     vertex  1.113149e+01 -2.850908e+01  1.473713e+02
     vertex  1.102260e+01 -2.851328e+01  1.474712e+02
     vertex  1.104406e+01 -2.795266e+01  1.474712e+02
   endloop
 endfacet
 facet normal -4.312316e-01  1.650867e-02 -9.020902e-01
   outer loop
     vertex  1.126480e+01 -2.850394e+01  1.473077e+02
     vertex  1.115231e+01 -2.796518e+01  1.473713e+02
     vertex  1.128484e+01 -2.798050e+01  1.473077e+02
   endloop
 endfacet
 facet normal -1.472516e-01 -1.706354e-02 -9.889519e-01
   outer loop
     vertex  1.126480e+01 -2.850394e+01  1.473077e+02
     vertex  1.141088e+01 -2.849830e+01  1.472858e+02
     vertex  1.146859e+01 -2.899636e+01  1.472858e+02
   endloop
 endfacet
 facet normal -1.481285e-01  5.670744e-03 -9.889519e-01
   outer loop
     vertex  1.126480e+01 -2.850394e+01  1.473077e+02
     vertex  1.128484e+01 -2.798050e+01  1.473077e+02
     vertex  1.141088e+01 -2.849830e+01  1.472858e+02
   endloop
 endfacet
 facet normal -1.472516e-01 -1.706354e-02 -9.889519e-01
   outer loop
     vertex  1.126480e+01 -2.850394e+01  1.473077e+02
     vertex  1.146859e+01 -2.899636e+01  1.472858e+02
     vertex  1.132510e+01 -2.902428e+01  1.473077e+02
   endloop
 endfacet
 facet normal -4.286789e-01 -4.967539e-02 -9.020902e-01
   outer loop
     vertex  1.126480e+01 -2.850394e+01  1.473077e+02
     vertex  1.132510e+01 -2.902428e+01  1.473077e+02
     vertex  1.119415e+01 -2.904976e+01  1.473713e+02
   endloop
 endfacet
 facet normal -4.312316e-01  1.650867e-02 -9.020902e-01
   outer loop
     vertex  1.126480e+01 -2.850394e+01  1.473077e+02
     vertex  1.113149e+01 -2.850908e+01  1.473713e+02
     vertex  1.115231e+01 -2.796518e+01  1.473713e+02
   endloop
 endfacet
 facet normal -4.286789e-01 -4.967539e-02 -9.020902e-01
   outer loop
     vertex  1.126480e+01 -2.850394e+01  1.473077e+02
     vertex  1.119415e+01 -2.904976e+01  1.473713e+02
     vertex  1.113149e+01 -2.850908e+01  1.473713e+02
   endloop
 endfacet
 facet normal -1.456030e-01  2.753007e-02 -9.889600e-01
   outer loop
     vertex  1.046213e+01 -2.725764e+01  1.492858e+02
     vertex  1.049119e+01 -2.788876e+01  1.492640e+02
     vertex  1.034597e+01 -2.787197e+01  1.492858e+02
   endloop
 endfacet
 facet normal -7.041012e-01  6.708278e-01 -2.328767e-01
   outer loop
     vertex  1.205557e+01 -2.549063e+01  1.489731e+02
     vertex  1.207878e+01 -2.551616e+01  1.488294e+02
     vertex  1.169680e+01 -2.591709e+01  1.488294e+02
   endloop
 endfacet
 facet normal -9.555754e-01  1.806766e-01 -2.328767e-01
   outer loop
     vertex  1.091030e+01 -2.737622e+01  1.489731e+02
     vertex  1.084077e+01 -2.792917e+01  1.488294e+02
     vertex  1.080650e+01 -2.792520e+01  1.489731e+02
   endloop
 endfacet
 facet normal -9.555754e-01  1.806766e-01 -2.328767e-01
   outer loop
     vertex  1.091030e+01 -2.737622e+01  1.489731e+02
     vertex  1.094365e+01 -2.738504e+01  1.488294e+02
     vertex  1.084077e+01 -2.792917e+01  1.488294e+02
   endloop
 endfacet
 facet normal -8.471902e-01  1.601836e-01 -5.065668e-01
   outer loop
     vertex  1.083777e+01 -2.735703e+01  1.491005e+02
     vertex  1.080650e+01 -2.792520e+01  1.489731e+02
     vertex  1.073197e+01 -2.791659e+01  1.491005e+02
   endloop
 endfacet
 facet normal -8.471902e-01  1.601836e-01 -5.065668e-01
   outer loop
     vertex  1.083777e+01 -2.735703e+01  1.491005e+02
     vertex  1.091030e+01 -2.737622e+01  1.489731e+02
     vertex  1.080650e+01 -2.792520e+01  1.489731e+02
   endloop
 endfacet
 facet normal -6.647588e-01  1.256901e-01 -7.364087e-01
   outer loop
     vertex  1.073242e+01 -2.732916e+01  1.492003e+02
     vertex  1.073197e+01 -2.791659e+01  1.491005e+02
     vertex  1.062372e+01 -2.790408e+01  1.492003e+02
   endloop
 endfacet
 facet normal -6.647588e-01  1.256901e-01 -7.364087e-01
   outer loop
     vertex  1.073242e+01 -2.732916e+01  1.492003e+02
     vertex  1.083777e+01 -2.735703e+01  1.491005e+02
     vertex  1.073197e+01 -2.791659e+01  1.491005e+02
   endloop
 endfacet
 facet normal -4.239055e-01  8.015047e-02 -9.021530e-01
   outer loop
     vertex  1.060345e+01 -2.729503e+01  1.492640e+02
     vertex  1.062372e+01 -2.790408e+01  1.492003e+02
     vertex  1.049119e+01 -2.788876e+01  1.492640e+02
   endloop
 endfacet
 facet normal -4.239055e-01  8.015047e-02 -9.021530e-01
   outer loop
     vertex  1.060345e+01 -2.729503e+01  1.492640e+02
     vertex  1.073242e+01 -2.732916e+01  1.492003e+02
     vertex  1.062372e+01 -2.790408e+01  1.492003e+02
   endloop
 endfacet
 facet normal -1.456030e-01  2.753007e-02 -9.889600e-01
   outer loop
     vertex  1.060345e+01 -2.729503e+01  1.492640e+02
     vertex  1.049119e+01 -2.788876e+01  1.492640e+02
     vertex  1.046213e+01 -2.725764e+01  1.492858e+02
   endloop
 endfacet
 facet normal -9.198891e-01  3.155510e-01 -2.328767e-01
   outer loop
     vertex  1.109158e+01 -2.684774e+01  1.489731e+02
     vertex  1.112333e+01 -2.686124e+01  1.488294e+02
     vertex  1.094365e+01 -2.738504e+01  1.488294e+02
   endloop
 endfacet
 facet normal -9.198891e-01  3.155510e-01 -2.328767e-01
   outer loop
     vertex  1.109158e+01 -2.684774e+01  1.489731e+02
     vertex  1.094365e+01 -2.738504e+01  1.488294e+02
     vertex  1.091030e+01 -2.737622e+01  1.489731e+02
   endloop
 endfacet
 facet normal -8.155516e-01  2.797599e-01 -5.065668e-01
   outer loop
     vertex  1.102255e+01 -2.681837e+01  1.491005e+02
     vertex  1.091030e+01 -2.737622e+01  1.489731e+02
     vertex  1.083777e+01 -2.735703e+01  1.491005e+02
   endloop
 endfacet
 facet normal -8.155516e-01  2.797599e-01 -5.065668e-01
   outer loop
     vertex  1.102255e+01 -2.681837e+01  1.491005e+02
     vertex  1.109158e+01 -2.684774e+01  1.489731e+02
     vertex  1.091030e+01 -2.737622e+01  1.489731e+02
   endloop
 endfacet
 facet normal -6.399331e-01  2.195172e-01 -7.364087e-01
   outer loop
     vertex  1.092227e+01 -2.677570e+01  1.492003e+02
     vertex  1.083777e+01 -2.735703e+01  1.491005e+02
     vertex  1.073242e+01 -2.732916e+01  1.492003e+02
   endloop
 endfacet
 facet normal -6.399331e-01  2.195172e-01 -7.364087e-01
   outer loop
     vertex  1.092227e+01 -2.677570e+01  1.492003e+02
     vertex  1.102255e+01 -2.681837e+01  1.491005e+02
     vertex  1.083777e+01 -2.735703e+01  1.491005e+02
   endloop
 endfacet
 facet normal -1.401654e-01  4.808115e-02 -9.889600e-01
   outer loop
     vertex  1.079951e+01 -2.672348e+01  1.492640e+02
     vertex  1.046213e+01 -2.725764e+01  1.492858e+02
     vertex  1.066499e+01 -2.666625e+01  1.492858e+02
   endloop
 endfacet
 facet normal -4.080746e-01  1.399824e-01 -9.021530e-01
   outer loop
     vertex  1.079951e+01 -2.672348e+01  1.492640e+02
     vertex  1.073242e+01 -2.732916e+01  1.492003e+02
     vertex  1.060345e+01 -2.729503e+01  1.492640e+02
   endloop
 endfacet
 facet normal -1.401654e-01  4.808115e-02 -9.889600e-01
   outer loop
     vertex  1.079951e+01 -2.672348e+01  1.492640e+02
     vertex  1.060345e+01 -2.729503e+01  1.492640e+02
     vertex  1.046213e+01 -2.725764e+01  1.492858e+02
   endloop
 endfacet
 facet normal -4.080746e-01  1.399824e-01 -9.021530e-01
   outer loop
     vertex  1.079951e+01 -2.672348e+01  1.492640e+02
     vertex  1.092227e+01 -2.677570e+01  1.492003e+02
     vertex  1.073242e+01 -2.732916e+01  1.492003e+02
   endloop
 endfacet
 facet normal -8.652709e-01  4.439310e-01 -2.328767e-01
   outer loop
     vertex  1.134662e+01 -2.635063e+01  1.489731e+02
     vertex  1.137612e+01 -2.636854e+01  1.488294e+02
     vertex  1.112333e+01 -2.686124e+01  1.488294e+02
   endloop
 endfacet
 facet normal -8.652709e-01  4.439310e-01 -2.328767e-01
   outer loop
     vertex  1.134662e+01 -2.635063e+01  1.489731e+02
     vertex  1.112333e+01 -2.686124e+01  1.488294e+02
     vertex  1.109158e+01 -2.684774e+01  1.489731e+02
   endloop
 endfacet
 facet normal -7.671284e-01  3.935786e-01 -5.065668e-01
   outer loop
     vertex  1.128250e+01 -2.631169e+01  1.491005e+02
     vertex  1.109158e+01 -2.684774e+01  1.489731e+02
     vertex  1.102255e+01 -2.681837e+01  1.491005e+02
   endloop
 endfacet
 facet normal -7.671284e-01  3.935786e-01 -5.065668e-01
   outer loop
     vertex  1.128250e+01 -2.631169e+01  1.491005e+02
     vertex  1.134662e+01 -2.635063e+01  1.489731e+02
     vertex  1.109158e+01 -2.684774e+01  1.489731e+02
   endloop
 endfacet
 facet normal -6.019372e-01  3.088265e-01 -7.364087e-01
   outer loop
     vertex  1.118936e+01 -2.625512e+01  1.492003e+02
     vertex  1.128250e+01 -2.631169e+01  1.491005e+02
     vertex  1.102255e+01 -2.681837e+01  1.491005e+02
   endloop
 endfacet
 facet normal -6.019372e-01  3.088265e-01 -7.364087e-01
   outer loop
     vertex  1.118936e+01 -2.625512e+01  1.492003e+02
     vertex  1.102255e+01 -2.681837e+01  1.491005e+02
     vertex  1.092227e+01 -2.677570e+01  1.492003e+02
   endloop
 endfacet
 facet normal -1.318431e-01  6.764268e-02 -9.889600e-01
   outer loop
     vertex  1.107534e+01 -2.618586e+01  1.492640e+02
     vertex  1.066499e+01 -2.666625e+01  1.492858e+02
     vertex  1.095039e+01 -2.610997e+01  1.492858e+02
   endloop
 endfacet
 facet normal -1.318431e-01  6.764268e-02 -9.889600e-01
   outer loop
     vertex  1.107534e+01 -2.618586e+01  1.492640e+02
     vertex  1.079951e+01 -2.672348e+01  1.492640e+02
     vertex  1.066499e+01 -2.666625e+01  1.492858e+02
   endloop
 endfacet
 facet normal -3.838452e-01  1.969335e-01 -9.021530e-01
   outer loop
     vertex  1.107534e+01 -2.618586e+01  1.492640e+02
     vertex  1.092227e+01 -2.677570e+01  1.492003e+02
     vertex  1.079951e+01 -2.672348e+01  1.492640e+02
   endloop
 endfacet
 facet normal -3.838452e-01  1.969335e-01 -9.021530e-01
   outer loop
     vertex  1.107534e+01 -2.618586e+01  1.492640e+02
     vertex  1.118936e+01 -2.625512e+01  1.492003e+02
     vertex  1.092227e+01 -2.677570e+01  1.492003e+02
   endloop
 endfacet
 facet normal -6.242392e-01  5.947398e-01 -5.065668e-01
   outer loop
     vertex  1.167017e+01 -2.589514e+01  1.489731e+02
     vertex  1.200510e+01 -2.543512e+01  1.491005e+02
     vertex  1.205557e+01 -2.549063e+01  1.489731e+02
   endloop
 endfacet
 facet normal -7.928447e-01  5.631747e-01 -2.328767e-01
   outer loop
     vertex  1.167017e+01 -2.589514e+01  1.489731e+02
     vertex  1.169680e+01 -2.591709e+01  1.488294e+02
     vertex  1.137612e+01 -2.636854e+01  1.488294e+02
   endloop
 endfacet
 facet normal -7.928447e-01  5.631747e-01 -2.328767e-01
   outer loop
     vertex  1.167017e+01 -2.589514e+01  1.489731e+02
     vertex  1.137612e+01 -2.636854e+01  1.488294e+02
     vertex  1.134662e+01 -2.635063e+01  1.489731e+02
   endloop
 endfacet
 facet normal -7.041012e-01  6.708278e-01 -2.328767e-01
   outer loop
     vertex  1.167017e+01 -2.589514e+01  1.489731e+02
     vertex  1.205557e+01 -2.549063e+01  1.489731e+02
     vertex  1.169680e+01 -2.591709e+01  1.488294e+02
   endloop
 endfacet
 facet normal -7.029171e-01  4.992972e-01 -5.065668e-01
   outer loop
     vertex  1.167017e+01 -2.589514e+01  1.489731e+02
     vertex  1.134662e+01 -2.635063e+01  1.489731e+02
     vertex  1.128250e+01 -2.631169e+01  1.491005e+02
   endloop
 endfacet
 facet normal -4.898174e-01  4.666703e-01 -7.364087e-01
   outer loop
     vertex  1.161229e+01 -2.584742e+01  1.491005e+02
     vertex  1.193180e+01 -2.535448e+01  1.492003e+02
     vertex  1.200510e+01 -2.543512e+01  1.491005e+02
   endloop
 endfacet
 facet normal -6.242392e-01  5.947398e-01 -5.065668e-01
   outer loop
     vertex  1.161229e+01 -2.584742e+01  1.491005e+02
     vertex  1.200510e+01 -2.543512e+01  1.491005e+02
     vertex  1.167017e+01 -2.589514e+01  1.489731e+02
   endloop
 endfacet
 facet normal -7.029171e-01  4.992972e-01 -5.065668e-01
   outer loop
     vertex  1.161229e+01 -2.584742e+01  1.491005e+02
     vertex  1.167017e+01 -2.589514e+01  1.489731e+02
     vertex  1.128250e+01 -2.631169e+01  1.491005e+02
   endloop
 endfacet
 facet normal -3.123483e-01  2.975878e-01 -9.021530e-01
   outer loop
     vertex  1.152820e+01 -2.577810e+01  1.492003e+02
     vertex  1.184206e+01 -2.525576e+01  1.492640e+02
     vertex  1.193180e+01 -2.535448e+01  1.492003e+02
   endloop
 endfacet
 facet normal -5.515530e-01  3.917800e-01 -7.364087e-01
   outer loop
     vertex  1.152820e+01 -2.577810e+01  1.492003e+02
     vertex  1.128250e+01 -2.631169e+01  1.491005e+02
     vertex  1.118936e+01 -2.625512e+01  1.492003e+02
   endloop
 endfacet
 facet normal -4.898174e-01  4.666703e-01 -7.364087e-01
   outer loop
     vertex  1.152820e+01 -2.577810e+01  1.492003e+02
     vertex  1.193180e+01 -2.535448e+01  1.492003e+02
     vertex  1.161229e+01 -2.584742e+01  1.491005e+02
   endloop
 endfacet
 facet normal -5.515530e-01  3.917800e-01 -7.364087e-01
   outer loop
     vertex  1.152820e+01 -2.577810e+01  1.492003e+02
     vertex  1.161229e+01 -2.584742e+01  1.491005e+02
     vertex  1.128250e+01 -2.631169e+01  1.491005e+02
   endloop
 endfacet
 facet normal -1.072853e-01  1.022154e-01 -9.889600e-01
   outer loop
     vertex  1.142525e+01 -2.569324e+01  1.492640e+02
     vertex  1.174373e+01 -2.514759e+01  1.492858e+02
     vertex  1.184206e+01 -2.525576e+01  1.492640e+02
   endloop
 endfacet
 facet normal -1.072853e-01  1.022154e-01 -9.889600e-01
   outer loop
     vertex  1.142525e+01 -2.569324e+01  1.492640e+02
     vertex  1.131245e+01 -2.560025e+01  1.492858e+02
     vertex  1.174373e+01 -2.514759e+01  1.492858e+02
   endloop
 endfacet
 facet normal -1.208074e-01  8.581208e-02 -9.889600e-01
   outer loop
     vertex  1.142525e+01 -2.569324e+01  1.492640e+02
     vertex  1.095039e+01 -2.610997e+01  1.492858e+02
     vertex  1.131245e+01 -2.560025e+01  1.492858e+02
   endloop
 endfacet
 facet normal -1.208074e-01  8.581208e-02 -9.889600e-01
   outer loop
     vertex  1.142525e+01 -2.569324e+01  1.492640e+02
     vertex  1.107534e+01 -2.618586e+01  1.492640e+02
     vertex  1.095039e+01 -2.610997e+01  1.492858e+02
   endloop
 endfacet
 facet normal -3.123483e-01  2.975878e-01 -9.021530e-01
   outer loop
     vertex  1.142525e+01 -2.569324e+01  1.492640e+02
     vertex  1.184206e+01 -2.525576e+01  1.492640e+02
     vertex  1.152820e+01 -2.577810e+01  1.492003e+02
   endloop
 endfacet
 facet normal -3.517160e-01  2.498315e-01 -9.021530e-01
   outer loop
     vertex  1.142525e+01 -2.569324e+01  1.492640e+02
     vertex  1.118936e+01 -2.625512e+01  1.492003e+02
     vertex  1.107534e+01 -2.618586e+01  1.492640e+02
   endloop
 endfacet
 facet normal -3.517160e-01  2.498315e-01 -9.021530e-01
   outer loop
     vertex  1.142525e+01 -2.569324e+01  1.492640e+02
     vertex  1.152820e+01 -2.577810e+01  1.492003e+02
     vertex  1.118936e+01 -2.625512e+01  1.492003e+02
   endloop
 endfacet
 facet normal  1.326917e-01 -7.215642e-02 -9.885274e-01
   outer loop
     vertex -3.904047e+01 -2.504937e+01  1.492858e+02
     vertex -3.917848e+01 -2.503342e+01  1.492661e+02
     vertex -3.915155e+01 -2.495434e+01  1.492640e+02
   endloop
 endfacet
 facet normal  8.989782e-01 -4.005160e-01 -1.772713e-01
   outer loop
     vertex -3.950385e+01 -2.489745e+01  1.488963e+02
     vertex -3.951119e+01 -2.489656e+01  1.488570e+02
     vertex -3.947350e+01 -2.480634e+01  1.488443e+02
   endloop
 endfacet
 facet normal  9.596133e-01 -2.125135e-01 -1.843375e-01
   outer loop
     vertex -3.950385e+01 -2.489745e+01  1.488963e+02
     vertex -3.953058e+01 -2.499272e+01  1.488669e+02
     vertex -3.951119e+01 -2.489656e+01  1.488570e+02
   endloop
 endfacet
 facet normal  9.388810e-01 -1.715103e-01 -2.984738e-01
   outer loop
     vertex -3.950385e+01 -2.489745e+01  1.488963e+02
     vertex -3.948890e+01 -2.499753e+01  1.490008e+02
     vertex -3.953058e+01 -2.499272e+01  1.488669e+02
   endloop
 endfacet
 facet normal  8.161650e-01 -1.750820e-01 -5.506550e-01
   outer loop
     vertex -3.946321e+01 -2.490215e+01  1.490086e+02
     vertex -3.941189e+01 -2.500644e+01  1.491178e+02
     vertex -3.948890e+01 -2.499753e+01  1.490008e+02
   endloop
 endfacet
 facet normal  9.145985e-01 -2.186606e-01 -3.401429e-01
   outer loop
     vertex -3.946321e+01 -2.490215e+01  1.490086e+02
     vertex -3.948890e+01 -2.499753e+01  1.490008e+02
     vertex -3.950385e+01 -2.489745e+01  1.488963e+02
   endloop
 endfacet
 facet normal  7.925755e-01 -5.734753e-01 -2.072441e-01
   outer loop
     vertex -3.944951e+01 -2.480917e+01  1.489439e+02
     vertex -3.947350e+01 -2.480634e+01  1.488443e+02
     vertex -3.941897e+01 -2.472558e+01  1.488294e+02
   endloop
 endfacet
 facet normal  7.657992e-01 -5.992936e-01 -2.332353e-01
   outer loop
     vertex -3.944951e+01 -2.480917e+01  1.489439e+02
     vertex -3.941897e+01 -2.472558e+01  1.488294e+02
     vertex -3.939275e+01 -2.474801e+01  1.489731e+02
   endloop
 endfacet
 facet normal  8.792738e-01 -4.204717e-01 -2.237879e-01
   outer loop
     vertex -3.944951e+01 -2.480917e+01  1.489439e+02
     vertex -3.950385e+01 -2.489745e+01  1.488963e+02
     vertex -3.947350e+01 -2.480634e+01  1.488443e+02
   endloop
 endfacet
 facet normal  8.728243e-01 -3.587384e-01 -3.308844e-01
   outer loop
     vertex -3.944951e+01 -2.480917e+01  1.489439e+02
     vertex -3.946321e+01 -2.490215e+01  1.490086e+02
     vertex -3.950385e+01 -2.489745e+01  1.488963e+02
   endloop
 endfacet
 facet normal  8.095794e-01 -1.850517e-01 -5.570791e-01
   outer loop
     vertex -3.939681e+01 -2.490982e+01  1.491076e+02
     vertex -3.941189e+01 -2.500644e+01  1.491178e+02
     vertex -3.946321e+01 -2.490215e+01  1.490086e+02
   endloop
 endfacet
 facet normal  6.253667e-01 -5.931481e-01 -5.070422e-01
   outer loop
     vertex -3.939873e+01 -2.481504e+01  1.490442e+02
     vertex -3.939275e+01 -2.474801e+01  1.489731e+02
     vertex -3.933574e+01 -2.479678e+01  1.491005e+02
   endloop
 endfacet
 facet normal  7.574221e-01 -5.055245e-01 -4.132272e-01
   outer loop
     vertex -3.939873e+01 -2.481504e+01  1.490442e+02
     vertex -3.944951e+01 -2.480917e+01  1.489439e+02
     vertex -3.939275e+01 -2.474801e+01  1.489731e+02
   endloop
 endfacet
 facet normal  8.007453e-01 -4.170324e-01 -4.299895e-01
   outer loop
     vertex -3.939873e+01 -2.481504e+01  1.490442e+02
     vertex -3.946321e+01 -2.490215e+01  1.490086e+02
     vertex -3.944951e+01 -2.480917e+01  1.489439e+02
   endloop
 endfacet
 facet normal  7.665378e-01 -3.464528e-01 -5.407313e-01
   outer loop
     vertex -3.939873e+01 -2.481504e+01  1.490442e+02
     vertex -3.939681e+01 -2.490982e+01  1.491076e+02
     vertex -3.946321e+01 -2.490215e+01  1.490086e+02
   endloop
 endfacet
 facet normal  6.333861e-01 -1.433202e-01 -7.604481e-01
   outer loop
     vertex -3.930859e+01 -2.492002e+01  1.491875e+02
     vertex -3.930563e+01 -2.501872e+01  1.492086e+02
     vertex -3.941189e+01 -2.500644e+01  1.491178e+02
   endloop
 endfacet
 facet normal  6.491178e-01 -1.792182e-01 -7.392746e-01
   outer loop
     vertex -3.930859e+01 -2.492002e+01  1.491875e+02
     vertex -3.941189e+01 -2.500644e+01  1.491178e+02
     vertex -3.939681e+01 -2.490982e+01  1.491076e+02
   endloop
 endfacet
 facet normal  3.082167e-01 -6.364259e-01 -7.070817e-01
   outer loop
     vertex -3.932537e+01 -2.482352e+01  1.491291e+02
     vertex -3.933574e+01 -2.479678e+01  1.491005e+02
     vertex -3.925293e+01 -2.486762e+01  1.492003e+02
   endloop
 endfacet
 facet normal  6.721560e-01 -4.032712e-01 -6.209497e-01
   outer loop
     vertex -3.932537e+01 -2.482352e+01  1.491291e+02
     vertex -3.939873e+01 -2.481504e+01  1.490442e+02
     vertex -3.933574e+01 -2.479678e+01  1.491005e+02
   endloop
 endfacet
 facet normal  6.129883e-01 -3.287041e-01 -7.184698e-01
   outer loop
     vertex -3.932537e+01 -2.482352e+01  1.491291e+02
     vertex -3.930859e+01 -2.492002e+01  1.491875e+02
     vertex -3.939681e+01 -2.490982e+01  1.491076e+02
   endloop
 endfacet
 facet normal  6.725618e-01 -4.022157e-01 -6.211949e-01
   outer loop
     vertex -3.932537e+01 -2.482352e+01  1.491291e+02
     vertex -3.939681e+01 -2.490982e+01  1.491076e+02
     vertex -3.939873e+01 -2.481504e+01  1.490442e+02
   endloop
 endfacet
 facet normal  5.260313e-01 -3.719190e-01 -7.648316e-01
   outer loop
     vertex -3.932537e+01 -2.482352e+01  1.491291e+02
     vertex -3.925293e+01 -2.486762e+01  1.492003e+02
     vertex -3.930859e+01 -2.492002e+01  1.491875e+02
   endloop
 endfacet
 facet normal  4.001665e-01 -1.024087e-01 -9.107026e-01
   outer loop
     vertex -3.920378e+01 -2.493214e+01  1.492436e+02
     vertex -3.917848e+01 -2.503342e+01  1.492661e+02
     vertex -3.930563e+01 -2.501872e+01  1.492086e+02
   endloop
 endfacet
 facet normal  1.338265e-01 -4.798024e-01 -8.671102e-01
   outer loop
     vertex -3.920378e+01 -2.493214e+01  1.492436e+02
     vertex -3.925293e+01 -2.486762e+01  1.492003e+02
     vertex -3.915155e+01 -2.495434e+01  1.492640e+02
   endloop
 endfacet
 facet normal  4.489533e-01 -1.736256e-01 -8.765244e-01
   outer loop
     vertex -3.920378e+01 -2.493214e+01  1.492436e+02
     vertex -3.930563e+01 -2.501872e+01  1.492086e+02
     vertex -3.930859e+01 -2.492002e+01  1.491875e+02
   endloop
 endfacet
 facet normal  4.342242e-01 -2.498459e-01 -8.654631e-01
   outer loop
     vertex -3.920378e+01 -2.493214e+01  1.492436e+02
     vertex -3.930859e+01 -2.492002e+01  1.491875e+02
     vertex -3.925293e+01 -2.486762e+01  1.492003e+02
   endloop
 endfacet
 facet normal  3.108055e-01 -1.315292e-01 -9.413289e-01
   outer loop
     vertex -3.920378e+01 -2.493214e+01  1.492436e+02
     vertex -3.915155e+01 -2.495434e+01  1.492640e+02
     vertex -3.917848e+01 -2.503342e+01  1.492661e+02
   endloop
 endfacet
 facet normal  9.546590e-01 -2.396620e-01 -1.766019e-01
   outer loop
     vertex -3.883666e+01 -1.919516e+01  1.489210e+02
     vertex -3.887221e+01 -1.929693e+01  1.488669e+02
     vertex -3.883936e+01 -1.917208e+01  1.488751e+02
   endloop
 endfacet
 facet normal  9.392402e-01 -1.694652e-01 -2.985120e-01
   outer loop
     vertex -3.883666e+01 -1.919516e+01  1.489210e+02
     vertex -3.883052e+01 -1.930174e+01  1.490008e+02
     vertex -3.887221e+01 -1.929693e+01  1.488669e+02
   endloop
 endfacet
 facet normal  8.178592e-01 -1.656675e-01 -5.510540e-01
   outer loop
     vertex -3.879264e+01 -1.920025e+01  1.490265e+02
     vertex -3.875352e+01 -1.931065e+01  1.491178e+02
     vertex -3.883052e+01 -1.930174e+01  1.490008e+02
   endloop
 endfacet
 facet normal  8.927560e-01 -2.359891e-01 -3.837913e-01
   outer loop
     vertex -3.879264e+01 -1.920025e+01  1.490265e+02
     vertex -3.883052e+01 -1.930174e+01  1.490008e+02
     vertex -3.883666e+01 -1.919516e+01  1.489210e+02
   endloop
 endfacet
 facet normal  8.494754e-01 -4.738077e-01 -2.321591e-01
   outer loop
     vertex -3.877591e+01 -1.910104e+01  1.489623e+02
     vertex -3.883936e+01 -1.917208e+01  1.488751e+02
     vertex -3.877590e+01 -1.905938e+01  1.488773e+02
   endloop
 endfacet
 facet normal  8.457828e-01 -3.831370e-01 -3.712917e-01
   outer loop
     vertex -3.877591e+01 -1.910104e+01  1.489623e+02
     vertex -3.879264e+01 -1.920025e+01  1.490265e+02
     vertex -3.883666e+01 -1.919516e+01  1.489210e+02
   endloop
 endfacet
 facet normal  8.586148e-01 -4.359842e-01 -2.696265e-01
   outer loop
     vertex -3.877591e+01 -1.910104e+01  1.489623e+02
     vertex -3.883666e+01 -1.919516e+01  1.489210e+02
     vertex -3.883936e+01 -1.917208e+01  1.488751e+02
   endloop
 endfacet
 facet normal  7.825339e-01 -2.078185e-01 -5.869004e-01
   outer loop
     vertex -3.872547e+01 -1.920801e+01  1.491188e+02
     vertex -3.875352e+01 -1.931065e+01  1.491178e+02
     vertex -3.879264e+01 -1.920025e+01  1.490265e+02
   endloop
 endfacet
 facet normal  7.191253e-01 -6.948284e-01 -8.506963e-03
   outer loop
     vertex -3.873205e+01 -1.901424e+01  1.488971e+02
     vertex -3.877590e+01 -1.905938e+01  1.488773e+02
     vertex -3.868608e+01 -1.896637e+01  1.488734e+02
   endloop
 endfacet
 facet normal  7.359596e-01 -3.704426e-01 -5.666884e-01
   outer loop
     vertex -3.872372e+01 -1.910708e+01  1.490551e+02
     vertex -3.872547e+01 -1.920801e+01  1.491188e+02
     vertex -3.879264e+01 -1.920025e+01  1.490265e+02
   endloop
 endfacet
 facet normal  7.745026e-01 -4.307036e-01 -4.632927e-01
   outer loop
     vertex -3.872372e+01 -1.910708e+01  1.490551e+02
     vertex -3.879264e+01 -1.920025e+01  1.490265e+02
     vertex -3.877591e+01 -1.910104e+01  1.489623e+02
   endloop
 endfacet
 facet normal  6.298447e-01 -1.643084e-01 -7.591432e-01
   outer loop
     vertex -3.863881e+01 -1.921803e+01  1.491929e+02
     vertex -3.864726e+01 -1.932293e+01  1.492086e+02
     vertex -3.875352e+01 -1.931065e+01  1.491178e+02
   endloop
 endfacet
 facet normal  6.298447e-01 -1.643084e-01 -7.591432e-01
   outer loop
     vertex -3.863881e+01 -1.921803e+01  1.491929e+02
     vertex -3.875352e+01 -1.931065e+01  1.491178e+02
     vertex -3.872547e+01 -1.920801e+01  1.491188e+02
   endloop
 endfacet
 facet normal  7.226073e-01 -6.207209e-01 -3.042108e-01
   outer loop
     vertex -3.869583e+01 -1.901843e+01  1.489839e+02
     vertex -3.877591e+01 -1.910104e+01  1.489623e+02
     vertex -3.877590e+01 -1.905938e+01  1.488773e+02
   endloop
 endfacet
 facet normal  6.137056e-01 -7.337969e-01 -2.913890e-01
   outer loop
     vertex -3.869583e+01 -1.901843e+01  1.489839e+02
     vertex -3.873205e+01 -1.901424e+01  1.488971e+02
     vertex -3.868608e+01 -1.896637e+01  1.488734e+02
   endloop
 endfacet
 facet normal  7.016907e-01 -5.671576e-01 -4.312336e-01
   outer loop
     vertex -3.869583e+01 -1.901843e+01  1.489839e+02
     vertex -3.872372e+01 -1.910708e+01  1.490551e+02
     vertex -3.877591e+01 -1.910104e+01  1.489623e+02
   endloop
 endfacet
 facet normal  7.448319e-01 -5.750547e-01 -3.384340e-01
   outer loop
     vertex -3.869583e+01 -1.901843e+01  1.489839e+02
     vertex -3.877590e+01 -1.905938e+01  1.488773e+02
     vertex -3.873205e+01 -1.901424e+01  1.488971e+02
   endloop
 endfacet
 facet normal  6.452097e-01 -4.157587e-01 -6.409752e-01
   outer loop
     vertex -3.865151e+01 -1.911542e+01  1.491332e+02
     vertex -3.872547e+01 -1.920801e+01  1.491188e+02
     vertex -3.872372e+01 -1.910708e+01  1.490551e+02
   endloop
 endfacet
 facet normal  5.840169e-01 -3.528796e-01 -7.310268e-01
   outer loop
     vertex -3.865151e+01 -1.911542e+01  1.491332e+02
     vertex -3.863881e+01 -1.921803e+01  1.491929e+02
     vertex -3.872547e+01 -1.920801e+01  1.491188e+02
   endloop
 endfacet
 facet normal  3.980742e-01 -1.171448e-01 -9.098429e-01
   outer loop
     vertex -3.853742e+01 -1.922975e+01  1.492447e+02
     vertex -3.852011e+01 -1.933763e+01  1.492661e+02
     vertex -3.864726e+01 -1.932293e+01  1.492086e+02
   endloop
 endfacet
 facet normal  4.328126e-01 -1.673944e-01 -8.858061e-01
   outer loop
     vertex -3.853742e+01 -1.922975e+01  1.492447e+02
     vertex -3.864726e+01 -1.932293e+01  1.492086e+02
     vertex -3.863881e+01 -1.921803e+01  1.491929e+02
   endloop
 endfacet
 facet normal  5.078033e-01 -8.522107e-01 -1.259872e-01
   outer loop
     vertex -3.864207e+01 -1.894614e+01  1.489139e+02
     vertex -3.868608e+01 -1.896637e+01  1.488734e+02
     vertex -3.857591e+01 -1.889928e+01  1.488636e+02
   endloop
 endfacet
 facet normal  6.089949e-01 -7.369565e-01 -2.932921e-01
   outer loop
     vertex -3.864207e+01 -1.894614e+01  1.489139e+02
     vertex -3.869583e+01 -1.901843e+01  1.489839e+02
     vertex -3.868608e+01 -1.896637e+01  1.488734e+02
   endloop
 endfacet
 facet normal  5.813446e-01 -5.532469e-01 -5.966208e-01
   outer loop
     vertex -3.864054e+01 -1.902482e+01  1.490599e+02
     vertex -3.865151e+01 -1.911542e+01  1.491332e+02
     vertex -3.872372e+01 -1.910708e+01  1.490551e+02
   endloop
 endfacet
 facet normal  6.220994e-01 -5.998738e-01 -5.031340e-01
   outer loop
     vertex -3.864054e+01 -1.902482e+01  1.490599e+02
     vertex -3.872372e+01 -1.910708e+01  1.490551e+02
     vertex -3.869583e+01 -1.901843e+01  1.489839e+02
   endloop
 endfacet
 facet normal  4.784221e-01 -3.964798e-01 -7.835280e-01
   outer loop
     vertex -3.856324e+01 -1.912563e+01  1.491923e+02
     vertex -3.863881e+01 -1.921803e+01  1.491929e+02
     vertex -3.865151e+01 -1.911542e+01  1.491332e+02
   endloop
 endfacet
 facet normal  3.982822e-01 -3.314107e-01 -8.553001e-01
   outer loop
     vertex -3.856324e+01 -1.912563e+01  1.491923e+02
     vertex -3.853742e+01 -1.922975e+01  1.492447e+02
     vertex -3.863881e+01 -1.921803e+01  1.491929e+02
   endloop
 endfacet
 facet normal  1.321931e-01 -7.617916e-02 -9.882923e-01
   outer loop
     vertex -3.842686e+01 -1.924253e+01  1.492713e+02
     vertex -3.838210e+01 -1.935358e+01  1.492858e+02
     vertex -3.852011e+01 -1.933763e+01  1.492661e+02
   endloop
 endfacet
 facet normal -3.707610e-02 -1.444775e-01 -9.888132e-01
   outer loop
     vertex -3.842686e+01 -1.924253e+01  1.492713e+02
     vertex -3.836531e+01 -1.920836e+01  1.492640e+02
     vertex -3.838210e+01 -1.935358e+01  1.492858e+02
   endloop
 endfacet
 facet normal  2.137952e-01 -1.575085e-01 -9.640968e-01
   outer loop
     vertex -3.842686e+01 -1.924253e+01  1.492713e+02
     vertex -3.852011e+01 -1.933763e+01  1.492661e+02
     vertex -3.853742e+01 -1.922975e+01  1.492447e+02
   endloop
 endfacet
 facet normal  5.493509e-01 -7.551012e-01 -3.578208e-01
   outer loop
     vertex -3.860418e+01 -1.895052e+01  1.489813e+02
     vertex -3.869583e+01 -1.901843e+01  1.489839e+02
     vertex -3.864207e+01 -1.894614e+01  1.489139e+02
   endloop
 endfacet
 facet normal  5.254549e-01 -7.261322e-01 -4.434290e-01
   outer loop
     vertex -3.860418e+01 -1.895052e+01  1.489813e+02
     vertex -3.864054e+01 -1.902482e+01  1.490599e+02
     vertex -3.869583e+01 -1.901843e+01  1.489839e+02
   endloop
 endfacet
 facet normal  4.871971e-01 -5.842805e-01 -6.490418e-01
   outer loop
     vertex -3.856922e+01 -1.903306e+01  1.491209e+02
     vertex -3.865151e+01 -1.911542e+01  1.491332e+02
     vertex -3.864054e+01 -1.902482e+01  1.490599e+02
   endloop
 endfacet
 facet normal  4.260984e-01 -5.353021e-01 -7.293092e-01
   outer loop
     vertex -3.856922e+01 -1.903306e+01  1.491209e+02
     vertex -3.856324e+01 -1.912563e+01  1.491923e+02
     vertex -3.865151e+01 -1.911542e+01  1.491332e+02
   endloop
 endfacet
 facet normal  5.801598e-03 -4.333796e-01 -9.011928e-01
   outer loop
     vertex -3.846374e+01 -1.913713e+01  1.492291e+02
     vertex -3.834999e+01 -1.907583e+01  1.492003e+02
     vertex -3.836531e+01 -1.920836e+01  1.492640e+02
   endloop
 endfacet
 facet normal  2.832808e-01 -3.739236e-01 -8.831382e-01
   outer loop
     vertex -3.846374e+01 -1.913713e+01  1.492291e+02
     vertex -3.853742e+01 -1.922975e+01  1.492447e+02
     vertex -3.856324e+01 -1.912563e+01  1.491923e+02
   endloop
 endfacet
 facet normal  8.109482e-02 -3.457932e-01 -9.347998e-01
   outer loop
     vertex -3.846374e+01 -1.913713e+01  1.492291e+02
     vertex -3.836531e+01 -1.920836e+01  1.492640e+02
     vertex -3.842686e+01 -1.924253e+01  1.492713e+02
   endloop
 endfacet
 facet normal  1.889349e-01 -3.072123e-01 -9.326973e-01
   outer loop
     vertex -3.846374e+01 -1.913713e+01  1.492291e+02
     vertex -3.842686e+01 -1.924253e+01  1.492713e+02
     vertex -3.853742e+01 -1.922975e+01  1.492447e+02
   endloop
 endfacet
 facet normal  2.686420e-01 -9.545501e-01 -1.290950e-01
   outer loop
     vertex -3.854348e+01 -1.889592e+01  1.489063e+02
     vertex -3.857591e+01 -1.889928e+01  1.488636e+02
     vertex -3.845277e+01 -1.886259e+01  1.488486e+02
   endloop
 endfacet
 facet normal  4.233959e-01 -8.698086e-01 -2.533158e-01
   outer loop
     vertex -3.854348e+01 -1.889592e+01  1.489063e+02
     vertex -3.864207e+01 -1.894614e+01  1.489139e+02
     vertex -3.857591e+01 -1.889928e+01  1.488636e+02
   endloop
 endfacet
 facet normal  4.164062e-01 -8.616801e-01 -2.900231e-01
   outer loop
     vertex -3.854348e+01 -1.889592e+01  1.489063e+02
     vertex -3.860418e+01 -1.895052e+01  1.489813e+02
     vertex -3.864207e+01 -1.894614e+01  1.489139e+02
   endloop
 endfacet
 facet normal  4.494924e-01 -7.435587e-01 -4.950527e-01
   outer loop
     vertex -3.855176e+01 -1.895658e+01  1.490380e+02
     vertex -3.864054e+01 -1.902482e+01  1.490599e+02
     vertex -3.860418e+01 -1.895052e+01  1.489813e+02
   endloop
 endfacet
 facet normal  4.065610e-01 -7.123893e-01 -5.720224e-01
   outer loop
     vertex -3.855176e+01 -1.895658e+01  1.490380e+02
     vertex -3.856922e+01 -1.903306e+01  1.491209e+02
     vertex -3.864054e+01 -1.902482e+01  1.490599e+02
   endloop
 endfacet
 facet normal  3.222927e-01 -5.652193e-01 -7.593778e-01
   outer loop
     vertex -3.848578e+01 -1.904271e+01  1.491635e+02
     vertex -3.856324e+01 -1.912563e+01  1.491923e+02
     vertex -3.856922e+01 -1.903306e+01  1.491209e+02
   endloop
 endfacet
 facet normal  2.444606e-01 -5.143067e-01 -8.220266e-01
   outer loop
     vertex -3.848578e+01 -1.904271e+01  1.491635e+02
     vertex -3.846374e+01 -1.913713e+01  1.492291e+02
     vertex -3.856324e+01 -1.912563e+01  1.491923e+02
   endloop
 endfacet
 facet normal  2.042995e-01 -9.518139e-01 -2.287183e-01
   outer loop
     vertex -3.850987e+01 -1.889981e+01  1.489525e+02
     vertex -3.854348e+01 -1.889592e+01  1.489063e+02
     vertex -3.845277e+01 -1.886259e+01  1.488486e+02
   endloop
 endfacet
 facet normal  3.635390e-01 -8.682684e-01 -3.375640e-01
   outer loop
     vertex -3.850987e+01 -1.889981e+01  1.489525e+02
     vertex -3.860418e+01 -1.895052e+01  1.489813e+02
     vertex -3.854348e+01 -1.889592e+01  1.489063e+02
   endloop
 endfacet
 facet normal  3.354683e-01 -8.523245e-01 -4.012530e-01
   outer loop
     vertex -3.850987e+01 -1.889981e+01  1.489525e+02
     vertex -3.855176e+01 -1.895658e+01  1.490380e+02
     vertex -3.860418e+01 -1.895052e+01  1.489813e+02
   endloop
 endfacet
 facet normal  3.206751e-01 -7.286687e-01 -6.051523e-01
   outer loop
     vertex -3.848768e+01 -1.896399e+01  1.490809e+02
     vertex -3.856922e+01 -1.903306e+01  1.491209e+02
     vertex -3.855176e+01 -1.895658e+01  1.490380e+02
   endloop
 endfacet
 facet normal  2.612251e-01 -6.955900e-01 -6.692653e-01
   outer loop
     vertex -3.848768e+01 -1.896399e+01  1.490809e+02
     vertex -3.848578e+01 -1.904271e+01  1.491635e+02
     vertex -3.856922e+01 -1.903306e+01  1.491209e+02
   endloop
 endfacet
 facet normal -9.124543e-02 -6.694770e-01 -7.372074e-01
   outer loop
     vertex -3.839478e+01 -1.905322e+01  1.491854e+02
     vertex -3.833748e+01 -1.896758e+01  1.491005e+02
     vertex -3.834999e+01 -1.907583e+01  1.492003e+02
   endloop
 endfacet
 facet normal  1.364238e-01 -5.437348e-01 -8.280948e-01
   outer loop
     vertex -3.839478e+01 -1.905322e+01  1.491854e+02
     vertex -3.846374e+01 -1.913713e+01  1.492291e+02
     vertex -3.848578e+01 -1.904271e+01  1.491635e+02
   endloop
 endfacet
 facet normal  4.400488e-02 -4.899485e-01 -8.706400e-01
   outer loop
     vertex -3.839478e+01 -1.905322e+01  1.491854e+02
     vertex -3.834999e+01 -1.907583e+01  1.492003e+02
     vertex -3.846374e+01 -1.913713e+01  1.492291e+02
   endloop
 endfacet
 facet normal  2.310585e-01 -8.402558e-01 -4.904917e-01
   outer loop
     vertex -3.846651e+01 -1.890482e+01  1.489895e+02
     vertex -3.848768e+01 -1.896399e+01  1.490809e+02
     vertex -3.855176e+01 -1.895658e+01  1.490380e+02
   endloop
 endfacet
 facet normal  2.730301e-01 -8.578065e-01 -4.354568e-01
   outer loop
     vertex -3.846651e+01 -1.890482e+01  1.489895e+02
     vertex -3.855176e+01 -1.895658e+01  1.490380e+02
     vertex -3.850987e+01 -1.889981e+01  1.489525e+02
   endloop
 endfacet
 facet normal -2.303297e-02 -6.958761e-01 -7.177924e-01
   outer loop
     vertex -3.841546e+01 -1.897233e+01  1.491076e+02
     vertex -3.833748e+01 -1.896758e+01  1.491005e+02
     vertex -3.839478e+01 -1.905322e+01  1.491854e+02
   endloop
 endfacet
 facet normal  1.699592e-01 -7.112476e-01 -6.820856e-01
   outer loop
     vertex -3.841546e+01 -1.897233e+01  1.491076e+02
     vertex -3.848578e+01 -1.904271e+01  1.491635e+02
     vertex -3.848768e+01 -1.896399e+01  1.490809e+02
   endloop
 endfacet
 facet normal  9.741256e-02 -6.766550e-01 -7.298279e-01
   outer loop
     vertex -3.841546e+01 -1.897233e+01  1.491076e+02
     vertex -3.839478e+01 -1.905322e+01  1.491854e+02
     vertex -3.848578e+01 -1.904271e+01  1.491635e+02
   endloop
 endfacet
 facet normal  1.088993e-01 -8.261355e-01 -5.528481e-01
   outer loop
     vertex -3.841578e+01 -1.891069e+01  1.490154e+02
     vertex -3.841546e+01 -1.897233e+01  1.491076e+02
     vertex -3.848768e+01 -1.896399e+01  1.490809e+02
   endloop
 endfacet
 facet normal  1.623919e-01 -8.450179e-01 -5.094837e-01
   outer loop
     vertex -3.841578e+01 -1.891069e+01  1.490154e+02
     vertex -3.848768e+01 -1.896399e+01  1.490809e+02
     vertex -3.846651e+01 -1.890482e+01  1.489895e+02
   endloop
 endfacet
 facet normal  9.513476e-03 -9.909605e-01 -1.338163e-01
   outer loop
     vertex -3.839345e+01 -1.887130e+01  1.489173e+02
     vertex -3.845277e+01 -1.886259e+01  1.488486e+02
     vertex -3.832490e+01 -1.885878e+01  1.488294e+02
   endloop
 endfacet
 facet normal  7.447036e-02 -9.312224e-01 -3.567618e-01
   outer loop
     vertex -3.839345e+01 -1.887130e+01  1.489173e+02
     vertex -3.841578e+01 -1.891069e+01  1.490154e+02
     vertex -3.846651e+01 -1.890482e+01  1.489895e+02
   endloop
 endfacet
 facet normal  1.562664e-01 -9.539883e-01 -2.559044e-01
   outer loop
     vertex -3.839345e+01 -1.887130e+01  1.489173e+02
     vertex -3.850987e+01 -1.889981e+01  1.489525e+02
     vertex -3.845277e+01 -1.886259e+01  1.488486e+02
   endloop
 endfacet
 facet normal  1.424200e-01 -9.450000e-01 -2.944343e-01
   outer loop
     vertex -3.839345e+01 -1.887130e+01  1.489173e+02
     vertex -3.846651e+01 -1.890482e+01  1.489895e+02
     vertex -3.850987e+01 -1.889981e+01  1.489525e+02
   endloop
 endfacet
 facet normal -2.528540e-01 -8.274973e-01 -5.013114e-01
   outer loop
     vertex -3.836046e+01 -1.891708e+01  1.490287e+02
     vertex -3.832886e+01 -1.889305e+01  1.489731e+02
     vertex -3.833748e+01 -1.896758e+01  1.491005e+02
   endloop
 endfacet
 facet normal  3.768832e-02 -8.306035e-01 -5.555875e-01
   outer loop
     vertex -3.836046e+01 -1.891708e+01  1.490287e+02
     vertex -3.841546e+01 -1.897233e+01  1.491076e+02
     vertex -3.841578e+01 -1.891069e+01  1.490154e+02
   endloop
 endfacet
 facet normal -2.531174e-03 -8.181928e-01 -5.749383e-01
   outer loop
     vertex -3.836046e+01 -1.891708e+01  1.490287e+02
     vertex -3.833748e+01 -1.896758e+01  1.491005e+02
     vertex -3.841546e+01 -1.897233e+01  1.491076e+02
   endloop
 endfacet
 facet normal -1.285232e-02 -9.211289e-01 -3.890456e-01
   outer loop
     vertex -3.836127e+01 -1.887502e+01  1.489292e+02
     vertex -3.836046e+01 -1.891708e+01  1.490287e+02
     vertex -3.841578e+01 -1.891069e+01  1.490154e+02
   endloop
 endfacet
 facet normal -2.131185e-01 -9.490305e-01 -2.322101e-01
   outer loop
     vertex -3.836127e+01 -1.887502e+01  1.489292e+02
     vertex -3.832490e+01 -1.885878e+01  1.488294e+02
     vertex -3.832886e+01 -1.889305e+01  1.489731e+02
   endloop
 endfacet
 facet normal  2.811457e-02 -9.298847e-01 -3.667752e-01
   outer loop
     vertex -3.836127e+01 -1.887502e+01  1.489292e+02
     vertex -3.841578e+01 -1.891069e+01  1.490154e+02
     vertex -3.839345e+01 -1.887130e+01  1.489173e+02
   endloop
 endfacet
 facet normal  1.547706e-02 -9.210118e-01 -3.892270e-01
   outer loop
     vertex -3.836127e+01 -1.887502e+01  1.489292e+02
     vertex -3.832886e+01 -1.889305e+01  1.489731e+02
     vertex -3.836046e+01 -1.891708e+01  1.490287e+02
   endloop
 endfacet
 facet normal -4.798482e-02 -9.829453e-01 -1.775277e-01
   outer loop
     vertex -3.836127e+01 -1.887502e+01  1.489292e+02
     vertex -3.839345e+01 -1.887130e+01  1.489173e+02
     vertex -3.832490e+01 -1.885878e+01  1.488294e+02
   endloop
 endfacet
 facet normal -6.888964e-01  7.184745e-01 -9.600079e-02
   outer loop
     vertex  1.207878e+01 -2.551616e+01  1.488294e+02
     vertex  1.228583e+01 -2.546289e+01  1.477422e+02
     vertex  1.186874e+01 -2.586281e+01  1.477422e+02
   endloop
 endfacet
 facet normal -7.908126e-01  6.046582e-01 -9.488895e-02
   outer loop
     vertex  1.169680e+01 -2.591709e+01  1.488294e+02
     vertex  1.186874e+01 -2.586281e+01  1.477422e+02
     vertex  1.151777e+01 -2.632184e+01  1.477422e+02
   endloop
 endfacet
 facet normal -7.216970e-01  6.875920e-01 -7.981676e-02
   outer loop
     vertex  1.169680e+01 -2.591709e+01  1.488294e+02
     vertex  1.207878e+01 -2.551616e+01  1.488294e+02
     vertex  1.186874e+01 -2.586281e+01  1.477422e+02
   endloop
 endfacet
 facet normal -8.741486e-01  4.765881e-01 -9.342333e-02
   outer loop
     vertex  1.137612e+01 -2.636854e+01  1.488294e+02
     vertex  1.151777e+01 -2.632184e+01  1.477422e+02
     vertex  1.124117e+01 -2.682917e+01  1.477422e+02
   endloop
 endfacet
 facet normal -8.125752e-01  5.771897e-01 -8.107851e-02
   outer loop
     vertex  1.137612e+01 -2.636854e+01  1.488294e+02
     vertex  1.169680e+01 -2.591709e+01  1.488294e+02
     vertex  1.151777e+01 -2.632184e+01  1.477422e+02
   endloop
 endfacet
 facet normal -9.369425e-01  3.372648e-01 -9.160364e-02
   outer loop
     vertex  1.112333e+01 -2.686124e+01  1.488294e+02
     vertex  1.124117e+01 -2.682917e+01  1.477422e+02
     vertex  1.104546e+01 -2.737286e+01  1.477422e+02
   endloop
 endfacet
 facet normal -8.866862e-01  4.549183e-01 -8.268554e-02
   outer loop
     vertex  1.112333e+01 -2.686124e+01  1.488294e+02
     vertex  1.137612e+01 -2.636854e+01  1.488294e+02
     vertex  1.124117e+01 -2.682917e+01  1.477422e+02
   endloop
 endfacet
 facet normal -9.777116e-01  1.899538e-01 -8.942955e-02
   outer loop
     vertex  1.094365e+01 -2.738504e+01  1.488294e+02
     vertex  1.104546e+01 -2.737286e+01  1.477422e+02
     vertex  1.093526e+01 -2.794009e+01  1.477422e+02
   endloop
 endfacet
 facet normal -9.425013e-01  3.233077e-01 -8.463726e-02
   outer loop
     vertex  1.094365e+01 -2.738504e+01  1.488294e+02
     vertex  1.112333e+01 -2.686124e+01  1.488294e+02
     vertex  1.104546e+01 -2.737286e+01  1.477422e+02
   endloop
 endfacet
 facet normal -9.788706e-01  1.850812e-01 -8.693294e-02
   outer loop
     vertex  1.084077e+01 -2.792917e+01  1.488294e+02
     vertex  1.094365e+01 -2.738504e+01  1.488294e+02
     vertex  1.093526e+01 -2.794009e+01  1.477422e+02
   endloop
 endfacet
 facet normal -9.795980e-01  2.009672e-01  1.347718e-15
   outer loop
     vertex -4.052124e+01 -2.243364e+01  1.531858e+02
     vertex -4.043279e+01 -2.200249e+01  1.588826e+02
     vertex -4.043279e+01 -2.200249e+01  1.531858e+02
   endloop
 endfacet
 facet normal -9.795980e-01  2.009672e-01  3.759878e-16
   outer loop
     vertex -4.052124e+01 -2.243364e+01  1.531858e+02
     vertex -4.052124e+01 -2.243364e+01  1.588826e+02
     vertex -4.043279e+01 -2.200249e+01  1.588826e+02
   endloop
 endfacet
 facet normal -9.298181e-01  3.680195e-01 -7.007096e-16
   outer loop
     vertex -4.068322e+01 -2.284289e+01  1.531858e+02
     vertex -4.068322e+01 -2.284289e+01  1.588826e+02
     vertex -4.052124e+01 -2.243364e+01  1.588826e+02
   endloop
 endfacet
 facet normal -9.298181e-01  3.680195e-01  6.863122e-16
   outer loop
     vertex -4.068322e+01 -2.284289e+01  1.531858e+02
     vertex -4.052124e+01 -2.243364e+01  1.588826e+02
     vertex -4.052124e+01 -2.243364e+01  1.531858e+02
   endloop
 endfacet
 facet normal -8.517862e-01  5.238896e-01  3.267136e-16
   outer loop
     vertex -4.091380e+01 -2.321779e+01  1.531858e+02
     vertex -4.091380e+01 -2.321779e+01  1.588826e+02
     vertex -4.068322e+01 -2.284289e+01  1.588826e+02
   endloop
 endfacet
 facet normal -8.517862e-01  5.238896e-01 -4.095734e-16
   outer loop
     vertex -4.091380e+01 -2.321779e+01  1.531858e+02
     vertex -4.068322e+01 -2.284289e+01  1.588826e+02
     vertex -4.068322e+01 -2.284289e+01  1.531858e+02
   endloop
 endfacet
 facet normal -7.478731e-01  6.638417e-01 -1.048092e-16
   outer loop
     vertex -4.120598e+01 -2.354696e+01  1.531858e+02
     vertex -4.120598e+01 -2.354696e+01  1.588826e+02
     vertex -4.091380e+01 -2.321779e+01  1.588826e+02
   endloop
 endfacet
 facet normal -7.478731e-01  6.638417e-01  4.151082e-16
   outer loop
     vertex -4.120598e+01 -2.354696e+01  1.531858e+02
     vertex -4.091380e+01 -2.321779e+01  1.588826e+02
     vertex -4.091380e+01 -2.321779e+01  1.531858e+02
   endloop
 endfacet
 facet normal -6.212364e-01  7.836232e-01  4.886914e-16
   outer loop
     vertex -4.155088e+01 -2.382039e+01  1.531858e+02
     vertex -4.155088e+01 -2.382039e+01  1.588826e+02
     vertex -4.120598e+01 -2.354696e+01  1.588826e+02
   endloop
 endfacet
 facet normal -6.212364e-01  7.836232e-01  2.047867e-16
   outer loop
     vertex -4.155088e+01 -2.382039e+01  1.531858e+02
     vertex -4.120598e+01 -2.354696e+01  1.588826e+02
     vertex -4.120598e+01 -2.354696e+01  1.531858e+02
   endloop
 endfacet
 facet normal -4.757236e-01  8.795948e-01 -4.480939e-17
   outer loop
     vertex -4.193803e+01 -2.402977e+01  1.531858e+02
     vertex -4.193803e+01 -2.402977e+01  1.588826e+02
     vertex -4.155088e+01 -2.382039e+01  1.588826e+02
   endloop
 endfacet
 facet normal -4.757236e-01  8.795948e-01  5.479428e-16
   outer loop
     vertex -4.193803e+01 -2.402977e+01  1.531858e+02
     vertex -4.155088e+01 -2.382039e+01  1.588826e+02
     vertex -4.155088e+01 -2.382039e+01  1.531858e+02
   endloop
 endfacet
 facet normal -3.157563e-01  9.488403e-01  1.978953e-16
   outer loop
     vertex -4.235565e+01 -2.416875e+01  1.531858e+02
     vertex -4.235565e+01 -2.416875e+01  1.588826e+02
     vertex -4.193803e+01 -2.402977e+01  1.588826e+02
   endloop
 endfacet
 facet normal -3.157563e-01  9.488403e-01  1.964845e-16
   outer loop
     vertex -4.235565e+01 -2.416875e+01  1.531858e+02
     vertex -4.193803e+01 -2.402977e+01  1.588826e+02
     vertex -4.193803e+01 -2.402977e+01  1.531858e+02
   endloop
 endfacet
 facet normal -1.461949e-01  9.892558e-01  4.345870e-16
   outer loop
     vertex -4.279105e+01 -2.423309e+01  1.531858e+02
     vertex -4.279105e+01 -2.423309e+01  1.588826e+02
     vertex -4.235565e+01 -2.416875e+01  1.588826e+02
   endloop
 endfacet
 facet normal -1.461949e-01  9.892558e-01  4.358636e-16
   outer loop
     vertex -4.279105e+01 -2.423309e+01  1.531858e+02
     vertex -4.235565e+01 -2.416875e+01  1.588826e+02
     vertex -4.235565e+01 -2.416875e+01  1.531858e+02
   endloop
 endfacet
 facet normal  2.780865e-02  9.996133e-01  6.580740e-16
   outer loop
     vertex -4.323102e+01 -2.422085e+01  1.531858e+02
     vertex -4.323102e+01 -2.422085e+01  1.588826e+02
     vertex -4.279105e+01 -2.423309e+01  1.588826e+02
   endloop
 endfacet
 facet normal  2.780865e-02  9.996133e-01  6.579464e-16
   outer loop
     vertex -4.323102e+01 -2.422085e+01  1.531858e+02
     vertex -4.279105e+01 -2.423309e+01  1.588826e+02
     vertex -4.279105e+01 -2.423309e+01  1.531858e+02
   endloop
 endfacet
 facet normal  2.009672e-01  9.795980e-01  2.506585e-16
   outer loop
     vertex -4.366218e+01 -2.413240e+01  1.531858e+02
     vertex -4.366218e+01 -2.413240e+01  1.588826e+02
     vertex -4.323102e+01 -2.422085e+01  1.588826e+02
   endloop
 endfacet
 facet normal  2.009672e-01  9.795980e-01  8.634250e-16
   outer loop
     vertex -4.366218e+01 -2.413240e+01  1.531858e+02
     vertex -4.323102e+01 -2.422085e+01  1.588826e+02
     vertex -4.323102e+01 -2.422085e+01  1.531858e+02
   endloop
 endfacet
 facet normal  3.680195e-01  9.298181e-01 -0.000000e+00
   outer loop
     vertex -4.407142e+01 -2.397042e+01  1.531858e+02
     vertex -4.407142e+01 -2.397042e+01  1.588826e+02
     vertex -4.366218e+01 -2.413240e+01  1.588826e+02
   endloop
 endfacet
 facet normal  3.680195e-01  9.298181e-01  4.593864e-16
   outer loop
     vertex -4.407142e+01 -2.397042e+01  1.531858e+02
     vertex -4.366218e+01 -2.413240e+01  1.588826e+02
     vertex -4.366218e+01 -2.413240e+01  1.531858e+02
   endloop
 endfacet
 facet normal  5.238896e-01  8.517862e-01  1.222273e-16
   outer loop
     vertex -4.444633e+01 -2.373984e+01  1.531858e+02
     vertex -4.444633e+01 -2.373984e+01  1.588826e+02
     vertex -4.407142e+01 -2.397042e+01  1.588826e+02
   endloop
 endfacet
 facet normal  5.238896e-01  8.517862e-01  0.000000e+00
   outer loop
     vertex -4.444633e+01 -2.373984e+01  1.531858e+02
     vertex -4.407142e+01 -2.397042e+01  1.588826e+02
     vertex -4.407142e+01 -2.397042e+01  1.531858e+02
   endloop
 endfacet
 facet normal  6.638417e-01  7.478731e-01  3.615874e-16
   outer loop
     vertex -4.477549e+01 -2.344766e+01  1.531858e+02
     vertex -4.477549e+01 -2.344766e+01  1.588826e+02
     vertex -4.444633e+01 -2.373984e+01  1.588826e+02
   endloop
 endfacet
 facet normal  6.638417e-01  7.478731e-01  3.597604e-16
   outer loop
     vertex -4.477549e+01 -2.344766e+01  1.531858e+02
     vertex -4.444633e+01 -2.373984e+01  1.588826e+02
     vertex -4.444633e+01 -2.373984e+01  1.531858e+02
   endloop
 endfacet
 facet normal  7.836232e-01  6.212364e-01  5.899608e-16
   outer loop
     vertex -4.504892e+01 -2.310275e+01  1.531858e+02
     vertex -4.504892e+01 -2.310275e+01  1.588826e+02
     vertex -4.477549e+01 -2.344766e+01  1.588826e+02
   endloop
 endfacet
 facet normal  7.836232e-01  6.212364e-01  5.922210e-16
   outer loop
     vertex -4.504892e+01 -2.310275e+01  1.531858e+02
     vertex -4.477549e+01 -2.344766e+01  1.588826e+02
     vertex -4.477549e+01 -2.344766e+01  1.531858e+02
   endloop
 endfacet
 facet normal  8.795948e-01  4.757236e-01  7.970077e-16
   outer loop
     vertex -4.525830e+01 -2.271561e+01  1.531858e+02
     vertex -4.504892e+01 -2.310275e+01  1.588826e+02
     vertex -4.504892e+01 -2.310275e+01  1.531858e+02
   endloop
 endfacet
 facet normal  8.795948e-01  4.757236e-01 -5.933516e-16
   outer loop
     vertex -4.525830e+01 -2.271561e+01  1.531858e+02
     vertex -4.525830e+01 -2.271561e+01  1.588826e+02
     vertex -4.504892e+01 -2.310275e+01  1.588826e+02
   endloop
 endfacet
 facet normal  9.488403e-01  3.157563e-01 -3.957364e-16
   outer loop
     vertex -4.539728e+01 -2.229799e+01  1.531858e+02
     vertex -4.525830e+01 -2.271561e+01  1.588826e+02
     vertex -4.525830e+01 -2.271561e+01  1.531858e+02
   endloop
 endfacet
 facet normal  9.488403e-01  3.157563e-01 -3.938305e-16
   outer loop
     vertex -4.539728e+01 -2.229799e+01  1.531858e+02
     vertex -4.539728e+01 -2.229799e+01  1.588826e+02
     vertex -4.525830e+01 -2.271561e+01  1.588826e+02
   endloop
 endfacet
 facet normal  9.892558e-01  1.461949e-01 -1.826476e-16
   outer loop
     vertex -4.546162e+01 -2.186259e+01  1.531858e+02
     vertex -4.539728e+01 -2.229799e+01  1.588826e+02
     vertex -4.539728e+01 -2.229799e+01  1.531858e+02
   endloop
 endfacet
 facet normal  9.892558e-01  1.461949e-01 -1.823431e-16
   outer loop
     vertex -4.546162e+01 -2.186259e+01  1.531858e+02
     vertex -4.546162e+01 -2.186259e+01  1.588826e+02
     vertex -4.539728e+01 -2.229799e+01  1.588826e+02
   endloop
 endfacet
 facet normal  9.996133e-01 -2.780865e-02  3.493827e-17
   outer loop
     vertex -4.544939e+01 -2.142262e+01  1.531858e+02
     vertex -4.546162e+01 -2.186259e+01  1.588826e+02
     vertex -4.546162e+01 -2.186259e+01  1.531858e+02
   endloop
 endfacet
 facet normal  9.996133e-01 -2.780865e-02  0.000000e+00
   outer loop
     vertex -4.544939e+01 -2.142262e+01  1.531858e+02
     vertex -4.544939e+01 -2.142262e+01  1.588826e+02
     vertex -4.546162e+01 -2.186259e+01  1.588826e+02
   endloop
 endfacet
 facet normal  1.736773e-01 -3.563037e-02  9.841578e-01
   outer loop
     vertex -4.555414e+01 -2.141051e+01  1.589733e+02
     vertex -4.552864e+01 -2.094149e+01  1.589858e+02
     vertex -4.562323e+01 -2.140253e+01  1.589858e+02
   endloop
 endfacet
 facet normal -1.772259e-01  4.930319e-03  9.841578e-01
   outer loop
     vertex -4.031528e+01 -2.155625e+01  1.589733e+02
     vertex -4.025894e+01 -2.202258e+01  1.589858e+02
     vertex -4.024586e+01 -2.155212e+01  1.589858e+02
   endloop
 endfacet
 facet normal -1.772259e-01  4.930319e-03  9.841578e-01
   outer loop
     vertex -4.031528e+01 -2.155625e+01  1.589733e+02
     vertex -4.032803e+01 -2.201459e+01  1.589733e+02
     vertex -4.025894e+01 -2.202258e+01  1.589858e+02
   endloop
 endfacet
 facet normal -7.766006e-01  2.160457e-02  6.296227e-01
   outer loop
     vertex -4.037604e+01 -2.155987e+01  1.589375e+02
     vertex -4.042055e+01 -2.156252e+01  1.588826e+02
     vertex -4.043279e+01 -2.200249e+01  1.588826e+02
   endloop
 endfacet
 facet normal -5.091170e-01  1.416333e-02  8.605808e-01
   outer loop
     vertex -4.037604e+01 -2.155987e+01  1.589375e+02
     vertex -4.038849e+01 -2.200761e+01  1.589375e+02
     vertex -4.032803e+01 -2.201459e+01  1.589733e+02
   endloop
 endfacet
 facet normal -7.766006e-01  2.160457e-02  6.296227e-01
   outer loop
     vertex -4.037604e+01 -2.155987e+01  1.589375e+02
     vertex -4.043279e+01 -2.200249e+01  1.588826e+02
     vertex -4.038849e+01 -2.200761e+01  1.589375e+02
   endloop
 endfacet
 facet normal -5.091170e-01  1.416333e-02  8.605808e-01
   outer loop
     vertex -4.037604e+01 -2.155987e+01  1.589375e+02
     vertex -4.032803e+01 -2.201459e+01  1.589733e+02
     vertex -4.031528e+01 -2.155625e+01  1.589733e+02
   endloop
 endfacet
 facet normal -1.753896e-01 -2.591954e-02  9.841578e-01
   outer loop
     vertex -4.038231e+01 -2.110266e+01  1.589733e+02
     vertex -4.024586e+01 -2.155212e+01  1.589858e+02
     vertex -4.031466e+01 -2.108654e+01  1.589858e+02
   endloop
 endfacet
 facet normal -1.753896e-01 -2.591954e-02  9.841578e-01
   outer loop
     vertex -4.038231e+01 -2.110266e+01  1.589733e+02
     vertex -4.031528e+01 -2.155625e+01  1.589733e+02
     vertex -4.024586e+01 -2.155212e+01  1.589858e+02
   endloop
 endfacet
 facet normal -5.038418e-01 -7.445908e-02  8.605808e-01
   outer loop
     vertex -4.044152e+01 -2.111677e+01  1.589375e+02
     vertex -4.031528e+01 -2.155625e+01  1.589733e+02
     vertex -4.038231e+01 -2.110266e+01  1.589733e+02
   endloop
 endfacet
 facet normal -7.685539e-01 -1.135789e-01  6.296227e-01
   outer loop
     vertex -4.044152e+01 -2.111677e+01  1.589375e+02
     vertex -4.048489e+01 -2.112711e+01  1.588826e+02
     vertex -4.042055e+01 -2.156252e+01  1.588826e+02
   endloop
 endfacet
 facet normal -7.685539e-01 -1.135789e-01  6.296227e-01
   outer loop
     vertex -4.044152e+01 -2.111677e+01  1.589375e+02
     vertex -4.042055e+01 -2.156252e+01  1.588826e+02
     vertex -4.037604e+01 -2.155987e+01  1.589375e+02
   endloop
 endfacet
 facet normal -5.038418e-01 -7.445908e-02  8.605808e-01
   outer loop
     vertex -4.044152e+01 -2.111677e+01  1.589375e+02
     vertex -4.037604e+01 -2.155987e+01  1.589375e+02
     vertex -4.031528e+01 -2.155625e+01  1.589733e+02
   endloop
 endfacet
 facet normal -1.682241e-01 -5.598184e-02  9.841578e-01
   outer loop
     vertex -4.052709e+01 -2.066760e+01  1.589733e+02
     vertex -4.031466e+01 -2.108654e+01  1.589858e+02
     vertex -4.046327e+01 -2.063997e+01  1.589858e+02
   endloop
 endfacet
 facet normal -1.682241e-01 -5.598184e-02  9.841578e-01
   outer loop
     vertex -4.052709e+01 -2.066760e+01  1.589733e+02
     vertex -4.038231e+01 -2.110266e+01  1.589733e+02
     vertex -4.031466e+01 -2.108654e+01  1.589858e+02
   endloop
 endfacet
 facet normal -4.832576e-01 -1.608191e-01  8.605808e-01
   outer loop
     vertex -4.058295e+01 -2.069178e+01  1.589375e+02
     vertex -4.038231e+01 -2.110266e+01  1.589733e+02
     vertex -4.052709e+01 -2.066760e+01  1.589733e+02
   endloop
 endfacet
 facet normal -7.371550e-01 -2.453114e-01  6.296227e-01
   outer loop
     vertex -4.058295e+01 -2.069178e+01  1.589375e+02
     vertex -4.062387e+01 -2.070949e+01  1.588826e+02
     vertex -4.048489e+01 -2.112711e+01  1.588826e+02
   endloop
 endfacet
 facet normal -4.832576e-01 -1.608191e-01  8.605808e-01
   outer loop
     vertex -4.058295e+01 -2.069178e+01  1.589375e+02
     vertex -4.044152e+01 -2.111677e+01  1.589375e+02
     vertex -4.038231e+01 -2.110266e+01  1.589733e+02
   endloop
 endfacet
 facet normal -7.371550e-01 -2.453114e-01  6.296227e-01
   outer loop
     vertex -4.058295e+01 -2.069178e+01  1.589375e+02
     vertex -4.048489e+01 -2.112711e+01  1.588826e+02
     vertex -4.044152e+01 -2.111677e+01  1.589375e+02
   endloop
 endfacet
 facet normal -1.559473e-01 -8.434317e-02  9.841578e-01
   outer loop
     vertex -4.074522e+01 -2.026429e+01  1.589733e+02
     vertex -4.046327e+01 -2.063997e+01  1.589858e+02
     vertex -4.068717e+01 -2.022600e+01  1.589858e+02
   endloop
 endfacet
 facet normal -1.559473e-01 -8.434317e-02  9.841578e-01
   outer loop
     vertex -4.074522e+01 -2.026429e+01  1.589733e+02
     vertex -4.052709e+01 -2.066760e+01  1.589733e+02
     vertex -4.046327e+01 -2.063997e+01  1.589858e+02
   endloop
 endfacet
 facet normal -4.479899e-01 -2.422927e-01  8.605808e-01
   outer loop
     vertex -4.079603e+01 -2.029780e+01  1.589375e+02
     vertex -4.058295e+01 -2.069178e+01  1.589375e+02
     vertex -4.052709e+01 -2.066760e+01  1.589733e+02
   endloop
 endfacet
 facet normal -6.833581e-01 -3.695902e-01  6.296227e-01
   outer loop
     vertex -4.079603e+01 -2.029780e+01  1.589375e+02
     vertex -4.062387e+01 -2.070949e+01  1.588826e+02
     vertex -4.058295e+01 -2.069178e+01  1.589375e+02
   endloop
 endfacet
 facet normal -6.833581e-01 -3.695902e-01  6.296227e-01
   outer loop
     vertex -4.079603e+01 -2.029780e+01  1.589375e+02
     vertex -4.083325e+01 -2.032235e+01  1.588826e+02
     vertex -4.062387e+01 -2.070949e+01  1.588826e+02
   endloop
 endfacet
 facet normal -4.479899e-01 -2.422927e-01  8.605808e-01
   outer loop
     vertex -4.079603e+01 -2.029780e+01  1.589375e+02
     vertex -4.052709e+01 -2.066760e+01  1.589733e+02
     vertex -4.074522e+01 -2.026429e+01  1.589733e+02
   endloop
 endfacet
 facet normal -1.389321e-01 -1.101418e-01  9.841578e-01
   outer loop
     vertex -4.103007e+01 -1.990498e+01  1.589733e+02
     vertex -4.068717e+01 -2.022600e+01  1.589858e+02
     vertex -4.097954e+01 -1.985719e+01  1.589858e+02
   endloop
 endfacet
 facet normal -1.389321e-01 -1.101418e-01  9.841578e-01
   outer loop
     vertex -4.103007e+01 -1.990498e+01  1.589733e+02
     vertex -4.074522e+01 -2.026429e+01  1.589733e+02
     vertex -4.068717e+01 -2.022600e+01  1.589858e+02
   endloop
 endfacet
 facet normal -6.087977e-01 -4.826392e-01  6.296227e-01
   outer loop
     vertex -4.107429e+01 -1.994681e+01  1.589375e+02
     vertex -4.110668e+01 -1.997745e+01  1.588826e+02
     vertex -4.083325e+01 -2.032235e+01  1.588826e+02
   endloop
 endfacet
 facet normal -5.157393e-01 -5.810234e-01  6.296227e-01
   outer loop
     vertex -4.107429e+01 -1.994681e+01  1.589375e+02
     vertex -4.143585e+01 -1.968527e+01  1.588826e+02
     vertex -4.110668e+01 -1.997745e+01  1.588826e+02
   endloop
 endfacet
 facet normal -6.087977e-01 -4.826392e-01  6.296227e-01
   outer loop
     vertex -4.107429e+01 -1.994681e+01  1.589375e+02
     vertex -4.083325e+01 -2.032235e+01  1.588826e+02
     vertex -4.079603e+01 -2.029780e+01  1.589375e+02
   endloop
 endfacet
 facet normal -3.991103e-01 -3.164044e-01  8.605808e-01
   outer loop
     vertex -4.107429e+01 -1.994681e+01  1.589375e+02
     vertex -4.074522e+01 -2.026429e+01  1.589733e+02
     vertex -4.103007e+01 -1.990498e+01  1.589733e+02
   endloop
 endfacet
 facet normal -3.991103e-01 -3.164044e-01  8.605808e-01
   outer loop
     vertex -4.107429e+01 -1.994681e+01  1.589375e+02
     vertex -4.079603e+01 -2.029780e+01  1.589375e+02
     vertex -4.074522e+01 -2.026429e+01  1.589733e+02
   endloop
 endfacet
 facet normal -1.176955e-01 -1.325938e-01  9.841578e-01
   outer loop
     vertex -4.137298e+01 -1.960060e+01  1.589733e+02
     vertex -4.097954e+01 -1.985719e+01  1.589858e+02
     vertex -4.133152e+01 -1.954476e+01  1.589858e+02
   endloop
 endfacet
 facet normal -1.176955e-01 -1.325938e-01  9.841578e-01
   outer loop
     vertex -4.137298e+01 -1.960060e+01  1.589733e+02
     vertex -4.103007e+01 -1.990498e+01  1.589733e+02
     vertex -4.097954e+01 -1.985719e+01  1.589858e+02
   endloop
 endfacet
 facet normal -3.381038e-01 -3.809022e-01  8.605808e-01
   outer loop
     vertex -4.140927e+01 -1.964947e+01  1.589375e+02
     vertex -4.107429e+01 -1.994681e+01  1.589375e+02
     vertex -4.103007e+01 -1.990498e+01  1.589733e+02
   endloop
 endfacet
 facet normal -5.157393e-01 -5.810234e-01  6.296227e-01
   outer loop
     vertex -4.140927e+01 -1.964947e+01  1.589375e+02
     vertex -4.143585e+01 -1.968527e+01  1.588826e+02
     vertex -4.107429e+01 -1.994681e+01  1.589375e+02
   endloop
 endfacet
 facet normal -3.381038e-01 -3.809022e-01  8.605808e-01
   outer loop
     vertex -4.140927e+01 -1.964947e+01  1.589375e+02
     vertex -4.103007e+01 -1.990498e+01  1.589733e+02
     vertex -4.137298e+01 -1.960060e+01  1.589733e+02
   endloop
 endfacet
 facet normal -9.288273e-02 -1.510170e-01  9.841578e-01
   outer loop
     vertex -4.176354e+01 -1.936039e+01  1.589733e+02
     vertex -4.133152e+01 -1.954476e+01  1.589858e+02
     vertex -4.173241e+01 -1.929820e+01  1.589858e+02
   endloop
 endfacet
 facet normal -9.288273e-02 -1.510170e-01  9.841578e-01
   outer loop
     vertex -4.176354e+01 -1.936039e+01  1.589733e+02
     vertex -4.137298e+01 -1.960060e+01  1.589733e+02
     vertex -4.133152e+01 -1.954476e+01  1.589858e+02
   endloop
 endfacet
 facet normal -2.668243e-01 -4.338266e-01  8.605808e-01
   outer loop
     vertex -4.179079e+01 -1.941481e+01  1.589375e+02
     vertex -4.140927e+01 -1.964947e+01  1.589375e+02
     vertex -4.137298e+01 -1.960060e+01  1.589733e+02
   endloop
 endfacet
 facet normal -4.070104e-01 -6.617536e-01  6.296227e-01
   outer loop
     vertex -4.179079e+01 -1.941481e+01  1.589375e+02
     vertex -4.181075e+01 -1.945469e+01  1.588826e+02
     vertex -4.143585e+01 -1.968527e+01  1.588826e+02
   endloop
 endfacet
 facet normal -4.070104e-01 -6.617536e-01  6.296227e-01
   outer loop
     vertex -4.179079e+01 -1.941481e+01  1.589375e+02
     vertex -4.143585e+01 -1.968527e+01  1.588826e+02
     vertex -4.140927e+01 -1.964947e+01  1.589375e+02
   endloop
 endfacet
 facet normal -2.668243e-01 -4.338266e-01  8.605808e-01
   outer loop
     vertex -4.179079e+01 -1.941481e+01  1.589375e+02
     vertex -4.137298e+01 -1.960060e+01  1.589733e+02
     vertex -4.176354e+01 -1.936039e+01  1.589733e+02
   endloop
 endfacet
 facet normal -6.524781e-02 -1.648516e-01  9.841578e-01
   outer loop
     vertex -4.218988e+01 -1.919164e+01  1.589733e+02
     vertex -4.173241e+01 -1.929820e+01  1.589858e+02
     vertex -4.217002e+01 -1.912499e+01  1.589858e+02
   endloop
 endfacet
 facet normal -6.524781e-02 -1.648516e-01  9.841578e-01
   outer loop
     vertex -4.218988e+01 -1.919164e+01  1.589733e+02
     vertex -4.176354e+01 -1.936039e+01  1.589733e+02
     vertex -4.173241e+01 -1.929820e+01  1.589858e+02
   endloop
 endfacet
 facet normal -1.874375e-01 -4.735694e-01  8.605808e-01
   outer loop
     vertex -4.218988e+01 -1.919164e+01  1.589733e+02
     vertex -4.179079e+01 -1.941481e+01  1.589375e+02
     vertex -4.176354e+01 -1.936039e+01  1.589733e+02
   endloop
 endfacet
 facet normal -2.859147e-01 -7.223767e-01  6.296227e-01
   outer loop
     vertex -4.220726e+01 -1.924997e+01  1.589375e+02
     vertex -4.181075e+01 -1.945469e+01  1.588826e+02
     vertex -4.179079e+01 -1.941481e+01  1.589375e+02
   endloop
 endfacet
 facet normal -2.859147e-01 -7.223767e-01  6.296227e-01
   outer loop
     vertex -4.220726e+01 -1.924997e+01  1.589375e+02
     vertex -4.222000e+01 -1.929271e+01  1.588826e+02
     vertex -4.181075e+01 -1.945469e+01  1.588826e+02
   endloop
 endfacet
 facet normal -1.874375e-01 -4.735694e-01  8.605808e-01
   outer loop
     vertex -4.220726e+01 -1.924997e+01  1.589375e+02
     vertex -4.179079e+01 -1.941481e+01  1.589375e+02
     vertex -4.218988e+01 -1.919164e+01  1.589733e+02
   endloop
 endfacet
 facet normal -3.563037e-02 -1.736773e-01  9.841578e-01
   outer loop
     vertex -4.263904e+01 -1.909950e+01  1.589733e+02
     vertex -4.217002e+01 -1.912499e+01  1.589858e+02
     vertex -4.263106e+01 -1.903041e+01  1.589858e+02
   endloop
 endfacet
 facet normal -1.023554e-01 -4.989229e-01  8.605808e-01
   outer loop
     vertex -4.263904e+01 -1.909950e+01  1.589733e+02
     vertex -4.220726e+01 -1.924997e+01  1.589375e+02
     vertex -4.218988e+01 -1.919164e+01  1.589733e+02
   endloop
 endfacet
 facet normal -3.563037e-02 -1.736773e-01  9.841578e-01
   outer loop
     vertex -4.263904e+01 -1.909950e+01  1.589733e+02
     vertex -4.218988e+01 -1.919164e+01  1.589733e+02
     vertex -4.217002e+01 -1.912499e+01  1.589858e+02
   endloop
 endfacet
 facet normal -1.561316e-01 -7.610507e-01  6.296227e-01
   outer loop
     vertex -4.264603e+01 -1.915996e+01  1.589375e+02
     vertex -4.265115e+01 -1.920425e+01  1.588826e+02
     vertex -4.222000e+01 -1.929271e+01  1.588826e+02
   endloop
 endfacet
 facet normal -1.023554e-01 -4.989229e-01  8.605808e-01
   outer loop
     vertex -4.264603e+01 -1.915996e+01  1.589375e+02
     vertex -4.220726e+01 -1.924997e+01  1.589375e+02
     vertex -4.263904e+01 -1.909950e+01  1.589733e+02
   endloop
 endfacet
 facet normal -1.561316e-01 -7.610507e-01  6.296227e-01
   outer loop
     vertex -4.264603e+01 -1.915996e+01  1.589375e+02
     vertex -4.222000e+01 -1.929271e+01  1.588826e+02
     vertex -4.220726e+01 -1.924997e+01  1.589375e+02
   endloop
 endfacet
 facet normal -4.930319e-03 -1.772259e-01  9.841578e-01
   outer loop
     vertex -4.309739e+01 -1.908675e+01  1.589733e+02
     vertex -4.263106e+01 -1.903041e+01  1.589858e+02
     vertex -4.310152e+01 -1.901732e+01  1.589858e+02
   endloop
 endfacet
 facet normal -4.930319e-03 -1.772259e-01  9.841578e-01
   outer loop
     vertex -4.309739e+01 -1.908675e+01  1.589733e+02
     vertex -4.263904e+01 -1.909950e+01  1.589733e+02
     vertex -4.263106e+01 -1.903041e+01  1.589858e+02
   endloop
 endfacet
 facet normal -2.160457e-02 -7.766006e-01  6.296227e-01
   outer loop
     vertex -4.309377e+01 -1.914750e+01  1.589375e+02
     vertex -4.265115e+01 -1.920425e+01  1.588826e+02
     vertex -4.264603e+01 -1.915996e+01  1.589375e+02
   endloop
 endfacet
 facet normal -2.160457e-02 -7.766006e-01  6.296227e-01
   outer loop
     vertex -4.309377e+01 -1.914750e+01  1.589375e+02
     vertex -4.309112e+01 -1.919201e+01  1.588826e+02
     vertex -4.265115e+01 -1.920425e+01  1.588826e+02
   endloop
 endfacet
 facet normal -1.416333e-02 -5.091170e-01  8.605808e-01
   outer loop
     vertex -4.309377e+01 -1.914750e+01  1.589375e+02
     vertex -4.264603e+01 -1.915996e+01  1.589375e+02
     vertex -4.263904e+01 -1.909950e+01  1.589733e+02
   endloop
 endfacet
 facet normal -1.416333e-02 -5.091170e-01  8.605808e-01
   outer loop
     vertex -4.309377e+01 -1.914750e+01  1.589375e+02
     vertex -4.263904e+01 -1.909950e+01  1.589733e+02
     vertex -4.309739e+01 -1.908675e+01  1.589733e+02
   endloop
 endfacet
 facet normal  2.591954e-02 -1.753896e-01  9.841578e-01
   outer loop
     vertex -4.355098e+01 -1.915378e+01  1.589733e+02
     vertex -4.310152e+01 -1.901732e+01  1.589858e+02
     vertex -4.356710e+01 -1.908613e+01  1.589858e+02
   endloop
 endfacet
 facet normal  2.591954e-02 -1.753896e-01  9.841578e-01
   outer loop
     vertex -4.355098e+01 -1.915378e+01  1.589733e+02
     vertex -4.309739e+01 -1.908675e+01  1.589733e+02
     vertex -4.310152e+01 -1.901732e+01  1.589858e+02
   endloop
 endfacet
 facet normal  1.135789e-01 -7.685539e-01  6.296227e-01
   outer loop
     vertex -4.353687e+01 -1.921299e+01  1.589375e+02
     vertex -4.352653e+01 -1.925636e+01  1.588826e+02
     vertex -4.309112e+01 -1.919201e+01  1.588826e+02
   endloop
 endfacet
 facet normal  1.135789e-01 -7.685539e-01  6.296227e-01
   outer loop
     vertex -4.353687e+01 -1.921299e+01  1.589375e+02
     vertex -4.309112e+01 -1.919201e+01  1.588826e+02
     vertex -4.309377e+01 -1.914750e+01  1.589375e+02
   endloop
 endfacet
 facet normal  2.453114e-01 -7.371550e-01  6.296227e-01
   outer loop
     vertex -4.353687e+01 -1.921299e+01  1.589375e+02
     vertex -4.394415e+01 -1.939534e+01  1.588826e+02
     vertex -4.352653e+01 -1.925636e+01  1.588826e+02
   endloop
 endfacet
 facet normal  7.445908e-02 -5.038418e-01  8.605808e-01
   outer loop
     vertex -4.353687e+01 -1.921299e+01  1.589375e+02
     vertex -4.309377e+01 -1.914750e+01  1.589375e+02
     vertex -4.309739e+01 -1.908675e+01  1.589733e+02
   endloop
 endfacet
 facet normal  7.445908e-02 -5.038418e-01  8.605808e-01
   outer loop
     vertex -4.353687e+01 -1.921299e+01  1.589375e+02
     vertex -4.309739e+01 -1.908675e+01  1.589733e+02
     vertex -4.355098e+01 -1.915378e+01  1.589733e+02
   endloop
 endfacet
 facet normal  5.598184e-02 -1.682241e-01  9.841578e-01
   outer loop
     vertex -4.398604e+01 -1.929856e+01  1.589733e+02
     vertex -4.356710e+01 -1.908613e+01  1.589858e+02
     vertex -4.401367e+01 -1.923474e+01  1.589858e+02
   endloop
 endfacet
 facet normal  5.598184e-02 -1.682241e-01  9.841578e-01
   outer loop
     vertex -4.398604e+01 -1.929856e+01  1.589733e+02
     vertex -4.355098e+01 -1.915378e+01  1.589733e+02
     vertex -4.356710e+01 -1.908613e+01  1.589858e+02
   endloop
 endfacet
 facet normal  2.453114e-01 -7.371550e-01  6.296227e-01
   outer loop
     vertex -4.396186e+01 -1.935442e+01  1.589375e+02
     vertex -4.394415e+01 -1.939534e+01  1.588826e+02
     vertex -4.353687e+01 -1.921299e+01  1.589375e+02
   endloop
 endfacet
 facet normal  1.608191e-01 -4.832576e-01  8.605808e-01
   outer loop
     vertex -4.396186e+01 -1.935442e+01  1.589375e+02
     vertex -4.353687e+01 -1.921299e+01  1.589375e+02
     vertex -4.355098e+01 -1.915378e+01  1.589733e+02
   endloop
 endfacet
 facet normal  1.608191e-01 -4.832576e-01  8.605808e-01
   outer loop
     vertex -4.396186e+01 -1.935442e+01  1.589375e+02
     vertex -4.355098e+01 -1.915378e+01  1.589733e+02
     vertex -4.398604e+01 -1.929856e+01  1.589733e+02
   endloop
 endfacet
 facet normal  8.434317e-02 -1.559473e-01  9.841578e-01
   outer loop
     vertex -4.438935e+01 -1.951669e+01  1.589733e+02
     vertex -4.401367e+01 -1.923474e+01  1.589858e+02
     vertex -4.442764e+01 -1.945863e+01  1.589858e+02
   endloop
 endfacet
 facet normal  8.434317e-02 -1.559473e-01  9.841578e-01
   outer loop
     vertex -4.438935e+01 -1.951669e+01  1.589733e+02
     vertex -4.398604e+01 -1.929856e+01  1.589733e+02
     vertex -4.401367e+01 -1.923474e+01  1.589858e+02
   endloop
 endfacet
 facet normal  3.695902e-01 -6.833581e-01  6.296227e-01
   outer loop
     vertex -4.435584e+01 -1.956750e+01  1.589375e+02
     vertex -4.433129e+01 -1.960472e+01  1.588826e+02
     vertex -4.394415e+01 -1.939534e+01  1.588826e+02
   endloop
 endfacet
 facet normal  4.826392e-01 -6.087977e-01  6.296227e-01
   outer loop
     vertex -4.435584e+01 -1.956750e+01  1.589375e+02
     vertex -4.467619e+01 -1.987815e+01  1.588826e+02
     vertex -4.433129e+01 -1.960472e+01  1.588826e+02
   endloop
 endfacet
 facet normal  2.422927e-01 -4.479899e-01  8.605808e-01
   outer loop
     vertex -4.435584e+01 -1.956750e+01  1.589375e+02
     vertex -4.396186e+01 -1.935442e+01  1.589375e+02
     vertex -4.398604e+01 -1.929856e+01  1.589733e+02
   endloop
 endfacet
 facet normal  2.422927e-01 -4.479899e-01  8.605808e-01
   outer loop
     vertex -4.435584e+01 -1.956750e+01  1.589375e+02
     vertex -4.398604e+01 -1.929856e+01  1.589733e+02
     vertex -4.438935e+01 -1.951669e+01  1.589733e+02
   endloop
 endfacet
 facet normal  3.695902e-01 -6.833581e-01  6.296227e-01
   outer loop
     vertex -4.435584e+01 -1.956750e+01  1.589375e+02
     vertex -4.394415e+01 -1.939534e+01  1.588826e+02
     vertex -4.396186e+01 -1.935442e+01  1.589375e+02
   endloop
 endfacet
 facet normal  1.101418e-01 -1.389321e-01  9.841578e-01
   outer loop
     vertex -4.474865e+01 -1.980154e+01  1.589733e+02
     vertex -4.442764e+01 -1.945863e+01  1.589858e+02
     vertex -4.479644e+01 -1.975101e+01  1.589858e+02
   endloop
 endfacet
 facet normal  1.101418e-01 -1.389321e-01  9.841578e-01
   outer loop
     vertex -4.474865e+01 -1.980154e+01  1.589733e+02
     vertex -4.438935e+01 -1.951669e+01  1.589733e+02
     vertex -4.442764e+01 -1.945863e+01  1.589858e+02
   endloop
 endfacet
 facet normal  4.826392e-01 -6.087977e-01  6.296227e-01
   outer loop
     vertex -4.470683e+01 -1.984575e+01  1.589375e+02
     vertex -4.467619e+01 -1.987815e+01  1.588826e+02
     vertex -4.435584e+01 -1.956750e+01  1.589375e+02
   endloop
 endfacet
 facet normal  3.164044e-01 -3.991103e-01  8.605808e-01
   outer loop
     vertex -4.470683e+01 -1.984575e+01  1.589375e+02
     vertex -4.435584e+01 -1.956750e+01  1.589375e+02
     vertex -4.438935e+01 -1.951669e+01  1.589733e+02
   endloop
 endfacet
 facet normal  3.164044e-01 -3.991103e-01  8.605808e-01
   outer loop
     vertex -4.470683e+01 -1.984575e+01  1.589375e+02
     vertex -4.438935e+01 -1.951669e+01  1.589733e+02
     vertex -4.474865e+01 -1.980154e+01  1.589733e+02
   endloop
 endfacet
 facet normal  1.325938e-01 -1.176955e-01  9.841578e-01
   outer loop
     vertex -4.505304e+01 -2.014445e+01  1.589733e+02
     vertex -4.479644e+01 -1.975101e+01  1.589858e+02
     vertex -4.510888e+01 -2.010299e+01  1.589858e+02
   endloop
 endfacet
 facet normal  1.325938e-01 -1.176955e-01  9.841578e-01
   outer loop
     vertex -4.505304e+01 -2.014445e+01  1.589733e+02
     vertex -4.474865e+01 -1.980154e+01  1.589733e+02
     vertex -4.479644e+01 -1.975101e+01  1.589858e+02
   endloop
 endfacet
 facet normal  5.810234e-01 -5.157393e-01  6.296227e-01
   outer loop
     vertex -4.500417e+01 -2.018073e+01  1.589375e+02
     vertex -4.467619e+01 -1.987815e+01  1.588826e+02
     vertex -4.470683e+01 -1.984575e+01  1.589375e+02
   endloop
 endfacet
 facet normal  5.810234e-01 -5.157393e-01  6.296227e-01
   outer loop
     vertex -4.500417e+01 -2.018073e+01  1.589375e+02
     vertex -4.496837e+01 -2.020731e+01  1.588826e+02
     vertex -4.467619e+01 -1.987815e+01  1.588826e+02
   endloop
 endfacet
 facet normal  3.809022e-01 -3.381038e-01  8.605808e-01
   outer loop
     vertex -4.500417e+01 -2.018073e+01  1.589375e+02
     vertex -4.470683e+01 -1.984575e+01  1.589375e+02
     vertex -4.474865e+01 -1.980154e+01  1.589733e+02
   endloop
 endfacet
 facet normal  3.809022e-01 -3.381038e-01  8.605808e-01
   outer loop
     vertex -4.500417e+01 -2.018073e+01  1.589375e+02
     vertex -4.474865e+01 -1.980154e+01  1.589733e+02
     vertex -4.505304e+01 -2.014445e+01  1.589733e+02
   endloop
 endfacet
 facet normal  1.510170e-01 -9.288273e-02  9.841578e-01
   outer loop
     vertex -4.529325e+01 -2.053501e+01  1.589733e+02
     vertex -4.510888e+01 -2.010299e+01  1.589858e+02
     vertex -4.535544e+01 -2.050388e+01  1.589858e+02
   endloop
 endfacet
 facet normal  1.510170e-01 -9.288273e-02  9.841578e-01
   outer loop
     vertex -4.529325e+01 -2.053501e+01  1.589733e+02
     vertex -4.505304e+01 -2.014445e+01  1.589733e+02
     vertex -4.510888e+01 -2.010299e+01  1.589858e+02
   endloop
 endfacet
 facet normal  6.617536e-01 -4.070104e-01  6.296227e-01
   outer loop
     vertex -4.523883e+01 -2.056226e+01  1.589375e+02
     vertex -4.519895e+01 -2.058222e+01  1.588826e+02
     vertex -4.496837e+01 -2.020731e+01  1.588826e+02
   endloop
 endfacet
 facet normal  7.223767e-01 -2.859147e-01  6.296227e-01
   outer loop
     vertex -4.523883e+01 -2.056226e+01  1.589375e+02
     vertex -4.536093e+01 -2.099146e+01  1.588826e+02
     vertex -4.519895e+01 -2.058222e+01  1.588826e+02
   endloop
 endfacet
 facet normal  6.617536e-01 -4.070104e-01  6.296227e-01
   outer loop
     vertex -4.523883e+01 -2.056226e+01  1.589375e+02
     vertex -4.496837e+01 -2.020731e+01  1.588826e+02
     vertex -4.500417e+01 -2.018073e+01  1.589375e+02
   endloop
 endfacet
 facet normal  4.338266e-01 -2.668243e-01  8.605808e-01
   outer loop
     vertex -4.523883e+01 -2.056226e+01  1.589375e+02
     vertex -4.500417e+01 -2.018073e+01  1.589375e+02
     vertex -4.505304e+01 -2.014445e+01  1.589733e+02
   endloop
 endfacet
 facet normal  4.338266e-01 -2.668243e-01  8.605808e-01
   outer loop
     vertex -4.523883e+01 -2.056226e+01  1.589375e+02
     vertex -4.505304e+01 -2.014445e+01  1.589733e+02
     vertex -4.529325e+01 -2.053501e+01  1.589733e+02
   endloop
 endfacet
 facet normal  1.648516e-01 -6.524781e-02  9.841578e-01
   outer loop
     vertex -4.546200e+01 -2.096135e+01  1.589733e+02
     vertex -4.535544e+01 -2.050388e+01  1.589858e+02
     vertex -4.552864e+01 -2.094149e+01  1.589858e+02
   endloop
 endfacet
 facet normal  1.648516e-01 -6.524781e-02  9.841578e-01
   outer loop
     vertex -4.546200e+01 -2.096135e+01  1.589733e+02
     vertex -4.529325e+01 -2.053501e+01  1.589733e+02
     vertex -4.535544e+01 -2.050388e+01  1.589858e+02
   endloop
 endfacet
 facet normal  1.736773e-01 -3.563037e-02  9.841578e-01
   outer loop
     vertex -4.546200e+01 -2.096135e+01  1.589733e+02
     vertex -4.552864e+01 -2.094149e+01  1.589858e+02
     vertex -4.555414e+01 -2.141051e+01  1.589733e+02
   endloop
 endfacet
 facet normal  4.735694e-01 -1.874375e-01  8.605808e-01
   outer loop
     vertex -4.546200e+01 -2.096135e+01  1.589733e+02
     vertex -4.523883e+01 -2.056226e+01  1.589375e+02
     vertex -4.529325e+01 -2.053501e+01  1.589733e+02
   endloop
 endfacet
 facet normal  4.989229e-01 -1.023554e-01  8.605808e-01
   outer loop
     vertex -4.540366e+01 -2.097873e+01  1.589375e+02
     vertex -4.555414e+01 -2.141051e+01  1.589733e+02
     vertex -4.549368e+01 -2.141750e+01  1.589375e+02
   endloop
 endfacet
 facet normal  7.610507e-01 -1.561316e-01  6.296227e-01
   outer loop
     vertex -4.540366e+01 -2.097873e+01  1.589375e+02
     vertex -4.549368e+01 -2.141750e+01  1.589375e+02
     vertex -4.544939e+01 -2.142262e+01  1.588826e+02
   endloop
 endfacet
 facet normal  4.989229e-01 -1.023554e-01  8.605808e-01
   outer loop
     vertex -4.540366e+01 -2.097873e+01  1.589375e+02
     vertex -4.546200e+01 -2.096135e+01  1.589733e+02
     vertex -4.555414e+01 -2.141051e+01  1.589733e+02
   endloop
 endfacet
 facet normal  7.610507e-01 -1.561316e-01  6.296227e-01
   outer loop
     vertex -4.540366e+01 -2.097873e+01  1.589375e+02
     vertex -4.544939e+01 -2.142262e+01  1.588826e+02
     vertex -4.536093e+01 -2.099146e+01  1.588826e+02
   endloop
 endfacet
 facet normal  7.223767e-01 -2.859147e-01  6.296227e-01
   outer loop
     vertex -4.540366e+01 -2.097873e+01  1.589375e+02
     vertex -4.536093e+01 -2.099146e+01  1.588826e+02
     vertex -4.523883e+01 -2.056226e+01  1.589375e+02
   endloop
 endfacet
 facet normal  4.735694e-01 -1.874375e-01  8.605808e-01
   outer loop
     vertex -4.540366e+01 -2.097873e+01  1.589375e+02
     vertex -4.523883e+01 -2.056226e+01  1.589375e+02
     vertex -4.546200e+01 -2.096135e+01  1.589733e+02
   endloop
 endfacet
 facet normal  9.464598e-01 -1.941688e-01 -2.578998e-01
   outer loop
     vertex  1.225544e+01 -2.765131e+01  1.474858e+02
     vertex  1.216699e+01 -2.808246e+01  1.474858e+02
     vertex  1.214037e+01 -2.807939e+01  1.473858e+02
   endloop
 endfacet
 facet normal -9.657980e-01  2.686793e-02 -2.578998e-01
   outer loop
     vertex  1.718359e+01 -2.866233e+01  1.474858e+02
     vertex  1.719583e+01 -2.822236e+01  1.474858e+02
     vertex  1.721020e+01 -2.866540e+01  1.473858e+02
   endloop
 endfacet
 facet normal  2.544419e-01 -5.219944e-02 -9.656783e-01
   outer loop
     vertex  1.215961e+01 -2.762275e+01  1.473126e+02
     vertex  1.196831e+01 -2.805950e+01  1.472858e+02
     vertex  1.206377e+01 -2.759419e+01  1.472858e+02
   endloop
 endfacet
 facet normal  2.544419e-01 -5.219944e-02 -9.656783e-01
   outer loop
     vertex  1.215961e+01 -2.762275e+01  1.473126e+02
     vertex  1.206765e+01 -2.807098e+01  1.473126e+02
     vertex  1.196831e+01 -2.805950e+01  1.472858e+02
   endloop
 endfacet
 facet normal  6.939995e-01 -1.423759e-01 -7.057576e-01
   outer loop
     vertex  1.222976e+01 -2.764365e+01  1.473858e+02
     vertex  1.214037e+01 -2.807939e+01  1.473858e+02
     vertex  1.206765e+01 -2.807098e+01  1.473126e+02
   endloop
 endfacet
 facet normal  9.464598e-01 -1.941688e-01 -2.578998e-01
   outer loop
     vertex  1.222976e+01 -2.764365e+01  1.473858e+02
     vertex  1.225544e+01 -2.765131e+01  1.474858e+02
     vertex  1.214037e+01 -2.807939e+01  1.473858e+02
   endloop
 endfacet
 facet normal  6.939995e-01 -1.423759e-01 -7.057576e-01
   outer loop
     vertex  1.222976e+01 -2.764365e+01  1.473858e+02
     vertex  1.206765e+01 -2.807098e+01  1.473126e+02
     vertex  1.215961e+01 -2.762275e+01  1.473126e+02
   endloop
 endfacet
 facet normal  2.415120e-01 -9.558978e-02 -9.656783e-01
   outer loop
     vertex  1.232800e+01 -2.719729e+01  1.473126e+02
     vertex  1.206377e+01 -2.759419e+01  1.472858e+02
     vertex  1.223858e+01 -2.715253e+01  1.472858e+02
   endloop
 endfacet
 facet normal  2.415120e-01 -9.558978e-02 -9.656783e-01
   outer loop
     vertex  1.232800e+01 -2.719729e+01  1.473126e+02
     vertex  1.215961e+01 -2.762275e+01  1.473126e+02
     vertex  1.206377e+01 -2.759419e+01  1.472858e+02
   endloop
 endfacet
 facet normal  8.983639e-01 -3.555700e-01 -2.578998e-01
   outer loop
     vertex  1.239346e+01 -2.723006e+01  1.473858e+02
     vertex  1.241742e+01 -2.724206e+01  1.474858e+02
     vertex  1.225544e+01 -2.765131e+01  1.474858e+02
   endloop
 endfacet
 facet normal  6.587328e-01 -2.607246e-01 -7.057576e-01
   outer loop
     vertex  1.239346e+01 -2.723006e+01  1.473858e+02
     vertex  1.215961e+01 -2.762275e+01  1.473126e+02
     vertex  1.232800e+01 -2.719729e+01  1.473126e+02
   endloop
 endfacet
 facet normal  8.983639e-01 -3.555700e-01 -2.578998e-01
   outer loop
     vertex  1.239346e+01 -2.723006e+01  1.473858e+02
     vertex  1.225544e+01 -2.765131e+01  1.474858e+02
     vertex  1.222976e+01 -2.764365e+01  1.473858e+02
   endloop
 endfacet
 facet normal  6.587328e-01 -2.607246e-01 -7.057576e-01
   outer loop
     vertex  1.239346e+01 -2.723006e+01  1.473858e+02
     vertex  1.222976e+01 -2.764365e+01  1.473858e+02
     vertex  1.215961e+01 -2.762275e+01  1.473126e+02
   endloop
 endfacet
 facet normal  2.212439e-01 -1.360757e-01 -9.656783e-01
   outer loop
     vertex  1.256771e+01 -2.680754e+01  1.473126e+02
     vertex  1.223858e+01 -2.715253e+01  1.472858e+02
     vertex  1.248743e+01 -2.674793e+01  1.472858e+02
   endloop
 endfacet
 facet normal  2.212439e-01 -1.360757e-01 -9.656783e-01
   outer loop
     vertex  1.256771e+01 -2.680754e+01  1.473126e+02
     vertex  1.232800e+01 -2.719729e+01  1.473126e+02
     vertex  1.223858e+01 -2.715253e+01  1.472858e+02
   endloop
 endfacet
 facet normal  6.034508e-01 -3.711514e-01 -7.057576e-01
   outer loop
     vertex  1.262649e+01 -2.685118e+01  1.473858e+02
     vertex  1.232800e+01 -2.719729e+01  1.473126e+02
     vertex  1.256771e+01 -2.680754e+01  1.473126e+02
   endloop
 endfacet
 facet normal  8.229717e-01 -5.061673e-01 -2.578998e-01
   outer loop
     vertex  1.262649e+01 -2.685118e+01  1.473858e+02
     vertex  1.264800e+01 -2.686716e+01  1.474858e+02
     vertex  1.241742e+01 -2.724206e+01  1.474858e+02
   endloop
 endfacet
 facet normal  7.225738e-01 -6.413850e-01 -2.578998e-01
   outer loop
     vertex  1.262649e+01 -2.685118e+01  1.473858e+02
     vertex  1.294018e+01 -2.653799e+01  1.474858e+02
     vertex  1.264800e+01 -2.686716e+01  1.474858e+02
   endloop
 endfacet
 facet normal  8.229717e-01 -5.061673e-01 -2.578998e-01
   outer loop
     vertex  1.262649e+01 -2.685118e+01  1.473858e+02
     vertex  1.241742e+01 -2.724206e+01  1.474858e+02
     vertex  1.239346e+01 -2.723006e+01  1.473858e+02
   endloop
 endfacet
 facet normal  6.034508e-01 -3.711514e-01 -7.057576e-01
   outer loop
     vertex  1.262649e+01 -2.685118e+01  1.473858e+02
     vertex  1.239346e+01 -2.723006e+01  1.473858e+02
     vertex  1.232800e+01 -2.719729e+01  1.473126e+02
   endloop
 endfacet
 facet normal  1.942534e-01 -1.724270e-01 -9.656783e-01
   outer loop
     vertex  1.287147e+01 -2.646534e+01  1.473126e+02
     vertex  1.248743e+01 -2.674793e+01  1.472858e+02
     vertex  1.280275e+01 -2.639269e+01  1.472858e+02
   endloop
 endfacet
 facet normal  1.942534e-01 -1.724270e-01 -9.656783e-01
   outer loop
     vertex  1.287147e+01 -2.646534e+01  1.473126e+02
     vertex  1.256771e+01 -2.680754e+01  1.473126e+02
     vertex  1.248743e+01 -2.674793e+01  1.472858e+02
   endloop
 endfacet
 facet normal  5.298333e-01 -4.703009e-01 -7.057576e-01
   outer loop
     vertex  1.292177e+01 -2.651852e+01  1.473858e+02
     vertex  1.262649e+01 -2.685118e+01  1.473858e+02
     vertex  1.256771e+01 -2.680754e+01  1.473126e+02
   endloop
 endfacet
 facet normal  5.298333e-01 -4.703009e-01 -7.057576e-01
   outer loop
     vertex  1.292177e+01 -2.651852e+01  1.473858e+02
     vertex  1.256771e+01 -2.680754e+01  1.473126e+02
     vertex  1.287147e+01 -2.646534e+01  1.473126e+02
   endloop
 endfacet
 facet normal  6.002210e-01 -7.571146e-01 -2.578998e-01
   outer loop
     vertex  1.292177e+01 -2.651852e+01  1.473858e+02
     vertex  1.328509e+01 -2.626456e+01  1.474858e+02
     vertex  1.294018e+01 -2.653799e+01  1.474858e+02
   endloop
 endfacet
 facet normal  7.225738e-01 -6.413850e-01 -2.578998e-01
   outer loop
     vertex  1.292177e+01 -2.651852e+01  1.473858e+02
     vertex  1.294018e+01 -2.653799e+01  1.474858e+02
     vertex  1.262649e+01 -2.685118e+01  1.473858e+02
   endloop
 endfacet
 facet normal  1.613606e-01 -2.035392e-01 -9.656783e-01
   outer loop
     vertex  1.323003e+01 -2.618108e+01  1.473126e+02
     vertex  1.280275e+01 -2.639269e+01  1.472858e+02
     vertex  1.317497e+01 -2.609760e+01  1.472858e+02
   endloop
 endfacet
 facet normal  1.613606e-01 -2.035392e-01 -9.656783e-01
   outer loop
     vertex  1.323003e+01 -2.618108e+01  1.473126e+02
     vertex  1.287147e+01 -2.646534e+01  1.473126e+02
     vertex  1.280275e+01 -2.639269e+01  1.472858e+02
   endloop
 endfacet
 facet normal  4.401170e-01 -5.551606e-01 -7.057576e-01
   outer loop
     vertex  1.327033e+01 -2.624219e+01  1.473858e+02
     vertex  1.287147e+01 -2.646534e+01  1.473126e+02
     vertex  1.323003e+01 -2.618108e+01  1.473126e+02
   endloop
 endfacet
 facet normal  6.002210e-01 -7.571146e-01 -2.578998e-01
   outer loop
     vertex  1.327033e+01 -2.624219e+01  1.473858e+02
     vertex  1.328509e+01 -2.626456e+01  1.474858e+02
     vertex  1.292177e+01 -2.651852e+01  1.473858e+02
   endloop
 endfacet
 facet normal  4.401170e-01 -5.551606e-01 -7.057576e-01
   outer loop
     vertex  1.327033e+01 -2.624219e+01  1.473858e+02
     vertex  1.292177e+01 -2.651852e+01  1.473858e+02
     vertex  1.287147e+01 -2.646534e+01  1.473126e+02
   endloop
 endfacet
 facet normal  1.235650e-01 -2.284669e-01 -9.656783e-01
   outer loop
     vertex  1.363250e+01 -2.596341e+01  1.473126e+02
     vertex  1.317497e+01 -2.609760e+01  1.472858e+02
     vertex  1.359278e+01 -2.587164e+01  1.472858e+02
   endloop
 endfacet
 facet normal  1.235650e-01 -2.284669e-01 -9.656783e-01
   outer loop
     vertex  1.363250e+01 -2.596341e+01  1.473126e+02
     vertex  1.323003e+01 -2.618108e+01  1.473126e+02
     vertex  1.317497e+01 -2.609760e+01  1.472858e+02
   endloop
 endfacet
 facet normal  4.596307e-01 -8.498396e-01 -2.578998e-01
   outer loop
     vertex  1.366158e+01 -2.603059e+01  1.473858e+02
     vertex  1.367223e+01 -2.605518e+01  1.474858e+02
     vertex  1.328509e+01 -2.626456e+01  1.474858e+02
   endloop
 endfacet
 facet normal  3.370280e-01 -6.231520e-01 -7.057576e-01
   outer loop
     vertex  1.366158e+01 -2.603059e+01  1.473858e+02
     vertex  1.327033e+01 -2.624219e+01  1.473858e+02
     vertex  1.323003e+01 -2.618108e+01  1.473126e+02
   endloop
 endfacet
 facet normal  4.596307e-01 -8.498396e-01 -2.578998e-01
   outer loop
     vertex  1.366158e+01 -2.603059e+01  1.473858e+02
     vertex  1.328509e+01 -2.626456e+01  1.474858e+02
     vertex  1.327033e+01 -2.624219e+01  1.473858e+02
   endloop
 endfacet
 facet normal  3.370280e-01 -6.231520e-01 -7.057576e-01
   outer loop
     vertex  1.366158e+01 -2.603059e+01  1.473858e+02
     vertex  1.323003e+01 -2.618108e+01  1.473126e+02
     vertex  1.363250e+01 -2.596341e+01  1.473126e+02
   endloop
 endfacet
 facet normal  8.201489e-02 -2.464528e-01 -9.656783e-01
   outer loop
     vertex  1.406666e+01 -2.581893e+01  1.473126e+02
     vertex  1.359278e+01 -2.587164e+01  1.472858e+02
     vertex  1.404347e+01 -2.572165e+01  1.472858e+02
   endloop
 endfacet
 facet normal  2.236986e-01 -6.722092e-01 -7.057576e-01
   outer loop
     vertex  1.406666e+01 -2.581893e+01  1.473126e+02
     vertex  1.366158e+01 -2.603059e+01  1.473858e+02
     vertex  1.363250e+01 -2.596341e+01  1.473126e+02
   endloop
 endfacet
 facet normal  8.201489e-02 -2.464528e-01 -9.656783e-01
   outer loop
     vertex  1.406666e+01 -2.581893e+01  1.473126e+02
     vertex  1.363250e+01 -2.596341e+01  1.473126e+02
     vertex  1.359278e+01 -2.587164e+01  1.472858e+02
   endloop
 endfacet
 facet normal  2.236986e-01 -6.722092e-01 -7.057576e-01
   outer loop
     vertex  1.408363e+01 -2.589014e+01  1.473858e+02
     vertex  1.366158e+01 -2.603059e+01  1.473858e+02
     vertex  1.406666e+01 -2.581893e+01  1.473126e+02
   endloop
 endfacet
 facet normal  3.050748e-01 -9.167426e-01 -2.578998e-01
   outer loop
     vertex  1.408363e+01 -2.589014e+01  1.473858e+02
     vertex  1.408985e+01 -2.591620e+01  1.474858e+02
     vertex  1.367223e+01 -2.605518e+01  1.474858e+02
   endloop
 endfacet
 facet normal  1.412493e-01 -9.557909e-01 -2.578998e-01
   outer loop
     vertex  1.408363e+01 -2.589014e+01  1.473858e+02
     vertex  1.452525e+01 -2.585186e+01  1.474858e+02
     vertex  1.408985e+01 -2.591620e+01  1.474858e+02
   endloop
 endfacet
 facet normal  3.050748e-01 -9.167426e-01 -2.578998e-01
   outer loop
     vertex  1.408363e+01 -2.589014e+01  1.473858e+02
     vertex  1.367223e+01 -2.605518e+01  1.474858e+02
     vertex  1.366158e+01 -2.603059e+01  1.473858e+02
   endloop
 endfacet
 facet normal  3.797281e-02 -2.569504e-01 -9.656783e-01
   outer loop
     vertex  1.451931e+01 -2.575203e+01  1.473126e+02
     vertex  1.404347e+01 -2.572165e+01  1.472858e+02
     vertex  1.451337e+01 -2.565221e+01  1.472858e+02
   endloop
 endfacet
 facet normal  3.797281e-02 -2.569504e-01 -9.656783e-01
   outer loop
     vertex  1.451931e+01 -2.575203e+01  1.473126e+02
     vertex  1.406666e+01 -2.581893e+01  1.473126e+02
     vertex  1.404347e+01 -2.572165e+01  1.472858e+02
   endloop
 endfacet
 facet normal  1.035722e-01 -7.008417e-01 -7.057576e-01
   outer loop
     vertex  1.451931e+01 -2.575203e+01  1.473126e+02
     vertex  1.408363e+01 -2.589014e+01  1.473858e+02
     vertex  1.406666e+01 -2.581893e+01  1.473126e+02
   endloop
 endfacet
 facet normal  1.412493e-01 -9.557909e-01 -2.578998e-01
   outer loop
     vertex  1.452366e+01 -2.582511e+01  1.473858e+02
     vertex  1.452525e+01 -2.585186e+01  1.474858e+02
     vertex  1.408363e+01 -2.589014e+01  1.473858e+02
   endloop
 endfacet
 facet normal  1.035722e-01 -7.008417e-01 -7.057576e-01
   outer loop
     vertex  1.452366e+01 -2.582511e+01  1.473858e+02
     vertex  1.408363e+01 -2.589014e+01  1.473858e+02
     vertex  1.451931e+01 -2.575203e+01  1.473126e+02
   endloop
 endfacet
 facet normal -7.223049e-03 -2.596407e-01 -9.656783e-01
   outer loop
     vertex  1.497670e+01 -2.576476e+01  1.473126e+02
     vertex  1.451337e+01 -2.565221e+01  1.472858e+02
     vertex  1.498818e+01 -2.566542e+01  1.472858e+02
   endloop
 endfacet
 facet normal -7.223049e-03 -2.596407e-01 -9.656783e-01
   outer loop
     vertex  1.497670e+01 -2.576476e+01  1.473126e+02
     vertex  1.451931e+01 -2.575203e+01  1.473126e+02
     vertex  1.451337e+01 -2.565221e+01  1.472858e+02
   endloop
 endfacet
 facet normal -1.970113e-02 -7.081795e-01 -7.057576e-01
   outer loop
     vertex  1.497670e+01 -2.576476e+01  1.473126e+02
     vertex  1.452366e+01 -2.582511e+01  1.473858e+02
     vertex  1.451931e+01 -2.575203e+01  1.473126e+02
   endloop
 endfacet
 facet normal -2.686793e-02 -9.657980e-01 -2.578998e-01
   outer loop
     vertex  1.496830e+01 -2.583748e+01  1.473858e+02
     vertex  1.496522e+01 -2.586410e+01  1.474858e+02
     vertex  1.452525e+01 -2.585186e+01  1.474858e+02
   endloop
 endfacet
 facet normal -1.970113e-02 -7.081795e-01 -7.057576e-01
   outer loop
     vertex  1.496830e+01 -2.583748e+01  1.473858e+02
     vertex  1.452366e+01 -2.582511e+01  1.473858e+02
     vertex  1.497670e+01 -2.576476e+01  1.473126e+02
   endloop
 endfacet
 facet normal -2.686793e-02 -9.657980e-01 -2.578998e-01
   outer loop
     vertex  1.496830e+01 -2.583748e+01  1.473858e+02
     vertex  1.452525e+01 -2.585186e+01  1.474858e+02
     vertex  1.452366e+01 -2.582511e+01  1.473858e+02
   endloop
 endfacet
 facet normal -5.219944e-02 -2.544419e-01 -9.656783e-01
   outer loop
     vertex  1.542493e+01 -2.585671e+01  1.473126e+02
     vertex  1.497670e+01 -2.576476e+01  1.473126e+02
     vertex  1.498818e+01 -2.566542e+01  1.472858e+02
   endloop
 endfacet
 facet normal -5.219944e-02 -2.544419e-01 -9.656783e-01
   outer loop
     vertex  1.542493e+01 -2.585671e+01  1.473126e+02
     vertex  1.498818e+01 -2.566542e+01  1.472858e+02
     vertex  1.545349e+01 -2.576088e+01  1.472858e+02
   endloop
 endfacet
 facet normal -1.941688e-01 -9.464598e-01 -2.578998e-01
   outer loop
     vertex  1.540403e+01 -2.592687e+01  1.473858e+02
     vertex  1.496522e+01 -2.586410e+01  1.474858e+02
     vertex  1.496830e+01 -2.583748e+01  1.473858e+02
   endloop
 endfacet
 facet normal -1.941688e-01 -9.464598e-01 -2.578998e-01
   outer loop
     vertex  1.540403e+01 -2.592687e+01  1.473858e+02
     vertex  1.539638e+01 -2.595255e+01  1.474858e+02
     vertex  1.496522e+01 -2.586410e+01  1.474858e+02
   endloop
 endfacet
 facet normal -3.555700e-01 -8.983639e-01 -2.578998e-01
   outer loop
     vertex  1.540403e+01 -2.592687e+01  1.473858e+02
     vertex  1.580562e+01 -2.611453e+01  1.474858e+02
     vertex  1.539638e+01 -2.595255e+01  1.474858e+02
   endloop
 endfacet
 facet normal -1.423759e-01 -6.939995e-01 -7.057576e-01
   outer loop
     vertex  1.540403e+01 -2.592687e+01  1.473858e+02
     vertex  1.496830e+01 -2.583748e+01  1.473858e+02
     vertex  1.497670e+01 -2.576476e+01  1.473126e+02
   endloop
 endfacet
 facet normal -1.423759e-01 -6.939995e-01 -7.057576e-01
   outer loop
     vertex  1.540403e+01 -2.592687e+01  1.473858e+02
     vertex  1.497670e+01 -2.576476e+01  1.473126e+02
     vertex  1.542493e+01 -2.585671e+01  1.473126e+02
   endloop
 endfacet
 facet normal -9.558978e-02 -2.415120e-01 -9.656783e-01
   outer loop
     vertex  1.585039e+01 -2.602511e+01  1.473126e+02
     vertex  1.545349e+01 -2.576088e+01  1.472858e+02
     vertex  1.589516e+01 -2.593569e+01  1.472858e+02
   endloop
 endfacet
 facet normal -9.558978e-02 -2.415120e-01 -9.656783e-01
   outer loop
     vertex  1.585039e+01 -2.602511e+01  1.473126e+02
     vertex  1.542493e+01 -2.585671e+01  1.473126e+02
     vertex  1.545349e+01 -2.576088e+01  1.472858e+02
   endloop
 endfacet
 facet normal -3.555700e-01 -8.983639e-01 -2.578998e-01
   outer loop
     vertex  1.581762e+01 -2.609057e+01  1.473858e+02
     vertex  1.580562e+01 -2.611453e+01  1.474858e+02
     vertex  1.540403e+01 -2.592687e+01  1.473858e+02
   endloop
 endfacet
 facet normal -2.607246e-01 -6.587328e-01 -7.057576e-01
   outer loop
     vertex  1.581762e+01 -2.609057e+01  1.473858e+02
     vertex  1.540403e+01 -2.592687e+01  1.473858e+02
     vertex  1.542493e+01 -2.585671e+01  1.473126e+02
   endloop
 endfacet
 facet normal -2.607246e-01 -6.587328e-01 -7.057576e-01
   outer loop
     vertex  1.581762e+01 -2.609057e+01  1.473858e+02
     vertex  1.542493e+01 -2.585671e+01  1.473126e+02
     vertex  1.585039e+01 -2.602511e+01  1.473126e+02
   endloop
 endfacet
 facet normal -1.360757e-01 -2.212439e-01 -9.656783e-01
   outer loop
     vertex  1.624014e+01 -2.626482e+01  1.473126e+02
     vertex  1.589516e+01 -2.593569e+01  1.472858e+02
     vertex  1.629975e+01 -2.618453e+01  1.472858e+02
   endloop
 endfacet
 facet normal -1.360757e-01 -2.212439e-01 -9.656783e-01
   outer loop
     vertex  1.624014e+01 -2.626482e+01  1.473126e+02
     vertex  1.585039e+01 -2.602511e+01  1.473126e+02
     vertex  1.589516e+01 -2.593569e+01  1.472858e+02
   endloop
 endfacet
 facet normal -5.061673e-01 -8.229717e-01 -2.578998e-01
   outer loop
     vertex  1.619650e+01 -2.632360e+01  1.473858e+02
     vertex  1.618053e+01 -2.634511e+01  1.474858e+02
     vertex  1.580562e+01 -2.611453e+01  1.474858e+02
   endloop
 endfacet
 facet normal -6.413850e-01 -7.225738e-01 -2.578998e-01
   outer loop
     vertex  1.619650e+01 -2.632360e+01  1.473858e+02
     vertex  1.650969e+01 -2.663729e+01  1.474858e+02
     vertex  1.618053e+01 -2.634511e+01  1.474858e+02
   endloop
 endfacet
 facet normal -3.711514e-01 -6.034508e-01 -7.057576e-01
   outer loop
     vertex  1.619650e+01 -2.632360e+01  1.473858e+02
     vertex  1.581762e+01 -2.609057e+01  1.473858e+02
     vertex  1.585039e+01 -2.602511e+01  1.473126e+02
   endloop
 endfacet
 facet normal -3.711514e-01 -6.034508e-01 -7.057576e-01
   outer loop
     vertex  1.619650e+01 -2.632360e+01  1.473858e+02
     vertex  1.585039e+01 -2.602511e+01  1.473126e+02
     vertex  1.624014e+01 -2.626482e+01  1.473126e+02
   endloop
 endfacet
 facet normal -5.061673e-01 -8.229717e-01 -2.578998e-01
   outer loop
     vertex  1.619650e+01 -2.632360e+01  1.473858e+02
     vertex  1.580562e+01 -2.611453e+01  1.474858e+02
     vertex  1.581762e+01 -2.609057e+01  1.473858e+02
   endloop
 endfacet
 facet normal -1.724270e-01 -1.942534e-01 -9.656783e-01
   outer loop
     vertex  1.658234e+01 -2.656857e+01  1.473126e+02
     vertex  1.629975e+01 -2.618453e+01  1.472858e+02
     vertex  1.665499e+01 -2.649986e+01  1.472858e+02
   endloop
 endfacet
 facet normal -1.724270e-01 -1.942534e-01 -9.656783e-01
   outer loop
     vertex  1.658234e+01 -2.656857e+01  1.473126e+02
     vertex  1.624014e+01 -2.626482e+01  1.473126e+02
     vertex  1.629975e+01 -2.618453e+01  1.472858e+02
   endloop
 endfacet
 facet normal -6.413850e-01 -7.225738e-01 -2.578998e-01
   outer loop
     vertex  1.652916e+01 -2.661888e+01  1.473858e+02
     vertex  1.650969e+01 -2.663729e+01  1.474858e+02
     vertex  1.619650e+01 -2.632360e+01  1.473858e+02
   endloop
 endfacet
 facet normal -4.703009e-01 -5.298333e-01 -7.057576e-01
   outer loop
     vertex  1.652916e+01 -2.661888e+01  1.473858e+02
     vertex  1.619650e+01 -2.632360e+01  1.473858e+02
     vertex  1.624014e+01 -2.626482e+01  1.473126e+02
   endloop
 endfacet
 facet normal -4.703009e-01 -5.298333e-01 -7.057576e-01
   outer loop
     vertex  1.652916e+01 -2.661888e+01  1.473858e+02
     vertex  1.624014e+01 -2.626482e+01  1.473126e+02
     vertex  1.658234e+01 -2.656857e+01  1.473126e+02
   endloop
 endfacet
 facet normal -2.035392e-01 -1.613606e-01 -9.656783e-01
   outer loop
     vertex  1.686660e+01 -2.692714e+01  1.473126e+02
     vertex  1.665499e+01 -2.649986e+01  1.472858e+02
     vertex  1.695008e+01 -2.687208e+01  1.472858e+02
   endloop
 endfacet
 facet normal -2.035392e-01 -1.613606e-01 -9.656783e-01
   outer loop
     vertex  1.686660e+01 -2.692714e+01  1.473126e+02
     vertex  1.658234e+01 -2.656857e+01  1.473126e+02
     vertex  1.665499e+01 -2.649986e+01  1.472858e+02
   endloop
 endfacet
 facet normal -7.571146e-01 -6.002210e-01 -2.578998e-01
   outer loop
     vertex  1.680549e+01 -2.696744e+01  1.473858e+02
     vertex  1.650969e+01 -2.663729e+01  1.474858e+02
     vertex  1.652916e+01 -2.661888e+01  1.473858e+02
   endloop
 endfacet
 facet normal -7.571146e-01 -6.002210e-01 -2.578998e-01
   outer loop
     vertex  1.680549e+01 -2.696744e+01  1.473858e+02
     vertex  1.678312e+01 -2.698219e+01  1.474858e+02
     vertex  1.650969e+01 -2.663729e+01  1.474858e+02
   endloop
 endfacet
 facet normal -5.551606e-01 -4.401170e-01 -7.057576e-01
   outer loop
     vertex  1.680549e+01 -2.696744e+01  1.473858e+02
     vertex  1.652916e+01 -2.661888e+01  1.473858e+02
     vertex  1.658234e+01 -2.656857e+01  1.473126e+02
   endloop
 endfacet
 facet normal -5.551606e-01 -4.401170e-01 -7.057576e-01
   outer loop
     vertex  1.680549e+01 -2.696744e+01  1.473858e+02
     vertex  1.658234e+01 -2.656857e+01  1.473126e+02
     vertex  1.686660e+01 -2.692714e+01  1.473126e+02
   endloop
 endfacet
 facet normal -2.284669e-01 -1.235650e-01 -9.656783e-01
   outer loop
     vertex  1.708428e+01 -2.732961e+01  1.473126e+02
     vertex  1.695008e+01 -2.687208e+01  1.472858e+02
     vertex  1.717605e+01 -2.728988e+01  1.472858e+02
   endloop
 endfacet
 facet normal -2.284669e-01 -1.235650e-01 -9.656783e-01
   outer loop
     vertex  1.708428e+01 -2.732961e+01  1.473126e+02
     vertex  1.686660e+01 -2.692714e+01  1.473126e+02
     vertex  1.695008e+01 -2.687208e+01  1.472858e+02
   endloop
 endfacet
 facet normal -8.498396e-01 -4.596307e-01 -2.578998e-01
   outer loop
     vertex  1.701709e+01 -2.735869e+01  1.473858e+02
     vertex  1.699250e+01 -2.736933e+01  1.474858e+02
     vertex  1.678312e+01 -2.698219e+01  1.474858e+02
   endloop
 endfacet
 facet normal -8.498396e-01 -4.596307e-01 -2.578998e-01
   outer loop
     vertex  1.701709e+01 -2.735869e+01  1.473858e+02
     vertex  1.678312e+01 -2.698219e+01  1.474858e+02
     vertex  1.680549e+01 -2.696744e+01  1.473858e+02
   endloop
 endfacet
 facet normal -6.231520e-01 -3.370280e-01 -7.057576e-01
   outer loop
     vertex  1.701709e+01 -2.735869e+01  1.473858e+02
     vertex  1.680549e+01 -2.696744e+01  1.473858e+02
     vertex  1.686660e+01 -2.692714e+01  1.473126e+02
   endloop
 endfacet
 facet normal -6.231520e-01 -3.370280e-01 -7.057576e-01
   outer loop
     vertex  1.701709e+01 -2.735869e+01  1.473858e+02
     vertex  1.686660e+01 -2.692714e+01  1.473126e+02
     vertex  1.708428e+01 -2.732961e+01  1.473126e+02
   endloop
 endfacet
 facet normal -2.464528e-01 -8.201489e-02 -9.656783e-01
   outer loop
     vertex  1.722876e+01 -2.776377e+01  1.473126e+02
     vertex  1.717605e+01 -2.728988e+01  1.472858e+02
     vertex  1.732603e+01 -2.774058e+01  1.472858e+02
   endloop
 endfacet
 facet normal -2.464528e-01 -8.201489e-02 -9.656783e-01
   outer loop
     vertex  1.722876e+01 -2.776377e+01  1.473126e+02
     vertex  1.708428e+01 -2.732961e+01  1.473126e+02
     vertex  1.717605e+01 -2.728988e+01  1.472858e+02
   endloop
 endfacet
 facet normal -6.722092e-01 -2.236986e-01 -7.057576e-01
   outer loop
     vertex  1.715754e+01 -2.778074e+01  1.473858e+02
     vertex  1.708428e+01 -2.732961e+01  1.473126e+02
     vertex  1.722876e+01 -2.776377e+01  1.473126e+02
   endloop
 endfacet
 facet normal -9.167426e-01 -3.050748e-01 -2.578998e-01
   outer loop
     vertex  1.715754e+01 -2.778074e+01  1.473858e+02
     vertex  1.713148e+01 -2.778695e+01  1.474858e+02
     vertex  1.699250e+01 -2.736933e+01  1.474858e+02
   endloop
 endfacet
 facet normal -9.557909e-01 -1.412493e-01 -2.578998e-01
   outer loop
     vertex  1.715754e+01 -2.778074e+01  1.473858e+02
     vertex  1.719583e+01 -2.822236e+01  1.474858e+02
     vertex  1.713148e+01 -2.778695e+01  1.474858e+02
   endloop
 endfacet
 facet normal -9.167426e-01 -3.050748e-01 -2.578998e-01
   outer loop
     vertex  1.715754e+01 -2.778074e+01  1.473858e+02
     vertex  1.699250e+01 -2.736933e+01  1.474858e+02
     vertex  1.701709e+01 -2.735869e+01  1.473858e+02
   endloop
 endfacet
 facet normal -6.722092e-01 -2.236986e-01 -7.057576e-01
   outer loop
     vertex  1.715754e+01 -2.778074e+01  1.473858e+02
     vertex  1.701709e+01 -2.735869e+01  1.473858e+02
     vertex  1.708428e+01 -2.732961e+01  1.473126e+02
   endloop
 endfacet
 facet normal -2.596407e-01  7.223049e-03 -9.656783e-01
   outer loop
     vertex  1.729565e+01 -2.821642e+01  1.473126e+02
     vertex  1.739547e+01 -2.821048e+01  1.472858e+02
     vertex  1.738226e+01 -2.868529e+01  1.472858e+02
   endloop
 endfacet
 facet normal -2.569504e-01 -3.797281e-02 -9.656783e-01
   outer loop
     vertex  1.729565e+01 -2.821642e+01  1.473126e+02
     vertex  1.732603e+01 -2.774058e+01  1.472858e+02
     vertex  1.739547e+01 -2.821048e+01  1.472858e+02
   endloop
 endfacet
 facet normal -2.569504e-01 -3.797281e-02 -9.656783e-01
   outer loop
     vertex  1.729565e+01 -2.821642e+01  1.473126e+02
     vertex  1.722876e+01 -2.776377e+01  1.473126e+02
     vertex  1.732603e+01 -2.774058e+01  1.472858e+02
   endloop
 endfacet
 facet normal -2.596407e-01  7.223049e-03 -9.656783e-01
   outer loop
     vertex  1.729565e+01 -2.821642e+01  1.473126e+02
     vertex  1.738226e+01 -2.868529e+01  1.472858e+02
     vertex  1.728292e+01 -2.867381e+01  1.473126e+02
   endloop
 endfacet
 facet normal -7.081795e-01  1.970113e-02 -7.057576e-01
   outer loop
     vertex  1.729565e+01 -2.821642e+01  1.473126e+02
     vertex  1.728292e+01 -2.867381e+01  1.473126e+02
     vertex  1.721020e+01 -2.866540e+01  1.473858e+02
   endloop
 endfacet
 facet normal -7.008417e-01 -1.035722e-01 -7.057576e-01
   outer loop
     vertex  1.722257e+01 -2.822077e+01  1.473858e+02
     vertex  1.722876e+01 -2.776377e+01  1.473126e+02
     vertex  1.729565e+01 -2.821642e+01  1.473126e+02
   endloop
 endfacet
 facet normal -9.657980e-01  2.686793e-02 -2.578998e-01
   outer loop
     vertex  1.722257e+01 -2.822077e+01  1.473858e+02
     vertex  1.721020e+01 -2.866540e+01  1.473858e+02
     vertex  1.719583e+01 -2.822236e+01  1.474858e+02
   endloop
 endfacet
 facet normal -7.008417e-01 -1.035722e-01 -7.057576e-01
   outer loop
     vertex  1.722257e+01 -2.822077e+01  1.473858e+02
     vertex  1.715754e+01 -2.778074e+01  1.473858e+02
     vertex  1.722876e+01 -2.776377e+01  1.473126e+02
   endloop
 endfacet
 facet normal -9.557909e-01 -1.412493e-01 -2.578998e-01
   outer loop
     vertex  1.722257e+01 -2.822077e+01  1.473858e+02
     vertex  1.719583e+01 -2.822236e+01  1.474858e+02
     vertex  1.715754e+01 -2.778074e+01  1.473858e+02
   endloop
 endfacet
 facet normal -7.081795e-01  1.970113e-02 -7.057576e-01
   outer loop
     vertex  1.722257e+01 -2.822077e+01  1.473858e+02
     vertex  1.729565e+01 -2.821642e+01  1.473126e+02
     vertex  1.721020e+01 -2.866540e+01  1.473858e+02
   endloop
 endfacet
 facet normal -9.657980e-01  2.686793e-02  2.578998e-01
   outer loop
     vertex  1.721020e+01 -2.866540e+01  1.511858e+02
     vertex  1.719583e+01 -2.822236e+01  1.510858e+02
     vertex  1.718359e+01 -2.866233e+01  1.510858e+02
   endloop
 endfacet
 facet normal  9.464598e-01 -1.941688e-01  2.578998e-01
   outer loop
     vertex  1.222976e+01 -2.764365e+01  1.511858e+02
     vertex  1.216699e+01 -2.808246e+01  1.510858e+02
     vertex  1.225544e+01 -2.765131e+01  1.510858e+02
   endloop
 endfacet
 facet normal  9.464598e-01 -1.941688e-01  2.578998e-01
   outer loop
     vertex  1.222976e+01 -2.764365e+01  1.511858e+02
     vertex  1.214037e+01 -2.807939e+01  1.511858e+02
     vertex  1.216699e+01 -2.808246e+01  1.510858e+02
   endloop
 endfacet
 facet normal  2.544419e-01 -5.219944e-02  9.656783e-01
   outer loop
     vertex  1.215961e+01 -2.762275e+01  1.512590e+02
     vertex  1.206377e+01 -2.759419e+01  1.512858e+02
     vertex  1.196831e+01 -2.805950e+01  1.512858e+02
   endloop
 endfacet
 facet normal  6.939995e-01 -1.423759e-01  7.057576e-01
   outer loop
     vertex  1.215961e+01 -2.762275e+01  1.512590e+02
     vertex  1.206765e+01 -2.807098e+01  1.512590e+02
     vertex  1.214037e+01 -2.807939e+01  1.511858e+02
   endloop
 endfacet
 facet normal  2.544419e-01 -5.219944e-02  9.656783e-01
   outer loop
     vertex  1.215961e+01 -2.762275e+01  1.512590e+02
     vertex  1.196831e+01 -2.805950e+01  1.512858e+02
     vertex  1.206765e+01 -2.807098e+01  1.512590e+02
   endloop
 endfacet
 facet normal  6.939995e-01 -1.423759e-01  7.057576e-01
   outer loop
     vertex  1.215961e+01 -2.762275e+01  1.512590e+02
     vertex  1.214037e+01 -2.807939e+01  1.511858e+02
     vertex  1.222976e+01 -2.764365e+01  1.511858e+02
   endloop
 endfacet
 facet normal  8.983639e-01 -3.555700e-01  2.578998e-01
   outer loop
     vertex  1.239346e+01 -2.723006e+01  1.511858e+02
     vertex  1.225544e+01 -2.765131e+01  1.510858e+02
     vertex  1.241742e+01 -2.724206e+01  1.510858e+02
   endloop
 endfacet
 facet normal  8.983639e-01 -3.555700e-01  2.578998e-01
   outer loop
     vertex  1.239346e+01 -2.723006e+01  1.511858e+02
     vertex  1.222976e+01 -2.764365e+01  1.511858e+02
     vertex  1.225544e+01 -2.765131e+01  1.510858e+02
   endloop
 endfacet
 facet normal  2.415120e-01 -9.558978e-02  9.656783e-01
   outer loop
     vertex  1.232800e+01 -2.719729e+01  1.512590e+02
     vertex  1.223858e+01 -2.715253e+01  1.512858e+02
     vertex  1.206377e+01 -2.759419e+01  1.512858e+02
   endloop
 endfacet
 facet normal  6.587328e-01 -2.607246e-01  7.057576e-01
   outer loop
     vertex  1.232800e+01 -2.719729e+01  1.512590e+02
     vertex  1.222976e+01 -2.764365e+01  1.511858e+02
     vertex  1.239346e+01 -2.723006e+01  1.511858e+02
   endloop
 endfacet
 facet normal  2.415120e-01 -9.558978e-02  9.656783e-01
   outer loop
     vertex  1.232800e+01 -2.719729e+01  1.512590e+02
     vertex  1.206377e+01 -2.759419e+01  1.512858e+02
     vertex  1.215961e+01 -2.762275e+01  1.512590e+02
   endloop
 endfacet
 facet normal  6.587328e-01 -2.607246e-01  7.057576e-01
   outer loop
     vertex  1.232800e+01 -2.719729e+01  1.512590e+02
     vertex  1.215961e+01 -2.762275e+01  1.512590e+02
     vertex  1.222976e+01 -2.764365e+01  1.511858e+02
   endloop
 endfacet
 facet normal  8.229717e-01 -5.061673e-01  2.578998e-01
   outer loop
     vertex  1.262649e+01 -2.685118e+01  1.511858e+02
     vertex  1.241742e+01 -2.724206e+01  1.510858e+02
     vertex  1.264800e+01 -2.686716e+01  1.510858e+02
   endloop
 endfacet
 facet normal  8.229717e-01 -5.061673e-01  2.578998e-01
   outer loop
     vertex  1.262649e+01 -2.685118e+01  1.511858e+02
     vertex  1.239346e+01 -2.723006e+01  1.511858e+02
     vertex  1.241742e+01 -2.724206e+01  1.510858e+02
   endloop
 endfacet
 facet normal  6.034508e-01 -3.711514e-01  7.057576e-01
   outer loop
     vertex  1.256771e+01 -2.680754e+01  1.512590e+02
     vertex  1.239346e+01 -2.723006e+01  1.511858e+02
     vertex  1.262649e+01 -2.685118e+01  1.511858e+02
   endloop
 endfacet
 facet normal  2.212439e-01 -1.360757e-01  9.656783e-01
   outer loop
     vertex  1.256771e+01 -2.680754e+01  1.512590e+02
     vertex  1.248743e+01 -2.674793e+01  1.512858e+02
     vertex  1.223858e+01 -2.715253e+01  1.512858e+02
   endloop
 endfacet
 facet normal  2.212439e-01 -1.360757e-01  9.656783e-01
   outer loop
     vertex  1.256771e+01 -2.680754e+01  1.512590e+02
     vertex  1.223858e+01 -2.715253e+01  1.512858e+02
     vertex  1.232800e+01 -2.719729e+01  1.512590e+02
   endloop
 endfacet
 facet normal  6.034508e-01 -3.711514e-01  7.057576e-01
   outer loop
     vertex  1.256771e+01 -2.680754e+01  1.512590e+02
     vertex  1.232800e+01 -2.719729e+01  1.512590e+02
     vertex  1.239346e+01 -2.723006e+01  1.511858e+02
   endloop
 endfacet
 facet normal  7.225738e-01 -6.413850e-01  2.578998e-01
   outer loop
     vertex  1.292177e+01 -2.651852e+01  1.511858e+02
     vertex  1.264800e+01 -2.686716e+01  1.510858e+02
     vertex  1.294018e+01 -2.653799e+01  1.510858e+02
   endloop
 endfacet
 facet normal  7.225738e-01 -6.413850e-01  2.578998e-01
   outer loop
     vertex  1.292177e+01 -2.651852e+01  1.511858e+02
     vertex  1.262649e+01 -2.685118e+01  1.511858e+02
     vertex  1.264800e+01 -2.686716e+01  1.510858e+02
   endloop
 endfacet
 facet normal  5.298333e-01 -4.703009e-01  7.057576e-01
   outer loop
     vertex  1.287147e+01 -2.646534e+01  1.512590e+02
     vertex  1.256771e+01 -2.680754e+01  1.512590e+02
     vertex  1.262649e+01 -2.685118e+01  1.511858e+02
   endloop
 endfacet
 facet normal  1.942534e-01 -1.724270e-01  9.656783e-01
   outer loop
     vertex  1.287147e+01 -2.646534e+01  1.512590e+02
     vertex  1.248743e+01 -2.674793e+01  1.512858e+02
     vertex  1.256771e+01 -2.680754e+01  1.512590e+02
   endloop
 endfacet
 facet normal  1.942534e-01 -1.724270e-01  9.656783e-01
   outer loop
     vertex  1.287147e+01 -2.646534e+01  1.512590e+02
     vertex  1.280275e+01 -2.639269e+01  1.512858e+02
     vertex  1.248743e+01 -2.674793e+01  1.512858e+02
   endloop
 endfacet
 facet normal  5.298333e-01 -4.703009e-01  7.057576e-01
   outer loop
     vertex  1.287147e+01 -2.646534e+01  1.512590e+02
     vertex  1.262649e+01 -2.685118e+01  1.511858e+02
     vertex  1.292177e+01 -2.651852e+01  1.511858e+02
   endloop
 endfacet
 facet normal  6.002210e-01 -7.571146e-01  2.578998e-01
   outer loop
     vertex  1.327033e+01 -2.624219e+01  1.511858e+02
     vertex  1.294018e+01 -2.653799e+01  1.510858e+02
     vertex  1.328509e+01 -2.626456e+01  1.510858e+02
   endloop
 endfacet
 facet normal  6.002210e-01 -7.571146e-01  2.578998e-01
   outer loop
     vertex  1.327033e+01 -2.624219e+01  1.511858e+02
     vertex  1.292177e+01 -2.651852e+01  1.511858e+02
     vertex  1.294018e+01 -2.653799e+01  1.510858e+02
   endloop
 endfacet
 facet normal  4.401170e-01 -5.551606e-01  7.057576e-01
   outer loop
     vertex  1.327033e+01 -2.624219e+01  1.511858e+02
     vertex  1.287147e+01 -2.646534e+01  1.512590e+02
     vertex  1.292177e+01 -2.651852e+01  1.511858e+02
   endloop
 endfacet
 facet normal  1.613606e-01 -2.035392e-01  9.656783e-01
   outer loop
     vertex  1.323003e+01 -2.618108e+01  1.512590e+02
     vertex  1.317497e+01 -2.609760e+01  1.512858e+02
     vertex  1.280275e+01 -2.639269e+01  1.512858e+02
   endloop
 endfacet
 facet normal  1.613606e-01 -2.035392e-01  9.656783e-01
   outer loop
     vertex  1.323003e+01 -2.618108e+01  1.512590e+02
     vertex  1.280275e+01 -2.639269e+01  1.512858e+02
     vertex  1.287147e+01 -2.646534e+01  1.512590e+02
   endloop
 endfacet
 facet normal  4.401170e-01 -5.551606e-01  7.057576e-01
   outer loop
     vertex  1.323003e+01 -2.618108e+01  1.512590e+02
     vertex  1.287147e+01 -2.646534e+01  1.512590e+02
     vertex  1.327033e+01 -2.624219e+01  1.511858e+02
   endloop
 endfacet
 facet normal  4.596307e-01 -8.498396e-01  2.578998e-01
   outer loop
     vertex  1.366158e+01 -2.603059e+01  1.511858e+02
     vertex  1.328509e+01 -2.626456e+01  1.510858e+02
     vertex  1.367223e+01 -2.605518e+01  1.510858e+02
   endloop
 endfacet
 facet normal  4.596307e-01 -8.498396e-01  2.578998e-01
   outer loop
     vertex  1.366158e+01 -2.603059e+01  1.511858e+02
     vertex  1.327033e+01 -2.624219e+01  1.511858e+02
     vertex  1.328509e+01 -2.626456e+01  1.510858e+02
   endloop
 endfacet
 facet normal  1.235650e-01 -2.284669e-01  9.656783e-01
   outer loop
     vertex  1.363250e+01 -2.596341e+01  1.512590e+02
     vertex  1.359278e+01 -2.587164e+01  1.512858e+02
     vertex  1.317497e+01 -2.609760e+01  1.512858e+02
   endloop
 endfacet
 facet normal  3.370280e-01 -6.231520e-01  7.057576e-01
   outer loop
     vertex  1.363250e+01 -2.596341e+01  1.512590e+02
     vertex  1.323003e+01 -2.618108e+01  1.512590e+02
     vertex  1.327033e+01 -2.624219e+01  1.511858e+02
   endloop
 endfacet
 facet normal  1.235650e-01 -2.284669e-01  9.656783e-01
   outer loop
     vertex  1.363250e+01 -2.596341e+01  1.512590e+02
     vertex  1.317497e+01 -2.609760e+01  1.512858e+02
     vertex  1.323003e+01 -2.618108e+01  1.512590e+02
   endloop
 endfacet
 facet normal  3.370280e-01 -6.231520e-01  7.057576e-01
   outer loop
     vertex  1.363250e+01 -2.596341e+01  1.512590e+02
     vertex  1.327033e+01 -2.624219e+01  1.511858e+02
     vertex  1.366158e+01 -2.603059e+01  1.511858e+02
   endloop
 endfacet
 facet normal  3.050748e-01 -9.167426e-01  2.578998e-01
   outer loop
     vertex  1.408363e+01 -2.589014e+01  1.511858e+02
     vertex  1.367223e+01 -2.605518e+01  1.510858e+02
     vertex  1.408985e+01 -2.591620e+01  1.510858e+02
   endloop
 endfacet
 facet normal  3.050748e-01 -9.167426e-01  2.578998e-01
   outer loop
     vertex  1.408363e+01 -2.589014e+01  1.511858e+02
     vertex  1.366158e+01 -2.603059e+01  1.511858e+02
     vertex  1.367223e+01 -2.605518e+01  1.510858e+02
   endloop
 endfacet
 facet normal  8.201489e-02 -2.464528e-01  9.656783e-01
   outer loop
     vertex  1.406666e+01 -2.581893e+01  1.512590e+02
     vertex  1.404347e+01 -2.572165e+01  1.512858e+02
     vertex  1.359278e+01 -2.587164e+01  1.512858e+02
   endloop
 endfacet
 facet normal  3.797281e-02 -2.569504e-01  9.656783e-01
   outer loop
     vertex  1.406666e+01 -2.581893e+01  1.512590e+02
     vertex  1.451337e+01 -2.565221e+01  1.512858e+02
     vertex  1.404347e+01 -2.572165e+01  1.512858e+02
   endloop
 endfacet
 facet normal  2.236986e-01 -6.722092e-01  7.057576e-01
   outer loop
     vertex  1.406666e+01 -2.581893e+01  1.512590e+02
     vertex  1.363250e+01 -2.596341e+01  1.512590e+02
     vertex  1.366158e+01 -2.603059e+01  1.511858e+02
   endloop
 endfacet
 facet normal  8.201489e-02 -2.464528e-01  9.656783e-01
   outer loop
     vertex  1.406666e+01 -2.581893e+01  1.512590e+02
     vertex  1.359278e+01 -2.587164e+01  1.512858e+02
     vertex  1.363250e+01 -2.596341e+01  1.512590e+02
   endloop
 endfacet
 facet normal  2.236986e-01 -6.722092e-01  7.057576e-01
   outer loop
     vertex  1.406666e+01 -2.581893e+01  1.512590e+02
     vertex  1.366158e+01 -2.603059e+01  1.511858e+02
     vertex  1.408363e+01 -2.589014e+01  1.511858e+02
   endloop
 endfacet
 facet normal  1.412493e-01 -9.557909e-01  2.578998e-01
   outer loop
     vertex  1.452366e+01 -2.582511e+01  1.511858e+02
     vertex  1.408985e+01 -2.591620e+01  1.510858e+02
     vertex  1.452525e+01 -2.585186e+01  1.510858e+02
   endloop
 endfacet
 facet normal  1.035722e-01 -7.008417e-01  7.057576e-01
   outer loop
     vertex  1.452366e+01 -2.582511e+01  1.511858e+02
     vertex  1.406666e+01 -2.581893e+01  1.512590e+02
     vertex  1.408363e+01 -2.589014e+01  1.511858e+02
   endloop
 endfacet
 facet normal  1.412493e-01 -9.557909e-01  2.578998e-01
   outer loop
     vertex  1.452366e+01 -2.582511e+01  1.511858e+02
     vertex  1.408363e+01 -2.589014e+01  1.511858e+02
     vertex  1.408985e+01 -2.591620e+01  1.510858e+02
   endloop
 endfacet
 facet normal  3.797281e-02 -2.569504e-01  9.656783e-01
   outer loop
     vertex  1.451931e+01 -2.575203e+01  1.512590e+02
     vertex  1.451337e+01 -2.565221e+01  1.512858e+02
     vertex  1.406666e+01 -2.581893e+01  1.512590e+02
   endloop
 endfacet
 facet normal  1.035722e-01 -7.008417e-01  7.057576e-01
   outer loop
     vertex  1.451931e+01 -2.575203e+01  1.512590e+02
     vertex  1.406666e+01 -2.581893e+01  1.512590e+02
     vertex  1.452366e+01 -2.582511e+01  1.511858e+02
   endloop
 endfacet
 facet normal -2.686793e-02 -9.657980e-01  2.578998e-01
   outer loop
     vertex  1.496830e+01 -2.583748e+01  1.511858e+02
     vertex  1.452366e+01 -2.582511e+01  1.511858e+02
     vertex  1.452525e+01 -2.585186e+01  1.510858e+02
   endloop
 endfacet
 facet normal -2.686793e-02 -9.657980e-01  2.578998e-01
   outer loop
     vertex  1.496830e+01 -2.583748e+01  1.511858e+02
     vertex  1.452525e+01 -2.585186e+01  1.510858e+02
     vertex  1.496522e+01 -2.586410e+01  1.510858e+02
   endloop
 endfacet
 facet normal -7.223049e-03 -2.596407e-01  9.656783e-01
   outer loop
     vertex  1.497670e+01 -2.576476e+01  1.512590e+02
     vertex  1.498818e+01 -2.566542e+01  1.512858e+02
     vertex  1.451337e+01 -2.565221e+01  1.512858e+02
   endloop
 endfacet
 facet normal -5.219944e-02 -2.544419e-01  9.656783e-01
   outer loop
     vertex  1.497670e+01 -2.576476e+01  1.512590e+02
     vertex  1.545349e+01 -2.576088e+01  1.512858e+02
     vertex  1.498818e+01 -2.566542e+01  1.512858e+02
   endloop
 endfacet
 facet normal -1.970113e-02 -7.081795e-01  7.057576e-01
   outer loop
     vertex  1.497670e+01 -2.576476e+01  1.512590e+02
     vertex  1.452366e+01 -2.582511e+01  1.511858e+02
     vertex  1.496830e+01 -2.583748e+01  1.511858e+02
   endloop
 endfacet
 facet normal -7.223049e-03 -2.596407e-01  9.656783e-01
   outer loop
     vertex  1.497670e+01 -2.576476e+01  1.512590e+02
     vertex  1.451337e+01 -2.565221e+01  1.512858e+02
     vertex  1.451931e+01 -2.575203e+01  1.512590e+02
   endloop
 endfacet
 facet normal -1.970113e-02 -7.081795e-01  7.057576e-01
   outer loop
     vertex  1.497670e+01 -2.576476e+01  1.512590e+02
     vertex  1.451931e+01 -2.575203e+01  1.512590e+02
     vertex  1.452366e+01 -2.582511e+01  1.511858e+02
   endloop
 endfacet
 facet normal -1.941688e-01 -9.464598e-01  2.578998e-01
   outer loop
     vertex  1.540403e+01 -2.592687e+01  1.511858e+02
     vertex  1.496522e+01 -2.586410e+01  1.510858e+02
     vertex  1.539638e+01 -2.595255e+01  1.510858e+02
   endloop
 endfacet
 facet normal -1.941688e-01 -9.464598e-01  2.578998e-01
   outer loop
     vertex  1.540403e+01 -2.592687e+01  1.511858e+02
     vertex  1.496830e+01 -2.583748e+01  1.511858e+02
     vertex  1.496522e+01 -2.586410e+01  1.510858e+02
   endloop
 endfacet
 facet normal -5.219944e-02 -2.544419e-01  9.656783e-01
   outer loop
     vertex  1.542493e+01 -2.585671e+01  1.512590e+02
     vertex  1.545349e+01 -2.576088e+01  1.512858e+02
     vertex  1.497670e+01 -2.576476e+01  1.512590e+02
   endloop
 endfacet
 facet normal -1.423759e-01 -6.939995e-01  7.057576e-01
   outer loop
     vertex  1.542493e+01 -2.585671e+01  1.512590e+02
     vertex  1.497670e+01 -2.576476e+01  1.512590e+02
     vertex  1.496830e+01 -2.583748e+01  1.511858e+02
   endloop
 endfacet
 facet normal -1.423759e-01 -6.939995e-01  7.057576e-01
   outer loop
     vertex  1.542493e+01 -2.585671e+01  1.512590e+02
     vertex  1.496830e+01 -2.583748e+01  1.511858e+02
     vertex  1.540403e+01 -2.592687e+01  1.511858e+02
   endloop
 endfacet
 facet normal -3.555700e-01 -8.983639e-01  2.578998e-01
   outer loop
     vertex  1.581762e+01 -2.609057e+01  1.511858e+02
     vertex  1.539638e+01 -2.595255e+01  1.510858e+02
     vertex  1.580562e+01 -2.611453e+01  1.510858e+02
   endloop
 endfacet
 facet normal -3.555700e-01 -8.983639e-01  2.578998e-01
   outer loop
     vertex  1.581762e+01 -2.609057e+01  1.511858e+02
     vertex  1.540403e+01 -2.592687e+01  1.511858e+02
     vertex  1.539638e+01 -2.595255e+01  1.510858e+02
   endloop
 endfacet
 facet normal -9.558978e-02 -2.415120e-01  9.656783e-01
   outer loop
     vertex  1.585039e+01 -2.602511e+01  1.512590e+02
     vertex  1.589516e+01 -2.593569e+01  1.512858e+02
     vertex  1.545349e+01 -2.576088e+01  1.512858e+02
   endloop
 endfacet
 facet normal -9.558978e-02 -2.415120e-01  9.656783e-01
   outer loop
     vertex  1.585039e+01 -2.602511e+01  1.512590e+02
     vertex  1.545349e+01 -2.576088e+01  1.512858e+02
     vertex  1.542493e+01 -2.585671e+01  1.512590e+02
   endloop
 endfacet
 facet normal -2.607246e-01 -6.587328e-01  7.057576e-01
   outer loop
     vertex  1.585039e+01 -2.602511e+01  1.512590e+02
     vertex  1.542493e+01 -2.585671e+01  1.512590e+02
     vertex  1.540403e+01 -2.592687e+01  1.511858e+02
   endloop
 endfacet
 facet normal -2.607246e-01 -6.587328e-01  7.057576e-01
   outer loop
     vertex  1.585039e+01 -2.602511e+01  1.512590e+02
     vertex  1.540403e+01 -2.592687e+01  1.511858e+02
     vertex  1.581762e+01 -2.609057e+01  1.511858e+02
   endloop
 endfacet
 facet normal -5.061673e-01 -8.229717e-01  2.578998e-01
   outer loop
     vertex  1.619650e+01 -2.632360e+01  1.511858e+02
     vertex  1.580562e+01 -2.611453e+01  1.510858e+02
     vertex  1.618053e+01 -2.634511e+01  1.510858e+02
   endloop
 endfacet
 facet normal -5.061673e-01 -8.229717e-01  2.578998e-01
   outer loop
     vertex  1.619650e+01 -2.632360e+01  1.511858e+02
     vertex  1.581762e+01 -2.609057e+01  1.511858e+02
     vertex  1.580562e+01 -2.611453e+01  1.510858e+02
   endloop
 endfacet
 facet normal -1.360757e-01 -2.212439e-01  9.656783e-01
   outer loop
     vertex  1.624014e+01 -2.626482e+01  1.512590e+02
     vertex  1.629975e+01 -2.618453e+01  1.512858e+02
     vertex  1.589516e+01 -2.593569e+01  1.512858e+02
   endloop
 endfacet
 facet normal -1.724270e-01 -1.942534e-01  9.656783e-01
   outer loop
     vertex  1.624014e+01 -2.626482e+01  1.512590e+02
     vertex  1.665499e+01 -2.649986e+01  1.512858e+02
     vertex  1.629975e+01 -2.618453e+01  1.512858e+02
   endloop
 endfacet
 facet normal -1.360757e-01 -2.212439e-01  9.656783e-01
   outer loop
     vertex  1.624014e+01 -2.626482e+01  1.512590e+02
     vertex  1.589516e+01 -2.593569e+01  1.512858e+02
     vertex  1.585039e+01 -2.602511e+01  1.512590e+02
   endloop
 endfacet
 facet normal -3.711514e-01 -6.034508e-01  7.057576e-01
   outer loop
     vertex  1.624014e+01 -2.626482e+01  1.512590e+02
     vertex  1.585039e+01 -2.602511e+01  1.512590e+02
     vertex  1.581762e+01 -2.609057e+01  1.511858e+02
   endloop
 endfacet
 facet normal -3.711514e-01 -6.034508e-01  7.057576e-01
   outer loop
     vertex  1.624014e+01 -2.626482e+01  1.512590e+02
     vertex  1.581762e+01 -2.609057e+01  1.511858e+02
     vertex  1.619650e+01 -2.632360e+01  1.511858e+02
   endloop
 endfacet
 facet normal -6.413850e-01 -7.225738e-01  2.578998e-01
   outer loop
     vertex  1.652916e+01 -2.661888e+01  1.511858e+02
     vertex  1.618053e+01 -2.634511e+01  1.510858e+02
     vertex  1.650969e+01 -2.663729e+01  1.510858e+02
   endloop
 endfacet
 facet normal -6.413850e-01 -7.225738e-01  2.578998e-01
   outer loop
     vertex  1.652916e+01 -2.661888e+01  1.511858e+02
     vertex  1.619650e+01 -2.632360e+01  1.511858e+02
     vertex  1.618053e+01 -2.634511e+01  1.510858e+02
   endloop
 endfacet
 facet normal -1.724270e-01 -1.942534e-01  9.656783e-01
   outer loop
     vertex  1.658234e+01 -2.656857e+01  1.512590e+02
     vertex  1.665499e+01 -2.649986e+01  1.512858e+02
     vertex  1.624014e+01 -2.626482e+01  1.512590e+02
   endloop
 endfacet
 facet normal -4.703009e-01 -5.298333e-01  7.057576e-01
   outer loop
     vertex  1.658234e+01 -2.656857e+01  1.512590e+02
     vertex  1.624014e+01 -2.626482e+01  1.512590e+02
     vertex  1.619650e+01 -2.632360e+01  1.511858e+02
   endloop
 endfacet
 facet normal -4.703009e-01 -5.298333e-01  7.057576e-01
   outer loop
     vertex  1.658234e+01 -2.656857e+01  1.512590e+02
     vertex  1.619650e+01 -2.632360e+01  1.511858e+02
     vertex  1.652916e+01 -2.661888e+01  1.511858e+02
   endloop
 endfacet
 facet normal -7.571146e-01 -6.002210e-01  2.578998e-01
   outer loop
     vertex  1.680549e+01 -2.696744e+01  1.511858e+02
     vertex  1.650969e+01 -2.663729e+01  1.510858e+02
     vertex  1.678312e+01 -2.698219e+01  1.510858e+02
   endloop
 endfacet
 facet normal -7.571146e-01 -6.002210e-01  2.578998e-01
   outer loop
     vertex  1.680549e+01 -2.696744e+01  1.511858e+02
     vertex  1.652916e+01 -2.661888e+01  1.511858e+02
     vertex  1.650969e+01 -2.663729e+01  1.510858e+02
   endloop
 endfacet
 facet normal -2.035392e-01 -1.613606e-01  9.656783e-01
   outer loop
     vertex  1.686660e+01 -2.692714e+01  1.512590e+02
     vertex  1.695008e+01 -2.687208e+01  1.512858e+02
     vertex  1.665499e+01 -2.649986e+01  1.512858e+02
   endloop
 endfacet
 facet normal -5.551606e-01 -4.401170e-01  7.057576e-01
   outer loop
     vertex  1.686660e+01 -2.692714e+01  1.512590e+02
     vertex  1.658234e+01 -2.656857e+01  1.512590e+02
     vertex  1.652916e+01 -2.661888e+01  1.511858e+02
   endloop
 endfacet
 facet normal -2.035392e-01 -1.613606e-01  9.656783e-01
   outer loop
     vertex  1.686660e+01 -2.692714e+01  1.512590e+02
     vertex  1.665499e+01 -2.649986e+01  1.512858e+02
     vertex  1.658234e+01 -2.656857e+01  1.512590e+02
   endloop
 endfacet
 facet normal -5.551606e-01 -4.401170e-01  7.057576e-01
   outer loop
     vertex  1.686660e+01 -2.692714e+01  1.512590e+02
     vertex  1.652916e+01 -2.661888e+01  1.511858e+02
     vertex  1.680549e+01 -2.696744e+01  1.511858e+02
   endloop
 endfacet
 facet normal -8.498396e-01 -4.596307e-01  2.578998e-01
   outer loop
     vertex  1.701709e+01 -2.735869e+01  1.511858e+02
     vertex  1.678312e+01 -2.698219e+01  1.510858e+02
     vertex  1.699250e+01 -2.736933e+01  1.510858e+02
   endloop
 endfacet
 facet normal -8.498396e-01 -4.596307e-01  2.578998e-01
   outer loop
     vertex  1.701709e+01 -2.735869e+01  1.511858e+02
     vertex  1.680549e+01 -2.696744e+01  1.511858e+02
     vertex  1.678312e+01 -2.698219e+01  1.510858e+02
   endloop
 endfacet
 facet normal -6.231520e-01 -3.370280e-01  7.057576e-01
   outer loop
     vertex  1.708428e+01 -2.732961e+01  1.512590e+02
     vertex  1.680549e+01 -2.696744e+01  1.511858e+02
     vertex  1.701709e+01 -2.735869e+01  1.511858e+02
   endloop
 endfacet
 facet normal -2.284669e-01 -1.235650e-01  9.656783e-01
   outer loop
     vertex  1.708428e+01 -2.732961e+01  1.512590e+02
     vertex  1.717605e+01 -2.728988e+01  1.512858e+02
     vertex  1.695008e+01 -2.687208e+01  1.512858e+02
   endloop
 endfacet
 facet normal -2.284669e-01 -1.235650e-01  9.656783e-01
   outer loop
     vertex  1.708428e+01 -2.732961e+01  1.512590e+02
     vertex  1.695008e+01 -2.687208e+01  1.512858e+02
     vertex  1.686660e+01 -2.692714e+01  1.512590e+02
   endloop
 endfacet
 facet normal -6.231520e-01 -3.370280e-01  7.057576e-01
   outer loop
     vertex  1.708428e+01 -2.732961e+01  1.512590e+02
     vertex  1.686660e+01 -2.692714e+01  1.512590e+02
     vertex  1.680549e+01 -2.696744e+01  1.511858e+02
   endloop
 endfacet
 facet normal -9.167426e-01 -3.050748e-01  2.578998e-01
   outer loop
     vertex  1.715754e+01 -2.778074e+01  1.511858e+02
     vertex  1.699250e+01 -2.736933e+01  1.510858e+02
     vertex  1.713148e+01 -2.778695e+01  1.510858e+02
   endloop
 endfacet
 facet normal -9.167426e-01 -3.050748e-01  2.578998e-01
   outer loop
     vertex  1.715754e+01 -2.778074e+01  1.511858e+02
     vertex  1.701709e+01 -2.735869e+01  1.511858e+02
     vertex  1.699250e+01 -2.736933e+01  1.510858e+02
   endloop
 endfacet
 facet normal -6.722092e-01 -2.236986e-01  7.057576e-01
   outer loop
     vertex  1.722876e+01 -2.776377e+01  1.512590e+02
     vertex  1.701709e+01 -2.735869e+01  1.511858e+02
     vertex  1.715754e+01 -2.778074e+01  1.511858e+02
   endloop
 endfacet
 facet normal -2.464528e-01 -8.201489e-02  9.656783e-01
   outer loop
     vertex  1.722876e+01 -2.776377e+01  1.512590e+02
     vertex  1.732603e+01 -2.774058e+01  1.512858e+02
     vertex  1.717605e+01 -2.728988e+01  1.512858e+02
   endloop
 endfacet
 facet normal -2.569504e-01 -3.797281e-02  9.656783e-01
   outer loop
     vertex  1.722876e+01 -2.776377e+01  1.512590e+02
     vertex  1.739547e+01 -2.821048e+01  1.512858e+02
     vertex  1.732603e+01 -2.774058e+01  1.512858e+02
   endloop
 endfacet
 facet normal -2.464528e-01 -8.201489e-02  9.656783e-01
   outer loop
     vertex  1.722876e+01 -2.776377e+01  1.512590e+02
     vertex  1.717605e+01 -2.728988e+01  1.512858e+02
     vertex  1.708428e+01 -2.732961e+01  1.512590e+02
   endloop
 endfacet
 facet normal -6.722092e-01 -2.236986e-01  7.057576e-01
   outer loop
     vertex  1.722876e+01 -2.776377e+01  1.512590e+02
     vertex  1.708428e+01 -2.732961e+01  1.512590e+02
     vertex  1.701709e+01 -2.735869e+01  1.511858e+02
   endloop
 endfacet
 facet normal -9.557909e-01 -1.412493e-01  2.578998e-01
   outer loop
     vertex  1.722257e+01 -2.822077e+01  1.511858e+02
     vertex  1.713148e+01 -2.778695e+01  1.510858e+02
     vertex  1.719583e+01 -2.822236e+01  1.510858e+02
   endloop
 endfacet
 facet normal -9.657980e-01  2.686793e-02  2.578998e-01
   outer loop
     vertex  1.722257e+01 -2.822077e+01  1.511858e+02
     vertex  1.719583e+01 -2.822236e+01  1.510858e+02
     vertex  1.721020e+01 -2.866540e+01  1.511858e+02
   endloop
 endfacet
 facet normal -9.557909e-01 -1.412493e-01  2.578998e-01
   outer loop
     vertex  1.722257e+01 -2.822077e+01  1.511858e+02
     vertex  1.715754e+01 -2.778074e+01  1.511858e+02
     vertex  1.713148e+01 -2.778695e+01  1.510858e+02
   endloop
 endfacet
 facet normal -7.081795e-01  1.970113e-02  7.057576e-01
   outer loop
     vertex  1.729565e+01 -2.821642e+01  1.512590e+02
     vertex  1.722257e+01 -2.822077e+01  1.511858e+02
     vertex  1.721020e+01 -2.866540e+01  1.511858e+02
   endloop
 endfacet
 facet normal -7.081795e-01  1.970113e-02  7.057576e-01
   outer loop
     vertex  1.729565e+01 -2.821642e+01  1.512590e+02
     vertex  1.721020e+01 -2.866540e+01  1.511858e+02
     vertex  1.728292e+01 -2.867381e+01  1.512590e+02
   endloop
 endfacet
 facet normal -2.596407e-01  7.223049e-03  9.656783e-01
   outer loop
     vertex  1.729565e+01 -2.821642e+01  1.512590e+02
     vertex  1.728292e+01 -2.867381e+01  1.512590e+02
     vertex  1.738226e+01 -2.868529e+01  1.512858e+02
   endloop
 endfacet
 facet normal -2.596407e-01  7.223049e-03  9.656783e-01
   outer loop
     vertex  1.729565e+01 -2.821642e+01  1.512590e+02
     vertex  1.738226e+01 -2.868529e+01  1.512858e+02
     vertex  1.739547e+01 -2.821048e+01  1.512858e+02
   endloop
 endfacet
 facet normal -7.008417e-01 -1.035722e-01  7.057576e-01
   outer loop
     vertex  1.729565e+01 -2.821642e+01  1.512590e+02
     vertex  1.722876e+01 -2.776377e+01  1.512590e+02
     vertex  1.715754e+01 -2.778074e+01  1.511858e+02
   endloop
 endfacet
 facet normal -2.569504e-01 -3.797281e-02  9.656783e-01
   outer loop
     vertex  1.729565e+01 -2.821642e+01  1.512590e+02
     vertex  1.739547e+01 -2.821048e+01  1.512858e+02
     vertex  1.722876e+01 -2.776377e+01  1.512590e+02
   endloop
 endfacet
 facet normal -7.008417e-01 -1.035722e-01  7.057576e-01
   outer loop
     vertex  1.729565e+01 -2.821642e+01  1.512590e+02
     vertex  1.715754e+01 -2.778074e+01  1.511858e+02
     vertex  1.722257e+01 -2.822077e+01  1.511858e+02
   endloop
 endfacet
 facet normal -9.795980e-01  2.009672e-01  0.000000e+00
   outer loop
     vertex  1.709513e+01 -2.909348e+01  1.474858e+02
     vertex  1.718359e+01 -2.866233e+01  1.510858e+02
     vertex  1.718359e+01 -2.866233e+01  1.474858e+02
   endloop
 endfacet
 facet normal -9.795980e-01  2.009672e-01  1.983275e-16
   outer loop
     vertex  1.709513e+01 -2.909348e+01  1.474858e+02
     vertex  1.709513e+01 -2.909348e+01  1.510858e+02
     vertex  1.718359e+01 -2.866233e+01  1.510858e+02
   endloop
 endfacet
 facet normal -9.298181e-01  3.680195e-01  3.631855e-16
   outer loop
     vertex  1.693315e+01 -2.950273e+01  1.474858e+02
     vertex  1.693315e+01 -2.950273e+01  1.510858e+02
     vertex  1.709513e+01 -2.909348e+01  1.510858e+02
   endloop
 endfacet
 facet normal -9.298181e-01  3.680195e-01  3.590990e-16
   outer loop
     vertex  1.693315e+01 -2.950273e+01  1.474858e+02
     vertex  1.709513e+01 -2.909348e+01  1.510858e+02
     vertex  1.709513e+01 -2.909348e+01  1.474858e+02
   endloop
 endfacet
 facet normal -8.517862e-01  5.238896e-01 -3.235896e-16
   outer loop
     vertex  1.670257e+01 -2.987763e+01  1.474858e+02
     vertex  1.670257e+01 -2.987763e+01  1.510858e+02
     vertex  1.693315e+01 -2.950273e+01  1.510858e+02
   endloop
 endfacet
 facet normal -8.517862e-01  5.238896e-01  5.167522e-16
   outer loop
     vertex  1.670257e+01 -2.987763e+01  1.474858e+02
     vertex  1.693315e+01 -2.950273e+01  1.510858e+02
     vertex  1.693315e+01 -2.950273e+01  1.474858e+02
   endloop
 endfacet
 facet normal -7.478731e-01  6.638417e-01 -7.380498e-16
   outer loop
     vertex  1.641039e+01 -3.020680e+01  1.474858e+02
     vertex  1.641039e+01 -3.020680e+01  1.510858e+02
     vertex  1.670257e+01 -2.987763e+01  1.510858e+02
   endloop
 endfacet
 facet normal -7.478731e-01  6.638417e-01 -8.758513e-17
   outer loop
     vertex  1.641039e+01 -3.020680e+01  1.474858e+02
     vertex  1.670257e+01 -2.987763e+01  1.510858e+02
     vertex  1.670257e+01 -2.987763e+01  1.474858e+02
   endloop
 endfacet
 facet normal -6.212364e-01  7.836232e-01  1.602539e-16
   outer loop
     vertex  1.606549e+01 -3.048023e+01  1.474858e+02
     vertex  1.606549e+01 -3.048023e+01  1.510858e+02
     vertex  1.641039e+01 -3.020680e+01  1.510858e+02
   endloop
 endfacet
 facet normal -6.212364e-01  7.836232e-01 -6.130959e-16
   outer loop
     vertex  1.606549e+01 -3.048023e+01  1.474858e+02
     vertex  1.641039e+01 -3.020680e+01  1.510858e+02
     vertex  1.641039e+01 -3.020680e+01  1.474858e+02
   endloop
 endfacet
 facet normal -4.757236e-01  8.795948e-01 -4.694750e-16
   outer loop
     vertex  1.567835e+01 -3.068961e+01  1.474858e+02
     vertex  1.567835e+01 -3.068961e+01  1.510858e+02
     vertex  1.606549e+01 -3.048023e+01  1.510858e+02
   endloop
 endfacet
 facet normal -4.757236e-01  8.795948e-01  4.028916e-16
   outer loop
     vertex  1.567835e+01 -3.068961e+01  1.474858e+02
     vertex  1.606549e+01 -3.048023e+01  1.510858e+02
     vertex  1.606549e+01 -3.048023e+01  1.474858e+02
   endloop
 endfacet
 facet normal -3.157563e-01  9.488403e-01 -3.116088e-16
   outer loop
     vertex  1.526073e+01 -3.082859e+01  1.474858e+02
     vertex  1.526073e+01 -3.082859e+01  1.510858e+02
     vertex  1.567835e+01 -3.068961e+01  1.510858e+02
   endloop
 endfacet
 facet normal -3.157563e-01  9.488403e-01 -3.109272e-16
   outer loop
     vertex  1.526073e+01 -3.082859e+01  1.474858e+02
     vertex  1.567835e+01 -3.068961e+01  1.510858e+02
     vertex  1.567835e+01 -3.068961e+01  1.474858e+02
   endloop
 endfacet
 facet normal -1.461949e-01  9.892558e-01 -1.442746e-16
   outer loop
     vertex  1.482532e+01 -3.089293e+01  1.474858e+02
     vertex  1.482532e+01 -3.089293e+01  1.510858e+02
     vertex  1.526073e+01 -3.082859e+01  1.510858e+02
   endloop
 endfacet
 facet normal -1.461949e-01  9.892558e-01 -1.445155e-16
   outer loop
     vertex  1.482532e+01 -3.089293e+01  1.474858e+02
     vertex  1.526073e+01 -3.082859e+01  1.510858e+02
     vertex  1.526073e+01 -3.082859e+01  1.474858e+02
   endloop
 endfacet
 facet normal  2.780865e-02  9.996133e-01  2.744338e-17
   outer loop
     vertex  1.438535e+01 -3.088069e+01  1.474858e+02
     vertex  1.438535e+01 -3.088069e+01  1.510858e+02
     vertex  1.482532e+01 -3.089293e+01  1.510858e+02
   endloop
 endfacet
 facet normal  2.780865e-02  9.996133e-01  2.737035e-17
   outer loop
     vertex  1.438535e+01 -3.088069e+01  1.474858e+02
     vertex  1.482532e+01 -3.089293e+01  1.510858e+02
     vertex  1.482532e+01 -3.089293e+01  1.474858e+02
   endloop
 endfacet
 facet normal  2.009672e-01  9.795980e-01 -6.692397e-16
   outer loop
     vertex  1.395420e+01 -3.079224e+01  1.474858e+02
     vertex  1.395420e+01 -3.079224e+01  1.510858e+02
     vertex  1.438535e+01 -3.088069e+01  1.510858e+02
   endloop
 endfacet
 facet normal  2.009672e-01  9.795980e-01  1.970665e-16
   outer loop
     vertex  1.395420e+01 -3.079224e+01  1.474858e+02
     vertex  1.438535e+01 -3.088069e+01  1.510858e+02
     vertex  1.438535e+01 -3.088069e+01  1.474858e+02
   endloop
 endfacet
 facet normal  3.680195e-01  9.298181e-01 -3.728266e-16
   outer loop
     vertex  1.354495e+01 -3.063026e+01  1.474858e+02
     vertex  1.354495e+01 -3.063026e+01  1.510858e+02
     vertex  1.395420e+01 -3.079224e+01  1.510858e+02
   endloop
 endfacet
 facet normal  3.680195e-01  9.298181e-01 -3.766160e-16
   outer loop
     vertex  1.354495e+01 -3.063026e+01  1.474858e+02
     vertex  1.395420e+01 -3.079224e+01  1.510858e+02
     vertex  1.395420e+01 -3.079224e+01  1.474858e+02
   endloop
 endfacet
 facet normal  5.238896e-01  8.517862e-01 -9.056833e-16
   outer loop
     vertex  1.317005e+01 -3.039968e+01  1.474858e+02
     vertex  1.317005e+01 -3.039968e+01  1.510858e+02
     vertex  1.354495e+01 -3.063026e+01  1.510858e+02
   endloop
 endfacet
 facet normal  5.238896e-01  8.517862e-01 -7.006810e-17
   outer loop
     vertex  1.317005e+01 -3.039968e+01  1.474858e+02
     vertex  1.354495e+01 -3.063026e+01  1.510858e+02
     vertex  1.354495e+01 -3.063026e+01  1.474858e+02
   endloop
 endfacet
 facet normal  6.638417e-01  7.478731e-01 -8.292769e-17
   outer loop
     vertex  1.284088e+01 -3.010750e+01  1.474858e+02
     vertex  1.284088e+01 -3.010750e+01  1.510858e+02
     vertex  1.317005e+01 -3.039968e+01  1.510858e+02
   endloop
 endfacet
 facet normal  6.638417e-01  7.478731e-01 -4.904767e-16
   outer loop
     vertex  1.284088e+01 -3.010750e+01  1.474858e+02
     vertex  1.317005e+01 -3.039968e+01  1.510858e+02
     vertex  1.317005e+01 -3.039968e+01  1.474858e+02
   endloop
 endfacet
 facet normal  7.836232e-01  6.212364e-01 -6.615732e-17
   outer loop
     vertex  1.256745e+01 -2.976260e+01  1.474858e+02
     vertex  1.256745e+01 -2.976260e+01  1.510858e+02
     vertex  1.284088e+01 -3.010750e+01  1.510858e+02
   endloop
 endfacet
 facet normal  7.836232e-01  6.212364e-01  1.576532e-16
   outer loop
     vertex  1.256745e+01 -2.976260e+01  1.474858e+02
     vertex  1.284088e+01 -3.010750e+01  1.510858e+02
     vertex  1.284088e+01 -3.010750e+01  1.474858e+02
   endloop
 endfacet
 facet normal  8.795948e-01  4.757236e-01  3.590990e-16
   outer loop
     vertex  1.235807e+01 -2.937546e+01  1.474858e+02
     vertex  1.256745e+01 -2.976260e+01  1.510858e+02
     vertex  1.256745e+01 -2.976260e+01  1.474858e+02
   endloop
 endfacet
 facet normal  8.795948e-01  4.757236e-01 -7.090868e-17
   outer loop
     vertex  1.235807e+01 -2.937546e+01  1.474858e+02
     vertex  1.235807e+01 -2.937546e+01  1.510858e+02
     vertex  1.256745e+01 -2.976260e+01  1.510858e+02
   endloop
 endfacet
 facet normal  9.488403e-01  3.157563e-01  3.153065e-16
   outer loop
     vertex  1.221909e+01 -2.895784e+01  1.474858e+02
     vertex  1.235807e+01 -2.937546e+01  1.510858e+02
     vertex  1.235807e+01 -2.937546e+01  1.474858e+02
   endloop
 endfacet
 facet normal  9.488403e-01  3.157563e-01 -4.666378e-16
   outer loop
     vertex  1.221909e+01 -2.895784e+01  1.474858e+02
     vertex  1.221909e+01 -2.895784e+01  1.510858e+02
     vertex  1.235807e+01 -2.937546e+01  1.510858e+02
   endloop
 endfacet
 facet normal  9.892558e-01  1.461949e-01  5.474070e-17
   outer loop
     vertex  1.215475e+01 -2.852243e+01  1.474858e+02
     vertex  1.221909e+01 -2.895784e+01  1.510858e+02
     vertex  1.221909e+01 -2.895784e+01  1.474858e+02
   endloop
 endfacet
 facet normal  9.892558e-01  1.461949e-01 -2.885491e-16
   outer loop
     vertex  1.215475e+01 -2.852243e+01  1.474858e+02
     vertex  1.215475e+01 -2.852243e+01  1.510858e+02
     vertex  1.221909e+01 -2.895784e+01  1.510858e+02
   endloop
 endfacet
 facet normal  9.996133e-01 -2.780865e-02  5.474070e-17
   outer loop
     vertex  1.216699e+01 -2.808246e+01  1.474858e+02
     vertex  1.215475e+01 -2.852243e+01  1.510858e+02
     vertex  1.215475e+01 -2.852243e+01  1.474858e+02
   endloop
 endfacet
 facet normal  9.996133e-01 -2.780865e-02  0.000000e+00
   outer loop
     vertex  1.216699e+01 -2.808246e+01  1.474858e+02
     vertex  1.216699e+01 -2.808246e+01  1.510858e+02
     vertex  1.215475e+01 -2.852243e+01  1.510858e+02
   endloop
 endfacet
 facet normal -2.632997e-02 -1.283432e-01 -9.913802e-01
   outer loop
     vertex -4.422620e+01 -2.602515e+01  1.472858e+02
     vertex -4.345780e+01 -2.618279e+01  1.472858e+02
     vertex -4.347266e+01 -2.631134e+01  1.473029e+02
   endloop
 endfacet
 facet normal -9.911256e-01  2.757252e-02 -1.300379e-01
   outer loop
     vertex -4.789109e+01 -2.114038e+01  1.476564e+02
     vertex -4.793225e+01 -2.200965e+01  1.477858e+02
     vertex -4.790802e+01 -2.113843e+01  1.477858e+02
   endloop
 endfacet
 facet normal -1.992608e-01 -9.712802e-01 -1.300379e-01
   outer loop
     vertex -4.436412e+01 -2.648800e+01  1.476564e+02
     vertex -4.351521e+01 -2.667948e+01  1.477858e+02
     vertex -4.436899e+01 -2.650433e+01  1.477858e+02
   endloop
 endfacet
 facet normal -1.992608e-01 -9.712802e-01 -1.300379e-01
   outer loop
     vertex -4.436412e+01 -2.648800e+01  1.476564e+02
     vertex -4.351325e+01 -2.666256e+01  1.476564e+02
     vertex -4.351521e+01 -2.667948e+01  1.477858e+02
   endloop
 endfacet
 facet normal -1.857728e-01 -9.055343e-01 -3.814394e-01
   outer loop
     vertex -4.434986e+01 -2.644013e+01  1.475358e+02
     vertex -4.350752e+01 -2.661294e+01  1.475358e+02
     vertex -4.351325e+01 -2.666256e+01  1.476564e+02
   endloop
 endfacet
 facet normal -1.857728e-01 -9.055343e-01 -3.814394e-01
   outer loop
     vertex -4.434986e+01 -2.644013e+01  1.475358e+02
     vertex -4.351325e+01 -2.666256e+01  1.476564e+02
     vertex -4.436412e+01 -2.648800e+01  1.476564e+02
   endloop
 endfacet
 facet normal -1.596629e-01 -7.782635e-01 -6.073003e-01
   outer loop
     vertex -4.432716e+01 -2.636398e+01  1.474323e+02
     vertex -4.349839e+01 -2.653400e+01  1.474323e+02
     vertex -4.350752e+01 -2.661294e+01  1.475358e+02
   endloop
 endfacet
 facet normal -1.596629e-01 -7.782635e-01 -6.073003e-01
   outer loop
     vertex -4.432716e+01 -2.636398e+01  1.474323e+02
     vertex -4.350752e+01 -2.661294e+01  1.475358e+02
     vertex -4.434986e+01 -2.644013e+01  1.475358e+02
   endloop
 endfacet
 facet normal -1.226346e-01 -5.977722e-01 -7.922305e-01
   outer loop
     vertex -4.429759e+01 -2.626474e+01  1.473528e+02
     vertex -4.348650e+01 -2.643114e+01  1.473528e+02
     vertex -4.349839e+01 -2.653400e+01  1.474323e+02
   endloop
 endfacet
 facet normal -1.226346e-01 -5.977722e-01 -7.922305e-01
   outer loop
     vertex -4.429759e+01 -2.626474e+01  1.473528e+02
     vertex -4.349839e+01 -2.653400e+01  1.474323e+02
     vertex -4.432716e+01 -2.636398e+01  1.474323e+02
   endloop
 endfacet
 facet normal -7.715735e-02 -3.760971e-01 -9.233622e-01
   outer loop
     vertex -4.426315e+01 -2.614917e+01  1.473029e+02
     vertex -4.347266e+01 -2.631134e+01  1.473029e+02
     vertex -4.348650e+01 -2.643114e+01  1.473528e+02
   endloop
 endfacet
 facet normal -7.715735e-02 -3.760971e-01 -9.233622e-01
   outer loop
     vertex -4.426315e+01 -2.614917e+01  1.473029e+02
     vertex -4.348650e+01 -2.643114e+01  1.473528e+02
     vertex -4.429759e+01 -2.626474e+01  1.473528e+02
   endloop
 endfacet
 facet normal -2.632997e-02 -1.283432e-01 -9.913802e-01
   outer loop
     vertex -4.426315e+01 -2.614917e+01  1.473029e+02
     vertex -4.422620e+01 -2.602515e+01  1.472858e+02
     vertex -4.347266e+01 -2.631134e+01  1.473029e+02
   endloop
 endfacet
 facet normal -3.648946e-01 -9.219230e-01 -1.300379e-01
   outer loop
     vertex -4.517175e+01 -2.616834e+01  1.476564e+02
     vertex -4.436899e+01 -2.650433e+01  1.477858e+02
     vertex -4.517938e+01 -2.618358e+01  1.477858e+02
   endloop
 endfacet
 facet normal -3.648946e-01 -9.219230e-01 -1.300379e-01
   outer loop
     vertex -4.517175e+01 -2.616834e+01  1.476564e+02
     vertex -4.436412e+01 -2.648800e+01  1.476564e+02
     vertex -4.436899e+01 -2.650433e+01  1.477858e+02
   endloop
 endfacet
 facet normal -3.401949e-01 -8.595181e-01 -3.814394e-01
   outer loop
     vertex -4.514939e+01 -2.612368e+01  1.475358e+02
     vertex -4.436412e+01 -2.648800e+01  1.476564e+02
     vertex -4.517175e+01 -2.616834e+01  1.476564e+02
   endloop
 endfacet
 facet normal -3.401949e-01 -8.595181e-01 -3.814394e-01
   outer loop
     vertex -4.514939e+01 -2.612368e+01  1.475358e+02
     vertex -4.434986e+01 -2.644013e+01  1.475358e+02
     vertex -4.436412e+01 -2.648800e+01  1.476564e+02
   endloop
 endfacet
 facet normal -2.923813e-01 -7.387148e-01 -6.073003e-01
   outer loop
     vertex -4.511382e+01 -2.605262e+01  1.474323e+02
     vertex -4.432716e+01 -2.636398e+01  1.474323e+02
     vertex -4.434986e+01 -2.644013e+01  1.475358e+02
   endloop
 endfacet
 facet normal -2.923813e-01 -7.387148e-01 -6.073003e-01
   outer loop
     vertex -4.511382e+01 -2.605262e+01  1.474323e+02
     vertex -4.434986e+01 -2.644013e+01  1.475358e+02
     vertex -4.514939e+01 -2.612368e+01  1.475358e+02
   endloop
 endfacet
 facet normal -2.245735e-01 -5.673954e-01 -7.922305e-01
   outer loop
     vertex -4.506746e+01 -2.596003e+01  1.473528e+02
     vertex -4.429759e+01 -2.626474e+01  1.473528e+02
     vertex -4.432716e+01 -2.636398e+01  1.474323e+02
   endloop
 endfacet
 facet normal -2.245735e-01 -5.673954e-01 -7.922305e-01
   outer loop
     vertex -4.506746e+01 -2.596003e+01  1.473528e+02
     vertex -4.432716e+01 -2.636398e+01  1.474323e+02
     vertex -4.511382e+01 -2.605262e+01  1.474323e+02
   endloop
 endfacet
 facet normal -4.821652e-02 -1.218213e-01 -9.913802e-01
   outer loop
     vertex -4.501348e+01 -2.585219e+01  1.473029e+02
     vertex -4.495555e+01 -2.573647e+01  1.472858e+02
     vertex -4.422620e+01 -2.602515e+01  1.472858e+02
   endloop
 endfacet
 facet normal -4.821652e-02 -1.218213e-01 -9.913802e-01
   outer loop
     vertex -4.501348e+01 -2.585219e+01  1.473029e+02
     vertex -4.422620e+01 -2.602515e+01  1.472858e+02
     vertex -4.426315e+01 -2.614917e+01  1.473029e+02
   endloop
 endfacet
 facet normal -1.412937e-01 -3.569852e-01 -9.233622e-01
   outer loop
     vertex -4.501348e+01 -2.585219e+01  1.473029e+02
     vertex -4.429759e+01 -2.626474e+01  1.473528e+02
     vertex -4.506746e+01 -2.596003e+01  1.473528e+02
   endloop
 endfacet
 facet normal -1.412937e-01 -3.569852e-01 -9.233622e-01
   outer loop
     vertex -4.501348e+01 -2.585219e+01  1.473029e+02
     vertex -4.426315e+01 -2.614917e+01  1.473029e+02
     vertex -4.429759e+01 -2.626474e+01  1.473528e+02
   endloop
 endfacet
 facet normal -5.194413e-01 -8.445537e-01 -1.300379e-01
   outer loop
     vertex -4.591160e+01 -2.571330e+01  1.476564e+02
     vertex -4.517938e+01 -2.618358e+01  1.477858e+02
     vertex -4.592176e+01 -2.572698e+01  1.477858e+02
   endloop
 endfacet
 facet normal -5.194413e-01 -8.445537e-01 -1.300379e-01
   outer loop
     vertex -4.591160e+01 -2.571330e+01  1.476564e+02
     vertex -4.517175e+01 -2.616834e+01  1.476564e+02
     vertex -4.517938e+01 -2.618358e+01  1.477858e+02
   endloop
 endfacet
 facet normal -4.842803e-01 -7.873859e-01 -3.814394e-01
   outer loop
     vertex -4.588182e+01 -2.567319e+01  1.475358e+02
     vertex -4.517175e+01 -2.616834e+01  1.476564e+02
     vertex -4.591160e+01 -2.571330e+01  1.476564e+02
   endloop
 endfacet
 facet normal -4.842803e-01 -7.873859e-01 -3.814394e-01
   outer loop
     vertex -4.588182e+01 -2.567319e+01  1.475358e+02
     vertex -4.514939e+01 -2.612368e+01  1.475358e+02
     vertex -4.517175e+01 -2.616834e+01  1.476564e+02
   endloop
 endfacet
 facet normal -4.162158e-01 -6.767206e-01 -6.073003e-01
   outer loop
     vertex -4.583446e+01 -2.560940e+01  1.474323e+02
     vertex -4.514939e+01 -2.612368e+01  1.475358e+02
     vertex -4.588182e+01 -2.567319e+01  1.475358e+02
   endloop
 endfacet
 facet normal -4.162158e-01 -6.767206e-01 -6.073003e-01
   outer loop
     vertex -4.583446e+01 -2.560940e+01  1.474323e+02
     vertex -4.511382e+01 -2.605262e+01  1.474323e+02
     vertex -4.514939e+01 -2.612368e+01  1.475358e+02
   endloop
 endfacet
 facet normal -3.196889e-01 -5.197786e-01 -7.922305e-01
   outer loop
     vertex -4.577272e+01 -2.552626e+01  1.473528e+02
     vertex -4.506746e+01 -2.596003e+01  1.473528e+02
     vertex -4.511382e+01 -2.605262e+01  1.474323e+02
   endloop
 endfacet
 facet normal -3.196889e-01 -5.197786e-01 -7.922305e-01
   outer loop
     vertex -4.577272e+01 -2.552626e+01  1.473528e+02
     vertex -4.511382e+01 -2.605262e+01  1.474323e+02
     vertex -4.583446e+01 -2.560940e+01  1.474323e+02
   endloop
 endfacet
 facet normal -6.863805e-02 -1.115978e-01 -9.913802e-01
   outer loop
     vertex -4.570084e+01 -2.542944e+01  1.473029e+02
     vertex -4.562369e+01 -2.532553e+01  1.472858e+02
     vertex -4.495555e+01 -2.573647e+01  1.472858e+02
   endloop
 endfacet
 facet normal -2.011370e-01 -3.270263e-01 -9.233622e-01
   outer loop
     vertex -4.570084e+01 -2.542944e+01  1.473029e+02
     vertex -4.501348e+01 -2.585219e+01  1.473029e+02
     vertex -4.506746e+01 -2.596003e+01  1.473528e+02
   endloop
 endfacet
 facet normal -6.863805e-02 -1.115978e-01 -9.913802e-01
   outer loop
     vertex -4.570084e+01 -2.542944e+01  1.473029e+02
     vertex -4.495555e+01 -2.573647e+01  1.472858e+02
     vertex -4.501348e+01 -2.585219e+01  1.473029e+02
   endloop
 endfacet
 facet normal -2.011370e-01 -3.270263e-01 -9.233622e-01
   outer loop
     vertex -4.570084e+01 -2.542944e+01  1.473029e+02
     vertex -4.506746e+01 -2.596003e+01  1.473528e+02
     vertex -4.577272e+01 -2.552626e+01  1.473528e+02
   endloop
 endfacet
 facet normal -6.582050e-01 -7.415230e-01 -1.300379e-01
   outer loop
     vertex -4.656119e+01 -2.513669e+01  1.476564e+02
     vertex -4.592176e+01 -2.572698e+01  1.477858e+02
     vertex -4.657357e+01 -2.514840e+01  1.477858e+02
   endloop
 endfacet
 facet normal -6.582050e-01 -7.415230e-01 -1.300379e-01
   outer loop
     vertex -4.656119e+01 -2.513669e+01  1.476564e+02
     vertex -4.591160e+01 -2.571330e+01  1.476564e+02
     vertex -4.592176e+01 -2.572698e+01  1.477858e+02
   endloop
 endfacet
 facet normal -6.136512e-01 -6.913293e-01 -3.814394e-01
   outer loop
     vertex -4.652491e+01 -2.510237e+01  1.475358e+02
     vertex -4.591160e+01 -2.571330e+01  1.476564e+02
     vertex -4.656119e+01 -2.513669e+01  1.476564e+02
   endloop
 endfacet
 facet normal -6.136512e-01 -6.913293e-01 -3.814394e-01
   outer loop
     vertex -4.652491e+01 -2.510237e+01  1.475358e+02
     vertex -4.588182e+01 -2.567319e+01  1.475358e+02
     vertex -4.591160e+01 -2.571330e+01  1.476564e+02
   endloop
 endfacet
 facet normal -5.274039e-01 -5.941645e-01 -6.073003e-01
   outer loop
     vertex -4.646718e+01 -2.504777e+01  1.474323e+02
     vertex -4.588182e+01 -2.567319e+01  1.475358e+02
     vertex -4.652491e+01 -2.510237e+01  1.475358e+02
   endloop
 endfacet
 facet normal -5.274039e-01 -5.941645e-01 -6.073003e-01
   outer loop
     vertex -4.646718e+01 -2.504777e+01  1.474323e+02
     vertex -4.583446e+01 -2.560940e+01  1.474323e+02
     vertex -4.588182e+01 -2.567319e+01  1.475358e+02
   endloop
 endfacet
 facet normal -4.050908e-01 -4.563686e-01 -7.922305e-01
   outer loop
     vertex -4.639195e+01 -2.497661e+01  1.473528e+02
     vertex -4.583446e+01 -2.560940e+01  1.474323e+02
     vertex -4.646718e+01 -2.504777e+01  1.474323e+02
   endloop
 endfacet
 facet normal -4.050908e-01 -4.563686e-01 -7.922305e-01
   outer loop
     vertex -4.639195e+01 -2.497661e+01  1.473528e+02
     vertex -4.577272e+01 -2.552626e+01  1.473528e+02
     vertex -4.583446e+01 -2.560940e+01  1.474323e+02
   endloop
 endfacet
 facet normal -2.548688e-01 -2.871310e-01 -9.233622e-01
   outer loop
     vertex -4.630434e+01 -2.489374e+01  1.473029e+02
     vertex -4.570084e+01 -2.542944e+01  1.473029e+02
     vertex -4.577272e+01 -2.552626e+01  1.473528e+02
   endloop
 endfacet
 facet normal -2.548688e-01 -2.871310e-01 -9.233622e-01
   outer loop
     vertex -4.630434e+01 -2.489374e+01  1.473029e+02
     vertex -4.577272e+01 -2.552626e+01  1.473528e+02
     vertex -4.639195e+01 -2.497661e+01  1.473528e+02
   endloop
 endfacet
 facet normal -8.697404e-02 -9.798352e-02 -9.913802e-01
   outer loop
     vertex -4.630434e+01 -2.489374e+01  1.473029e+02
     vertex -4.621032e+01 -2.480482e+01  1.472858e+02
     vertex -4.562369e+01 -2.532553e+01  1.472858e+02
   endloop
 endfacet
 facet normal -8.697404e-02 -9.798352e-02 -9.913802e-01
   outer loop
     vertex -4.630434e+01 -2.489374e+01  1.473029e+02
     vertex -4.562369e+01 -2.532553e+01  1.472858e+02
     vertex -4.570084e+01 -2.542944e+01  1.473029e+02
   endloop
 endfacet
 facet normal -7.769695e-01 -6.159615e-01 -1.300379e-01
   outer loop
     vertex -4.710079e+01 -2.445605e+01  1.476564e+02
     vertex -4.657357e+01 -2.514840e+01  1.477858e+02
     vertex -4.711501e+01 -2.446543e+01  1.477858e+02
   endloop
 endfacet
 facet normal -7.769695e-01 -6.159615e-01 -1.300379e-01
   outer loop
     vertex -4.710079e+01 -2.445605e+01  1.476564e+02
     vertex -4.656119e+01 -2.513669e+01  1.476564e+02
     vertex -4.657357e+01 -2.514840e+01  1.477858e+02
   endloop
 endfacet
 facet normal -7.243765e-01 -5.742671e-01 -3.814394e-01
   outer loop
     vertex -4.705909e+01 -2.442855e+01  1.475358e+02
     vertex -4.652491e+01 -2.510237e+01  1.475358e+02
     vertex -4.656119e+01 -2.513669e+01  1.476564e+02
   endloop
 endfacet
 facet normal -7.243765e-01 -5.742671e-01 -3.814394e-01
   outer loop
     vertex -4.705909e+01 -2.442855e+01  1.475358e+02
     vertex -4.656119e+01 -2.513669e+01  1.476564e+02
     vertex -4.710079e+01 -2.445605e+01  1.476564e+02
   endloop
 endfacet
 facet normal -4.781841e-01 -3.790921e-01 -7.922305e-01
   outer loop
     vertex -4.699276e+01 -2.438480e+01  1.474323e+02
     vertex -4.639195e+01 -2.497661e+01  1.473528e+02
     vertex -4.646718e+01 -2.504777e+01  1.474323e+02
   endloop
 endfacet
 facet normal -6.225670e-01 -4.935551e-01 -6.073003e-01
   outer loop
     vertex -4.699276e+01 -2.438480e+01  1.474323e+02
     vertex -4.652491e+01 -2.510237e+01  1.475358e+02
     vertex -4.705909e+01 -2.442855e+01  1.475358e+02
   endloop
 endfacet
 facet normal -6.225670e-01 -4.935551e-01 -6.073003e-01
   outer loop
     vertex -4.699276e+01 -2.438480e+01  1.474323e+02
     vertex -4.646718e+01 -2.504777e+01  1.474323e+02
     vertex -4.652491e+01 -2.510237e+01  1.475358e+02
   endloop
 endfacet
 facet normal -4.781841e-01 -3.790921e-01 -7.922305e-01
   outer loop
     vertex -4.690632e+01 -2.432778e+01  1.473528e+02
     vertex -4.639195e+01 -2.497661e+01  1.473528e+02
     vertex -4.699276e+01 -2.438480e+01  1.474323e+02
   endloop
 endfacet
 facet normal -1.026674e-01 -8.139205e-02 -9.913802e-01
   outer loop
     vertex -4.680565e+01 -2.426139e+01  1.473029e+02
     vertex -4.621032e+01 -2.480482e+01  1.472858e+02
     vertex -4.630434e+01 -2.489374e+01  1.473029e+02
   endloop
 endfacet
 facet normal -1.026674e-01 -8.139205e-02 -9.913802e-01
   outer loop
     vertex -4.680565e+01 -2.426139e+01  1.473029e+02
     vertex -4.669762e+01 -2.419014e+01  1.472858e+02
     vertex -4.621032e+01 -2.480482e+01  1.472858e+02
   endloop
 endfacet
 facet normal -3.008565e-01 -2.385113e-01 -9.233622e-01
   outer loop
     vertex -4.680565e+01 -2.426139e+01  1.473029e+02
     vertex -4.639195e+01 -2.497661e+01  1.473528e+02
     vertex -4.690632e+01 -2.432778e+01  1.473528e+02
   endloop
 endfacet
 facet normal -3.008565e-01 -2.385113e-01 -9.233622e-01
   outer loop
     vertex -4.680565e+01 -2.426139e+01  1.473029e+02
     vertex -4.630434e+01 -2.489374e+01  1.473029e+02
     vertex -4.639195e+01 -2.497661e+01  1.473528e+02
   endloop
 endfacet
 facet normal -8.721262e-01 -4.716843e-01 -1.300379e-01
   outer loop
     vertex -4.751400e+01 -2.369204e+01  1.476564e+02
     vertex -4.711501e+01 -2.446543e+01  1.477858e+02
     vertex -4.752963e+01 -2.369881e+01  1.477858e+02
   endloop
 endfacet
 facet normal -8.721262e-01 -4.716843e-01 -1.300379e-01
   outer loop
     vertex -4.751400e+01 -2.369204e+01  1.476564e+02
     vertex -4.710079e+01 -2.445605e+01  1.476564e+02
     vertex -4.711501e+01 -2.446543e+01  1.477858e+02
   endloop
 endfacet
 facet normal -8.130920e-01 -4.397560e-01 -3.814394e-01
   outer loop
     vertex -4.746816e+01 -2.367220e+01  1.475358e+02
     vertex -4.705909e+01 -2.442855e+01  1.475358e+02
     vertex -4.710079e+01 -2.445605e+01  1.476564e+02
   endloop
 endfacet
 facet normal -8.130920e-01 -4.397560e-01 -3.814394e-01
   outer loop
     vertex -4.746816e+01 -2.367220e+01  1.475358e+02
     vertex -4.710079e+01 -2.445605e+01  1.476564e+02
     vertex -4.751400e+01 -2.369204e+01  1.476564e+02
   endloop
 endfacet
 facet normal -6.988138e-01 -3.779493e-01 -6.073003e-01
   outer loop
     vertex -4.739524e+01 -2.364063e+01  1.474323e+02
     vertex -4.699276e+01 -2.438480e+01  1.474323e+02
     vertex -4.705909e+01 -2.442855e+01  1.475358e+02
   endloop
 endfacet
 facet normal -6.988138e-01 -3.779493e-01 -6.073003e-01
   outer loop
     vertex -4.739524e+01 -2.364063e+01  1.474323e+02
     vertex -4.705909e+01 -2.442855e+01  1.475358e+02
     vertex -4.746816e+01 -2.367220e+01  1.475358e+02
   endloop
 endfacet
 facet normal -5.367480e-01 -2.902970e-01 -7.922305e-01
   outer loop
     vertex -4.730021e+01 -2.359950e+01  1.473528e+02
     vertex -4.690632e+01 -2.432778e+01  1.473528e+02
     vertex -4.699276e+01 -2.438480e+01  1.474323e+02
   endloop
 endfacet
 facet normal -3.377029e-01 -1.826446e-01 -9.233622e-01
   outer loop
     vertex -4.730021e+01 -2.359950e+01  1.473528e+02
     vertex -4.680565e+01 -2.426139e+01  1.473029e+02
     vertex -4.690632e+01 -2.432778e+01  1.473528e+02
   endloop
 endfacet
 facet normal -5.367480e-01 -2.902970e-01 -7.922305e-01
   outer loop
     vertex -4.730021e+01 -2.359950e+01  1.473528e+02
     vertex -4.699276e+01 -2.438480e+01  1.474323e+02
     vertex -4.739524e+01 -2.364063e+01  1.474323e+02
   endloop
 endfacet
 facet normal -1.152412e-01 -6.232752e-02 -9.913802e-01
   outer loop
     vertex -4.718954e+01 -2.355159e+01  1.473029e+02
     vertex -4.669762e+01 -2.419014e+01  1.472858e+02
     vertex -4.680565e+01 -2.426139e+01  1.473029e+02
   endloop
 endfacet
 facet normal -1.152412e-01 -6.232752e-02 -9.913802e-01
   outer loop
     vertex -4.718954e+01 -2.355159e+01  1.473029e+02
     vertex -4.707078e+01 -2.350019e+01  1.472858e+02
     vertex -4.669762e+01 -2.419014e+01  1.472858e+02
   endloop
 endfacet
 facet normal -3.377029e-01 -1.826446e-01 -9.233622e-01
   outer loop
     vertex -4.718954e+01 -2.355159e+01  1.473029e+02
     vertex -4.680565e+01 -2.426139e+01  1.473029e+02
     vertex -4.730021e+01 -2.359950e+01  1.473528e+02
   endloop
 endfacet
 facet normal -9.407837e-01 -3.130752e-01 -1.300379e-01
   outer loop
     vertex -4.778826e+01 -2.286789e+01  1.476564e+02
     vertex -4.752963e+01 -2.369881e+01  1.477858e+02
     vertex -4.780483e+01 -2.287184e+01  1.477858e+02
   endloop
 endfacet
 facet normal -9.407837e-01 -3.130752e-01 -1.300379e-01
   outer loop
     vertex -4.778826e+01 -2.286789e+01  1.476564e+02
     vertex -4.751400e+01 -2.369204e+01  1.476564e+02
     vertex -4.752963e+01 -2.369881e+01  1.477858e+02
   endloop
 endfacet
 facet normal -8.771021e-01 -2.918832e-01 -3.814394e-01
   outer loop
     vertex -4.773967e+01 -2.285631e+01  1.475358e+02
     vertex -4.746816e+01 -2.367220e+01  1.475358e+02
     vertex -4.751400e+01 -2.369204e+01  1.476564e+02
   endloop
 endfacet
 facet normal -8.771021e-01 -2.918832e-01 -3.814394e-01
   outer loop
     vertex -4.773967e+01 -2.285631e+01  1.475358e+02
     vertex -4.751400e+01 -2.369204e+01  1.476564e+02
     vertex -4.778826e+01 -2.286789e+01  1.476564e+02
   endloop
 endfacet
 facet normal -7.538274e-01 -2.508596e-01 -6.073003e-01
   outer loop
     vertex -4.766238e+01 -2.283789e+01  1.474323e+02
     vertex -4.739524e+01 -2.364063e+01  1.474323e+02
     vertex -4.746816e+01 -2.367220e+01  1.475358e+02
   endloop
 endfacet
 facet normal -7.538274e-01 -2.508596e-01 -6.073003e-01
   outer loop
     vertex -4.766238e+01 -2.283789e+01  1.474323e+02
     vertex -4.746816e+01 -2.367220e+01  1.475358e+02
     vertex -4.773967e+01 -2.285631e+01  1.475358e+02
   endloop
 endfacet
 facet normal -5.790032e-01 -1.926814e-01 -7.922305e-01
   outer loop
     vertex -4.756165e+01 -2.281388e+01  1.473528e+02
     vertex -4.730021e+01 -2.359950e+01  1.473528e+02
     vertex -4.739524e+01 -2.364063e+01  1.474323e+02
   endloop
 endfacet
 facet normal -3.642884e-01 -1.212283e-01 -9.233622e-01
   outer loop
     vertex -4.756165e+01 -2.281388e+01  1.473528e+02
     vertex -4.718954e+01 -2.355159e+01  1.473029e+02
     vertex -4.730021e+01 -2.359950e+01  1.473528e+02
   endloop
 endfacet
 facet normal -5.790032e-01 -1.926814e-01 -7.922305e-01
   outer loop
     vertex -4.756165e+01 -2.281388e+01  1.473528e+02
     vertex -4.739524e+01 -2.364063e+01  1.474323e+02
     vertex -4.766238e+01 -2.283789e+01  1.474323e+02
   endloop
 endfacet
 facet normal -1.243135e-01 -4.136920e-02 -9.913802e-01
   outer loop
     vertex -4.744434e+01 -2.278592e+01  1.473029e+02
     vertex -4.731846e+01 -2.275591e+01  1.472858e+02
     vertex -4.707078e+01 -2.350019e+01  1.472858e+02
   endloop
 endfacet
 facet normal -1.243135e-01 -4.136920e-02 -9.913802e-01
   outer loop
     vertex -4.744434e+01 -2.278592e+01  1.473029e+02
     vertex -4.707078e+01 -2.350019e+01  1.472858e+02
     vertex -4.718954e+01 -2.355159e+01  1.473029e+02
   endloop
 endfacet
 facet normal -3.642884e-01 -1.212283e-01 -9.233622e-01
   outer loop
     vertex -4.744434e+01 -2.278592e+01  1.473029e+02
     vertex -4.718954e+01 -2.355159e+01  1.473029e+02
     vertex -4.756165e+01 -2.281388e+01  1.473528e+02
   endloop
 endfacet
 facet normal -9.808561e-01 -1.449535e-01 -1.300379e-01
   outer loop
     vertex -4.791524e+01 -2.200864e+01  1.476564e+02
     vertex -4.780483e+01 -2.287184e+01  1.477858e+02
     vertex -4.793225e+01 -2.200965e+01  1.477858e+02
   endloop
 endfacet
 facet normal -9.808561e-01 -1.449535e-01 -1.300379e-01
   outer loop
     vertex -4.791524e+01 -2.200864e+01  1.476564e+02
     vertex -4.778826e+01 -2.286789e+01  1.476564e+02
     vertex -4.780483e+01 -2.287184e+01  1.477858e+02
   endloop
 endfacet
 facet normal -9.911256e-01  2.757252e-02 -1.300379e-01
   outer loop
     vertex -4.791524e+01 -2.200864e+01  1.476564e+02
     vertex -4.793225e+01 -2.200965e+01  1.477858e+02
     vertex -4.789109e+01 -2.114038e+01  1.476564e+02
   endloop
 endfacet
 facet normal -9.240363e-01  2.570614e-02 -3.814394e-01
   outer loop
     vertex -4.786538e+01 -2.200567e+01  1.475358e+02
     vertex -4.789109e+01 -2.114038e+01  1.476564e+02
     vertex -4.784147e+01 -2.114612e+01  1.475358e+02
   endloop
 endfacet
 facet normal -9.144620e-01 -1.351416e-01 -3.814394e-01
   outer loop
     vertex -4.786538e+01 -2.200567e+01  1.475358e+02
     vertex -4.773967e+01 -2.285631e+01  1.475358e+02
     vertex -4.778826e+01 -2.286789e+01  1.476564e+02
   endloop
 endfacet
 facet normal -9.240363e-01  2.570614e-02 -3.814394e-01
   outer loop
     vertex -4.786538e+01 -2.200567e+01  1.475358e+02
     vertex -4.791524e+01 -2.200864e+01  1.476564e+02
     vertex -4.789109e+01 -2.114038e+01  1.476564e+02
   endloop
 endfacet
 facet normal -9.144620e-01 -1.351416e-01 -3.814394e-01
   outer loop
     vertex -4.786538e+01 -2.200567e+01  1.475358e+02
     vertex -4.778826e+01 -2.286789e+01  1.476564e+02
     vertex -4.791524e+01 -2.200864e+01  1.476564e+02
   endloop
 endfacet
 facet normal -7.941651e-01  2.209320e-02 -6.073003e-01
   outer loop
     vertex -4.778606e+01 -2.200095e+01  1.474323e+02
     vertex -4.784147e+01 -2.114612e+01  1.475358e+02
     vertex -4.776254e+01 -2.115524e+01  1.474323e+02
   endloop
 endfacet
 facet normal -7.859364e-01 -1.161478e-01 -6.073003e-01
   outer loop
     vertex -4.778606e+01 -2.200095e+01  1.474323e+02
     vertex -4.766238e+01 -2.283789e+01  1.474323e+02
     vertex -4.773967e+01 -2.285631e+01  1.475358e+02
   endloop
 endfacet
 facet normal -7.859364e-01 -1.161478e-01 -6.073003e-01
   outer loop
     vertex -4.778606e+01 -2.200095e+01  1.474323e+02
     vertex -4.773967e+01 -2.285631e+01  1.475358e+02
     vertex -4.786538e+01 -2.200567e+01  1.475358e+02
   endloop
 endfacet
 facet normal -7.941651e-01  2.209320e-02 -6.073003e-01
   outer loop
     vertex -4.778606e+01 -2.200095e+01  1.474323e+02
     vertex -4.786538e+01 -2.200567e+01  1.475358e+02
     vertex -4.784147e+01 -2.114612e+01  1.475358e+02
   endloop
 endfacet
 facet normal -6.099859e-01  1.696945e-02 -7.922305e-01
   outer loop
     vertex -4.768269e+01 -2.199479e+01  1.473528e+02
     vertex -4.776254e+01 -2.115524e+01  1.474323e+02
     vertex -4.765967e+01 -2.116713e+01  1.473528e+02
   endloop
 endfacet
 facet normal -3.837816e-01  1.067658e-02 -9.233622e-01
   outer loop
     vertex -4.768269e+01 -2.199479e+01  1.473528e+02
     vertex -4.765967e+01 -2.116713e+01  1.473528e+02
     vertex -4.753988e+01 -2.118098e+01  1.473029e+02
   endloop
 endfacet
 facet normal -6.036656e-01 -8.921131e-02 -7.922305e-01
   outer loop
     vertex -4.768269e+01 -2.199479e+01  1.473528e+02
     vertex -4.756165e+01 -2.281388e+01  1.473528e+02
     vertex -4.766238e+01 -2.283789e+01  1.474323e+02
   endloop
 endfacet
 facet normal -6.036656e-01 -8.921131e-02 -7.922305e-01
   outer loop
     vertex -4.768269e+01 -2.199479e+01  1.473528e+02
     vertex -4.766238e+01 -2.283789e+01  1.474323e+02
     vertex -4.778606e+01 -2.200095e+01  1.474323e+02
   endloop
 endfacet
 facet normal -6.099859e-01  1.696945e-02 -7.922305e-01
   outer loop
     vertex -4.768269e+01 -2.199479e+01  1.473528e+02
     vertex -4.778606e+01 -2.200095e+01  1.474323e+02
     vertex -4.776254e+01 -2.115524e+01  1.474323e+02
   endloop
 endfacet
 facet normal -1.309656e-01  3.643384e-03 -9.913802e-01
   outer loop
     vertex -4.756232e+01 -2.198763e+01  1.473029e+02
     vertex -4.753988e+01 -2.118098e+01  1.473029e+02
     vertex -4.741132e+01 -2.119584e+01  1.472858e+02
   endloop
 endfacet
 facet normal -1.296086e-01 -1.915390e-02 -9.913802e-01
   outer loop
     vertex -4.756232e+01 -2.198763e+01  1.473029e+02
     vertex -4.743314e+01 -2.197994e+01  1.472858e+02
     vertex -4.731846e+01 -2.275591e+01  1.472858e+02
   endloop
 endfacet
 facet normal -1.309656e-01  3.643384e-03 -9.913802e-01
   outer loop
     vertex -4.756232e+01 -2.198763e+01  1.473029e+02
     vertex -4.741132e+01 -2.119584e+01  1.472858e+02
     vertex -4.743314e+01 -2.197994e+01  1.472858e+02
   endloop
 endfacet
 facet normal -1.296086e-01 -1.915390e-02 -9.913802e-01
   outer loop
     vertex -4.756232e+01 -2.198763e+01  1.473029e+02
     vertex -4.731846e+01 -2.275591e+01  1.472858e+02
     vertex -4.744434e+01 -2.278592e+01  1.473029e+02
   endloop
 endfacet
 facet normal -3.798051e-01 -5.612860e-02 -9.233622e-01
   outer loop
     vertex -4.756232e+01 -2.198763e+01  1.473029e+02
     vertex -4.744434e+01 -2.278592e+01  1.473029e+02
     vertex -4.756165e+01 -2.281388e+01  1.473528e+02
   endloop
 endfacet
 facet normal -3.837816e-01  1.067658e-02 -9.233622e-01
   outer loop
     vertex -4.756232e+01 -2.198763e+01  1.473029e+02
     vertex -4.768269e+01 -2.199479e+01  1.473528e+02
     vertex -4.753988e+01 -2.118098e+01  1.473029e+02
   endloop
 endfacet
 facet normal -3.798051e-01 -5.612860e-02 -9.233622e-01
   outer loop
     vertex -4.756232e+01 -2.198763e+01  1.473029e+02
     vertex -4.756165e+01 -2.281388e+01  1.473528e+02
     vertex -4.768269e+01 -2.199479e+01  1.473528e+02
   endloop
 endfacet
 facet normal -9.795980e-01  2.009672e-01  0.000000e+00
   outer loop
     vertex -3.958684e+01 -2.271208e+01  1.472858e+02
     vertex -3.946424e+01 -2.211444e+01  1.531858e+02
     vertex -3.946424e+01 -2.211444e+01  1.472858e+02
   endloop
 endfacet
 facet normal -9.795980e-01  2.009672e-01  0.000000e+00
   outer loop
     vertex -3.958684e+01 -2.271208e+01  1.472858e+02
     vertex -3.958684e+01 -2.271208e+01  1.531858e+02
     vertex -3.946424e+01 -2.211444e+01  1.531858e+02
   endloop
 endfacet
 facet normal -9.298181e-01  3.680195e-01  0.000000e+00
   outer loop
     vertex -3.958684e+01 -2.271208e+01  1.472858e+02
     vertex -3.981137e+01 -2.327936e+01  1.531858e+02
     vertex -3.958684e+01 -2.271208e+01  1.531858e+02
   endloop
 endfacet
 facet normal -9.298181e-01  3.680195e-01  0.000000e+00
   outer loop
     vertex -3.981137e+01 -2.327936e+01  1.472858e+02
     vertex -3.981137e+01 -2.327936e+01  1.531858e+02
     vertex -3.958684e+01 -2.271208e+01  1.472858e+02
   endloop
 endfacet
 facet normal -8.517862e-01  5.238896e-01  0.000000e+00
   outer loop
     vertex -4.013099e+01 -2.379902e+01  1.472858e+02
     vertex -4.013099e+01 -2.379902e+01  1.531858e+02
     vertex -3.981137e+01 -2.327936e+01  1.531858e+02
   endloop
 endfacet
 facet normal -8.517862e-01  5.238896e-01  0.000000e+00
   outer loop
     vertex -4.013099e+01 -2.379902e+01  1.472858e+02
     vertex -3.981137e+01 -2.327936e+01  1.531858e+02
     vertex -3.981137e+01 -2.327936e+01  1.472858e+02
   endloop
 endfacet
 facet normal -7.478731e-01  6.638417e-01  0.000000e+00
   outer loop
     vertex -4.053599e+01 -2.425529e+01  1.472858e+02
     vertex -4.053599e+01 -2.425529e+01  1.531858e+02
     vertex -4.013099e+01 -2.379902e+01  1.531858e+02
   endloop
 endfacet
 facet normal -6.212364e-01  7.836232e-01  0.000000e+00
   outer loop
     vertex -4.053599e+01 -2.425529e+01  1.472858e+02
     vertex -4.101407e+01 -2.463430e+01  1.531858e+02
     vertex -4.053599e+01 -2.425529e+01  1.531858e+02
   endloop
 endfacet
 facet normal -7.478731e-01  6.638417e-01  0.000000e+00
   outer loop
     vertex -4.053599e+01 -2.425529e+01  1.472858e+02
     vertex -4.013099e+01 -2.379902e+01  1.531858e+02
     vertex -4.013099e+01 -2.379902e+01  1.472858e+02
   endloop
 endfacet
 facet normal -6.212364e-01  7.836232e-01  0.000000e+00
   outer loop
     vertex -4.101407e+01 -2.463430e+01  1.472858e+02
     vertex -4.101407e+01 -2.463430e+01  1.531858e+02
     vertex -4.053599e+01 -2.425529e+01  1.472858e+02
   endloop
 endfacet
 facet normal -4.757236e-01  8.795948e-01  5.296523e-16
   outer loop
     vertex -4.155071e+01 -2.492454e+01  1.472858e+02
     vertex -4.155071e+01 -2.492454e+01  1.531858e+02
     vertex -4.101407e+01 -2.463430e+01  1.531858e+02
   endloop
 endfacet
 facet normal -4.757236e-01  8.795948e-01  0.000000e+00
   outer loop
     vertex -4.155071e+01 -2.492454e+01  1.472858e+02
     vertex -4.101407e+01 -2.463430e+01  1.531858e+02
     vertex -4.101407e+01 -2.463430e+01  1.472858e+02
   endloop
 endfacet
 facet normal -3.157563e-01  9.488403e-01  0.000000e+00
   outer loop
     vertex -4.212958e+01 -2.511718e+01  1.472858e+02
     vertex -4.212958e+01 -2.511718e+01  1.531858e+02
     vertex -4.155071e+01 -2.492454e+01  1.531858e+02
   endloop
 endfacet
 facet normal -3.157563e-01  9.488403e-01  5.706054e-16
   outer loop
     vertex -4.212958e+01 -2.511718e+01  1.472858e+02
     vertex -4.155071e+01 -2.492454e+01  1.531858e+02
     vertex -4.155071e+01 -2.492454e+01  1.472858e+02
   endloop
 endfacet
 facet normal -1.461949e-01  9.892558e-01  0.000000e+00
   outer loop
     vertex -4.273312e+01 -2.520637e+01  1.472858e+02
     vertex -4.273312e+01 -2.520637e+01  1.531858e+02
     vertex -4.212958e+01 -2.511718e+01  1.531858e+02
   endloop
 endfacet
 facet normal -1.461949e-01  9.892558e-01  0.000000e+00
   outer loop
     vertex -4.273312e+01 -2.520637e+01  1.472858e+02
     vertex -4.212958e+01 -2.511718e+01  1.531858e+02
     vertex -4.212958e+01 -2.511718e+01  1.472858e+02
   endloop
 endfacet
 facet normal  2.780865e-02  9.996133e-01 -0.000000e+00
   outer loop
     vertex -4.334297e+01 -2.518940e+01  1.472858e+02
     vertex -4.334297e+01 -2.518940e+01  1.531858e+02
     vertex -4.273312e+01 -2.520637e+01  1.531858e+02
   endloop
 endfacet
 facet normal  2.780865e-02  9.996133e-01  0.000000e+00
   outer loop
     vertex -4.334297e+01 -2.518940e+01  1.472858e+02
     vertex -4.273312e+01 -2.520637e+01  1.531858e+02
     vertex -4.273312e+01 -2.520637e+01  1.472858e+02
   endloop
 endfacet
 facet normal  2.009672e-01  9.795980e-01 -0.000000e+00
   outer loop
     vertex -4.394062e+01 -2.506679e+01  1.472858e+02
     vertex -4.394062e+01 -2.506679e+01  1.531858e+02
     vertex -4.334297e+01 -2.518940e+01  1.531858e+02
   endloop
 endfacet
 facet normal  2.009672e-01  9.795980e-01  0.000000e+00
   outer loop
     vertex -4.394062e+01 -2.506679e+01  1.472858e+02
     vertex -4.334297e+01 -2.518940e+01  1.531858e+02
     vertex -4.334297e+01 -2.518940e+01  1.472858e+02
   endloop
 endfacet
 facet normal  3.680195e-01  9.298181e-01 -0.000000e+00
   outer loop
     vertex -4.450789e+01 -2.484227e+01  1.472858e+02
     vertex -4.450789e+01 -2.484227e+01  1.531858e+02
     vertex -4.394062e+01 -2.506679e+01  1.531858e+02
   endloop
 endfacet
 facet normal  3.680195e-01  9.298181e-01  0.000000e+00
   outer loop
     vertex -4.450789e+01 -2.484227e+01  1.472858e+02
     vertex -4.394062e+01 -2.506679e+01  1.531858e+02
     vertex -4.394062e+01 -2.506679e+01  1.472858e+02
   endloop
 endfacet
 facet normal  5.238896e-01  8.517862e-01 -5.129072e-16
   outer loop
     vertex -4.502756e+01 -2.452265e+01  1.472858e+02
     vertex -4.502756e+01 -2.452265e+01  1.531858e+02
     vertex -4.450789e+01 -2.484227e+01  1.531858e+02
   endloop
 endfacet
 facet normal  5.238896e-01  8.517862e-01  0.000000e+00
   outer loop
     vertex -4.502756e+01 -2.452265e+01  1.472858e+02
     vertex -4.450789e+01 -2.484227e+01  1.531858e+02
     vertex -4.450789e+01 -2.484227e+01  1.472858e+02
   endloop
 endfacet
 facet normal  6.638417e-01  7.478731e-01  7.994710e-16
   outer loop
     vertex -4.548383e+01 -2.411765e+01  1.472858e+02
     vertex -4.548383e+01 -2.411765e+01  1.531858e+02
     vertex -4.502756e+01 -2.452265e+01  1.531858e+02
   endloop
 endfacet
 facet normal  6.638417e-01  7.478731e-01 -4.472313e-16
   outer loop
     vertex -4.548383e+01 -2.411765e+01  1.472858e+02
     vertex -4.502756e+01 -2.452265e+01  1.531858e+02
     vertex -4.502756e+01 -2.452265e+01  1.472858e+02
   endloop
 endfacet
 facet normal  7.836232e-01  6.212364e-01 -0.000000e+00
   outer loop
     vertex -4.586284e+01 -2.363957e+01  1.472858e+02
     vertex -4.586284e+01 -2.363957e+01  1.531858e+02
     vertex -4.548383e+01 -2.411765e+01  1.531858e+02
   endloop
 endfacet
 facet normal  7.836232e-01  6.212364e-01  9.407279e-16
   outer loop
     vertex -4.586284e+01 -2.363957e+01  1.472858e+02
     vertex -4.548383e+01 -2.411765e+01  1.531858e+02
     vertex -4.548383e+01 -2.411765e+01  1.472858e+02
   endloop
 endfacet
 facet normal  8.795948e-01  4.757236e-01  0.000000e+00
   outer loop
     vertex -4.615307e+01 -2.310293e+01  1.472858e+02
     vertex -4.586284e+01 -2.363957e+01  1.531858e+02
     vertex -4.586284e+01 -2.363957e+01  1.472858e+02
   endloop
 endfacet
 facet normal  8.795948e-01  4.757236e-01 -0.000000e+00
   outer loop
     vertex -4.615307e+01 -2.310293e+01  1.472858e+02
     vertex -4.615307e+01 -2.310293e+01  1.531858e+02
     vertex -4.586284e+01 -2.363957e+01  1.531858e+02
   endloop
 endfacet
 facet normal  9.488403e-01  3.157563e-01  0.000000e+00
   outer loop
     vertex -4.634571e+01 -2.252406e+01  1.472858e+02
     vertex -4.615307e+01 -2.310293e+01  1.531858e+02
     vertex -4.615307e+01 -2.310293e+01  1.472858e+02
   endloop
 endfacet
 facet normal  9.488403e-01  3.157563e-01 -0.000000e+00
   outer loop
     vertex -4.634571e+01 -2.252406e+01  1.472858e+02
     vertex -4.634571e+01 -2.252406e+01  1.531858e+02
     vertex -4.615307e+01 -2.310293e+01  1.531858e+02
   endloop
 endfacet
 facet normal  9.892558e-01  1.461949e-01  0.000000e+00
   outer loop
     vertex -4.643490e+01 -2.192052e+01  1.472858e+02
     vertex -4.634571e+01 -2.252406e+01  1.531858e+02
     vertex -4.634571e+01 -2.252406e+01  1.472858e+02
   endloop
 endfacet
 facet normal  9.892558e-01  1.461949e-01  8.803194e-17
   outer loop
     vertex -4.643490e+01 -2.192052e+01  1.472858e+02
     vertex -4.643490e+01 -2.192052e+01  1.531858e+02
     vertex -4.634571e+01 -2.252406e+01  1.531858e+02
   endloop
 endfacet
 facet normal  9.996133e-01 -2.780865e-02 -1.674511e-17
   outer loop
     vertex -4.643490e+01 -2.192052e+01  1.472858e+02
     vertex -4.641794e+01 -2.131067e+01  1.531858e+02
     vertex -4.643490e+01 -2.192052e+01  1.531858e+02
   endloop
 endfacet
 facet normal  9.996133e-01 -2.780865e-02 -1.674511e-17
   outer loop
     vertex -4.641794e+01 -2.131067e+01  1.472858e+02
     vertex -4.641794e+01 -2.131067e+01  1.531858e+02
     vertex -4.643490e+01 -2.192052e+01  1.472858e+02
   endloop
 endfacet
 facet normal -2.009672e-01 -9.795980e-01 -1.274962e-16
   outer loop
     vertex -4.436899e+01 -2.650433e+01  1.477858e+02
     vertex -4.351521e+01 -2.667948e+01  1.589858e+02
     vertex -4.436899e+01 -2.650433e+01  1.589858e+02
   endloop
 endfacet
 facet normal -2.009672e-01 -9.795980e-01  0.000000e+00
   outer loop
     vertex -4.436899e+01 -2.650433e+01  1.477858e+02
     vertex -4.351521e+01 -2.667948e+01  1.477858e+02
     vertex -4.351521e+01 -2.667948e+01  1.589858e+02
   endloop
 endfacet
 facet normal -3.680195e-01 -9.298181e-01 -2.334764e-16
   outer loop
     vertex -4.517938e+01 -2.618358e+01  1.477858e+02
     vertex -4.436899e+01 -2.650433e+01  1.589858e+02
     vertex -4.517938e+01 -2.618358e+01  1.589858e+02
   endloop
 endfacet
 facet normal -3.680195e-01 -9.298181e-01 -2.331579e-16
   outer loop
     vertex -4.517938e+01 -2.618358e+01  1.477858e+02
     vertex -4.436899e+01 -2.650433e+01  1.477858e+02
     vertex -4.436899e+01 -2.650433e+01  1.589858e+02
   endloop
 endfacet
 facet normal -5.238896e-01 -8.517862e-01 -3.323625e-16
   outer loop
     vertex -4.592176e+01 -2.572698e+01  1.477858e+02
     vertex -4.517938e+01 -2.618358e+01  1.589858e+02
     vertex -4.592176e+01 -2.572698e+01  1.589858e+02
   endloop
 endfacet
 facet normal -5.238896e-01 -8.517862e-01 -3.298331e-16
   outer loop
     vertex -4.592176e+01 -2.572698e+01  1.477858e+02
     vertex -4.517938e+01 -2.618358e+01  1.477858e+02
     vertex -4.517938e+01 -2.618358e+01  1.589858e+02
   endloop
 endfacet
 facet normal -6.638417e-01 -7.478731e-01 -4.211499e-16
   outer loop
     vertex -4.657357e+01 -2.514840e+01  1.477858e+02
     vertex -4.592176e+01 -2.572698e+01  1.589858e+02
     vertex -4.657357e+01 -2.514840e+01  1.589858e+02
   endloop
 endfacet
 facet normal -6.638417e-01 -7.478731e-01 -4.208215e-16
   outer loop
     vertex -4.657357e+01 -2.514840e+01  1.477858e+02
     vertex -4.592176e+01 -2.572698e+01  1.477858e+02
     vertex -4.592176e+01 -2.572698e+01  1.589858e+02
   endloop
 endfacet
 facet normal -7.836232e-01 -6.212364e-01 -4.971409e-16
   outer loop
     vertex -4.711501e+01 -2.446543e+01  1.477858e+02
     vertex -4.657357e+01 -2.514840e+01  1.589858e+02
     vertex -4.711501e+01 -2.446543e+01  1.589858e+02
   endloop
 endfacet
 facet normal -7.836232e-01 -6.212364e-01 -4.947496e-16
   outer loop
     vertex -4.711501e+01 -2.446543e+01  1.477858e+02
     vertex -4.657357e+01 -2.514840e+01  1.477858e+02
     vertex -4.657357e+01 -2.514840e+01  1.589858e+02
   endloop
 endfacet
 facet normal -8.795948e-01 -4.757236e-01  0.000000e+00
   outer loop
     vertex -4.752963e+01 -2.369881e+01  1.477858e+02
     vertex -4.711501e+01 -2.446543e+01  1.589858e+02
     vertex -4.752963e+01 -2.369881e+01  1.589858e+02
   endloop
 endfacet
 facet normal -8.795948e-01 -4.757236e-01 -5.573042e-16
   outer loop
     vertex -4.752963e+01 -2.369881e+01  1.477858e+02
     vertex -4.711501e+01 -2.446543e+01  1.477858e+02
     vertex -4.711501e+01 -2.446543e+01  1.589858e+02
   endloop
 endfacet
 facet normal -9.488403e-01 -3.157563e-01 -1.001600e-16
   outer loop
     vertex -4.780483e+01 -2.287184e+01  1.477858e+02
     vertex -4.752963e+01 -2.369881e+01  1.589858e+02
     vertex -4.780483e+01 -2.287184e+01  1.589858e+02
   endloop
 endfacet
 facet normal -9.488403e-01 -3.157563e-01  0.000000e+00
   outer loop
     vertex -4.780483e+01 -2.287184e+01  1.477858e+02
     vertex -4.752963e+01 -2.369881e+01  1.477858e+02
     vertex -4.752963e+01 -2.369881e+01  1.589858e+02
   endloop
 endfacet
 facet normal -9.996133e-01  2.780865e-02  8.821086e-18
   outer loop
     vertex -4.793225e+01 -2.200965e+01  1.477858e+02
     vertex -4.793225e+01 -2.200965e+01  1.589858e+02
     vertex -4.790802e+01 -2.113843e+01  1.589858e+02
   endloop
 endfacet
 facet normal -9.892558e-01 -1.461949e-01 -4.637397e-17
   outer loop
     vertex -4.793225e+01 -2.200965e+01  1.477858e+02
     vertex -4.780483e+01 -2.287184e+01  1.589858e+02
     vertex -4.793225e+01 -2.200965e+01  1.589858e+02
   endloop
 endfacet
 facet normal -9.892558e-01 -1.461949e-01 -4.691591e-17
   outer loop
     vertex -4.793225e+01 -2.200965e+01  1.477858e+02
     vertex -4.780483e+01 -2.287184e+01  1.477858e+02
     vertex -4.780483e+01 -2.287184e+01  1.589858e+02
   endloop
 endfacet
 facet normal -9.996133e-01  2.780865e-02  0.000000e+00
   outer loop
     vertex -4.790802e+01 -2.113843e+01  1.477858e+02
     vertex -4.793225e+01 -2.200965e+01  1.477858e+02
     vertex -4.790802e+01 -2.113843e+01  1.589858e+02
   endloop
 endfacet
 facet normal  0.000000e+00  0.000000e+00 -1.000000e+00
   outer loop
     vertex  1.654782e+01 -3.035210e+01  1.472858e+02
     vertex  1.776755e+01 -3.164163e+01  1.472858e+02
     vertex  1.715288e+01 -3.212893e+01  1.472858e+02
   endloop
 endfacet
 facet normal  0.000000e+00  0.000000e+00 -1.000000e+00
   outer loop
     vertex  1.617560e+01 -3.064719e+01  1.472858e+02
     vertex  1.715288e+01 -3.212893e+01  1.472858e+02
     vertex  1.646292e+01 -3.250209e+01  1.472858e+02
   endloop
 endfacet
 facet normal  0.000000e+00  0.000000e+00 -1.000000e+00
   outer loop
     vertex  1.617560e+01 -3.064719e+01  1.472858e+02
     vertex  1.654782e+01 -3.035210e+01  1.472858e+02
     vertex  1.715288e+01 -3.212893e+01  1.472858e+02
   endloop
 endfacet
 facet normal  0.000000e+00  0.000000e+00 -1.000000e+00
   outer loop
     vertex  1.686315e+01 -2.999686e+01  1.472858e+02
     vertex  1.828827e+01 -3.105500e+01  1.472858e+02
     vertex  1.776755e+01 -3.164163e+01  1.472858e+02
   endloop
 endfacet
 facet normal  0.000000e+00 -0.000000e+00 -1.000000e+00
   outer loop
     vertex  1.686315e+01 -2.999686e+01  1.472858e+02
     vertex  1.776755e+01 -3.164163e+01  1.472858e+02
     vertex  1.654782e+01 -3.035210e+01  1.472858e+02
   endloop
 endfacet
 facet normal  0.000000e+00 -0.000000e+00 -1.000000e+00
   outer loop
     vertex  1.575780e+01 -3.087315e+01  1.472858e+02
     vertex  1.646292e+01 -3.250209e+01  1.472858e+02
     vertex  1.571865e+01 -3.274977e+01  1.472858e+02
   endloop
 endfacet
 facet normal  0.000000e+00  0.000000e+00 -1.000000e+00
   outer loop
     vertex  1.575780e+01 -3.087315e+01  1.472858e+02
     vertex  1.617560e+01 -3.064719e+01  1.472858e+02
     vertex  1.646292e+01 -3.250209e+01  1.472858e+02
   endloop
 endfacet
 facet normal  0.000000e+00 -0.000000e+00 -1.000000e+00
   outer loop
     vertex  1.530710e+01 -3.102314e+01  1.472858e+02
     vertex  1.571865e+01 -3.274977e+01  1.472858e+02
     vertex  1.494267e+01 -3.286444e+01  1.472858e+02
   endloop
 endfacet
 facet normal  0.000000e+00  0.000000e+00 -1.000000e+00
   outer loop
     vertex  1.530710e+01 -3.102314e+01  1.472858e+02
     vertex  1.575780e+01 -3.087315e+01  1.472858e+02
     vertex  1.571865e+01 -3.274977e+01  1.472858e+02
   endloop
 endfacet
 facet normal  0.000000e+00  0.000000e+00 -1.000000e+00
   outer loop
     vertex  1.711200e+01 -2.959226e+01  1.472858e+02
     vertex  1.869921e+01 -3.038686e+01  1.472858e+02
     vertex  1.828827e+01 -3.105500e+01  1.472858e+02
   endloop
 endfacet
 facet normal  0.000000e+00 -0.000000e+00 -1.000000e+00
   outer loop
     vertex  1.711200e+01 -2.959226e+01  1.472858e+02
     vertex  1.828827e+01 -3.105500e+01  1.472858e+02
     vertex  1.686315e+01 -2.999686e+01  1.472858e+02
   endloop
 endfacet
 facet normal  0.000000e+00 -0.000000e+00 -1.000000e+00
   outer loop
     vertex  1.483720e+01 -3.109258e+01  1.472858e+02
     vertex  1.494267e+01 -3.286444e+01  1.472858e+02
     vertex  1.415858e+01 -3.284263e+01  1.472858e+02
   endloop
 endfacet
 facet normal  0.000000e+00  0.000000e+00 -1.000000e+00
   outer loop
     vertex  1.483720e+01 -3.109258e+01  1.472858e+02
     vertex  1.530710e+01 -3.102314e+01  1.472858e+02
     vertex  1.494267e+01 -3.286444e+01  1.472858e+02
   endloop
 endfacet
 facet normal  0.000000e+00 -0.000000e+00 -1.000000e+00
   outer loop
     vertex  1.728680e+01 -2.915060e+01  1.472858e+02
     vertex  1.869921e+01 -3.038686e+01  1.472858e+02
     vertex  1.711200e+01 -2.959226e+01  1.472858e+02
   endloop
 endfacet
 facet normal  0.000000e+00  0.000000e+00 -1.000000e+00
   outer loop
     vertex  1.728680e+01 -2.915060e+01  1.472858e+02
     vertex  1.898788e+01 -2.965750e+01  1.472858e+02
     vertex  1.869921e+01 -3.038686e+01  1.472858e+02
   endloop
 endfacet
 facet normal  0.000000e+00 -0.000000e+00 -1.000000e+00
   outer loop
     vertex  1.436239e+01 -3.107937e+01  1.472858e+02
     vertex  1.483720e+01 -3.109258e+01  1.472858e+02
     vertex  1.415858e+01 -3.284263e+01  1.472858e+02
   endloop
 endfacet
 facet normal  0.000000e+00 -0.000000e+00 -1.000000e+00
   outer loop
     vertex  1.738226e+01 -2.868529e+01  1.472858e+02
     vertex  1.898788e+01 -2.965750e+01  1.472858e+02
     vertex  1.728680e+01 -2.915060e+01  1.472858e+02
   endloop
 endfacet
 facet normal  0.000000e+00  0.000000e+00 -1.000000e+00
   outer loop
     vertex  1.738226e+01 -2.868529e+01  1.472858e+02
     vertex  1.914552e+01 -2.888911e+01  1.472858e+02
     vertex  1.898788e+01 -2.965750e+01  1.472858e+02
   endloop
 endfacet
 facet normal  0.000000e+00 -0.000000e+00 -1.000000e+00
   outer loop
     vertex  1.739547e+01 -2.821048e+01  1.472858e+02
     vertex  1.914552e+01 -2.888911e+01  1.472858e+02
     vertex  1.738226e+01 -2.868529e+01  1.472858e+02
   endloop
 endfacet
 facet normal  0.000000e+00  0.000000e+00 -1.000000e+00
   outer loop
     vertex  1.739547e+01 -2.821048e+01  1.472858e+02
     vertex  1.916734e+01 -2.810501e+01  1.472858e+02
     vertex  1.914552e+01 -2.888911e+01  1.472858e+02
   endloop
 endfacet
 facet normal  0.000000e+00  0.000000e+00 -1.000000e+00
   outer loop
     vertex  1.389708e+01 -3.098391e+01  1.472858e+02
     vertex  1.436239e+01 -3.107937e+01  1.472858e+02
     vertex  1.415858e+01 -3.284263e+01  1.472858e+02
   endloop
 endfacet
 facet normal  0.000000e+00  0.000000e+00 -1.000000e+00
   outer loop
     vertex  1.732603e+01 -2.774058e+01  1.472858e+02
     vertex  1.916734e+01 -2.810501e+01  1.472858e+02
     vertex  1.739547e+01 -2.821048e+01  1.472858e+02
   endloop
 endfacet
 facet normal  0.000000e+00  0.000000e+00 -1.000000e+00
   outer loop
     vertex  1.732603e+01 -2.774058e+01  1.472858e+02
     vertex  1.905266e+01 -2.732903e+01  1.472858e+02
     vertex  1.916734e+01 -2.810501e+01  1.472858e+02
   endloop
 endfacet
 facet normal -7.459144e-15  1.055164e-14 -1.000000e+00
   outer loop
     vertex  1.175059e+01 -3.185129e+01  1.472858e+02
     vertex  1.198808e+01 -3.168341e+01  1.472858e+02
     vertex  1.415858e+01 -3.284263e+01  1.472858e+02
   endloop
 endfacet
 facet normal -9.318908e-15 -2.354465e-14 -1.000000e+00
   outer loop
     vertex  1.214156e+01 -3.149622e+01  1.472858e+02
     vertex  1.345542e+01 -3.080910e+01  1.472858e+02
     vertex  1.389708e+01 -3.098391e+01  1.472858e+02
   endloop
 endfacet
 facet normal -1.555139e-14 -2.187846e-15 -1.000000e+00
   outer loop
     vertex  1.214156e+01 -3.149622e+01  1.472858e+02
     vertex  1.389708e+01 -3.098391e+01  1.472858e+02
     vertex  1.415858e+01 -3.284263e+01  1.472858e+02
   endloop
 endfacet
 facet normal -9.106793e-15  7.466620e-15 -1.000000e+00
   outer loop
     vertex  1.214156e+01 -3.149622e+01  1.472858e+02
     vertex  1.415858e+01 -3.284263e+01  1.472858e+02
     vertex  1.198808e+01 -3.168341e+01  1.472858e+02
   endloop
 endfacet
 facet normal  9.138548e-14  2.506474e-13 -1.000000e+00
   outer loop
     vertex  1.160376e+01 -3.191115e+01  1.472858e+02
     vertex  1.175059e+01 -3.185129e+01  1.472858e+02
     vertex  1.415858e+01 -3.284263e+01  1.472858e+02
   endloop
 endfacet
 facet normal  0.000000e+00  0.000000e+00 -1.000000e+00
   outer loop
     vertex  1.143527e+01 -3.194934e+01  1.472858e+02
     vertex  1.160376e+01 -3.191115e+01  1.472858e+02
     vertex  1.415858e+01 -3.284263e+01  1.472858e+02
   endloop
 endfacet
 facet normal  8.138330e-14 -1.969797e-13 -1.000000e+00
   outer loop
     vertex  1.223026e+01 -3.131528e+01  1.472858e+02
     vertex  1.345542e+01 -3.080910e+01  1.472858e+02
     vertex  1.214156e+01 -3.149622e+01  1.472858e+02
   endloop
 endfacet
 facet normal  0.000000e+00  0.000000e+00 -1.000000e+00
   outer loop
     vertex  1.717605e+01 -2.728988e+01  1.472858e+02
     vertex  1.905266e+01 -2.732903e+01  1.472858e+02
     vertex  1.732603e+01 -2.774058e+01  1.472858e+02
   endloop
 endfacet
 facet normal  0.000000e+00  0.000000e+00 -1.000000e+00
   outer loop
     vertex  1.717605e+01 -2.728988e+01  1.472858e+02
     vertex  1.880498e+01 -2.658476e+01  1.472858e+02
     vertex  1.905266e+01 -2.732903e+01  1.472858e+02
   endloop
 endfacet
 facet normal  0.000000e+00  0.000000e+00 -1.000000e+00
   outer loop
     vertex  1.227469e+01 -3.115250e+01  1.472858e+02
     vertex  1.305082e+01 -3.056026e+01  1.472858e+02
     vertex  1.345542e+01 -3.080910e+01  1.472858e+02
   endloop
 endfacet
 facet normal  0.000000e+00 -0.000000e+00 -1.000000e+00
   outer loop
     vertex  1.227469e+01 -3.115250e+01  1.472858e+02
     vertex  1.345542e+01 -3.080910e+01  1.472858e+02
     vertex  1.223026e+01 -3.131528e+01  1.472858e+02
   endloop
 endfacet
 facet normal  0.000000e+00  0.000000e+00 -1.000000e+00
   outer loop
     vertex  1.117510e+01 -3.195233e+01  1.472858e+02
     vertex  1.143527e+01 -3.194934e+01  1.472858e+02
     vertex  1.415858e+01 -3.284263e+01  1.472858e+02
   endloop
 endfacet
 facet normal  0.000000e+00 -0.000000e+00 -1.000000e+00
   outer loop
     vertex  1.228616e+01 -3.087260e+01  1.472858e+02
     vertex  1.305082e+01 -3.056026e+01  1.472858e+02
     vertex  1.227469e+01 -3.115250e+01  1.472858e+02
   endloop
 endfacet
 facet normal  0.000000e+00  0.000000e+00 -1.000000e+00
   outer loop
     vertex  1.695008e+01 -2.687208e+01  1.472858e+02
     vertex  1.880498e+01 -2.658476e+01  1.472858e+02
     vertex  1.717605e+01 -2.728988e+01  1.472858e+02
   endloop
 endfacet
 facet normal  0.000000e+00  0.000000e+00 -1.000000e+00
   outer loop
     vertex  1.695008e+01 -2.687208e+01  1.472858e+02
     vertex  1.843182e+01 -2.589481e+01  1.472858e+02
     vertex  1.880498e+01 -2.658476e+01  1.472858e+02
   endloop
 endfacet
 facet normal  0.000000e+00 -0.000000e+00 -1.000000e+00
   outer loop
     vertex  1.269558e+01 -3.024493e+01  1.472858e+02
     vertex  1.305082e+01 -3.056026e+01  1.472858e+02
     vertex  1.228616e+01 -3.087260e+01  1.472858e+02
   endloop
 endfacet
 facet normal  0.000000e+00  0.000000e+00 -1.000000e+00
   outer loop
     vertex  1.221906e+01 -3.060064e+01  1.472858e+02
     vertex  1.269558e+01 -3.024493e+01  1.472858e+02
     vertex  1.228616e+01 -3.087260e+01  1.472858e+02
   endloop
 endfacet
 facet normal  0.000000e+00  0.000000e+00 -1.000000e+00
   outer loop
     vertex  1.208069e+01 -3.035741e+01  1.472858e+02
     vertex  1.269558e+01 -3.024493e+01  1.472858e+02
     vertex  1.221906e+01 -3.060064e+01  1.472858e+02
   endloop
 endfacet
 facet normal  0.000000e+00  0.000000e+00 -1.000000e+00
   outer loop
     vertex  1.665499e+01 -2.649986e+01  1.472858e+02
     vertex  1.843182e+01 -2.589481e+01  1.472858e+02
     vertex  1.695008e+01 -2.687208e+01  1.472858e+02
   endloop
 endfacet
 facet normal  0.000000e+00 -0.000000e+00 -1.000000e+00
   outer loop
     vertex  1.240050e+01 -2.987271e+01  1.472858e+02
     vertex  1.269558e+01 -3.024493e+01  1.472858e+02
     vertex  1.208069e+01 -3.035741e+01  1.472858e+02
   endloop
 endfacet
 facet normal  0.000000e+00 -0.000000e+00 -1.000000e+00
   outer loop
     vertex  1.794452e+01 -2.528013e+01  1.472858e+02
     vertex  1.843182e+01 -2.589481e+01  1.472858e+02
     vertex  1.665499e+01 -2.649986e+01  1.472858e+02
   endloop
 endfacet
 facet normal  0.000000e+00  0.000000e+00 -1.000000e+00
   outer loop
     vertex  1.180749e+01 -2.993699e+01  1.472858e+02
     vertex  1.240050e+01 -2.987271e+01  1.472858e+02
     vertex  1.208069e+01 -3.035741e+01  1.472858e+02
   endloop
 endfacet
 facet normal  0.000000e+00  0.000000e+00 -1.000000e+00
   outer loop
     vertex  1.629975e+01 -2.618453e+01  1.472858e+02
     vertex  1.794452e+01 -2.528013e+01  1.472858e+02
     vertex  1.665499e+01 -2.649986e+01  1.472858e+02
   endloop
 endfacet
 facet normal  0.000000e+00 -0.000000e+00 -1.000000e+00
   outer loop
     vertex  1.217453e+01 -2.945491e+01  1.472858e+02
     vertex  1.240050e+01 -2.987271e+01  1.472858e+02
     vertex  1.180749e+01 -2.993699e+01  1.472858e+02
   endloop
 endfacet
 facet normal  0.000000e+00  0.000000e+00 -1.000000e+00
   outer loop
     vertex  1.160185e+01 -2.947972e+01  1.472858e+02
     vertex  1.217453e+01 -2.945491e+01  1.472858e+02
     vertex  1.180749e+01 -2.993699e+01  1.472858e+02
   endloop
 endfacet
 facet normal  0.000000e+00 -0.000000e+00 -1.000000e+00
   outer loop
     vertex  1.202454e+01 -2.900421e+01  1.472858e+02
     vertex  1.217453e+01 -2.945491e+01  1.472858e+02
     vertex  1.160185e+01 -2.947972e+01  1.472858e+02
   endloop
 endfacet
 facet normal  0.000000e+00  0.000000e+00 -1.000000e+00
   outer loop
     vertex  1.735789e+01 -2.475941e+01  1.472858e+02
     vertex  1.629975e+01 -2.618453e+01  1.472858e+02
     vertex  1.589516e+01 -2.593569e+01  1.472858e+02
   endloop
 endfacet
 facet normal  0.000000e+00 -0.000000e+00 -1.000000e+00
   outer loop
     vertex  1.735789e+01 -2.475941e+01  1.472858e+02
     vertex  1.794452e+01 -2.528013e+01  1.472858e+02
     vertex  1.629975e+01 -2.618453e+01  1.472858e+02
   endloop
 endfacet
 facet normal  0.000000e+00  0.000000e+00 -1.000000e+00
   outer loop
     vertex  1.146859e+01 -2.899636e+01  1.472858e+02
     vertex  1.202454e+01 -2.900421e+01  1.472858e+02
     vertex  1.160185e+01 -2.947972e+01  1.472858e+02
   endloop
 endfacet
 facet normal  0.000000e+00 -0.000000e+00 -1.000000e+00
   outer loop
     vertex  1.195510e+01 -2.853431e+01  1.472858e+02
     vertex  1.202454e+01 -2.900421e+01  1.472858e+02
     vertex  1.146859e+01 -2.899636e+01  1.472858e+02
   endloop
 endfacet
 facet normal  0.000000e+00  0.000000e+00 -1.000000e+00
   outer loop
     vertex  1.668975e+01 -2.434847e+01  1.472858e+02
     vertex  1.589516e+01 -2.593569e+01  1.472858e+02
     vertex  1.545349e+01 -2.576088e+01  1.472858e+02
   endloop
 endfacet
 facet normal  0.000000e+00 -0.000000e+00 -1.000000e+00
   outer loop
     vertex  1.668975e+01 -2.434847e+01  1.472858e+02
     vertex  1.735789e+01 -2.475941e+01  1.472858e+02
     vertex  1.589516e+01 -2.593569e+01  1.472858e+02
   endloop
 endfacet
 facet normal  0.000000e+00  0.000000e+00 -1.000000e+00
   outer loop
     vertex  1.141088e+01 -2.849830e+01  1.472858e+02
     vertex  1.195510e+01 -2.853431e+01  1.472858e+02
     vertex  1.146859e+01 -2.899636e+01  1.472858e+02
   endloop
 endfacet
 facet normal  0.000000e+00  0.000000e+00 -1.000000e+00
   outer loop
     vertex  1.141088e+01 -2.849830e+01  1.472858e+02
     vertex  1.196831e+01 -2.805950e+01  1.472858e+02
     vertex  1.195510e+01 -2.853431e+01  1.472858e+02
   endloop
 endfacet
 facet normal  0.000000e+00 -0.000000e+00 -1.000000e+00
   outer loop
     vertex  1.143006e+01 -2.799728e+01  1.472858e+02
     vertex  1.196831e+01 -2.805950e+01  1.472858e+02
     vertex  1.141088e+01 -2.849830e+01  1.472858e+02
   endloop
 endfacet
 facet normal  0.000000e+00  0.000000e+00 -1.000000e+00
   outer loop
     vertex  1.596040e+01 -2.405980e+01  1.472858e+02
     vertex  1.545349e+01 -2.576088e+01  1.472858e+02
     vertex  1.498818e+01 -2.566542e+01  1.472858e+02
   endloop
 endfacet
 facet normal  0.000000e+00 -0.000000e+00 -1.000000e+00
   outer loop
     vertex  1.596040e+01 -2.405980e+01  1.472858e+02
     vertex  1.668975e+01 -2.434847e+01  1.472858e+02
     vertex  1.545349e+01 -2.576088e+01  1.472858e+02
   endloop
 endfacet
 facet normal  0.000000e+00  0.000000e+00 -1.000000e+00
   outer loop
     vertex  1.152568e+01 -2.750510e+01  1.472858e+02
     vertex  1.206377e+01 -2.759419e+01  1.472858e+02
     vertex  1.196831e+01 -2.805950e+01  1.472858e+02
   endloop
 endfacet
 facet normal  0.000000e+00 -0.000000e+00 -1.000000e+00
   outer loop
     vertex  1.152568e+01 -2.750510e+01  1.472858e+02
     vertex  1.196831e+01 -2.805950e+01  1.472858e+02
     vertex  1.143006e+01 -2.799728e+01  1.472858e+02
   endloop
 endfacet
 facet normal  0.000000e+00  0.000000e+00 -1.000000e+00
   outer loop
     vertex  1.169550e+01 -2.703334e+01  1.472858e+02
     vertex  1.223858e+01 -2.715253e+01  1.472858e+02
     vertex  1.206377e+01 -2.759419e+01  1.472858e+02
   endloop
 endfacet
 facet normal  0.000000e+00 -0.000000e+00 -1.000000e+00
   outer loop
     vertex  1.169550e+01 -2.703334e+01  1.472858e+02
     vertex  1.206377e+01 -2.759419e+01  1.472858e+02
     vertex  1.152568e+01 -2.750510e+01  1.472858e+02
   endloop
 endfacet
 facet normal  0.000000e+00 -0.000000e+00 -1.000000e+00
   outer loop
     vertex  1.193550e+01 -2.659313e+01  1.472858e+02
     vertex  1.223858e+01 -2.715253e+01  1.472858e+02
     vertex  1.169550e+01 -2.703334e+01  1.472858e+02
   endloop
 endfacet
 facet normal  0.000000e+00  0.000000e+00 -1.000000e+00
   outer loop
     vertex  1.193550e+01 -2.659313e+01  1.472858e+02
     vertex  1.248743e+01 -2.674793e+01  1.472858e+02
     vertex  1.223858e+01 -2.715253e+01  1.472858e+02
   endloop
 endfacet
 facet normal  0.000000e+00  0.000000e+00 -1.000000e+00
   outer loop
     vertex  1.519200e+01 -2.390216e+01  1.472858e+02
     vertex  1.498818e+01 -2.566542e+01  1.472858e+02
     vertex  1.451337e+01 -2.565221e+01  1.472858e+02
   endloop
 endfacet
 facet normal  0.000000e+00 -0.000000e+00 -1.000000e+00
   outer loop
     vertex  1.519200e+01 -2.390216e+01  1.472858e+02
     vertex  1.596040e+01 -2.405980e+01  1.472858e+02
     vertex  1.498818e+01 -2.566542e+01  1.472858e+02
   endloop
 endfacet
 facet normal  0.000000e+00 -0.000000e+00 -1.000000e+00
   outer loop
     vertex  1.224005e+01 -2.619482e+01  1.472858e+02
     vertex  1.248743e+01 -2.674793e+01  1.472858e+02
     vertex  1.193550e+01 -2.659313e+01  1.472858e+02
   endloop
 endfacet
 facet normal  0.000000e+00  0.000000e+00 -1.000000e+00
   outer loop
     vertex  1.224005e+01 -2.619482e+01  1.472858e+02
     vertex  1.280275e+01 -2.639269e+01  1.472858e+02
     vertex  1.248743e+01 -2.674793e+01  1.472858e+02
   endloop
 endfacet
 facet normal  0.000000e+00 -0.000000e+00 -1.000000e+00
   outer loop
     vertex  1.260195e+01 -2.584782e+01  1.472858e+02
     vertex  1.280275e+01 -2.639269e+01  1.472858e+02
     vertex  1.224005e+01 -2.619482e+01  1.472858e+02
   endloop
 endfacet
 facet normal  0.000000e+00  0.000000e+00 -1.000000e+00
   outer loop
     vertex  1.260195e+01 -2.584782e+01  1.472858e+02
     vertex  1.317497e+01 -2.609760e+01  1.472858e+02
     vertex  1.280275e+01 -2.639269e+01  1.472858e+02
   endloop
 endfacet
 facet normal  0.000000e+00 -0.000000e+00 -1.000000e+00
   outer loop
     vertex  1.278058e+01 -2.565863e+01  1.472858e+02
     vertex  1.317497e+01 -2.609760e+01  1.472858e+02
     vertex  1.260195e+01 -2.584782e+01  1.472858e+02
   endloop
 endfacet
 facet normal  0.000000e+00 -0.000000e+00 -1.000000e+00
   outer loop
     vertex  1.287019e+01 -2.551093e+01  1.472858e+02
     vertex  1.317497e+01 -2.609760e+01  1.472858e+02
     vertex  1.278058e+01 -2.565863e+01  1.472858e+02
   endloop
 endfacet
 facet normal  0.000000e+00  0.000000e+00 -1.000000e+00
   outer loop
     vertex  1.287019e+01 -2.551093e+01  1.472858e+02
     vertex  1.359278e+01 -2.587164e+01  1.472858e+02
     vertex  1.317497e+01 -2.609760e+01  1.472858e+02
   endloop
 endfacet
 facet normal  0.000000e+00 -0.000000e+00 -1.000000e+00
   outer loop
     vertex  1.292917e+01 -2.536374e+01  1.472858e+02
     vertex  1.359278e+01 -2.587164e+01  1.472858e+02
     vertex  1.287019e+01 -2.551093e+01  1.472858e+02
   endloop
 endfacet
 facet normal  0.000000e+00  0.000000e+00 -1.000000e+00
   outer loop
     vertex  1.297343e+01 -2.507629e+01  1.472858e+02
     vertex  1.404347e+01 -2.572165e+01  1.472858e+02
     vertex  1.359278e+01 -2.587164e+01  1.472858e+02
   endloop
 endfacet
 facet normal  0.000000e+00 -0.000000e+00 -1.000000e+00
   outer loop
     vertex  1.297343e+01 -2.507629e+01  1.472858e+02
     vertex  1.359278e+01 -2.587164e+01  1.472858e+02
     vertex  1.292917e+01 -2.536374e+01  1.472858e+02
   endloop
 endfacet
 facet normal  0.000000e+00  0.000000e+00 -1.000000e+00
   outer loop
     vertex  1.294542e+01 -2.483586e+01  1.472858e+02
     vertex  1.519200e+01 -2.390216e+01  1.472858e+02
     vertex  1.451337e+01 -2.565221e+01  1.472858e+02
   endloop
 endfacet
 facet normal  0.000000e+00  0.000000e+00 -1.000000e+00
   outer loop
     vertex  1.294542e+01 -2.483586e+01  1.472858e+02
     vertex  1.451337e+01 -2.565221e+01  1.472858e+02
     vertex  1.404347e+01 -2.572165e+01  1.472858e+02
   endloop
 endfacet
 facet normal  0.000000e+00  0.000000e+00 -1.000000e+00
   outer loop
     vertex  1.294542e+01 -2.483586e+01  1.472858e+02
     vertex  1.404347e+01 -2.572165e+01  1.472858e+02
     vertex  1.297343e+01 -2.507629e+01  1.472858e+02
   endloop
 endfacet
 facet normal -5.419033e-14  1.303877e-13 -1.000000e+00
   outer loop
     vertex  1.287691e+01 -2.464635e+01  1.472858e+02
     vertex  1.519200e+01 -2.390216e+01  1.472858e+02
     vertex  1.294542e+01 -2.483586e+01  1.472858e+02
   endloop
 endfacet
 facet normal -1.030744e-14 -6.126247e-15 -1.000000e+00
   outer loop
     vertex  1.279070e+01 -2.450130e+01  1.472858e+02
     vertex  1.519200e+01 -2.390216e+01  1.472858e+02
     vertex  1.287691e+01 -2.464635e+01  1.472858e+02
   endloop
 endfacet
 facet normal  1.869528e-14 -1.223656e-13 -1.000000e+00
   outer loop
     vertex  1.259737e+01 -2.429857e+01  1.472858e+02
     vertex  1.519200e+01 -2.390216e+01  1.472858e+02
     vertex  1.279070e+01 -2.450130e+01  1.472858e+02
   endloop
 endfacet
 facet normal -2.443304e-14  1.599208e-13 -1.000000e+00
   outer loop
     vertex  1.235516e+01 -2.415785e+01  1.472858e+02
     vertex  1.519200e+01 -2.390216e+01  1.472858e+02
     vertex  1.259737e+01 -2.429857e+01  1.472858e+02
   endloop
 endfacet
 facet normal  1.986167e-14 -3.315126e-13 -1.000000e+00
   outer loop
     vertex  1.208410e+01 -2.408836e+01  1.472858e+02
     vertex  1.519200e+01 -2.390216e+01  1.472858e+02
     vertex  1.235516e+01 -2.415785e+01  1.472858e+02
   endloop
 endfacet
 facet normal  0.000000e+00  0.000000e+00 -1.000000e+00
   outer loop
     vertex -3.934719e+01 -2.611249e+01  1.472858e+02
     vertex  1.117510e+01 -3.195233e+01  1.472858e+02
     vertex  1.415858e+01 -3.284263e+01  1.472858e+02
   endloop
 endfacet
 facet normal  3.267261e-14 -6.352097e-15 -1.000000e+00
   outer loop
     vertex -4.101407e+01 -2.463430e+01  1.472858e+02
     vertex -4.017549e+01 -2.479537e+01  1.472858e+02
     vertex -4.023229e+01 -2.508749e+01  1.472858e+02
   endloop
 endfacet
 facet normal  3.821147e-14  3.202893e-15 -1.000000e+00
   outer loop
     vertex -4.101407e+01 -2.463430e+01  1.472858e+02
     vertex -4.023229e+01 -2.508749e+01  1.472858e+02
     vertex -4.021162e+01 -2.533402e+01  1.472858e+02
   endloop
 endfacet
 facet normal  2.728268e-14 -3.441419e-14 -1.000000e+00
   outer loop
     vertex -4.053599e+01 -2.425529e+01  1.472858e+02
     vertex -4.017549e+01 -2.479537e+01  1.472858e+02
     vertex -4.101407e+01 -2.463430e+01  1.472858e+02
   endloop
 endfacet
 facet normal -3.902566e-14 -1.150948e-13 -1.000000e+00
   outer loop
     vertex -4.053599e+01 -2.425529e+01  1.472858e+02
     vertex -3.996606e+01 -2.444854e+01  1.472858e+02
     vertex -4.010878e+01 -2.464709e+01  1.472858e+02
   endloop
 endfacet
 facet normal  4.709646e-14 -2.118859e-14 -1.000000e+00
   outer loop
     vertex -4.053599e+01 -2.425529e+01  1.472858e+02
     vertex -4.010878e+01 -2.464709e+01  1.472858e+02
     vertex -4.017549e+01 -2.479537e+01  1.472858e+02
   endloop
 endfacet
 facet normal  0.000000e+00 -0.000000e+00 -1.000000e+00
   outer loop
     vertex -4.013099e+01 -2.379902e+01  1.472858e+02
     vertex -3.996606e+01 -2.444854e+01  1.472858e+02
     vertex -4.053599e+01 -2.425529e+01  1.472858e+02
   endloop
 endfacet
 facet normal  0.000000e+00  0.000000e+00 -1.000000e+00
   outer loop
     vertex -4.013099e+01 -2.379902e+01  1.472858e+02
     vertex -3.957459e+01 -2.394932e+01  1.472858e+02
     vertex -3.996606e+01 -2.444854e+01  1.472858e+02
   endloop
 endfacet
 facet normal  1.355873e-14 -2.506957e-14 -1.000000e+00
   outer loop
     vertex -4.155071e+01 -2.492454e+01  1.472858e+02
     vertex -4.101407e+01 -2.463430e+01  1.472858e+02
     vertex -4.021162e+01 -2.533402e+01  1.472858e+02
   endloop
 endfacet
 facet normal  7.274148e-14  1.684708e-13 -1.000000e+00
   outer loop
     vertex -4.155071e+01 -2.492454e+01  1.472858e+02
     vertex -4.021162e+01 -2.533402e+01  1.472858e+02
     vertex -4.014772e+01 -2.553031e+01  1.472858e+02
   endloop
 endfacet
 facet normal  1.073812e-13  2.486971e-13 -1.000000e+00
   outer loop
     vertex -4.155071e+01 -2.492454e+01  1.472858e+02
     vertex -4.014772e+01 -2.553031e+01  1.472858e+02
     vertex -4.006344e+01 -2.568098e+01  1.472858e+02
   endloop
 endfacet
 facet normal  0.000000e+00  0.000000e+00 -1.000000e+00
   outer loop
     vertex -4.345780e+01 -2.618279e+01  1.472858e+02
     vertex -3.934719e+01 -2.611249e+01  1.472858e+02
     vertex  1.415858e+01 -3.284263e+01  1.472858e+02
   endloop
 endfacet
 facet normal -7.376490e-15 -6.742203e-15 -1.000000e+00
   outer loop
     vertex -4.345780e+01 -2.618279e+01  1.472858e+02
     vertex -4.006344e+01 -2.568098e+01  1.472858e+02
     vertex -3.987000e+01 -2.589262e+01  1.472858e+02
   endloop
 endfacet
 facet normal -6.980479e-15 -1.163876e-14 -1.000000e+00
   outer loop
     vertex -4.345780e+01 -2.618279e+01  1.472858e+02
     vertex -3.987000e+01 -2.589262e+01  1.472858e+02
     vertex -3.962422e+01 -2.604004e+01  1.472858e+02
   endloop
 endfacet
 facet normal  6.296884e-15 -3.681978e-13 -1.000000e+00
   outer loop
     vertex -4.345780e+01 -2.618279e+01  1.472858e+02
     vertex -3.962422e+01 -2.604004e+01  1.472858e+02
     vertex -3.934719e+01 -2.611249e+01  1.472858e+02
   endloop
 endfacet
 facet normal  0.000000e+00 -0.000000e+00 -1.000000e+00
   outer loop
     vertex -3.981137e+01 -2.327936e+01  1.472858e+02
     vertex -3.957459e+01 -2.394932e+01  1.472858e+02
     vertex -4.013099e+01 -2.379902e+01  1.472858e+02
   endloop
 endfacet
 facet normal  0.000000e+00  0.000000e+00 -1.000000e+00
   outer loop
     vertex -3.981137e+01 -2.327936e+01  1.472858e+02
     vertex -3.926606e+01 -2.339499e+01  1.472858e+02
     vertex -3.957459e+01 -2.394932e+01  1.472858e+02
   endloop
 endfacet
 facet normal -7.558233e-15  2.271231e-14 -1.000000e+00
   outer loop
     vertex -4.212958e+01 -2.511718e+01  1.472858e+02
     vertex -4.155071e+01 -2.492454e+01  1.472858e+02
     vertex -4.006344e+01 -2.568098e+01  1.472858e+02
   endloop
 endfacet
 facet normal -1.026467e-14  1.279422e-14 -1.000000e+00
   outer loop
     vertex -4.212958e+01 -2.511718e+01  1.472858e+02
     vertex -4.006344e+01 -2.568098e+01  1.472858e+02
     vertex -4.345780e+01 -2.618279e+01  1.472858e+02
   endloop
 endfacet
 facet normal  0.000000e+00 -0.000000e+00 -1.000000e+00
   outer loop
     vertex -4.273312e+01 -2.520637e+01  1.472858e+02
     vertex -4.212958e+01 -2.511718e+01  1.472858e+02
     vertex -4.345780e+01 -2.618279e+01  1.472858e+02
   endloop
 endfacet
 facet normal  0.000000e+00 -0.000000e+00 -1.000000e+00
   outer loop
     vertex -3.958684e+01 -2.271208e+01  1.472858e+02
     vertex -3.926606e+01 -2.339499e+01  1.472858e+02
     vertex -3.981137e+01 -2.327936e+01  1.472858e+02
   endloop
 endfacet
 facet normal  0.000000e+00  0.000000e+00 -1.000000e+00
   outer loop
     vertex -3.958684e+01 -2.271208e+01  1.472858e+02
     vertex -3.904807e+01 -2.279921e+01  1.472858e+02
     vertex -3.926606e+01 -2.339499e+01  1.472858e+02
   endloop
 endfacet
 facet normal  0.000000e+00 -0.000000e+00 -1.000000e+00
   outer loop
     vertex -4.334297e+01 -2.518940e+01  1.472858e+02
     vertex -4.273312e+01 -2.520637e+01  1.472858e+02
     vertex -4.345780e+01 -2.618279e+01  1.472858e+02
   endloop
 endfacet
 facet normal  0.000000e+00 -0.000000e+00 -1.000000e+00
   outer loop
     vertex -3.946424e+01 -2.211444e+01  1.472858e+02
     vertex -3.904807e+01 -2.279921e+01  1.472858e+02
     vertex -3.958684e+01 -2.271208e+01  1.472858e+02
   endloop
 endfacet
 facet normal  0.000000e+00  0.000000e+00 -1.000000e+00
   outer loop
     vertex -3.946424e+01 -2.211444e+01  1.472858e+02
     vertex -3.892599e+01 -2.217666e+01  1.472858e+02
     vertex -3.904807e+01 -2.279921e+01  1.472858e+02
   endloop
 endfacet
 facet normal  0.000000e+00  0.000000e+00 -1.000000e+00
   outer loop
     vertex -3.890282e+01 -2.154267e+01  1.472858e+02
     vertex -3.892599e+01 -2.217666e+01  1.472858e+02
     vertex -3.946424e+01 -2.211444e+01  1.472858e+02
   endloop
 endfacet
 facet normal  0.000000e+00 -0.000000e+00 -1.000000e+00
   outer loop
     vertex -4.394062e+01 -2.506679e+01  1.472858e+02
     vertex -4.345780e+01 -2.618279e+01  1.472858e+02
     vertex -4.422620e+01 -2.602515e+01  1.472858e+02
   endloop
 endfacet
 facet normal  0.000000e+00  0.000000e+00 -1.000000e+00
   outer loop
     vertex -4.394062e+01 -2.506679e+01  1.472858e+02
     vertex -4.334297e+01 -2.518940e+01  1.472858e+02
     vertex -4.345780e+01 -2.618279e+01  1.472858e+02
   endloop
 endfacet
 facet normal  0.000000e+00 -0.000000e+00 -1.000000e+00
   outer loop
     vertex -3.944727e+01 -2.150459e+01  1.472858e+02
     vertex -3.890282e+01 -2.154267e+01  1.472858e+02
     vertex -3.946424e+01 -2.211444e+01  1.472858e+02
   endloop
 endfacet
 facet normal  0.000000e+00 -0.000000e+00 -1.000000e+00
   outer loop
     vertex -3.897915e+01 -2.091287e+01  1.472858e+02
     vertex -3.890282e+01 -2.154267e+01  1.472858e+02
     vertex -3.944727e+01 -2.150459e+01  1.472858e+02
   endloop
 endfacet
 facet normal  0.000000e+00 -0.000000e+00 -1.000000e+00
   outer loop
     vertex -4.450789e+01 -2.484227e+01  1.472858e+02
     vertex -4.422620e+01 -2.602515e+01  1.472858e+02
     vertex -4.495555e+01 -2.573647e+01  1.472858e+02
   endloop
 endfacet
 facet normal  0.000000e+00  0.000000e+00 -1.000000e+00
   outer loop
     vertex -4.450789e+01 -2.484227e+01  1.472858e+02
     vertex -4.394062e+01 -2.506679e+01  1.472858e+02
     vertex -4.422620e+01 -2.602515e+01  1.472858e+02
   endloop
 endfacet
 facet normal  0.000000e+00  0.000000e+00 -1.000000e+00
   outer loop
     vertex -3.953646e+01 -2.090105e+01  1.472858e+02
     vertex -3.897915e+01 -2.091287e+01  1.472858e+02
     vertex -3.944727e+01 -2.150459e+01  1.472858e+02
   endloop
 endfacet
 facet normal  0.000000e+00 -0.000000e+00 -1.000000e+00
   outer loop
     vertex -3.915309e+01 -2.030277e+01  1.472858e+02
     vertex -3.897915e+01 -2.091287e+01  1.472858e+02
     vertex -3.953646e+01 -2.090105e+01  1.472858e+02
   endloop
 endfacet
 facet normal  0.000000e+00  0.000000e+00 -1.000000e+00
   outer loop
     vertex -4.562369e+01 -2.532553e+01  1.472858e+02
     vertex -4.450789e+01 -2.484227e+01  1.472858e+02
     vertex -4.495555e+01 -2.573647e+01  1.472858e+02
   endloop
 endfacet
 facet normal  0.000000e+00 -0.000000e+00 -1.000000e+00
   outer loop
     vertex -4.502756e+01 -2.452265e+01  1.472858e+02
     vertex -4.450789e+01 -2.484227e+01  1.472858e+02
     vertex -4.562369e+01 -2.532553e+01  1.472858e+02
   endloop
 endfacet
 facet normal  0.000000e+00  0.000000e+00 -1.000000e+00
   outer loop
     vertex -3.972910e+01 -2.032217e+01  1.472858e+02
     vertex -3.915309e+01 -2.030277e+01  1.472858e+02
     vertex -3.953646e+01 -2.090105e+01  1.472858e+02
   endloop
 endfacet
 facet normal  0.000000e+00 -0.000000e+00 -1.000000e+00
   outer loop
     vertex -3.942035e+01 -1.972741e+01  1.472858e+02
     vertex -3.915309e+01 -2.030277e+01  1.472858e+02
     vertex -3.972910e+01 -2.032217e+01  1.472858e+02
   endloop
 endfacet
 facet normal  0.000000e+00  0.000000e+00 -1.000000e+00
   outer loop
     vertex -4.548383e+01 -2.411765e+01  1.472858e+02
     vertex -4.562369e+01 -2.532553e+01  1.472858e+02
     vertex -4.621032e+01 -2.480482e+01  1.472858e+02
   endloop
 endfacet
 facet normal  0.000000e+00 -0.000000e+00 -1.000000e+00
   outer loop
     vertex -4.548383e+01 -2.411765e+01  1.472858e+02
     vertex -4.502756e+01 -2.452265e+01  1.472858e+02
     vertex -4.562369e+01 -2.532553e+01  1.472858e+02
   endloop
 endfacet
 facet normal  0.000000e+00  0.000000e+00 -1.000000e+00
   outer loop
     vertex -4.001934e+01 -1.978554e+01  1.472858e+02
     vertex -3.942035e+01 -1.972741e+01  1.472858e+02
     vertex -3.972910e+01 -2.032217e+01  1.472858e+02
   endloop
 endfacet
 facet normal  9.965198e-15 -1.026770e-13 -1.000000e+00
   outer loop
     vertex -4.001934e+01 -1.978554e+01  1.472858e+02
     vertex -3.952461e+01 -1.946072e+01  1.472858e+02
     vertex -3.942035e+01 -1.972741e+01  1.472858e+02
   endloop
 endfacet
 facet normal -5.429479e-14 -4.804778e-15 -1.000000e+00
   outer loop
     vertex -3.954987e+01 -1.917523e+01  1.472858e+02
     vertex -3.952461e+01 -1.946072e+01  1.472858e+02
     vertex -4.001934e+01 -1.978554e+01  1.472858e+02
   endloop
 endfacet
 facet normal -2.981413e-14 -2.363588e-14 -1.000000e+00
   outer loop
     vertex -4.039835e+01 -1.930746e+01  1.472858e+02
     vertex -3.954987e+01 -1.917523e+01  1.472858e+02
     vertex -4.001934e+01 -1.978554e+01  1.472858e+02
   endloop
 endfacet
 facet normal -6.717430e-14  2.160997e-13 -1.000000e+00
   outer loop
     vertex -4.039835e+01 -1.930746e+01  1.472858e+02
     vertex -3.949240e+01 -1.889433e+01  1.472858e+02
     vertex -3.954987e+01 -1.917523e+01  1.472858e+02
   endloop
 endfacet
 facet normal  0.000000e+00  0.000000e+00 -1.000000e+00
   outer loop
     vertex -4.669762e+01 -2.419014e+01  1.472858e+02
     vertex -4.548383e+01 -2.411765e+01  1.472858e+02
     vertex -4.621032e+01 -2.480482e+01  1.472858e+02
   endloop
 endfacet
 facet normal  0.000000e+00  0.000000e+00 -1.000000e+00
   outer loop
     vertex -4.669762e+01 -2.419014e+01  1.472858e+02
     vertex -4.586284e+01 -2.363957e+01  1.472858e+02
     vertex -4.548383e+01 -2.411765e+01  1.472858e+02
   endloop
 endfacet
 facet normal  0.000000e+00 -0.000000e+00 -1.000000e+00
   outer loop
     vertex -4.615307e+01 -2.310293e+01  1.472858e+02
     vertex -4.586284e+01 -2.363957e+01  1.472858e+02
     vertex -4.669762e+01 -2.419014e+01  1.472858e+02
   endloop
 endfacet
 facet normal  2.072500e-14  2.334845e-14 -1.000000e+00
   outer loop
     vertex -4.085462e+01 -1.890246e+01  1.472858e+02
     vertex -3.949240e+01 -1.889433e+01  1.472858e+02
     vertex -4.039835e+01 -1.930746e+01  1.472858e+02
   endloop
 endfacet
 facet normal  4.294394e-14 -2.012497e-13 -1.000000e+00
   outer loop
     vertex -4.085462e+01 -1.890246e+01  1.472858e+02
     vertex -3.929885e+01 -1.857048e+01  1.472858e+02
     vertex -3.942007e+01 -1.873757e+01  1.472858e+02
   endloop
 endfacet
 facet normal  2.092196e-14 -9.654334e-15 -1.000000e+00
   outer loop
     vertex -4.085462e+01 -1.890246e+01  1.472858e+02
     vertex -3.942007e+01 -1.873757e+01  1.472858e+02
     vertex -3.949240e+01 -1.889433e+01  1.472858e+02
   endloop
 endfacet
 facet normal  0.000000e+00  0.000000e+00 -1.000000e+00
   outer loop
     vertex -4.707078e+01 -2.350019e+01  1.472858e+02
     vertex -4.615307e+01 -2.310293e+01  1.472858e+02
     vertex -4.669762e+01 -2.419014e+01  1.472858e+02
   endloop
 endfacet
 facet normal  0.000000e+00  0.000000e+00 -1.000000e+00
   outer loop
     vertex -4.137428e+01 -1.858284e+01  1.472858e+02
     vertex -3.929885e+01 -1.857048e+01  1.472858e+02
     vertex -4.085462e+01 -1.890246e+01  1.472858e+02
   endloop
 endfacet
 facet normal -1.054402e-15  1.770434e-13 -1.000000e+00
   outer loop
     vertex -4.137428e+01 -1.858284e+01  1.472858e+02
     vertex -3.911157e+01 -1.840882e+01  1.472858e+02
     vertex -3.929885e+01 -1.857048e+01  1.472858e+02
   endloop
 endfacet
 facet normal  0.000000e+00  0.000000e+00 -1.000000e+00
   outer loop
     vertex -4.731846e+01 -2.275591e+01  1.472858e+02
     vertex -4.634571e+01 -2.252406e+01  1.472858e+02
     vertex -4.615307e+01 -2.310293e+01  1.472858e+02
   endloop
 endfacet
 facet normal  0.000000e+00  0.000000e+00 -1.000000e+00
   outer loop
     vertex -4.731846e+01 -2.275591e+01  1.472858e+02
     vertex -4.615307e+01 -2.310293e+01  1.472858e+02
     vertex -4.707078e+01 -2.350019e+01  1.472858e+02
   endloop
 endfacet
 facet normal  0.000000e+00  0.000000e+00 -1.000000e+00
   outer loop
     vertex -4.743314e+01 -2.197994e+01  1.472858e+02
     vertex -4.641794e+01 -2.131067e+01  1.472858e+02
     vertex -4.643490e+01 -2.192052e+01  1.472858e+02
   endloop
 endfacet
 facet normal  0.000000e+00  0.000000e+00 -1.000000e+00
   outer loop
     vertex -4.743314e+01 -2.197994e+01  1.472858e+02
     vertex -4.643490e+01 -2.192052e+01  1.472858e+02
     vertex -4.634571e+01 -2.252406e+01  1.472858e+02
   endloop
 endfacet
 facet normal  0.000000e+00  0.000000e+00 -1.000000e+00
   outer loop
     vertex -4.743314e+01 -2.197994e+01  1.472858e+02
     vertex -4.634571e+01 -2.252406e+01  1.472858e+02
     vertex -4.731846e+01 -2.275591e+01  1.472858e+02
   endloop
 endfacet
 facet normal  1.184721e-14  9.280472e-15 -1.000000e+00
   outer loop
     vertex -4.242437e+01 -1.724232e+01  1.472858e+02
     vertex -3.911157e+01 -1.840882e+01  1.472858e+02
     vertex -4.137428e+01 -1.858284e+01  1.472858e+02
   endloop
 endfacet
 facet normal  0.000000e+00  0.000000e+00 -1.000000e+00
   outer loop
     vertex -4.242437e+01 -1.724232e+01  1.472858e+02
     vertex -4.137428e+01 -1.858284e+01  1.472858e+02
     vertex -4.194156e+01 -1.835831e+01  1.472858e+02
   endloop
 endfacet
 facet normal  0.000000e+00 -0.000000e+00 -1.000000e+00
   outer loop
     vertex -4.242437e+01 -1.724232e+01  1.472858e+02
     vertex -4.194156e+01 -1.835831e+01  1.472858e+02
     vertex -4.253920e+01 -1.823570e+01  1.472858e+02
   endloop
 endfacet
 facet normal -1.138700e-13 -4.511082e-13 -1.000000e+00
   outer loop
     vertex -4.242437e+01 -1.724232e+01  1.472858e+02
     vertex -3.843820e+01 -1.824852e+01  1.472858e+02
     vertex -3.868272e+01 -1.824980e+01  1.472858e+02
   endloop
 endfacet
 facet normal  3.316741e-15 -1.589266e-14 -1.000000e+00
   outer loop
     vertex -4.242437e+01 -1.724232e+01  1.472858e+02
     vertex -3.868272e+01 -1.824980e+01  1.472858e+02
     vertex -3.884188e+01 -1.828302e+01  1.472858e+02
   endloop
 endfacet
 facet normal  4.888966e-15 -1.048046e-14 -1.000000e+00
   outer loop
     vertex -4.242437e+01 -1.724232e+01  1.472858e+02
     vertex -3.884188e+01 -1.828302e+01  1.472858e+02
     vertex -3.911157e+01 -1.840882e+01  1.472858e+02
   endloop
 endfacet
 facet normal  0.000000e+00 -0.000000e+00 -1.000000e+00
   outer loop
     vertex -4.741132e+01 -2.119584e+01  1.472858e+02
     vertex -4.641794e+01 -2.131067e+01  1.472858e+02
     vertex -4.743314e+01 -2.197994e+01  1.472858e+02
   endloop
 endfacet
 facet normal  0.000000e+00  0.000000e+00 -1.000000e+00
   outer loop
     vertex -4.320847e+01 -1.722050e+01  1.472858e+02
     vertex -4.253920e+01 -1.823570e+01  1.472858e+02
     vertex -4.314905e+01 -1.821874e+01  1.472858e+02
   endloop
 endfacet
 facet normal  0.000000e+00 -0.000000e+00 -1.000000e+00
   outer loop
     vertex -4.320847e+01 -1.722050e+01  1.472858e+02
     vertex -4.314905e+01 -1.821874e+01  1.472858e+02
     vertex -4.375259e+01 -1.830793e+01  1.472858e+02
   endloop
 endfacet
 facet normal  0.000000e+00  0.000000e+00 -1.000000e+00
   outer loop
     vertex -4.320847e+01 -1.722050e+01  1.472858e+02
     vertex -4.242437e+01 -1.724232e+01  1.472858e+02
     vertex -4.253920e+01 -1.823570e+01  1.472858e+02
   endloop
 endfacet
 facet normal  0.000000e+00  0.000000e+00 -1.000000e+00
   outer loop
     vertex -4.725368e+01 -2.042744e+01  1.472858e+02
     vertex -4.607080e+01 -2.014575e+01  1.472858e+02
     vertex -4.629533e+01 -2.071302e+01  1.472858e+02
   endloop
 endfacet
 facet normal  0.000000e+00  0.000000e+00 -1.000000e+00
   outer loop
     vertex -4.725368e+01 -2.042744e+01  1.472858e+02
     vertex -4.629533e+01 -2.071302e+01  1.472858e+02
     vertex -4.641794e+01 -2.131067e+01  1.472858e+02
   endloop
 endfacet
 facet normal  0.000000e+00 -0.000000e+00 -1.000000e+00
   outer loop
     vertex -4.725368e+01 -2.042744e+01  1.472858e+02
     vertex -4.641794e+01 -2.131067e+01  1.472858e+02
     vertex -4.741132e+01 -2.119584e+01  1.472858e+02
   endloop
 endfacet
 facet normal  0.000000e+00  0.000000e+00 -1.000000e+00
   outer loop
     vertex -4.398445e+01 -1.733518e+01  1.472858e+02
     vertex -4.320847e+01 -1.722050e+01  1.472858e+02
     vertex -4.375259e+01 -1.830793e+01  1.472858e+02
   endloop
 endfacet
 facet normal  0.000000e+00 -0.000000e+00 -1.000000e+00
   outer loop
     vertex -4.696501e+01 -1.969809e+01  1.472858e+02
     vertex -4.607080e+01 -2.014575e+01  1.472858e+02
     vertex -4.725368e+01 -2.042744e+01  1.472858e+02
   endloop
 endfacet
 facet normal  0.000000e+00  0.000000e+00 -1.000000e+00
   outer loop
     vertex -4.696501e+01 -1.969809e+01  1.472858e+02
     vertex -4.575118e+01 -1.962608e+01  1.472858e+02
     vertex -4.607080e+01 -2.014575e+01  1.472858e+02
   endloop
 endfacet
 facet normal  0.000000e+00  0.000000e+00 -1.000000e+00
   outer loop
     vertex -4.472872e+01 -1.758286e+01  1.472858e+02
     vertex -4.375259e+01 -1.830793e+01  1.472858e+02
     vertex -4.433147e+01 -1.850057e+01  1.472858e+02
   endloop
 endfacet
 facet normal  0.000000e+00  0.000000e+00 -1.000000e+00
   outer loop
     vertex -4.472872e+01 -1.758286e+01  1.472858e+02
     vertex -4.398445e+01 -1.733518e+01  1.472858e+02
     vertex -4.375259e+01 -1.830793e+01  1.472858e+02
   endloop
 endfacet
 facet normal  0.000000e+00 -0.000000e+00 -1.000000e+00
   outer loop
     vertex -4.655407e+01 -1.902995e+01  1.472858e+02
     vertex -4.575118e+01 -1.962608e+01  1.472858e+02
     vertex -4.696501e+01 -1.969809e+01  1.472858e+02
   endloop
 endfacet
 facet normal  0.000000e+00  0.000000e+00 -1.000000e+00
   outer loop
     vertex -4.541867e+01 -1.795602e+01  1.472858e+02
     vertex -4.433147e+01 -1.850057e+01  1.472858e+02
     vertex -4.486810e+01 -1.879080e+01  1.472858e+02
   endloop
 endfacet
 facet normal  0.000000e+00  0.000000e+00 -1.000000e+00
   outer loop
     vertex -4.541867e+01 -1.795602e+01  1.472858e+02
     vertex -4.486810e+01 -1.879080e+01  1.472858e+02
     vertex -4.534618e+01 -1.916981e+01  1.472858e+02
   endloop
 endfacet
 facet normal  0.000000e+00  0.000000e+00 -1.000000e+00
   outer loop
     vertex -4.541867e+01 -1.795602e+01  1.472858e+02
     vertex -4.472872e+01 -1.758286e+01  1.472858e+02
     vertex -4.433147e+01 -1.850057e+01  1.472858e+02
   endloop
 endfacet
 facet normal  0.000000e+00  0.000000e+00 -1.000000e+00
   outer loop
     vertex -4.603335e+01 -1.844332e+01  1.472858e+02
     vertex -4.541867e+01 -1.795602e+01  1.472858e+02
     vertex -4.534618e+01 -1.916981e+01  1.472858e+02
   endloop
 endfacet
 facet normal  0.000000e+00  0.000000e+00 -1.000000e+00
   outer loop
     vertex -4.603335e+01 -1.844332e+01  1.472858e+02
     vertex -4.534618e+01 -1.916981e+01  1.472858e+02
     vertex -4.575118e+01 -1.962608e+01  1.472858e+02
   endloop
 endfacet
 facet normal  0.000000e+00 -0.000000e+00 -1.000000e+00
   outer loop
     vertex -4.603335e+01 -1.844332e+01  1.472858e+02
     vertex -4.575118e+01 -1.962608e+01  1.472858e+02
     vertex -4.655407e+01 -1.902995e+01  1.472858e+02
   endloop
 endfacet
 facet normal  0.000000e+00  0.000000e+00 -1.000000e+00
   outer loop
     vertex -4.242437e+01 -1.724232e+01  1.472858e+02
     vertex  1.519200e+01 -2.390216e+01  1.472858e+02
     vertex  1.208410e+01 -2.408836e+01  1.472858e+02
   endloop
 endfacet
 facet normal  0.000000e+00  0.000000e+00 -1.000000e+00
   outer loop
     vertex -4.242437e+01 -1.724232e+01  1.472858e+02
     vertex  1.208410e+01 -2.408836e+01  1.472858e+02
     vertex -3.843820e+01 -1.824852e+01  1.472858e+02
   endloop
 endfacet
 facet normal -9.795980e-01  2.009672e-01  0.000000e+00
   outer loop
     vertex -4.790802e+01 -2.113843e+01  1.477858e+02
     vertex -4.790802e+01 -2.113843e+01  1.589858e+02
     vertex -4.773286e+01 -2.028465e+01  1.589858e+02
   endloop
 endfacet
 facet normal -9.298181e-01  3.680195e-01  7.004291e-16
   outer loop
     vertex -4.773286e+01 -2.028465e+01  1.477858e+02
     vertex -4.773286e+01 -2.028465e+01  1.589858e+02
     vertex -4.741211e+01 -1.947426e+01  1.589858e+02
   endloop
 endfacet
 facet normal -9.795980e-01  2.009672e-01  3.824887e-16
   outer loop
     vertex -4.773286e+01 -2.028465e+01  1.477858e+02
     vertex -4.790802e+01 -2.113843e+01  1.477858e+02
     vertex -4.773286e+01 -2.028465e+01  1.589858e+02
   endloop
 endfacet
 facet normal -8.517862e-01  5.238896e-01  2.905218e-16
   outer loop
     vertex -4.741211e+01 -1.947426e+01  1.477858e+02
     vertex -4.741211e+01 -1.947426e+01  1.589858e+02
     vertex -4.695551e+01 -1.873188e+01  1.589858e+02
   endloop
 endfacet
 facet normal -9.298181e-01  3.680195e-01 -6.197875e-18
   outer loop
     vertex -4.741211e+01 -1.947426e+01  1.477858e+02
     vertex -4.773286e+01 -2.028465e+01  1.477858e+02
     vertex -4.741211e+01 -1.947426e+01  1.589858e+02
   endloop
 endfacet
 facet normal -7.478731e-01  6.638417e-01  3.678392e-16
   outer loop
     vertex -4.695551e+01 -1.873188e+01  1.477858e+02
     vertex -4.695551e+01 -1.873188e+01  1.589858e+02
     vertex -4.637693e+01 -1.808007e+01  1.589858e+02
   endloop
 endfacet
 facet normal -8.517862e-01  5.238896e-01  1.243406e-16
   outer loop
     vertex -4.695551e+01 -1.873188e+01  1.477858e+02
     vertex -4.741211e+01 -1.947426e+01  1.477858e+02
     vertex -4.695551e+01 -1.873188e+01  1.589858e+02
   endloop
 endfacet
 facet normal -6.212364e-01  7.836232e-01  3.515908e-16
   outer loop
     vertex -4.637693e+01 -1.808007e+01  1.477858e+02
     vertex -4.637693e+01 -1.808007e+01  1.589858e+02
     vertex -4.569396e+01 -1.753862e+01  1.589858e+02
   endloop
 endfacet
 facet normal -7.478731e-01  6.638417e-01  1.572643e-16
   outer loop
     vertex -4.637693e+01 -1.808007e+01  1.477858e+02
     vertex -4.695551e+01 -1.873188e+01  1.477858e+02
     vertex -4.637693e+01 -1.808007e+01  1.589858e+02
   endloop
 endfacet
 facet normal -4.757236e-01  8.795948e-01  5.352344e-16
   outer loop
     vertex -4.569396e+01 -1.753862e+01  1.477858e+02
     vertex -4.569396e+01 -1.753862e+01  1.589858e+02
     vertex -4.492734e+01 -1.712400e+01  1.589858e+02
   endloop
 endfacet
 facet normal -6.212364e-01  7.836232e-01  3.515908e-16
   outer loop
     vertex -4.569396e+01 -1.753862e+01  1.477858e+02
     vertex -4.637693e+01 -1.808007e+01  1.477858e+02
     vertex -4.569396e+01 -1.753862e+01  1.589858e+02
   endloop
 endfacet
 facet normal -3.157563e-01  9.488403e-01  6.019568e-16
   outer loop
     vertex -4.492734e+01 -1.712400e+01  1.477858e+02
     vertex -4.492734e+01 -1.712400e+01  1.589858e+02
     vertex -4.410038e+01 -1.684880e+01  1.589858e+02
   endloop
 endfacet
 facet normal -4.757236e-01  8.795948e-01  5.580265e-16
   outer loop
     vertex -4.492734e+01 -1.712400e+01  1.477858e+02
     vertex -4.569396e+01 -1.753862e+01  1.477858e+02
     vertex -4.492734e+01 -1.712400e+01  1.589858e+02
   endloop
 endfacet
 facet normal -1.461949e-01  9.892558e-01  2.210505e-16
   outer loop
     vertex -4.410038e+01 -1.684880e+01  1.477858e+02
     vertex -4.410038e+01 -1.684880e+01  1.589858e+02
     vertex -4.323818e+01 -1.672139e+01  1.589858e+02
   endloop
 endfacet
 facet normal -3.157563e-01  9.488403e-01  1.006584e-16
   outer loop
     vertex -4.410038e+01 -1.684880e+01  1.477858e+02
     vertex -4.492734e+01 -1.712400e+01  1.477858e+02
     vertex -4.410038e+01 -1.684880e+01  1.589858e+02
   endloop
 endfacet
 facet normal  2.780865e-02  9.996133e-01  3.170839e-16
   outer loop
     vertex -4.323818e+01 -1.672139e+01  1.477858e+02
     vertex -4.323818e+01 -1.672139e+01  1.589858e+02
     vertex -4.236696e+01 -1.674562e+01  1.589858e+02
   endloop
 endfacet
 facet normal -1.461949e-01  9.892558e-01  3.137985e-16
   outer loop
     vertex -4.323818e+01 -1.672139e+01  1.477858e+02
     vertex -4.410038e+01 -1.684880e+01  1.477858e+02
     vertex -4.323818e+01 -1.672139e+01  1.589858e+02
   endloop
 endfacet
 facet normal  2.780865e-02  9.996133e-01 -0.000000e+00
   outer loop
     vertex -4.236696e+01 -1.674562e+01  1.477858e+02
     vertex -4.323818e+01 -1.672139e+01  1.477858e+02
     vertex -4.236696e+01 -1.674562e+01  1.589858e+02
   endloop
 endfacet
 facet normal  2.009672e-01  9.795980e-01 -0.000000e+00
   outer loop
     vertex  1.524941e+01 -2.340547e+01  1.477858e+02
     vertex  1.524941e+01 -2.340547e+01  1.507858e+02
     vertex  1.610319e+01 -2.358062e+01  1.507858e+02
   endloop
 endfacet
 facet normal  3.680195e-01  9.298181e-01  6.421645e-16
   outer loop
     vertex  1.610319e+01 -2.358062e+01  1.477858e+02
     vertex  1.610319e+01 -2.358062e+01  1.507858e+02
     vertex  1.691358e+01 -2.390137e+01  1.507858e+02
   endloop
 endfacet
 facet normal  2.009672e-01  9.795980e-01 -2.081052e-16
   outer loop
     vertex  1.610319e+01 -2.358062e+01  1.477858e+02
     vertex  1.524941e+01 -2.340547e+01  1.477858e+02
     vertex  1.610319e+01 -2.358062e+01  1.507858e+02
   endloop
 endfacet
 facet normal  5.238896e-01  8.517862e-01  8.525124e-16
   outer loop
     vertex  1.691358e+01 -2.390137e+01  1.477858e+02
     vertex  1.691358e+01 -2.390137e+01  1.507858e+02
     vertex  1.765596e+01 -2.435797e+01  1.507858e+02
   endloop
 endfacet
 facet normal  3.680195e-01  9.298181e-01  2.063419e-16
   outer loop
     vertex  1.691358e+01 -2.390137e+01  1.477858e+02
     vertex  1.610319e+01 -2.358062e+01  1.477858e+02
     vertex  1.691358e+01 -2.390137e+01  1.507858e+02
   endloop
 endfacet
 facet normal  6.638417e-01  7.478731e-01  5.871200e-16
   outer loop
     vertex  1.765596e+01 -2.435797e+01  1.477858e+02
     vertex  1.765596e+01 -2.435797e+01  1.507858e+02
     vertex  1.830777e+01 -2.493655e+01  1.507858e+02
   endloop
 endfacet
 facet normal  5.238896e-01  8.517862e-01 -1.562050e-16
   outer loop
     vertex  1.765596e+01 -2.435797e+01  1.477858e+02
     vertex  1.691358e+01 -2.390137e+01  1.477858e+02
     vertex  1.765596e+01 -2.435797e+01  1.507858e+02
   endloop
 endfacet
 facet normal  7.836232e-01  6.212364e-01  1.312606e-15
   outer loop
     vertex  1.830777e+01 -2.493655e+01  1.477858e+02
     vertex  1.830777e+01 -2.493655e+01  1.507858e+02
     vertex  1.884922e+01 -2.561952e+01  1.507858e+02
   endloop
 endfacet
 facet normal  6.638417e-01  7.478731e-01  5.871200e-16
   outer loop
     vertex  1.830777e+01 -2.493655e+01  1.477858e+02
     vertex  1.765596e+01 -2.435797e+01  1.477858e+02
     vertex  1.830777e+01 -2.493655e+01  1.507858e+02
   endloop
 endfacet
 facet normal  8.795948e-01  4.757236e-01  3.931891e-16
   outer loop
     vertex  1.884922e+01 -2.561952e+01  1.477858e+02
     vertex  1.884922e+01 -2.561952e+01  1.507858e+02
     vertex  1.926384e+01 -2.638614e+01  1.507858e+02
   endloop
 endfacet
 facet normal  7.836232e-01  6.212364e-01 -3.510823e-16
   outer loop
     vertex  1.884922e+01 -2.561952e+01  1.477858e+02
     vertex  1.830777e+01 -2.493655e+01  1.477858e+02
     vertex  1.884922e+01 -2.561952e+01  1.507858e+02
   endloop
 endfacet
 facet normal  9.488403e-01  3.157563e-01  1.125514e-15
   outer loop
     vertex  1.926384e+01 -2.638614e+01  1.477858e+02
     vertex  1.926384e+01 -2.638614e+01  1.507858e+02
     vertex  1.953904e+01 -2.721311e+01  1.507858e+02
   endloop
 endfacet
 facet normal  8.795948e-01  4.757236e-01  3.931891e-16
   outer loop
     vertex  1.926384e+01 -2.638614e+01  1.477858e+02
     vertex  1.884922e+01 -2.561952e+01  1.477858e+02
     vertex  1.926384e+01 -2.638614e+01  1.507858e+02
   endloop
 endfacet
 facet normal  9.892558e-01  1.461949e-01  6.521258e-16
   outer loop
     vertex  1.953904e+01 -2.721311e+01  1.477858e+02
     vertex  1.953904e+01 -2.721311e+01  1.507858e+02
     vertex  1.966645e+01 -2.807530e+01  1.507858e+02
   endloop
 endfacet
 facet normal  9.488403e-01  3.157563e-01  1.860969e-18
   outer loop
     vertex  1.953904e+01 -2.721311e+01  1.477858e+02
     vertex  1.926384e+01 -2.638614e+01  1.477858e+02
     vertex  1.953904e+01 -2.721311e+01  1.507858e+02
   endloop
 endfacet
 facet normal  9.996133e-01 -2.780865e-02  1.317282e-16
   outer loop
     vertex  1.966645e+01 -2.807530e+01  1.477858e+02
     vertex  1.966645e+01 -2.807530e+01  1.507858e+02
     vertex  1.964222e+01 -2.894652e+01  1.507858e+02
   endloop
 endfacet
 facet normal  9.892558e-01  1.461949e-01 -6.925179e-16
   outer loop
     vertex  1.966645e+01 -2.807530e+01  1.477858e+02
     vertex  1.953904e+01 -2.721311e+01  1.477858e+02
     vertex  1.966645e+01 -2.807530e+01  1.507858e+02
   endloop
 endfacet
 facet normal  9.795980e-01 -2.009672e-01  9.519719e-16
   outer loop
     vertex  1.964222e+01 -2.894652e+01  1.477858e+02
     vertex  1.964222e+01 -2.894652e+01  1.507858e+02
     vertex  1.946706e+01 -2.980029e+01  1.507858e+02
   endloop
 endfacet
 facet normal  9.996133e-01 -2.780865e-02  1.317282e-16
   outer loop
     vertex  1.964222e+01 -2.894652e+01  1.477858e+02
     vertex  1.966645e+01 -2.807530e+01  1.477858e+02
     vertex  1.964222e+01 -2.894652e+01  1.507858e+02
   endloop
 endfacet
 facet normal  9.298181e-01 -3.680195e-01  6.421645e-16
   outer loop
     vertex  1.946706e+01 -2.980029e+01  1.477858e+02
     vertex  1.946706e+01 -2.980029e+01  1.507858e+02
     vertex  1.914631e+01 -3.061068e+01  1.507858e+02
   endloop
 endfacet
 facet normal  9.795980e-01 -2.009672e-01 -2.081052e-16
   outer loop
     vertex  1.946706e+01 -2.980029e+01  1.477858e+02
     vertex  1.964222e+01 -2.894652e+01  1.477858e+02
     vertex  1.946706e+01 -2.980029e+01  1.507858e+02
   endloop
 endfacet
 facet normal  8.517862e-01 -5.238896e-01  8.525124e-16
   outer loop
     vertex  1.914631e+01 -3.061068e+01  1.477858e+02
     vertex  1.914631e+01 -3.061068e+01  1.507858e+02
     vertex  1.868971e+01 -3.135307e+01  1.507858e+02
   endloop
 endfacet
 facet normal  9.298181e-01 -3.680195e-01  2.063419e-16
   outer loop
     vertex  1.914631e+01 -3.061068e+01  1.477858e+02
     vertex  1.946706e+01 -2.980029e+01  1.477858e+02
     vertex  1.914631e+01 -3.061068e+01  1.507858e+02
   endloop
 endfacet
 facet normal  8.517862e-01 -5.238896e-01 -1.562050e-16
   outer loop
     vertex  1.868971e+01 -3.135307e+01  1.477858e+02
     vertex  1.914631e+01 -3.061068e+01  1.477858e+02
     vertex  1.868971e+01 -3.135307e+01  1.507858e+02
   endloop
 endfacet
 facet normal  7.478731e-01 -6.638417e-01 -1.990265e-16
   outer loop
     vertex  1.811114e+01 -3.200488e+01  1.477858e+02
     vertex  1.868971e+01 -3.135307e+01  1.507858e+02
     vertex  1.811114e+01 -3.200488e+01  1.507858e+02
   endloop
 endfacet
 facet normal  7.478731e-01 -6.638417e-01  5.944578e-16
   outer loop
     vertex  1.811114e+01 -3.200488e+01  1.477858e+02
     vertex  1.868971e+01 -3.135307e+01  1.477858e+02
     vertex  1.868971e+01 -3.135307e+01  1.507858e+02
   endloop
 endfacet
 facet normal  6.212364e-01 -7.836232e-01  3.846094e-16
   outer loop
     vertex  1.742816e+01 -3.254632e+01  1.477858e+02
     vertex  1.811114e+01 -3.200488e+01  1.507858e+02
     vertex  1.742816e+01 -3.254632e+01  1.507858e+02
   endloop
 endfacet
 facet normal  6.212364e-01 -7.836232e-01  3.821514e-16
   outer loop
     vertex  1.742816e+01 -3.254632e+01  1.477858e+02
     vertex  1.811114e+01 -3.200488e+01  1.477858e+02
     vertex  1.811114e+01 -3.200488e+01  1.507858e+02
   endloop
 endfacet
 facet normal  4.757236e-01 -8.795948e-01  9.553785e-16
   outer loop
     vertex  1.666155e+01 -3.296094e+01  1.477858e+02
     vertex  1.742816e+01 -3.254632e+01  1.477858e+02
     vertex  1.742816e+01 -3.254632e+01  1.507858e+02
   endloop
 endfacet
 facet normal  4.757236e-01 -8.795948e-01 -1.690110e-15
   outer loop
     vertex  1.666155e+01 -3.296094e+01  1.477858e+02
     vertex  1.742816e+01 -3.254632e+01  1.507858e+02
     vertex  1.666155e+01 -3.296094e+01  1.507858e+02
   endloop
 endfacet
 facet normal  3.157563e-01 -9.488403e-01 -1.121792e-15
   outer loop
     vertex  1.666155e+01 -3.296094e+01  1.477858e+02
     vertex  1.666155e+01 -3.296094e+01  1.507858e+02
     vertex  1.583458e+01 -3.323614e+01  1.507858e+02
   endloop
 endfacet
 facet normal  3.157563e-01 -9.488403e-01 -1.308757e-15
   outer loop
     vertex  1.583458e+01 -3.323614e+01  1.477858e+02
     vertex  1.666155e+01 -3.296094e+01  1.477858e+02
     vertex  1.583458e+01 -3.323614e+01  1.507858e+02
   endloop
 endfacet
 facet normal  1.461949e-01 -9.892558e-01 -6.050731e-16
   outer loop
     vertex  1.497238e+01 -3.336356e+01  1.477858e+02
     vertex  1.583458e+01 -3.323614e+01  1.477858e+02
     vertex  1.583458e+01 -3.323614e+01  1.507858e+02
   endloop
 endfacet
 facet normal  1.461949e-01 -9.892558e-01 -6.059532e-16
   outer loop
     vertex  1.497238e+01 -3.336356e+01  1.477858e+02
     vertex  1.583458e+01 -3.323614e+01  1.507858e+02
     vertex  1.497238e+01 -3.336356e+01  1.507858e+02
   endloop
 endfacet
 facet normal -2.780865e-02 -9.996133e-01  1.152622e-16
   outer loop
     vertex  1.497238e+01 -3.336356e+01  1.477858e+02
     vertex  1.497238e+01 -3.336356e+01  1.507858e+02
     vertex  1.410116e+01 -3.333932e+01  1.507858e+02
   endloop
 endfacet
 facet normal -2.780865e-02 -9.996133e-01  0.000000e+00
   outer loop
     vertex  1.410116e+01 -3.333932e+01  1.477858e+02
     vertex  1.497238e+01 -3.336356e+01  1.477858e+02
     vertex  1.410116e+01 -3.333932e+01  1.507858e+02
   endloop
 endfacet
 facet normal  1.148249e-01  9.933858e-01 -0.000000e+00
   outer loop
     vertex -3.988350e+01 -1.703269e+01  1.557858e+02
     vertex -4.236696e+01 -1.674562e+01  1.589858e+02
     vertex -3.988350e+01 -1.703269e+01  1.589858e+02
   endloop
 endfacet
 facet normal  1.148249e-01  9.933858e-01  6.033796e-16
   outer loop
     vertex -4.236696e+01 -1.674562e+01  1.477858e+02
     vertex -3.988350e+01 -1.703269e+01  1.557858e+02
     vertex -3.764526e+01 -1.729140e+01  1.534278e+02
   endloop
 endfacet
 facet normal  1.148249e-01  9.933858e-01 -0.000000e+00
   outer loop
     vertex -4.236696e+01 -1.674562e+01  1.477858e+02
     vertex -4.236696e+01 -1.674562e+01  1.589858e+02
     vertex -3.988350e+01 -1.703269e+01  1.557858e+02
   endloop
 endfacet
 facet normal  1.148249e-01  9.933858e-01 -6.534809e-16
   outer loop
     vertex -3.638775e+01 -1.743676e+01  1.523927e+02
     vertex -4.236696e+01 -1.674562e+01  1.477858e+02
     vertex -3.764526e+01 -1.729140e+01  1.534278e+02
   endloop
 endfacet
 facet normal  1.148249e-01  9.933858e-01 -5.772706e-15
   outer loop
     vertex -3.536226e+01 -1.755529e+01  1.517417e+02
     vertex -4.236696e+01 -1.674562e+01  1.477858e+02
     vertex -3.638775e+01 -1.743676e+01  1.523927e+02
   endloop
 endfacet
 facet normal  1.148249e-01  9.933858e-01 -1.865719e-15
   outer loop
     vertex -3.415069e+01 -1.769534e+01  1.511938e+02
     vertex -4.236696e+01 -1.674562e+01  1.477858e+02
     vertex -3.536226e+01 -1.755529e+01  1.517417e+02
   endloop
 endfacet
 facet normal  1.148249e-01  9.933858e-01  1.830811e-14
   outer loop
     vertex -3.302957e+01 -1.782493e+01  1.508920e+02
     vertex -4.236696e+01 -1.674562e+01  1.477858e+02
     vertex -3.415069e+01 -1.769534e+01  1.511938e+02
   endloop
 endfacet
 facet normal  1.148249e-01  9.933858e-01 -5.787189e-15
   outer loop
     vertex -3.244747e+01 -1.789221e+01  1.508121e+02
     vertex -4.236696e+01 -1.674562e+01  1.477858e+02
     vertex -3.302957e+01 -1.782493e+01  1.508920e+02
   endloop
 endfacet
 facet normal  1.148249e-01  9.933858e-01 -4.312824e-15
   outer loop
     vertex -3.187457e+01 -1.795843e+01  1.507858e+02
     vertex -4.236696e+01 -1.674562e+01  1.477858e+02
     vertex -3.244747e+01 -1.789221e+01  1.508121e+02
   endloop
 endfacet
 facet normal  1.148249e-01  9.933858e-01 -0.000000e+00
   outer loop
     vertex  1.524941e+01 -2.340547e+01  1.477858e+02
     vertex -3.187457e+01 -1.795843e+01  1.507858e+02
     vertex  1.524941e+01 -2.340547e+01  1.507858e+02
   endloop
 endfacet
 facet normal  1.148249e-01  9.933858e-01  1.306745e-15
   outer loop
     vertex  1.524941e+01 -2.340547e+01  1.477858e+02
     vertex -4.236696e+01 -1.674562e+01  1.477858e+02
     vertex -3.187457e+01 -1.795843e+01  1.507858e+02
   endloop
 endfacet
 facet normal -1.148249e-01 -9.933858e-01  0.000000e+00
   outer loop
     vertex -3.302281e+01 -2.789229e+01  1.507858e+02
     vertex  1.410116e+01 -3.333932e+01  1.477858e+02
     vertex  1.410116e+01 -3.333932e+01  1.507858e+02
   endloop
 endfacet
 facet normal -1.148249e-01 -9.933858e-01  0.000000e+00
   outer loop
     vertex -4.103175e+01 -2.696654e+01  1.557858e+02
     vertex -4.103175e+01 -2.696654e+01  1.589858e+02
     vertex -4.351521e+01 -2.667948e+01  1.589858e+02
   endloop
 endfacet
 facet normal -1.148249e-01 -9.933858e-01 -7.271786e-15
   outer loop
     vertex -4.351521e+01 -2.667948e+01  1.477858e+02
     vertex -3.302281e+01 -2.789229e+01  1.507858e+02
     vertex -3.408411e+01 -2.776962e+01  1.508755e+02
   endloop
 endfacet
 facet normal -1.148249e-01 -9.933858e-01  6.923011e-15
   outer loop
     vertex -4.351521e+01 -2.667948e+01  1.477858e+02
     vertex -3.408411e+01 -2.776962e+01  1.508755e+02
     vertex -3.511721e+01 -2.765020e+01  1.511317e+02
   endloop
 endfacet
 facet normal -1.148249e-01 -9.933858e-01 -1.057520e-15
   outer loop
     vertex -4.351521e+01 -2.667948e+01  1.477858e+02
     vertex -3.511721e+01 -2.765020e+01  1.511317e+02
     vertex -3.610586e+01 -2.753592e+01  1.515326e+02
   endloop
 endfacet
 facet normal -1.148249e-01 -9.933858e-01 -1.086974e-15
   outer loop
     vertex -4.351521e+01 -2.667948e+01  1.477858e+02
     vertex -3.610586e+01 -2.753592e+01  1.515326e+02
     vertex -3.703134e+01 -2.742895e+01  1.520505e+02
   endloop
 endfacet
 facet normal -1.148249e-01 -9.933858e-01 -2.472657e-15
   outer loop
     vertex -4.351521e+01 -2.667948e+01  1.477858e+02
     vertex -3.703134e+01 -2.742895e+01  1.520505e+02
     vertex -3.818022e+01 -2.729615e+01  1.528908e+02
   endloop
 endfacet
 facet normal -1.148249e-01 -9.933858e-01  1.442657e-15
   outer loop
     vertex -4.351521e+01 -2.667948e+01  1.477858e+02
     vertex -3.818022e+01 -2.729615e+01  1.528908e+02
     vertex -3.966092e+01 -2.712500e+01  1.542825e+02
   endloop
 endfacet
 facet normal -1.148249e-01 -9.933858e-01 -1.125391e-15
   outer loop
     vertex -4.351521e+01 -2.667948e+01  1.477858e+02
     vertex -3.966092e+01 -2.712500e+01  1.542825e+02
     vertex -4.103175e+01 -2.696654e+01  1.557858e+02
   endloop
 endfacet
 facet normal -1.148249e-01 -9.933858e-01  0.000000e+00
   outer loop
     vertex -4.351521e+01 -2.667948e+01  1.477858e+02
     vertex -4.103175e+01 -2.696654e+01  1.557858e+02
     vertex -4.351521e+01 -2.667948e+01  1.589858e+02
   endloop
 endfacet
 facet normal -1.148249e-01 -9.933858e-01  1.470088e-15
   outer loop
     vertex -4.351521e+01 -2.667948e+01  1.477858e+02
     vertex  1.410116e+01 -3.333932e+01  1.477858e+02
     vertex -3.302281e+01 -2.789229e+01  1.507858e+02
   endloop
 endfacet
 facet normal  9.795980e-01 -2.009672e-01 -1.210134e-16
   outer loop
     vertex -4.641794e+01 -2.131067e+01  1.472858e+02
     vertex -4.629533e+01 -2.071302e+01  1.531858e+02
     vertex -4.641794e+01 -2.131067e+01  1.531858e+02
   endloop
 endfacet
 facet normal  9.298181e-01 -3.680195e-01 -8.864188e-16
   outer loop
     vertex -4.629533e+01 -2.071302e+01  1.472858e+02
     vertex -4.607080e+01 -2.014575e+01  1.531858e+02
     vertex -4.629533e+01 -2.071302e+01  1.531858e+02
   endloop
 endfacet
 facet normal  9.795980e-01 -2.009672e-01 -4.840535e-16
   outer loop
     vertex -4.629533e+01 -2.071302e+01  1.472858e+02
     vertex -4.629533e+01 -2.071302e+01  1.531858e+02
     vertex -4.641794e+01 -2.131067e+01  1.472858e+02
   endloop
 endfacet
 facet normal  8.517862e-01 -5.238896e-01 -2.360364e-16
   outer loop
     vertex -4.607080e+01 -2.014575e+01  1.472858e+02
     vertex -4.575118e+01 -1.962608e+01  1.531858e+02
     vertex -4.607080e+01 -2.014575e+01  1.531858e+02
   endloop
 endfacet
 facet normal  9.298181e-01 -3.680195e-01  2.333702e-16
   outer loop
     vertex -4.607080e+01 -2.014575e+01  1.472858e+02
     vertex -4.607080e+01 -2.014575e+01  1.531858e+02
     vertex -4.629533e+01 -2.071302e+01  1.472858e+02
   endloop
 endfacet
 facet normal  7.478731e-01 -6.638417e-01 -6.982711e-16
   outer loop
     vertex -4.575118e+01 -1.962608e+01  1.472858e+02
     vertex -4.534618e+01 -1.916981e+01  1.531858e+02
     vertex -4.575118e+01 -1.962608e+01  1.531858e+02
   endloop
 endfacet
 facet normal  8.517862e-01 -5.238896e-01 -2.360364e-16
   outer loop
     vertex -4.575118e+01 -1.962608e+01  1.472858e+02
     vertex -4.575118e+01 -1.962608e+01  1.531858e+02
     vertex -4.607080e+01 -2.014575e+01  1.472858e+02
   endloop
 endfacet
 facet normal  6.212364e-01 -7.836232e-01 -6.674266e-16
   outer loop
     vertex -4.534618e+01 -1.916981e+01  1.472858e+02
     vertex -4.486810e+01 -1.879080e+01  1.531858e+02
     vertex -4.534618e+01 -1.916981e+01  1.531858e+02
   endloop
 endfacet
 facet normal  7.478731e-01 -6.638417e-01 -2.985356e-16
   outer loop
     vertex -4.534618e+01 -1.916981e+01  1.472858e+02
     vertex -4.534618e+01 -1.916981e+01  1.531858e+02
     vertex -4.575118e+01 -1.962608e+01  1.472858e+02
   endloop
 endfacet
 facet normal  4.757236e-01 -8.795948e-01 -4.431197e-16
   outer loop
     vertex -4.486810e+01 -1.879080e+01  1.472858e+02
     vertex -4.433147e+01 -1.850057e+01  1.531858e+02
     vertex -4.486810e+01 -1.879080e+01  1.531858e+02
   endloop
 endfacet
 facet normal  6.212364e-01 -7.836232e-01  8.073435e-17
   outer loop
     vertex -4.486810e+01 -1.879080e+01  1.472858e+02
     vertex -4.486810e+01 -1.879080e+01  1.531858e+02
     vertex -4.534618e+01 -1.916981e+01  1.472858e+02
   endloop
 endfacet
 facet normal  3.157563e-01 -9.488403e-01 -3.821609e-16
   outer loop
     vertex -4.433147e+01 -1.850057e+01  1.472858e+02
     vertex -4.375259e+01 -1.830793e+01  1.531858e+02
     vertex -4.433147e+01 -1.850057e+01  1.531858e+02
   endloop
 endfacet
 facet normal  4.757236e-01 -8.795948e-01  8.653263e-17
   outer loop
     vertex -4.433147e+01 -1.850057e+01  1.472858e+02
     vertex -4.433147e+01 -1.850057e+01  1.531858e+02
     vertex -4.486810e+01 -1.879080e+01  1.472858e+02
   endloop
 endfacet
 facet normal  1.461949e-01 -9.892558e-01 -2.435574e-16
   outer loop
     vertex -4.375259e+01 -1.830793e+01  1.472858e+02
     vertex -4.314905e+01 -1.821874e+01  1.531858e+02
     vertex -4.375259e+01 -1.830793e+01  1.531858e+02
   endloop
 endfacet
 facet normal  3.157563e-01 -9.488403e-01  1.891879e-16
   outer loop
     vertex -4.375259e+01 -1.830793e+01  1.472858e+02
     vertex -4.375259e+01 -1.830793e+01  1.531858e+02
     vertex -4.433147e+01 -1.850057e+01  1.472858e+02
   endloop
 endfacet
 facet normal -2.780865e-02 -9.996133e-01 -6.698045e-17
   outer loop
     vertex -4.314905e+01 -1.821874e+01  1.472858e+02
     vertex -4.253920e+01 -1.823570e+01  1.531858e+02
     vertex -4.314905e+01 -1.821874e+01  1.531858e+02
   endloop
 endfacet
 facet normal  1.461949e-01 -9.892558e-01  3.521278e-16
   outer loop
     vertex -4.314905e+01 -1.821874e+01  1.472858e+02
     vertex -4.314905e+01 -1.821874e+01  1.531858e+02
     vertex -4.375259e+01 -1.830793e+01  1.472858e+02
   endloop
 endfacet
 facet normal -2.009672e-01 -9.795980e-01 -1.362105e-16
   outer loop
     vertex -4.253920e+01 -1.823570e+01  1.472858e+02
     vertex -4.194156e+01 -1.835831e+01  1.531858e+02
     vertex -4.253920e+01 -1.823570e+01  1.531858e+02
   endloop
 endfacet
 facet normal -2.780865e-02 -9.996133e-01  5.014513e-16
   outer loop
     vertex -4.253920e+01 -1.823570e+01  1.472858e+02
     vertex -4.253920e+01 -1.823570e+01  1.531858e+02
     vertex -4.314905e+01 -1.821874e+01  1.472858e+02
   endloop
 endfacet
 facet normal -3.680195e-01 -9.298181e-01  2.333702e-16
   outer loop
     vertex -4.194156e+01 -1.835831e+01  1.472858e+02
     vertex -4.137428e+01 -1.858284e+01  1.531858e+02
     vertex -4.194156e+01 -1.835831e+01  1.531858e+02
   endloop
 endfacet
 facet normal -2.009672e-01 -9.795980e-01  6.956859e-16
   outer loop
     vertex -4.194156e+01 -1.835831e+01  1.472858e+02
     vertex -4.194156e+01 -1.835831e+01  1.531858e+02
     vertex -4.253920e+01 -1.823570e+01  1.472858e+02
   endloop
 endfacet
 facet normal -5.238896e-01 -8.517862e-01 -2.360364e-16
   outer loop
     vertex -4.137428e+01 -1.858284e+01  1.472858e+02
     vertex -4.085462e+01 -1.890246e+01  1.531858e+02
     vertex -4.137428e+01 -1.858284e+01  1.531858e+02
   endloop
 endfacet
 facet normal -3.680195e-01 -9.298181e-01  2.333702e-16
   outer loop
     vertex -4.137428e+01 -1.858284e+01  1.472858e+02
     vertex -4.137428e+01 -1.858284e+01  1.531858e+02
     vertex -4.194156e+01 -1.835831e+01  1.472858e+02
   endloop
 endfacet
 facet normal -6.638417e-01 -7.478731e-01 -2.479356e-16
   outer loop
     vertex -4.085462e+01 -1.890246e+01  1.472858e+02
     vertex -4.039835e+01 -1.930746e+01  1.531858e+02
     vertex -4.085462e+01 -1.890246e+01  1.531858e+02
   endloop
 endfacet
 facet normal -5.238896e-01 -8.517862e-01  2.768708e-16
   outer loop
     vertex -4.085462e+01 -1.890246e+01  1.472858e+02
     vertex -4.085462e+01 -1.890246e+01  1.531858e+02
     vertex -4.137428e+01 -1.858284e+01  1.472858e+02
   endloop
 endfacet
 facet normal -7.836232e-01 -6.212364e-01 -3.911282e-16
   outer loop
     vertex -4.039835e+01 -1.930746e+01  1.472858e+02
     vertex -4.001934e+01 -1.978554e+01  1.531858e+02
     vertex -4.039835e+01 -1.930746e+01  1.531858e+02
   endloop
 endfacet
 facet normal -6.638417e-01 -7.478731e-01  2.023998e-16
   outer loop
     vertex -4.039835e+01 -1.930746e+01  1.472858e+02
     vertex -4.039835e+01 -1.930746e+01  1.531858e+02
     vertex -4.085462e+01 -1.890246e+01  1.472858e+02
   endloop
 endfacet
 facet normal -8.795948e-01 -4.757236e-01  8.653263e-17
   outer loop
     vertex -4.001934e+01 -1.978554e+01  1.472858e+02
     vertex -3.972910e+01 -2.032217e+01  1.531858e+02
     vertex -4.001934e+01 -1.978554e+01  1.531858e+02
   endloop
 endfacet
 facet normal -7.836232e-01 -6.212364e-01  5.525969e-16
   outer loop
     vertex -4.001934e+01 -1.978554e+01  1.472858e+02
     vertex -4.001934e+01 -1.978554e+01  1.531858e+02
     vertex -4.039835e+01 -1.930746e+01  1.472858e+02
   endloop
 endfacet
 facet normal -8.795948e-01 -4.757236e-01  8.653263e-17
   outer loop
     vertex -3.972910e+01 -2.032217e+01  1.472858e+02
     vertex -3.972910e+01 -2.032217e+01  1.531858e+02
     vertex -4.001934e+01 -1.978554e+01  1.472858e+02
   endloop
 endfacet
 facet normal -9.488403e-01 -3.157563e-01 -3.821609e-16
   outer loop
     vertex -3.972910e+01 -2.032217e+01  1.472858e+02
     vertex -3.953646e+01 -2.090105e+01  1.531858e+02
     vertex -3.972910e+01 -2.032217e+01  1.531858e+02
   endloop
 endfacet
 facet normal -9.488403e-01 -3.157563e-01  7.605367e-16
   outer loop
     vertex -3.953646e+01 -2.090105e+01  1.472858e+02
     vertex -3.953646e+01 -2.090105e+01  1.531858e+02
     vertex -3.972910e+01 -2.032217e+01  1.472858e+02
   endloop
 endfacet
 facet normal -9.892558e-01 -1.461949e-01  3.527730e-16
   outer loop
     vertex -3.944727e+01 -2.150459e+01  1.472858e+02
     vertex -3.953646e+01 -2.090105e+01  1.531858e+02
     vertex -3.953646e+01 -2.090105e+01  1.472858e+02
   endloop
 endfacet
 facet normal -9.892558e-01 -1.461949e-01  4.401597e-16
   outer loop
     vertex -3.944727e+01 -2.150459e+01  1.472858e+02
     vertex -3.944727e+01 -2.150459e+01  1.531858e+02
     vertex -3.953646e+01 -2.090105e+01  1.531858e+02
   endloop
 endfacet
 facet normal -9.996133e-01  2.780865e-02 -8.337393e-17
   outer loop
     vertex -3.946424e+01 -2.211444e+01  1.472858e+02
     vertex -3.944727e+01 -2.150459e+01  1.531858e+02
     vertex -3.944727e+01 -2.150459e+01  1.472858e+02
   endloop
 endfacet
 facet normal -9.996133e-01  2.780865e-02  0.000000e+00
   outer loop
     vertex -3.946424e+01 -2.211444e+01  1.472858e+02
     vertex -3.946424e+01 -2.211444e+01  1.531858e+02
     vertex -3.944727e+01 -2.150459e+01  1.531858e+02
   endloop
 endfacet
 facet normal  0.000000e+00  0.000000e+00  1.000000e+00
   outer loop
     vertex  1.617560e+01 -3.064719e+01  1.512858e+02
     vertex  1.715288e+01 -3.212893e+01  1.512858e+02
     vertex  1.776755e+01 -3.164163e+01  1.512858e+02
   endloop
 endfacet
 facet normal  0.000000e+00  0.000000e+00  1.000000e+00
   outer loop
     vertex  1.654782e+01 -3.035210e+01  1.512858e+02
     vertex  1.776755e+01 -3.164163e+01  1.512858e+02
     vertex  1.828827e+01 -3.105500e+01  1.512858e+02
   endloop
 endfacet
 facet normal  0.000000e+00  0.000000e+00  1.000000e+00
   outer loop
     vertex  1.654782e+01 -3.035210e+01  1.512858e+02
     vertex  1.617560e+01 -3.064719e+01  1.512858e+02
     vertex  1.776755e+01 -3.164163e+01  1.512858e+02
   endloop
 endfacet
 facet normal  0.000000e+00  0.000000e+00  1.000000e+00
   outer loop
     vertex  1.575780e+01 -3.087315e+01  1.512858e+02
     vertex  1.646292e+01 -3.250209e+01  1.512858e+02
     vertex  1.715288e+01 -3.212893e+01  1.512858e+02
   endloop
 endfacet
 facet normal -0.000000e+00  0.000000e+00  1.000000e+00
   outer loop
     vertex  1.575780e+01 -3.087315e+01  1.512858e+02
     vertex  1.715288e+01 -3.212893e+01  1.512858e+02
     vertex  1.617560e+01 -3.064719e+01  1.512858e+02
   endloop
 endfacet
 facet normal  0.000000e+00  0.000000e+00  1.000000e+00
   outer loop
     vertex  1.686315e+01 -2.999686e+01  1.512858e+02
     vertex  1.828827e+01 -3.105500e+01  1.512858e+02
     vertex  1.869921e+01 -3.038686e+01  1.512858e+02
   endloop
 endfacet
 facet normal  0.000000e+00  0.000000e+00  1.000000e+00
   outer loop
     vertex  1.686315e+01 -2.999686e+01  1.512858e+02
     vertex  1.654782e+01 -3.035210e+01  1.512858e+02
     vertex  1.828827e+01 -3.105500e+01  1.512858e+02
   endloop
 endfacet
 facet normal  0.000000e+00  0.000000e+00  1.000000e+00
   outer loop
     vertex  1.530710e+01 -3.102314e+01  1.512858e+02
     vertex  1.571865e+01 -3.274977e+01  1.512858e+02
     vertex  1.646292e+01 -3.250209e+01  1.512858e+02
   endloop
 endfacet
 facet normal -0.000000e+00  0.000000e+00  1.000000e+00
   outer loop
     vertex  1.530710e+01 -3.102314e+01  1.512858e+02
     vertex  1.646292e+01 -3.250209e+01  1.512858e+02
     vertex  1.575780e+01 -3.087315e+01  1.512858e+02
   endloop
 endfacet
 facet normal  0.000000e+00  0.000000e+00  1.000000e+00
   outer loop
     vertex  1.711200e+01 -2.959226e+01  1.512858e+02
     vertex  1.686315e+01 -2.999686e+01  1.512858e+02
     vertex  1.869921e+01 -3.038686e+01  1.512858e+02
   endloop
 endfacet
 facet normal  0.000000e+00  0.000000e+00  1.000000e+00
   outer loop
     vertex  1.483720e+01 -3.109258e+01  1.512858e+02
     vertex  1.494267e+01 -3.286444e+01  1.512858e+02
     vertex  1.571865e+01 -3.274977e+01  1.512858e+02
   endloop
 endfacet
 facet normal -0.000000e+00  0.000000e+00  1.000000e+00
   outer loop
     vertex  1.483720e+01 -3.109258e+01  1.512858e+02
     vertex  1.571865e+01 -3.274977e+01  1.512858e+02
     vertex  1.530710e+01 -3.102314e+01  1.512858e+02
   endloop
 endfacet
 facet normal  0.000000e+00  0.000000e+00  1.000000e+00
   outer loop
     vertex  1.728680e+01 -2.915060e+01  1.512858e+02
     vertex  1.869921e+01 -3.038686e+01  1.512858e+02
     vertex  1.898788e+01 -2.965750e+01  1.512858e+02
   endloop
 endfacet
 facet normal -0.000000e+00  0.000000e+00  1.000000e+00
   outer loop
     vertex  1.728680e+01 -2.915060e+01  1.512858e+02
     vertex  1.898788e+01 -2.965750e+01  1.512858e+02
     vertex  1.914552e+01 -2.888911e+01  1.512858e+02
   endloop
 endfacet
 facet normal  0.000000e+00  0.000000e+00  1.000000e+00
   outer loop
     vertex  1.728680e+01 -2.915060e+01  1.512858e+02
     vertex  1.711200e+01 -2.959226e+01  1.512858e+02
     vertex  1.869921e+01 -3.038686e+01  1.512858e+02
   endloop
 endfacet
 facet normal  0.000000e+00  0.000000e+00  1.000000e+00
   outer loop
     vertex  1.436239e+01 -3.107937e+01  1.512858e+02
     vertex  1.415858e+01 -3.284263e+01  1.512858e+02
     vertex  1.494267e+01 -3.286444e+01  1.512858e+02
   endloop
 endfacet
 facet normal  0.000000e+00  0.000000e+00  1.000000e+00
   outer loop
     vertex  1.436239e+01 -3.107937e+01  1.512858e+02
     vertex  1.494267e+01 -3.286444e+01  1.512858e+02
     vertex  1.483720e+01 -3.109258e+01  1.512858e+02
   endloop
 endfacet
 facet normal -0.000000e+00  0.000000e+00  1.000000e+00
   outer loop
     vertex  1.738226e+01 -2.868529e+01  1.512858e+02
     vertex  1.914552e+01 -2.888911e+01  1.512858e+02
     vertex  1.916734e+01 -2.810501e+01  1.512858e+02
   endloop
 endfacet
 facet normal  0.000000e+00  0.000000e+00  1.000000e+00
   outer loop
     vertex  1.738226e+01 -2.868529e+01  1.512858e+02
     vertex  1.728680e+01 -2.915060e+01  1.512858e+02
     vertex  1.914552e+01 -2.888911e+01  1.512858e+02
   endloop
 endfacet
 facet normal  0.000000e+00  0.000000e+00  1.000000e+00
   outer loop
     vertex  1.389708e+01 -3.098391e+01  1.512858e+02
     vertex  1.415858e+01 -3.284263e+01  1.512858e+02
     vertex  1.436239e+01 -3.107937e+01  1.512858e+02
   endloop
 endfacet
 facet normal  0.000000e+00  0.000000e+00  1.000000e+00
   outer loop
     vertex  1.739547e+01 -2.821048e+01  1.512858e+02
     vertex  1.916734e+01 -2.810501e+01  1.512858e+02
     vertex  1.905266e+01 -2.732903e+01  1.512858e+02
   endloop
 endfacet
 facet normal -0.000000e+00  0.000000e+00  1.000000e+00
   outer loop
     vertex  1.739547e+01 -2.821048e+01  1.512858e+02
     vertex  1.738226e+01 -2.868529e+01  1.512858e+02
     vertex  1.916734e+01 -2.810501e+01  1.512858e+02
   endloop
 endfacet
 facet normal  0.000000e+00  0.000000e+00  1.000000e+00
   outer loop
     vertex  1.345542e+01 -3.080910e+01  1.512858e+02
     vertex  1.415858e+01 -3.284263e+01  1.512858e+02
     vertex  1.389708e+01 -3.098391e+01  1.512858e+02
   endloop
 endfacet
 facet normal -0.000000e+00  0.000000e+00  1.000000e+00
   outer loop
     vertex  1.732603e+01 -2.774058e+01  1.512858e+02
     vertex  1.739547e+01 -2.821048e+01  1.512858e+02
     vertex  1.905266e+01 -2.732903e+01  1.512858e+02
   endloop
 endfacet
 facet normal  0.000000e+00  0.000000e+00  1.000000e+00
   outer loop
     vertex  1.305082e+01 -3.056026e+01  1.512858e+02
     vertex  1.415858e+01 -3.284263e+01  1.512858e+02
     vertex  1.345542e+01 -3.080910e+01  1.512858e+02
   endloop
 endfacet
 facet normal  0.000000e+00  0.000000e+00  1.000000e+00
   outer loop
     vertex  1.717605e+01 -2.728988e+01  1.512858e+02
     vertex  1.732603e+01 -2.774058e+01  1.512858e+02
     vertex  1.905266e+01 -2.732903e+01  1.512858e+02
   endloop
 endfacet
 facet normal -0.000000e+00  0.000000e+00  1.000000e+00
   outer loop
     vertex  1.717605e+01 -2.728988e+01  1.512858e+02
     vertex  1.905266e+01 -2.732903e+01  1.512858e+02
     vertex  1.880498e+01 -2.658476e+01  1.512858e+02
   endloop
 endfacet
 facet normal  0.000000e+00  0.000000e+00  1.000000e+00
   outer loop
     vertex  1.843182e+01 -2.589481e+01  1.512858e+02
     vertex  1.717605e+01 -2.728988e+01  1.512858e+02
     vertex  1.880498e+01 -2.658476e+01  1.512858e+02
   endloop
 endfacet
 facet normal  0.000000e+00  0.000000e+00  1.000000e+00
   outer loop
     vertex  1.269558e+01 -3.024493e+01  1.512858e+02
     vertex  1.415858e+01 -3.284263e+01  1.512858e+02
     vertex  1.305082e+01 -3.056026e+01  1.512858e+02
   endloop
 endfacet
 facet normal -0.000000e+00  0.000000e+00  1.000000e+00
   outer loop
     vertex  1.695008e+01 -2.687208e+01  1.512858e+02
     vertex  1.717605e+01 -2.728988e+01  1.512858e+02
     vertex  1.843182e+01 -2.589481e+01  1.512858e+02
   endloop
 endfacet
 facet normal  0.000000e+00  0.000000e+00  1.000000e+00
   outer loop
     vertex  1.240050e+01 -2.987271e+01  1.512858e+02
     vertex  1.415858e+01 -3.284263e+01  1.512858e+02
     vertex  1.269558e+01 -3.024493e+01  1.512858e+02
   endloop
 endfacet
 facet normal  0.000000e+00  0.000000e+00  1.000000e+00
   outer loop
     vertex  1.794452e+01 -2.528013e+01  1.512858e+02
     vertex  1.695008e+01 -2.687208e+01  1.512858e+02
     vertex  1.843182e+01 -2.589481e+01  1.512858e+02
   endloop
 endfacet
 facet normal  0.000000e+00  0.000000e+00  1.000000e+00
   outer loop
     vertex  1.794452e+01 -2.528013e+01  1.512858e+02
     vertex  1.665499e+01 -2.649986e+01  1.512858e+02
     vertex  1.695008e+01 -2.687208e+01  1.512858e+02
   endloop
 endfacet
 facet normal  0.000000e+00  0.000000e+00  1.000000e+00
   outer loop
     vertex  1.735789e+01 -2.475941e+01  1.512858e+02
     vertex  1.665499e+01 -2.649986e+01  1.512858e+02
     vertex  1.794452e+01 -2.528013e+01  1.512858e+02
   endloop
 endfacet
 facet normal  0.000000e+00  0.000000e+00  1.000000e+00
   outer loop
     vertex  1.735789e+01 -2.475941e+01  1.512858e+02
     vertex  1.629975e+01 -2.618453e+01  1.512858e+02
     vertex  1.665499e+01 -2.649986e+01  1.512858e+02
   endloop
 endfacet
 facet normal  0.000000e+00  0.000000e+00  1.000000e+00
   outer loop
     vertex  1.668975e+01 -2.434847e+01  1.512858e+02
     vertex  1.629975e+01 -2.618453e+01  1.512858e+02
     vertex  1.735789e+01 -2.475941e+01  1.512858e+02
   endloop
 endfacet
 facet normal  0.000000e+00  0.000000e+00  1.000000e+00
   outer loop
     vertex  1.668975e+01 -2.434847e+01  1.512858e+02
     vertex  1.545349e+01 -2.576088e+01  1.512858e+02
     vertex  1.589516e+01 -2.593569e+01  1.512858e+02
   endloop
 endfacet
 facet normal  0.000000e+00  0.000000e+00  1.000000e+00
   outer loop
     vertex  1.668975e+01 -2.434847e+01  1.512858e+02
     vertex  1.589516e+01 -2.593569e+01  1.512858e+02
     vertex  1.629975e+01 -2.618453e+01  1.512858e+02
   endloop
 endfacet
 facet normal  0.000000e+00  0.000000e+00  1.000000e+00
   outer loop
     vertex  1.596040e+01 -2.405980e+01  1.512858e+02
     vertex  1.545349e+01 -2.576088e+01  1.512858e+02
     vertex  1.668975e+01 -2.434847e+01  1.512858e+02
   endloop
 endfacet
 facet normal  0.000000e+00  0.000000e+00  1.000000e+00
   outer loop
     vertex  1.519200e+01 -2.390216e+01  1.512858e+02
     vertex  1.545349e+01 -2.576088e+01  1.512858e+02
     vertex  1.596040e+01 -2.405980e+01  1.512858e+02
   endloop
 endfacet
 facet normal  0.000000e+00  0.000000e+00  1.000000e+00
   outer loop
     vertex  1.519200e+01 -2.390216e+01  1.512858e+02
     vertex  1.280275e+01 -2.639269e+01  1.512858e+02
     vertex  1.317497e+01 -2.609760e+01  1.512858e+02
   endloop
 endfacet
 facet normal  0.000000e+00  0.000000e+00  1.000000e+00
   outer loop
     vertex  1.519200e+01 -2.390216e+01  1.512858e+02
     vertex  1.317497e+01 -2.609760e+01  1.512858e+02
     vertex  1.359278e+01 -2.587164e+01  1.512858e+02
   endloop
 endfacet
 facet normal  0.000000e+00  0.000000e+00  1.000000e+00
   outer loop
     vertex  1.519200e+01 -2.390216e+01  1.512858e+02
     vertex  1.359278e+01 -2.587164e+01  1.512858e+02
     vertex  1.404347e+01 -2.572165e+01  1.512858e+02
   endloop
 endfacet
 facet normal  0.000000e+00  0.000000e+00  1.000000e+00
   outer loop
     vertex  1.519200e+01 -2.390216e+01  1.512858e+02
     vertex  1.404347e+01 -2.572165e+01  1.512858e+02
     vertex  1.451337e+01 -2.565221e+01  1.512858e+02
   endloop
 endfacet
 facet normal  0.000000e+00  0.000000e+00  1.000000e+00
   outer loop
     vertex  1.519200e+01 -2.390216e+01  1.512858e+02
     vertex  1.451337e+01 -2.565221e+01  1.512858e+02
     vertex  1.498818e+01 -2.566542e+01  1.512858e+02
   endloop
 endfacet
 facet normal  0.000000e+00  0.000000e+00  1.000000e+00
   outer loop
     vertex  1.519200e+01 -2.390216e+01  1.512858e+02
     vertex  1.498818e+01 -2.566542e+01  1.512858e+02
     vertex  1.545349e+01 -2.576088e+01  1.512858e+02
   endloop
 endfacet
 facet normal  0.000000e+00  0.000000e+00  1.000000e+00
   outer loop
     vertex -3.296540e+01 -2.739560e+01  1.512858e+02
     vertex  1.240050e+01 -2.987271e+01  1.512858e+02
     vertex  1.217453e+01 -2.945491e+01  1.512858e+02
   endloop
 endfacet
 facet normal  0.000000e+00  0.000000e+00  1.000000e+00
   outer loop
     vertex -3.296540e+01 -2.739560e+01  1.512858e+02
     vertex  1.415858e+01 -3.284263e+01  1.512858e+02
     vertex  1.240050e+01 -2.987271e+01  1.512858e+02
   endloop
 endfacet
 facet normal  0.000000e+00  0.000000e+00  1.000000e+00
   outer loop
     vertex -3.230501e+01 -2.618352e+01  1.512858e+02
     vertex  1.217453e+01 -2.945491e+01  1.512858e+02
     vertex  1.202454e+01 -2.900421e+01  1.512858e+02
   endloop
 endfacet
 facet normal  0.000000e+00  0.000000e+00  1.000000e+00
   outer loop
     vertex -3.230501e+01 -2.618352e+01  1.512858e+02
     vertex -3.296540e+01 -2.739560e+01  1.512858e+02
     vertex  1.217453e+01 -2.945491e+01  1.512858e+02
   endloop
 endfacet
 facet normal  0.000000e+00  0.000000e+00  1.000000e+00
   outer loop
     vertex -3.183774e+01 -2.488472e+01  1.512858e+02
     vertex  1.202454e+01 -2.900421e+01  1.512858e+02
     vertex  1.195510e+01 -2.853431e+01  1.512858e+02
   endloop
 endfacet
 facet normal  0.000000e+00  0.000000e+00  1.000000e+00
   outer loop
     vertex -3.183774e+01 -2.488472e+01  1.512858e+02
     vertex -3.230501e+01 -2.618352e+01  1.512858e+02
     vertex  1.202454e+01 -2.900421e+01  1.512858e+02
   endloop
 endfacet
 facet normal  0.000000e+00  0.000000e+00  1.000000e+00
   outer loop
     vertex -3.157456e+01 -2.352973e+01  1.512858e+02
     vertex  1.195510e+01 -2.853431e+01  1.512858e+02
     vertex  1.196831e+01 -2.805950e+01  1.512858e+02
   endloop
 endfacet
 facet normal  0.000000e+00  0.000000e+00  1.000000e+00
   outer loop
     vertex -3.157456e+01 -2.352973e+01  1.512858e+02
     vertex -3.183774e+01 -2.488472e+01  1.512858e+02
     vertex  1.195510e+01 -2.853431e+01  1.512858e+02
   endloop
 endfacet
 facet normal  0.000000e+00  0.000000e+00  1.000000e+00
   outer loop
     vertex -3.145974e+01 -2.253635e+01  1.512858e+02
     vertex  1.196831e+01 -2.805950e+01  1.512858e+02
     vertex  1.206377e+01 -2.759419e+01  1.512858e+02
   endloop
 endfacet
 facet normal  0.000000e+00  0.000000e+00  1.000000e+00
   outer loop
     vertex -3.145974e+01 -2.253635e+01  1.512858e+02
     vertex -3.157456e+01 -2.352973e+01  1.512858e+02
     vertex  1.196831e+01 -2.805950e+01  1.512858e+02
   endloop
 endfacet
 facet normal  0.000000e+00  0.000000e+00  1.000000e+00
   outer loop
     vertex -3.140686e+01 -2.115705e+01  1.512858e+02
     vertex  1.206377e+01 -2.759419e+01  1.512858e+02
     vertex  1.223858e+01 -2.715253e+01  1.512858e+02
   endloop
 endfacet
 facet normal  0.000000e+00  0.000000e+00  1.000000e+00
   outer loop
     vertex -3.140686e+01 -2.115705e+01  1.512858e+02
     vertex -3.145974e+01 -2.253635e+01  1.512858e+02
     vertex  1.206377e+01 -2.759419e+01  1.512858e+02
   endloop
 endfacet
 facet normal  0.000000e+00  0.000000e+00  1.000000e+00
   outer loop
     vertex -3.156552e+01 -1.978590e+01  1.512858e+02
     vertex  1.223858e+01 -2.715253e+01  1.512858e+02
     vertex  1.248743e+01 -2.674793e+01  1.512858e+02
   endloop
 endfacet
 facet normal  0.000000e+00  0.000000e+00  1.000000e+00
   outer loop
     vertex -3.156552e+01 -1.978590e+01  1.512858e+02
     vertex -3.140686e+01 -2.115705e+01  1.512858e+02
     vertex  1.223858e+01 -2.715253e+01  1.512858e+02
   endloop
 endfacet
 facet normal  0.000000e+00  0.000000e+00  1.000000e+00
   outer loop
     vertex -3.193198e+01 -1.845513e+01  1.512858e+02
     vertex  1.248743e+01 -2.674793e+01  1.512858e+02
     vertex  1.280275e+01 -2.639269e+01  1.512858e+02
   endloop
 endfacet
 facet normal  0.000000e+00  0.000000e+00  1.000000e+00
   outer loop
     vertex -3.193198e+01 -1.845513e+01  1.512858e+02
     vertex  1.280275e+01 -2.639269e+01  1.512858e+02
     vertex  1.519200e+01 -2.390216e+01  1.512858e+02
   endloop
 endfacet
 facet normal  0.000000e+00  0.000000e+00  1.000000e+00
   outer loop
     vertex -3.193198e+01 -1.845513e+01  1.512858e+02
     vertex -3.156552e+01 -1.978590e+01  1.512858e+02
     vertex  1.248743e+01 -2.674793e+01  1.512858e+02
   endloop
 endfacet
 facet normal  9.933858e-01 -1.148249e-01  0.000000e+00
   outer loop
     vertex -3.592997e+01 -2.201963e+01  1.557858e+02
     vertex -3.592997e+01 -2.201963e+01  1.589858e+02
     vertex -3.604480e+01 -2.301302e+01  1.589858e+02
   endloop
 endfacet
 facet normal  9.933858e-01 -1.148249e-01  0.000000e+00
   outer loop
     vertex -3.592997e+01 -2.201963e+01  1.557858e+02
     vertex -3.604480e+01 -2.301302e+01  1.589858e+02
     vertex -3.604480e+01 -2.301302e+01  1.557858e+02
   endloop
 endfacet
 facet normal  0.000000e+00  0.000000e+00  1.000000e+00
   outer loop
     vertex -4.519501e+01 -2.319911e+01  1.589858e+02
     vertex -4.711501e+01 -2.446543e+01  1.589858e+02
     vertex -4.657357e+01 -2.514840e+01  1.589858e+02
   endloop
 endfacet
 facet normal  0.000000e+00  0.000000e+00  1.000000e+00
   outer loop
     vertex -4.519501e+01 -2.319911e+01  1.589858e+02
     vertex -4.657357e+01 -2.514840e+01  1.589858e+02
     vertex -4.490263e+01 -2.356791e+01  1.589858e+02
   endloop
 endfacet
 facet normal  0.000000e+00  0.000000e+00  1.000000e+00
   outer loop
     vertex -4.541890e+01 -2.278513e+01  1.589858e+02
     vertex -4.711501e+01 -2.446543e+01  1.589858e+02
     vertex -4.519501e+01 -2.319911e+01  1.589858e+02
   endloop
 endfacet
 facet normal  0.000000e+00  0.000000e+00  1.000000e+00
   outer loop
     vertex -4.541890e+01 -2.278513e+01  1.589858e+02
     vertex -4.752963e+01 -2.369881e+01  1.589858e+02
     vertex -4.711501e+01 -2.446543e+01  1.589858e+02
   endloop
 endfacet
 facet normal  0.000000e+00  0.000000e+00  1.000000e+00
   outer loop
     vertex -4.455065e+01 -2.388034e+01  1.589858e+02
     vertex -4.657357e+01 -2.514840e+01  1.589858e+02
     vertex -4.592176e+01 -2.572698e+01  1.589858e+02
   endloop
 endfacet
 facet normal  0.000000e+00  0.000000e+00  1.000000e+00
   outer loop
     vertex -4.455065e+01 -2.388034e+01  1.589858e+02
     vertex -4.592176e+01 -2.572698e+01  1.589858e+02
     vertex -4.517938e+01 -2.618358e+01  1.589858e+02
   endloop
 endfacet
 facet normal  0.000000e+00  0.000000e+00  1.000000e+00
   outer loop
     vertex -4.455065e+01 -2.388034e+01  1.589858e+02
     vertex -4.490263e+01 -2.356791e+01  1.589858e+02
     vertex -4.657357e+01 -2.514840e+01  1.589858e+02
   endloop
 endfacet
 facet normal  0.000000e+00  0.000000e+00  1.000000e+00
   outer loop
     vertex -4.556751e+01 -2.233857e+01  1.589858e+02
     vertex -4.752963e+01 -2.369881e+01  1.589858e+02
     vertex -4.541890e+01 -2.278513e+01  1.589858e+02
   endloop
 endfacet
 facet normal  0.000000e+00  0.000000e+00  1.000000e+00
   outer loop
     vertex -4.556751e+01 -2.233857e+01  1.589858e+02
     vertex -4.780483e+01 -2.287184e+01  1.589858e+02
     vertex -4.752963e+01 -2.369881e+01  1.589858e+02
   endloop
 endfacet
 facet normal  0.000000e+00  0.000000e+00  1.000000e+00
   outer loop
     vertex -4.414976e+01 -2.412691e+01  1.589858e+02
     vertex -4.455065e+01 -2.388034e+01  1.589858e+02
     vertex -4.517938e+01 -2.618358e+01  1.589858e+02
   endloop
 endfacet
 facet normal  0.000000e+00  0.000000e+00  1.000000e+00
   outer loop
     vertex -4.563632e+01 -2.187298e+01  1.589858e+02
     vertex -4.780483e+01 -2.287184e+01  1.589858e+02
     vertex -4.556751e+01 -2.233857e+01  1.589858e+02
   endloop
 endfacet
 facet normal  0.000000e+00  0.000000e+00  1.000000e+00
   outer loop
     vertex -4.563632e+01 -2.187298e+01  1.589858e+02
     vertex -4.793225e+01 -2.200965e+01  1.589858e+02
     vertex -4.780483e+01 -2.287184e+01  1.589858e+02
   endloop
 endfacet
 facet normal  0.000000e+00  0.000000e+00  1.000000e+00
   outer loop
     vertex -4.371215e+01 -2.430011e+01  1.589858e+02
     vertex -4.414976e+01 -2.412691e+01  1.589858e+02
     vertex -4.517938e+01 -2.618358e+01  1.589858e+02
   endloop
 endfacet
 facet normal  0.000000e+00  0.000000e+00  1.000000e+00
   outer loop
     vertex -4.371215e+01 -2.430011e+01  1.589858e+02
     vertex -4.517938e+01 -2.618358e+01  1.589858e+02
     vertex -4.436899e+01 -2.650433e+01  1.589858e+02
   endloop
 endfacet
 facet normal  0.000000e+00  0.000000e+00  1.000000e+00
   outer loop
     vertex -4.371215e+01 -2.430011e+01  1.589858e+02
     vertex -4.436899e+01 -2.650433e+01  1.589858e+02
     vertex -4.351521e+01 -2.667948e+01  1.589858e+02
   endloop
 endfacet
 facet normal  0.000000e+00  0.000000e+00  1.000000e+00
   outer loop
     vertex -4.562323e+01 -2.140253e+01  1.589858e+02
     vertex -4.773286e+01 -2.028465e+01  1.589858e+02
     vertex -4.790802e+01 -2.113843e+01  1.589858e+02
   endloop
 endfacet
 facet normal  0.000000e+00  0.000000e+00  1.000000e+00
   outer loop
     vertex -4.562323e+01 -2.140253e+01  1.589858e+02
     vertex -4.790802e+01 -2.113843e+01  1.589858e+02
     vertex -4.793225e+01 -2.200965e+01  1.589858e+02
   endloop
 endfacet
 facet normal  0.000000e+00  0.000000e+00  1.000000e+00
   outer loop
     vertex -4.562323e+01 -2.140253e+01  1.589858e+02
     vertex -4.793225e+01 -2.200965e+01  1.589858e+02
     vertex -4.563632e+01 -2.187298e+01  1.589858e+02
   endloop
 endfacet
 facet normal  0.000000e+00  0.000000e+00  1.000000e+00
   outer loop
     vertex -4.325111e+01 -2.439469e+01  1.589858e+02
     vertex -4.371215e+01 -2.430011e+01  1.589858e+02
     vertex -4.351521e+01 -2.667948e+01  1.589858e+02
   endloop
 endfacet
 facet normal  0.000000e+00  0.000000e+00  1.000000e+00
   outer loop
     vertex -4.552864e+01 -2.094149e+01  1.589858e+02
     vertex -4.773286e+01 -2.028465e+01  1.589858e+02
     vertex -4.562323e+01 -2.140253e+01  1.589858e+02
   endloop
 endfacet
 facet normal  0.000000e+00  0.000000e+00  1.000000e+00
   outer loop
     vertex -4.278065e+01 -2.440778e+01  1.589858e+02
     vertex -4.325111e+01 -2.439469e+01  1.589858e+02
     vertex -4.351521e+01 -2.667948e+01  1.589858e+02
   endloop
 endfacet
 facet normal  0.000000e+00  0.000000e+00  1.000000e+00
   outer loop
     vertex -4.535544e+01 -2.050388e+01  1.589858e+02
     vertex -4.741211e+01 -1.947426e+01  1.589858e+02
     vertex -4.773286e+01 -2.028465e+01  1.589858e+02
   endloop
 endfacet
 facet normal  0.000000e+00  0.000000e+00  1.000000e+00
   outer loop
     vertex -4.535544e+01 -2.050388e+01  1.589858e+02
     vertex -4.773286e+01 -2.028465e+01  1.589858e+02
     vertex -4.552864e+01 -2.094149e+01  1.589858e+02
   endloop
 endfacet
 facet normal  0.000000e+00  0.000000e+00  1.000000e+00
   outer loop
     vertex -4.231507e+01 -2.433898e+01  1.589858e+02
     vertex -4.278065e+01 -2.440778e+01  1.589858e+02
     vertex -4.351521e+01 -2.667948e+01  1.589858e+02
   endloop
 endfacet
 facet normal  0.000000e+00  0.000000e+00  1.000000e+00
   outer loop
     vertex -4.231507e+01 -2.433898e+01  1.589858e+02
     vertex -4.351521e+01 -2.667948e+01  1.589858e+02
     vertex -4.103175e+01 -2.696654e+01  1.589858e+02
   endloop
 endfacet
 facet normal  0.000000e+00  0.000000e+00  1.000000e+00
   outer loop
     vertex -4.510888e+01 -2.010299e+01  1.589858e+02
     vertex -4.695551e+01 -1.873188e+01  1.589858e+02
     vertex -4.741211e+01 -1.947426e+01  1.589858e+02
   endloop
 endfacet
 facet normal  0.000000e+00  0.000000e+00  1.000000e+00
   outer loop
     vertex -4.510888e+01 -2.010299e+01  1.589858e+02
     vertex -4.741211e+01 -1.947426e+01  1.589858e+02
     vertex -4.535544e+01 -2.050388e+01  1.589858e+02
   endloop
 endfacet
 facet normal  0.000000e+00  0.000000e+00  1.000000e+00
   outer loop
     vertex -4.186851e+01 -2.419037e+01  1.589858e+02
     vertex -4.231507e+01 -2.433898e+01  1.589858e+02
     vertex -4.103175e+01 -2.696654e+01  1.589858e+02
   endloop
 endfacet
 facet normal  0.000000e+00  0.000000e+00  1.000000e+00
   outer loop
     vertex -4.479644e+01 -1.975101e+01  1.589858e+02
     vertex -4.637693e+01 -1.808007e+01  1.589858e+02
     vertex -4.695551e+01 -1.873188e+01  1.589858e+02
   endloop
 endfacet
 facet normal  0.000000e+00  0.000000e+00  1.000000e+00
   outer loop
     vertex -4.479644e+01 -1.975101e+01  1.589858e+02
     vertex -4.695551e+01 -1.873188e+01  1.589858e+02
     vertex -4.510888e+01 -2.010299e+01  1.589858e+02
   endloop
 endfacet
 facet normal  0.000000e+00  0.000000e+00  1.000000e+00
   outer loop
     vertex -4.145453e+01 -2.396647e+01  1.589858e+02
     vertex -4.103175e+01 -2.696654e+01  1.589858e+02
     vertex -4.024765e+01 -2.698836e+01  1.589858e+02
   endloop
 endfacet
 facet normal  0.000000e+00  0.000000e+00  1.000000e+00
   outer loop
     vertex -4.145453e+01 -2.396647e+01  1.589858e+02
     vertex -4.186851e+01 -2.419037e+01  1.589858e+02
     vertex -4.103175e+01 -2.696654e+01  1.589858e+02
   endloop
 endfacet
 facet normal  0.000000e+00  0.000000e+00  1.000000e+00
   outer loop
     vertex -4.442764e+01 -1.945863e+01  1.589858e+02
     vertex -4.637693e+01 -1.808007e+01  1.589858e+02
     vertex -4.479644e+01 -1.975101e+01  1.589858e+02
   endloop
 endfacet
 facet normal  0.000000e+00  0.000000e+00  1.000000e+00
   outer loop
     vertex -4.108573e+01 -2.367409e+01  1.589858e+02
     vertex -4.024765e+01 -2.698836e+01  1.589858e+02
     vertex -3.947167e+01 -2.687368e+01  1.589858e+02
   endloop
 endfacet
 facet normal  0.000000e+00  0.000000e+00  1.000000e+00
   outer loop
     vertex -4.108573e+01 -2.367409e+01  1.589858e+02
     vertex -4.145453e+01 -2.396647e+01  1.589858e+02
     vertex -4.024765e+01 -2.698836e+01  1.589858e+02
   endloop
 endfacet
 facet normal  0.000000e+00  0.000000e+00  1.000000e+00
   outer loop
     vertex -3.872740e+01 -2.662600e+01  1.589858e+02
     vertex -4.108573e+01 -2.367409e+01  1.589858e+02
     vertex -3.947167e+01 -2.687368e+01  1.589858e+02
   endloop
 endfacet
 facet normal  0.000000e+00  0.000000e+00  1.000000e+00
   outer loop
     vertex -4.569396e+01 -1.753862e+01  1.589858e+02
     vertex -4.637693e+01 -1.808007e+01  1.589858e+02
     vertex -4.442764e+01 -1.945863e+01  1.589858e+02
   endloop
 endfacet
 facet normal  0.000000e+00  0.000000e+00  1.000000e+00
   outer loop
     vertex -4.401367e+01 -1.923474e+01  1.589858e+02
     vertex -4.569396e+01 -1.753862e+01  1.589858e+02
     vertex -4.442764e+01 -1.945863e+01  1.589858e+02
   endloop
 endfacet
 facet normal  0.000000e+00  0.000000e+00  1.000000e+00
   outer loop
     vertex -4.077330e+01 -2.332211e+01  1.589858e+02
     vertex -4.108573e+01 -2.367409e+01  1.589858e+02
     vertex -3.872740e+01 -2.662600e+01  1.589858e+02
   endloop
 endfacet
 facet normal  0.000000e+00  0.000000e+00  1.000000e+00
   outer loop
     vertex -3.803745e+01 -2.625284e+01  1.589858e+02
     vertex -4.077330e+01 -2.332211e+01  1.589858e+02
     vertex -3.872740e+01 -2.662600e+01  1.589858e+02
   endloop
 endfacet
 facet normal  0.000000e+00  0.000000e+00  1.000000e+00
   outer loop
     vertex -4.492734e+01 -1.712400e+01  1.589858e+02
     vertex -4.569396e+01 -1.753862e+01  1.589858e+02
     vertex -4.401367e+01 -1.923474e+01  1.589858e+02
   endloop
 endfacet
 facet normal  0.000000e+00  0.000000e+00  1.000000e+00
   outer loop
     vertex -3.742277e+01 -2.576554e+01  1.589858e+02
     vertex -4.052673e+01 -2.292123e+01  1.589858e+02
     vertex -4.077330e+01 -2.332211e+01  1.589858e+02
   endloop
 endfacet
 facet normal  0.000000e+00  0.000000e+00  1.000000e+00
   outer loop
     vertex -3.742277e+01 -2.576554e+01  1.589858e+02
     vertex -4.077330e+01 -2.332211e+01  1.589858e+02
     vertex -3.803745e+01 -2.625284e+01  1.589858e+02
   endloop
 endfacet
 facet normal  0.000000e+00  0.000000e+00  1.000000e+00
   outer loop
     vertex -4.410038e+01 -1.684880e+01  1.589858e+02
     vertex -4.401367e+01 -1.923474e+01  1.589858e+02
     vertex -4.356710e+01 -1.908613e+01  1.589858e+02
   endloop
 endfacet
 facet normal  0.000000e+00  0.000000e+00  1.000000e+00
   outer loop
     vertex -4.410038e+01 -1.684880e+01  1.589858e+02
     vertex -4.492734e+01 -1.712400e+01  1.589858e+02
     vertex -4.401367e+01 -1.923474e+01  1.589858e+02
   endloop
 endfacet
 facet normal  0.000000e+00  0.000000e+00  1.000000e+00
   outer loop
     vertex -3.690205e+01 -2.517891e+01  1.589858e+02
     vertex -4.052673e+01 -2.292123e+01  1.589858e+02
     vertex -3.742277e+01 -2.576554e+01  1.589858e+02
   endloop
 endfacet
 facet normal  0.000000e+00  0.000000e+00  1.000000e+00
   outer loop
     vertex -4.323818e+01 -1.672139e+01  1.589858e+02
     vertex -4.356710e+01 -1.908613e+01  1.589858e+02
     vertex -4.310152e+01 -1.901732e+01  1.589858e+02
   endloop
 endfacet
 facet normal  0.000000e+00  0.000000e+00  1.000000e+00
   outer loop
     vertex -4.323818e+01 -1.672139e+01  1.589858e+02
     vertex -4.410038e+01 -1.684880e+01  1.589858e+02
     vertex -4.356710e+01 -1.908613e+01  1.589858e+02
   endloop
 endfacet
 facet normal  0.000000e+00  0.000000e+00  1.000000e+00
   outer loop
     vertex -3.649111e+01 -2.451077e+01  1.589858e+02
     vertex -4.035353e+01 -2.248362e+01  1.589858e+02
     vertex -4.052673e+01 -2.292123e+01  1.589858e+02
   endloop
 endfacet
 facet normal  0.000000e+00  0.000000e+00  1.000000e+00
   outer loop
     vertex -3.649111e+01 -2.451077e+01  1.589858e+02
     vertex -4.052673e+01 -2.292123e+01  1.589858e+02
     vertex -3.690205e+01 -2.517891e+01  1.589858e+02
   endloop
 endfacet
 facet normal  0.000000e+00  0.000000e+00  1.000000e+00
   outer loop
     vertex -4.236696e+01 -1.674562e+01  1.589858e+02
     vertex -4.310152e+01 -1.901732e+01  1.589858e+02
     vertex -4.263106e+01 -1.903041e+01  1.589858e+02
   endloop
 endfacet
 facet normal  0.000000e+00  0.000000e+00  1.000000e+00
   outer loop
     vertex -4.236696e+01 -1.674562e+01  1.589858e+02
     vertex -4.263106e+01 -1.903041e+01  1.589858e+02
     vertex -4.217002e+01 -1.912499e+01  1.589858e+02
   endloop
 endfacet
 facet normal  0.000000e+00  0.000000e+00  1.000000e+00
   outer loop
     vertex -4.236696e+01 -1.674562e+01  1.589858e+02
     vertex -4.217002e+01 -1.912499e+01  1.589858e+02
     vertex -4.173241e+01 -1.929820e+01  1.589858e+02
   endloop
 endfacet
 facet normal  0.000000e+00  0.000000e+00  1.000000e+00
   outer loop
     vertex -4.236696e+01 -1.674562e+01  1.589858e+02
     vertex -4.323818e+01 -1.672139e+01  1.589858e+02
     vertex -4.310152e+01 -1.901732e+01  1.589858e+02
   endloop
 endfacet
 facet normal  0.000000e+00  0.000000e+00  1.000000e+00
   outer loop
     vertex -3.620244e+01 -2.378142e+01  1.589858e+02
     vertex -4.035353e+01 -2.248362e+01  1.589858e+02
     vertex -3.649111e+01 -2.451077e+01  1.589858e+02
   endloop
 endfacet
 facet normal  0.000000e+00  0.000000e+00  1.000000e+00
   outer loop
     vertex -3.604480e+01 -2.301302e+01  1.589858e+02
     vertex -4.025894e+01 -2.202258e+01  1.589858e+02
     vertex -4.035353e+01 -2.248362e+01  1.589858e+02
   endloop
 endfacet
 facet normal  0.000000e+00  0.000000e+00  1.000000e+00
   outer loop
     vertex -3.604480e+01 -2.301302e+01  1.589858e+02
     vertex -4.035353e+01 -2.248362e+01  1.589858e+02
     vertex -3.620244e+01 -2.378142e+01  1.589858e+02
   endloop
 endfacet
 facet normal  0.000000e+00  0.000000e+00  1.000000e+00
   outer loop
     vertex -3.592997e+01 -2.201963e+01  1.589858e+02
     vertex -4.025894e+01 -2.202258e+01  1.589858e+02
     vertex -3.604480e+01 -2.301302e+01  1.589858e+02
   endloop
 endfacet
 facet normal  0.000000e+00  0.000000e+00  1.000000e+00
   outer loop
     vertex -3.592997e+01 -2.201963e+01  1.589858e+02
     vertex -4.024586e+01 -2.155212e+01  1.589858e+02
     vertex -4.025894e+01 -2.202258e+01  1.589858e+02
   endloop
 endfacet
 facet normal  0.000000e+00  0.000000e+00  1.000000e+00
   outer loop
     vertex -3.988350e+01 -1.703269e+01  1.589858e+02
     vertex -4.173241e+01 -1.929820e+01  1.589858e+02
     vertex -4.133152e+01 -1.954476e+01  1.589858e+02
   endloop
 endfacet
 facet normal  0.000000e+00  0.000000e+00  1.000000e+00
   outer loop
     vertex -3.988350e+01 -1.703269e+01  1.589858e+02
     vertex -4.133152e+01 -1.954476e+01  1.589858e+02
     vertex -4.097954e+01 -1.985719e+01  1.589858e+02
   endloop
 endfacet
 facet normal  0.000000e+00  0.000000e+00  1.000000e+00
   outer loop
     vertex -3.988350e+01 -1.703269e+01  1.589858e+02
     vertex -4.236696e+01 -1.674562e+01  1.589858e+02
     vertex -4.173241e+01 -1.929820e+01  1.589858e+02
   endloop
 endfacet
 facet normal  0.000000e+00  0.000000e+00  1.000000e+00
   outer loop
     vertex -3.590816e+01 -2.123554e+01  1.589858e+02
     vertex -4.024586e+01 -2.155212e+01  1.589858e+02
     vertex -3.592997e+01 -2.201963e+01  1.589858e+02
   endloop
 endfacet
 facet normal  0.000000e+00  0.000000e+00  1.000000e+00
   outer loop
     vertex -3.911510e+01 -1.719033e+01  1.589858e+02
     vertex -3.988350e+01 -1.703269e+01  1.589858e+02
     vertex -4.097954e+01 -1.985719e+01  1.589858e+02
   endloop
 endfacet
 facet normal  0.000000e+00  0.000000e+00  1.000000e+00
   outer loop
     vertex -3.911510e+01 -1.719033e+01  1.589858e+02
     vertex -4.097954e+01 -1.985719e+01  1.589858e+02
     vertex -4.068717e+01 -2.022600e+01  1.589858e+02
   endloop
 endfacet
 facet normal  0.000000e+00  0.000000e+00  1.000000e+00
   outer loop
     vertex -3.602284e+01 -2.045956e+01  1.589858e+02
     vertex -4.024586e+01 -2.155212e+01  1.589858e+02
     vertex -3.590816e+01 -2.123554e+01  1.589858e+02
   endloop
 endfacet
 facet normal  0.000000e+00  0.000000e+00  1.000000e+00
   outer loop
     vertex -3.602284e+01 -2.045956e+01  1.589858e+02
     vertex -4.031466e+01 -2.108654e+01  1.589858e+02
     vertex -4.024586e+01 -2.155212e+01  1.589858e+02
   endloop
 endfacet
 facet normal  0.000000e+00  0.000000e+00  1.000000e+00
   outer loop
     vertex -3.838575e+01 -1.747900e+01  1.589858e+02
     vertex -3.911510e+01 -1.719033e+01  1.589858e+02
     vertex -4.068717e+01 -2.022600e+01  1.589858e+02
   endloop
 endfacet
 facet normal  0.000000e+00  0.000000e+00  1.000000e+00
   outer loop
     vertex -3.627052e+01 -1.971529e+01  1.589858e+02
     vertex -4.031466e+01 -2.108654e+01  1.589858e+02
     vertex -3.602284e+01 -2.045956e+01  1.589858e+02
   endloop
 endfacet
 facet normal  0.000000e+00  0.000000e+00  1.000000e+00
   outer loop
     vertex -3.771761e+01 -1.788994e+01  1.589858e+02
     vertex -3.838575e+01 -1.747900e+01  1.589858e+02
     vertex -4.068717e+01 -2.022600e+01  1.589858e+02
   endloop
 endfacet
 facet normal  0.000000e+00  0.000000e+00  1.000000e+00
   outer loop
     vertex -3.771761e+01 -1.788994e+01  1.589858e+02
     vertex -4.068717e+01 -2.022600e+01  1.589858e+02
     vertex -4.046327e+01 -2.063997e+01  1.589858e+02
   endloop
 endfacet
 facet normal  0.000000e+00  0.000000e+00  1.000000e+00
   outer loop
     vertex -3.664367e+01 -1.902533e+01  1.589858e+02
     vertex -4.031466e+01 -2.108654e+01  1.589858e+02
     vertex -3.627052e+01 -1.971529e+01  1.589858e+02
   endloop
 endfacet
 facet normal  0.000000e+00  0.000000e+00  1.000000e+00
   outer loop
     vertex -3.664367e+01 -1.902533e+01  1.589858e+02
     vertex -4.046327e+01 -2.063997e+01  1.589858e+02
     vertex -4.031466e+01 -2.108654e+01  1.589858e+02
   endloop
 endfacet
 facet normal  0.000000e+00  0.000000e+00  1.000000e+00
   outer loop
     vertex -3.713097e+01 -1.841066e+01  1.589858e+02
     vertex -3.771761e+01 -1.788994e+01  1.589858e+02
     vertex -4.046327e+01 -2.063997e+01  1.589858e+02
   endloop
 endfacet
 facet normal  0.000000e+00  0.000000e+00  1.000000e+00
   outer loop
     vertex -3.713097e+01 -1.841066e+01  1.589858e+02
     vertex -4.046327e+01 -2.063997e+01  1.589858e+02
     vertex -3.664367e+01 -1.902533e+01  1.589858e+02
   endloop
 endfacet
 facet normal  9.996133e-01 -2.780865e-02  0.000000e+00
   outer loop
     vertex -3.590816e+01 -2.123554e+01  1.589858e+02
     vertex -3.592997e+01 -2.201963e+01  1.589858e+02
     vertex -3.592997e+01 -2.201963e+01  1.557858e+02
   endloop
 endfacet
 facet normal  9.996133e-01 -2.780865e-02  0.000000e+00
   outer loop
     vertex -3.590816e+01 -2.123554e+01  1.589858e+02
     vertex -3.592997e+01 -2.201963e+01  1.557858e+02
     vertex -3.590816e+01 -2.123554e+01  1.557858e+02
   endloop
 endfacet
 facet normal  9.892558e-01  1.461949e-01  0.000000e+00
   outer loop
     vertex -3.590816e+01 -2.123554e+01  1.589858e+02
     vertex -3.590816e+01 -2.123554e+01  1.557858e+02
     vertex -3.602284e+01 -2.045956e+01  1.557858e+02
   endloop
 endfacet
 facet normal  9.488403e-01  3.157563e-01  0.000000e+00
   outer loop
     vertex -3.602284e+01 -2.045956e+01  1.589858e+02
     vertex -3.602284e+01 -2.045956e+01  1.557858e+02
     vertex -3.627052e+01 -1.971529e+01  1.557858e+02
   endloop
 endfacet
 facet normal  9.892558e-01  1.461949e-01  0.000000e+00
   outer loop
     vertex -3.602284e+01 -2.045956e+01  1.589858e+02
     vertex -3.590816e+01 -2.123554e+01  1.589858e+02
     vertex -3.602284e+01 -2.045956e+01  1.557858e+02
   endloop
 endfacet
 facet normal  8.795948e-01  4.757236e-01  0.000000e+00
   outer loop
     vertex -3.627052e+01 -1.971529e+01  1.589858e+02
     vertex -3.627052e+01 -1.971529e+01  1.557858e+02
     vertex -3.664367e+01 -1.902533e+01  1.557858e+02
   endloop
 endfacet
 facet normal  9.488403e-01  3.157563e-01  0.000000e+00
   outer loop
     vertex -3.627052e+01 -1.971529e+01  1.589858e+02
     vertex -3.602284e+01 -2.045956e+01  1.589858e+02
     vertex -3.627052e+01 -1.971529e+01  1.557858e+02
   endloop
 endfacet
 facet normal  7.836232e-01  6.212364e-01 -6.897109e-16
   outer loop
     vertex -3.664367e+01 -1.902533e+01  1.589858e+02
     vertex -3.664367e+01 -1.902533e+01  1.557858e+02
     vertex -3.713097e+01 -1.841066e+01  1.557858e+02
   endloop
 endfacet
 facet normal  8.795948e-01  4.757236e-01 -5.281593e-16
   outer loop
     vertex -3.664367e+01 -1.902533e+01  1.589858e+02
     vertex -3.627052e+01 -1.971529e+01  1.589858e+02
     vertex -3.664367e+01 -1.902533e+01  1.557858e+02
   endloop
 endfacet
 facet normal  7.836232e-01  6.212364e-01  1.050282e-15
   outer loop
     vertex -3.713097e+01 -1.841066e+01  1.589858e+02
     vertex -3.664367e+01 -1.902533e+01  1.589858e+02
     vertex -3.713097e+01 -1.841066e+01  1.557858e+02
   endloop
 endfacet
 facet normal  6.638417e-01  7.478731e-01 -8.303060e-16
   outer loop
     vertex -3.771761e+01 -1.788994e+01  1.589858e+02
     vertex -3.713097e+01 -1.841066e+01  1.557858e+02
     vertex -3.771761e+01 -1.788994e+01  1.557858e+02
   endloop
 endfacet
 facet normal  6.638417e-01  7.478731e-01  6.413421e-16
   outer loop
     vertex -3.771761e+01 -1.788994e+01  1.589858e+02
     vertex -3.713097e+01 -1.841066e+01  1.589858e+02
     vertex -3.713097e+01 -1.841066e+01  1.557858e+02
   endloop
 endfacet
 facet normal  5.238896e-01  8.517862e-01  0.000000e+00
   outer loop
     vertex -3.838575e+01 -1.747900e+01  1.589858e+02
     vertex -3.771761e+01 -1.788994e+01  1.557858e+02
     vertex -3.838575e+01 -1.747900e+01  1.557858e+02
   endloop
 endfacet
 facet normal  3.680195e-01  9.298181e-01  0.000000e+00
   outer loop
     vertex -3.838575e+01 -1.747900e+01  1.589858e+02
     vertex -3.838575e+01 -1.747900e+01  1.557858e+02
     vertex -3.911510e+01 -1.719033e+01  1.557858e+02
   endloop
 endfacet
 facet normal  5.238896e-01  8.517862e-01 -9.288403e-16
   outer loop
     vertex -3.838575e+01 -1.747900e+01  1.589858e+02
     vertex -3.771761e+01 -1.788994e+01  1.589858e+02
     vertex -3.771761e+01 -1.788994e+01  1.557858e+02
   endloop
 endfacet
 facet normal  3.680195e-01  9.298181e-01  0.000000e+00
   outer loop
     vertex -3.911510e+01 -1.719033e+01  1.589858e+02
     vertex -3.838575e+01 -1.747900e+01  1.589858e+02
     vertex -3.911510e+01 -1.719033e+01  1.557858e+02
   endloop
 endfacet
 facet normal  2.009672e-01  9.795980e-01  0.000000e+00
   outer loop
     vertex -3.988350e+01 -1.703269e+01  1.589858e+02
     vertex -3.911510e+01 -1.719033e+01  1.557858e+02
     vertex -3.988350e+01 -1.703269e+01  1.557858e+02
   endloop
 endfacet
 facet normal  2.009672e-01  9.795980e-01  0.000000e+00
   outer loop
     vertex -3.988350e+01 -1.703269e+01  1.589858e+02
     vertex -3.911510e+01 -1.719033e+01  1.589858e+02
     vertex -3.911510e+01 -1.719033e+01  1.557858e+02
   endloop
 endfacet
 facet normal -2.780865e-02 -9.996133e-01  0.000000e+00
   outer loop
     vertex -4.024765e+01 -2.698836e+01  1.589858e+02
     vertex -4.103175e+01 -2.696654e+01  1.589858e+02
     vertex -4.103175e+01 -2.696654e+01  1.557858e+02
   endloop
 endfacet
 facet normal -2.780865e-02 -9.996133e-01 -6.174760e-17
   outer loop
     vertex -4.024765e+01 -2.698836e+01  1.589858e+02
     vertex -4.103175e+01 -2.696654e+01  1.557858e+02
     vertex -4.024765e+01 -2.698836e+01  1.557858e+02
   endloop
 endfacet
 facet normal  1.461949e-01 -9.892558e-01 -7.736768e-16
   outer loop
     vertex -3.947167e+01 -2.687368e+01  1.589858e+02
     vertex -4.024765e+01 -2.698836e+01  1.557858e+02
     vertex -3.947167e+01 -2.687368e+01  1.557858e+02
   endloop
 endfacet
 facet normal  1.461949e-01 -9.892558e-01  3.206710e-16
   outer loop
     vertex -3.947167e+01 -2.687368e+01  1.589858e+02
     vertex -4.024765e+01 -2.698836e+01  1.589858e+02
     vertex -4.024765e+01 -2.698836e+01  1.557858e+02
   endloop
 endfacet
 facet normal  3.157563e-01 -9.488403e-01 -3.523046e-16
   outer loop
     vertex -3.872740e+01 -2.662600e+01  1.589858e+02
     vertex -3.947167e+01 -2.687368e+01  1.557858e+02
     vertex -3.872740e+01 -2.662600e+01  1.557858e+02
   endloop
 endfacet
 facet normal  3.157563e-01 -9.488403e-01 -3.538439e-16
   outer loop
     vertex -3.872740e+01 -2.662600e+01  1.589858e+02
     vertex -3.947167e+01 -2.687368e+01  1.589858e+02
     vertex -3.947167e+01 -2.687368e+01  1.557858e+02
   endloop
 endfacet
 facet normal  4.757236e-01 -8.795948e-01 -8.967741e-16
   outer loop
     vertex -3.803745e+01 -2.625284e+01  1.589858e+02
     vertex -3.872740e+01 -2.662600e+01  1.557858e+02
     vertex -3.803745e+01 -2.625284e+01  1.557858e+02
   endloop
 endfacet
 facet normal  4.757236e-01 -8.795948e-01  6.634573e-17
   outer loop
     vertex -3.803745e+01 -2.625284e+01  1.589858e+02
     vertex -3.872740e+01 -2.662600e+01  1.589858e+02
     vertex -3.872740e+01 -2.662600e+01  1.557858e+02
   endloop
 endfacet
 facet normal  6.212364e-01 -7.836232e-01 -3.605713e-16
   outer loop
     vertex -3.742277e+01 -2.576554e+01  1.589858e+02
     vertex -3.803745e+01 -2.625284e+01  1.557858e+02
     vertex -3.742277e+01 -2.576554e+01  1.557858e+02
   endloop
 endfacet
 facet normal  6.212364e-01 -7.836232e-01 -3.538439e-16
   outer loop
     vertex -3.742277e+01 -2.576554e+01  1.589858e+02
     vertex -3.803745e+01 -2.625284e+01  1.589858e+02
     vertex -3.803745e+01 -2.625284e+01  1.557858e+02
   endloop
 endfacet
 facet normal  7.478731e-01 -6.638417e-01 -5.504250e-16
   outer loop
     vertex -3.690205e+01 -2.517891e+01  1.589858e+02
     vertex -3.742277e+01 -2.576554e+01  1.557858e+02
     vertex -3.690205e+01 -2.517891e+01  1.557858e+02
   endloop
 endfacet
 facet normal  7.478731e-01 -6.638417e-01  1.769220e-16
   outer loop
     vertex -3.690205e+01 -2.517891e+01  1.589858e+02
     vertex -3.742277e+01 -2.576554e+01  1.589858e+02
     vertex -3.742277e+01 -2.576554e+01  1.557858e+02
   endloop
 endfacet
 facet normal  8.517862e-01 -5.238896e-01 -1.016826e-15
   outer loop
     vertex -3.649111e+01 -2.451077e+01  1.589858e+02
     vertex -3.690205e+01 -2.517891e+01  1.557858e+02
     vertex -3.649111e+01 -2.451077e+01  1.557858e+02
   endloop
 endfacet
 facet normal  8.517862e-01 -5.238896e-01  1.548067e-16
   outer loop
     vertex -3.649111e+01 -2.451077e+01  1.589858e+02
     vertex -3.690205e+01 -2.517891e+01  1.589858e+02
     vertex -3.690205e+01 -2.517891e+01  1.557858e+02
   endloop
 endfacet
 facet normal  9.298181e-01 -3.680195e-01  2.169256e-17
   outer loop
     vertex -3.620244e+01 -2.378142e+01  1.589858e+02
     vertex -3.649111e+01 -2.451077e+01  1.557858e+02
     vertex -3.620244e+01 -2.378142e+01  1.557858e+02
   endloop
 endfacet
 facet normal  9.298181e-01 -3.680195e-01  2.211524e-17
   outer loop
     vertex -3.620244e+01 -2.378142e+01  1.589858e+02
     vertex -3.649111e+01 -2.451077e+01  1.589858e+02
     vertex -3.649111e+01 -2.451077e+01  1.557858e+02
   endloop
 endfacet
 facet normal  9.795980e-01 -2.009672e-01  0.000000e+00
   outer loop
     vertex -3.604480e+01 -2.301302e+01  1.589858e+02
     vertex -3.620244e+01 -2.378142e+01  1.557858e+02
     vertex -3.604480e+01 -2.301302e+01  1.557858e+02
   endloop
 endfacet
 facet normal  9.795980e-01 -2.009672e-01  1.061532e-15
   outer loop
     vertex -3.604480e+01 -2.301302e+01  1.589858e+02
     vertex -3.620244e+01 -2.378142e+01  1.589858e+02
     vertex -3.620244e+01 -2.378142e+01  1.557858e+02
   endloop
 endfacet
 facet normal  8.552997e-02 -1.905402e-02  9.961534e-01
   outer loop
     vertex -3.255644e+01 -2.468689e+01  1.513480e+02
     vertex -3.157456e+01 -2.352973e+01  1.512858e+02
     vertex -3.235081e+01 -2.344001e+01  1.513542e+02
   endloop
 endfacet
 facet normal  8.182802e-02 -1.589314e-02  9.965197e-01
   outer loop
     vertex -3.255644e+01 -2.468689e+01  1.513480e+02
     vertex -3.183774e+01 -2.488472e+01  1.512858e+02
     vertex -3.157456e+01 -2.352973e+01  1.512858e+02
   endloop
 endfacet
 facet normal  7.843534e-02 -2.821902e-02  9.965197e-01
   outer loop
     vertex -3.255644e+01 -2.468689e+01  1.513480e+02
     vertex -3.230501e+01 -2.618352e+01  1.512858e+02
     vertex -3.183774e+01 -2.488472e+01  1.512858e+02
   endloop
 endfacet
 facet normal  2.539864e-01 -5.593209e-02  9.655892e-01
   outer loop
     vertex -3.323206e+01 -2.450093e+01  1.515245e+02
     vertex -3.235081e+01 -2.344001e+01  1.513542e+02
     vertex -3.310347e+01 -2.335301e+01  1.515572e+02
   endloop
 endfacet
 facet normal  2.410620e-01 -4.457098e-02  9.694857e-01
   outer loop
     vertex -3.323206e+01 -2.450093e+01  1.515245e+02
     vertex -3.255644e+01 -2.468689e+01  1.513480e+02
     vertex -3.235081e+01 -2.344001e+01  1.513542e+02
   endloop
 endfacet
 facet normal  7.319776e-02 -3.988113e-02  9.965197e-01
   outer loop
     vertex -3.298501e+01 -2.587813e+01  1.513480e+02
     vertex -3.296540e+01 -2.739560e+01  1.512858e+02
     vertex -3.230501e+01 -2.618352e+01  1.512858e+02
   endloop
 endfacet
 facet normal  7.843534e-02 -2.821902e-02  9.965197e-01
   outer loop
     vertex -3.298501e+01 -2.587813e+01  1.513480e+02
     vertex -3.230501e+01 -2.618352e+01  1.512858e+02
     vertex -3.255644e+01 -2.468689e+01  1.513480e+02
   endloop
 endfacet
 facet normal  4.158711e-01 -8.077306e-02  9.058294e-01
   outer loop
     vertex -3.400706e+01 -2.428761e+01  1.518887e+02
     vertex -3.310347e+01 -2.335301e+01  1.515572e+02
     vertex -3.380968e+01 -2.327138e+01  1.518887e+02
   endloop
 endfacet
 facet normal  4.079830e-01 -7.160464e-02  9.101772e-01
   outer loop
     vertex -3.400706e+01 -2.428761e+01  1.518887e+02
     vertex -3.323206e+01 -2.450093e+01  1.515245e+02
     vertex -3.310347e+01 -2.335301e+01  1.515572e+02
   endloop
 endfacet
 facet normal  2.305141e-01 -8.293303e-02  9.695284e-01
   outer loop
     vertex -3.362425e+01 -2.559104e+01  1.515245e+02
     vertex -3.298501e+01 -2.587813e+01  1.513480e+02
     vertex -3.255644e+01 -2.468689e+01  1.513480e+02
   endloop
 endfacet
 facet normal  2.305141e-01 -8.293303e-02  9.695284e-01
   outer loop
     vertex -3.362425e+01 -2.559104e+01  1.515245e+02
     vertex -3.255644e+01 -2.468689e+01  1.513480e+02
     vertex -3.323206e+01 -2.450093e+01  1.515245e+02
   endloop
 endfacet
 facet normal  6.851826e-02 -4.709482e-02  9.965377e-01
   outer loop
     vertex -3.359071e+01 -2.698981e+01  1.513480e+02
     vertex -3.382856e+01 -2.733664e+01  1.513480e+02
     vertex -3.296540e+01 -2.739560e+01  1.512858e+02
   endloop
 endfacet
 facet normal  7.319776e-02 -3.988113e-02  9.965197e-01
   outer loop
     vertex -3.359071e+01 -2.698981e+01  1.513480e+02
     vertex -3.296540e+01 -2.739560e+01  1.512858e+02
     vertex -3.298501e+01 -2.587813e+01  1.513480e+02
   endloop
 endfacet
 facet normal  6.951580e-01 -1.350179e-01  7.060634e-01
   outer loop
     vertex -3.462657e+01 -2.411710e+01  1.523386e+02
     vertex -3.444797e+01 -2.319760e+01  1.523386e+02
     vertex -3.499896e+01 -2.313391e+01  1.528933e+02
   endloop
 endfacet
 facet normal  5.641686e-01 -1.095763e-01  8.183562e-01
   outer loop
     vertex -3.462657e+01 -2.411710e+01  1.523386e+02
     vertex -3.380968e+01 -2.327138e+01  1.518887e+02
     vertex -3.444797e+01 -2.319760e+01  1.523386e+02
   endloop
 endfacet
 facet normal  5.641686e-01 -1.095763e-01  8.183562e-01
   outer loop
     vertex -3.462657e+01 -2.411710e+01  1.523386e+02
     vertex -3.400706e+01 -2.428761e+01  1.518887e+02
     vertex -3.380968e+01 -2.327138e+01  1.518887e+02
   endloop
 endfacet
 facet normal  3.892590e-01 -1.400454e-01  9.104201e-01
   outer loop
     vertex -3.435752e+01 -2.526172e+01  1.518887e+02
     vertex -3.362425e+01 -2.559104e+01  1.515245e+02
     vertex -3.323206e+01 -2.450093e+01  1.515245e+02
   endloop
 endfacet
 facet normal  3.892590e-01 -1.400454e-01  9.104201e-01
   outer loop
     vertex -3.435752e+01 -2.526172e+01  1.518887e+02
     vertex -3.323206e+01 -2.450093e+01  1.515245e+02
     vertex -3.400706e+01 -2.428761e+01  1.518887e+02
   endloop
 endfacet
 facet normal  1.943316e-01 -1.419482e-01  9.706111e-01
   outer loop
     vertex -3.417852e+01 -2.660835e+01  1.515245e+02
     vertex -3.467358e+01 -2.728568e+01  1.515246e+02
     vertex -3.382856e+01 -2.733664e+01  1.513480e+02
   endloop
 endfacet
 facet normal  3.632659e-01 -1.979221e-01  9.104201e-01
   outer loop
     vertex -3.417852e+01 -2.660835e+01  1.515245e+02
     vertex -3.362425e+01 -2.559104e+01  1.515245e+02
     vertex -3.435752e+01 -2.526172e+01  1.518887e+02
   endloop
 endfacet
 facet normal  2.151213e-01 -1.172069e-01  9.695284e-01
   outer loop
     vertex -3.417852e+01 -2.660835e+01  1.515245e+02
     vertex -3.298501e+01 -2.587813e+01  1.513480e+02
     vertex -3.362425e+01 -2.559104e+01  1.515245e+02
   endloop
 endfacet
 facet normal  2.014898e-01 -1.382828e-01  9.696802e-01
   outer loop
     vertex -3.417852e+01 -2.660835e+01  1.515245e+02
     vertex -3.382856e+01 -2.733664e+01  1.513480e+02
     vertex -3.359071e+01 -2.698981e+01  1.513480e+02
   endloop
 endfacet
 facet normal  2.151213e-01 -1.172069e-01  9.695284e-01
   outer loop
     vertex -3.417852e+01 -2.660835e+01  1.515245e+02
     vertex -3.359071e+01 -2.698981e+01  1.513480e+02
     vertex -3.298501e+01 -2.587813e+01  1.513480e+02
   endloop
 endfacet
 facet normal  8.049041e-01 -1.563334e-01  5.724415e-01
   outer loop
     vertex -3.516133e+01 -2.396990e+01  1.528933e+02
     vertex -3.499896e+01 -2.313391e+01  1.528933e+02
     vertex -3.544590e+01 -2.308225e+01  1.535358e+02
   endloop
 endfacet
 facet normal  6.951580e-01 -1.350179e-01  7.060634e-01
   outer loop
     vertex -3.516133e+01 -2.396990e+01  1.528933e+02
     vertex -3.462657e+01 -2.411710e+01  1.523386e+02
     vertex -3.499896e+01 -2.313391e+01  1.528933e+02
   endloop
 endfacet
 facet normal  5.407776e-01 -1.945578e-01  8.183562e-01
   outer loop
     vertex -3.494366e+01 -2.499847e+01  1.523386e+02
     vertex -3.435752e+01 -2.526172e+01  1.518887e+02
     vertex -3.400706e+01 -2.428761e+01  1.518887e+02
   endloop
 endfacet
 facet normal  5.407776e-01 -1.945578e-01  8.183562e-01
   outer loop
     vertex -3.494366e+01 -2.499847e+01  1.523386e+02
     vertex -3.400706e+01 -2.428761e+01  1.518887e+02
     vertex -3.462657e+01 -2.411710e+01  1.523386e+02
   endloop
 endfacet
 facet normal  3.632659e-01 -1.979221e-01  9.104201e-01
   outer loop
     vertex -3.485281e+01 -2.617078e+01  1.518887e+02
     vertex -3.417852e+01 -2.660835e+01  1.515245e+02
     vertex -3.435752e+01 -2.526172e+01  1.518887e+02
   endloop
 endfacet
 facet normal  8.049041e-01 -1.563334e-01  5.724415e-01
   outer loop
     vertex -3.559512e+01 -2.385050e+01  1.535358e+02
     vertex -3.516133e+01 -2.396990e+01  1.528933e+02
     vertex -3.544590e+01 -2.308225e+01  1.535358e+02
   endloop
 endfacet
 facet normal  6.663360e-01 -2.397305e-01  7.060634e-01
   outer loop
     vertex -3.544963e+01 -2.477124e+01  1.528933e+02
     vertex -3.462657e+01 -2.411710e+01  1.523386e+02
     vertex -3.516133e+01 -2.396990e+01  1.528933e+02
   endloop
 endfacet
 facet normal  6.663360e-01 -2.397305e-01  7.060634e-01
   outer loop
     vertex -3.544963e+01 -2.477124e+01  1.528933e+02
     vertex -3.494366e+01 -2.499847e+01  1.523386e+02
     vertex -3.462657e+01 -2.411710e+01  1.523386e+02
   endloop
 endfacet
 facet normal  3.285153e-01 -2.500148e-01  9.108075e-01
   outer loop
     vertex -3.529521e+01 -2.677601e+01  1.518887e+02
     vertex -3.600056e+01 -2.722105e+01  1.520210e+02
     vertex -3.467358e+01 -2.728568e+01  1.515246e+02
   endloop
 endfacet
 facet normal  3.335834e-01 -2.437337e-01  9.106679e-01
   outer loop
     vertex -3.529521e+01 -2.677601e+01  1.518887e+02
     vertex -3.467358e+01 -2.728568e+01  1.515246e+02
     vertex -3.417852e+01 -2.660835e+01  1.515245e+02
   endloop
 endfacet
 facet normal  3.335891e-01 -2.438350e-01  9.106387e-01
   outer loop
     vertex -3.529521e+01 -2.677601e+01  1.518887e+02
     vertex -3.417852e+01 -2.660835e+01  1.515245e+02
     vertex -3.485281e+01 -2.617078e+01  1.518887e+02
   endloop
 endfacet
 facet normal  5.046667e-01 -2.749631e-01  8.183562e-01
   outer loop
     vertex -3.539181e+01 -2.582100e+01  1.523386e+02
     vertex -3.435752e+01 -2.526172e+01  1.518887e+02
     vertex -3.494366e+01 -2.499847e+01  1.523386e+02
   endloop
 endfacet
 facet normal  5.046667e-01 -2.749631e-01  8.183562e-01
   outer loop
     vertex -3.539181e+01 -2.582100e+01  1.523386e+02
     vertex -3.485281e+01 -2.617078e+01  1.518887e+02
     vertex -3.435752e+01 -2.526172e+01  1.518887e+02
   endloop
 endfacet
 facet normal  6.218409e-01 -3.388043e-01  7.060634e-01
   outer loop
     vertex -3.539181e+01 -2.582100e+01  1.523386e+02
     vertex -3.494366e+01 -2.499847e+01  1.523386e+02
     vertex -3.544963e+01 -2.477124e+01  1.528933e+02
   endloop
 endfacet
 facet normal  8.901496e-01 -1.728904e-01  4.215953e-01
   outer loop
     vertex -3.591473e+01 -2.376253e+01  1.542467e+02
     vertex -3.544590e+01 -2.308225e+01  1.535358e+02
     vertex -3.577521e+01 -2.304418e+01  1.542467e+02
   endloop
 endfacet
 facet normal  8.901496e-01 -1.728904e-01  4.215953e-01
   outer loop
     vertex -3.591473e+01 -2.376253e+01  1.542467e+02
     vertex -3.559512e+01 -2.385050e+01  1.535358e+02
     vertex -3.544590e+01 -2.308225e+01  1.535358e+02
   endloop
 endfacet
 facet normal  7.715320e-01 -2.775773e-01  5.724415e-01
   outer loop
     vertex -3.586006e+01 -2.458691e+01  1.535358e+02
     vertex -3.544963e+01 -2.477124e+01  1.528933e+02
     vertex -3.516133e+01 -2.396990e+01  1.528933e+02
   endloop
 endfacet
 facet normal  7.715320e-01 -2.775773e-01  5.724415e-01
   outer loop
     vertex -3.586006e+01 -2.458691e+01  1.535358e+02
     vertex -3.516133e+01 -2.396990e+01  1.528933e+02
     vertex -3.559512e+01 -2.385050e+01  1.535358e+02
   endloop
 endfacet
 facet normal  4.087590e-01 -4.047870e-01  8.179631e-01
   outer loop
     vertex -3.579209e+01 -2.636862e+01  1.523386e+02
     vertex -3.600056e+01 -2.722105e+01  1.520210e+02
     vertex -3.529521e+01 -2.677601e+01  1.518887e+02
   endloop
 endfacet
 facet normal  4.635418e-01 -3.388232e-01  8.187355e-01
   outer loop
     vertex -3.579209e+01 -2.636862e+01  1.523386e+02
     vertex -3.529521e+01 -2.677601e+01  1.518887e+02
     vertex -3.485281e+01 -2.617078e+01  1.518887e+02
   endloop
 endfacet
 facet normal  4.635418e-01 -3.388232e-01  8.187355e-01
   outer loop
     vertex -3.579209e+01 -2.636862e+01  1.523386e+02
     vertex -3.485281e+01 -2.617078e+01  1.518887e+02
     vertex -3.539181e+01 -2.582100e+01  1.523386e+02
   endloop
 endfacet
 facet normal  7.200122e-01 -3.922921e-01  5.724415e-01
   outer loop
     vertex -3.585708e+01 -2.551906e+01  1.528933e+02
     vertex -3.544963e+01 -2.477124e+01  1.528933e+02
     vertex -3.586006e+01 -2.458691e+01  1.535358e+02
   endloop
 endfacet
 facet normal  6.218409e-01 -3.388043e-01  7.060634e-01
   outer loop
     vertex -3.585708e+01 -2.551906e+01  1.528933e+02
     vertex -3.539181e+01 -2.582100e+01  1.523386e+02
     vertex -3.544963e+01 -2.477124e+01  1.528933e+02
   endloop
 endfacet
 facet normal  9.779419e-01 -1.899419e-01  8.690105e-02
   outer loop
     vertex -3.611047e+01 -2.370865e+01  1.550044e+02
     vertex -3.597689e+01 -2.302087e+01  1.550044e+02
     vertex -3.604480e+01 -2.301302e+01  1.557858e+02
   endloop
 endfacet
 facet normal  9.483932e-01 -1.842028e-01  2.581078e-01
   outer loop
     vertex -3.611047e+01 -2.370865e+01  1.550044e+02
     vertex -3.577521e+01 -2.304418e+01  1.542467e+02
     vertex -3.597689e+01 -2.302087e+01  1.550044e+02
   endloop
 endfacet
 facet normal  9.750613e-01 -2.000365e-01  9.612956e-02
   outer loop
     vertex -3.611047e+01 -2.370865e+01  1.550044e+02
     vertex -3.604480e+01 -2.301302e+01  1.557858e+02
     vertex -3.620244e+01 -2.378142e+01  1.557858e+02
   endloop
 endfacet
 facet normal  9.483932e-01 -1.842028e-01  2.581078e-01
   outer loop
     vertex -3.611047e+01 -2.370865e+01  1.550044e+02
     vertex -3.591473e+01 -2.376253e+01  1.542467e+02
     vertex -3.577521e+01 -2.304418e+01  1.542467e+02
   endloop
 endfacet
 facet normal  8.532431e-01 -3.069749e-01  4.215953e-01
   outer loop
     vertex -3.616246e+01 -2.445110e+01  1.542467e+02
     vertex -3.559512e+01 -2.385050e+01  1.535358e+02
     vertex -3.591473e+01 -2.376253e+01  1.542467e+02
   endloop
 endfacet
 facet normal  8.532431e-01 -3.069749e-01  4.215953e-01
   outer loop
     vertex -3.616246e+01 -2.445110e+01  1.542467e+02
     vertex -3.586006e+01 -2.458691e+01  1.535358e+02
     vertex -3.559512e+01 -2.385050e+01  1.535358e+02
   endloop
 endfacet
 facet normal  4.125466e-01 -4.309350e-01  8.025586e-01
   outer loop
     vertex -3.629579e+01 -2.691207e+01  1.523386e+02
     vertex -3.687990e+01 -2.718828e+01  1.524906e+02
     vertex -3.600056e+01 -2.722105e+01  1.520210e+02
   endloop
 endfacet
 facet normal  4.380597e-01 -4.060158e-01  8.020317e-01
   outer loop
     vertex -3.629579e+01 -2.691207e+01  1.523386e+02
     vertex -3.600056e+01 -2.722105e+01  1.520210e+02
     vertex -3.579209e+01 -2.636862e+01  1.523386e+02
   endloop
 endfacet
 facet normal  5.713048e-01 -4.175919e-01  7.065606e-01
   outer loop
     vertex -3.622101e+01 -2.601695e+01  1.528933e+02
     vertex -3.539181e+01 -2.582100e+01  1.523386e+02
     vertex -3.585708e+01 -2.551906e+01  1.528933e+02
   endloop
 endfacet
 facet normal  5.713048e-01 -4.175919e-01  7.065606e-01
   outer loop
     vertex -3.622101e+01 -2.601695e+01  1.528933e+02
     vertex -3.579209e+01 -2.636862e+01  1.523386e+02
     vertex -3.539181e+01 -2.582100e+01  1.523386e+02
   endloop
 endfacet
 facet normal  7.200122e-01 -3.922921e-01  5.724415e-01
   outer loop
     vertex -3.623449e+01 -2.527414e+01  1.535358e+02
     vertex -3.585708e+01 -2.551906e+01  1.528933e+02
     vertex -3.586006e+01 -2.458691e+01  1.535358e+02
   endloop
 endfacet
 facet normal  7.962671e-01 -4.338389e-01  4.215953e-01
   outer loop
     vertex -3.623449e+01 -2.527414e+01  1.535358e+02
     vertex -3.586006e+01 -2.458691e+01  1.535358e+02
     vertex -3.616246e+01 -2.445110e+01  1.542467e+02
   endloop
 endfacet
 facet normal  9.380164e-01 -3.374741e-01  7.897188e-02
   outer loop
     vertex -3.634766e+01 -2.436792e+01  1.550044e+02
     vertex -3.611047e+01 -2.370865e+01  1.550044e+02
     vertex -3.620244e+01 -2.378142e+01  1.557858e+02
   endloop
 endfacet
 facet normal  9.248849e-01 -3.660669e-01  1.028731e-01
   outer loop
     vertex -3.634766e+01 -2.436792e+01  1.550044e+02
     vertex -3.620244e+01 -2.378142e+01  1.557858e+02
     vertex -3.649111e+01 -2.451077e+01  1.557858e+02
   endloop
 endfacet
 facet normal  9.090719e-01 -3.270606e-01  2.581078e-01
   outer loop
     vertex -3.634766e+01 -2.436792e+01  1.550044e+02
     vertex -3.616246e+01 -2.445110e+01  1.542467e+02
     vertex -3.591473e+01 -2.376253e+01  1.542467e+02
   endloop
 endfacet
 facet normal  9.090719e-01 -3.270606e-01  2.581078e-01
   outer loop
     vertex -3.634766e+01 -2.436792e+01  1.550044e+02
     vertex -3.591473e+01 -2.376253e+01  1.542467e+02
     vertex -3.611047e+01 -2.370865e+01  1.550044e+02
   endloop
 endfacet
 facet normal  5.190858e-01 -4.811149e-01  7.064548e-01
   outer loop
     vertex -3.667896e+01 -2.651105e+01  1.528933e+02
     vertex -3.629579e+01 -2.691207e+01  1.523386e+02
     vertex -3.579209e+01 -2.636862e+01  1.523386e+02
   endloop
 endfacet
 facet normal  5.190858e-01 -4.811149e-01  7.064548e-01
   outer loop
     vertex -3.667896e+01 -2.651105e+01  1.528933e+02
     vertex -3.579209e+01 -2.636862e+01  1.523386e+02
     vertex -3.622101e+01 -2.601695e+01  1.528933e+02
   endloop
 endfacet
 facet normal  4.444434e-01 -5.515917e-01  7.058447e-01
   outer loop
     vertex -3.667896e+01 -2.651105e+01  1.528933e+02
     vertex -3.687990e+01 -2.718828e+01  1.524906e+02
     vertex -3.629579e+01 -2.691207e+01  1.523386e+02
   endloop
 endfacet
 facet normal  6.616567e-01 -4.836341e-01  5.729821e-01
   outer loop
     vertex -3.656893e+01 -2.573169e+01  1.535358e+02
     vertex -3.585708e+01 -2.551906e+01  1.528933e+02
     vertex -3.623449e+01 -2.527414e+01  1.535358e+02
   endloop
 endfacet
 facet normal  6.616567e-01 -4.836341e-01  5.729821e-01
   outer loop
     vertex -3.656893e+01 -2.573169e+01  1.535358e+02
     vertex -3.622101e+01 -2.601695e+01  1.528933e+02
     vertex -3.585708e+01 -2.551906e+01  1.528933e+02
   endloop
 endfacet
 facet normal  7.962671e-01 -4.338389e-01  4.215953e-01
   outer loop
     vertex -3.651257e+01 -2.509368e+01  1.542467e+02
     vertex -3.623449e+01 -2.527414e+01  1.535358e+02
     vertex -3.616246e+01 -2.445110e+01  1.542467e+02
   endloop
 endfacet
 facet normal  4.312746e-01 -5.828659e-01  6.886723e-01
   outer loop
     vertex -3.711421e+01 -2.688584e+01  1.528933e+02
     vertex -3.780094e+01 -2.715954e+01  1.530917e+02
     vertex -3.687990e+01 -2.718828e+01  1.524906e+02
   endloop
 endfacet
 facet normal  4.733681e-01 -5.497264e-01  6.882757e-01
   outer loop
     vertex -3.711421e+01 -2.688584e+01  1.528933e+02
     vertex -3.687990e+01 -2.718828e+01  1.524906e+02
     vertex -3.667896e+01 -2.651105e+01  1.528933e+02
   endloop
 endfacet
 facet normal  6.011486e-01 -5.571748e-01  5.728670e-01
   outer loop
     vertex -3.698978e+01 -2.618575e+01  1.535358e+02
     vertex -3.667896e+01 -2.651105e+01  1.528933e+02
     vertex -3.622101e+01 -2.601695e+01  1.528933e+02
   endloop
 endfacet
 facet normal  6.011486e-01 -5.571748e-01  5.728670e-01
   outer loop
     vertex -3.698978e+01 -2.618575e+01  1.535358e+02
     vertex -3.622101e+01 -2.601695e+01  1.528933e+02
     vertex -3.656893e+01 -2.573169e+01  1.535358e+02
   endloop
 endfacet
 facet normal  7.318855e-01 -5.349674e-01  4.220824e-01
   outer loop
     vertex -3.682529e+01 -2.552151e+01  1.542467e+02
     vertex -3.656893e+01 -2.573169e+01  1.535358e+02
     vertex -3.623449e+01 -2.527414e+01  1.535358e+02
   endloop
 endfacet
 facet normal  7.318855e-01 -5.349674e-01  4.220824e-01
   outer loop
     vertex -3.682529e+01 -2.552151e+01  1.542467e+02
     vertex -3.623449e+01 -2.527414e+01  1.535358e+02
     vertex -3.651257e+01 -2.509368e+01  1.542467e+02
   endloop
 endfacet
 facet normal  8.483678e-01 -4.622255e-01  2.581078e-01
   outer loop
     vertex -3.668287e+01 -2.498317e+01  1.550044e+02
     vertex -3.651257e+01 -2.509368e+01  1.542467e+02
     vertex -3.616246e+01 -2.445110e+01  1.542467e+02
   endloop
 endfacet
 facet normal  8.468898e-01 -5.208781e-01  1.070686e-01
   outer loop
     vertex -3.668287e+01 -2.498317e+01  1.550044e+02
     vertex -3.649111e+01 -2.451077e+01  1.557858e+02
     vertex -3.690205e+01 -2.517891e+01  1.557858e+02
   endloop
 endfacet
 facet normal  8.483678e-01 -4.622255e-01  2.581078e-01
   outer loop
     vertex -3.668287e+01 -2.498317e+01  1.550044e+02
     vertex -3.616246e+01 -2.445110e+01  1.542467e+02
     vertex -3.634766e+01 -2.436792e+01  1.550044e+02
   endloop
 endfacet
 facet normal  8.757438e-01 -4.771411e-01  7.354699e-02
   outer loop
     vertex -3.668287e+01 -2.498317e+01  1.550044e+02
     vertex -3.634766e+01 -2.436792e+01  1.550044e+02
     vertex -3.649111e+01 -2.451077e+01  1.557858e+02
   endloop
 endfacet
 facet normal  5.347462e-01 -6.210053e-01  5.730610e-01
   outer loop
     vertex -3.738976e+01 -2.653018e+01  1.535358e+02
     vertex -3.667896e+01 -2.651105e+01  1.528933e+02
     vertex -3.698978e+01 -2.618575e+01  1.535358e+02
   endloop
 endfacet
 facet normal  5.347462e-01 -6.210053e-01  5.730610e-01
   outer loop
     vertex -3.738976e+01 -2.653018e+01  1.535358e+02
     vertex -3.711421e+01 -2.688584e+01  1.528933e+02
     vertex -3.667896e+01 -2.651105e+01  1.528933e+02
   endloop
 endfacet
 facet normal  6.649251e-01 -6.162861e-01  4.219787e-01
   outer loop
     vertex -3.721879e+01 -2.594607e+01  1.542467e+02
     vertex -3.698978e+01 -2.618575e+01  1.535358e+02
     vertex -3.656893e+01 -2.573169e+01  1.535358e+02
   endloop
 endfacet
 facet normal  6.649251e-01 -6.162861e-01  4.219787e-01
   outer loop
     vertex -3.721879e+01 -2.594607e+01  1.542467e+02
     vertex -3.656893e+01 -2.573169e+01  1.535358e+02
     vertex -3.682529e+01 -2.552151e+01  1.542467e+02
   endloop
 endfacet
 facet normal  8.048397e-01 -5.882929e-01  7.838663e-02
   outer loop
     vertex -3.698228e+01 -2.539279e+01  1.550044e+02
     vertex -3.668287e+01 -2.498317e+01  1.550044e+02
     vertex -3.690205e+01 -2.517891e+01  1.557858e+02
   endloop
 endfacet
 facet normal  7.437909e-01 -6.602182e-01  1.043410e-01
   outer loop
     vertex -3.698228e+01 -2.539279e+01  1.550044e+02
     vertex -3.690205e+01 -2.517891e+01  1.557858e+02
     vertex -3.742277e+01 -2.576554e+01  1.557858e+02
   endloop
 endfacet
 facet normal  7.798955e-01 -5.700601e-01  2.584464e-01
   outer loop
     vertex -3.698228e+01 -2.539279e+01  1.550044e+02
     vertex -3.651257e+01 -2.509368e+01  1.542467e+02
     vertex -3.668287e+01 -2.498317e+01  1.550044e+02
   endloop
 endfacet
 facet normal  7.798955e-01 -5.700601e-01  2.584464e-01
   outer loop
     vertex -3.698228e+01 -2.539279e+01  1.550044e+02
     vertex -3.682529e+01 -2.552151e+01  1.542467e+02
     vertex -3.651257e+01 -2.509368e+01  1.542467e+02
   endloop
 endfacet
 facet normal  4.768067e-01 -6.663220e-01  5.732977e-01
   outer loop
     vertex -3.770551e+01 -2.675612e+01  1.535358e+02
     vertex -3.711421e+01 -2.688584e+01  1.528933e+02
     vertex -3.738976e+01 -2.653018e+01  1.535358e+02
   endloop
 endfacet
 facet normal  4.414714e-01 -7.093573e-01  5.494681e-01
   outer loop
     vertex -3.770551e+01 -2.675612e+01  1.535358e+02
     vertex -3.780094e+01 -2.715954e+01  1.530917e+02
     vertex -3.711421e+01 -2.688584e+01  1.528933e+02
   endloop
 endfacet
 facet normal  5.915228e-01 -6.869405e-01  4.221535e-01
   outer loop
     vertex -3.759279e+01 -2.626812e+01  1.542467e+02
     vertex -3.738976e+01 -2.653018e+01  1.535358e+02
     vertex -3.698978e+01 -2.618575e+01  1.535358e+02
   endloop
 endfacet
 facet normal  5.915228e-01 -6.869405e-01  4.221535e-01
   outer loop
     vertex -3.759279e+01 -2.626812e+01  1.542467e+02
     vertex -3.698978e+01 -2.618575e+01  1.535358e+02
     vertex -3.721879e+01 -2.594607e+01  1.542467e+02
   endloop
 endfacet
 facet normal  5.274804e-01 -7.371368e-01  4.223669e-01
   outer loop
     vertex -3.759279e+01 -2.626812e+01  1.542467e+02
     vertex -3.770551e+01 -2.675612e+01  1.535358e+02
     vertex -3.738976e+01 -2.653018e+01  1.535358e+02
   endloop
 endfacet
 facet normal  7.305241e-01 -6.770866e-01  8.881574e-02
   outer loop
     vertex -3.735904e+01 -2.579929e+01  1.550044e+02
     vertex -3.698228e+01 -2.539279e+01  1.550044e+02
     vertex -3.742277e+01 -2.576554e+01  1.557858e+02
   endloop
 endfacet
 facet normal  7.085191e-01 -6.566913e-01  2.583742e-01
   outer loop
     vertex -3.735904e+01 -2.579929e+01  1.550044e+02
     vertex -3.721879e+01 -2.594607e+01  1.542467e+02
     vertex -3.682529e+01 -2.552151e+01  1.542467e+02
   endloop
 endfacet
 facet normal  7.085191e-01 -6.566913e-01  2.583742e-01
   outer loop
     vertex -3.735904e+01 -2.579929e+01  1.550044e+02
     vertex -3.682529e+01 -2.552151e+01  1.542467e+02
     vertex -3.698228e+01 -2.539279e+01  1.550044e+02
   endloop
 endfacet
 facet normal  5.274804e-01 -7.371368e-01  4.223669e-01
   outer loop
     vertex -3.788803e+01 -2.647939e+01  1.542467e+02
     vertex -3.770551e+01 -2.675612e+01  1.535358e+02
     vertex -3.759279e+01 -2.626812e+01  1.542467e+02
   endloop
 endfacet
 facet normal  6.175759e-01 -7.790060e-01  1.083960e-01
   outer loop
     vertex -3.771713e+01 -2.610764e+01  1.550044e+02
     vertex -3.742277e+01 -2.576554e+01  1.557858e+02
     vertex -3.803745e+01 -2.625284e+01  1.557858e+02
   endloop
 endfacet
 facet normal  6.501210e-01 -7.549910e-01  8.562298e-02
   outer loop
     vertex -3.771713e+01 -2.610764e+01  1.550044e+02
     vertex -3.735904e+01 -2.579929e+01  1.550044e+02
     vertex -3.742277e+01 -2.576554e+01  1.557858e+02
   endloop
 endfacet
 facet normal  6.303397e-01 -7.320189e-01  2.584958e-01
   outer loop
     vertex -3.771713e+01 -2.610764e+01  1.550044e+02
     vertex -3.759279e+01 -2.626812e+01  1.542467e+02
     vertex -3.721879e+01 -2.594607e+01  1.542467e+02
   endloop
 endfacet
 facet normal  6.303397e-01 -7.320189e-01  2.584958e-01
   outer loop
     vertex -3.771713e+01 -2.610764e+01  1.550044e+02
     vertex -3.721879e+01 -2.594607e+01  1.542467e+02
     vertex -3.735904e+01 -2.579929e+01  1.550044e+02
   endloop
 endfacet
 facet normal  5.797237e-01 -8.101452e-01  8.709313e-02
   outer loop
     vertex -3.799981e+01 -2.630991e+01  1.550044e+02
     vertex -3.771713e+01 -2.610764e+01  1.550044e+02
     vertex -3.803745e+01 -2.625284e+01  1.557858e+02
   endloop
 endfacet
 facet normal  5.621332e-01 -7.855631e-01  2.586442e-01
   outer loop
     vertex -3.799981e+01 -2.630991e+01  1.550044e+02
     vertex -3.788803e+01 -2.647939e+01  1.542467e+02
     vertex -3.759279e+01 -2.626812e+01  1.542467e+02
   endloop
 endfacet
 facet normal  5.621332e-01 -7.855631e-01  2.586442e-01
   outer loop
     vertex -3.799981e+01 -2.630991e+01  1.550044e+02
     vertex -3.759279e+01 -2.626812e+01  1.542467e+02
     vertex -3.771713e+01 -2.610764e+01  1.550044e+02
   endloop
 endfacet
 facet normal  4.966580e-01 -6.929189e-01  5.226798e-01
   outer loop
     vertex -3.861959e+01 -2.687505e+01  1.542467e+02
     vertex -3.780094e+01 -2.715954e+01  1.530917e+02
     vertex -3.770551e+01 -2.675612e+01  1.535358e+02
   endloop
 endfacet
 facet normal  4.314448e-01 -7.977249e-01  4.212960e-01
   outer loop
     vertex -3.861959e+01 -2.687505e+01  1.542467e+02
     vertex -3.770551e+01 -2.675612e+01  1.535358e+02
     vertex -3.788803e+01 -2.647939e+01  1.542467e+02
   endloop
 endfacet
 facet normal  4.739270e-01 -8.762730e-01  8.682659e-02
   outer loop
     vertex -3.870024e+01 -2.668874e+01  1.550044e+02
     vertex -3.803745e+01 -2.625284e+01  1.557858e+02
     vertex -3.872740e+01 -2.662600e+01  1.557858e+02
   endloop
 endfacet
 facet normal  4.596307e-01 -8.498396e-01  2.578998e-01
   outer loop
     vertex -3.870024e+01 -2.668874e+01  1.550044e+02
     vertex -3.788803e+01 -2.647939e+01  1.542467e+02
     vertex -3.799981e+01 -2.630991e+01  1.550044e+02
   endloop
 endfacet
 facet normal  4.596307e-01 -8.498396e-01  2.578998e-01
   outer loop
     vertex -3.870024e+01 -2.668874e+01  1.550044e+02
     vertex -3.861959e+01 -2.687505e+01  1.542467e+02
     vertex -3.788803e+01 -2.647939e+01  1.542467e+02
   endloop
 endfacet
 facet normal  4.739270e-01 -8.762730e-01  8.682659e-02
   outer loop
     vertex -3.870024e+01 -2.668874e+01  1.550044e+02
     vertex -3.799981e+01 -2.630991e+01  1.550044e+02
     vertex -3.803745e+01 -2.625284e+01  1.557858e+02
   endloop
 endfacet
 facet normal  1.247275e-01 -9.677429e-01  2.188987e-01
   outer loop
     vertex -3.945582e+01 -2.694018e+01  1.550044e+02
     vertex -4.103175e+01 -2.696654e+01  1.557858e+02
     vertex -3.780094e+01 -2.715954e+01  1.530917e+02
   endloop
 endfacet
 facet normal -2.769719e-02 -9.956067e-01 -8.944398e-02
   outer loop
     vertex -3.945582e+01 -2.694018e+01  1.550044e+02
     vertex -4.024765e+01 -2.698836e+01  1.557858e+02
     vertex -4.103175e+01 -2.696654e+01  1.557858e+02
   endloop
 endfacet
 facet normal  1.456427e-01 -9.855198e-01  8.682659e-02
   outer loop
     vertex -3.945582e+01 -2.694018e+01  1.550044e+02
     vertex -3.947167e+01 -2.687368e+01  1.557858e+02
     vertex -4.024765e+01 -2.698836e+01  1.557858e+02
   endloop
 endfacet
 facet normal  3.145638e-01 -9.452570e-01  8.682659e-02
   outer loop
     vertex -3.945582e+01 -2.694018e+01  1.550044e+02
     vertex -3.872740e+01 -2.662600e+01  1.557858e+02
     vertex -3.947167e+01 -2.687368e+01  1.557858e+02
   endloop
 endfacet
 facet normal  5.410785e-01 -6.431054e-01  5.418943e-01
   outer loop
     vertex -3.945582e+01 -2.694018e+01  1.550044e+02
     vertex -3.780094e+01 -2.715954e+01  1.530917e+02
     vertex -3.861959e+01 -2.687505e+01  1.542467e+02
   endloop
 endfacet
 facet normal  3.050748e-01 -9.167426e-01  2.578998e-01
   outer loop
     vertex -3.945582e+01 -2.694018e+01  1.550044e+02
     vertex -3.861959e+01 -2.687505e+01  1.542467e+02
     vertex -3.870024e+01 -2.668874e+01  1.550044e+02
   endloop
 endfacet
 facet normal  3.145638e-01 -9.452570e-01  8.682659e-02
   outer loop
     vertex -3.945582e+01 -2.694018e+01  1.550044e+02
     vertex -3.870024e+01 -2.668874e+01  1.550044e+02
     vertex -3.872740e+01 -2.662600e+01  1.557858e+02
   endloop
 endfacet
 facet normal  9.896056e-01 -1.143879e-01  8.715574e-02
   outer loop
     vertex -3.597689e+01 -2.302087e+01  1.550044e+02
     vertex -3.592997e+01 -2.201963e+01  1.557858e+02
     vertex -3.604480e+01 -2.301302e+01  1.557858e+02
   endloop
 endfacet
 facet normal  9.896056e-01 -1.143879e-01  8.715574e-02
   outer loop
     vertex -3.597689e+01 -2.302087e+01  1.550044e+02
     vertex -3.586206e+01 -2.202748e+01  1.550044e+02
     vertex -3.592997e+01 -2.201963e+01  1.557858e+02
   endloop
 endfacet
 facet normal  9.595370e-01 -1.109123e-01  2.588190e-01
   outer loop
     vertex -3.577521e+01 -2.304418e+01  1.542467e+02
     vertex -3.566039e+01 -2.205080e+01  1.542467e+02
     vertex -3.586206e+01 -2.202748e+01  1.550044e+02
   endloop
 endfacet
 facet normal  9.595370e-01 -1.109123e-01  2.588190e-01
   outer loop
     vertex -3.577521e+01 -2.304418e+01  1.542467e+02
     vertex -3.586206e+01 -2.202748e+01  1.550044e+02
     vertex -3.597689e+01 -2.302087e+01  1.550044e+02
   endloop
 endfacet
 facet normal  9.003132e-01 -1.040667e-01  4.226183e-01
   outer loop
     vertex -3.544590e+01 -2.308225e+01  1.535358e+02
     vertex -3.533108e+01 -2.208886e+01  1.535358e+02
     vertex -3.566039e+01 -2.205080e+01  1.542467e+02
   endloop
 endfacet
 facet normal  9.003132e-01 -1.040667e-01  4.226183e-01
   outer loop
     vertex -3.544590e+01 -2.308225e+01  1.535358e+02
     vertex -3.566039e+01 -2.205080e+01  1.542467e+02
     vertex -3.577521e+01 -2.304418e+01  1.542467e+02
   endloop
 endfacet
 facet normal  8.137340e-01 -9.405902e-02  5.735764e-01
   outer loop
     vertex -3.499896e+01 -2.313391e+01  1.528933e+02
     vertex -3.488414e+01 -2.214052e+01  1.528933e+02
     vertex -3.533108e+01 -2.208886e+01  1.535358e+02
   endloop
 endfacet
 facet normal  8.137340e-01 -9.405902e-02  5.735764e-01
   outer loop
     vertex -3.499896e+01 -2.313391e+01  1.528933e+02
     vertex -3.533108e+01 -2.208886e+01  1.535358e+02
     vertex -3.544590e+01 -2.308225e+01  1.535358e+02
   endloop
 endfacet
 facet normal  7.024298e-01 -8.119344e-02  7.071068e-01
   outer loop
     vertex -3.444797e+01 -2.319760e+01  1.523386e+02
     vertex -3.433315e+01 -2.220421e+01  1.523386e+02
     vertex -3.488414e+01 -2.214052e+01  1.528933e+02
   endloop
 endfacet
 facet normal  7.024298e-01 -8.119344e-02  7.071068e-01
   outer loop
     vertex -3.444797e+01 -2.319760e+01  1.523386e+02
     vertex -3.488414e+01 -2.214052e+01  1.528933e+02
     vertex -3.499896e+01 -2.313391e+01  1.528933e+02
   endloop
 endfacet
 facet normal  5.697827e-01 -6.586084e-02  8.191520e-01
   outer loop
     vertex -3.380968e+01 -2.327138e+01  1.518887e+02
     vertex -3.369486e+01 -2.227799e+01  1.518887e+02
     vertex -3.433315e+01 -2.220421e+01  1.523386e+02
   endloop
 endfacet
 facet normal  5.697827e-01 -6.586084e-02  8.191520e-01
   outer loop
     vertex -3.380968e+01 -2.327138e+01  1.518887e+02
     vertex -3.433315e+01 -2.220421e+01  1.523386e+02
     vertex -3.444797e+01 -2.319760e+01  1.523386e+02
   endloop
 endfacet
 facet normal  4.198230e-01 -4.852708e-02  9.063078e-01
   outer loop
     vertex -3.310347e+01 -2.335301e+01  1.515572e+02
     vertex -3.298865e+01 -2.235962e+01  1.515572e+02
     vertex -3.369486e+01 -2.227799e+01  1.518887e+02
   endloop
 endfacet
 facet normal  4.198230e-01 -4.852708e-02  9.063078e-01
   outer loop
     vertex -3.310347e+01 -2.335301e+01  1.515572e+02
     vertex -3.369486e+01 -2.227799e+01  1.518887e+02
     vertex -3.380968e+01 -2.327138e+01  1.518887e+02
   endloop
 endfacet
 facet normal  2.571072e-01 -2.971886e-02  9.659258e-01
   outer loop
     vertex -3.235081e+01 -2.344001e+01  1.513542e+02
     vertex -3.223599e+01 -2.244662e+01  1.513542e+02
     vertex -3.298865e+01 -2.235962e+01  1.515572e+02
   endloop
 endfacet
 facet normal  2.571072e-01 -2.971886e-02  9.659258e-01
   outer loop
     vertex -3.235081e+01 -2.344001e+01  1.513542e+02
     vertex -3.298865e+01 -2.235962e+01  1.515572e+02
     vertex -3.310347e+01 -2.335301e+01  1.515572e+02
   endloop
 endfacet
 facet normal  8.657927e-02 -1.000765e-02  9.961947e-01
   outer loop
     vertex -3.157456e+01 -2.352973e+01  1.512858e+02
     vertex -3.145974e+01 -2.253635e+01  1.512858e+02
     vertex -3.223599e+01 -2.244662e+01  1.513542e+02
   endloop
 endfacet
 facet normal  8.657927e-02 -1.000765e-02  9.961947e-01
   outer loop
     vertex -3.157456e+01 -2.352973e+01  1.512858e+02
     vertex -3.223599e+01 -2.244662e+01  1.513542e+02
     vertex -3.235081e+01 -2.344001e+01  1.513542e+02
   endloop
 endfacet
 facet normal  8.734700e-02 -3.348750e-03  9.961723e-01
   outer loop
     vertex -3.223599e+01 -2.244662e+01  1.513542e+02
     vertex -3.145974e+01 -2.253635e+01  1.512858e+02
     vertex -3.140686e+01 -2.115705e+01  1.512858e+02
   endloop
 endfacet
 facet normal  9.958382e-01 -2.770363e-02  8.682659e-02
   outer loop
     vertex -3.592997e+01 -2.201963e+01  1.557858e+02
     vertex -3.586206e+01 -2.202748e+01  1.550044e+02
     vertex -3.590816e+01 -2.123554e+01  1.557858e+02
   endloop
 endfacet
 facet normal  2.558475e-01  8.780692e-02  9.627211e-01
   outer loop
     vertex -3.355326e+01 -1.853906e+01  1.515572e+02
     vertex -3.294815e+01 -1.828833e+01  1.513735e+02
     vertex -3.393671e+01 -1.811620e+01  1.516205e+02
   endloop
 endfacet
 facet normal  3.666296e-01  9.263066e-01  8.682659e-02
   outer loop
     vertex -3.835514e+01 -1.741787e+01  1.550044e+02
     vertex -3.911510e+01 -1.719033e+01  1.557858e+02
     vertex -3.838575e+01 -1.747900e+01  1.557858e+02
   endloop
 endfacet
 facet normal  2.001617e-01  9.756716e-01 -8.944398e-02
   outer loop
     vertex -3.835514e+01 -1.741787e+01  1.550044e+02
     vertex -3.988350e+01 -1.703269e+01  1.557858e+02
     vertex -3.911510e+01 -1.719033e+01  1.557858e+02
   endloop
 endfacet
 facet normal  3.452158e-01  9.108529e-01  2.262146e-01
   outer loop
     vertex -3.835514e+01 -1.741787e+01  1.550044e+02
     vertex -3.750073e+01 -1.742005e+01  1.537093e+02
     vertex -3.988350e+01 -1.703269e+01  1.557858e+02
   endloop
 endfacet
 facet normal  3.957605e-01  1.930226e-01  8.978396e-01
   outer loop
     vertex -3.442126e+01 -1.837009e+01  1.518887e+02
     vertex -3.393671e+01 -1.811620e+01  1.516205e+02
     vertex -3.488266e+01 -1.794111e+01  1.519999e+02
   endloop
 endfacet
 facet normal  8.962192e-02  2.243561e-02  9.957231e-01
   outer loop
     vertex -3.240559e+01 -1.959738e+01  1.513542e+02
     vertex -3.193198e+01 -1.845513e+01  1.512858e+02
     vertex -3.294815e+01 -1.828833e+01  1.513735e+02
   endloop
 endfacet
 facet normal  8.639155e-02  2.379021e-02  9.959772e-01
   outer loop
     vertex -3.240559e+01 -1.959738e+01  1.513542e+02
     vertex -3.156552e+01 -1.978590e+01  1.512858e+02
     vertex -3.193198e+01 -1.845513e+01  1.512858e+02
   endloop
 endfacet
 facet normal  6.087846e-01  6.848352e-01  4.004773e-01
   outer loop
     vertex -3.763755e+01 -1.761270e+01  1.542467e+02
     vertex -3.750073e+01 -1.742005e+01  1.537093e+02
     vertex -3.835514e+01 -1.741787e+01  1.550044e+02
   endloop
 endfacet
 facet normal  5.135555e-01  2.917155e-01  8.069466e-01
   outer loop
     vertex -3.530179e+01 -1.814031e+01  1.523386e+02
     vertex -3.488266e+01 -1.794111e+01  1.519999e+02
     vertex -3.614081e+01 -1.769379e+01  1.527112e+02
   endloop
 endfacet
 facet normal  3.974162e-01  1.898131e-01  8.977925e-01
   outer loop
     vertex -3.420567e+01 -1.882147e+01  1.518887e+02
     vertex -3.393671e+01 -1.811620e+01  1.516205e+02
     vertex -3.442126e+01 -1.837009e+01  1.518887e+02
   endloop
 endfacet
 facet normal  3.726372e-01  2.022569e-01  9.056675e-01
   outer loop
     vertex -3.420567e+01 -1.882147e+01  1.518887e+02
     vertex -3.355326e+01 -1.853906e+01  1.515572e+02
     vertex -3.393671e+01 -1.811620e+01  1.516205e+02
   endloop
 endfacet
 facet normal  5.501174e-01  5.944889e-01  5.864758e-01
   outer loop
     vertex -3.669298e+01 -1.799637e+01  1.535358e+02
     vertex -3.614081e+01 -1.769379e+01  1.527112e+02
     vertex -3.750073e+01 -1.742005e+01  1.537093e+02
   endloop
 endfacet
 facet normal  5.091800e-01  3.002889e-01  8.065744e-01
   outer loop
     vertex -3.499040e+01 -1.866831e+01  1.523386e+02
     vertex -3.488266e+01 -1.794111e+01  1.519999e+02
     vertex -3.530179e+01 -1.814031e+01  1.523386e+02
   endloop
 endfacet
 facet normal  4.846912e-01  3.093175e-01  8.181669e-01
   outer loop
     vertex -3.499040e+01 -1.866831e+01  1.523386e+02
     vertex -3.442126e+01 -1.837009e+01  1.518887e+02
     vertex -3.488266e+01 -1.794111e+01  1.519999e+02
   endloop
 endfacet
 facet normal  2.451460e-01  8.734225e-02  9.655438e-01
   outer loop
     vertex -3.314261e+01 -1.977305e+01  1.515572e+02
     vertex -3.240559e+01 -1.959738e+01  1.513542e+02
     vertex -3.294815e+01 -1.828833e+01  1.513735e+02
   endloop
 endfacet
 facet normal  2.568065e-01  8.546038e-02  9.626770e-01
   outer loop
     vertex -3.314261e+01 -1.977305e+01  1.515572e+02
     vertex -3.294815e+01 -1.828833e+01  1.513735e+02
     vertex -3.355326e+01 -1.853906e+01  1.515572e+02
   endloop
 endfacet
 facet normal  5.214605e-01  8.478366e-01  9.618783e-02
   outer loop
     vertex -3.775510e+01 -1.777823e+01  1.550044e+02
     vertex -3.838575e+01 -1.747900e+01  1.557858e+02
     vertex -3.771761e+01 -1.788994e+01  1.557858e+02
   endloop
 endfacet
 facet normal  4.974001e-01  8.282347e-01  2.581092e-01
   outer loop
     vertex -3.775510e+01 -1.777823e+01  1.550044e+02
     vertex -3.763755e+01 -1.761270e+01  1.542467e+02
     vertex -3.835514e+01 -1.741787e+01  1.550044e+02
   endloop
 endfacet
 facet normal  5.128975e-01  8.540399e-01  8.690156e-02
   outer loop
     vertex -3.775510e+01 -1.777823e+01  1.550044e+02
     vertex -3.835514e+01 -1.741787e+01  1.550044e+02
     vertex -3.838575e+01 -1.747900e+01  1.557858e+02
   endloop
 endfacet
 facet normal  5.507035e-01  4.462370e-01  7.054064e-01
   outer loop
     vertex -3.576481e+01 -1.844569e+01  1.528933e+02
     vertex -3.530179e+01 -1.814031e+01  1.523386e+02
     vertex -3.614081e+01 -1.769379e+01  1.527112e+02
   endloop
 endfacet
 facet normal  6.448430e-01  4.686909e-01  6.037436e-01
   outer loop
     vertex -3.576481e+01 -1.844569e+01  1.528933e+02
     vertex -3.614081e+01 -1.769379e+01  1.527112e+02
     vertex -3.669298e+01 -1.799637e+01  1.535358e+02
   endloop
 endfacet
 facet normal  2.596407e-01 -7.223049e-03  9.656783e-01
   outer loop
     vertex -3.219615e+01 -2.101458e+01  1.513542e+02
     vertex -3.298865e+01 -2.235962e+01  1.515572e+02
     vertex -3.223599e+01 -2.244662e+01  1.513542e+02
   endloop
 endfacet
 facet normal  8.811499e-02  1.019584e-02  9.960581e-01
   outer loop
     vertex -3.219615e+01 -2.101458e+01  1.513542e+02
     vertex -3.140686e+01 -2.115705e+01  1.512858e+02
     vertex -3.156552e+01 -1.978590e+01  1.512858e+02
   endloop
 endfacet
 facet normal  8.386862e-02  1.239433e-02  9.963997e-01
   outer loop
     vertex -3.219615e+01 -2.101458e+01  1.513542e+02
     vertex -3.156552e+01 -1.978590e+01  1.512858e+02
     vertex -3.240559e+01 -1.959738e+01  1.513542e+02
   endloop
 endfacet
 facet normal  8.586467e-02 -2.388704e-03  9.963039e-01
   outer loop
     vertex -3.219615e+01 -2.101458e+01  1.513542e+02
     vertex -3.223599e+01 -2.244662e+01  1.513542e+02
     vertex -3.140686e+01 -2.115705e+01  1.512858e+02
   endloop
 endfacet
 facet normal  5.178110e-01  2.473158e-01  8.189669e-01
   outer loop
     vertex -3.479534e+01 -1.907673e+01  1.523386e+02
     vertex -3.420567e+01 -1.882147e+01  1.518887e+02
     vertex -3.442126e+01 -1.837009e+01  1.518887e+02
   endloop
 endfacet
 facet normal  5.178110e-01  2.473158e-01  8.189669e-01
   outer loop
     vertex -3.479534e+01 -1.907673e+01  1.523386e+02
     vertex -3.442126e+01 -1.837009e+01  1.518887e+02
     vertex -3.499040e+01 -1.866831e+01  1.523386e+02
   endloop
 endfacet
 facet normal  5.850868e-01  6.934815e-01  4.204245e-01
   outer loop
     vertex -3.693381e+01 -1.822417e+01  1.542467e+02
     vertex -3.669298e+01 -1.799637e+01  1.535358e+02
     vertex -3.750073e+01 -1.742005e+01  1.537093e+02
   endloop
 endfacet
 facet normal  6.008823e-01  6.915501e-01  4.008727e-01
   outer loop
     vertex -3.693381e+01 -1.822417e+01  1.542467e+02
     vertex -3.750073e+01 -1.742005e+01  1.537093e+02
     vertex -3.763755e+01 -1.761270e+01  1.542467e+02
   endloop
 endfacet
 facet normal  6.094598e-01  3.594289e-01  7.066609e-01
   outer loop
     vertex -3.548170e+01 -1.892574e+01  1.528933e+02
     vertex -3.499040e+01 -1.866831e+01  1.523386e+02
     vertex -3.530179e+01 -1.814031e+01  1.523386e+02
   endloop
 endfacet
 facet normal  6.094598e-01  3.594289e-01  7.066609e-01
   outer loop
     vertex -3.548170e+01 -1.892574e+01  1.528933e+02
     vertex -3.530179e+01 -1.814031e+01  1.523386e+02
     vertex -3.576481e+01 -1.844569e+01  1.528933e+02
   endloop
 endfacet
 facet normal  6.382839e-01  3.048558e-01  7.068639e-01
   outer loop
     vertex -3.548170e+01 -1.892574e+01  1.528933e+02
     vertex -3.479534e+01 -1.907673e+01  1.523386e+02
     vertex -3.499040e+01 -1.866831e+01  1.523386e+02
   endloop
 endfacet
 facet normal  4.022541e-01  1.338626e-01  9.056889e-01
   outer loop
     vertex -3.383415e+01 -1.993788e+01  1.518887e+02
     vertex -3.314261e+01 -1.977305e+01  1.515572e+02
     vertex -3.355326e+01 -1.853906e+01  1.515572e+02
   endloop
 endfacet
 facet normal  4.022541e-01  1.338626e-01  9.056889e-01
   outer loop
     vertex -3.383415e+01 -1.993788e+01  1.518887e+02
     vertex -3.355326e+01 -1.853906e+01  1.515572e+02
     vertex -3.420567e+01 -1.882147e+01  1.518887e+02
   endloop
 endfacet
 facet normal  5.456248e-01  1.815737e-01  8.181226e-01
   outer loop
     vertex -3.383415e+01 -1.993788e+01  1.518887e+02
     vertex -3.420567e+01 -1.882147e+01  1.518887e+02
     vertex -3.479534e+01 -1.907673e+01  1.523386e+02
   endloop
 endfacet
 facet normal  6.427102e-01  5.095241e-01  5.721091e-01
   outer loop
     vertex -3.614039e+01 -1.869340e+01  1.535358e+02
     vertex -3.576481e+01 -1.844569e+01  1.528933e+02
     vertex -3.669298e+01 -1.799637e+01  1.535358e+02
   endloop
 endfacet
 facet normal  7.058802e-01  4.162928e-01  5.730912e-01
   outer loop
     vertex -3.614039e+01 -1.869340e+01  1.535358e+02
     vertex -3.548170e+01 -1.892574e+01  1.528933e+02
     vertex -3.576481e+01 -1.844569e+01  1.528933e+02
   endloop
 endfacet
 facet normal  2.596407e-01 -7.223049e-03  9.656783e-01
   outer loop
     vertex -3.295248e+01 -2.105960e+01  1.515572e+02
     vertex -3.298865e+01 -2.235962e+01  1.515572e+02
     vertex -3.219615e+01 -2.101458e+01  1.513542e+02
   endloop
 endfacet
 facet normal  2.569504e-01  3.797281e-02  9.656783e-01
   outer loop
     vertex -3.295248e+01 -2.105960e+01  1.515572e+02
     vertex -3.240559e+01 -1.959738e+01  1.513542e+02
     vertex -3.314261e+01 -1.977305e+01  1.515572e+02
   endloop
 endfacet
 facet normal  2.569504e-01  3.797281e-02  9.656783e-01
   outer loop
     vertex -3.295248e+01 -2.105960e+01  1.515572e+02
     vertex -3.219615e+01 -2.101458e+01  1.513542e+02
     vertex -3.240559e+01 -1.959738e+01  1.513542e+02
   endloop
 endfacet
 facet normal  6.382839e-01  3.048558e-01  7.068639e-01
   outer loop
     vertex -3.530435e+01 -1.929706e+01  1.528933e+02
     vertex -3.479534e+01 -1.907673e+01  1.523386e+02
     vertex -3.548170e+01 -1.892574e+01  1.528933e+02
   endloop
 endfacet
 facet normal  6.613346e-01  7.450487e-01  8.682659e-02
   outer loop
     vertex -3.708131e+01 -1.836368e+01  1.550044e+02
     vertex -3.771761e+01 -1.788994e+01  1.557858e+02
     vertex -3.713097e+01 -1.841066e+01  1.557858e+02
   endloop
 endfacet
 facet normal  6.539811e-01  7.526611e-01  7.622365e-02
   outer loop
     vertex -3.708131e+01 -1.836368e+01  1.550044e+02
     vertex -3.775510e+01 -1.777823e+01  1.550044e+02
     vertex -3.771761e+01 -1.788994e+01  1.557858e+02
   endloop
 endfacet
 facet normal  6.337430e-01  7.293692e-01  2.576634e-01
   outer loop
     vertex -3.708131e+01 -1.836368e+01  1.550044e+02
     vertex -3.763755e+01 -1.761270e+01  1.542467e+02
     vertex -3.775510e+01 -1.777823e+01  1.550044e+02
   endloop
 endfacet
 facet normal  6.337430e-01  7.293692e-01  2.576634e-01
   outer loop
     vertex -3.708131e+01 -1.836368e+01  1.550044e+02
     vertex -3.693381e+01 -1.822417e+01  1.542467e+02
     vertex -3.763755e+01 -1.761270e+01  1.542467e+02
   endloop
 endfacet
 facet normal  7.058802e-01  4.162928e-01  5.730912e-01
   outer loop
     vertex -3.588022e+01 -1.913456e+01  1.535358e+02
     vertex -3.548170e+01 -1.892574e+01  1.528933e+02
     vertex -3.614039e+01 -1.869340e+01  1.535358e+02
   endloop
 endfacet
 facet normal  5.456248e-01  1.815737e-01  8.181226e-01
   outer loop
     vertex -3.445918e+01 -2.008686e+01  1.523386e+02
     vertex -3.383415e+01 -1.993788e+01  1.518887e+02
     vertex -3.479534e+01 -1.907673e+01  1.523386e+02
   endloop
 endfacet
 facet normal  7.106861e-01  5.634137e-01  4.212960e-01
   outer loop
     vertex -3.641713e+01 -1.887592e+01  1.542467e+02
     vertex -3.614039e+01 -1.869340e+01  1.535358e+02
     vertex -3.669298e+01 -1.799637e+01  1.535358e+02
   endloop
 endfacet
 facet normal  7.571146e-01  6.002210e-01  2.578998e-01
   outer loop
     vertex -3.641713e+01 -1.887592e+01  1.542467e+02
     vertex -3.693381e+01 -1.822417e+01  1.542467e+02
     vertex -3.708131e+01 -1.836368e+01  1.550044e+02
   endloop
 endfacet
 facet normal  7.106861e-01  5.634137e-01  4.212960e-01
   outer loop
     vertex -3.641713e+01 -1.887592e+01  1.542467e+02
     vertex -3.669298e+01 -1.799637e+01  1.535358e+02
     vertex -3.693381e+01 -1.822417e+01  1.542467e+02
   endloop
 endfacet
 facet normal  4.193880e-01  6.197827e-02  9.056889e-01
   outer loop
     vertex -3.366214e+01 -2.110184e+01  1.518887e+02
     vertex -3.295248e+01 -2.105960e+01  1.515572e+02
     vertex -3.314261e+01 -1.977305e+01  1.515572e+02
   endloop
 endfacet
 facet normal  4.237790e-01 -1.178928e-02  9.056889e-01
   outer loop
     vertex -3.366214e+01 -2.110184e+01  1.518887e+02
     vertex -3.369486e+01 -2.227799e+01  1.518887e+02
     vertex -3.298865e+01 -2.235962e+01  1.515572e+02
   endloop
 endfacet
 facet normal  4.193880e-01  6.197827e-02  9.056889e-01
   outer loop
     vertex -3.366214e+01 -2.110184e+01  1.518887e+02
     vertex -3.314261e+01 -1.977305e+01  1.515572e+02
     vertex -3.383415e+01 -1.993788e+01  1.518887e+02
   endloop
 endfacet
 facet normal  4.237790e-01 -1.178928e-02  9.056889e-01
   outer loop
     vertex -3.366214e+01 -2.110184e+01  1.518887e+02
     vertex -3.298865e+01 -2.235962e+01  1.515572e+02
     vertex -3.295248e+01 -2.105960e+01  1.515572e+02
   endloop
 endfacet
 facet normal  7.393370e-01  3.531206e-01  5.733120e-01
   outer loop
     vertex -3.571724e+01 -1.947579e+01  1.535358e+02
     vertex -3.530435e+01 -1.929706e+01  1.528933e+02
     vertex -3.548170e+01 -1.892574e+01  1.528933e+02
   endloop
 endfacet
 facet normal  7.393370e-01  3.531206e-01  5.733120e-01
   outer loop
     vertex -3.571724e+01 -1.947579e+01  1.535358e+02
     vertex -3.548170e+01 -1.892574e+01  1.528933e+02
     vertex -3.588022e+01 -1.913456e+01  1.535358e+02
   endloop
 endfacet
 facet normal  7.808361e-01  4.604980e-01  4.221807e-01
   outer loop
     vertex -3.617386e+01 -1.928841e+01  1.542467e+02
     vertex -3.588022e+01 -1.913456e+01  1.535358e+02
     vertex -3.614039e+01 -1.869340e+01  1.535358e+02
   endloop
 endfacet
 facet normal  8.179161e-01  3.906514e-01  4.223798e-01
   outer loop
     vertex -3.617386e+01 -1.928841e+01  1.542467e+02
     vertex -3.571724e+01 -1.947579e+01  1.535358e+02
     vertex -3.588022e+01 -1.913456e+01  1.535358e+02
   endloop
 endfacet
 facet normal  7.808361e-01  4.604980e-01  4.221807e-01
   outer loop
     vertex -3.617386e+01 -1.928841e+01  1.542467e+02
     vertex -3.614039e+01 -1.869340e+01  1.535358e+02
     vertex -3.641713e+01 -1.887592e+01  1.542467e+02
   endloop
 endfacet
 facet normal  6.722092e-01  2.236986e-01  7.057576e-01
   outer loop
     vertex -3.499873e+01 -2.021546e+01  1.528933e+02
     vertex -3.479534e+01 -1.907673e+01  1.523386e+02
     vertex -3.530435e+01 -1.929706e+01  1.528933e+02
   endloop
 endfacet
 facet normal  6.722092e-01  2.236986e-01  7.057576e-01
   outer loop
     vertex -3.499873e+01 -2.021546e+01  1.528933e+02
     vertex -3.445918e+01 -2.008686e+01  1.523386e+02
     vertex -3.479534e+01 -1.907673e+01  1.523386e+02
   endloop
 endfacet
 facet normal  7.806638e-01  6.188902e-01  8.682659e-02
   outer loop
     vertex -3.658660e+01 -1.898769e+01  1.550044e+02
     vertex -3.713097e+01 -1.841066e+01  1.557858e+02
     vertex -3.664367e+01 -1.902533e+01  1.557858e+02
   endloop
 endfacet
 facet normal  7.806638e-01  6.188902e-01  8.682659e-02
   outer loop
     vertex -3.658660e+01 -1.898769e+01  1.550044e+02
     vertex -3.708131e+01 -1.836368e+01  1.550044e+02
     vertex -3.713097e+01 -1.841066e+01  1.557858e+02
   endloop
 endfacet
 facet normal  7.571146e-01  6.002210e-01  2.578998e-01
   outer loop
     vertex -3.658660e+01 -1.898769e+01  1.550044e+02
     vertex -3.641713e+01 -1.887592e+01  1.542467e+02
     vertex -3.708131e+01 -1.836368e+01  1.550044e+02
   endloop
 endfacet
 facet normal  5.748214e-01 -1.599119e-02  8.181226e-01
   outer loop
     vertex -3.430354e+01 -2.114002e+01  1.523386e+02
     vertex -3.369486e+01 -2.227799e+01  1.518887e+02
     vertex -3.366214e+01 -2.110184e+01  1.518887e+02
   endloop
 endfacet
 facet normal  5.748214e-01 -1.599119e-02  8.181226e-01
   outer loop
     vertex -3.430354e+01 -2.114002e+01  1.523386e+02
     vertex -3.433315e+01 -2.220421e+01  1.523386e+02
     vertex -3.369486e+01 -2.227799e+01  1.518887e+02
   endloop
 endfacet
 facet normal  5.688655e-01  8.406845e-02  8.181226e-01
   outer loop
     vertex -3.430354e+01 -2.114002e+01  1.523386e+02
     vertex -3.383415e+01 -1.993788e+01  1.518887e+02
     vertex -3.445918e+01 -2.008686e+01  1.523386e+02
   endloop
 endfacet
 facet normal  5.688655e-01  8.406845e-02  8.181226e-01
   outer loop
     vertex -3.430354e+01 -2.114002e+01  1.523386e+02
     vertex -3.366214e+01 -2.110184e+01  1.518887e+02
     vertex -3.383415e+01 -1.993788e+01  1.518887e+02
   endloop
 endfacet
 facet normal  7.008417e-01  1.035722e-01  7.057576e-01
   outer loop
     vertex -3.430354e+01 -2.114002e+01  1.523386e+02
     vertex -3.445918e+01 -2.008686e+01  1.523386e+02
     vertex -3.499873e+01 -2.021546e+01  1.528933e+02
   endloop
 endfacet
 facet normal  8.179161e-01  3.906514e-01  4.223798e-01
   outer loop
     vertex -3.602146e+01 -1.960748e+01  1.542467e+02
     vertex -3.571724e+01 -1.947579e+01  1.535358e+02
     vertex -3.617386e+01 -1.928841e+01  1.542467e+02
   endloop
 endfacet
 facet normal  8.744253e-01  4.729277e-01  1.082576e-01
   outer loop
     vertex -3.635369e+01 -1.938264e+01  1.550044e+02
     vertex -3.664367e+01 -1.902533e+01  1.557858e+02
     vertex -3.627052e+01 -1.971529e+01  1.557858e+02
   endloop
 endfacet
 facet normal  8.580940e-01  5.060609e-01  8.704676e-02
   outer loop
     vertex -3.635369e+01 -1.938264e+01  1.550044e+02
     vertex -3.658660e+01 -1.898769e+01  1.550044e+02
     vertex -3.664367e+01 -1.902533e+01  1.557858e+02
   endloop
 endfacet
 facet normal  8.320835e-01  4.907212e-01  2.585147e-01
   outer loop
     vertex -3.635369e+01 -1.938264e+01  1.550044e+02
     vertex -3.617386e+01 -1.928841e+01  1.542467e+02
     vertex -3.641713e+01 -1.887592e+01  1.542467e+02
   endloop
 endfacet
 facet normal  8.320835e-01  4.907212e-01  2.585147e-01
   outer loop
     vertex -3.635369e+01 -1.938264e+01  1.550044e+02
     vertex -3.641713e+01 -1.887592e+01  1.542467e+02
     vertex -3.658660e+01 -1.898769e+01  1.550044e+02
   endloop
 endfacet
 facet normal  7.782175e-01  2.589762e-01  5.721091e-01
   outer loop
     vertex -3.543638e+01 -2.031978e+01  1.535358e+02
     vertex -3.530435e+01 -1.929706e+01  1.528933e+02
     vertex -3.571724e+01 -1.947579e+01  1.535358e+02
   endloop
 endfacet
 facet normal  7.782175e-01  2.589762e-01  5.721091e-01
   outer loop
     vertex -3.543638e+01 -2.031978e+01  1.535358e+02
     vertex -3.499873e+01 -2.021546e+01  1.528933e+02
     vertex -3.530435e+01 -1.929706e+01  1.528933e+02
   endloop
 endfacet
 facet normal  7.081795e-01 -1.970113e-02  7.057576e-01
   outer loop
     vertex -3.485722e+01 -2.117298e+01  1.528933e+02
     vertex -3.488414e+01 -2.214052e+01  1.528933e+02
     vertex -3.433315e+01 -2.220421e+01  1.523386e+02
   endloop
 endfacet
 facet normal  7.008417e-01  1.035722e-01  7.057576e-01
   outer loop
     vertex -3.485722e+01 -2.117298e+01  1.528933e+02
     vertex -3.430354e+01 -2.114002e+01  1.523386e+02
     vertex -3.499873e+01 -2.021546e+01  1.528933e+02
   endloop
 endfacet
 facet normal  7.081795e-01 -1.970113e-02  7.057576e-01
   outer loop
     vertex -3.485722e+01 -2.117298e+01  1.528933e+02
     vertex -3.433315e+01 -2.220421e+01  1.523386e+02
     vertex -3.430354e+01 -2.114002e+01  1.523386e+02
   endloop
 endfacet
 facet normal  8.989309e-01  4.293455e-01  8.709635e-02
   outer loop
     vertex -3.620778e+01 -1.968813e+01  1.550044e+02
     vertex -3.635369e+01 -1.938264e+01  1.550044e+02
     vertex -3.627052e+01 -1.971529e+01  1.557858e+02
   endloop
 endfacet
 facet normal  8.716528e-01  4.163170e-01  2.586532e-01
   outer loop
     vertex -3.620778e+01 -1.968813e+01  1.550044e+02
     vertex -3.602146e+01 -1.960748e+01  1.542467e+02
     vertex -3.617386e+01 -1.928841e+01  1.542467e+02
   endloop
 endfacet
 facet normal  8.716528e-01  4.163170e-01  2.586532e-01
   outer loop
     vertex -3.620778e+01 -1.968813e+01  1.550044e+02
     vertex -3.617386e+01 -1.928841e+01  1.542467e+02
     vertex -3.635369e+01 -1.938264e+01  1.550044e+02
   endloop
 endfacet
 facet normal  8.605253e-01  2.863667e-01  4.212960e-01
   outer loop
     vertex -3.575885e+01 -2.039664e+01  1.542467e+02
     vertex -3.543638e+01 -2.031978e+01  1.535358e+02
     vertex -3.571724e+01 -1.947579e+01  1.535358e+02
   endloop
 endfacet
 facet normal  8.605253e-01  2.863667e-01  4.212960e-01
   outer loop
     vertex -3.575885e+01 -2.039664e+01  1.542467e+02
     vertex -3.571724e+01 -1.947579e+01  1.535358e+02
     vertex -3.602146e+01 -1.960748e+01  1.542467e+02
   endloop
 endfacet
 facet normal  8.198603e-01 -2.280803e-02  5.721091e-01
   outer loop
     vertex -3.530634e+01 -2.119971e+01  1.535358e+02
     vertex -3.533108e+01 -2.208886e+01  1.535358e+02
     vertex -3.488414e+01 -2.214052e+01  1.528933e+02
   endloop
 endfacet
 facet normal  8.971791e-01  1.325875e-01  4.212960e-01
   outer loop
     vertex -3.530634e+01 -2.119971e+01  1.535358e+02
     vertex -3.543638e+01 -2.031978e+01  1.535358e+02
     vertex -3.575885e+01 -2.039664e+01  1.542467e+02
   endloop
 endfacet
 facet normal  8.198603e-01 -2.280803e-02  5.721091e-01
   outer loop
     vertex -3.530634e+01 -2.119971e+01  1.535358e+02
     vertex -3.488414e+01 -2.214052e+01  1.528933e+02
     vertex -3.485722e+01 -2.117298e+01  1.528933e+02
   endloop
 endfacet
 facet normal  8.113654e-01  1.199057e-01  5.721091e-01
   outer loop
     vertex -3.530634e+01 -2.119971e+01  1.535358e+02
     vertex -3.499873e+01 -2.021546e+01  1.528933e+02
     vertex -3.543638e+01 -2.031978e+01  1.535358e+02
   endloop
 endfacet
 facet normal  8.113654e-01  1.199057e-01  5.721091e-01
   outer loop
     vertex -3.530634e+01 -2.119971e+01  1.535358e+02
     vertex -3.485722e+01 -2.117298e+01  1.528933e+02
     vertex -3.499873e+01 -2.021546e+01  1.528933e+02
   endloop
 endfacet
 facet normal  9.452570e-01  3.145638e-01  8.682659e-02
   outer loop
     vertex -3.595633e+01 -2.044371e+01  1.550044e+02
     vertex -3.627052e+01 -1.971529e+01  1.557858e+02
     vertex -3.602284e+01 -2.045956e+01  1.557858e+02
   endloop
 endfacet
 facet normal  9.452570e-01  3.145638e-01  8.682659e-02
   outer loop
     vertex -3.595633e+01 -2.044371e+01  1.550044e+02
     vertex -3.620778e+01 -1.968813e+01  1.550044e+02
     vertex -3.627052e+01 -1.971529e+01  1.557858e+02
   endloop
 endfacet
 facet normal  9.167426e-01  3.050748e-01  2.578998e-01
   outer loop
     vertex -3.595633e+01 -2.044371e+01  1.550044e+02
     vertex -3.602146e+01 -1.960748e+01  1.542467e+02
     vertex -3.620778e+01 -1.968813e+01  1.550044e+02
   endloop
 endfacet
 facet normal  9.167426e-01  3.050748e-01  2.578998e-01
   outer loop
     vertex -3.595633e+01 -2.044371e+01  1.550044e+02
     vertex -3.575885e+01 -2.039664e+01  1.542467e+02
     vertex -3.602146e+01 -1.960748e+01  1.542467e+02
   endloop
 endfacet
 facet normal  9.657980e-01 -2.686793e-02  2.578998e-01
   outer loop
     vertex -3.563726e+01 -2.121941e+01  1.542467e+02
     vertex -3.586206e+01 -2.202748e+01  1.550044e+02
     vertex -3.566039e+01 -2.205080e+01  1.542467e+02
   endloop
 endfacet
 facet normal  9.065725e-01 -2.522031e-02  4.212960e-01
   outer loop
     vertex -3.563726e+01 -2.121941e+01  1.542467e+02
     vertex -3.566039e+01 -2.205080e+01  1.542467e+02
     vertex -3.533108e+01 -2.208886e+01  1.535358e+02
   endloop
 endfacet
 facet normal  9.065725e-01 -2.522031e-02  4.212960e-01
   outer loop
     vertex -3.563726e+01 -2.121941e+01  1.542467e+02
     vertex -3.533108e+01 -2.208886e+01  1.535358e+02
     vertex -3.530634e+01 -2.119971e+01  1.535358e+02
   endloop
 endfacet
 facet normal  8.971791e-01  1.325875e-01  4.212960e-01
   outer loop
     vertex -3.563726e+01 -2.121941e+01  1.542467e+02
     vertex -3.530634e+01 -2.119971e+01  1.535358e+02
     vertex -3.575885e+01 -2.039664e+01  1.542467e+02
   endloop
 endfacet
 facet normal  9.855198e-01  1.456427e-01  8.682659e-02
   outer loop
     vertex -3.583992e+01 -2.123147e+01  1.550044e+02
     vertex -3.602284e+01 -2.045956e+01  1.557858e+02
     vertex -3.590816e+01 -2.123554e+01  1.557858e+02
   endloop
 endfacet
 facet normal  9.855198e-01  1.456427e-01  8.682659e-02
   outer loop
     vertex -3.583992e+01 -2.123147e+01  1.550044e+02
     vertex -3.595633e+01 -2.044371e+01  1.550044e+02
     vertex -3.602284e+01 -2.045956e+01  1.557858e+02
   endloop
 endfacet
 facet normal  9.657980e-01 -2.686793e-02  2.578998e-01
   outer loop
     vertex -3.583992e+01 -2.123147e+01  1.550044e+02
     vertex -3.586206e+01 -2.202748e+01  1.550044e+02
     vertex -3.563726e+01 -2.121941e+01  1.542467e+02
   endloop
 endfacet
 facet normal  9.557909e-01  1.412493e-01  2.578998e-01
   outer loop
     vertex -3.583992e+01 -2.123147e+01  1.550044e+02
     vertex -3.575885e+01 -2.039664e+01  1.542467e+02
     vertex -3.595633e+01 -2.044371e+01  1.550044e+02
   endloop
 endfacet
 facet normal  9.557909e-01  1.412493e-01  2.578998e-01
   outer loop
     vertex -3.583992e+01 -2.123147e+01  1.550044e+02
     vertex -3.563726e+01 -2.121941e+01  1.542467e+02
     vertex -3.575885e+01 -2.039664e+01  1.542467e+02
   endloop
 endfacet
 facet normal  9.958382e-01 -2.770363e-02  8.682659e-02
   outer loop
     vertex -3.583992e+01 -2.123147e+01  1.550044e+02
     vertex -3.590816e+01 -2.123554e+01  1.557858e+02
     vertex -3.586206e+01 -2.202748e+01  1.550044e+02
   endloop
 endfacet
 facet normal  0.000000e+00  0.000000e+00 -1.000000e+00
   outer loop
     vertex -4.504892e+01 -2.310275e+01  1.531858e+02
     vertex -4.548383e+01 -2.411765e+01  1.531858e+02
     vertex -4.586284e+01 -2.363957e+01  1.531858e+02
   endloop
 endfacet
 facet normal  0.000000e+00  0.000000e+00 -1.000000e+00
   outer loop
     vertex -4.477549e+01 -2.344766e+01  1.531858e+02
     vertex -4.502756e+01 -2.452265e+01  1.531858e+02
     vertex -4.548383e+01 -2.411765e+01  1.531858e+02
   endloop
 endfacet
 facet normal -0.000000e+00  0.000000e+00 -1.000000e+00
   outer loop
     vertex -4.477549e+01 -2.344766e+01  1.531858e+02
     vertex -4.548383e+01 -2.411765e+01  1.531858e+02
     vertex -4.504892e+01 -2.310275e+01  1.531858e+02
   endloop
 endfacet
 facet normal  0.000000e+00  0.000000e+00 -1.000000e+00
   outer loop
     vertex -4.525830e+01 -2.271561e+01  1.531858e+02
     vertex -4.586284e+01 -2.363957e+01  1.531858e+02
     vertex -4.615307e+01 -2.310293e+01  1.531858e+02
   endloop
 endfacet
 facet normal  0.000000e+00 -0.000000e+00 -1.000000e+00
   outer loop
     vertex -4.525830e+01 -2.271561e+01  1.531858e+02
     vertex -4.504892e+01 -2.310275e+01  1.531858e+02
     vertex -4.586284e+01 -2.363957e+01  1.531858e+02
   endloop
 endfacet
 facet normal  0.000000e+00  0.000000e+00 -1.000000e+00
   outer loop
     vertex -4.444633e+01 -2.373984e+01  1.531858e+02
     vertex -4.450789e+01 -2.484227e+01  1.531858e+02
     vertex -4.502756e+01 -2.452265e+01  1.531858e+02
   endloop
 endfacet
 facet normal -0.000000e+00  0.000000e+00 -1.000000e+00
   outer loop
     vertex -4.444633e+01 -2.373984e+01  1.531858e+02
     vertex -4.502756e+01 -2.452265e+01  1.531858e+02
     vertex -4.477549e+01 -2.344766e+01  1.531858e+02
   endloop
 endfacet
 facet normal  0.000000e+00 -0.000000e+00 -1.000000e+00
   outer loop
     vertex -4.539728e+01 -2.229799e+01  1.531858e+02
     vertex -4.525830e+01 -2.271561e+01  1.531858e+02
     vertex -4.615307e+01 -2.310293e+01  1.531858e+02
   endloop
 endfacet
 facet normal  0.000000e+00  0.000000e+00 -1.000000e+00
   outer loop
     vertex -4.539728e+01 -2.229799e+01  1.531858e+02
     vertex -4.615307e+01 -2.310293e+01  1.531858e+02
     vertex -4.634571e+01 -2.252406e+01  1.531858e+02
   endloop
 endfacet
 facet normal  0.000000e+00 -0.000000e+00 -1.000000e+00
   outer loop
     vertex -4.407142e+01 -2.397042e+01  1.531858e+02
     vertex -4.394062e+01 -2.506679e+01  1.531858e+02
     vertex -4.450789e+01 -2.484227e+01  1.531858e+02
   endloop
 endfacet
 facet normal -0.000000e+00  0.000000e+00 -1.000000e+00
   outer loop
     vertex -4.407142e+01 -2.397042e+01  1.531858e+02
     vertex -4.450789e+01 -2.484227e+01  1.531858e+02
     vertex -4.444633e+01 -2.373984e+01  1.531858e+02
   endloop
 endfacet
 facet normal  0.000000e+00  0.000000e+00 -1.000000e+00
   outer loop
     vertex -4.546162e+01 -2.186259e+01  1.531858e+02
     vertex -4.634571e+01 -2.252406e+01  1.531858e+02
     vertex -4.643490e+01 -2.192052e+01  1.531858e+02
   endloop
 endfacet
 facet normal  0.000000e+00 -0.000000e+00 -1.000000e+00
   outer loop
     vertex -4.546162e+01 -2.186259e+01  1.531858e+02
     vertex -4.539728e+01 -2.229799e+01  1.531858e+02
     vertex -4.634571e+01 -2.252406e+01  1.531858e+02
   endloop
 endfacet
 facet normal  0.000000e+00 -0.000000e+00 -1.000000e+00
   outer loop
     vertex -4.366218e+01 -2.413240e+01  1.531858e+02
     vertex -4.334297e+01 -2.518940e+01  1.531858e+02
     vertex -4.394062e+01 -2.506679e+01  1.531858e+02
   endloop
 endfacet
 facet normal -0.000000e+00  0.000000e+00 -1.000000e+00
   outer loop
     vertex -4.366218e+01 -2.413240e+01  1.531858e+02
     vertex -4.394062e+01 -2.506679e+01  1.531858e+02
     vertex -4.407142e+01 -2.397042e+01  1.531858e+02
   endloop
 endfacet
 facet normal  0.000000e+00  0.000000e+00 -1.000000e+00
   outer loop
     vertex -4.544939e+01 -2.142262e+01  1.531858e+02
     vertex -4.546162e+01 -2.186259e+01  1.531858e+02
     vertex -4.643490e+01 -2.192052e+01  1.531858e+02
   endloop
 endfacet
 facet normal -0.000000e+00  0.000000e+00 -1.000000e+00
   outer loop
     vertex -4.544939e+01 -2.142262e+01  1.531858e+02
     vertex -4.643490e+01 -2.192052e+01  1.531858e+02
     vertex -4.641794e+01 -2.131067e+01  1.531858e+02
   endloop
 endfacet
 facet normal  0.000000e+00 -0.000000e+00 -1.000000e+00
   outer loop
     vertex -4.323102e+01 -2.422085e+01  1.531858e+02
     vertex -4.273312e+01 -2.520637e+01  1.531858e+02
     vertex -4.334297e+01 -2.518940e+01  1.531858e+02
   endloop
 endfacet
 facet normal -0.000000e+00  0.000000e+00 -1.000000e+00
   outer loop
     vertex -4.323102e+01 -2.422085e+01  1.531858e+02
     vertex -4.334297e+01 -2.518940e+01  1.531858e+02
     vertex -4.366218e+01 -2.413240e+01  1.531858e+02
   endloop
 endfacet
 facet normal -0.000000e+00  0.000000e+00 -1.000000e+00
   outer loop
     vertex -4.536093e+01 -2.099146e+01  1.531858e+02
     vertex -4.641794e+01 -2.131067e+01  1.531858e+02
     vertex -4.629533e+01 -2.071302e+01  1.531858e+02
   endloop
 endfacet
 facet normal  0.000000e+00  0.000000e+00 -1.000000e+00
   outer loop
     vertex -4.536093e+01 -2.099146e+01  1.531858e+02
     vertex -4.629533e+01 -2.071302e+01  1.531858e+02
     vertex -4.607080e+01 -2.014575e+01  1.531858e+02
   endloop
 endfacet
 facet normal  0.000000e+00  0.000000e+00 -1.000000e+00
   outer loop
     vertex -4.536093e+01 -2.099146e+01  1.531858e+02
     vertex -4.544939e+01 -2.142262e+01  1.531858e+02
     vertex -4.641794e+01 -2.131067e+01  1.531858e+02
   endloop
 endfacet
 facet normal -0.000000e+00 -0.000000e+00 -1.000000e+00
   outer loop
     vertex -4.279105e+01 -2.423309e+01  1.531858e+02
     vertex -4.273312e+01 -2.520637e+01  1.531858e+02
     vertex -4.323102e+01 -2.422085e+01  1.531858e+02
   endloop
 endfacet
 facet normal -0.000000e+00  0.000000e+00 -1.000000e+00
   outer loop
     vertex -4.519895e+01 -2.058222e+01  1.531858e+02
     vertex -4.536093e+01 -2.099146e+01  1.531858e+02
     vertex -4.607080e+01 -2.014575e+01  1.531858e+02
   endloop
 endfacet
 facet normal  0.000000e+00 -0.000000e+00 -1.000000e+00
   outer loop
     vertex -4.235565e+01 -2.416875e+01  1.531858e+02
     vertex -4.212958e+01 -2.511718e+01  1.531858e+02
     vertex -4.273312e+01 -2.520637e+01  1.531858e+02
   endloop
 endfacet
 facet normal  0.000000e+00  0.000000e+00 -1.000000e+00
   outer loop
     vertex -4.235565e+01 -2.416875e+01  1.531858e+02
     vertex -4.273312e+01 -2.520637e+01  1.531858e+02
     vertex -4.279105e+01 -2.423309e+01  1.531858e+02
   endloop
 endfacet
 facet normal -0.000000e+00  0.000000e+00 -1.000000e+00
   outer loop
     vertex -4.155071e+01 -2.492454e+01  1.531858e+02
     vertex -4.212958e+01 -2.511718e+01  1.531858e+02
     vertex -4.235565e+01 -2.416875e+01  1.531858e+02
   endloop
 endfacet
 facet normal -0.000000e+00  0.000000e+00 -1.000000e+00
   outer loop
     vertex -4.496837e+01 -2.020731e+01  1.531858e+02
     vertex -4.519895e+01 -2.058222e+01  1.531858e+02
     vertex -4.607080e+01 -2.014575e+01  1.531858e+02
   endloop
 endfacet
 facet normal  0.000000e+00  0.000000e+00 -1.000000e+00
   outer loop
     vertex -4.496837e+01 -2.020731e+01  1.531858e+02
     vertex -4.607080e+01 -2.014575e+01  1.531858e+02
     vertex -4.575118e+01 -1.962608e+01  1.531858e+02
   endloop
 endfacet
 facet normal  0.000000e+00 -0.000000e+00 -1.000000e+00
   outer loop
     vertex -4.193803e+01 -2.402977e+01  1.531858e+02
     vertex -4.155071e+01 -2.492454e+01  1.531858e+02
     vertex -4.235565e+01 -2.416875e+01  1.531858e+02
   endloop
 endfacet
 facet normal  0.000000e+00 -0.000000e+00 -1.000000e+00
   outer loop
     vertex -4.534618e+01 -1.916981e+01  1.531858e+02
     vertex -4.496837e+01 -2.020731e+01  1.531858e+02
     vertex -4.575118e+01 -1.962608e+01  1.531858e+02
   endloop
 endfacet
 facet normal -0.000000e+00  0.000000e+00 -1.000000e+00
   outer loop
     vertex -4.467619e+01 -1.987815e+01  1.531858e+02
     vertex -4.496837e+01 -2.020731e+01  1.531858e+02
     vertex -4.534618e+01 -1.916981e+01  1.531858e+02
   endloop
 endfacet
 facet normal  0.000000e+00  0.000000e+00 -1.000000e+00
   outer loop
     vertex -4.155088e+01 -2.382039e+01  1.531858e+02
     vertex -4.101407e+01 -2.463430e+01  1.531858e+02
     vertex -4.155071e+01 -2.492454e+01  1.531858e+02
   endloop
 endfacet
 facet normal  0.000000e+00 -0.000000e+00 -1.000000e+00
   outer loop
     vertex -4.155088e+01 -2.382039e+01  1.531858e+02
     vertex -4.155071e+01 -2.492454e+01  1.531858e+02
     vertex -4.193803e+01 -2.402977e+01  1.531858e+02
   endloop
 endfacet
 facet normal  0.000000e+00 -0.000000e+00 -1.000000e+00
   outer loop
     vertex -4.486810e+01 -1.879080e+01  1.531858e+02
     vertex -4.467619e+01 -1.987815e+01  1.531858e+02
     vertex -4.534618e+01 -1.916981e+01  1.531858e+02
   endloop
 endfacet
 facet normal  0.000000e+00  0.000000e+00 -1.000000e+00
   outer loop
     vertex -4.486810e+01 -1.879080e+01  1.531858e+02
     vertex -4.433129e+01 -1.960472e+01  1.531858e+02
     vertex -4.467619e+01 -1.987815e+01  1.531858e+02
   endloop
 endfacet
 facet normal -0.000000e+00  0.000000e+00 -1.000000e+00
   outer loop
     vertex -4.053599e+01 -2.425529e+01  1.531858e+02
     vertex -4.101407e+01 -2.463430e+01  1.531858e+02
     vertex -4.155088e+01 -2.382039e+01  1.531858e+02
   endloop
 endfacet
 facet normal  0.000000e+00  0.000000e+00 -1.000000e+00
   outer loop
     vertex -4.053599e+01 -2.425529e+01  1.531858e+02
     vertex -4.155088e+01 -2.382039e+01  1.531858e+02
     vertex -4.120598e+01 -2.354696e+01  1.531858e+02
   endloop
 endfacet
 facet normal  0.000000e+00 -0.000000e+00 -1.000000e+00
   outer loop
     vertex -4.433147e+01 -1.850057e+01  1.531858e+02
     vertex -4.433129e+01 -1.960472e+01  1.531858e+02
     vertex -4.486810e+01 -1.879080e+01  1.531858e+02
   endloop
 endfacet
 facet normal  0.000000e+00  0.000000e+00 -1.000000e+00
   outer loop
     vertex -4.433147e+01 -1.850057e+01  1.531858e+02
     vertex -4.394415e+01 -1.939534e+01  1.531858e+02
     vertex -4.433129e+01 -1.960472e+01  1.531858e+02
   endloop
 endfacet
 facet normal -0.000000e+00  0.000000e+00 -1.000000e+00
   outer loop
     vertex -4.013099e+01 -2.379902e+01  1.531858e+02
     vertex -4.053599e+01 -2.425529e+01  1.531858e+02
     vertex -4.120598e+01 -2.354696e+01  1.531858e+02
   endloop
 endfacet
 facet normal  0.000000e+00  0.000000e+00 -1.000000e+00
   outer loop
     vertex -4.013099e+01 -2.379902e+01  1.531858e+02
     vertex -4.120598e+01 -2.354696e+01  1.531858e+02
     vertex -4.091380e+01 -2.321779e+01  1.531858e+02
   endloop
 endfacet
 facet normal  0.000000e+00 -0.000000e+00 -1.000000e+00
   outer loop
     vertex -4.068322e+01 -2.284289e+01  1.531858e+02
     vertex -4.013099e+01 -2.379902e+01  1.531858e+02
     vertex -4.091380e+01 -2.321779e+01  1.531858e+02
   endloop
 endfacet
 facet normal  0.000000e+00 -0.000000e+00 -1.000000e+00
   outer loop
     vertex -4.375259e+01 -1.830793e+01  1.531858e+02
     vertex -4.352653e+01 -1.925636e+01  1.531858e+02
     vertex -4.394415e+01 -1.939534e+01  1.531858e+02
   endloop
 endfacet
 facet normal  0.000000e+00  0.000000e+00 -1.000000e+00
   outer loop
     vertex -4.375259e+01 -1.830793e+01  1.531858e+02
     vertex -4.394415e+01 -1.939534e+01  1.531858e+02
     vertex -4.433147e+01 -1.850057e+01  1.531858e+02
   endloop
 endfacet
 facet normal -0.000000e+00  0.000000e+00 -1.000000e+00
   outer loop
     vertex -3.981137e+01 -2.327936e+01  1.531858e+02
     vertex -4.013099e+01 -2.379902e+01  1.531858e+02
     vertex -4.068322e+01 -2.284289e+01  1.531858e+02
   endloop
 endfacet
 facet normal  0.000000e+00 -0.000000e+00 -1.000000e+00
   outer loop
     vertex -4.314905e+01 -1.821874e+01  1.531858e+02
     vertex -4.309112e+01 -1.919201e+01  1.531858e+02
     vertex -4.352653e+01 -1.925636e+01  1.531858e+02
   endloop
 endfacet
 facet normal  0.000000e+00  0.000000e+00 -1.000000e+00
   outer loop
     vertex -4.314905e+01 -1.821874e+01  1.531858e+02
     vertex -4.352653e+01 -1.925636e+01  1.531858e+02
     vertex -4.375259e+01 -1.830793e+01  1.531858e+02
   endloop
 endfacet
 facet normal -0.000000e+00  0.000000e+00 -1.000000e+00
   outer loop
     vertex -3.958684e+01 -2.271208e+01  1.531858e+02
     vertex -4.068322e+01 -2.284289e+01  1.531858e+02
     vertex -4.052124e+01 -2.243364e+01  1.531858e+02
   endloop
 endfacet
 facet normal  0.000000e+00  0.000000e+00 -1.000000e+00
   outer loop
     vertex -3.958684e+01 -2.271208e+01  1.531858e+02
     vertex -3.981137e+01 -2.327936e+01  1.531858e+02
     vertex -4.068322e+01 -2.284289e+01  1.531858e+02
   endloop
 endfacet
 facet normal  0.000000e+00  0.000000e+00 -1.000000e+00
   outer loop
     vertex -4.253920e+01 -1.823570e+01  1.531858e+02
     vertex -4.265115e+01 -1.920425e+01  1.531858e+02
     vertex -4.309112e+01 -1.919201e+01  1.531858e+02
   endloop
 endfacet
 facet normal -0.000000e+00  0.000000e+00 -1.000000e+00
   outer loop
     vertex -4.253920e+01 -1.823570e+01  1.531858e+02
     vertex -4.309112e+01 -1.919201e+01  1.531858e+02
     vertex -4.314905e+01 -1.821874e+01  1.531858e+02
   endloop
 endfacet
 facet normal -0.000000e+00  0.000000e+00 -1.000000e+00
   outer loop
     vertex -3.946424e+01 -2.211444e+01  1.531858e+02
     vertex -4.052124e+01 -2.243364e+01  1.531858e+02
     vertex -4.043279e+01 -2.200249e+01  1.531858e+02
   endloop
 endfacet
 facet normal  0.000000e+00  0.000000e+00 -1.000000e+00
   outer loop
     vertex -3.946424e+01 -2.211444e+01  1.531858e+02
     vertex -3.958684e+01 -2.271208e+01  1.531858e+02
     vertex -4.052124e+01 -2.243364e+01  1.531858e+02
   endloop
 endfacet
 facet normal  0.000000e+00  0.000000e+00 -1.000000e+00
   outer loop
     vertex -3.946424e+01 -2.211444e+01  1.531858e+02
     vertex -4.043279e+01 -2.200249e+01  1.531858e+02
     vertex -4.042055e+01 -2.156252e+01  1.531858e+02
   endloop
 endfacet
 facet normal  0.000000e+00  0.000000e+00 -1.000000e+00
   outer loop
     vertex -4.194156e+01 -1.835831e+01  1.531858e+02
     vertex -4.222000e+01 -1.929271e+01  1.531858e+02
     vertex -4.265115e+01 -1.920425e+01  1.531858e+02
   endloop
 endfacet
 facet normal  0.000000e+00 -0.000000e+00 -1.000000e+00
   outer loop
     vertex -4.194156e+01 -1.835831e+01  1.531858e+02
     vertex -4.181075e+01 -1.945469e+01  1.531858e+02
     vertex -4.222000e+01 -1.929271e+01  1.531858e+02
   endloop
 endfacet
 facet normal -0.000000e+00  0.000000e+00 -1.000000e+00
   outer loop
     vertex -4.194156e+01 -1.835831e+01  1.531858e+02
     vertex -4.265115e+01 -1.920425e+01  1.531858e+02
     vertex -4.253920e+01 -1.823570e+01  1.531858e+02
   endloop
 endfacet
 facet normal -0.000000e+00  0.000000e+00 -1.000000e+00
   outer loop
     vertex -3.944727e+01 -2.150459e+01  1.531858e+02
     vertex -4.042055e+01 -2.156252e+01  1.531858e+02
     vertex -4.048489e+01 -2.112711e+01  1.531858e+02
   endloop
 endfacet
 facet normal  0.000000e+00  0.000000e+00 -1.000000e+00
   outer loop
     vertex -3.944727e+01 -2.150459e+01  1.531858e+02
     vertex -3.946424e+01 -2.211444e+01  1.531858e+02
     vertex -4.042055e+01 -2.156252e+01  1.531858e+02
   endloop
 endfacet
 facet normal -0.000000e+00  0.000000e+00 -1.000000e+00
   outer loop
     vertex -4.137428e+01 -1.858284e+01  1.531858e+02
     vertex -4.181075e+01 -1.945469e+01  1.531858e+02
     vertex -4.194156e+01 -1.835831e+01  1.531858e+02
   endloop
 endfacet
 facet normal -0.000000e+00  0.000000e+00 -1.000000e+00
   outer loop
     vertex -3.953646e+01 -2.090105e+01  1.531858e+02
     vertex -4.048489e+01 -2.112711e+01  1.531858e+02
     vertex -4.062387e+01 -2.070949e+01  1.531858e+02
   endloop
 endfacet
 facet normal  0.000000e+00 -0.000000e+00 -1.000000e+00
   outer loop
     vertex -3.953646e+01 -2.090105e+01  1.531858e+02
     vertex -3.944727e+01 -2.150459e+01  1.531858e+02
     vertex -4.048489e+01 -2.112711e+01  1.531858e+02
   endloop
 endfacet
 facet normal  0.000000e+00  0.000000e+00 -1.000000e+00
   outer loop
     vertex -4.085462e+01 -1.890246e+01  1.531858e+02
     vertex -4.143585e+01 -1.968527e+01  1.531858e+02
     vertex -4.181075e+01 -1.945469e+01  1.531858e+02
   endloop
 endfacet
 facet normal  0.000000e+00  0.000000e+00 -1.000000e+00
   outer loop
     vertex -4.085462e+01 -1.890246e+01  1.531858e+02
     vertex -4.110668e+01 -1.997745e+01  1.531858e+02
     vertex -4.143585e+01 -1.968527e+01  1.531858e+02
   endloop
 endfacet
 facet normal -0.000000e+00  0.000000e+00 -1.000000e+00
   outer loop
     vertex -4.085462e+01 -1.890246e+01  1.531858e+02
     vertex -4.181075e+01 -1.945469e+01  1.531858e+02
     vertex -4.137428e+01 -1.858284e+01  1.531858e+02
   endloop
 endfacet
 facet normal  0.000000e+00 -0.000000e+00 -1.000000e+00
   outer loop
     vertex -3.972910e+01 -2.032217e+01  1.531858e+02
     vertex -3.953646e+01 -2.090105e+01  1.531858e+02
     vertex -4.062387e+01 -2.070949e+01  1.531858e+02
   endloop
 endfacet
 facet normal -0.000000e+00  0.000000e+00 -1.000000e+00
   outer loop
     vertex -4.039835e+01 -1.930746e+01  1.531858e+02
     vertex -4.110668e+01 -1.997745e+01  1.531858e+02
     vertex -4.085462e+01 -1.890246e+01  1.531858e+02
   endloop
 endfacet
 facet normal  0.000000e+00 -0.000000e+00 -1.000000e+00
   outer loop
     vertex -4.001934e+01 -1.978554e+01  1.531858e+02
     vertex -3.972910e+01 -2.032217e+01  1.531858e+02
     vertex -4.062387e+01 -2.070949e+01  1.531858e+02
   endloop
 endfacet
 facet normal -0.000000e+00  0.000000e+00 -1.000000e+00
   outer loop
     vertex -4.001934e+01 -1.978554e+01  1.531858e+02
     vertex -4.110668e+01 -1.997745e+01  1.531858e+02
     vertex -4.039835e+01 -1.930746e+01  1.531858e+02
   endloop
 endfacet
 facet normal  0.000000e+00  0.000000e+00 -1.000000e+00
   outer loop
     vertex -4.001934e+01 -1.978554e+01  1.531858e+02
     vertex -4.083325e+01 -2.032235e+01  1.531858e+02
     vertex -4.110668e+01 -1.997745e+01  1.531858e+02
   endloop
 endfacet
 facet normal  0.000000e+00  0.000000e+00 -1.000000e+00
   outer loop
     vertex -4.001934e+01 -1.978554e+01  1.531858e+02
     vertex -4.062387e+01 -2.070949e+01  1.531858e+02
     vertex -4.083325e+01 -2.032235e+01  1.531858e+02
   endloop
 endfacet
 facet normal  0.000000e+00  0.000000e+00  0.000000e+00
   outer loop
     vertex -4.103175e+01 -2.696654e+01  1.557858e+02
     vertex -3.966092e+01 -2.712500e+01  1.542825e+02
     vertex -4.103175e+01 -2.696654e+01  1.557858e+02
   endloop
 endfacet
 facet normal  4.741855e-02 -3.073796e-01  9.504048e-01
   outer loop
     vertex -3.342233e+01 -2.754225e+01  1.512612e+02
     vertex -3.296540e+01 -2.739560e+01  1.512858e+02
     vertex -3.382856e+01 -2.733664e+01  1.513480e+02
   endloop
 endfacet
 facet normal  1.607795e-02 -9.504129e-01  3.105750e-01
   outer loop
     vertex -3.556661e+01 -2.749676e+01  1.516245e+02
     vertex -3.610586e+01 -2.753592e+01  1.515326e+02
     vertex -3.511721e+01 -2.765020e+01  1.511317e+02
   endloop
 endfacet
 facet normal  2.385097e-02 -9.625261e-01  2.701381e-01
   outer loop
     vertex -3.604039e+01 -2.745219e+01  1.518251e+02
     vertex -3.610586e+01 -2.753592e+01  1.515326e+02
     vertex -3.556661e+01 -2.749676e+01  1.516245e+02
   endloop
 endfacet
 facet normal  2.432272e-01 -6.510714e-01  7.189900e-01
   outer loop
     vertex -3.604039e+01 -2.745219e+01  1.518251e+02
     vertex -3.556661e+01 -2.749676e+01  1.516245e+02
     vertex -3.600056e+01 -2.722105e+01  1.520210e+02
   endloop
 endfacet
 facet normal  3.088414e-01 -7.141853e-01  6.281372e-01
   outer loop
     vertex -3.650210e+01 -2.740920e+01  1.520536e+02
     vertex -3.600056e+01 -2.722105e+01  1.520210e+02
     vertex -3.687990e+01 -2.718828e+01  1.524906e+02
   endloop
 endfacet
 facet normal  3.447222e-02 -9.647652e-01  2.608444e-01
   outer loop
     vertex -3.650210e+01 -2.740920e+01  1.520536e+02
     vertex -3.703134e+01 -2.742895e+01  1.520505e+02
     vertex -3.610586e+01 -2.753592e+01  1.515326e+02
   endloop
 endfacet
 facet normal  4.207394e-02 -9.630003e-01  2.661958e-01
   outer loop
     vertex -3.650210e+01 -2.740920e+01  1.520536e+02
     vertex -3.610586e+01 -2.753592e+01  1.515326e+02
     vertex -3.604039e+01 -2.745219e+01  1.518251e+02
   endloop
 endfacet
 facet normal  2.888018e-01 -6.473643e-01  7.053460e-01
   outer loop
     vertex -3.650210e+01 -2.740920e+01  1.520536e+02
     vertex -3.604039e+01 -2.745219e+01  1.518251e+02
     vertex -3.600056e+01 -2.722105e+01  1.520210e+02
   endloop
 endfacet
 facet normal  3.506062e-02 -9.744385e-01  2.219018e-01
   outer loop
     vertex -3.694377e+01 -2.736841e+01  1.523025e+02
     vertex -3.703134e+01 -2.742895e+01  1.520505e+02
     vertex -3.650210e+01 -2.740920e+01  1.520536e+02
   endloop
 endfacet
 facet normal  2.775985e-01 -7.391085e-01  6.137245e-01
   outer loop
     vertex -3.694377e+01 -2.736841e+01  1.523025e+02
     vertex -3.650210e+01 -2.740920e+01  1.520536e+02
     vertex -3.687990e+01 -2.718828e+01  1.524906e+02
   endloop
 endfacet
 facet normal  3.102117e-01 -8.000162e-01  5.135589e-01
   outer loop
     vertex -3.741123e+01 -2.732549e+01  1.525978e+02
     vertex -3.687990e+01 -2.718828e+01  1.524906e+02
     vertex -3.780094e+01 -2.715954e+01  1.530917e+02
   endloop
 endfacet
 facet normal  4.494592e-02 -9.754439e-01  2.156133e-01
   outer loop
     vertex -3.741123e+01 -2.732549e+01  1.525978e+02
     vertex -3.818022e+01 -2.729615e+01  1.528908e+02
     vertex -3.703134e+01 -2.742895e+01  1.520505e+02
   endloop
 endfacet
 facet normal  3.113588e-01 -7.368484e-01  6.000918e-01
   outer loop
     vertex -3.741123e+01 -2.732549e+01  1.525978e+02
     vertex -3.694377e+01 -2.736841e+01  1.523025e+02
     vertex -3.687990e+01 -2.718828e+01  1.524906e+02
   endloop
 endfacet
 facet normal  4.788889e-02 -9.748740e-01  2.175486e-01
   outer loop
     vertex -3.741123e+01 -2.732549e+01  1.525978e+02
     vertex -3.703134e+01 -2.742895e+01  1.520505e+02
     vertex -3.694377e+01 -2.736841e+01  1.523025e+02
   endloop
 endfacet
 facet normal  2.732176e-01 -8.259639e-01  4.930880e-01
   outer loop
     vertex -3.798442e+01 -2.727291e+01  1.530034e+02
     vertex -3.741123e+01 -2.732549e+01  1.525978e+02
     vertex -3.780094e+01 -2.715954e+01  1.530917e+02
   endloop
 endfacet
 facet normal  2.401051e-02 -9.865338e-01  1.617853e-01
   outer loop
     vertex -3.798442e+01 -2.727291e+01  1.530034e+02
     vertex -3.818022e+01 -2.729615e+01  1.528908e+02
     vertex -3.741123e+01 -2.732549e+01  1.525978e+02
   endloop
 endfacet
 facet normal  2.261836e-01 -9.140363e-01  3.367173e-01
   outer loop
     vertex -3.877033e+01 -2.719995e+01  1.536332e+02
     vertex -3.780094e+01 -2.715954e+01  1.530917e+02
     vertex -4.103175e+01 -2.696654e+01  1.557858e+02
   endloop
 endfacet
 facet normal  2.429591e-02 -9.887712e-01  1.474489e-01
   outer loop
     vertex -3.877033e+01 -2.719995e+01  1.536332e+02
     vertex -3.966092e+01 -2.712500e+01  1.542825e+02
     vertex -3.818022e+01 -2.729615e+01  1.528908e+02
   endloop
 endfacet
 facet normal -2.171420e-02 -9.961277e-01  8.519451e-02
   outer loop
     vertex -3.877033e+01 -2.719995e+01  1.536332e+02
     vertex -4.103175e+01 -2.696654e+01  1.557858e+02
     vertex -3.966092e+01 -2.712500e+01  1.542825e+02
   endloop
 endfacet
 facet normal  2.991661e-02 -9.879566e-01  1.518113e-01
   outer loop
     vertex -3.877033e+01 -2.719995e+01  1.536332e+02
     vertex -3.818022e+01 -2.729615e+01  1.528908e+02
     vertex -3.798442e+01 -2.727291e+01  1.530034e+02
   endloop
 endfacet
 facet normal  2.937113e-01 -8.360439e-01  4.634268e-01
   outer loop
     vertex -3.877033e+01 -2.719995e+01  1.536332e+02
     vertex -3.798442e+01 -2.727291e+01  1.530034e+02
     vertex -3.780094e+01 -2.715954e+01  1.530917e+02
   endloop
 endfacet
 facet normal -8.301381e-02 -9.201852e-01  3.825805e-01
   outer loop
     vertex -3.324407e+01 -2.781825e+01  1.510042e+02
     vertex -3.302086e+01 -2.787537e+01  1.509152e+02
     vertex -3.301512e+01 -2.782575e+01  1.510358e+02
   endloop
 endfacet
 facet normal -1.968412e-01 -9.717698e-01  1.300654e-01
   outer loop
     vertex -3.324407e+01 -2.781825e+01  1.510042e+02
     vertex -3.302281e+01 -2.789229e+01  1.507858e+02
     vertex -3.302086e+01 -2.787537e+01  1.509152e+02
   endloop
 endfacet
 facet normal -9.236082e-02 -9.684217e-01  2.315792e-01
   outer loop
     vertex -3.375856e+01 -2.776143e+01  1.510396e+02
     vertex -3.408411e+01 -2.776962e+01  1.508755e+02
     vertex -3.302281e+01 -2.789229e+01  1.507858e+02
   endloop
 endfacet
 facet normal -9.056366e-02 -9.674532e-01  2.362893e-01
   outer loop
     vertex -3.375856e+01 -2.776143e+01  1.510396e+02
     vertex -3.302281e+01 -2.789229e+01  1.507858e+02
     vertex -3.324407e+01 -2.781825e+01  1.510042e+02
   endloop
 endfacet
 facet normal  1.701285e-01 -3.593716e-01  9.175556e-01
   outer loop
     vertex -3.409945e+01 -2.748791e+01  1.513389e+02
     vertex -3.382856e+01 -2.733664e+01  1.513480e+02
     vertex -3.467358e+01 -2.728568e+01  1.515246e+02
   endloop
 endfacet
 facet normal  6.019326e-02 -5.769318e-01  8.145714e-01
   outer loop
     vertex -3.409945e+01 -2.748791e+01  1.513389e+02
     vertex -3.467358e+01 -2.728568e+01  1.515246e+02
     vertex -3.438501e+01 -2.761027e+01  1.512734e+02
   endloop
 endfacet
 facet normal  1.227825e-01 -2.767043e-01  9.530788e-01
   outer loop
     vertex -3.409945e+01 -2.748791e+01  1.513389e+02
     vertex -3.388579e+01 -2.750480e+01  1.513065e+02
     vertex -3.382856e+01 -2.733664e+01  1.513480e+02
   endloop
 endfacet
 facet normal -4.648913e-02 -8.499417e-01  5.248217e-01
   outer loop
     vertex -3.402007e+01 -2.774530e+01  1.510426e+02
     vertex -3.375856e+01 -2.776143e+01  1.510396e+02
     vertex -3.395164e+01 -2.765272e+01  1.511986e+02
   endloop
 endfacet
 facet normal -5.884308e-02 -9.843888e-01  1.658802e-01
   outer loop
     vertex -3.402007e+01 -2.774530e+01  1.510426e+02
     vertex -3.408411e+01 -2.776962e+01  1.508755e+02
     vertex -3.375856e+01 -2.776143e+01  1.510396e+02
   endloop
 endfacet
 facet normal -8.013927e-02 -9.815450e-01  1.736295e-01
   outer loop
     vertex -3.424161e+01 -2.772056e+01  1.510802e+02
     vertex -3.408411e+01 -2.776962e+01  1.508755e+02
     vertex -3.402007e+01 -2.774530e+01  1.510426e+02
   endloop
 endfacet
 facet normal -6.816092e-02 -9.808621e-01  1.823834e-01
   outer loop
     vertex -3.474860e+01 -2.766407e+01  1.511948e+02
     vertex -3.511721e+01 -2.765020e+01  1.511317e+02
     vertex -3.408411e+01 -2.776962e+01  1.508755e+02
   endloop
 endfacet
 facet normal -1.023609e-01 -9.120747e-01  3.970415e-01
   outer loop
     vertex -3.474860e+01 -2.766407e+01  1.511948e+02
     vertex -3.488094e+01 -2.756222e+01  1.513947e+02
     vertex -3.511721e+01 -2.765020e+01  1.511317e+02
   endloop
 endfacet
 facet normal -6.792529e-02 -9.807915e-01  1.828504e-01
   outer loop
     vertex -3.474860e+01 -2.766407e+01  1.511948e+02
     vertex -3.408411e+01 -2.776962e+01  1.508755e+02
     vertex -3.424161e+01 -2.772056e+01  1.510802e+02
   endloop
 endfacet
 facet normal  1.834424e-02 -8.623871e-01  5.059169e-01
   outer loop
     vertex -3.474860e+01 -2.766407e+01  1.511948e+02
     vertex -3.424161e+01 -2.772056e+01  1.510802e+02
     vertex -3.438501e+01 -2.761027e+01  1.512734e+02
   endloop
 endfacet
 facet normal  2.714733e-01 -5.407590e-01  7.961670e-01
   outer loop
     vertex -3.511098e+01 -2.741132e+01  1.515884e+02
     vertex -3.467358e+01 -2.728568e+01  1.515246e+02
     vertex -3.600056e+01 -2.722105e+01  1.520210e+02
   endloop
 endfacet
 facet normal  1.858414e-01 -6.996103e-01  6.899336e-01
   outer loop
     vertex -3.511098e+01 -2.741132e+01  1.515884e+02
     vertex -3.600056e+01 -2.722105e+01  1.520210e+02
     vertex -3.556661e+01 -2.749676e+01  1.516245e+02
   endloop
 endfacet
 facet normal  2.387832e-01 -3.767572e-01  8.950065e-01
   outer loop
     vertex -3.511098e+01 -2.741132e+01  1.515884e+02
     vertex -3.476977e+01 -2.743652e+01  1.514868e+02
     vertex -3.467358e+01 -2.728568e+01  1.515246e+02
   endloop
 endfacet
 facet normal  1.648817e-01 -6.735464e-01  7.205201e-01
   outer loop
     vertex -3.511098e+01 -2.741132e+01  1.515884e+02
     vertex -3.488094e+01 -2.756222e+01  1.513947e+02
     vertex -3.476977e+01 -2.743652e+01  1.514868e+02
   endloop
 endfacet
 facet normal -1.954610e-01 -3.580996e-01  9.129949e-01
   outer loop
     vertex -3.311246e+01 -2.770034e+01  1.511714e+02
     vertex -3.299411e+01 -2.764394e+01  1.512188e+02
     vertex -3.298026e+01 -2.752415e+01  1.512688e+02
   endloop
 endfacet
 facet normal -2.761488e-02 -6.090689e-01  7.926364e-01
   outer loop
     vertex -3.311246e+01 -2.770034e+01  1.511714e+02
     vertex -3.300600e+01 -2.774681e+01  1.511394e+02
     vertex -3.299411e+01 -2.764394e+01  1.512188e+02
   endloop
 endfacet
 facet normal -1.573357e-01 -7.786610e-01  6.073982e-01
   outer loop
     vertex -3.311246e+01 -2.770034e+01  1.511714e+02
     vertex -3.301512e+01 -2.782575e+01  1.510358e+02
     vertex -3.300600e+01 -2.774681e+01  1.511394e+02
   endloop
 endfacet
 facet normal -1.122555e-01 -7.682940e-01  6.301770e-01
   outer loop
     vertex -3.311246e+01 -2.770034e+01  1.511714e+02
     vertex -3.324407e+01 -2.781825e+01  1.510042e+02
     vertex -3.301512e+01 -2.782575e+01  1.510358e+02
   endloop
 endfacet
 facet normal  1.863772e-01 -4.701896e-01  8.626617e-01
   outer loop
     vertex -3.333663e+01 -2.770095e+01  1.511562e+02
     vertex -3.342233e+01 -2.754225e+01  1.512612e+02
     vertex -3.343078e+01 -2.759708e+01  1.512331e+02
   endloop
 endfacet
 facet normal  4.114130e-02 -5.704511e-01  8.203005e-01
   outer loop
     vertex -3.333663e+01 -2.770095e+01  1.511562e+02
     vertex -3.343078e+01 -2.759708e+01  1.512331e+02
     vertex -3.343971e+01 -2.765055e+01  1.511964e+02
   endloop
 endfacet
 facet normal -2.047412e-01 -8.312419e-01  5.168345e-01
   outer loop
     vertex -3.333663e+01 -2.770095e+01  1.511562e+02
     vertex -3.343971e+01 -2.765055e+01  1.511964e+02
     vertex -3.324407e+01 -2.781825e+01  1.510042e+02
   endloop
 endfacet
 facet normal -1.300174e-01 -4.357838e-01  8.906110e-01
   outer loop
     vertex -3.358836e+01 -2.767626e+01  1.511714e+02
     vertex -3.343078e+01 -2.759708e+01  1.512331e+02
     vertex -3.342233e+01 -2.754225e+01  1.512612e+02
   endloop
 endfacet
 facet normal -6.679260e-02 -4.970500e-01  8.651474e-01
   outer loop
     vertex -3.358836e+01 -2.767626e+01  1.511714e+02
     vertex -3.342233e+01 -2.754225e+01  1.512612e+02
     vertex -3.382856e+01 -2.733664e+01  1.513480e+02
   endloop
 endfacet
 facet normal -4.209298e-02 -5.609798e-01  8.267587e-01
   outer loop
     vertex -3.358836e+01 -2.767626e+01  1.511714e+02
     vertex -3.343971e+01 -2.765055e+01  1.511964e+02
     vertex -3.343078e+01 -2.759708e+01  1.512331e+02
   endloop
 endfacet
 facet normal  1.662527e-02 -7.449742e-01  6.668860e-01
   outer loop
     vertex -3.358836e+01 -2.767626e+01  1.511714e+02
     vertex -3.324407e+01 -2.781825e+01  1.510042e+02
     vertex -3.343971e+01 -2.765055e+01  1.511964e+02
   endloop
 endfacet
 facet normal -4.893313e-02 -8.087787e-01  5.860738e-01
   outer loop
     vertex -3.358836e+01 -2.767626e+01  1.511714e+02
     vertex -3.375856e+01 -2.776143e+01  1.510396e+02
     vertex -3.324407e+01 -2.781825e+01  1.510042e+02
   endloop
 endfacet
 facet normal -1.029040e-01 -7.694438e-01  6.303706e-01
   outer loop
     vertex -3.379093e+01 -2.758106e+01  1.512545e+02
     vertex -3.375856e+01 -2.776143e+01  1.510396e+02
     vertex -3.358836e+01 -2.767626e+01  1.511714e+02
   endloop
 endfacet
 facet normal  1.100201e-01 -7.530580e-01  6.486903e-01
   outer loop
     vertex -3.379093e+01 -2.758106e+01  1.512545e+02
     vertex -3.395164e+01 -2.765272e+01  1.511986e+02
     vertex -3.375856e+01 -2.776143e+01  1.510396e+02
   endloop
 endfacet
 facet normal  2.289777e-01 -3.166407e-01  9.204933e-01
   outer loop
     vertex -3.379093e+01 -2.758106e+01  1.512545e+02
     vertex -3.358836e+01 -2.767626e+01  1.511714e+02
     vertex -3.382856e+01 -2.733664e+01  1.513480e+02
   endloop
 endfacet
 facet normal -2.301783e-02 -5.825541e-01  8.124660e-01
   outer loop
     vertex -3.379093e+01 -2.758106e+01  1.512545e+02
     vertex -3.388579e+01 -2.750480e+01  1.513065e+02
     vertex -3.395164e+01 -2.765272e+01  1.511986e+02
   endloop
 endfacet
 facet normal  2.517419e-01 -3.115270e-01  9.162843e-01
   outer loop
     vertex -3.379093e+01 -2.758106e+01  1.512545e+02
     vertex -3.382856e+01 -2.733664e+01  1.513480e+02
     vertex -3.388579e+01 -2.750480e+01  1.513065e+02
   endloop
 endfacet
 facet normal  5.743171e-02 -6.050034e-01  7.941489e-01
   outer loop
     vertex -3.406020e+01 -2.764205e+01  1.512146e+02
     vertex -3.395164e+01 -2.765272e+01  1.511986e+02
     vertex -3.388579e+01 -2.750480e+01  1.513065e+02
   endloop
 endfacet
 facet normal  7.048997e-02 -6.154699e-01  7.850019e-01
   outer loop
     vertex -3.406020e+01 -2.764205e+01  1.512146e+02
     vertex -3.388579e+01 -2.750480e+01  1.513065e+02
     vertex -3.409945e+01 -2.748791e+01  1.513389e+02
   endloop
 endfacet
 facet normal -8.836156e-03 -8.582151e-01  5.132142e-01
   outer loop
     vertex -3.406020e+01 -2.764205e+01  1.512146e+02
     vertex -3.402007e+01 -2.774530e+01  1.510426e+02
     vertex -3.395164e+01 -2.765272e+01  1.511986e+02
   endloop
 endfacet
 facet normal -8.781191e-03 -8.582098e-01  5.132239e-01
   outer loop
     vertex -3.406020e+01 -2.764205e+01  1.512146e+02
     vertex -3.424161e+01 -2.772056e+01  1.510802e+02
     vertex -3.402007e+01 -2.774530e+01  1.510426e+02
   endloop
 endfacet
 facet normal  6.843703e-02 -6.158798e-01  7.848621e-01
   outer loop
     vertex -3.416858e+01 -2.763141e+01  1.512324e+02
     vertex -3.406020e+01 -2.764205e+01  1.512146e+02
     vertex -3.409945e+01 -2.748791e+01  1.513389e+02
   endloop
 endfacet
 facet normal -1.544381e-03 -8.625404e-01  5.059858e-01
   outer loop
     vertex -3.416858e+01 -2.763141e+01  1.512324e+02
     vertex -3.424161e+01 -2.772056e+01  1.510802e+02
     vertex -3.406020e+01 -2.764205e+01  1.512146e+02
   endloop
 endfacet
 facet normal  8.704343e-02 -6.206618e-01  7.792319e-01
   outer loop
     vertex -3.416858e+01 -2.763141e+01  1.512324e+02
     vertex -3.409945e+01 -2.748791e+01  1.513389e+02
     vertex -3.438501e+01 -2.761027e+01  1.512734e+02
   endloop
 endfacet
 facet normal  1.054971e-02 -8.650163e-01  5.016328e-01
   outer loop
     vertex -3.416858e+01 -2.763141e+01  1.512324e+02
     vertex -3.438501e+01 -2.761027e+01  1.512734e+02
     vertex -3.424161e+01 -2.772056e+01  1.510802e+02
   endloop
 endfacet
 facet normal  1.053876e-03 -8.272205e-01  5.618764e-01
   outer loop
     vertex -3.470108e+01 -2.751505e+01  1.514142e+02
     vertex -3.474860e+01 -2.766407e+01  1.511948e+02
     vertex -3.438501e+01 -2.761027e+01  1.512734e+02
   endloop
 endfacet
 facet normal  2.494437e-01 -4.442201e-01  8.604919e-01
   outer loop
     vertex -3.470108e+01 -2.751505e+01  1.514142e+02
     vertex -3.438501e+01 -2.761027e+01  1.512734e+02
     vertex -3.467358e+01 -2.728568e+01  1.515246e+02
   endloop
 endfacet
 facet normal  3.656148e-01 -4.390019e-01  8.207333e-01
   outer loop
     vertex -3.470108e+01 -2.751505e+01  1.514142e+02
     vertex -3.467358e+01 -2.728568e+01  1.515246e+02
     vertex -3.476977e+01 -2.743652e+01  1.514868e+02
   endloop
 endfacet
 facet normal  9.666344e-03 -6.742807e-01  7.384119e-01
   outer loop
     vertex -3.475738e+01 -2.757414e+01  1.513609e+02
     vertex -3.470108e+01 -2.751505e+01  1.514142e+02
     vertex -3.476977e+01 -2.743652e+01  1.514868e+02
   endloop
 endfacet
 facet normal  1.376046e-01 -6.615896e-01  7.371324e-01
   outer loop
     vertex -3.475738e+01 -2.757414e+01  1.513609e+02
     vertex -3.476977e+01 -2.743652e+01  1.514868e+02
     vertex -3.488094e+01 -2.756222e+01  1.513947e+02
   endloop
 endfacet
 facet normal  4.585663e-02 -8.774205e-01  4.775253e-01
   outer loop
     vertex -3.475738e+01 -2.757414e+01  1.513609e+02
     vertex -3.488094e+01 -2.756222e+01  1.513947e+02
     vertex -3.474860e+01 -2.766407e+01  1.511948e+02
   endloop
 endfacet
 facet normal  4.067073e-01 -7.941805e-01  4.515157e-01
   outer loop
     vertex -3.475738e+01 -2.757414e+01  1.513609e+02
     vertex -3.474860e+01 -2.766407e+01  1.511948e+02
     vertex -3.470108e+01 -2.751505e+01  1.514142e+02
   endloop
 endfacet
 facet normal  6.145124e-02 -7.506938e-01  6.577861e-01
   outer loop
     vertex -3.511423e+01 -2.758842e+01  1.513866e+02
     vertex -3.488094e+01 -2.756222e+01  1.513947e+02
     vertex -3.511098e+01 -2.741132e+01  1.515884e+02
   endloop
 endfacet
 facet normal -7.240564e-02 -9.691218e-01  2.357124e-01
   outer loop
     vertex -3.511423e+01 -2.758842e+01  1.513866e+02
     vertex -3.556661e+01 -2.749676e+01  1.516245e+02
     vertex -3.511721e+01 -2.765020e+01  1.511317e+02
   endloop
 endfacet
 facet normal  1.005279e-01 -9.672119e-01  2.332279e-01
   outer loop
     vertex -3.511423e+01 -2.758842e+01  1.513866e+02
     vertex -3.511721e+01 -2.765020e+01  1.511317e+02
     vertex -3.488094e+01 -2.756222e+01  1.513947e+02
   endloop
 endfacet
 facet normal  1.898267e-01 -7.394711e-01  6.458702e-01
   outer loop
     vertex -3.511423e+01 -2.758842e+01  1.513866e+02
     vertex -3.511098e+01 -2.741132e+01  1.515884e+02
     vertex -3.556661e+01 -2.749676e+01  1.516245e+02
   endloop
 endfacet
 facet normal -6.180610e-02 -1.241050e-01  9.903423e-01
   outer loop
     vertex -3.314934e+01 -2.755673e+01  1.512541e+02
     vertex -3.298026e+01 -2.752415e+01  1.512688e+02
     vertex -3.296540e+01 -2.739560e+01  1.512858e+02
   endloop
 endfacet
 facet normal  2.028416e-02 -4.953545e-01  8.684541e-01
   outer loop
     vertex -3.314934e+01 -2.755673e+01  1.512541e+02
     vertex -3.311246e+01 -2.770034e+01  1.511714e+02
     vertex -3.298026e+01 -2.752415e+01  1.512688e+02
   endloop
 endfacet
 facet normal  1.416366e-02 -2.083898e-01  9.779433e-01
   outer loop
     vertex -3.314934e+01 -2.755673e+01  1.512541e+02
     vertex -3.296540e+01 -2.739560e+01  1.512858e+02
     vertex -3.342233e+01 -2.754225e+01  1.512612e+02
   endloop
 endfacet
 facet normal -7.983807e-03 -5.548221e-01  8.319307e-01
   outer loop
     vertex -3.314934e+01 -2.755673e+01  1.512541e+02
     vertex -3.342233e+01 -2.754225e+01  1.512612e+02
     vertex -3.333663e+01 -2.770095e+01  1.511562e+02
   endloop
 endfacet
 facet normal -4.017647e-03 -8.157259e-01  5.784247e-01
   outer loop
     vertex -3.319801e+01 -2.771130e+01  1.511553e+02
     vertex -3.324407e+01 -2.781825e+01  1.510042e+02
     vertex -3.311246e+01 -2.770034e+01  1.511714e+02
   endloop
 endfacet
 facet normal -9.382285e-02 -5.151500e-01  8.519494e-01
   outer loop
     vertex -3.319801e+01 -2.771130e+01  1.511553e+02
     vertex -3.311246e+01 -2.770034e+01  1.511714e+02
     vertex -3.314934e+01 -2.755673e+01  1.512541e+02
   endloop
 endfacet
 facet normal -5.665048e-02 -8.067774e-01  5.881335e-01
   outer loop
     vertex -3.319801e+01 -2.771130e+01  1.511553e+02
     vertex -3.333663e+01 -2.770095e+01  1.511562e+02
     vertex -3.324407e+01 -2.781825e+01  1.510042e+02
   endloop
 endfacet
 facet normal -3.445631e-02 -5.306191e-01  8.469097e-01
   outer loop
     vertex -3.319801e+01 -2.771130e+01  1.511553e+02
     vertex -3.314934e+01 -2.755673e+01  1.512541e+02
     vertex -3.333663e+01 -2.770095e+01  1.511562e+02
   endloop
 endfacet
 facet normal -1.498765e-02 -1.296629e-01  9.914449e-01
   outer loop
     vertex  1.415858e+01 -3.284263e+01  1.512858e+02
     vertex -3.296540e+01 -2.739560e+01  1.512858e+02
     vertex -3.298026e+01 -2.752415e+01  1.512688e+02
   endloop
 endfacet
 facet normal -4.394157e-02 -3.801523e-01  9.238795e-01
   outer loop
     vertex  1.414372e+01 -3.297118e+01  1.512688e+02
     vertex -3.298026e+01 -2.752415e+01  1.512688e+02
     vertex -3.299411e+01 -2.764394e+01  1.512188e+02
   endloop
 endfacet
 facet normal -1.498765e-02 -1.296629e-01  9.914449e-01
   outer loop
     vertex  1.414372e+01 -3.297118e+01  1.512688e+02
     vertex  1.415858e+01 -3.284263e+01  1.512858e+02
     vertex -3.298026e+01 -2.752415e+01  1.512688e+02
   endloop
 endfacet
 facet normal -6.990095e-02 -6.047349e-01  7.933533e-01
   outer loop
     vertex  1.412987e+01 -3.309098e+01  1.512188e+02
     vertex -3.299411e+01 -2.764394e+01  1.512188e+02
     vertex -3.300600e+01 -2.774681e+01  1.511394e+02
   endloop
 endfacet
 facet normal -4.394157e-02 -3.801523e-01  9.238795e-01
   outer loop
     vertex  1.412987e+01 -3.309098e+01  1.512188e+02
     vertex  1.414372e+01 -3.297118e+01  1.512688e+02
     vertex -3.299411e+01 -2.764394e+01  1.512188e+02
   endloop
 endfacet
 facet normal -9.109669e-02 -7.881059e-01  6.087614e-01
   outer loop
     vertex  1.411798e+01 -3.319385e+01  1.511394e+02
     vertex -3.300600e+01 -2.774681e+01  1.511394e+02
     vertex -3.301512e+01 -2.782575e+01  1.510358e+02
   endloop
 endfacet
 facet normal -6.990095e-02 -6.047349e-01  7.933533e-01
   outer loop
     vertex  1.411798e+01 -3.319385e+01  1.511394e+02
     vertex  1.412987e+01 -3.309098e+01  1.512188e+02
     vertex -3.300600e+01 -2.774681e+01  1.511394e+02
   endloop
 endfacet
 facet normal -1.060843e-01 -9.177688e-01  3.826834e-01
   outer loop
     vertex  1.410885e+01 -3.327278e+01  1.510358e+02
     vertex -3.301512e+01 -2.782575e+01  1.510358e+02
     vertex -3.302086e+01 -2.787537e+01  1.509152e+02
   endloop
 endfacet
 facet normal -9.109669e-02 -7.881059e-01  6.087614e-01
   outer loop
     vertex  1.410885e+01 -3.327278e+01  1.510358e+02
     vertex  1.411798e+01 -3.319385e+01  1.511394e+02
     vertex -3.301512e+01 -2.782575e+01  1.510358e+02
   endloop
 endfacet
 facet normal -1.138425e-01 -9.848872e-01  1.305262e-01
   outer loop
     vertex  1.410312e+01 -3.332240e+01  1.509152e+02
     vertex -3.302086e+01 -2.787537e+01  1.509152e+02
     vertex -3.302281e+01 -2.789229e+01  1.507858e+02
   endloop
 endfacet
 facet normal -1.060843e-01 -9.177688e-01  3.826834e-01
   outer loop
     vertex  1.410312e+01 -3.332240e+01  1.509152e+02
     vertex  1.410885e+01 -3.327278e+01  1.510358e+02
     vertex -3.302086e+01 -2.787537e+01  1.509152e+02
   endloop
 endfacet
 facet normal -1.138425e-01 -9.848872e-01  1.305262e-01
   outer loop
     vertex  1.410116e+01 -3.333932e+01  1.507858e+02
     vertex  1.410312e+01 -3.332240e+01  1.509152e+02
     vertex -3.302281e+01 -2.789229e+01  1.507858e+02
   endloop
 endfacet
 facet normal  1.992608e-01  9.712802e-01  1.300379e-01
   outer loop
     vertex  1.610319e+01 -2.358062e+01  1.507858e+02
     vertex  1.524941e+01 -2.340547e+01  1.507858e+02
     vertex  1.524746e+01 -2.342239e+01  1.509152e+02
   endloop
 endfacet
 facet normal  2.632997e-02  1.283432e-01  9.913802e-01
   outer loop
     vertex  1.599735e+01 -2.393578e+01  1.512688e+02
     vertex  1.520686e+01 -2.377361e+01  1.512688e+02
     vertex  1.519200e+01 -2.390216e+01  1.512858e+02
   endloop
 endfacet
 facet normal  2.632997e-02  1.283432e-01  9.913802e-01
   outer loop
     vertex  1.599735e+01 -2.393578e+01  1.512688e+02
     vertex  1.519200e+01 -2.390216e+01  1.512858e+02
     vertex  1.596040e+01 -2.405980e+01  1.512858e+02
   endloop
 endfacet
 facet normal  7.715735e-02  3.760971e-01  9.233622e-01
   outer loop
     vertex  1.603179e+01 -2.382021e+01  1.512188e+02
     vertex  1.522071e+01 -2.365381e+01  1.512188e+02
     vertex  1.520686e+01 -2.377361e+01  1.512688e+02
   endloop
 endfacet
 facet normal  7.715735e-02  3.760971e-01  9.233622e-01
   outer loop
     vertex  1.603179e+01 -2.382021e+01  1.512188e+02
     vertex  1.520686e+01 -2.377361e+01  1.512688e+02
     vertex  1.599735e+01 -2.393578e+01  1.512688e+02
   endloop
 endfacet
 facet normal  1.226346e-01  5.977722e-01  7.922305e-01
   outer loop
     vertex  1.606137e+01 -2.372097e+01  1.511394e+02
     vertex  1.523260e+01 -2.355094e+01  1.511394e+02
     vertex  1.522071e+01 -2.365381e+01  1.512188e+02
   endloop
 endfacet
 facet normal  1.226346e-01  5.977722e-01  7.922305e-01
   outer loop
     vertex  1.606137e+01 -2.372097e+01  1.511394e+02
     vertex  1.522071e+01 -2.365381e+01  1.512188e+02
     vertex  1.603179e+01 -2.382021e+01  1.512188e+02
   endloop
 endfacet
 facet normal  1.596629e-01  7.782635e-01  6.073003e-01
   outer loop
     vertex  1.608406e+01 -2.364482e+01  1.510358e+02
     vertex  1.523260e+01 -2.355094e+01  1.511394e+02
     vertex  1.606137e+01 -2.372097e+01  1.511394e+02
   endloop
 endfacet
 facet normal  1.596629e-01  7.782635e-01  6.073003e-01
   outer loop
     vertex  1.608406e+01 -2.364482e+01  1.510358e+02
     vertex  1.524172e+01 -2.347201e+01  1.510358e+02
     vertex  1.523260e+01 -2.355094e+01  1.511394e+02
   endloop
 endfacet
 facet normal  1.857728e-01  9.055343e-01  3.814394e-01
   outer loop
     vertex  1.609832e+01 -2.359695e+01  1.509152e+02
     vertex  1.524746e+01 -2.342239e+01  1.509152e+02
     vertex  1.524172e+01 -2.347201e+01  1.510358e+02
   endloop
 endfacet
 facet normal  1.857728e-01  9.055343e-01  3.814394e-01
   outer loop
     vertex  1.609832e+01 -2.359695e+01  1.509152e+02
     vertex  1.524172e+01 -2.347201e+01  1.510358e+02
     vertex  1.608406e+01 -2.364482e+01  1.510358e+02
   endloop
 endfacet
 facet normal  1.992608e-01  9.712802e-01  1.300379e-01
   outer loop
     vertex  1.609832e+01 -2.359695e+01  1.509152e+02
     vertex  1.610319e+01 -2.358062e+01  1.507858e+02
     vertex  1.524746e+01 -2.342239e+01  1.509152e+02
   endloop
 endfacet
 facet normal  4.821652e-02  1.218213e-01  9.913802e-01
   outer loop
     vertex  1.674768e+01 -2.423275e+01  1.512688e+02
     vertex  1.596040e+01 -2.405980e+01  1.512858e+02
     vertex  1.668975e+01 -2.434847e+01  1.512858e+02
   endloop
 endfacet
 facet normal  4.821652e-02  1.218213e-01  9.913802e-01
   outer loop
     vertex  1.674768e+01 -2.423275e+01  1.512688e+02
     vertex  1.599735e+01 -2.393578e+01  1.512688e+02
     vertex  1.596040e+01 -2.405980e+01  1.512858e+02
   endloop
 endfacet
 facet normal  1.412937e-01  3.569852e-01  9.233622e-01
   outer loop
     vertex  1.680166e+01 -2.412492e+01  1.512188e+02
     vertex  1.603179e+01 -2.382021e+01  1.512188e+02
     vertex  1.599735e+01 -2.393578e+01  1.512688e+02
   endloop
 endfacet
 facet normal  1.412937e-01  3.569852e-01  9.233622e-01
   outer loop
     vertex  1.680166e+01 -2.412492e+01  1.512188e+02
     vertex  1.599735e+01 -2.393578e+01  1.512688e+02
     vertex  1.674768e+01 -2.423275e+01  1.512688e+02
   endloop
 endfacet
 facet normal  2.245735e-01  5.673954e-01  7.922305e-01
   outer loop
     vertex  1.684802e+01 -2.403232e+01  1.511394e+02
     vertex  1.606137e+01 -2.372097e+01  1.511394e+02
     vertex  1.603179e+01 -2.382021e+01  1.512188e+02
   endloop
 endfacet
 facet normal  2.245735e-01  5.673954e-01  7.922305e-01
   outer loop
     vertex  1.684802e+01 -2.403232e+01  1.511394e+02
     vertex  1.603179e+01 -2.382021e+01  1.512188e+02
     vertex  1.680166e+01 -2.412492e+01  1.512188e+02
   endloop
 endfacet
 facet normal  2.923813e-01  7.387148e-01  6.073003e-01
   outer loop
     vertex  1.688359e+01 -2.396127e+01  1.510358e+02
     vertex  1.608406e+01 -2.364482e+01  1.510358e+02
     vertex  1.606137e+01 -2.372097e+01  1.511394e+02
   endloop
 endfacet
 facet normal  2.923813e-01  7.387148e-01  6.073003e-01
   outer loop
     vertex  1.688359e+01 -2.396127e+01  1.510358e+02
     vertex  1.606137e+01 -2.372097e+01  1.511394e+02
     vertex  1.684802e+01 -2.403232e+01  1.511394e+02
   endloop
 endfacet
 facet normal  3.648946e-01  9.219230e-01  1.300379e-01
   outer loop
     vertex  1.690595e+01 -2.391661e+01  1.509152e+02
     vertex  1.691358e+01 -2.390137e+01  1.507858e+02
     vertex  1.610319e+01 -2.358062e+01  1.507858e+02
   endloop
 endfacet
 facet normal  3.401949e-01  8.595181e-01  3.814394e-01
   outer loop
     vertex  1.690595e+01 -2.391661e+01  1.509152e+02
     vertex  1.609832e+01 -2.359695e+01  1.509152e+02
     vertex  1.608406e+01 -2.364482e+01  1.510358e+02
   endloop
 endfacet
 facet normal  3.648946e-01  9.219230e-01  1.300379e-01
   outer loop
     vertex  1.690595e+01 -2.391661e+01  1.509152e+02
     vertex  1.610319e+01 -2.358062e+01  1.507858e+02
     vertex  1.609832e+01 -2.359695e+01  1.509152e+02
   endloop
 endfacet
 facet normal  3.401949e-01  8.595181e-01  3.814394e-01
   outer loop
     vertex  1.690595e+01 -2.391661e+01  1.509152e+02
     vertex  1.608406e+01 -2.364482e+01  1.510358e+02
     vertex  1.688359e+01 -2.396127e+01  1.510358e+02
   endloop
 endfacet
 facet normal  6.863805e-02  1.115978e-01  9.913802e-01
   outer loop
     vertex  1.743504e+01 -2.465551e+01  1.512688e+02
     vertex  1.668975e+01 -2.434847e+01  1.512858e+02
     vertex  1.735789e+01 -2.475941e+01  1.512858e+02
   endloop
 endfacet
 facet normal  6.863805e-02  1.115978e-01  9.913802e-01
   outer loop
     vertex  1.743504e+01 -2.465551e+01  1.512688e+02
     vertex  1.674768e+01 -2.423275e+01  1.512688e+02
     vertex  1.668975e+01 -2.434847e+01  1.512858e+02
   endloop
 endfacet
 facet normal  2.011370e-01  3.270263e-01  9.233622e-01
   outer loop
     vertex  1.750692e+01 -2.455869e+01  1.512188e+02
     vertex  1.680166e+01 -2.412492e+01  1.512188e+02
     vertex  1.674768e+01 -2.423275e+01  1.512688e+02
   endloop
 endfacet
 facet normal  2.011370e-01  3.270263e-01  9.233622e-01
   outer loop
     vertex  1.750692e+01 -2.455869e+01  1.512188e+02
     vertex  1.674768e+01 -2.423275e+01  1.512688e+02
     vertex  1.743504e+01 -2.465551e+01  1.512688e+02
   endloop
 endfacet
 facet normal  3.196889e-01  5.197786e-01  7.922305e-01
   outer loop
     vertex  1.756866e+01 -2.447555e+01  1.511394e+02
     vertex  1.680166e+01 -2.412492e+01  1.512188e+02
     vertex  1.750692e+01 -2.455869e+01  1.512188e+02
   endloop
 endfacet
 facet normal  3.196889e-01  5.197786e-01  7.922305e-01
   outer loop
     vertex  1.756866e+01 -2.447555e+01  1.511394e+02
     vertex  1.684802e+01 -2.403232e+01  1.511394e+02
     vertex  1.680166e+01 -2.412492e+01  1.512188e+02
   endloop
 endfacet
 facet normal  4.162158e-01  6.767206e-01  6.073003e-01
   outer loop
     vertex  1.761602e+01 -2.441175e+01  1.510358e+02
     vertex  1.688359e+01 -2.396127e+01  1.510358e+02
     vertex  1.684802e+01 -2.403232e+01  1.511394e+02
   endloop
 endfacet
 facet normal  4.162158e-01  6.767206e-01  6.073003e-01
   outer loop
     vertex  1.761602e+01 -2.441175e+01  1.510358e+02
     vertex  1.684802e+01 -2.403232e+01  1.511394e+02
     vertex  1.756866e+01 -2.447555e+01  1.511394e+02
   endloop
 endfacet
 facet normal  5.194413e-01  8.445537e-01  1.300379e-01
   outer loop
     vertex  1.764580e+01 -2.437165e+01  1.509152e+02
     vertex  1.765596e+01 -2.435797e+01  1.507858e+02
     vertex  1.691358e+01 -2.390137e+01  1.507858e+02
   endloop
 endfacet
 facet normal  4.842803e-01  7.873859e-01  3.814394e-01
   outer loop
     vertex  1.764580e+01 -2.437165e+01  1.509152e+02
     vertex  1.688359e+01 -2.396127e+01  1.510358e+02
     vertex  1.761602e+01 -2.441175e+01  1.510358e+02
   endloop
 endfacet
 facet normal  4.842803e-01  7.873859e-01  3.814394e-01
   outer loop
     vertex  1.764580e+01 -2.437165e+01  1.509152e+02
     vertex  1.690595e+01 -2.391661e+01  1.509152e+02
     vertex  1.688359e+01 -2.396127e+01  1.510358e+02
   endloop
 endfacet
 facet normal  5.194413e-01  8.445537e-01  1.300379e-01
   outer loop
     vertex  1.764580e+01 -2.437165e+01  1.509152e+02
     vertex  1.691358e+01 -2.390137e+01  1.507858e+02
     vertex  1.690595e+01 -2.391661e+01  1.509152e+02
   endloop
 endfacet
 facet normal  8.697404e-02  9.798352e-02  9.913802e-01
   outer loop
     vertex  1.803854e+01 -2.519121e+01  1.512688e+02
     vertex  1.743504e+01 -2.465551e+01  1.512688e+02
     vertex  1.735789e+01 -2.475941e+01  1.512858e+02
   endloop
 endfacet
 facet normal  8.697404e-02  9.798352e-02  9.913802e-01
   outer loop
     vertex  1.803854e+01 -2.519121e+01  1.512688e+02
     vertex  1.735789e+01 -2.475941e+01  1.512858e+02
     vertex  1.794452e+01 -2.528013e+01  1.512858e+02
   endloop
 endfacet
 facet normal  2.548688e-01  2.871310e-01  9.233622e-01
   outer loop
     vertex  1.812615e+01 -2.510834e+01  1.512188e+02
     vertex  1.750692e+01 -2.455869e+01  1.512188e+02
     vertex  1.743504e+01 -2.465551e+01  1.512688e+02
   endloop
 endfacet
 facet normal  2.548688e-01  2.871310e-01  9.233622e-01
   outer loop
     vertex  1.812615e+01 -2.510834e+01  1.512188e+02
     vertex  1.743504e+01 -2.465551e+01  1.512688e+02
     vertex  1.803854e+01 -2.519121e+01  1.512688e+02
   endloop
 endfacet
 facet normal  4.050908e-01  4.563686e-01  7.922305e-01
   outer loop
     vertex  1.820138e+01 -2.503718e+01  1.511394e+02
     vertex  1.756866e+01 -2.447555e+01  1.511394e+02
     vertex  1.750692e+01 -2.455869e+01  1.512188e+02
   endloop
 endfacet
 facet normal  4.050908e-01  4.563686e-01  7.922305e-01
   outer loop
     vertex  1.820138e+01 -2.503718e+01  1.511394e+02
     vertex  1.750692e+01 -2.455869e+01  1.512188e+02
     vertex  1.812615e+01 -2.510834e+01  1.512188e+02
   endloop
 endfacet
 facet normal  5.274039e-01  5.941645e-01  6.073003e-01
   outer loop
     vertex  1.825911e+01 -2.498258e+01  1.510358e+02
     vertex  1.756866e+01 -2.447555e+01  1.511394e+02
     vertex  1.820138e+01 -2.503718e+01  1.511394e+02
   endloop
 endfacet
 facet normal  5.274039e-01  5.941645e-01  6.073003e-01
   outer loop
     vertex  1.825911e+01 -2.498258e+01  1.510358e+02
     vertex  1.761602e+01 -2.441175e+01  1.510358e+02
     vertex  1.756866e+01 -2.447555e+01  1.511394e+02
   endloop
 endfacet
 facet normal  6.582050e-01  7.415230e-01  1.300379e-01
   outer loop
     vertex  1.829539e+01 -2.494825e+01  1.509152e+02
     vertex  1.830777e+01 -2.493655e+01  1.507858e+02
     vertex  1.765596e+01 -2.435797e+01  1.507858e+02
   endloop
 endfacet
 facet normal  6.136512e-01  6.913293e-01  3.814394e-01
   outer loop
     vertex  1.829539e+01 -2.494825e+01  1.509152e+02
     vertex  1.764580e+01 -2.437165e+01  1.509152e+02
     vertex  1.761602e+01 -2.441175e+01  1.510358e+02
   endloop
 endfacet
 facet normal  6.136512e-01  6.913293e-01  3.814394e-01
   outer loop
     vertex  1.829539e+01 -2.494825e+01  1.509152e+02
     vertex  1.761602e+01 -2.441175e+01  1.510358e+02
     vertex  1.825911e+01 -2.498258e+01  1.510358e+02
   endloop
 endfacet
 facet normal  6.582050e-01  7.415230e-01  1.300379e-01
   outer loop
     vertex  1.829539e+01 -2.494825e+01  1.509152e+02
     vertex  1.765596e+01 -2.435797e+01  1.507858e+02
     vertex  1.764580e+01 -2.437165e+01  1.509152e+02
   endloop
 endfacet
 facet normal  1.026674e-01  8.139205e-02  9.913802e-01
   outer loop
     vertex  1.853985e+01 -2.582356e+01  1.512688e+02
     vertex  1.794452e+01 -2.528013e+01  1.512858e+02
     vertex  1.843182e+01 -2.589481e+01  1.512858e+02
   endloop
 endfacet
 facet normal  1.026674e-01  8.139205e-02  9.913802e-01
   outer loop
     vertex  1.853985e+01 -2.582356e+01  1.512688e+02
     vertex  1.803854e+01 -2.519121e+01  1.512688e+02
     vertex  1.794452e+01 -2.528013e+01  1.512858e+02
   endloop
 endfacet
 facet normal  3.008565e-01  2.385113e-01  9.233622e-01
   outer loop
     vertex  1.864052e+01 -2.575716e+01  1.512188e+02
     vertex  1.803854e+01 -2.519121e+01  1.512688e+02
     vertex  1.853985e+01 -2.582356e+01  1.512688e+02
   endloop
 endfacet
 facet normal  3.008565e-01  2.385113e-01  9.233622e-01
   outer loop
     vertex  1.864052e+01 -2.575716e+01  1.512188e+02
     vertex  1.812615e+01 -2.510834e+01  1.512188e+02
     vertex  1.803854e+01 -2.519121e+01  1.512688e+02
   endloop
 endfacet
 facet normal  4.781841e-01  3.790921e-01  7.922305e-01
   outer loop
     vertex  1.872696e+01 -2.570015e+01  1.511394e+02
     vertex  1.812615e+01 -2.510834e+01  1.512188e+02
     vertex  1.864052e+01 -2.575716e+01  1.512188e+02
   endloop
 endfacet
 facet normal  4.781841e-01  3.790921e-01  7.922305e-01
   outer loop
     vertex  1.872696e+01 -2.570015e+01  1.511394e+02
     vertex  1.820138e+01 -2.503718e+01  1.511394e+02
     vertex  1.812615e+01 -2.510834e+01  1.512188e+02
   endloop
 endfacet
 facet normal  6.225670e-01  4.935551e-01  6.073003e-01
   outer loop
     vertex  1.879330e+01 -2.565640e+01  1.510358e+02
     vertex  1.825911e+01 -2.498258e+01  1.510358e+02
     vertex  1.820138e+01 -2.503718e+01  1.511394e+02
   endloop
 endfacet
 facet normal  6.225670e-01  4.935551e-01  6.073003e-01
   outer loop
     vertex  1.879330e+01 -2.565640e+01  1.510358e+02
     vertex  1.820138e+01 -2.503718e+01  1.511394e+02
     vertex  1.872696e+01 -2.570015e+01  1.511394e+02
   endloop
 endfacet
 facet normal  7.769695e-01  6.159615e-01  1.300379e-01
   outer loop
     vertex  1.883499e+01 -2.562890e+01  1.509152e+02
     vertex  1.884922e+01 -2.561952e+01  1.507858e+02
     vertex  1.830777e+01 -2.493655e+01  1.507858e+02
   endloop
 endfacet
 facet normal  7.243765e-01  5.742671e-01  3.814394e-01
   outer loop
     vertex  1.883499e+01 -2.562890e+01  1.509152e+02
     vertex  1.825911e+01 -2.498258e+01  1.510358e+02
     vertex  1.879330e+01 -2.565640e+01  1.510358e+02
   endloop
 endfacet
 facet normal  7.243765e-01  5.742671e-01  3.814394e-01
   outer loop
     vertex  1.883499e+01 -2.562890e+01  1.509152e+02
     vertex  1.829539e+01 -2.494825e+01  1.509152e+02
     vertex  1.825911e+01 -2.498258e+01  1.510358e+02
   endloop
 endfacet
 facet normal  7.769695e-01  6.159615e-01  1.300379e-01
   outer loop
     vertex  1.883499e+01 -2.562890e+01  1.509152e+02
     vertex  1.830777e+01 -2.493655e+01  1.507858e+02
     vertex  1.829539e+01 -2.494825e+01  1.509152e+02
   endloop
 endfacet
 facet normal  1.152412e-01  6.232752e-02  9.913802e-01
   outer loop
     vertex  1.892374e+01 -2.653335e+01  1.512688e+02
     vertex  1.843182e+01 -2.589481e+01  1.512858e+02
     vertex  1.880498e+01 -2.658476e+01  1.512858e+02
   endloop
 endfacet
 facet normal  3.377029e-01  1.826446e-01  9.233622e-01
   outer loop
     vertex  1.892374e+01 -2.653335e+01  1.512688e+02
     vertex  1.864052e+01 -2.575716e+01  1.512188e+02
     vertex  1.853985e+01 -2.582356e+01  1.512688e+02
   endloop
 endfacet
 facet normal  1.152412e-01  6.232752e-02  9.913802e-01
   outer loop
     vertex  1.892374e+01 -2.653335e+01  1.512688e+02
     vertex  1.853985e+01 -2.582356e+01  1.512688e+02
     vertex  1.843182e+01 -2.589481e+01  1.512858e+02
   endloop
 endfacet
 facet normal  3.377029e-01  1.826446e-01  9.233622e-01
   outer loop
     vertex  1.903441e+01 -2.648545e+01  1.512188e+02
     vertex  1.864052e+01 -2.575716e+01  1.512188e+02
     vertex  1.892374e+01 -2.653335e+01  1.512688e+02
   endloop
 endfacet
 facet normal  5.367480e-01  2.902970e-01  7.922305e-01
   outer loop
     vertex  1.912944e+01 -2.644431e+01  1.511394e+02
     vertex  1.864052e+01 -2.575716e+01  1.512188e+02
     vertex  1.903441e+01 -2.648545e+01  1.512188e+02
   endloop
 endfacet
 facet normal  5.367480e-01  2.902970e-01  7.922305e-01
   outer loop
     vertex  1.912944e+01 -2.644431e+01  1.511394e+02
     vertex  1.872696e+01 -2.570015e+01  1.511394e+02
     vertex  1.864052e+01 -2.575716e+01  1.512188e+02
   endloop
 endfacet
 facet normal  6.988138e-01  3.779493e-01  6.073003e-01
   outer loop
     vertex  1.912944e+01 -2.644431e+01  1.511394e+02
     vertex  1.879330e+01 -2.565640e+01  1.510358e+02
     vertex  1.872696e+01 -2.570015e+01  1.511394e+02
   endloop
 endfacet
 facet normal  6.988138e-01  3.779493e-01  6.073003e-01
   outer loop
     vertex  1.920236e+01 -2.641275e+01  1.510358e+02
     vertex  1.879330e+01 -2.565640e+01  1.510358e+02
     vertex  1.912944e+01 -2.644431e+01  1.511394e+02
   endloop
 endfacet
 facet normal  8.721262e-01  4.716843e-01  1.300379e-01
   outer loop
     vertex  1.924820e+01 -2.639290e+01  1.509152e+02
     vertex  1.926384e+01 -2.638614e+01  1.507858e+02
     vertex  1.884922e+01 -2.561952e+01  1.507858e+02
   endloop
 endfacet
 facet normal  8.721262e-01  4.716843e-01  1.300379e-01
   outer loop
     vertex  1.924820e+01 -2.639290e+01  1.509152e+02
     vertex  1.884922e+01 -2.561952e+01  1.507858e+02
     vertex  1.883499e+01 -2.562890e+01  1.509152e+02
   endloop
 endfacet
 facet normal  8.130920e-01  4.397560e-01  3.814394e-01
   outer loop
     vertex  1.924820e+01 -2.639290e+01  1.509152e+02
     vertex  1.883499e+01 -2.562890e+01  1.509152e+02
     vertex  1.879330e+01 -2.565640e+01  1.510358e+02
   endloop
 endfacet
 facet normal  8.130920e-01  4.397560e-01  3.814394e-01
   outer loop
     vertex  1.924820e+01 -2.639290e+01  1.509152e+02
     vertex  1.879330e+01 -2.565640e+01  1.510358e+02
     vertex  1.920236e+01 -2.641275e+01  1.510358e+02
   endloop
 endfacet
 facet normal  1.243135e-01  4.136920e-02  9.913802e-01
   outer loop
     vertex  1.917854e+01 -2.729903e+01  1.512688e+02
     vertex  1.880498e+01 -2.658476e+01  1.512858e+02
     vertex  1.905266e+01 -2.732903e+01  1.512858e+02
   endloop
 endfacet
 facet normal  1.243135e-01  4.136920e-02  9.913802e-01
   outer loop
     vertex  1.917854e+01 -2.729903e+01  1.512688e+02
     vertex  1.892374e+01 -2.653335e+01  1.512688e+02
     vertex  1.880498e+01 -2.658476e+01  1.512858e+02
   endloop
 endfacet
 facet normal  3.642884e-01  1.212283e-01  9.233622e-01
   outer loop
     vertex  1.917854e+01 -2.729903e+01  1.512688e+02
     vertex  1.903441e+01 -2.648545e+01  1.512188e+02
     vertex  1.892374e+01 -2.653335e+01  1.512688e+02
   endloop
 endfacet
 facet normal  3.642884e-01  1.212283e-01  9.233622e-01
   outer loop
     vertex  1.929585e+01 -2.727107e+01  1.512188e+02
     vertex  1.903441e+01 -2.648545e+01  1.512188e+02
     vertex  1.917854e+01 -2.729903e+01  1.512688e+02
   endloop
 endfacet
 facet normal  5.790032e-01  1.926814e-01  7.922305e-01
   outer loop
     vertex  1.939658e+01 -2.724706e+01  1.511394e+02
     vertex  1.912944e+01 -2.644431e+01  1.511394e+02
     vertex  1.903441e+01 -2.648545e+01  1.512188e+02
   endloop
 endfacet
 facet normal  7.538274e-01  2.508596e-01  6.073003e-01
   outer loop
     vertex  1.939658e+01 -2.724706e+01  1.511394e+02
     vertex  1.920236e+01 -2.641275e+01  1.510358e+02
     vertex  1.912944e+01 -2.644431e+01  1.511394e+02
   endloop
 endfacet
 facet normal  5.790032e-01  1.926814e-01  7.922305e-01
   outer loop
     vertex  1.939658e+01 -2.724706e+01  1.511394e+02
     vertex  1.903441e+01 -2.648545e+01  1.512188e+02
     vertex  1.929585e+01 -2.727107e+01  1.512188e+02
   endloop
 endfacet
 facet normal  7.538274e-01  2.508596e-01  6.073003e-01
   outer loop
     vertex  1.947387e+01 -2.722864e+01  1.510358e+02
     vertex  1.920236e+01 -2.641275e+01  1.510358e+02
     vertex  1.939658e+01 -2.724706e+01  1.511394e+02
   endloop
 endfacet
 facet normal  9.407837e-01  3.130752e-01  1.300379e-01
   outer loop
     vertex  1.952246e+01 -2.721706e+01  1.509152e+02
     vertex  1.953904e+01 -2.721311e+01  1.507858e+02
     vertex  1.926384e+01 -2.638614e+01  1.507858e+02
   endloop
 endfacet
 facet normal  9.407837e-01  3.130752e-01  1.300379e-01
   outer loop
     vertex  1.952246e+01 -2.721706e+01  1.509152e+02
     vertex  1.926384e+01 -2.638614e+01  1.507858e+02
     vertex  1.924820e+01 -2.639290e+01  1.509152e+02
   endloop
 endfacet
 facet normal  8.771021e-01  2.918832e-01  3.814394e-01
   outer loop
     vertex  1.952246e+01 -2.721706e+01  1.509152e+02
     vertex  1.924820e+01 -2.639290e+01  1.509152e+02
     vertex  1.920236e+01 -2.641275e+01  1.510358e+02
   endloop
 endfacet
 facet normal  8.771021e-01  2.918832e-01  3.814394e-01
   outer loop
     vertex  1.952246e+01 -2.721706e+01  1.509152e+02
     vertex  1.920236e+01 -2.641275e+01  1.510358e+02
     vertex  1.947387e+01 -2.722864e+01  1.510358e+02
   endloop
 endfacet
 facet normal  1.296086e-01  1.915390e-02  9.913802e-01
   outer loop
     vertex  1.929652e+01 -2.809732e+01  1.512688e+02
     vertex  1.905266e+01 -2.732903e+01  1.512858e+02
     vertex  1.916734e+01 -2.810501e+01  1.512858e+02
   endloop
 endfacet
 facet normal  1.296086e-01  1.915390e-02  9.913802e-01
   outer loop
     vertex  1.929652e+01 -2.809732e+01  1.512688e+02
     vertex  1.917854e+01 -2.729903e+01  1.512688e+02
     vertex  1.905266e+01 -2.732903e+01  1.512858e+02
   endloop
 endfacet
 facet normal  3.798051e-01  5.612860e-02  9.233622e-01
   outer loop
     vertex  1.929652e+01 -2.809732e+01  1.512688e+02
     vertex  1.929585e+01 -2.727107e+01  1.512188e+02
     vertex  1.917854e+01 -2.729903e+01  1.512688e+02
   endloop
 endfacet
 facet normal  3.798051e-01  5.612860e-02  9.233622e-01
   outer loop
     vertex  1.941689e+01 -2.809015e+01  1.512188e+02
     vertex  1.929585e+01 -2.727107e+01  1.512188e+02
     vertex  1.929652e+01 -2.809732e+01  1.512688e+02
   endloop
 endfacet
 facet normal  6.036656e-01  8.921131e-02  7.922305e-01
   outer loop
     vertex  1.952026e+01 -2.808400e+01  1.511394e+02
     vertex  1.929585e+01 -2.727107e+01  1.512188e+02
     vertex  1.941689e+01 -2.809015e+01  1.512188e+02
   endloop
 endfacet
 facet normal  6.036656e-01  8.921131e-02  7.922305e-01
   outer loop
     vertex  1.952026e+01 -2.808400e+01  1.511394e+02
     vertex  1.939658e+01 -2.724706e+01  1.511394e+02
     vertex  1.929585e+01 -2.727107e+01  1.512188e+02
   endloop
 endfacet
 facet normal  7.859364e-01  1.161478e-01  6.073003e-01
   outer loop
     vertex  1.952026e+01 -2.808400e+01  1.511394e+02
     vertex  1.947387e+01 -2.722864e+01  1.510358e+02
     vertex  1.939658e+01 -2.724706e+01  1.511394e+02
   endloop
 endfacet
 facet normal  7.859364e-01  1.161478e-01  6.073003e-01
   outer loop
     vertex  1.959958e+01 -2.807928e+01  1.510358e+02
     vertex  1.947387e+01 -2.722864e+01  1.510358e+02
     vertex  1.952026e+01 -2.808400e+01  1.511394e+02
   endloop
 endfacet
 facet normal  9.144620e-01  1.351416e-01  3.814394e-01
   outer loop
     vertex  1.964945e+01 -2.807631e+01  1.509152e+02
     vertex  1.947387e+01 -2.722864e+01  1.510358e+02
     vertex  1.959958e+01 -2.807928e+01  1.510358e+02
   endloop
 endfacet
 facet normal  9.808561e-01  1.449535e-01  1.300379e-01
   outer loop
     vertex  1.964945e+01 -2.807631e+01  1.509152e+02
     vertex  1.966645e+01 -2.807530e+01  1.507858e+02
     vertex  1.953904e+01 -2.721311e+01  1.507858e+02
   endloop
 endfacet
 facet normal  9.911256e-01 -2.757252e-02  1.300379e-01
   outer loop
     vertex  1.964945e+01 -2.807631e+01  1.509152e+02
     vertex  1.964222e+01 -2.894652e+01  1.507858e+02
     vertex  1.966645e+01 -2.807530e+01  1.507858e+02
   endloop
 endfacet
 facet normal  9.808561e-01  1.449535e-01  1.300379e-01
   outer loop
     vertex  1.964945e+01 -2.807631e+01  1.509152e+02
     vertex  1.953904e+01 -2.721311e+01  1.507858e+02
     vertex  1.952246e+01 -2.721706e+01  1.509152e+02
   endloop
 endfacet
 facet normal  9.144620e-01  1.351416e-01  3.814394e-01
   outer loop
     vertex  1.964945e+01 -2.807631e+01  1.509152e+02
     vertex  1.952246e+01 -2.721706e+01  1.509152e+02
     vertex  1.947387e+01 -2.722864e+01  1.510358e+02
   endloop
 endfacet
 facet normal  3.837816e-01 -1.067658e-02  9.233622e-01
   outer loop
     vertex  1.927408e+01 -2.890397e+01  1.512688e+02
     vertex  1.941689e+01 -2.809015e+01  1.512188e+02
     vertex  1.929652e+01 -2.809732e+01  1.512688e+02
   endloop
 endfacet
 facet normal  1.309656e-01 -3.643384e-03  9.913802e-01
   outer loop
     vertex  1.927408e+01 -2.890397e+01  1.512688e+02
     vertex  1.916734e+01 -2.810501e+01  1.512858e+02
     vertex  1.914552e+01 -2.888911e+01  1.512858e+02
   endloop
 endfacet
 facet normal  1.309656e-01 -3.643384e-03  9.913802e-01
   outer loop
     vertex  1.927408e+01 -2.890397e+01  1.512688e+02
     vertex  1.929652e+01 -2.809732e+01  1.512688e+02
     vertex  1.916734e+01 -2.810501e+01  1.512858e+02
   endloop
 endfacet
 facet normal  3.837816e-01 -1.067658e-02  9.233622e-01
   outer loop
     vertex  1.939387e+01 -2.891781e+01  1.512188e+02
     vertex  1.941689e+01 -2.809015e+01  1.512188e+02
     vertex  1.927408e+01 -2.890397e+01  1.512688e+02
   endloop
 endfacet
 facet normal  6.099859e-01 -1.696945e-02  7.922305e-01
   outer loop
     vertex  1.949674e+01 -2.892970e+01  1.511394e+02
     vertex  1.941689e+01 -2.809015e+01  1.512188e+02
     vertex  1.939387e+01 -2.891781e+01  1.512188e+02
   endloop
 endfacet
 facet normal  6.099859e-01 -1.696945e-02  7.922305e-01
   outer loop
     vertex  1.949674e+01 -2.892970e+01  1.511394e+02
     vertex  1.952026e+01 -2.808400e+01  1.511394e+02
     vertex  1.941689e+01 -2.809015e+01  1.512188e+02
   endloop
 endfacet
 facet normal  7.941651e-01 -2.209320e-02  6.073003e-01
   outer loop
     vertex  1.949674e+01 -2.892970e+01  1.511394e+02
     vertex  1.959958e+01 -2.807928e+01  1.510358e+02
     vertex  1.952026e+01 -2.808400e+01  1.511394e+02
   endloop
 endfacet
 facet normal  7.941651e-01 -2.209320e-02  6.073003e-01
   outer loop
     vertex  1.957567e+01 -2.893883e+01  1.510358e+02
     vertex  1.959958e+01 -2.807928e+01  1.510358e+02
     vertex  1.949674e+01 -2.892970e+01  1.511394e+02
   endloop
 endfacet
 facet normal  9.240363e-01 -2.570614e-02  3.814394e-01
   outer loop
     vertex  1.962529e+01 -2.894456e+01  1.509152e+02
     vertex  1.964945e+01 -2.807631e+01  1.509152e+02
     vertex  1.959958e+01 -2.807928e+01  1.510358e+02
   endloop
 endfacet
 facet normal  9.240363e-01 -2.570614e-02  3.814394e-01
   outer loop
     vertex  1.962529e+01 -2.894456e+01  1.509152e+02
     vertex  1.959958e+01 -2.807928e+01  1.510358e+02
     vertex  1.957567e+01 -2.893883e+01  1.510358e+02
   endloop
 endfacet
 facet normal  9.712802e-01 -1.992608e-01  1.300379e-01
   outer loop
     vertex  1.962529e+01 -2.894456e+01  1.509152e+02
     vertex  1.946706e+01 -2.980029e+01  1.507858e+02
     vertex  1.964222e+01 -2.894652e+01  1.507858e+02
   endloop
 endfacet
 facet normal  9.911256e-01 -2.757252e-02  1.300379e-01
   outer loop
     vertex  1.962529e+01 -2.894456e+01  1.509152e+02
     vertex  1.964222e+01 -2.894652e+01  1.507858e+02
     vertex  1.964945e+01 -2.807631e+01  1.509152e+02
   endloop
 endfacet
 facet normal  1.283432e-01 -2.632997e-02  9.913802e-01
   outer loop
     vertex  1.911190e+01 -2.969446e+01  1.512688e+02
     vertex  1.927408e+01 -2.890397e+01  1.512688e+02
     vertex  1.914552e+01 -2.888911e+01  1.512858e+02
   endloop
 endfacet
 facet normal  1.283432e-01 -2.632997e-02  9.913802e-01
   outer loop
     vertex  1.911190e+01 -2.969446e+01  1.512688e+02
     vertex  1.914552e+01 -2.888911e+01  1.512858e+02
     vertex  1.898788e+01 -2.965750e+01  1.512858e+02
   endloop
 endfacet
 facet normal  3.760971e-01 -7.715735e-02  9.233622e-01
   outer loop
     vertex  1.922747e+01 -2.972890e+01  1.512188e+02
     vertex  1.927408e+01 -2.890397e+01  1.512688e+02
     vertex  1.911190e+01 -2.969446e+01  1.512688e+02
   endloop
 endfacet
 facet normal  3.760971e-01 -7.715735e-02  9.233622e-01
   outer loop
     vertex  1.922747e+01 -2.972890e+01  1.512188e+02
     vertex  1.939387e+01 -2.891781e+01  1.512188e+02
     vertex  1.927408e+01 -2.890397e+01  1.512688e+02
   endloop
 endfacet
 facet normal  5.977722e-01 -1.226346e-01  7.922305e-01
   outer loop
     vertex  1.932671e+01 -2.975847e+01  1.511394e+02
     vertex  1.949674e+01 -2.892970e+01  1.511394e+02
     vertex  1.939387e+01 -2.891781e+01  1.512188e+02
   endloop
 endfacet
 facet normal  5.977722e-01 -1.226346e-01  7.922305e-01
   outer loop
     vertex  1.932671e+01 -2.975847e+01  1.511394e+02
     vertex  1.939387e+01 -2.891781e+01  1.512188e+02
     vertex  1.922747e+01 -2.972890e+01  1.512188e+02
   endloop
 endfacet
 facet normal  7.782635e-01 -1.596629e-01  6.073003e-01
   outer loop
     vertex  1.940286e+01 -2.978116e+01  1.510358e+02
     vertex  1.957567e+01 -2.893883e+01  1.510358e+02
     vertex  1.949674e+01 -2.892970e+01  1.511394e+02
   endloop
 endfacet
 facet normal  7.782635e-01 -1.596629e-01  6.073003e-01
   outer loop
     vertex  1.940286e+01 -2.978116e+01  1.510358e+02
     vertex  1.949674e+01 -2.892970e+01  1.511394e+02
     vertex  1.932671e+01 -2.975847e+01  1.511394e+02
   endloop
 endfacet
 facet normal  9.055343e-01 -1.857728e-01  3.814394e-01
   outer loop
     vertex  1.945073e+01 -2.979543e+01  1.509152e+02
     vertex  1.962529e+01 -2.894456e+01  1.509152e+02
     vertex  1.957567e+01 -2.893883e+01  1.510358e+02
   endloop
 endfacet
 facet normal  9.712802e-01 -1.992608e-01  1.300379e-01
   outer loop
     vertex  1.945073e+01 -2.979543e+01  1.509152e+02
     vertex  1.946706e+01 -2.980029e+01  1.507858e+02
     vertex  1.962529e+01 -2.894456e+01  1.509152e+02
   endloop
 endfacet
 facet normal  9.055343e-01 -1.857728e-01  3.814394e-01
   outer loop
     vertex  1.945073e+01 -2.979543e+01  1.509152e+02
     vertex  1.957567e+01 -2.893883e+01  1.510358e+02
     vertex  1.940286e+01 -2.978116e+01  1.510358e+02
   endloop
 endfacet
 facet normal  1.218213e-01 -4.821652e-02  9.913802e-01
   outer loop
     vertex  1.881493e+01 -3.044479e+01  1.512688e+02
     vertex  1.911190e+01 -2.969446e+01  1.512688e+02
     vertex  1.898788e+01 -2.965750e+01  1.512858e+02
   endloop
 endfacet
 facet normal  1.218213e-01 -4.821652e-02  9.913802e-01
   outer loop
     vertex  1.881493e+01 -3.044479e+01  1.512688e+02
     vertex  1.898788e+01 -2.965750e+01  1.512858e+02
     vertex  1.869921e+01 -3.038686e+01  1.512858e+02
   endloop
 endfacet
 facet normal  3.569852e-01 -1.412937e-01  9.233622e-01
   outer loop
     vertex  1.892276e+01 -3.049877e+01  1.512188e+02
     vertex  1.922747e+01 -2.972890e+01  1.512188e+02
     vertex  1.911190e+01 -2.969446e+01  1.512688e+02
   endloop
 endfacet
 facet normal  3.569852e-01 -1.412937e-01  9.233622e-01
   outer loop
     vertex  1.892276e+01 -3.049877e+01  1.512188e+02
     vertex  1.911190e+01 -2.969446e+01  1.512688e+02
     vertex  1.881493e+01 -3.044479e+01  1.512688e+02
   endloop
 endfacet
 facet normal  5.673954e-01 -2.245735e-01  7.922305e-01
   outer loop
     vertex  1.901536e+01 -3.054513e+01  1.511394e+02
     vertex  1.932671e+01 -2.975847e+01  1.511394e+02
     vertex  1.922747e+01 -2.972890e+01  1.512188e+02
   endloop
 endfacet
 facet normal  5.673954e-01 -2.245735e-01  7.922305e-01
   outer loop
     vertex  1.901536e+01 -3.054513e+01  1.511394e+02
     vertex  1.922747e+01 -2.972890e+01  1.512188e+02
     vertex  1.892276e+01 -3.049877e+01  1.512188e+02
   endloop
 endfacet
 facet normal  7.387148e-01 -2.923813e-01  6.073003e-01
   outer loop
     vertex  1.908641e+01 -3.058070e+01  1.510358e+02
     vertex  1.940286e+01 -2.978116e+01  1.510358e+02
     vertex  1.932671e+01 -2.975847e+01  1.511394e+02
   endloop
 endfacet
 facet normal  7.387148e-01 -2.923813e-01  6.073003e-01
   outer loop
     vertex  1.908641e+01 -3.058070e+01  1.510358e+02
     vertex  1.932671e+01 -2.975847e+01  1.511394e+02
     vertex  1.901536e+01 -3.054513e+01  1.511394e+02
   endloop
 endfacet
 facet normal  9.219230e-01 -3.648946e-01  1.300379e-01
   outer loop
     vertex  1.913108e+01 -3.060306e+01  1.509152e+02
     vertex  1.914631e+01 -3.061068e+01  1.507858e+02
     vertex  1.946706e+01 -2.980029e+01  1.507858e+02
   endloop
 endfacet
 facet normal  9.219230e-01 -3.648946e-01  1.300379e-01
   outer loop
     vertex  1.913108e+01 -3.060306e+01  1.509152e+02
     vertex  1.946706e+01 -2.980029e+01  1.507858e+02
     vertex  1.945073e+01 -2.979543e+01  1.509152e+02
   endloop
 endfacet
 facet normal  8.595181e-01 -3.401949e-01  3.814394e-01
   outer loop
     vertex  1.913108e+01 -3.060306e+01  1.509152e+02
     vertex  1.945073e+01 -2.979543e+01  1.509152e+02
     vertex  1.940286e+01 -2.978116e+01  1.510358e+02
   endloop
 endfacet
 facet normal  8.595181e-01 -3.401949e-01  3.814394e-01
   outer loop
     vertex  1.913108e+01 -3.060306e+01  1.509152e+02
     vertex  1.940286e+01 -2.978116e+01  1.510358e+02
     vertex  1.908641e+01 -3.058070e+01  1.510358e+02
   endloop
 endfacet
 facet normal  1.115978e-01 -6.863805e-02  9.913802e-01
   outer loop
     vertex  1.839217e+01 -3.113214e+01  1.512688e+02
     vertex  1.869921e+01 -3.038686e+01  1.512858e+02
     vertex  1.828827e+01 -3.105500e+01  1.512858e+02
   endloop
 endfacet
 facet normal  1.115978e-01 -6.863805e-02  9.913802e-01
   outer loop
     vertex  1.839217e+01 -3.113214e+01  1.512688e+02
     vertex  1.881493e+01 -3.044479e+01  1.512688e+02
     vertex  1.869921e+01 -3.038686e+01  1.512858e+02
   endloop
 endfacet
 facet normal  3.270263e-01 -2.011370e-01  9.233622e-01
   outer loop
     vertex  1.848899e+01 -3.120403e+01  1.512188e+02
     vertex  1.892276e+01 -3.049877e+01  1.512188e+02
     vertex  1.881493e+01 -3.044479e+01  1.512688e+02
   endloop
 endfacet
 facet normal  5.197786e-01 -3.196889e-01  7.922305e-01
   outer loop
     vertex  1.848899e+01 -3.120403e+01  1.512188e+02
     vertex  1.901536e+01 -3.054513e+01  1.511394e+02
     vertex  1.892276e+01 -3.049877e+01  1.512188e+02
   endloop
 endfacet
 facet normal  3.270263e-01 -2.011370e-01  9.233622e-01
   outer loop
     vertex  1.848899e+01 -3.120403e+01  1.512188e+02
     vertex  1.881493e+01 -3.044479e+01  1.512688e+02
     vertex  1.839217e+01 -3.113214e+01  1.512688e+02
   endloop
 endfacet
 facet normal  5.197786e-01 -3.196889e-01  7.922305e-01
   outer loop
     vertex  1.857213e+01 -3.126576e+01  1.511394e+02
     vertex  1.901536e+01 -3.054513e+01  1.511394e+02
     vertex  1.848899e+01 -3.120403e+01  1.512188e+02
   endloop
 endfacet
 facet normal  6.767206e-01 -4.162158e-01  6.073003e-01
   outer loop
     vertex  1.863593e+01 -3.131313e+01  1.510358e+02
     vertex  1.908641e+01 -3.058070e+01  1.510358e+02
     vertex  1.901536e+01 -3.054513e+01  1.511394e+02
   endloop
 endfacet
 facet normal  6.767206e-01 -4.162158e-01  6.073003e-01
   outer loop
     vertex  1.863593e+01 -3.131313e+01  1.510358e+02
     vertex  1.901536e+01 -3.054513e+01  1.511394e+02
     vertex  1.857213e+01 -3.126576e+01  1.511394e+02
   endloop
 endfacet
 facet normal  8.445537e-01 -5.194413e-01  1.300379e-01
   outer loop
     vertex  1.867603e+01 -3.134291e+01  1.509152e+02
     vertex  1.868971e+01 -3.135307e+01  1.507858e+02
     vertex  1.914631e+01 -3.061068e+01  1.507858e+02
   endloop
 endfacet
 facet normal  8.445537e-01 -5.194413e-01  1.300379e-01
   outer loop
     vertex  1.867603e+01 -3.134291e+01  1.509152e+02
     vertex  1.914631e+01 -3.061068e+01  1.507858e+02
     vertex  1.913108e+01 -3.060306e+01  1.509152e+02
   endloop
 endfacet
 facet normal  7.873859e-01 -4.842803e-01  3.814394e-01
   outer loop
     vertex  1.867603e+01 -3.134291e+01  1.509152e+02
     vertex  1.913108e+01 -3.060306e+01  1.509152e+02
     vertex  1.908641e+01 -3.058070e+01  1.510358e+02
   endloop
 endfacet
 facet normal  7.873859e-01 -4.842803e-01  3.814394e-01
   outer loop
     vertex  1.867603e+01 -3.134291e+01  1.509152e+02
     vertex  1.908641e+01 -3.058070e+01  1.510358e+02
     vertex  1.863593e+01 -3.131313e+01  1.510358e+02
   endloop
 endfacet
 facet normal  9.798352e-02 -8.697404e-02  9.913802e-01
   outer loop
     vertex  1.785648e+01 -3.173565e+01  1.512688e+02
     vertex  1.839217e+01 -3.113214e+01  1.512688e+02
     vertex  1.828827e+01 -3.105500e+01  1.512858e+02
   endloop
 endfacet
 facet normal  9.798352e-02 -8.697404e-02  9.913802e-01
   outer loop
     vertex  1.785648e+01 -3.173565e+01  1.512688e+02
     vertex  1.828827e+01 -3.105500e+01  1.512858e+02
     vertex  1.776755e+01 -3.164163e+01  1.512858e+02
   endloop
 endfacet
 facet normal  2.871310e-01 -2.548688e-01  9.233622e-01
   outer loop
     vertex  1.793934e+01 -3.182326e+01  1.512188e+02
     vertex  1.848899e+01 -3.120403e+01  1.512188e+02
     vertex  1.839217e+01 -3.113214e+01  1.512688e+02
   endloop
 endfacet
 facet normal  2.871310e-01 -2.548688e-01  9.233622e-01
   outer loop
     vertex  1.793934e+01 -3.182326e+01  1.512188e+02
     vertex  1.839217e+01 -3.113214e+01  1.512688e+02
     vertex  1.785648e+01 -3.173565e+01  1.512688e+02
   endloop
 endfacet
 facet normal  4.563686e-01 -4.050908e-01  7.922305e-01
   outer loop
     vertex  1.801050e+01 -3.189849e+01  1.511394e+02
     vertex  1.857213e+01 -3.126576e+01  1.511394e+02
     vertex  1.848899e+01 -3.120403e+01  1.512188e+02
   endloop
 endfacet
 facet normal  4.563686e-01 -4.050908e-01  7.922305e-01
   outer loop
     vertex  1.801050e+01 -3.189849e+01  1.511394e+02
     vertex  1.848899e+01 -3.120403e+01  1.512188e+02
     vertex  1.793934e+01 -3.182326e+01  1.512188e+02
   endloop
 endfacet
 facet normal  5.941645e-01 -5.274039e-01  6.073003e-01
   outer loop
     vertex  1.806510e+01 -3.195621e+01  1.510358e+02
     vertex  1.863593e+01 -3.131313e+01  1.510358e+02
     vertex  1.857213e+01 -3.126576e+01  1.511394e+02
   endloop
 endfacet
 facet normal  5.941645e-01 -5.274039e-01  6.073003e-01
   outer loop
     vertex  1.806510e+01 -3.195621e+01  1.510358e+02
     vertex  1.857213e+01 -3.126576e+01  1.511394e+02
     vertex  1.801050e+01 -3.189849e+01  1.511394e+02
   endloop
 endfacet
 facet normal  7.415230e-01 -6.582050e-01  1.300379e-01
   outer loop
     vertex  1.809943e+01 -3.199250e+01  1.509152e+02
     vertex  1.811114e+01 -3.200488e+01  1.507858e+02
     vertex  1.868971e+01 -3.135307e+01  1.507858e+02
   endloop
 endfacet
 facet normal  7.415230e-01 -6.582050e-01  1.300379e-01
   outer loop
     vertex  1.809943e+01 -3.199250e+01  1.509152e+02
     vertex  1.868971e+01 -3.135307e+01  1.507858e+02
     vertex  1.867603e+01 -3.134291e+01  1.509152e+02
   endloop
 endfacet
 facet normal  6.913293e-01 -6.136512e-01  3.814394e-01
   outer loop
     vertex  1.809943e+01 -3.199250e+01  1.509152e+02
     vertex  1.867603e+01 -3.134291e+01  1.509152e+02
     vertex  1.863593e+01 -3.131313e+01  1.510358e+02
   endloop
 endfacet
 facet normal  6.913293e-01 -6.136512e-01  3.814394e-01
   outer loop
     vertex  1.809943e+01 -3.199250e+01  1.509152e+02
     vertex  1.863593e+01 -3.131313e+01  1.510358e+02
     vertex  1.806510e+01 -3.195621e+01  1.510358e+02
   endloop
 endfacet
 facet normal  8.139205e-02 -1.026674e-01  9.913802e-01
   outer loop
     vertex  1.722412e+01 -3.223696e+01  1.512688e+02
     vertex  1.776755e+01 -3.164163e+01  1.512858e+02
     vertex  1.715288e+01 -3.212893e+01  1.512858e+02
   endloop
 endfacet
 facet normal  8.139205e-02 -1.026674e-01  9.913802e-01
   outer loop
     vertex  1.722412e+01 -3.223696e+01  1.512688e+02
     vertex  1.785648e+01 -3.173565e+01  1.512688e+02
     vertex  1.776755e+01 -3.164163e+01  1.512858e+02
   endloop
 endfacet
 facet normal  2.385113e-01 -3.008565e-01  9.233622e-01
   outer loop
     vertex  1.729052e+01 -3.233763e+01  1.512188e+02
     vertex  1.793934e+01 -3.182326e+01  1.512188e+02
     vertex  1.785648e+01 -3.173565e+01  1.512688e+02
   endloop
 endfacet
 facet normal  2.385113e-01 -3.008565e-01  9.233622e-01
   outer loop
     vertex  1.729052e+01 -3.233763e+01  1.512188e+02
     vertex  1.785648e+01 -3.173565e+01  1.512688e+02
     vertex  1.722412e+01 -3.223696e+01  1.512688e+02
   endloop
 endfacet
 facet normal  3.790921e-01 -4.781841e-01  7.922305e-01
   outer loop
     vertex  1.734753e+01 -3.242407e+01  1.511394e+02
     vertex  1.801050e+01 -3.189849e+01  1.511394e+02
     vertex  1.793934e+01 -3.182326e+01  1.512188e+02
   endloop
 endfacet
 facet normal  3.790921e-01 -4.781841e-01  7.922305e-01
   outer loop
     vertex  1.734753e+01 -3.242407e+01  1.511394e+02
     vertex  1.793934e+01 -3.182326e+01  1.512188e+02
     vertex  1.729052e+01 -3.233763e+01  1.512188e+02
   endloop
 endfacet
 facet normal  4.935551e-01 -6.225670e-01  6.073003e-01
   outer loop
     vertex  1.739128e+01 -3.249040e+01  1.510358e+02
     vertex  1.806510e+01 -3.195621e+01  1.510358e+02
     vertex  1.801050e+01 -3.189849e+01  1.511394e+02
   endloop
 endfacet
 facet normal  4.935551e-01 -6.225670e-01  6.073003e-01
   outer loop
     vertex  1.739128e+01 -3.249040e+01  1.510358e+02
     vertex  1.801050e+01 -3.189849e+01  1.511394e+02
     vertex  1.734753e+01 -3.242407e+01  1.511394e+02
   endloop
 endfacet
 facet normal  6.159615e-01 -7.769695e-01  1.300379e-01
   outer loop
     vertex  1.741878e+01 -3.253210e+01  1.509152e+02
     vertex  1.742816e+01 -3.254632e+01  1.507858e+02
     vertex  1.811114e+01 -3.200488e+01  1.507858e+02
   endloop
 endfacet
 facet normal  6.159615e-01 -7.769695e-01  1.300379e-01
   outer loop
     vertex  1.741878e+01 -3.253210e+01  1.509152e+02
     vertex  1.811114e+01 -3.200488e+01  1.507858e+02
     vertex  1.809943e+01 -3.199250e+01  1.509152e+02
   endloop
 endfacet
 facet normal  5.742671e-01 -7.243765e-01  3.814394e-01
   outer loop
     vertex  1.741878e+01 -3.253210e+01  1.509152e+02
     vertex  1.809943e+01 -3.199250e+01  1.509152e+02
     vertex  1.806510e+01 -3.195621e+01  1.510358e+02
   endloop
 endfacet
 facet normal  5.742671e-01 -7.243765e-01  3.814394e-01
   outer loop
     vertex  1.741878e+01 -3.253210e+01  1.509152e+02
     vertex  1.806510e+01 -3.195621e+01  1.510358e+02
     vertex  1.739128e+01 -3.249040e+01  1.510358e+02
   endloop
 endfacet
 facet normal  6.232752e-02 -1.152412e-01  9.913802e-01
   outer loop
     vertex  1.651433e+01 -3.262085e+01  1.512688e+02
     vertex  1.722412e+01 -3.223696e+01  1.512688e+02
     vertex  1.715288e+01 -3.212893e+01  1.512858e+02
   endloop
 endfacet
 facet normal  6.232752e-02 -1.152412e-01  9.913802e-01
   outer loop
     vertex  1.651433e+01 -3.262085e+01  1.512688e+02
     vertex  1.715288e+01 -3.212893e+01  1.512858e+02
     vertex  1.646292e+01 -3.250209e+01  1.512858e+02
   endloop
 endfacet
 facet normal  1.826446e-01 -3.377029e-01  9.233622e-01
   outer loop
     vertex  1.656223e+01 -3.273152e+01  1.512188e+02
     vertex  1.729052e+01 -3.233763e+01  1.512188e+02
     vertex  1.722412e+01 -3.223696e+01  1.512688e+02
   endloop
 endfacet
 facet normal  1.826446e-01 -3.377029e-01  9.233622e-01
   outer loop
     vertex  1.656223e+01 -3.273152e+01  1.512188e+02
     vertex  1.722412e+01 -3.223696e+01  1.512688e+02
     vertex  1.651433e+01 -3.262085e+01  1.512688e+02
   endloop
 endfacet
 facet normal  2.902970e-01 -5.367480e-01  7.922305e-01
   outer loop
     vertex  1.660337e+01 -3.282655e+01  1.511394e+02
     vertex  1.729052e+01 -3.233763e+01  1.512188e+02
     vertex  1.656223e+01 -3.273152e+01  1.512188e+02
   endloop
 endfacet
 facet normal  2.902970e-01 -5.367480e-01  7.922305e-01
   outer loop
     vertex  1.660337e+01 -3.282655e+01  1.511394e+02
     vertex  1.734753e+01 -3.242407e+01  1.511394e+02
     vertex  1.729052e+01 -3.233763e+01  1.512188e+02
   endloop
 endfacet
 facet normal  3.779493e-01 -6.988138e-01  6.073003e-01
   outer loop
     vertex  1.660337e+01 -3.282655e+01  1.511394e+02
     vertex  1.739128e+01 -3.249040e+01  1.510358e+02
     vertex  1.734753e+01 -3.242407e+01  1.511394e+02
   endloop
 endfacet
 facet normal  3.779493e-01 -6.988138e-01  6.073003e-01
   outer loop
     vertex  1.663493e+01 -3.289947e+01  1.510358e+02
     vertex  1.739128e+01 -3.249040e+01  1.510358e+02
     vertex  1.660337e+01 -3.282655e+01  1.511394e+02
   endloop
 endfacet
 facet normal  4.397560e-01 -8.130920e-01  3.814394e-01
   outer loop
     vertex  1.665478e+01 -3.294531e+01  1.509152e+02
     vertex  1.739128e+01 -3.249040e+01  1.510358e+02
     vertex  1.663493e+01 -3.289947e+01  1.510358e+02
   endloop
 endfacet
 facet normal  4.716843e-01 -8.721262e-01  1.300379e-01
   outer loop
     vertex  1.665478e+01 -3.294531e+01  1.509152e+02
     vertex  1.666155e+01 -3.296094e+01  1.507858e+02
     vertex  1.742816e+01 -3.254632e+01  1.507858e+02
   endloop
 endfacet
 facet normal  3.130752e-01 -9.407837e-01  1.300379e-01
   outer loop
     vertex  1.665478e+01 -3.294531e+01  1.509152e+02
     vertex  1.583458e+01 -3.323614e+01  1.507858e+02
     vertex  1.666155e+01 -3.296094e+01  1.507858e+02
   endloop
 endfacet
 facet normal  4.716843e-01 -8.721262e-01  1.300379e-01
   outer loop
     vertex  1.665478e+01 -3.294531e+01  1.509152e+02
     vertex  1.742816e+01 -3.254632e+01  1.507858e+02
     vertex  1.741878e+01 -3.253210e+01  1.509152e+02
   endloop
 endfacet
 facet normal  4.397560e-01 -8.130920e-01  3.814394e-01
   outer loop
     vertex  1.665478e+01 -3.294531e+01  1.509152e+02
     vertex  1.741878e+01 -3.253210e+01  1.509152e+02
     vertex  1.739128e+01 -3.249040e+01  1.510358e+02
   endloop
 endfacet
 facet normal  4.136920e-02 -1.243135e-01  9.913802e-01
   outer loop
     vertex  1.574865e+01 -3.287565e+01  1.512688e+02
     vertex  1.651433e+01 -3.262085e+01  1.512688e+02
     vertex  1.646292e+01 -3.250209e+01  1.512858e+02
   endloop
 endfacet
 facet normal  4.136920e-02 -1.243135e-01  9.913802e-01
   outer loop
     vertex  1.574865e+01 -3.287565e+01  1.512688e+02
     vertex  1.646292e+01 -3.250209e+01  1.512858e+02
     vertex  1.571865e+01 -3.274977e+01  1.512858e+02
   endloop
 endfacet
 facet normal  1.212283e-01 -3.642884e-01  9.233622e-01
   outer loop
     vertex  1.577661e+01 -3.299296e+01  1.512188e+02
     vertex  1.656223e+01 -3.273152e+01  1.512188e+02
     vertex  1.651433e+01 -3.262085e+01  1.512688e+02
   endloop
 endfacet
 facet normal  1.212283e-01 -3.642884e-01  9.233622e-01
   outer loop
     vertex  1.577661e+01 -3.299296e+01  1.512188e+02
     vertex  1.651433e+01 -3.262085e+01  1.512688e+02
     vertex  1.574865e+01 -3.287565e+01  1.512688e+02
   endloop
 endfacet
 facet normal  1.926814e-01 -5.790032e-01  7.922305e-01
   outer loop
     vertex  1.580062e+01 -3.309369e+01  1.511394e+02
     vertex  1.660337e+01 -3.282655e+01  1.511394e+02
     vertex  1.656223e+01 -3.273152e+01  1.512188e+02
   endloop
 endfacet
 facet normal  1.926814e-01 -5.790032e-01  7.922305e-01
   outer loop
     vertex  1.580062e+01 -3.309369e+01  1.511394e+02
     vertex  1.656223e+01 -3.273152e+01  1.512188e+02
     vertex  1.577661e+01 -3.299296e+01  1.512188e+02
   endloop
 endfacet
 facet normal  2.508596e-01 -7.538274e-01  6.073003e-01
   outer loop
     vertex  1.581905e+01 -3.317098e+01  1.510358e+02
     vertex  1.660337e+01 -3.282655e+01  1.511394e+02
     vertex  1.580062e+01 -3.309369e+01  1.511394e+02
   endloop
 endfacet
 facet normal  2.508596e-01 -7.538274e-01  6.073003e-01
   outer loop
     vertex  1.581905e+01 -3.317098e+01  1.510358e+02
     vertex  1.663493e+01 -3.289947e+01  1.510358e+02
     vertex  1.660337e+01 -3.282655e+01  1.511394e+02
   endloop
 endfacet
 facet normal  2.918832e-01 -8.771021e-01  3.814394e-01
   outer loop
     vertex  1.583063e+01 -3.321957e+01  1.509152e+02
     vertex  1.665478e+01 -3.294531e+01  1.509152e+02
     vertex  1.663493e+01 -3.289947e+01  1.510358e+02
   endloop
 endfacet
 facet normal  2.918832e-01 -8.771021e-01  3.814394e-01
   outer loop
     vertex  1.583063e+01 -3.321957e+01  1.509152e+02
     vertex  1.663493e+01 -3.289947e+01  1.510358e+02
     vertex  1.581905e+01 -3.317098e+01  1.510358e+02
   endloop
 endfacet
 facet normal  3.130752e-01 -9.407837e-01  1.300379e-01
   outer loop
     vertex  1.583063e+01 -3.321957e+01  1.509152e+02
     vertex  1.583458e+01 -3.323614e+01  1.507858e+02
     vertex  1.665478e+01 -3.294531e+01  1.509152e+02
   endloop
 endfacet
 facet normal -3.643384e-03 -1.309656e-01  9.913802e-01
   outer loop
     vertex  1.495036e+01 -3.299362e+01  1.512688e+02
     vertex  1.415858e+01 -3.284263e+01  1.512858e+02
     vertex  1.414372e+01 -3.297118e+01  1.512688e+02
   endloop
 endfacet
 facet normal  1.915390e-02 -1.296086e-01  9.913802e-01
   outer loop
     vertex  1.495036e+01 -3.299362e+01  1.512688e+02
     vertex  1.574865e+01 -3.287565e+01  1.512688e+02
     vertex  1.571865e+01 -3.274977e+01  1.512858e+02
   endloop
 endfacet
 facet normal -3.643384e-03 -1.309656e-01  9.913802e-01
   outer loop
     vertex  1.495036e+01 -3.299362e+01  1.512688e+02
     vertex  1.494267e+01 -3.286444e+01  1.512858e+02
     vertex  1.415858e+01 -3.284263e+01  1.512858e+02
   endloop
 endfacet
 facet normal  1.915390e-02 -1.296086e-01  9.913802e-01
   outer loop
     vertex  1.495036e+01 -3.299362e+01  1.512688e+02
     vertex  1.571865e+01 -3.274977e+01  1.512858e+02
     vertex  1.494267e+01 -3.286444e+01  1.512858e+02
   endloop
 endfacet
 facet normal -1.067658e-02 -3.837816e-01  9.233622e-01
   outer loop
     vertex  1.495753e+01 -3.311400e+01  1.512188e+02
     vertex  1.414372e+01 -3.297118e+01  1.512688e+02
     vertex  1.412987e+01 -3.309098e+01  1.512188e+02
   endloop
 endfacet
 facet normal  5.612860e-02 -3.798051e-01  9.233622e-01
   outer loop
     vertex  1.495753e+01 -3.311400e+01  1.512188e+02
     vertex  1.577661e+01 -3.299296e+01  1.512188e+02
     vertex  1.574865e+01 -3.287565e+01  1.512688e+02
   endloop
 endfacet
 facet normal  8.921131e-02 -6.036656e-01  7.922305e-01
   outer loop
     vertex  1.495753e+01 -3.311400e+01  1.512188e+02
     vertex  1.580062e+01 -3.309369e+01  1.511394e+02
     vertex  1.577661e+01 -3.299296e+01  1.512188e+02
   endloop
 endfacet
 facet normal -1.067658e-02 -3.837816e-01  9.233622e-01
   outer loop
     vertex  1.495753e+01 -3.311400e+01  1.512188e+02
     vertex  1.495036e+01 -3.299362e+01  1.512688e+02
     vertex  1.414372e+01 -3.297118e+01  1.512688e+02
   endloop
 endfacet
 facet normal  5.612860e-02 -3.798051e-01  9.233622e-01
   outer loop
     vertex  1.495753e+01 -3.311400e+01  1.512188e+02
     vertex  1.574865e+01 -3.287565e+01  1.512688e+02
     vertex  1.495036e+01 -3.299362e+01  1.512688e+02
   endloop
 endfacet
 facet normal -1.696945e-02 -6.099859e-01  7.922305e-01
   outer loop
     vertex  1.496368e+01 -3.321737e+01  1.511394e+02
     vertex  1.412987e+01 -3.309098e+01  1.512188e+02
     vertex  1.411798e+01 -3.319385e+01  1.511394e+02
   endloop
 endfacet
 facet normal -2.209320e-02 -7.941651e-01  6.073003e-01
   outer loop
     vertex  1.496368e+01 -3.321737e+01  1.511394e+02
     vertex  1.411798e+01 -3.319385e+01  1.511394e+02
     vertex  1.410885e+01 -3.327278e+01  1.510358e+02
   endloop
 endfacet
 facet normal  8.921131e-02 -6.036656e-01  7.922305e-01
   outer loop
     vertex  1.496368e+01 -3.321737e+01  1.511394e+02
     vertex  1.580062e+01 -3.309369e+01  1.511394e+02
     vertex  1.495753e+01 -3.311400e+01  1.512188e+02
   endloop
 endfacet
 facet normal -1.696945e-02 -6.099859e-01  7.922305e-01
   outer loop
     vertex  1.496368e+01 -3.321737e+01  1.511394e+02
     vertex  1.495753e+01 -3.311400e+01  1.512188e+02
     vertex  1.412987e+01 -3.309098e+01  1.512188e+02
   endloop
 endfacet
 facet normal  1.161478e-01 -7.859364e-01  6.073003e-01
   outer loop
     vertex  1.496840e+01 -3.329669e+01  1.510358e+02
     vertex  1.581905e+01 -3.317098e+01  1.510358e+02
     vertex  1.580062e+01 -3.309369e+01  1.511394e+02
   endloop
 endfacet
 facet normal  1.161478e-01 -7.859364e-01  6.073003e-01
   outer loop
     vertex  1.496840e+01 -3.329669e+01  1.510358e+02
     vertex  1.580062e+01 -3.309369e+01  1.511394e+02
     vertex  1.496368e+01 -3.321737e+01  1.511394e+02
   endloop
 endfacet
 facet normal  1.351416e-01 -9.144620e-01  3.814394e-01
   outer loop
     vertex  1.496840e+01 -3.329669e+01  1.510358e+02
     vertex  1.583063e+01 -3.321957e+01  1.509152e+02
     vertex  1.581905e+01 -3.317098e+01  1.510358e+02
   endloop
 endfacet
 facet normal -2.209320e-02 -7.941651e-01  6.073003e-01
   outer loop
     vertex  1.496840e+01 -3.329669e+01  1.510358e+02
     vertex  1.496368e+01 -3.321737e+01  1.511394e+02
     vertex  1.410885e+01 -3.327278e+01  1.510358e+02
   endloop
 endfacet
 facet normal -2.570614e-02 -9.240363e-01  3.814394e-01
   outer loop
     vertex  1.497137e+01 -3.334655e+01  1.509152e+02
     vertex  1.410885e+01 -3.327278e+01  1.510358e+02
     vertex  1.410312e+01 -3.332240e+01  1.509152e+02
   endloop
 endfacet
 facet normal -2.757252e-02 -9.911256e-01  1.300379e-01
   outer loop
     vertex  1.497137e+01 -3.334655e+01  1.509152e+02
     vertex  1.410312e+01 -3.332240e+01  1.509152e+02
     vertex  1.410116e+01 -3.333932e+01  1.507858e+02
   endloop
 endfacet
 facet normal  1.449535e-01 -9.808561e-01  1.300379e-01
   outer loop
     vertex  1.497137e+01 -3.334655e+01  1.509152e+02
     vertex  1.497238e+01 -3.336356e+01  1.507858e+02
     vertex  1.583458e+01 -3.323614e+01  1.507858e+02
   endloop
 endfacet
 facet normal -2.757252e-02 -9.911256e-01  1.300379e-01
   outer loop
     vertex  1.497137e+01 -3.334655e+01  1.509152e+02
     vertex  1.410116e+01 -3.333932e+01  1.507858e+02
     vertex  1.497238e+01 -3.336356e+01  1.507858e+02
   endloop
 endfacet
 facet normal  1.449535e-01 -9.808561e-01  1.300379e-01
   outer loop
     vertex  1.497137e+01 -3.334655e+01  1.509152e+02
     vertex  1.583458e+01 -3.323614e+01  1.507858e+02
     vertex  1.583063e+01 -3.321957e+01  1.509152e+02
   endloop
 endfacet
 facet normal -2.570614e-02 -9.240363e-01  3.814394e-01
   outer loop
     vertex  1.497137e+01 -3.334655e+01  1.509152e+02
     vertex  1.496840e+01 -3.329669e+01  1.510358e+02
     vertex  1.410885e+01 -3.327278e+01  1.510358e+02
   endloop
 endfacet
 facet normal  1.351416e-01 -9.144620e-01  3.814394e-01
   outer loop
     vertex  1.497137e+01 -3.334655e+01  1.509152e+02
     vertex  1.583063e+01 -3.321957e+01  1.509152e+02
     vertex  1.496840e+01 -3.329669e+01  1.510358e+02
   endloop
 endfacet
 facet normal  1.498765e-02  1.296629e-01  9.914449e-01
   outer loop
     vertex -3.191712e+01 -1.832657e+01  1.512688e+02
     vertex  1.519200e+01 -2.390216e+01  1.512858e+02
     vertex  1.520686e+01 -2.377361e+01  1.512688e+02
   endloop
 endfacet
 facet normal  1.498765e-02  1.296629e-01  9.914449e-01
   outer loop
     vertex -3.191712e+01 -1.832657e+01  1.512688e+02
     vertex -3.193198e+01 -1.845513e+01  1.512858e+02
     vertex  1.519200e+01 -2.390216e+01  1.512858e+02
   endloop
 endfacet
 facet normal  4.394157e-02  3.801523e-01  9.238795e-01
   outer loop
     vertex -3.190327e+01 -1.820678e+01  1.512188e+02
     vertex  1.520686e+01 -2.377361e+01  1.512688e+02
     vertex  1.522071e+01 -2.365381e+01  1.512188e+02
   endloop
 endfacet
 facet normal  6.990095e-02  6.047349e-01  7.933533e-01
   outer loop
     vertex -3.190327e+01 -1.820678e+01  1.512188e+02
     vertex  1.522071e+01 -2.365381e+01  1.512188e+02
     vertex  1.523260e+01 -2.355094e+01  1.511394e+02
   endloop
 endfacet
 facet normal  4.394157e-02  3.801523e-01  9.238795e-01
   outer loop
     vertex -3.190327e+01 -1.820678e+01  1.512188e+02
     vertex -3.191712e+01 -1.832657e+01  1.512688e+02
     vertex  1.520686e+01 -2.377361e+01  1.512688e+02
   endloop
 endfacet
 facet normal  6.990095e-02  6.047349e-01  7.933533e-01
   outer loop
     vertex -3.189138e+01 -1.810391e+01  1.511394e+02
     vertex -3.190327e+01 -1.820678e+01  1.512188e+02
     vertex  1.523260e+01 -2.355094e+01  1.511394e+02
   endloop
 endfacet
 facet normal  9.109669e-02  7.881059e-01  6.087614e-01
   outer loop
     vertex -3.188226e+01 -1.802498e+01  1.510358e+02
     vertex  1.523260e+01 -2.355094e+01  1.511394e+02
     vertex  1.524172e+01 -2.347201e+01  1.510358e+02
   endloop
 endfacet
 facet normal  9.109669e-02  7.881059e-01  6.087614e-01
   outer loop
     vertex -3.188226e+01 -1.802498e+01  1.510358e+02
     vertex -3.189138e+01 -1.810391e+01  1.511394e+02
     vertex  1.523260e+01 -2.355094e+01  1.511394e+02
   endloop
 endfacet
 facet normal  1.060843e-01  9.177688e-01  3.826834e-01
   outer loop
     vertex -3.187652e+01 -1.797536e+01  1.509152e+02
     vertex  1.524172e+01 -2.347201e+01  1.510358e+02
     vertex  1.524746e+01 -2.342239e+01  1.509152e+02
   endloop
 endfacet
 facet normal  1.138425e-01  9.848872e-01  1.305262e-01
   outer loop
     vertex -3.187652e+01 -1.797536e+01  1.509152e+02
     vertex  1.524746e+01 -2.342239e+01  1.509152e+02
     vertex  1.524941e+01 -2.340547e+01  1.507858e+02
   endloop
 endfacet
 facet normal  1.060843e-01  9.177688e-01  3.826834e-01
   outer loop
     vertex -3.187652e+01 -1.797536e+01  1.509152e+02
     vertex -3.188226e+01 -1.802498e+01  1.510358e+02
     vertex  1.524172e+01 -2.347201e+01  1.510358e+02
   endloop
 endfacet
 facet normal  1.138425e-01  9.848872e-01  1.305262e-01
   outer loop
     vertex -3.187457e+01 -1.795843e+01  1.507858e+02
     vertex -3.187652e+01 -1.797536e+01  1.509152e+02
     vertex  1.524941e+01 -2.340547e+01  1.507858e+02
   endloop
 endfacet
 facet normal  3.512776e-01  9.065661e-01  2.339700e-01
   outer loop
     vertex -3.988350e+01 -1.703269e+01  1.557858e+02
     vertex -3.750073e+01 -1.742005e+01  1.537093e+02
     vertex -3.764526e+01 -1.729140e+01  1.534278e+02
   endloop
 endfacet
 facet normal  0.000000e+00  0.000000e+00  0.000000e+00
   outer loop
     vertex -3.988350e+01 -1.703269e+01  1.557858e+02
     vertex -3.750073e+01 -1.742005e+01  1.537093e+02
     vertex -3.988350e+01 -1.703269e+01  1.557858e+02
   endloop
 endfacet
 facet normal  1.213637e-01  9.740042e-01  1.912763e-01
   outer loop
     vertex -3.215777e+01 -1.796008e+01  1.509739e+02
     vertex -3.187457e+01 -1.795843e+01  1.507858e+02
     vertex -3.244747e+01 -1.789221e+01  1.508121e+02
   endloop
 endfacet
 facet normal  1.295016e-01  9.148029e-01  3.825768e-01
   outer loop
     vertex -3.215777e+01 -1.796008e+01  1.509739e+02
     vertex -3.188226e+01 -1.802498e+01  1.510358e+02
     vertex -3.187652e+01 -1.797536e+01  1.509152e+02
   endloop
 endfacet
 facet normal  8.088836e-02  9.881491e-01  1.304546e-01
   outer loop
     vertex -3.215777e+01 -1.796008e+01  1.509739e+02
     vertex -3.187652e+01 -1.797536e+01  1.509152e+02
     vertex -3.187457e+01 -1.795843e+01  1.507858e+02
   endloop
 endfacet
 facet normal  1.172826e-01  8.994926e-01  4.209011e-01
   outer loop
     vertex -3.215821e+01 -1.798666e+01  1.510308e+02
     vertex -3.188226e+01 -1.802498e+01  1.510358e+02
     vertex -3.215777e+01 -1.796008e+01  1.509739e+02
   endloop
 endfacet
 facet normal  1.067528e-01  8.384568e-01  5.344100e-01
   outer loop
     vertex -3.215971e+01 -1.802210e+01  1.510867e+02
     vertex -3.188226e+01 -1.802498e+01  1.510358e+02
     vertex -3.215821e+01 -1.798666e+01  1.510308e+02
   endloop
 endfacet
 facet normal  2.467712e-01  9.177736e-01  3.111199e-01
   outer loop
     vertex -3.450362e+01 -1.775472e+01  1.516490e+02
     vertex -3.415069e+01 -1.769534e+01  1.511938e+02
     vertex -3.536226e+01 -1.755529e+01  1.517417e+02
   endloop
 endfacet
 facet normal  2.451516e-01  9.330528e-01  2.632739e-01
   outer loop
     vertex -3.508898e+01 -1.767425e+01  1.519088e+02
     vertex -3.450362e+01 -1.775472e+01  1.516490e+02
     vertex -3.536226e+01 -1.755529e+01  1.517417e+02
   endloop
 endfacet
 facet normal  3.997074e-01  5.573070e-01  7.277657e-01
   outer loop
     vertex -3.508898e+01 -1.767425e+01  1.519088e+02
     vertex -3.488266e+01 -1.794111e+01  1.519999e+02
     vertex -3.450362e+01 -1.775472e+01  1.516490e+02
   endloop
 endfacet
 facet normal  2.620463e-01  9.340282e-01  2.427408e-01
   outer loop
     vertex -3.573898e+01 -1.758412e+01  1.522593e+02
     vertex -3.536226e+01 -1.755529e+01  1.517417e+02
     vertex -3.638775e+01 -1.743676e+01  1.523927e+02
   endloop
 endfacet
 facet normal  4.572169e-01  6.810748e-01  5.719177e-01
   outer loop
     vertex -3.573898e+01 -1.758412e+01  1.522593e+02
     vertex -3.614081e+01 -1.769379e+01  1.527112e+02
     vertex -3.488266e+01 -1.794111e+01  1.519999e+02
   endloop
 endfacet
 facet normal  4.477814e-01  5.787237e-01  6.815942e-01
   outer loop
     vertex -3.573898e+01 -1.758412e+01  1.522593e+02
     vertex -3.488266e+01 -1.794111e+01  1.519999e+02
     vertex -3.508898e+01 -1.767425e+01  1.519088e+02
   endloop
 endfacet
 facet normal  2.596449e-01  9.351348e-01  2.410548e-01
   outer loop
     vertex -3.573898e+01 -1.758412e+01  1.522593e+02
     vertex -3.508898e+01 -1.767425e+01  1.519088e+02
     vertex -3.536226e+01 -1.755529e+01  1.517417e+02
   endloop
 endfacet
 facet normal  2.554903e-01  9.465228e-01  1.970259e-01
   outer loop
     vertex -3.624168e+01 -1.751405e+01  1.525745e+02
     vertex -3.573898e+01 -1.758412e+01  1.522593e+02
     vertex -3.638775e+01 -1.743676e+01  1.523927e+02
   endloop
 endfacet
 facet normal  4.525421e-01  6.865453e-01  5.690881e-01
   outer loop
     vertex -3.624168e+01 -1.751405e+01  1.525745e+02
     vertex -3.614081e+01 -1.769379e+01  1.527112e+02
     vertex -3.573898e+01 -1.758412e+01  1.522593e+02
   endloop
 endfacet
 facet normal  2.614030e-01  9.474301e-01  1.845118e-01
   outer loop
     vertex -3.689304e+01 -1.742313e+01  1.530386e+02
     vertex -3.638775e+01 -1.743676e+01  1.523927e+02
     vertex -3.764526e+01 -1.729140e+01  1.534278e+02
   endloop
 endfacet
 facet normal  4.626269e-01  7.831402e-01  4.155331e-01
   outer loop
     vertex -3.689304e+01 -1.742313e+01  1.530386e+02
     vertex -3.750073e+01 -1.742005e+01  1.537093e+02
     vertex -3.614081e+01 -1.769379e+01  1.527112e+02
   endloop
 endfacet
 facet normal  2.659844e-01  9.454398e-01  1.881378e-01
   outer loop
     vertex -3.689304e+01 -1.742313e+01  1.530386e+02
     vertex -3.624168e+01 -1.751405e+01  1.525745e+02
     vertex -3.638775e+01 -1.743676e+01  1.523927e+02
   endloop
 endfacet
 facet normal  2.981470e-01  9.167362e-01  2.659005e-01
   outer loop
     vertex -3.689304e+01 -1.742313e+01  1.530386e+02
     vertex -3.764526e+01 -1.729140e+01  1.534278e+02
     vertex -3.750073e+01 -1.742005e+01  1.537093e+02
   endloop
 endfacet
 facet normal  4.835697e-01  6.852985e-01  5.445423e-01
   outer loop
     vertex -3.689304e+01 -1.742313e+01  1.530386e+02
     vertex -3.614081e+01 -1.769379e+01  1.527112e+02
     vertex -3.624168e+01 -1.751405e+01  1.525745e+02
   endloop
 endfacet
 facet normal -6.160981e-02  1.381260e-01  9.884966e-01
   outer loop
     vertex -3.204378e+01 -1.825267e+01  1.512506e+02
     vertex -3.193198e+01 -1.845513e+01  1.512858e+02
     vertex -3.191712e+01 -1.832657e+01  1.512688e+02
   endloop
 endfacet
 facet normal  8.599101e-02  3.749459e-01  9.230499e-01
   outer loop
     vertex -3.204378e+01 -1.825267e+01  1.512506e+02
     vertex -3.191712e+01 -1.832657e+01  1.512688e+02
     vertex -3.190327e+01 -1.820678e+01  1.512188e+02
   endloop
 endfacet
 facet normal -2.170579e-02  6.127294e-01  7.899947e-01
   outer loop
     vertex -3.204378e+01 -1.825267e+01  1.512506e+02
     vertex -3.190327e+01 -1.820678e+01  1.512188e+02
     vertex -3.189138e+01 -1.810391e+01  1.511394e+02
   endloop
 endfacet
 facet normal -3.418385e-01  7.616670e-01  5.504632e-01
   outer loop
     vertex -3.204378e+01 -1.825267e+01  1.512506e+02
     vertex -3.189138e+01 -1.810391e+01  1.511394e+02
     vertex -3.188226e+01 -1.802498e+01  1.510358e+02
   endloop
 endfacet
 facet normal  4.846743e-01  6.553504e-01  5.793156e-01
   outer loop
     vertex -3.204378e+01 -1.825267e+01  1.512506e+02
     vertex -3.215971e+01 -1.802210e+01  1.510867e+02
     vertex -3.216253e+01 -1.806839e+01  1.511414e+02
   endloop
 endfacet
 facet normal  1.476582e-01  6.211464e-01  7.696585e-01
   outer loop
     vertex -3.204378e+01 -1.825267e+01  1.512506e+02
     vertex -3.188226e+01 -1.802498e+01  1.510358e+02
     vertex -3.215971e+01 -1.802210e+01  1.510867e+02
   endloop
 endfacet
 facet normal  1.274111e-01  8.983316e-01  4.204364e-01
   outer loop
     vertex -3.229669e+01 -1.794353e+01  1.509806e+02
     vertex -3.215821e+01 -1.798666e+01  1.510308e+02
     vertex -3.215777e+01 -1.796008e+01  1.509739e+02
   endloop
 endfacet
 facet normal -5.989709e-02  7.636220e-01  6.428792e-01
   outer loop
     vertex -3.229669e+01 -1.794353e+01  1.509806e+02
     vertex -3.216253e+01 -1.806839e+01  1.511414e+02
     vertex -3.215971e+01 -1.802210e+01  1.510867e+02
   endloop
 endfacet
 facet normal  1.250875e-01  9.747594e-01  1.849252e-01
   outer loop
     vertex -3.229669e+01 -1.794353e+01  1.509806e+02
     vertex -3.215777e+01 -1.796008e+01  1.509739e+02
     vertex -3.244747e+01 -1.789221e+01  1.508121e+02
   endloop
 endfacet
 facet normal  6.811384e-02  8.417941e-01  5.354841e-01
   outer loop
     vertex -3.229669e+01 -1.794353e+01  1.509806e+02
     vertex -3.215971e+01 -1.802210e+01  1.510867e+02
     vertex -3.215821e+01 -1.798666e+01  1.510308e+02
   endloop
 endfacet
 facet normal  1.345001e-01  3.276874e-01  9.351634e-01
   outer loop
     vertex -3.255781e+01 -1.817594e+01  1.512780e+02
     vertex -3.294815e+01 -1.828833e+01  1.513735e+02
     vertex -3.193198e+01 -1.845513e+01  1.512858e+02
   endloop
 endfacet
 facet normal  8.415329e-02  2.158827e-01  9.727861e-01
   outer loop
     vertex -3.255781e+01 -1.817594e+01  1.512780e+02
     vertex -3.193198e+01 -1.845513e+01  1.512858e+02
     vertex -3.204378e+01 -1.825267e+01  1.512506e+02
   endloop
 endfacet
 facet normal  1.278515e-01  5.650304e-01  8.151041e-01
   outer loop
     vertex -3.255781e+01 -1.817594e+01  1.512780e+02
     vertex -3.204378e+01 -1.825267e+01  1.512506e+02
     vertex -3.216253e+01 -1.806839e+01  1.511414e+02
   endloop
 endfacet
 facet normal  1.374420e-01  9.737537e-01  1.814204e-01
   outer loop
     vertex -3.284936e+01 -1.787760e+01  1.510381e+02
     vertex -3.244747e+01 -1.789221e+01  1.508121e+02
     vertex -3.302957e+01 -1.782493e+01  1.508920e+02
   endloop
 endfacet
 facet normal  1.393257e-01  9.728447e-01  1.848286e-01
   outer loop
     vertex -3.284936e+01 -1.787760e+01  1.510381e+02
     vertex -3.256567e+01 -1.791146e+01  1.510025e+02
     vertex -3.244747e+01 -1.789221e+01  1.508121e+02
   endloop
 endfacet
 facet normal  1.655858e-01  8.341285e-01  5.261284e-01
   outer loop
     vertex -3.284936e+01 -1.787760e+01  1.510381e+02
     vertex -3.268606e+01 -1.799935e+01  1.511798e+02
     vertex -3.256567e+01 -1.791146e+01  1.510025e+02
   endloop
 endfacet
 facet normal  1.439892e-01  9.742463e-01  1.735261e-01
   outer loop
     vertex -3.299057e+01 -1.786072e+01  1.510606e+02
     vertex -3.284936e+01 -1.787760e+01  1.510381e+02
     vertex -3.302957e+01 -1.782493e+01  1.508920e+02
   endloop
 endfacet
 facet normal  1.816498e-01  8.396822e-01  5.117979e-01
   outer loop
     vertex -3.299057e+01 -1.786072e+01  1.510606e+02
     vertex -3.296190e+01 -1.796273e+01  1.512178e+02
     vertex -3.284936e+01 -1.787760e+01  1.510381e+02
   endloop
 endfacet
 facet normal  1.803048e-01  5.749107e-01  7.981026e-01
   outer loop
     vertex -3.281312e+01 -1.813733e+01  1.513079e+02
     vertex -3.255781e+01 -1.817594e+01  1.512780e+02
     vertex -3.268606e+01 -1.799935e+01  1.511798e+02
   endloop
 endfacet
 facet normal  1.527454e-01  2.760253e-01  9.489357e-01
   outer loop
     vertex -3.281312e+01 -1.813733e+01  1.513079e+02
     vertex -3.294815e+01 -1.828833e+01  1.513735e+02
     vertex -3.255781e+01 -1.817594e+01  1.512780e+02
   endloop
 endfacet
 facet normal  1.796766e-01  2.527150e-01  9.507110e-01
   outer loop
     vertex -3.294816e+01 -1.811676e+01  1.513279e+02
     vertex -3.294815e+01 -1.828833e+01  1.513735e+02
     vertex -3.281312e+01 -1.813733e+01  1.513079e+02
   endloop
 endfacet
 facet normal  1.492481e-01  9.736914e-01  1.721918e-01
   outer loop
     vertex -3.325337e+01 -1.782929e+01  1.511106e+02
     vertex -3.299057e+01 -1.786072e+01  1.510606e+02
     vertex -3.302957e+01 -1.782493e+01  1.508920e+02
   endloop
 endfacet
 facet normal  2.833740e-01  3.413569e-01  8.962001e-01
   outer loop
     vertex -3.319977e+01 -1.807818e+01  1.513730e+02
     vertex -3.393671e+01 -1.811620e+01  1.516205e+02
     vertex -3.294815e+01 -1.828833e+01  1.513735e+02
   endloop
 endfacet
 facet normal  2.337944e-01  5.745185e-01  7.843906e-01
   outer loop
     vertex -3.319977e+01 -1.807818e+01  1.513730e+02
     vertex -3.347447e+01 -1.789421e+01  1.513202e+02
     vertex -3.393671e+01 -1.811620e+01  1.516205e+02
   endloop
 endfacet
 facet normal  2.080464e-01  2.512759e-01  9.452921e-01
   outer loop
     vertex -3.319977e+01 -1.807818e+01  1.513730e+02
     vertex -3.294815e+01 -1.828833e+01  1.513735e+02
     vertex -3.294816e+01 -1.811676e+01  1.513279e+02
   endloop
 endfacet
 facet normal  2.291147e-01  5.797051e-01  7.819517e-01
   outer loop
     vertex -3.319977e+01 -1.807818e+01  1.513730e+02
     vertex -3.294816e+01 -1.811676e+01  1.513279e+02
     vertex -3.296190e+01 -1.796273e+01  1.512178e+02
   endloop
 endfacet
 facet normal  1.608144e-01  9.703010e-01  1.807060e-01
   outer loop
     vertex -3.380328e+01 -1.776337e+01  1.512500e+02
     vertex -3.302957e+01 -1.782493e+01  1.508920e+02
     vertex -3.415069e+01 -1.769534e+01  1.511938e+02
   endloop
 endfacet
 facet normal  2.266258e-01  8.368409e-01  4.983354e-01
   outer loop
     vertex -3.380328e+01 -1.776337e+01  1.512500e+02
     vertex -3.347447e+01 -1.789421e+01  1.513202e+02
     vertex -3.325337e+01 -1.782929e+01  1.511106e+02
   endloop
 endfacet
 facet normal  1.634166e-01  9.687502e-01  1.865962e-01
   outer loop
     vertex -3.380328e+01 -1.776337e+01  1.512500e+02
     vertex -3.325337e+01 -1.782929e+01  1.511106e+02
     vertex -3.302957e+01 -1.782493e+01  1.508920e+02
   endloop
 endfacet
 facet normal  1.228620e-01  9.247128e-01  3.602931e-01
   outer loop
     vertex -3.380328e+01 -1.776337e+01  1.512500e+02
     vertex -3.415069e+01 -1.769534e+01  1.511938e+02
     vertex -3.400997e+01 -1.782196e+01  1.514708e+02
   endloop
 endfacet
 facet normal  4.036464e-01  4.214535e-01  8.120631e-01
   outer loop
     vertex -3.420752e+01 -1.792007e+01  1.516534e+02
     vertex -3.488266e+01 -1.794111e+01  1.519999e+02
     vertex -3.393671e+01 -1.811620e+01  1.516205e+02
   endloop
 endfacet
 facet normal  4.466123e-01  4.915670e-01  7.475957e-01
   outer loop
     vertex -3.420752e+01 -1.792007e+01  1.516534e+02
     vertex -3.393671e+01 -1.811620e+01  1.516205e+02
     vertex -3.400997e+01 -1.782196e+01  1.514708e+02
   endloop
 endfacet
 facet normal  3.399720e-01  6.274639e-01  7.005056e-01
   outer loop
     vertex -3.420752e+01 -1.792007e+01  1.516534e+02
     vertex -3.450362e+01 -1.775472e+01  1.516490e+02
     vertex -3.488266e+01 -1.794111e+01  1.519999e+02
   endloop
 endfacet
 facet normal  1.374949e-01  8.346501e-01  5.333426e-01
   outer loop
     vertex -3.242491e+01 -1.803386e+01  1.511551e+02
     vertex -3.216253e+01 -1.806839e+01  1.511414e+02
     vertex -3.229669e+01 -1.794353e+01  1.509806e+02
   endloop
 endfacet
 facet normal  1.185101e-01  5.840343e-01  8.030313e-01
   outer loop
     vertex -3.242491e+01 -1.803386e+01  1.511551e+02
     vertex -3.255781e+01 -1.817594e+01  1.512780e+02
     vertex -3.216253e+01 -1.806839e+01  1.511414e+02
   endloop
 endfacet
 facet normal  1.430949e-01  5.676854e-01  8.107139e-01
   outer loop
     vertex -3.255564e+01 -1.801660e+01  1.511660e+02
     vertex -3.255781e+01 -1.817594e+01  1.512780e+02
     vertex -3.242491e+01 -1.803386e+01  1.511551e+02
   endloop
 endfacet
 facet normal  1.599747e-01  5.660432e-01  8.087046e-01
   outer loop
     vertex -3.255564e+01 -1.801660e+01  1.511660e+02
     vertex -3.268606e+01 -1.799935e+01  1.511798e+02
     vertex -3.255781e+01 -1.817594e+01  1.512780e+02
   endloop
 endfacet
 facet normal  1.657085e-01  8.340698e-01  5.261827e-01
   outer loop
     vertex -3.255564e+01 -1.801660e+01  1.511660e+02
     vertex -3.256567e+01 -1.791146e+01  1.510025e+02
     vertex -3.268606e+01 -1.799935e+01  1.511798e+02
   endloop
 endfacet
 facet normal  1.775547e-01  5.767700e-01  7.973774e-01
   outer loop
     vertex -3.282414e+01 -1.798104e+01  1.511973e+02
     vertex -3.281312e+01 -1.813733e+01  1.513079e+02
     vertex -3.268606e+01 -1.799935e+01  1.511798e+02
   endloop
 endfacet
 facet normal  1.876830e-01  8.368587e-01  5.142399e-01
   outer loop
     vertex -3.282414e+01 -1.798104e+01  1.511973e+02
     vertex -3.284936e+01 -1.787760e+01  1.510381e+02
     vertex -3.296190e+01 -1.796273e+01  1.512178e+02
   endloop
 endfacet
 facet normal  1.765792e-01  8.378100e-01  5.166181e-01
   outer loop
     vertex -3.282414e+01 -1.798104e+01  1.511973e+02
     vertex -3.268606e+01 -1.799935e+01  1.511798e+02
     vertex -3.284936e+01 -1.787760e+01  1.510381e+02
   endloop
 endfacet
 facet normal  1.947370e-01  5.820368e-01  7.895002e-01
   outer loop
     vertex -3.282414e+01 -1.798104e+01  1.511973e+02
     vertex -3.296190e+01 -1.796273e+01  1.512178e+02
     vertex -3.294816e+01 -1.811676e+01  1.513279e+02
   endloop
 endfacet
 facet normal  2.051806e-01  5.749453e-01  7.920472e-01
   outer loop
     vertex -3.282414e+01 -1.798104e+01  1.511973e+02
     vertex -3.294816e+01 -1.811676e+01  1.513279e+02
     vertex -3.281312e+01 -1.813733e+01  1.513079e+02
   endloop
 endfacet
 facet normal  1.961969e-01  8.429135e-01  5.010026e-01
   outer loop
     vertex -3.321854e+01 -1.792850e+01  1.512639e+02
     vertex -3.299057e+01 -1.786072e+01  1.510606e+02
     vertex -3.325337e+01 -1.782929e+01  1.511106e+02
   endloop
 endfacet
 facet normal  2.480158e-01  5.909408e-01  7.676439e-01
   outer loop
     vertex -3.321854e+01 -1.792850e+01  1.512639e+02
     vertex -3.347447e+01 -1.789421e+01  1.513202e+02
     vertex -3.319977e+01 -1.807818e+01  1.513730e+02
   endloop
 endfacet
 facet normal  2.183869e-01  5.927469e-01  7.752150e-01
   outer loop
     vertex -3.321854e+01 -1.792850e+01  1.512639e+02
     vertex -3.319977e+01 -1.807818e+01  1.513730e+02
     vertex -3.296190e+01 -1.796273e+01  1.512178e+02
   endloop
 endfacet
 facet normal  2.213041e-01  8.408482e-01  4.939623e-01
   outer loop
     vertex -3.321854e+01 -1.792850e+01  1.512639e+02
     vertex -3.325337e+01 -1.782929e+01  1.511106e+02
     vertex -3.347447e+01 -1.789421e+01  1.513202e+02
   endloop
 endfacet
 facet normal  2.028331e-01  8.378821e-01  5.067665e-01
   outer loop
     vertex -3.321854e+01 -1.792850e+01  1.512639e+02
     vertex -3.296190e+01 -1.796273e+01  1.512178e+02
     vertex -3.299057e+01 -1.786072e+01  1.510606e+02
   endloop
 endfacet
 facet normal  2.109164e-01  8.175114e-01  5.359006e-01
   outer loop
     vertex -3.385195e+01 -1.790542e+01  1.514858e+02
     vertex -3.347447e+01 -1.789421e+01  1.513202e+02
     vertex -3.380328e+01 -1.776337e+01  1.512500e+02
   endloop
 endfacet
 facet normal  3.542832e-01  7.669566e-01  5.350336e-01
   outer loop
     vertex -3.385195e+01 -1.790542e+01  1.514858e+02
     vertex -3.380328e+01 -1.776337e+01  1.512500e+02
     vertex -3.400997e+01 -1.782196e+01  1.514708e+02
   endloop
 endfacet
 facet normal  3.591824e-01  3.957281e-01  8.452143e-01
   outer loop
     vertex -3.385195e+01 -1.790542e+01  1.514858e+02
     vertex -3.393671e+01 -1.811620e+01  1.516205e+02
     vertex -3.347447e+01 -1.789421e+01  1.513202e+02
   endloop
 endfacet
 facet normal  1.720948e-01  4.804104e-01  8.599937e-01
   outer loop
     vertex -3.385195e+01 -1.790542e+01  1.514858e+02
     vertex -3.400997e+01 -1.782196e+01  1.514708e+02
     vertex -3.393671e+01 -1.811620e+01  1.516205e+02
   endloop
 endfacet
 facet normal  2.296944e-01  7.316141e-01  6.418576e-01
   outer loop
     vertex -3.416628e+01 -1.775361e+01  1.514489e+02
     vertex -3.420752e+01 -1.792007e+01  1.516534e+02
     vertex -3.400997e+01 -1.782196e+01  1.514708e+02
   endloop
 endfacet
 facet normal  3.714549e-01  6.819656e-01  6.300351e-01
   outer loop
     vertex -3.416628e+01 -1.775361e+01  1.514489e+02
     vertex -3.450362e+01 -1.775472e+01  1.516490e+02
     vertex -3.420752e+01 -1.792007e+01  1.516534e+02
   endloop
 endfacet
 facet normal  3.628834e-01  9.033615e-01  2.285904e-01
   outer loop
     vertex -3.416628e+01 -1.775361e+01  1.514489e+02
     vertex -3.400997e+01 -1.782196e+01  1.514708e+02
     vertex -3.415069e+01 -1.769534e+01  1.511938e+02
   endloop
 endfacet
 facet normal  1.323306e-01  9.645148e-01  2.284726e-01
   outer loop
     vertex -3.416628e+01 -1.775361e+01  1.514489e+02
     vertex -3.415069e+01 -1.769534e+01  1.511938e+02
     vertex -3.450362e+01 -1.775472e+01  1.516490e+02
   endloop
 endfacet
 facet normal  1.371653e-01  8.348072e-01  5.331816e-01
   outer loop
     vertex -3.243138e+01 -1.792748e+01  1.509902e+02
     vertex -3.242491e+01 -1.803386e+01  1.511551e+02
     vertex -3.229669e+01 -1.794353e+01  1.509806e+02
   endloop
 endfacet
 facet normal  1.546227e-01  8.329532e-01  5.313010e-01
   outer loop
     vertex -3.243138e+01 -1.792748e+01  1.509902e+02
     vertex -3.255564e+01 -1.801660e+01  1.511660e+02
     vertex -3.242491e+01 -1.803386e+01  1.511551e+02
   endloop
 endfacet
 facet normal  1.484315e-01  8.359051e-01  5.284229e-01
   outer loop
     vertex -3.243138e+01 -1.792748e+01  1.509902e+02
     vertex -3.256567e+01 -1.791146e+01  1.510025e+02
     vertex -3.255564e+01 -1.801660e+01  1.511660e+02
   endloop
 endfacet
 facet normal  1.329134e-01  9.744582e-01  1.810117e-01
   outer loop
     vertex -3.243138e+01 -1.792748e+01  1.509902e+02
     vertex -3.244747e+01 -1.789221e+01  1.508121e+02
     vertex -3.256567e+01 -1.791146e+01  1.510025e+02
   endloop
 endfacet
 facet normal  1.290179e-01  9.748999e-01  1.814513e-01
   outer loop
     vertex -3.243138e+01 -1.792748e+01  1.509902e+02
     vertex -3.229669e+01 -1.794353e+01  1.509806e+02
     vertex -3.244747e+01 -1.789221e+01  1.508121e+02
   endloop
 endfacet
 facet normal  2.632997e-02  1.283432e-01 -9.913802e-01
   outer loop
     vertex  1.596040e+01 -2.405980e+01  1.472858e+02
     vertex  1.519200e+01 -2.390216e+01  1.472858e+02
     vertex  1.520686e+01 -2.377361e+01  1.473029e+02
   endloop
 endfacet
 facet normal -2.757252e-02 -9.911256e-01 -1.300379e-01
   outer loop
     vertex  1.410312e+01 -3.332240e+01  1.476564e+02
     vertex  1.497238e+01 -3.336356e+01  1.477858e+02
     vertex  1.410116e+01 -3.333932e+01  1.477858e+02
   endloop
 endfacet
 facet normal  1.992608e-01  9.712802e-01 -1.300379e-01
   outer loop
     vertex  1.609832e+01 -2.359695e+01  1.476564e+02
     vertex  1.524746e+01 -2.342239e+01  1.476564e+02
     vertex  1.524941e+01 -2.340547e+01  1.477858e+02
   endloop
 endfacet
 facet normal  1.992608e-01  9.712802e-01 -1.300379e-01
   outer loop
     vertex  1.609832e+01 -2.359695e+01  1.476564e+02
     vertex  1.524941e+01 -2.340547e+01  1.477858e+02
     vertex  1.610319e+01 -2.358062e+01  1.477858e+02
   endloop
 endfacet
 facet normal  1.857728e-01  9.055343e-01 -3.814394e-01
   outer loop
     vertex  1.608406e+01 -2.364482e+01  1.475358e+02
     vertex  1.524172e+01 -2.347201e+01  1.475358e+02
     vertex  1.524746e+01 -2.342239e+01  1.476564e+02
   endloop
 endfacet
 facet normal  1.857728e-01  9.055343e-01 -3.814394e-01
   outer loop
     vertex  1.608406e+01 -2.364482e+01  1.475358e+02
     vertex  1.524746e+01 -2.342239e+01  1.476564e+02
     vertex  1.609832e+01 -2.359695e+01  1.476564e+02
   endloop
 endfacet
 facet normal  1.596629e-01  7.782635e-01 -6.073003e-01
   outer loop
     vertex  1.606137e+01 -2.372097e+01  1.474323e+02
     vertex  1.523260e+01 -2.355094e+01  1.474323e+02
     vertex  1.524172e+01 -2.347201e+01  1.475358e+02
   endloop
 endfacet
 facet normal  1.596629e-01  7.782635e-01 -6.073003e-01
   outer loop
     vertex  1.606137e+01 -2.372097e+01  1.474323e+02
     vertex  1.524172e+01 -2.347201e+01  1.475358e+02
     vertex  1.608406e+01 -2.364482e+01  1.475358e+02
   endloop
 endfacet
 facet normal  1.226346e-01  5.977722e-01 -7.922305e-01
   outer loop
     vertex  1.603179e+01 -2.382021e+01  1.473528e+02
     vertex  1.523260e+01 -2.355094e+01  1.474323e+02
     vertex  1.606137e+01 -2.372097e+01  1.474323e+02
   endloop
 endfacet
 facet normal  1.226346e-01  5.977722e-01 -7.922305e-01
   outer loop
     vertex  1.603179e+01 -2.382021e+01  1.473528e+02
     vertex  1.522071e+01 -2.365381e+01  1.473528e+02
     vertex  1.523260e+01 -2.355094e+01  1.474323e+02
   endloop
 endfacet
 facet normal  7.715735e-02  3.760971e-01 -9.233622e-01
   outer loop
     vertex  1.599735e+01 -2.393578e+01  1.473029e+02
     vertex  1.520686e+01 -2.377361e+01  1.473029e+02
     vertex  1.522071e+01 -2.365381e+01  1.473528e+02
   endloop
 endfacet
 facet normal  7.715735e-02  3.760971e-01 -9.233622e-01
   outer loop
     vertex  1.599735e+01 -2.393578e+01  1.473029e+02
     vertex  1.522071e+01 -2.365381e+01  1.473528e+02
     vertex  1.603179e+01 -2.382021e+01  1.473528e+02
   endloop
 endfacet
 facet normal  2.632997e-02  1.283432e-01 -9.913802e-01
   outer loop
     vertex  1.599735e+01 -2.393578e+01  1.473029e+02
     vertex  1.596040e+01 -2.405980e+01  1.472858e+02
     vertex  1.520686e+01 -2.377361e+01  1.473029e+02
   endloop
 endfacet
 facet normal  3.648946e-01  9.219230e-01 -1.300379e-01
   outer loop
     vertex  1.690595e+01 -2.391661e+01  1.476564e+02
     vertex  1.610319e+01 -2.358062e+01  1.477858e+02
     vertex  1.691358e+01 -2.390137e+01  1.477858e+02
   endloop
 endfacet
 facet normal  3.648946e-01  9.219230e-01 -1.300379e-01
   outer loop
     vertex  1.690595e+01 -2.391661e+01  1.476564e+02
     vertex  1.609832e+01 -2.359695e+01  1.476564e+02
     vertex  1.610319e+01 -2.358062e+01  1.477858e+02
   endloop
 endfacet
 facet normal  3.401949e-01  8.595181e-01 -3.814394e-01
   outer loop
     vertex  1.688359e+01 -2.396127e+01  1.475358e+02
     vertex  1.608406e+01 -2.364482e+01  1.475358e+02
     vertex  1.609832e+01 -2.359695e+01  1.476564e+02
   endloop
 endfacet
 facet normal  3.401949e-01  8.595181e-01 -3.814394e-01
   outer loop
     vertex  1.688359e+01 -2.396127e+01  1.475358e+02
     vertex  1.609832e+01 -2.359695e+01  1.476564e+02
     vertex  1.690595e+01 -2.391661e+01  1.476564e+02
   endloop
 endfacet
 facet normal  2.923813e-01  7.387148e-01 -6.073003e-01
   outer loop
     vertex  1.684802e+01 -2.403232e+01  1.474323e+02
     vertex  1.606137e+01 -2.372097e+01  1.474323e+02
     vertex  1.608406e+01 -2.364482e+01  1.475358e+02
   endloop
 endfacet
 facet normal  2.923813e-01  7.387148e-01 -6.073003e-01
   outer loop
     vertex  1.684802e+01 -2.403232e+01  1.474323e+02
     vertex  1.608406e+01 -2.364482e+01  1.475358e+02
     vertex  1.688359e+01 -2.396127e+01  1.475358e+02
   endloop
 endfacet
 facet normal  2.245735e-01  5.673954e-01 -7.922305e-01
   outer loop
     vertex  1.680166e+01 -2.412492e+01  1.473528e+02
     vertex  1.603179e+01 -2.382021e+01  1.473528e+02
     vertex  1.606137e+01 -2.372097e+01  1.474323e+02
   endloop
 endfacet
 facet normal  2.245735e-01  5.673954e-01 -7.922305e-01
   outer loop
     vertex  1.680166e+01 -2.412492e+01  1.473528e+02
     vertex  1.606137e+01 -2.372097e+01  1.474323e+02
     vertex  1.684802e+01 -2.403232e+01  1.474323e+02
   endloop
 endfacet
 facet normal  4.821652e-02  1.218213e-01 -9.913802e-01
   outer loop
     vertex  1.674768e+01 -2.423275e+01  1.473029e+02
     vertex  1.668975e+01 -2.434847e+01  1.472858e+02
     vertex  1.596040e+01 -2.405980e+01  1.472858e+02
   endloop
 endfacet
 facet normal  6.863805e-02  1.115978e-01 -9.913802e-01
   outer loop
     vertex  1.674768e+01 -2.423275e+01  1.473029e+02
     vertex  1.735789e+01 -2.475941e+01  1.472858e+02
     vertex  1.668975e+01 -2.434847e+01  1.472858e+02
   endloop
 endfacet
 facet normal  1.412937e-01  3.569852e-01 -9.233622e-01
   outer loop
     vertex  1.674768e+01 -2.423275e+01  1.473029e+02
     vertex  1.599735e+01 -2.393578e+01  1.473029e+02
     vertex  1.603179e+01 -2.382021e+01  1.473528e+02
   endloop
 endfacet
 facet normal  4.821652e-02  1.218213e-01 -9.913802e-01
   outer loop
     vertex  1.674768e+01 -2.423275e+01  1.473029e+02
     vertex  1.596040e+01 -2.405980e+01  1.472858e+02
     vertex  1.599735e+01 -2.393578e+01  1.473029e+02
   endloop
 endfacet
 facet normal  1.412937e-01  3.569852e-01 -9.233622e-01
   outer loop
     vertex  1.674768e+01 -2.423275e+01  1.473029e+02
     vertex  1.603179e+01 -2.382021e+01  1.473528e+02
     vertex  1.680166e+01 -2.412492e+01  1.473528e+02
   endloop
 endfacet
 facet normal  5.194413e-01  8.445537e-01 -1.300379e-01
   outer loop
     vertex  1.764580e+01 -2.437165e+01  1.476564e+02
     vertex  1.691358e+01 -2.390137e+01  1.477858e+02
     vertex  1.765596e+01 -2.435797e+01  1.477858e+02
   endloop
 endfacet
 facet normal  5.194413e-01  8.445537e-01 -1.300379e-01
   outer loop
     vertex  1.764580e+01 -2.437165e+01  1.476564e+02
     vertex  1.690595e+01 -2.391661e+01  1.476564e+02
     vertex  1.691358e+01 -2.390137e+01  1.477858e+02
   endloop
 endfacet
 facet normal  4.842803e-01  7.873859e-01 -3.814394e-01
   outer loop
     vertex  1.761602e+01 -2.441175e+01  1.475358e+02
     vertex  1.688359e+01 -2.396127e+01  1.475358e+02
     vertex  1.690595e+01 -2.391661e+01  1.476564e+02
   endloop
 endfacet
 facet normal  4.842803e-01  7.873859e-01 -3.814394e-01
   outer loop
     vertex  1.761602e+01 -2.441175e+01  1.475358e+02
     vertex  1.690595e+01 -2.391661e+01  1.476564e+02
     vertex  1.764580e+01 -2.437165e+01  1.476564e+02
   endloop
 endfacet
 facet normal  4.162158e-01  6.767206e-01 -6.073003e-01
   outer loop
     vertex  1.756866e+01 -2.447555e+01  1.474323e+02
     vertex  1.688359e+01 -2.396127e+01  1.475358e+02
     vertex  1.761602e+01 -2.441175e+01  1.475358e+02
   endloop
 endfacet
 facet normal  4.162158e-01  6.767206e-01 -6.073003e-01
   outer loop
     vertex  1.756866e+01 -2.447555e+01  1.474323e+02
     vertex  1.684802e+01 -2.403232e+01  1.474323e+02
     vertex  1.688359e+01 -2.396127e+01  1.475358e+02
   endloop
 endfacet
 facet normal  3.196889e-01  5.197786e-01 -7.922305e-01
   outer loop
     vertex  1.750692e+01 -2.455869e+01  1.473528e+02
     vertex  1.680166e+01 -2.412492e+01  1.473528e+02
     vertex  1.684802e+01 -2.403232e+01  1.474323e+02
   endloop
 endfacet
 facet normal  3.196889e-01  5.197786e-01 -7.922305e-01
   outer loop
     vertex  1.750692e+01 -2.455869e+01  1.473528e+02
     vertex  1.684802e+01 -2.403232e+01  1.474323e+02
     vertex  1.756866e+01 -2.447555e+01  1.474323e+02
   endloop
 endfacet
 facet normal  2.011370e-01  3.270263e-01 -9.233622e-01
   outer loop
     vertex  1.743504e+01 -2.465551e+01  1.473029e+02
     vertex  1.680166e+01 -2.412492e+01  1.473528e+02
     vertex  1.750692e+01 -2.455869e+01  1.473528e+02
   endloop
 endfacet
 facet normal  2.011370e-01  3.270263e-01 -9.233622e-01
   outer loop
     vertex  1.743504e+01 -2.465551e+01  1.473029e+02
     vertex  1.674768e+01 -2.423275e+01  1.473029e+02
     vertex  1.680166e+01 -2.412492e+01  1.473528e+02
   endloop
 endfacet
 facet normal  6.863805e-02  1.115978e-01 -9.913802e-01
   outer loop
     vertex  1.743504e+01 -2.465551e+01  1.473029e+02
     vertex  1.735789e+01 -2.475941e+01  1.472858e+02
     vertex  1.674768e+01 -2.423275e+01  1.473029e+02
   endloop
 endfacet
 facet normal  6.582050e-01  7.415230e-01 -1.300379e-01
   outer loop
     vertex  1.829539e+01 -2.494825e+01  1.476564e+02
     vertex  1.765596e+01 -2.435797e+01  1.477858e+02
     vertex  1.830777e+01 -2.493655e+01  1.477858e+02
   endloop
 endfacet
 facet normal  6.582050e-01  7.415230e-01 -1.300379e-01
   outer loop
     vertex  1.829539e+01 -2.494825e+01  1.476564e+02
     vertex  1.764580e+01 -2.437165e+01  1.476564e+02
     vertex  1.765596e+01 -2.435797e+01  1.477858e+02
   endloop
 endfacet
 facet normal  6.136512e-01  6.913293e-01 -3.814394e-01
   outer loop
     vertex  1.825911e+01 -2.498258e+01  1.475358e+02
     vertex  1.764580e+01 -2.437165e+01  1.476564e+02
     vertex  1.829539e+01 -2.494825e+01  1.476564e+02
   endloop
 endfacet
 facet normal  6.136512e-01  6.913293e-01 -3.814394e-01
   outer loop
     vertex  1.825911e+01 -2.498258e+01  1.475358e+02
     vertex  1.761602e+01 -2.441175e+01  1.475358e+02
     vertex  1.764580e+01 -2.437165e+01  1.476564e+02
   endloop
 endfacet
 facet normal  5.274039e-01  5.941645e-01 -6.073003e-01
   outer loop
     vertex  1.820138e+01 -2.503718e+01  1.474323e+02
     vertex  1.756866e+01 -2.447555e+01  1.474323e+02
     vertex  1.761602e+01 -2.441175e+01  1.475358e+02
   endloop
 endfacet
 facet normal  5.274039e-01  5.941645e-01 -6.073003e-01
   outer loop
     vertex  1.820138e+01 -2.503718e+01  1.474323e+02
     vertex  1.761602e+01 -2.441175e+01  1.475358e+02
     vertex  1.825911e+01 -2.498258e+01  1.475358e+02
   endloop
 endfacet
 facet normal  4.050908e-01  4.563686e-01 -7.922305e-01
   outer loop
     vertex  1.812615e+01 -2.510834e+01  1.473528e+02
     vertex  1.756866e+01 -2.447555e+01  1.474323e+02
     vertex  1.820138e+01 -2.503718e+01  1.474323e+02
   endloop
 endfacet
 facet normal  4.050908e-01  4.563686e-01 -7.922305e-01
   outer loop
     vertex  1.812615e+01 -2.510834e+01  1.473528e+02
     vertex  1.750692e+01 -2.455869e+01  1.473528e+02
     vertex  1.756866e+01 -2.447555e+01  1.474323e+02
   endloop
 endfacet
 facet normal  2.548688e-01  2.871310e-01 -9.233622e-01
   outer loop
     vertex  1.803854e+01 -2.519121e+01  1.473029e+02
     vertex  1.743504e+01 -2.465551e+01  1.473029e+02
     vertex  1.750692e+01 -2.455869e+01  1.473528e+02
   endloop
 endfacet
 facet normal  8.697404e-02  9.798352e-02 -9.913802e-01
   outer loop
     vertex  1.803854e+01 -2.519121e+01  1.473029e+02
     vertex  1.794452e+01 -2.528013e+01  1.472858e+02
     vertex  1.735789e+01 -2.475941e+01  1.472858e+02
   endloop
 endfacet
 facet normal  8.697404e-02  9.798352e-02 -9.913802e-01
   outer loop
     vertex  1.803854e+01 -2.519121e+01  1.473029e+02
     vertex  1.735789e+01 -2.475941e+01  1.472858e+02
     vertex  1.743504e+01 -2.465551e+01  1.473029e+02
   endloop
 endfacet
 facet normal  2.548688e-01  2.871310e-01 -9.233622e-01
   outer loop
     vertex  1.803854e+01 -2.519121e+01  1.473029e+02
     vertex  1.750692e+01 -2.455869e+01  1.473528e+02
     vertex  1.812615e+01 -2.510834e+01  1.473528e+02
   endloop
 endfacet
 facet normal  7.769695e-01  6.159615e-01 -1.300379e-01
   outer loop
     vertex  1.883499e+01 -2.562890e+01  1.476564e+02
     vertex  1.830777e+01 -2.493655e+01  1.477858e+02
     vertex  1.884922e+01 -2.561952e+01  1.477858e+02
   endloop
 endfacet
 facet normal  7.769695e-01  6.159615e-01 -1.300379e-01
   outer loop
     vertex  1.883499e+01 -2.562890e+01  1.476564e+02
     vertex  1.829539e+01 -2.494825e+01  1.476564e+02
     vertex  1.830777e+01 -2.493655e+01  1.477858e+02
   endloop
 endfacet
 facet normal  7.243765e-01  5.742671e-01 -3.814394e-01
   outer loop
     vertex  1.879330e+01 -2.565640e+01  1.475358e+02
     vertex  1.829539e+01 -2.494825e+01  1.476564e+02
     vertex  1.883499e+01 -2.562890e+01  1.476564e+02
   endloop
 endfacet
 facet normal  7.243765e-01  5.742671e-01 -3.814394e-01
   outer loop
     vertex  1.879330e+01 -2.565640e+01  1.475358e+02
     vertex  1.825911e+01 -2.498258e+01  1.475358e+02
     vertex  1.829539e+01 -2.494825e+01  1.476564e+02
   endloop
 endfacet
 facet normal  6.225670e-01  4.935551e-01 -6.073003e-01
   outer loop
     vertex  1.872696e+01 -2.570015e+01  1.474323e+02
     vertex  1.825911e+01 -2.498258e+01  1.475358e+02
     vertex  1.879330e+01 -2.565640e+01  1.475358e+02
   endloop
 endfacet
 facet normal  6.225670e-01  4.935551e-01 -6.073003e-01
   outer loop
     vertex  1.872696e+01 -2.570015e+01  1.474323e+02
     vertex  1.820138e+01 -2.503718e+01  1.474323e+02
     vertex  1.825911e+01 -2.498258e+01  1.475358e+02
   endloop
 endfacet
 facet normal  4.781841e-01  3.790921e-01 -7.922305e-01
   outer loop
     vertex  1.864052e+01 -2.575716e+01  1.473528e+02
     vertex  1.812615e+01 -2.510834e+01  1.473528e+02
     vertex  1.820138e+01 -2.503718e+01  1.474323e+02
   endloop
 endfacet
 facet normal  4.781841e-01  3.790921e-01 -7.922305e-01
   outer loop
     vertex  1.864052e+01 -2.575716e+01  1.473528e+02
     vertex  1.820138e+01 -2.503718e+01  1.474323e+02
     vertex  1.872696e+01 -2.570015e+01  1.474323e+02
   endloop
 endfacet
 facet normal  1.026674e-01  8.139205e-02 -9.913802e-01
   outer loop
     vertex  1.853985e+01 -2.582356e+01  1.473029e+02
     vertex  1.843182e+01 -2.589481e+01  1.472858e+02
     vertex  1.794452e+01 -2.528013e+01  1.472858e+02
   endloop
 endfacet
 facet normal  1.026674e-01  8.139205e-02 -9.913802e-01
   outer loop
     vertex  1.853985e+01 -2.582356e+01  1.473029e+02
     vertex  1.794452e+01 -2.528013e+01  1.472858e+02
     vertex  1.803854e+01 -2.519121e+01  1.473029e+02
   endloop
 endfacet
 facet normal  3.008565e-01  2.385113e-01 -9.233622e-01
   outer loop
     vertex  1.853985e+01 -2.582356e+01  1.473029e+02
     vertex  1.803854e+01 -2.519121e+01  1.473029e+02
     vertex  1.812615e+01 -2.510834e+01  1.473528e+02
   endloop
 endfacet
 facet normal  3.008565e-01  2.385113e-01 -9.233622e-01
   outer loop
     vertex  1.853985e+01 -2.582356e+01  1.473029e+02
     vertex  1.812615e+01 -2.510834e+01  1.473528e+02
     vertex  1.864052e+01 -2.575716e+01  1.473528e+02
   endloop
 endfacet
 facet normal  8.721262e-01  4.716843e-01 -1.300379e-01
   outer loop
     vertex  1.924820e+01 -2.639290e+01  1.476564e+02
     vertex  1.884922e+01 -2.561952e+01  1.477858e+02
     vertex  1.926384e+01 -2.638614e+01  1.477858e+02
   endloop
 endfacet
 facet normal  8.721262e-01  4.716843e-01 -1.300379e-01
   outer loop
     vertex  1.924820e+01 -2.639290e+01  1.476564e+02
     vertex  1.883499e+01 -2.562890e+01  1.476564e+02
     vertex  1.884922e+01 -2.561952e+01  1.477858e+02
   endloop
 endfacet
 facet normal  8.130920e-01  4.397560e-01 -3.814394e-01
   outer loop
     vertex  1.920236e+01 -2.641275e+01  1.475358e+02
     vertex  1.879330e+01 -2.565640e+01  1.475358e+02
     vertex  1.883499e+01 -2.562890e+01  1.476564e+02
   endloop
 endfacet
 facet normal  6.988138e-01  3.779493e-01 -6.073003e-01
   outer loop
     vertex  1.920236e+01 -2.641275e+01  1.475358e+02
     vertex  1.872696e+01 -2.570015e+01  1.474323e+02
     vertex  1.879330e+01 -2.565640e+01  1.475358e+02
   endloop
 endfacet
 facet normal  8.130920e-01  4.397560e-01 -3.814394e-01
   outer loop
     vertex  1.920236e+01 -2.641275e+01  1.475358e+02
     vertex  1.883499e+01 -2.562890e+01  1.476564e+02
     vertex  1.924820e+01 -2.639290e+01  1.476564e+02
   endloop
 endfacet
 facet normal  6.988138e-01  3.779493e-01 -6.073003e-01
   outer loop
     vertex  1.912944e+01 -2.644431e+01  1.474323e+02
     vertex  1.872696e+01 -2.570015e+01  1.474323e+02
     vertex  1.920236e+01 -2.641275e+01  1.475358e+02
   endloop
 endfacet
 facet normal  5.367480e-01  2.902970e-01 -7.922305e-01
   outer loop
     vertex  1.903441e+01 -2.648545e+01  1.473528e+02
     vertex  1.864052e+01 -2.575716e+01  1.473528e+02
     vertex  1.872696e+01 -2.570015e+01  1.474323e+02
   endloop
 endfacet
 facet normal  5.367480e-01  2.902970e-01 -7.922305e-01
   outer loop
     vertex  1.903441e+01 -2.648545e+01  1.473528e+02
     vertex  1.872696e+01 -2.570015e+01  1.474323e+02
     vertex  1.912944e+01 -2.644431e+01  1.474323e+02
   endloop
 endfacet
 facet normal  1.152412e-01  6.232752e-02 -9.913802e-01
   outer loop
     vertex  1.892374e+01 -2.653335e+01  1.473029e+02
     vertex  1.880498e+01 -2.658476e+01  1.472858e+02
     vertex  1.843182e+01 -2.589481e+01  1.472858e+02
   endloop
 endfacet
 facet normal  1.152412e-01  6.232752e-02 -9.913802e-01
   outer loop
     vertex  1.892374e+01 -2.653335e+01  1.473029e+02
     vertex  1.843182e+01 -2.589481e+01  1.472858e+02
     vertex  1.853985e+01 -2.582356e+01  1.473029e+02
   endloop
 endfacet
 facet normal  3.377029e-01  1.826446e-01 -9.233622e-01
   outer loop
     vertex  1.892374e+01 -2.653335e+01  1.473029e+02
     vertex  1.853985e+01 -2.582356e+01  1.473029e+02
     vertex  1.864052e+01 -2.575716e+01  1.473528e+02
   endloop
 endfacet
 facet normal  3.377029e-01  1.826446e-01 -9.233622e-01
   outer loop
     vertex  1.892374e+01 -2.653335e+01  1.473029e+02
     vertex  1.864052e+01 -2.575716e+01  1.473528e+02
     vertex  1.903441e+01 -2.648545e+01  1.473528e+02
   endloop
 endfacet
 facet normal  9.407837e-01  3.130752e-01 -1.300379e-01
   outer loop
     vertex  1.952246e+01 -2.721706e+01  1.476564e+02
     vertex  1.926384e+01 -2.638614e+01  1.477858e+02
     vertex  1.953904e+01 -2.721311e+01  1.477858e+02
   endloop
 endfacet
 facet normal  9.407837e-01  3.130752e-01 -1.300379e-01
   outer loop
     vertex  1.952246e+01 -2.721706e+01  1.476564e+02
     vertex  1.924820e+01 -2.639290e+01  1.476564e+02
     vertex  1.926384e+01 -2.638614e+01  1.477858e+02
   endloop
 endfacet
 facet normal  8.771021e-01  2.918832e-01 -3.814394e-01
   outer loop
     vertex  1.947387e+01 -2.722864e+01  1.475358e+02
     vertex  1.920236e+01 -2.641275e+01  1.475358e+02
     vertex  1.924820e+01 -2.639290e+01  1.476564e+02
   endloop
 endfacet
 facet normal  7.538274e-01  2.508596e-01 -6.073003e-01
   outer loop
     vertex  1.947387e+01 -2.722864e+01  1.475358e+02
     vertex  1.912944e+01 -2.644431e+01  1.474323e+02
     vertex  1.920236e+01 -2.641275e+01  1.475358e+02
   endloop
 endfacet
 facet normal  8.771021e-01  2.918832e-01 -3.814394e-01
   outer loop
     vertex  1.947387e+01 -2.722864e+01  1.475358e+02
     vertex  1.924820e+01 -2.639290e+01  1.476564e+02
     vertex  1.952246e+01 -2.721706e+01  1.476564e+02
   endloop
 endfacet
 facet normal  5.790032e-01  1.926814e-01 -7.922305e-01
   outer loop
     vertex  1.939658e+01 -2.724706e+01  1.474323e+02
     vertex  1.903441e+01 -2.648545e+01  1.473528e+02
     vertex  1.912944e+01 -2.644431e+01  1.474323e+02
   endloop
 endfacet
 facet normal  7.538274e-01  2.508596e-01 -6.073003e-01
   outer loop
     vertex  1.939658e+01 -2.724706e+01  1.474323e+02
     vertex  1.912944e+01 -2.644431e+01  1.474323e+02
     vertex  1.947387e+01 -2.722864e+01  1.475358e+02
   endloop
 endfacet
 facet normal  5.790032e-01  1.926814e-01 -7.922305e-01
   outer loop
     vertex  1.929585e+01 -2.727107e+01  1.473528e+02
     vertex  1.903441e+01 -2.648545e+01  1.473528e+02
     vertex  1.939658e+01 -2.724706e+01  1.474323e+02
   endloop
 endfacet
 facet normal  1.243135e-01  4.136920e-02 -9.913802e-01
   outer loop
     vertex  1.917854e+01 -2.729903e+01  1.473029e+02
     vertex  1.905266e+01 -2.732903e+01  1.472858e+02
     vertex  1.880498e+01 -2.658476e+01  1.472858e+02
   endloop
 endfacet
 facet normal  1.243135e-01  4.136920e-02 -9.913802e-01
   outer loop
     vertex  1.917854e+01 -2.729903e+01  1.473029e+02
     vertex  1.880498e+01 -2.658476e+01  1.472858e+02
     vertex  1.892374e+01 -2.653335e+01  1.473029e+02
   endloop
 endfacet
 facet normal  3.642884e-01  1.212283e-01 -9.233622e-01
   outer loop
     vertex  1.917854e+01 -2.729903e+01  1.473029e+02
     vertex  1.892374e+01 -2.653335e+01  1.473029e+02
     vertex  1.903441e+01 -2.648545e+01  1.473528e+02
   endloop
 endfacet
 facet normal  3.642884e-01  1.212283e-01 -9.233622e-01
   outer loop
     vertex  1.917854e+01 -2.729903e+01  1.473029e+02
     vertex  1.903441e+01 -2.648545e+01  1.473528e+02
     vertex  1.929585e+01 -2.727107e+01  1.473528e+02
   endloop
 endfacet
 facet normal  9.808561e-01  1.449535e-01 -1.300379e-01
   outer loop
     vertex  1.964945e+01 -2.807631e+01  1.476564e+02
     vertex  1.953904e+01 -2.721311e+01  1.477858e+02
     vertex  1.966645e+01 -2.807530e+01  1.477858e+02
   endloop
 endfacet
 facet normal  9.808561e-01  1.449535e-01 -1.300379e-01
   outer loop
     vertex  1.964945e+01 -2.807631e+01  1.476564e+02
     vertex  1.952246e+01 -2.721706e+01  1.476564e+02
     vertex  1.953904e+01 -2.721311e+01  1.477858e+02
   endloop
 endfacet
 facet normal  9.144620e-01  1.351416e-01 -3.814394e-01
   outer loop
     vertex  1.959958e+01 -2.807928e+01  1.475358e+02
     vertex  1.947387e+01 -2.722864e+01  1.475358e+02
     vertex  1.952246e+01 -2.721706e+01  1.476564e+02
   endloop
 endfacet
 facet normal  9.144620e-01  1.351416e-01 -3.814394e-01
   outer loop
     vertex  1.959958e+01 -2.807928e+01  1.475358e+02
     vertex  1.952246e+01 -2.721706e+01  1.476564e+02
     vertex  1.964945e+01 -2.807631e+01  1.476564e+02
   endloop
 endfacet
 facet normal  7.859364e-01  1.161478e-01 -6.073003e-01
   outer loop
     vertex  1.952026e+01 -2.808400e+01  1.474323e+02
     vertex  1.947387e+01 -2.722864e+01  1.475358e+02
     vertex  1.959958e+01 -2.807928e+01  1.475358e+02
   endloop
 endfacet
 facet normal  7.859364e-01  1.161478e-01 -6.073003e-01
   outer loop
     vertex  1.952026e+01 -2.808400e+01  1.474323e+02
     vertex  1.939658e+01 -2.724706e+01  1.474323e+02
     vertex  1.947387e+01 -2.722864e+01  1.475358e+02
   endloop
 endfacet
 facet normal  6.036656e-01  8.921131e-02 -7.922305e-01
   outer loop
     vertex  1.941689e+01 -2.809015e+01  1.473528e+02
     vertex  1.939658e+01 -2.724706e+01  1.474323e+02
     vertex  1.952026e+01 -2.808400e+01  1.474323e+02
   endloop
 endfacet
 facet normal  6.036656e-01  8.921131e-02 -7.922305e-01
   outer loop
     vertex  1.941689e+01 -2.809015e+01  1.473528e+02
     vertex  1.929585e+01 -2.727107e+01  1.473528e+02
     vertex  1.939658e+01 -2.724706e+01  1.474323e+02
   endloop
 endfacet
 facet normal  3.798051e-01  5.612860e-02 -9.233622e-01
   outer loop
     vertex  1.929652e+01 -2.809732e+01  1.473029e+02
     vertex  1.929585e+01 -2.727107e+01  1.473528e+02
     vertex  1.941689e+01 -2.809015e+01  1.473528e+02
   endloop
 endfacet
 facet normal  1.296086e-01  1.915390e-02 -9.913802e-01
   outer loop
     vertex  1.929652e+01 -2.809732e+01  1.473029e+02
     vertex  1.916734e+01 -2.810501e+01  1.472858e+02
     vertex  1.905266e+01 -2.732903e+01  1.472858e+02
   endloop
 endfacet
 facet normal  1.309656e-01 -3.643384e-03 -9.913802e-01
   outer loop
     vertex  1.929652e+01 -2.809732e+01  1.473029e+02
     vertex  1.914552e+01 -2.888911e+01  1.472858e+02
     vertex  1.916734e+01 -2.810501e+01  1.472858e+02
   endloop
 endfacet
 facet normal  1.296086e-01  1.915390e-02 -9.913802e-01
   outer loop
     vertex  1.929652e+01 -2.809732e+01  1.473029e+02
     vertex  1.905266e+01 -2.732903e+01  1.472858e+02
     vertex  1.917854e+01 -2.729903e+01  1.473029e+02
   endloop
 endfacet
 facet normal  3.798051e-01  5.612860e-02 -9.233622e-01
   outer loop
     vertex  1.929652e+01 -2.809732e+01  1.473029e+02
     vertex  1.917854e+01 -2.729903e+01  1.473029e+02
     vertex  1.929585e+01 -2.727107e+01  1.473528e+02
   endloop
 endfacet
 facet normal  9.911256e-01 -2.757252e-02 -1.300379e-01
   outer loop
     vertex  1.962529e+01 -2.894456e+01  1.476564e+02
     vertex  1.966645e+01 -2.807530e+01  1.477858e+02
     vertex  1.964222e+01 -2.894652e+01  1.477858e+02
   endloop
 endfacet
 facet normal  9.911256e-01 -2.757252e-02 -1.300379e-01
   outer loop
     vertex  1.962529e+01 -2.894456e+01  1.476564e+02
     vertex  1.964945e+01 -2.807631e+01  1.476564e+02
     vertex  1.966645e+01 -2.807530e+01  1.477858e+02
   endloop
 endfacet
 facet normal  9.240363e-01 -2.570614e-02 -3.814394e-01
   outer loop
     vertex  1.962529e+01 -2.894456e+01  1.476564e+02
     vertex  1.959958e+01 -2.807928e+01  1.475358e+02
     vertex  1.964945e+01 -2.807631e+01  1.476564e+02
   endloop
 endfacet
 facet normal  7.941651e-01 -2.209320e-02 -6.073003e-01
   outer loop
     vertex  1.957567e+01 -2.893883e+01  1.475358e+02
     vertex  1.952026e+01 -2.808400e+01  1.474323e+02
     vertex  1.959958e+01 -2.807928e+01  1.475358e+02
   endloop
 endfacet
 facet normal  9.240363e-01 -2.570614e-02 -3.814394e-01
   outer loop
     vertex  1.957567e+01 -2.893883e+01  1.475358e+02
     vertex  1.959958e+01 -2.807928e+01  1.475358e+02
     vertex  1.962529e+01 -2.894456e+01  1.476564e+02
   endloop
 endfacet
 facet normal  7.941651e-01 -2.209320e-02 -6.073003e-01
   outer loop
     vertex  1.949674e+01 -2.892970e+01  1.474323e+02
     vertex  1.952026e+01 -2.808400e+01  1.474323e+02
     vertex  1.957567e+01 -2.893883e+01  1.475358e+02
   endloop
 endfacet
 facet normal  6.099859e-01 -1.696945e-02 -7.922305e-01
   outer loop
     vertex  1.939387e+01 -2.891781e+01  1.473528e+02
     vertex  1.941689e+01 -2.809015e+01  1.473528e+02
     vertex  1.952026e+01 -2.808400e+01  1.474323e+02
   endloop
 endfacet
 facet normal  6.099859e-01 -1.696945e-02 -7.922305e-01
   outer loop
     vertex  1.939387e+01 -2.891781e+01  1.473528e+02
     vertex  1.952026e+01 -2.808400e+01  1.474323e+02
     vertex  1.949674e+01 -2.892970e+01  1.474323e+02
   endloop
 endfacet
 facet normal  3.837816e-01 -1.067658e-02 -9.233622e-01
   outer loop
     vertex  1.927408e+01 -2.890397e+01  1.473029e+02
     vertex  1.929652e+01 -2.809732e+01  1.473029e+02
     vertex  1.941689e+01 -2.809015e+01  1.473528e+02
   endloop
 endfacet
 facet normal  1.309656e-01 -3.643384e-03 -9.913802e-01
   outer loop
     vertex  1.927408e+01 -2.890397e+01  1.473029e+02
     vertex  1.914552e+01 -2.888911e+01  1.472858e+02
     vertex  1.929652e+01 -2.809732e+01  1.473029e+02
   endloop
 endfacet
 facet normal  1.283432e-01 -2.632997e-02 -9.913802e-01
   outer loop
     vertex  1.927408e+01 -2.890397e+01  1.473029e+02
     vertex  1.898788e+01 -2.965750e+01  1.472858e+02
     vertex  1.914552e+01 -2.888911e+01  1.472858e+02
   endloop
 endfacet
 facet normal  3.837816e-01 -1.067658e-02 -9.233622e-01
   outer loop
     vertex  1.927408e+01 -2.890397e+01  1.473029e+02
     vertex  1.941689e+01 -2.809015e+01  1.473528e+02
     vertex  1.939387e+01 -2.891781e+01  1.473528e+02
   endloop
 endfacet
 facet normal  9.712802e-01 -1.992608e-01 -1.300379e-01
   outer loop
     vertex  1.945073e+01 -2.979543e+01  1.476564e+02
     vertex  1.962529e+01 -2.894456e+01  1.476564e+02
     vertex  1.964222e+01 -2.894652e+01  1.477858e+02
   endloop
 endfacet
 facet normal  9.712802e-01 -1.992608e-01 -1.300379e-01
   outer loop
     vertex  1.945073e+01 -2.979543e+01  1.476564e+02
     vertex  1.964222e+01 -2.894652e+01  1.477858e+02
     vertex  1.946706e+01 -2.980029e+01  1.477858e+02
   endloop
 endfacet
 facet normal  9.055343e-01 -1.857728e-01 -3.814394e-01
   outer loop
     vertex  1.940286e+01 -2.978116e+01  1.475358e+02
     vertex  1.962529e+01 -2.894456e+01  1.476564e+02
     vertex  1.945073e+01 -2.979543e+01  1.476564e+02
   endloop
 endfacet
 facet normal  9.055343e-01 -1.857728e-01 -3.814394e-01
   outer loop
     vertex  1.940286e+01 -2.978116e+01  1.475358e+02
     vertex  1.957567e+01 -2.893883e+01  1.475358e+02
     vertex  1.962529e+01 -2.894456e+01  1.476564e+02
   endloop
 endfacet
 facet normal  7.782635e-01 -1.596629e-01 -6.073003e-01
   outer loop
     vertex  1.932671e+01 -2.975847e+01  1.474323e+02
     vertex  1.957567e+01 -2.893883e+01  1.475358e+02
     vertex  1.940286e+01 -2.978116e+01  1.475358e+02
   endloop
 endfacet
 facet normal  7.782635e-01 -1.596629e-01 -6.073003e-01
   outer loop
     vertex  1.932671e+01 -2.975847e+01  1.474323e+02
     vertex  1.949674e+01 -2.892970e+01  1.474323e+02
     vertex  1.957567e+01 -2.893883e+01  1.475358e+02
   endloop
 endfacet
 facet normal  5.977722e-01 -1.226346e-01 -7.922305e-01
   outer loop
     vertex  1.922747e+01 -2.972890e+01  1.473528e+02
     vertex  1.939387e+01 -2.891781e+01  1.473528e+02
     vertex  1.949674e+01 -2.892970e+01  1.474323e+02
   endloop
 endfacet
 facet normal  5.977722e-01 -1.226346e-01 -7.922305e-01
   outer loop
     vertex  1.922747e+01 -2.972890e+01  1.473528e+02
     vertex  1.949674e+01 -2.892970e+01  1.474323e+02
     vertex  1.932671e+01 -2.975847e+01  1.474323e+02
   endloop
 endfacet
 facet normal  3.760971e-01 -7.715735e-02 -9.233622e-01
   outer loop
     vertex  1.911190e+01 -2.969446e+01  1.473029e+02
     vertex  1.939387e+01 -2.891781e+01  1.473528e+02
     vertex  1.922747e+01 -2.972890e+01  1.473528e+02
   endloop
 endfacet
 facet normal  1.283432e-01 -2.632997e-02 -9.913802e-01
   outer loop
     vertex  1.911190e+01 -2.969446e+01  1.473029e+02
     vertex  1.898788e+01 -2.965750e+01  1.472858e+02
     vertex  1.927408e+01 -2.890397e+01  1.473029e+02
   endloop
 endfacet
 facet normal  3.760971e-01 -7.715735e-02 -9.233622e-01
   outer loop
     vertex  1.911190e+01 -2.969446e+01  1.473029e+02
     vertex  1.927408e+01 -2.890397e+01  1.473029e+02
     vertex  1.939387e+01 -2.891781e+01  1.473528e+02
   endloop
 endfacet
 facet normal  8.595181e-01 -3.401949e-01 -3.814394e-01
   outer loop
     vertex  1.913108e+01 -3.060306e+01  1.476564e+02
     vertex  1.940286e+01 -2.978116e+01  1.475358e+02
     vertex  1.945073e+01 -2.979543e+01  1.476564e+02
   endloop
 endfacet
 facet normal  9.219230e-01 -3.648946e-01 -1.300379e-01
   outer loop
     vertex  1.913108e+01 -3.060306e+01  1.476564e+02
     vertex  1.945073e+01 -2.979543e+01  1.476564e+02
     vertex  1.946706e+01 -2.980029e+01  1.477858e+02
   endloop
 endfacet
 facet normal  9.219230e-01 -3.648946e-01 -1.300379e-01
   outer loop
     vertex  1.913108e+01 -3.060306e+01  1.476564e+02
     vertex  1.946706e+01 -2.980029e+01  1.477858e+02
     vertex  1.914631e+01 -3.061068e+01  1.477858e+02
   endloop
 endfacet
 facet normal  8.595181e-01 -3.401949e-01 -3.814394e-01
   outer loop
     vertex  1.908641e+01 -3.058070e+01  1.475358e+02
     vertex  1.940286e+01 -2.978116e+01  1.475358e+02
     vertex  1.913108e+01 -3.060306e+01  1.476564e+02
   endloop
 endfacet
 facet normal  7.387148e-01 -2.923813e-01 -6.073003e-01
   outer loop
     vertex  1.901536e+01 -3.054513e+01  1.474323e+02
     vertex  1.932671e+01 -2.975847e+01  1.474323e+02
     vertex  1.940286e+01 -2.978116e+01  1.475358e+02
   endloop
 endfacet
 facet normal  7.387148e-01 -2.923813e-01 -6.073003e-01
   outer loop
     vertex  1.901536e+01 -3.054513e+01  1.474323e+02
     vertex  1.940286e+01 -2.978116e+01  1.475358e+02
     vertex  1.908641e+01 -3.058070e+01  1.475358e+02
   endloop
 endfacet
 facet normal  5.673954e-01 -2.245735e-01 -7.922305e-01
   outer loop
     vertex  1.892276e+01 -3.049877e+01  1.473528e+02
     vertex  1.922747e+01 -2.972890e+01  1.473528e+02
     vertex  1.932671e+01 -2.975847e+01  1.474323e+02
   endloop
 endfacet
 facet normal  5.673954e-01 -2.245735e-01 -7.922305e-01
   outer loop
     vertex  1.892276e+01 -3.049877e+01  1.473528e+02
     vertex  1.932671e+01 -2.975847e+01  1.474323e+02
     vertex  1.901536e+01 -3.054513e+01  1.474323e+02
   endloop
 endfacet
 facet normal  1.218213e-01 -4.821652e-02 -9.913802e-01
   outer loop
     vertex  1.881493e+01 -3.044479e+01  1.473029e+02
     vertex  1.898788e+01 -2.965750e+01  1.472858e+02
     vertex  1.911190e+01 -2.969446e+01  1.473029e+02
   endloop
 endfacet
 facet normal  1.218213e-01 -4.821652e-02 -9.913802e-01
   outer loop
     vertex  1.881493e+01 -3.044479e+01  1.473029e+02
     vertex  1.869921e+01 -3.038686e+01  1.472858e+02
     vertex  1.898788e+01 -2.965750e+01  1.472858e+02
   endloop
 endfacet
 facet normal  3.569852e-01 -1.412937e-01 -9.233622e-01
   outer loop
     vertex  1.881493e+01 -3.044479e+01  1.473029e+02
     vertex  1.911190e+01 -2.969446e+01  1.473029e+02
     vertex  1.922747e+01 -2.972890e+01  1.473528e+02
   endloop
 endfacet
 facet normal  3.569852e-01 -1.412937e-01 -9.233622e-01
   outer loop
     vertex  1.881493e+01 -3.044479e+01  1.473029e+02
     vertex  1.922747e+01 -2.972890e+01  1.473528e+02
     vertex  1.892276e+01 -3.049877e+01  1.473528e+02
   endloop
 endfacet
 facet normal  8.445537e-01 -5.194413e-01 -1.300379e-01
   outer loop
     vertex  1.867603e+01 -3.134291e+01  1.476564e+02
     vertex  1.914631e+01 -3.061068e+01  1.477858e+02
     vertex  1.868971e+01 -3.135307e+01  1.477858e+02
   endloop
 endfacet
 facet normal  8.445537e-01 -5.194413e-01 -1.300379e-01
   outer loop
     vertex  1.867603e+01 -3.134291e+01  1.476564e+02
     vertex  1.913108e+01 -3.060306e+01  1.476564e+02
     vertex  1.914631e+01 -3.061068e+01  1.477858e+02
   endloop
 endfacet
 facet normal  7.873859e-01 -4.842803e-01 -3.814394e-01
   outer loop
     vertex  1.863593e+01 -3.131313e+01  1.475358e+02
     vertex  1.913108e+01 -3.060306e+01  1.476564e+02
     vertex  1.867603e+01 -3.134291e+01  1.476564e+02
   endloop
 endfacet
 facet normal  7.873859e-01 -4.842803e-01 -3.814394e-01
   outer loop
     vertex  1.863593e+01 -3.131313e+01  1.475358e+02
     vertex  1.908641e+01 -3.058070e+01  1.475358e+02
     vertex  1.913108e+01 -3.060306e+01  1.476564e+02
   endloop
 endfacet
 facet normal  6.767206e-01 -4.162158e-01 -6.073003e-01
   outer loop
     vertex  1.863593e+01 -3.131313e+01  1.475358e+02
     vertex  1.901536e+01 -3.054513e+01  1.474323e+02
     vertex  1.908641e+01 -3.058070e+01  1.475358e+02
   endloop
 endfacet
 facet normal  6.767206e-01 -4.162158e-01 -6.073003e-01
   outer loop
     vertex  1.857213e+01 -3.126576e+01  1.474323e+02
     vertex  1.901536e+01 -3.054513e+01  1.474323e+02
     vertex  1.863593e+01 -3.131313e+01  1.475358e+02
   endloop
 endfacet
 facet normal  5.197786e-01 -3.196889e-01 -7.922305e-01
   outer loop
     vertex  1.848899e+01 -3.120403e+01  1.473528e+02
     vertex  1.892276e+01 -3.049877e+01  1.473528e+02
     vertex  1.901536e+01 -3.054513e+01  1.474323e+02
   endloop
 endfacet
 facet normal  5.197786e-01 -3.196889e-01 -7.922305e-01
   outer loop
     vertex  1.848899e+01 -3.120403e+01  1.473528e+02
     vertex  1.901536e+01 -3.054513e+01  1.474323e+02
     vertex  1.857213e+01 -3.126576e+01  1.474323e+02
   endloop
 endfacet
 facet normal  1.115978e-01 -6.863805e-02 -9.913802e-01
   outer loop
     vertex  1.839217e+01 -3.113214e+01  1.473029e+02
     vertex  1.828827e+01 -3.105500e+01  1.472858e+02
     vertex  1.869921e+01 -3.038686e+01  1.472858e+02
   endloop
 endfacet
 facet normal  1.115978e-01 -6.863805e-02 -9.913802e-01
   outer loop
     vertex  1.839217e+01 -3.113214e+01  1.473029e+02
     vertex  1.869921e+01 -3.038686e+01  1.472858e+02
     vertex  1.881493e+01 -3.044479e+01  1.473029e+02
   endloop
 endfacet
 facet normal  3.270263e-01 -2.011370e-01 -9.233622e-01
   outer loop
     vertex  1.839217e+01 -3.113214e+01  1.473029e+02
     vertex  1.892276e+01 -3.049877e+01  1.473528e+02
     vertex  1.848899e+01 -3.120403e+01  1.473528e+02
   endloop
 endfacet
 facet normal  3.270263e-01 -2.011370e-01 -9.233622e-01
   outer loop
     vertex  1.839217e+01 -3.113214e+01  1.473029e+02
     vertex  1.881493e+01 -3.044479e+01  1.473029e+02
     vertex  1.892276e+01 -3.049877e+01  1.473528e+02
   endloop
 endfacet
 facet normal  6.913293e-01 -6.136512e-01 -3.814394e-01
   outer loop
     vertex  1.809943e+01 -3.199250e+01  1.476564e+02
     vertex  1.863593e+01 -3.131313e+01  1.475358e+02
     vertex  1.867603e+01 -3.134291e+01  1.476564e+02
   endloop
 endfacet
 facet normal  7.415230e-01 -6.582050e-01 -1.300379e-01
   outer loop
     vertex  1.809943e+01 -3.199250e+01  1.476564e+02
     vertex  1.868971e+01 -3.135307e+01  1.477858e+02
     vertex  1.811114e+01 -3.200488e+01  1.477858e+02
   endloop
 endfacet
 facet normal  7.415230e-01 -6.582050e-01 -1.300379e-01
   outer loop
     vertex  1.809943e+01 -3.199250e+01  1.476564e+02
     vertex  1.867603e+01 -3.134291e+01  1.476564e+02
     vertex  1.868971e+01 -3.135307e+01  1.477858e+02
   endloop
 endfacet
 facet normal  6.913293e-01 -6.136512e-01 -3.814394e-01
   outer loop
     vertex  1.806510e+01 -3.195621e+01  1.475358e+02
     vertex  1.863593e+01 -3.131313e+01  1.475358e+02
     vertex  1.809943e+01 -3.199250e+01  1.476564e+02
   endloop
 endfacet
 facet normal  5.941645e-01 -5.274039e-01 -6.073003e-01
   outer loop
     vertex  1.801050e+01 -3.189849e+01  1.474323e+02
     vertex  1.857213e+01 -3.126576e+01  1.474323e+02
     vertex  1.863593e+01 -3.131313e+01  1.475358e+02
   endloop
 endfacet
 facet normal  5.941645e-01 -5.274039e-01 -6.073003e-01
   outer loop
     vertex  1.801050e+01 -3.189849e+01  1.474323e+02
     vertex  1.863593e+01 -3.131313e+01  1.475358e+02
     vertex  1.806510e+01 -3.195621e+01  1.475358e+02
   endloop
 endfacet
 facet normal  4.563686e-01 -4.050908e-01 -7.922305e-01
   outer loop
     vertex  1.793934e+01 -3.182326e+01  1.473528e+02
     vertex  1.857213e+01 -3.126576e+01  1.474323e+02
     vertex  1.801050e+01 -3.189849e+01  1.474323e+02
   endloop
 endfacet
 facet normal  4.563686e-01 -4.050908e-01 -7.922305e-01
   outer loop
     vertex  1.793934e+01 -3.182326e+01  1.473528e+02
     vertex  1.848899e+01 -3.120403e+01  1.473528e+02
     vertex  1.857213e+01 -3.126576e+01  1.474323e+02
   endloop
 endfacet
 facet normal  9.798352e-02 -8.697404e-02 -9.913802e-01
   outer loop
     vertex  1.785648e+01 -3.173565e+01  1.473029e+02
     vertex  1.776755e+01 -3.164163e+01  1.472858e+02
     vertex  1.828827e+01 -3.105500e+01  1.472858e+02
   endloop
 endfacet
 facet normal  9.798352e-02 -8.697404e-02 -9.913802e-01
   outer loop
     vertex  1.785648e+01 -3.173565e+01  1.473029e+02
     vertex  1.828827e+01 -3.105500e+01  1.472858e+02
     vertex  1.839217e+01 -3.113214e+01  1.473029e+02
   endloop
 endfacet
 facet normal  2.871310e-01 -2.548688e-01 -9.233622e-01
   outer loop
     vertex  1.785648e+01 -3.173565e+01  1.473029e+02
     vertex  1.839217e+01 -3.113214e+01  1.473029e+02
     vertex  1.848899e+01 -3.120403e+01  1.473528e+02
   endloop
 endfacet
 facet normal  2.871310e-01 -2.548688e-01 -9.233622e-01
   outer loop
     vertex  1.785648e+01 -3.173565e+01  1.473029e+02
     vertex  1.848899e+01 -3.120403e+01  1.473528e+02
     vertex  1.793934e+01 -3.182326e+01  1.473528e+02
   endloop
 endfacet
 facet normal  6.159615e-01 -7.769695e-01 -1.300379e-01
   outer loop
     vertex  1.741878e+01 -3.253210e+01  1.476564e+02
     vertex  1.811114e+01 -3.200488e+01  1.477858e+02
     vertex  1.742816e+01 -3.254632e+01  1.477858e+02
   endloop
 endfacet
 facet normal  6.159615e-01 -7.769695e-01 -1.300379e-01
   outer loop
     vertex  1.741878e+01 -3.253210e+01  1.476564e+02
     vertex  1.809943e+01 -3.199250e+01  1.476564e+02
     vertex  1.811114e+01 -3.200488e+01  1.477858e+02
   endloop
 endfacet
 facet normal  5.742671e-01 -7.243765e-01 -3.814394e-01
   outer loop
     vertex  1.739128e+01 -3.249040e+01  1.475358e+02
     vertex  1.806510e+01 -3.195621e+01  1.475358e+02
     vertex  1.809943e+01 -3.199250e+01  1.476564e+02
   endloop
 endfacet
 facet normal  5.742671e-01 -7.243765e-01 -3.814394e-01
   outer loop
     vertex  1.739128e+01 -3.249040e+01  1.475358e+02
     vertex  1.809943e+01 -3.199250e+01  1.476564e+02
     vertex  1.741878e+01 -3.253210e+01  1.476564e+02
   endloop
 endfacet
 facet normal  4.935551e-01 -6.225670e-01 -6.073003e-01
   outer loop
     vertex  1.734753e+01 -3.242407e+01  1.474323e+02
     vertex  1.801050e+01 -3.189849e+01  1.474323e+02
     vertex  1.806510e+01 -3.195621e+01  1.475358e+02
   endloop
 endfacet
 facet normal  4.935551e-01 -6.225670e-01 -6.073003e-01
   outer loop
     vertex  1.734753e+01 -3.242407e+01  1.474323e+02
     vertex  1.806510e+01 -3.195621e+01  1.475358e+02
     vertex  1.739128e+01 -3.249040e+01  1.475358e+02
   endloop
 endfacet
 facet normal  3.790921e-01 -4.781841e-01 -7.922305e-01
   outer loop
     vertex  1.729052e+01 -3.233763e+01  1.473528e+02
     vertex  1.793934e+01 -3.182326e+01  1.473528e+02
     vertex  1.801050e+01 -3.189849e+01  1.474323e+02
   endloop
 endfacet
 facet normal  3.790921e-01 -4.781841e-01 -7.922305e-01
   outer loop
     vertex  1.729052e+01 -3.233763e+01  1.473528e+02
     vertex  1.801050e+01 -3.189849e+01  1.474323e+02
     vertex  1.734753e+01 -3.242407e+01  1.474323e+02
   endloop
 endfacet
 facet normal  8.139205e-02 -1.026674e-01 -9.913802e-01
   outer loop
     vertex  1.722412e+01 -3.223696e+01  1.473029e+02
     vertex  1.715288e+01 -3.212893e+01  1.472858e+02
     vertex  1.776755e+01 -3.164163e+01  1.472858e+02
   endloop
 endfacet
 facet normal  2.385113e-01 -3.008565e-01 -9.233622e-01
   outer loop
     vertex  1.722412e+01 -3.223696e+01  1.473029e+02
     vertex  1.793934e+01 -3.182326e+01  1.473528e+02
     vertex  1.729052e+01 -3.233763e+01  1.473528e+02
   endloop
 endfacet
 facet normal  8.139205e-02 -1.026674e-01 -9.913802e-01
   outer loop
     vertex  1.722412e+01 -3.223696e+01  1.473029e+02
     vertex  1.776755e+01 -3.164163e+01  1.472858e+02
     vertex  1.785648e+01 -3.173565e+01  1.473029e+02
   endloop
 endfacet
 facet normal  2.385113e-01 -3.008565e-01 -9.233622e-01
   outer loop
     vertex  1.722412e+01 -3.223696e+01  1.473029e+02
     vertex  1.785648e+01 -3.173565e+01  1.473029e+02
     vertex  1.793934e+01 -3.182326e+01  1.473528e+02
   endloop
 endfacet
 facet normal  4.716843e-01 -8.721262e-01 -1.300379e-01
   outer loop
     vertex  1.665478e+01 -3.294531e+01  1.476564e+02
     vertex  1.741878e+01 -3.253210e+01  1.476564e+02
     vertex  1.742816e+01 -3.254632e+01  1.477858e+02
   endloop
 endfacet
 facet normal  4.716843e-01 -8.721262e-01 -1.300379e-01
   outer loop
     vertex  1.665478e+01 -3.294531e+01  1.476564e+02
     vertex  1.742816e+01 -3.254632e+01  1.477858e+02
     vertex  1.666155e+01 -3.296094e+01  1.477858e+02
   endloop
 endfacet
 facet normal  4.397560e-01 -8.130920e-01 -3.814394e-01
   outer loop
     vertex  1.663493e+01 -3.289947e+01  1.475358e+02
     vertex  1.739128e+01 -3.249040e+01  1.475358e+02
     vertex  1.741878e+01 -3.253210e+01  1.476564e+02
   endloop
 endfacet
 facet normal  4.397560e-01 -8.130920e-01 -3.814394e-01
   outer loop
     vertex  1.663493e+01 -3.289947e+01  1.475358e+02
     vertex  1.741878e+01 -3.253210e+01  1.476564e+02
     vertex  1.665478e+01 -3.294531e+01  1.476564e+02
   endloop
 endfacet
 facet normal  3.779493e-01 -6.988138e-01 -6.073003e-01
   outer loop
     vertex  1.660337e+01 -3.282655e+01  1.474323e+02
     vertex  1.739128e+01 -3.249040e+01  1.475358e+02
     vertex  1.663493e+01 -3.289947e+01  1.475358e+02
   endloop
 endfacet
 facet normal  3.779493e-01 -6.988138e-01 -6.073003e-01
   outer loop
     vertex  1.660337e+01 -3.282655e+01  1.474323e+02
     vertex  1.734753e+01 -3.242407e+01  1.474323e+02
     vertex  1.739128e+01 -3.249040e+01  1.475358e+02
   endloop
 endfacet
 facet normal  2.902970e-01 -5.367480e-01 -7.922305e-01
   outer loop
     vertex  1.660337e+01 -3.282655e+01  1.474323e+02
     vertex  1.729052e+01 -3.233763e+01  1.473528e+02
     vertex  1.734753e+01 -3.242407e+01  1.474323e+02
   endloop
 endfacet
 facet normal  2.902970e-01 -5.367480e-01 -7.922305e-01
   outer loop
     vertex  1.656223e+01 -3.273152e+01  1.473528e+02
     vertex  1.729052e+01 -3.233763e+01  1.473528e+02
     vertex  1.660337e+01 -3.282655e+01  1.474323e+02
   endloop
 endfacet
 facet normal  1.826446e-01 -3.377029e-01 -9.233622e-01
   outer loop
     vertex  1.651433e+01 -3.262085e+01  1.473029e+02
     vertex  1.729052e+01 -3.233763e+01  1.473528e+02
     vertex  1.656223e+01 -3.273152e+01  1.473528e+02
   endloop
 endfacet
 facet normal  6.232752e-02 -1.152412e-01 -9.913802e-01
   outer loop
     vertex  1.651433e+01 -3.262085e+01  1.473029e+02
     vertex  1.646292e+01 -3.250209e+01  1.472858e+02
     vertex  1.715288e+01 -3.212893e+01  1.472858e+02
   endloop
 endfacet
 facet normal  6.232752e-02 -1.152412e-01 -9.913802e-01
   outer loop
     vertex  1.651433e+01 -3.262085e+01  1.473029e+02
     vertex  1.715288e+01 -3.212893e+01  1.472858e+02
     vertex  1.722412e+01 -3.223696e+01  1.473029e+02
   endloop
 endfacet
 facet normal  1.826446e-01 -3.377029e-01 -9.233622e-01
   outer loop
     vertex  1.651433e+01 -3.262085e+01  1.473029e+02
     vertex  1.722412e+01 -3.223696e+01  1.473029e+02
     vertex  1.729052e+01 -3.233763e+01  1.473528e+02
   endloop
 endfacet
 facet normal  3.130752e-01 -9.407837e-01 -1.300379e-01
   outer loop
     vertex  1.583063e+01 -3.321957e+01  1.476564e+02
     vertex  1.665478e+01 -3.294531e+01  1.476564e+02
     vertex  1.666155e+01 -3.296094e+01  1.477858e+02
   endloop
 endfacet
 facet normal  3.130752e-01 -9.407837e-01 -1.300379e-01
   outer loop
     vertex  1.583063e+01 -3.321957e+01  1.476564e+02
     vertex  1.666155e+01 -3.296094e+01  1.477858e+02
     vertex  1.583458e+01 -3.323614e+01  1.477858e+02
   endloop
 endfacet
 facet normal  2.918832e-01 -8.771021e-01 -3.814394e-01
   outer loop
     vertex  1.581905e+01 -3.317098e+01  1.475358e+02
     vertex  1.663493e+01 -3.289947e+01  1.475358e+02
     vertex  1.665478e+01 -3.294531e+01  1.476564e+02
   endloop
 endfacet
 facet normal  2.918832e-01 -8.771021e-01 -3.814394e-01
   outer loop
     vertex  1.581905e+01 -3.317098e+01  1.475358e+02
     vertex  1.665478e+01 -3.294531e+01  1.476564e+02
     vertex  1.583063e+01 -3.321957e+01  1.476564e+02
   endloop
 endfacet
 facet normal  2.508596e-01 -7.538274e-01 -6.073003e-01
   outer loop
     vertex  1.580062e+01 -3.309369e+01  1.474323e+02
     vertex  1.663493e+01 -3.289947e+01  1.475358e+02
     vertex  1.581905e+01 -3.317098e+01  1.475358e+02
   endloop
 endfacet
 facet normal  2.508596e-01 -7.538274e-01 -6.073003e-01
   outer loop
     vertex  1.580062e+01 -3.309369e+01  1.474323e+02
     vertex  1.660337e+01 -3.282655e+01  1.474323e+02
     vertex  1.663493e+01 -3.289947e+01  1.475358e+02
   endloop
 endfacet
 facet normal  1.926814e-01 -5.790032e-01 -7.922305e-01
   outer loop
     vertex  1.577661e+01 -3.299296e+01  1.473528e+02
     vertex  1.656223e+01 -3.273152e+01  1.473528e+02
     vertex  1.660337e+01 -3.282655e+01  1.474323e+02
   endloop
 endfacet
 facet normal  1.926814e-01 -5.790032e-01 -7.922305e-01
   outer loop
     vertex  1.577661e+01 -3.299296e+01  1.473528e+02
     vertex  1.660337e+01 -3.282655e+01  1.474323e+02
     vertex  1.580062e+01 -3.309369e+01  1.474323e+02
   endloop
 endfacet
 facet normal  1.212283e-01 -3.642884e-01 -9.233622e-01
   outer loop
     vertex  1.574865e+01 -3.287565e+01  1.473029e+02
     vertex  1.651433e+01 -3.262085e+01  1.473029e+02
     vertex  1.656223e+01 -3.273152e+01  1.473528e+02
   endloop
 endfacet
 facet normal  4.136920e-02 -1.243135e-01 -9.913802e-01
   outer loop
     vertex  1.574865e+01 -3.287565e+01  1.473029e+02
     vertex  1.571865e+01 -3.274977e+01  1.472858e+02
     vertex  1.646292e+01 -3.250209e+01  1.472858e+02
   endloop
 endfacet
 facet normal  1.212283e-01 -3.642884e-01 -9.233622e-01
   outer loop
     vertex  1.574865e+01 -3.287565e+01  1.473029e+02
     vertex  1.656223e+01 -3.273152e+01  1.473528e+02
     vertex  1.577661e+01 -3.299296e+01  1.473528e+02
   endloop
 endfacet
 facet normal  4.136920e-02 -1.243135e-01 -9.913802e-01
   outer loop
     vertex  1.574865e+01 -3.287565e+01  1.473029e+02
     vertex  1.646292e+01 -3.250209e+01  1.472858e+02
     vertex  1.651433e+01 -3.262085e+01  1.473029e+02
   endloop
 endfacet
 facet normal  1.449535e-01 -9.808561e-01 -1.300379e-01
   outer loop
     vertex  1.497137e+01 -3.334655e+01  1.476564e+02
     vertex  1.583063e+01 -3.321957e+01  1.476564e+02
     vertex  1.583458e+01 -3.323614e+01  1.477858e+02
   endloop
 endfacet
 facet normal  1.449535e-01 -9.808561e-01 -1.300379e-01
   outer loop
     vertex  1.497137e+01 -3.334655e+01  1.476564e+02
     vertex  1.583458e+01 -3.323614e+01  1.477858e+02
     vertex  1.497238e+01 -3.336356e+01  1.477858e+02
   endloop
 endfacet
 facet normal -2.757252e-02 -9.911256e-01 -1.300379e-01
   outer loop
     vertex  1.497137e+01 -3.334655e+01  1.476564e+02
     vertex  1.497238e+01 -3.336356e+01  1.477858e+02
     vertex  1.410312e+01 -3.332240e+01  1.476564e+02
   endloop
 endfacet
 facet normal -2.570614e-02 -9.240363e-01 -3.814394e-01
   outer loop
     vertex  1.496840e+01 -3.329669e+01  1.475358e+02
     vertex  1.410312e+01 -3.332240e+01  1.476564e+02
     vertex  1.410885e+01 -3.327278e+01  1.475358e+02
   endloop
 endfacet
 facet normal -2.570614e-02 -9.240363e-01 -3.814394e-01
   outer loop
     vertex  1.496840e+01 -3.329669e+01  1.475358e+02
     vertex  1.497137e+01 -3.334655e+01  1.476564e+02
     vertex  1.410312e+01 -3.332240e+01  1.476564e+02
   endloop
 endfacet
 facet normal  1.351416e-01 -9.144620e-01 -3.814394e-01
   outer loop
     vertex  1.496840e+01 -3.329669e+01  1.475358e+02
     vertex  1.583063e+01 -3.321957e+01  1.476564e+02
     vertex  1.497137e+01 -3.334655e+01  1.476564e+02
   endloop
 endfacet
 facet normal  1.351416e-01 -9.144620e-01 -3.814394e-01
   outer loop
     vertex  1.496840e+01 -3.329669e+01  1.475358e+02
     vertex  1.581905e+01 -3.317098e+01  1.475358e+02
     vertex  1.583063e+01 -3.321957e+01  1.476564e+02
   endloop
 endfacet
 facet normal -2.209320e-02 -7.941651e-01 -6.073003e-01
   outer loop
     vertex  1.496368e+01 -3.321737e+01  1.474323e+02
     vertex  1.410885e+01 -3.327278e+01  1.475358e+02
     vertex  1.411798e+01 -3.319385e+01  1.474323e+02
   endloop
 endfacet
 facet normal  1.161478e-01 -7.859364e-01 -6.073003e-01
   outer loop
     vertex  1.496368e+01 -3.321737e+01  1.474323e+02
     vertex  1.580062e+01 -3.309369e+01  1.474323e+02
     vertex  1.581905e+01 -3.317098e+01  1.475358e+02
   endloop
 endfacet
 facet normal -2.209320e-02 -7.941651e-01 -6.073003e-01
   outer loop
     vertex  1.496368e+01 -3.321737e+01  1.474323e+02
     vertex  1.496840e+01 -3.329669e+01  1.475358e+02
     vertex  1.410885e+01 -3.327278e+01  1.475358e+02
   endloop
 endfacet
 facet normal  1.161478e-01 -7.859364e-01 -6.073003e-01
   outer loop
     vertex  1.496368e+01 -3.321737e+01  1.474323e+02
     vertex  1.581905e+01 -3.317098e+01  1.475358e+02
     vertex  1.496840e+01 -3.329669e+01  1.475358e+02
   endloop
 endfacet
 facet normal -1.696945e-02 -6.099859e-01 -7.922305e-01
   outer loop
     vertex  1.495753e+01 -3.311400e+01  1.473528e+02
     vertex  1.411798e+01 -3.319385e+01  1.474323e+02
     vertex  1.412987e+01 -3.309098e+01  1.473528e+02
   endloop
 endfacet
 facet normal -1.696945e-02 -6.099859e-01 -7.922305e-01
   outer loop
     vertex  1.495753e+01 -3.311400e+01  1.473528e+02
     vertex  1.496368e+01 -3.321737e+01  1.474323e+02
     vertex  1.411798e+01 -3.319385e+01  1.474323e+02
   endloop
 endfacet
 facet normal  8.921131e-02 -6.036656e-01 -7.922305e-01
   outer loop
     vertex  1.495753e+01 -3.311400e+01  1.473528e+02
     vertex  1.577661e+01 -3.299296e+01  1.473528e+02
     vertex  1.580062e+01 -3.309369e+01  1.474323e+02
   endloop
 endfacet
 facet normal  5.612860e-02 -3.798051e-01 -9.233622e-01
   outer loop
     vertex  1.495753e+01 -3.311400e+01  1.473528e+02
     vertex  1.574865e+01 -3.287565e+01  1.473029e+02
     vertex  1.577661e+01 -3.299296e+01  1.473528e+02
   endloop
 endfacet
 facet normal  8.921131e-02 -6.036656e-01 -7.922305e-01
   outer loop
     vertex  1.495753e+01 -3.311400e+01  1.473528e+02
     vertex  1.580062e+01 -3.309369e+01  1.474323e+02
     vertex  1.496368e+01 -3.321737e+01  1.474323e+02
   endloop
 endfacet
 facet normal -3.643384e-03 -1.309656e-01 -9.913802e-01
   outer loop
     vertex  1.495036e+01 -3.299362e+01  1.473029e+02
     vertex  1.414372e+01 -3.297118e+01  1.473029e+02
     vertex  1.415858e+01 -3.284263e+01  1.472858e+02
   endloop
 endfacet
 facet normal -1.067658e-02 -3.837816e-01 -9.233622e-01
   outer loop
     vertex  1.495036e+01 -3.299362e+01  1.473029e+02
     vertex  1.412987e+01 -3.309098e+01  1.473528e+02
     vertex  1.414372e+01 -3.297118e+01  1.473029e+02
   endloop
 endfacet
 facet normal  1.915390e-02 -1.296086e-01 -9.913802e-01
   outer loop
     vertex  1.495036e+01 -3.299362e+01  1.473029e+02
     vertex  1.571865e+01 -3.274977e+01  1.472858e+02
     vertex  1.574865e+01 -3.287565e+01  1.473029e+02
   endloop
 endfacet
 facet normal  1.915390e-02 -1.296086e-01 -9.913802e-01
   outer loop
     vertex  1.495036e+01 -3.299362e+01  1.473029e+02
     vertex  1.494267e+01 -3.286444e+01  1.472858e+02
     vertex  1.571865e+01 -3.274977e+01  1.472858e+02
   endloop
 endfacet
 facet normal -3.643384e-03 -1.309656e-01 -9.913802e-01
   outer loop
     vertex  1.495036e+01 -3.299362e+01  1.473029e+02
     vertex  1.415858e+01 -3.284263e+01  1.472858e+02
     vertex  1.494267e+01 -3.286444e+01  1.472858e+02
   endloop
 endfacet
 facet normal -1.067658e-02 -3.837816e-01 -9.233622e-01
   outer loop
     vertex  1.495036e+01 -3.299362e+01  1.473029e+02
     vertex  1.495753e+01 -3.311400e+01  1.473528e+02
     vertex  1.412987e+01 -3.309098e+01  1.473528e+02
   endloop
 endfacet
 facet normal  5.612860e-02 -3.798051e-01 -9.233622e-01
   outer loop
     vertex  1.495036e+01 -3.299362e+01  1.473029e+02
     vertex  1.574865e+01 -3.287565e+01  1.473029e+02
     vertex  1.495753e+01 -3.311400e+01  1.473528e+02
   endloop
 endfacet
 facet normal  1.138425e-01  9.848872e-01 -1.305262e-01
   outer loop
     vertex -4.236696e+01 -1.674562e+01  1.477858e+02
     vertex  1.524941e+01 -2.340547e+01  1.477858e+02
     vertex  1.524746e+01 -2.342239e+01  1.476564e+02
   endloop
 endfacet
 facet normal  1.138425e-01  9.848872e-01 -1.305262e-01
   outer loop
     vertex -4.236892e+01 -1.676255e+01  1.476564e+02
     vertex -4.236696e+01 -1.674562e+01  1.477858e+02
     vertex  1.524746e+01 -2.342239e+01  1.476564e+02
   endloop
 endfacet
 facet normal  1.060843e-01  9.177688e-01 -3.826834e-01
   outer loop
     vertex -4.237465e+01 -1.681217e+01  1.475358e+02
     vertex  1.524746e+01 -2.342239e+01  1.476564e+02
     vertex  1.524172e+01 -2.347201e+01  1.475358e+02
   endloop
 endfacet
 facet normal  1.060843e-01  9.177688e-01 -3.826834e-01
   outer loop
     vertex -4.237465e+01 -1.681217e+01  1.475358e+02
     vertex -4.236892e+01 -1.676255e+01  1.476564e+02
     vertex  1.524746e+01 -2.342239e+01  1.476564e+02
   endloop
 endfacet
 facet normal  9.109669e-02  7.881059e-01 -6.087614e-01
   outer loop
     vertex -4.238378e+01 -1.689110e+01  1.474323e+02
     vertex  1.524172e+01 -2.347201e+01  1.475358e+02
     vertex  1.523260e+01 -2.355094e+01  1.474323e+02
   endloop
 endfacet
 facet normal  6.990095e-02  6.047349e-01 -7.933533e-01
   outer loop
     vertex -4.238378e+01 -1.689110e+01  1.474323e+02
     vertex  1.523260e+01 -2.355094e+01  1.474323e+02
     vertex  1.522071e+01 -2.365381e+01  1.473528e+02
   endloop
 endfacet
 facet normal  9.109669e-02  7.881059e-01 -6.087614e-01
   outer loop
     vertex -4.238378e+01 -1.689110e+01  1.474323e+02
     vertex -4.237465e+01 -1.681217e+01  1.475358e+02
     vertex  1.524172e+01 -2.347201e+01  1.475358e+02
   endloop
 endfacet
 facet normal  4.394157e-02  3.801523e-01 -9.238795e-01
   outer loop
     vertex -4.239567e+01 -1.699397e+01  1.473528e+02
     vertex  1.522071e+01 -2.365381e+01  1.473528e+02
     vertex  1.520686e+01 -2.377361e+01  1.473029e+02
   endloop
 endfacet
 facet normal  6.990095e-02  6.047349e-01 -7.933533e-01
   outer loop
     vertex -4.239567e+01 -1.699397e+01  1.473528e+02
     vertex -4.238378e+01 -1.689110e+01  1.474323e+02
     vertex  1.522071e+01 -2.365381e+01  1.473528e+02
   endloop
 endfacet
 facet normal  1.498765e-02  1.296629e-01 -9.914449e-01
   outer loop
     vertex -4.240952e+01 -1.711376e+01  1.473029e+02
     vertex  1.520686e+01 -2.377361e+01  1.473029e+02
     vertex  1.519200e+01 -2.390216e+01  1.472858e+02
   endloop
 endfacet
 facet normal  4.394157e-02  3.801523e-01 -9.238795e-01
   outer loop
     vertex -4.240952e+01 -1.711376e+01  1.473029e+02
     vertex -4.239567e+01 -1.699397e+01  1.473528e+02
     vertex  1.520686e+01 -2.377361e+01  1.473029e+02
   endloop
 endfacet
 facet normal  1.498765e-02  1.296629e-01 -9.914449e-01
   outer loop
     vertex -4.242437e+01 -1.724232e+01  1.472858e+02
     vertex -4.240952e+01 -1.711376e+01  1.473029e+02
     vertex  1.519200e+01 -2.390216e+01  1.472858e+02
   endloop
 endfacet
 facet normal -1.138425e-01 -9.848872e-01 -1.305262e-01
   outer loop
     vertex  1.410116e+01 -3.333932e+01  1.477858e+02
     vertex -4.351521e+01 -2.667948e+01  1.477858e+02
     vertex -4.351325e+01 -2.666256e+01  1.476564e+02
   endloop
 endfacet
 facet normal -1.138425e-01 -9.848872e-01 -1.305262e-01
   outer loop
     vertex  1.410312e+01 -3.332240e+01  1.476564e+02
     vertex  1.410116e+01 -3.333932e+01  1.477858e+02
     vertex -4.351325e+01 -2.666256e+01  1.476564e+02
   endloop
 endfacet
 facet normal -1.060843e-01 -9.177688e-01 -3.826834e-01
   outer loop
     vertex  1.410885e+01 -3.327278e+01  1.475358e+02
     vertex -4.351325e+01 -2.666256e+01  1.476564e+02
     vertex -4.350752e+01 -2.661294e+01  1.475358e+02
   endloop
 endfacet
 facet normal -1.060843e-01 -9.177688e-01 -3.826834e-01
   outer loop
     vertex  1.410885e+01 -3.327278e+01  1.475358e+02
     vertex  1.410312e+01 -3.332240e+01  1.476564e+02
     vertex -4.351325e+01 -2.666256e+01  1.476564e+02
   endloop
 endfacet
 facet normal -9.109669e-02 -7.881059e-01 -6.087614e-01
   outer loop
     vertex  1.411798e+01 -3.319385e+01  1.474323e+02
     vertex -4.350752e+01 -2.661294e+01  1.475358e+02
     vertex -4.349839e+01 -2.653400e+01  1.474323e+02
   endloop
 endfacet
 facet normal -9.109669e-02 -7.881059e-01 -6.087614e-01
   outer loop
     vertex  1.411798e+01 -3.319385e+01  1.474323e+02
     vertex  1.410885e+01 -3.327278e+01  1.475358e+02
     vertex -4.350752e+01 -2.661294e+01  1.475358e+02
   endloop
 endfacet
 facet normal -6.990095e-02 -6.047349e-01 -7.933533e-01
   outer loop
     vertex  1.412987e+01 -3.309098e+01  1.473528e+02
     vertex -4.349839e+01 -2.653400e+01  1.474323e+02
     vertex -4.348650e+01 -2.643114e+01  1.473528e+02
   endloop
 endfacet
 facet normal -6.990095e-02 -6.047349e-01 -7.933533e-01
   outer loop
     vertex  1.412987e+01 -3.309098e+01  1.473528e+02
     vertex  1.411798e+01 -3.319385e+01  1.474323e+02
     vertex -4.349839e+01 -2.653400e+01  1.474323e+02
   endloop
 endfacet
 facet normal -4.394157e-02 -3.801523e-01 -9.238795e-01
   outer loop
     vertex  1.414372e+01 -3.297118e+01  1.473029e+02
     vertex -4.348650e+01 -2.643114e+01  1.473528e+02
     vertex -4.347266e+01 -2.631134e+01  1.473029e+02
   endloop
 endfacet
 facet normal -4.394157e-02 -3.801523e-01 -9.238795e-01
   outer loop
     vertex  1.414372e+01 -3.297118e+01  1.473029e+02
     vertex  1.412987e+01 -3.309098e+01  1.473528e+02
     vertex -4.348650e+01 -2.643114e+01  1.473528e+02
   endloop
 endfacet
 facet normal -1.498765e-02 -1.296629e-01 -9.914449e-01
   outer loop
     vertex  1.415858e+01 -3.284263e+01  1.472858e+02
     vertex -4.347266e+01 -2.631134e+01  1.473029e+02
     vertex -4.345780e+01 -2.618279e+01  1.472858e+02
   endloop
 endfacet
 facet normal -1.498765e-02 -1.296629e-01 -9.914449e-01
   outer loop
     vertex  1.415858e+01 -3.284263e+01  1.472858e+02
     vertex  1.414372e+01 -3.297118e+01  1.473029e+02
     vertex -4.347266e+01 -2.631134e+01  1.473029e+02
   endloop
 endfacet
 facet normal -9.712802e-01  1.992608e-01 -1.300379e-01
   outer loop
     vertex -4.771653e+01 -2.028952e+01  1.476564e+02
     vertex -4.789109e+01 -2.114038e+01  1.476564e+02
     vertex -4.790802e+01 -2.113843e+01  1.477858e+02
   endloop
 endfacet
 facet normal -9.712802e-01  1.992608e-01 -1.300379e-01
   outer loop
     vertex -4.771653e+01 -2.028952e+01  1.476564e+02
     vertex -4.790802e+01 -2.113843e+01  1.477858e+02
     vertex -4.773286e+01 -2.028465e+01  1.477858e+02
   endloop
 endfacet
 facet normal -9.055343e-01  1.857728e-01 -3.814394e-01
   outer loop
     vertex -4.766866e+01 -2.030378e+01  1.475358e+02
     vertex -4.784147e+01 -2.114612e+01  1.475358e+02
     vertex -4.789109e+01 -2.114038e+01  1.476564e+02
   endloop
 endfacet
 facet normal -9.055343e-01  1.857728e-01 -3.814394e-01
   outer loop
     vertex -4.766866e+01 -2.030378e+01  1.475358e+02
     vertex -4.789109e+01 -2.114038e+01  1.476564e+02
     vertex -4.771653e+01 -2.028952e+01  1.476564e+02
   endloop
 endfacet
 facet normal -7.782635e-01  1.596629e-01 -6.073003e-01
   outer loop
     vertex -4.759251e+01 -2.032647e+01  1.474323e+02
     vertex -4.776254e+01 -2.115524e+01  1.474323e+02
     vertex -4.784147e+01 -2.114612e+01  1.475358e+02
   endloop
 endfacet
 facet normal -7.782635e-01  1.596629e-01 -6.073003e-01
   outer loop
     vertex -4.759251e+01 -2.032647e+01  1.474323e+02
     vertex -4.784147e+01 -2.114612e+01  1.475358e+02
     vertex -4.766866e+01 -2.030378e+01  1.475358e+02
   endloop
 endfacet
 facet normal -5.977722e-01  1.226346e-01 -7.922305e-01
   outer loop
     vertex -4.749327e+01 -2.035605e+01  1.473528e+02
     vertex -4.765967e+01 -2.116713e+01  1.473528e+02
     vertex -4.776254e+01 -2.115524e+01  1.474323e+02
   endloop
 endfacet
 facet normal -5.977722e-01  1.226346e-01 -7.922305e-01
   outer loop
     vertex -4.749327e+01 -2.035605e+01  1.473528e+02
     vertex -4.776254e+01 -2.115524e+01  1.474323e+02
     vertex -4.759251e+01 -2.032647e+01  1.474323e+02
   endloop
 endfacet
 facet normal -3.760971e-01  7.715735e-02 -9.233622e-01
   outer loop
     vertex -4.737770e+01 -2.039049e+01  1.473029e+02
     vertex -4.753988e+01 -2.118098e+01  1.473029e+02
     vertex -4.765967e+01 -2.116713e+01  1.473528e+02
   endloop
 endfacet
 facet normal -1.283432e-01  2.632997e-02 -9.913802e-01
   outer loop
     vertex -4.737770e+01 -2.039049e+01  1.473029e+02
     vertex -4.741132e+01 -2.119584e+01  1.472858e+02
     vertex -4.753988e+01 -2.118098e+01  1.473029e+02
   endloop
 endfacet
 facet normal -1.283432e-01  2.632997e-02 -9.913802e-01
   outer loop
     vertex -4.737770e+01 -2.039049e+01  1.473029e+02
     vertex -4.725368e+01 -2.042744e+01  1.472858e+02
     vertex -4.741132e+01 -2.119584e+01  1.472858e+02
   endloop
 endfacet
 facet normal -3.760971e-01  7.715735e-02 -9.233622e-01
   outer loop
     vertex -4.737770e+01 -2.039049e+01  1.473029e+02
     vertex -4.765967e+01 -2.116713e+01  1.473528e+02
     vertex -4.749327e+01 -2.035605e+01  1.473528e+02
   endloop
 endfacet
 facet normal -9.219230e-01  3.648946e-01 -1.300379e-01
   outer loop
     vertex -4.739688e+01 -1.948189e+01  1.476564e+02
     vertex -4.773286e+01 -2.028465e+01  1.477858e+02
     vertex -4.741211e+01 -1.947426e+01  1.477858e+02
   endloop
 endfacet
 facet normal -9.219230e-01  3.648946e-01 -1.300379e-01
   outer loop
     vertex -4.739688e+01 -1.948189e+01  1.476564e+02
     vertex -4.771653e+01 -2.028952e+01  1.476564e+02
     vertex -4.773286e+01 -2.028465e+01  1.477858e+02
   endloop
 endfacet
 facet normal -8.595181e-01  3.401949e-01 -3.814394e-01
   outer loop
     vertex -4.735221e+01 -1.950425e+01  1.475358e+02
     vertex -4.771653e+01 -2.028952e+01  1.476564e+02
     vertex -4.739688e+01 -1.948189e+01  1.476564e+02
   endloop
 endfacet
 facet normal -8.595181e-01  3.401949e-01 -3.814394e-01
   outer loop
     vertex -4.735221e+01 -1.950425e+01  1.475358e+02
     vertex -4.766866e+01 -2.030378e+01  1.475358e+02
     vertex -4.771653e+01 -2.028952e+01  1.476564e+02
   endloop
 endfacet
 facet normal -7.387148e-01  2.923813e-01 -6.073003e-01
   outer loop
     vertex -4.728116e+01 -1.953982e+01  1.474323e+02
     vertex -4.766866e+01 -2.030378e+01  1.475358e+02
     vertex -4.735221e+01 -1.950425e+01  1.475358e+02
   endloop
 endfacet
 facet normal -7.387148e-01  2.923813e-01 -6.073003e-01
   outer loop
     vertex -4.728116e+01 -1.953982e+01  1.474323e+02
     vertex -4.759251e+01 -2.032647e+01  1.474323e+02
     vertex -4.766866e+01 -2.030378e+01  1.475358e+02
   endloop
 endfacet
 facet normal -5.673954e-01  2.245735e-01 -7.922305e-01
   outer loop
     vertex -4.718856e+01 -1.958618e+01  1.473528e+02
     vertex -4.749327e+01 -2.035605e+01  1.473528e+02
     vertex -4.759251e+01 -2.032647e+01  1.474323e+02
   endloop
 endfacet
 facet normal -5.673954e-01  2.245735e-01 -7.922305e-01
   outer loop
     vertex -4.718856e+01 -1.958618e+01  1.473528e+02
     vertex -4.759251e+01 -2.032647e+01  1.474323e+02
     vertex -4.728116e+01 -1.953982e+01  1.474323e+02
   endloop
 endfacet
 facet normal -1.218213e-01  4.821652e-02 -9.913802e-01
   outer loop
     vertex -4.708073e+01 -1.964016e+01  1.473029e+02
     vertex -4.696501e+01 -1.969809e+01  1.472858e+02
     vertex -4.725368e+01 -2.042744e+01  1.472858e+02
   endloop
 endfacet
 facet normal -1.218213e-01  4.821652e-02 -9.913802e-01
   outer loop
     vertex -4.708073e+01 -1.964016e+01  1.473029e+02
     vertex -4.725368e+01 -2.042744e+01  1.472858e+02
     vertex -4.737770e+01 -2.039049e+01  1.473029e+02
   endloop
 endfacet
 facet normal -3.569852e-01  1.412937e-01 -9.233622e-01
   outer loop
     vertex -4.708073e+01 -1.964016e+01  1.473029e+02
     vertex -4.749327e+01 -2.035605e+01  1.473528e+02
     vertex -4.718856e+01 -1.958618e+01  1.473528e+02
   endloop
 endfacet
 facet normal -3.569852e-01  1.412937e-01 -9.233622e-01
   outer loop
     vertex -4.708073e+01 -1.964016e+01  1.473029e+02
     vertex -4.737770e+01 -2.039049e+01  1.473029e+02
     vertex -4.749327e+01 -2.035605e+01  1.473528e+02
   endloop
 endfacet
 facet normal -8.445537e-01  5.194413e-01 -1.300379e-01
   outer loop
     vertex -4.694183e+01 -1.874204e+01  1.476564e+02
     vertex -4.741211e+01 -1.947426e+01  1.477858e+02
     vertex -4.695551e+01 -1.873188e+01  1.477858e+02
   endloop
 endfacet
 facet normal -8.445537e-01  5.194413e-01 -1.300379e-01
   outer loop
     vertex -4.694183e+01 -1.874204e+01  1.476564e+02
     vertex -4.739688e+01 -1.948189e+01  1.476564e+02
     vertex -4.741211e+01 -1.947426e+01  1.477858e+02
   endloop
 endfacet
 facet normal -7.873859e-01  4.842803e-01 -3.814394e-01
   outer loop
     vertex -4.690173e+01 -1.877182e+01  1.475358e+02
     vertex -4.735221e+01 -1.950425e+01  1.475358e+02
     vertex -4.739688e+01 -1.948189e+01  1.476564e+02
   endloop
 endfacet
 facet normal -7.873859e-01  4.842803e-01 -3.814394e-01
   outer loop
     vertex -4.690173e+01 -1.877182e+01  1.475358e+02
     vertex -4.739688e+01 -1.948189e+01  1.476564e+02
     vertex -4.694183e+01 -1.874204e+01  1.476564e+02
   endloop
 endfacet
 facet normal -6.767206e-01  4.162158e-01 -6.073003e-01
   outer loop
     vertex -4.683793e+01 -1.881918e+01  1.474323e+02
     vertex -4.728116e+01 -1.953982e+01  1.474323e+02
     vertex -4.735221e+01 -1.950425e+01  1.475358e+02
   endloop
 endfacet
 facet normal -6.767206e-01  4.162158e-01 -6.073003e-01
   outer loop
     vertex -4.683793e+01 -1.881918e+01  1.474323e+02
     vertex -4.735221e+01 -1.950425e+01  1.475358e+02
     vertex -4.690173e+01 -1.877182e+01  1.475358e+02
   endloop
 endfacet
 facet normal -5.197786e-01  3.196889e-01 -7.922305e-01
   outer loop
     vertex -4.675479e+01 -1.888092e+01  1.473528e+02
     vertex -4.718856e+01 -1.958618e+01  1.473528e+02
     vertex -4.728116e+01 -1.953982e+01  1.474323e+02
   endloop
 endfacet
 facet normal -5.197786e-01  3.196889e-01 -7.922305e-01
   outer loop
     vertex -4.675479e+01 -1.888092e+01  1.473528e+02
     vertex -4.728116e+01 -1.953982e+01  1.474323e+02
     vertex -4.683793e+01 -1.881918e+01  1.474323e+02
   endloop
 endfacet
 facet normal -1.115978e-01  6.863805e-02 -9.913802e-01
   outer loop
     vertex -4.665797e+01 -1.895280e+01  1.473029e+02
     vertex -4.655407e+01 -1.902995e+01  1.472858e+02
     vertex -4.696501e+01 -1.969809e+01  1.472858e+02
   endloop
 endfacet
 facet normal -1.115978e-01  6.863805e-02 -9.913802e-01
   outer loop
     vertex -4.665797e+01 -1.895280e+01  1.473029e+02
     vertex -4.696501e+01 -1.969809e+01  1.472858e+02
     vertex -4.708073e+01 -1.964016e+01  1.473029e+02
   endloop
 endfacet
 facet normal -3.270263e-01  2.011370e-01 -9.233622e-01
   outer loop
     vertex -4.665797e+01 -1.895280e+01  1.473029e+02
     vertex -4.708073e+01 -1.964016e+01  1.473029e+02
     vertex -4.718856e+01 -1.958618e+01  1.473528e+02
   endloop
 endfacet
 facet normal -3.270263e-01  2.011370e-01 -9.233622e-01
   outer loop
     vertex -4.665797e+01 -1.895280e+01  1.473029e+02
     vertex -4.718856e+01 -1.958618e+01  1.473528e+02
     vertex -4.675479e+01 -1.888092e+01  1.473528e+02
   endloop
 endfacet
 facet normal -7.415230e-01  6.582050e-01 -1.300379e-01
   outer loop
     vertex -4.636523e+01 -1.809245e+01  1.476564e+02
     vertex -4.695551e+01 -1.873188e+01  1.477858e+02
     vertex -4.637693e+01 -1.808007e+01  1.477858e+02
   endloop
 endfacet
 facet normal -7.415230e-01  6.582050e-01 -1.300379e-01
   outer loop
     vertex -4.636523e+01 -1.809245e+01  1.476564e+02
     vertex -4.694183e+01 -1.874204e+01  1.476564e+02
     vertex -4.695551e+01 -1.873188e+01  1.477858e+02
   endloop
 endfacet
 facet normal -6.913293e-01  6.136512e-01 -3.814394e-01
   outer loop
     vertex -4.636523e+01 -1.809245e+01  1.476564e+02
     vertex -4.690173e+01 -1.877182e+01  1.475358e+02
     vertex -4.694183e+01 -1.874204e+01  1.476564e+02
   endloop
 endfacet
 facet normal -6.913293e-01  6.136512e-01 -3.814394e-01
   outer loop
     vertex -4.633090e+01 -1.812873e+01  1.475358e+02
     vertex -4.690173e+01 -1.877182e+01  1.475358e+02
     vertex -4.636523e+01 -1.809245e+01  1.476564e+02
   endloop
 endfacet
 facet normal -5.941645e-01  5.274039e-01 -6.073003e-01
   outer loop
     vertex -4.627630e+01 -1.818646e+01  1.474323e+02
     vertex -4.690173e+01 -1.877182e+01  1.475358e+02
     vertex -4.633090e+01 -1.812873e+01  1.475358e+02
   endloop
 endfacet
 facet normal -5.941645e-01  5.274039e-01 -6.073003e-01
   outer loop
     vertex -4.627630e+01 -1.818646e+01  1.474323e+02
     vertex -4.683793e+01 -1.881918e+01  1.474323e+02
     vertex -4.690173e+01 -1.877182e+01  1.475358e+02
   endloop
 endfacet
 facet normal -4.563686e-01  4.050908e-01 -7.922305e-01
   outer loop
     vertex -4.620514e+01 -1.826169e+01  1.473528e+02
     vertex -4.683793e+01 -1.881918e+01  1.474323e+02
     vertex -4.627630e+01 -1.818646e+01  1.474323e+02
   endloop
 endfacet
 facet normal -4.563686e-01  4.050908e-01 -7.922305e-01
   outer loop
     vertex -4.620514e+01 -1.826169e+01  1.473528e+02
     vertex -4.675479e+01 -1.888092e+01  1.473528e+02
     vertex -4.683793e+01 -1.881918e+01  1.474323e+02
   endloop
 endfacet
 facet normal -2.871310e-01  2.548688e-01 -9.233622e-01
   outer loop
     vertex -4.612228e+01 -1.834930e+01  1.473029e+02
     vertex -4.665797e+01 -1.895280e+01  1.473029e+02
     vertex -4.675479e+01 -1.888092e+01  1.473528e+02
   endloop
 endfacet
 facet normal -2.871310e-01  2.548688e-01 -9.233622e-01
   outer loop
     vertex -4.612228e+01 -1.834930e+01  1.473029e+02
     vertex -4.675479e+01 -1.888092e+01  1.473528e+02
     vertex -4.620514e+01 -1.826169e+01  1.473528e+02
   endloop
 endfacet
 facet normal -9.798352e-02  8.697404e-02 -9.913802e-01
   outer loop
     vertex -4.612228e+01 -1.834930e+01  1.473029e+02
     vertex -4.603335e+01 -1.844332e+01  1.472858e+02
     vertex -4.655407e+01 -1.902995e+01  1.472858e+02
   endloop
 endfacet
 facet normal -9.798352e-02  8.697404e-02 -9.913802e-01
   outer loop
     vertex -4.612228e+01 -1.834930e+01  1.473029e+02
     vertex -4.655407e+01 -1.902995e+01  1.472858e+02
     vertex -4.665797e+01 -1.895280e+01  1.473029e+02
   endloop
 endfacet
 facet normal -6.159615e-01  7.769695e-01 -1.300379e-01
   outer loop
     vertex -4.568458e+01 -1.755285e+01  1.476564e+02
     vertex -4.637693e+01 -1.808007e+01  1.477858e+02
     vertex -4.569396e+01 -1.753862e+01  1.477858e+02
   endloop
 endfacet
 facet normal -6.159615e-01  7.769695e-01 -1.300379e-01
   outer loop
     vertex -4.568458e+01 -1.755285e+01  1.476564e+02
     vertex -4.636523e+01 -1.809245e+01  1.476564e+02
     vertex -4.637693e+01 -1.808007e+01  1.477858e+02
   endloop
 endfacet
 facet normal -5.742671e-01  7.243765e-01 -3.814394e-01
   outer loop
     vertex -4.565708e+01 -1.759454e+01  1.475358e+02
     vertex -4.636523e+01 -1.809245e+01  1.476564e+02
     vertex -4.568458e+01 -1.755285e+01  1.476564e+02
   endloop
 endfacet
 facet normal -5.742671e-01  7.243765e-01 -3.814394e-01
   outer loop
     vertex -4.565708e+01 -1.759454e+01  1.475358e+02
     vertex -4.633090e+01 -1.812873e+01  1.475358e+02
     vertex -4.636523e+01 -1.809245e+01  1.476564e+02
   endloop
 endfacet
 facet normal -4.935551e-01  6.225670e-01 -6.073003e-01
   outer loop
     vertex -4.561333e+01 -1.766088e+01  1.474323e+02
     vertex -4.627630e+01 -1.818646e+01  1.474323e+02
     vertex -4.633090e+01 -1.812873e+01  1.475358e+02
   endloop
 endfacet
 facet normal -3.790921e-01  4.781841e-01 -7.922305e-01
   outer loop
     vertex -4.561333e+01 -1.766088e+01  1.474323e+02
     vertex -4.620514e+01 -1.826169e+01  1.473528e+02
     vertex -4.627630e+01 -1.818646e+01  1.474323e+02
   endloop
 endfacet
 facet normal -4.935551e-01  6.225670e-01 -6.073003e-01
   outer loop
     vertex -4.561333e+01 -1.766088e+01  1.474323e+02
     vertex -4.633090e+01 -1.812873e+01  1.475358e+02
     vertex -4.565708e+01 -1.759454e+01  1.475358e+02
   endloop
 endfacet
 facet normal -3.790921e-01  4.781841e-01 -7.922305e-01
   outer loop
     vertex -4.555632e+01 -1.774732e+01  1.473528e+02
     vertex -4.620514e+01 -1.826169e+01  1.473528e+02
     vertex -4.561333e+01 -1.766088e+01  1.474323e+02
   endloop
 endfacet
 facet normal -8.139205e-02  1.026674e-01 -9.913802e-01
   outer loop
     vertex -4.548992e+01 -1.784799e+01  1.473029e+02
     vertex -4.603335e+01 -1.844332e+01  1.472858e+02
     vertex -4.612228e+01 -1.834930e+01  1.473029e+02
   endloop
 endfacet
 facet normal -8.139205e-02  1.026674e-01 -9.913802e-01
   outer loop
     vertex -4.548992e+01 -1.784799e+01  1.473029e+02
     vertex -4.541867e+01 -1.795602e+01  1.472858e+02
     vertex -4.603335e+01 -1.844332e+01  1.472858e+02
   endloop
 endfacet
 facet normal -6.232752e-02  1.152412e-01 -9.913802e-01
   outer loop
     vertex -4.548992e+01 -1.784799e+01  1.473029e+02
     vertex -4.472872e+01 -1.758286e+01  1.472858e+02
     vertex -4.541867e+01 -1.795602e+01  1.472858e+02
   endloop
 endfacet
 facet normal -2.385113e-01  3.008565e-01 -9.233622e-01
   outer loop
     vertex -4.548992e+01 -1.784799e+01  1.473029e+02
     vertex -4.620514e+01 -1.826169e+01  1.473528e+02
     vertex -4.555632e+01 -1.774732e+01  1.473528e+02
   endloop
 endfacet
 facet normal -2.385113e-01  3.008565e-01 -9.233622e-01
   outer loop
     vertex -4.548992e+01 -1.784799e+01  1.473029e+02
     vertex -4.612228e+01 -1.834930e+01  1.473029e+02
     vertex -4.620514e+01 -1.826169e+01  1.473528e+02
   endloop
 endfacet
 facet normal -4.716843e-01  8.721262e-01 -1.300379e-01
   outer loop
     vertex -4.492058e+01 -1.713964e+01  1.476564e+02
     vertex -4.568458e+01 -1.755285e+01  1.476564e+02
     vertex -4.569396e+01 -1.753862e+01  1.477858e+02
   endloop
 endfacet
 facet normal -4.716843e-01  8.721262e-01 -1.300379e-01
   outer loop
     vertex -4.492058e+01 -1.713964e+01  1.476564e+02
     vertex -4.569396e+01 -1.753862e+01  1.477858e+02
     vertex -4.492734e+01 -1.712400e+01  1.477858e+02
   endloop
 endfacet
 facet normal -4.397560e-01  8.130920e-01 -3.814394e-01
   outer loop
     vertex -4.492058e+01 -1.713964e+01  1.476564e+02
     vertex -4.565708e+01 -1.759454e+01  1.475358e+02
     vertex -4.568458e+01 -1.755285e+01  1.476564e+02
   endloop
 endfacet
 facet normal -4.397560e-01  8.130920e-01 -3.814394e-01
   outer loop
     vertex -4.490073e+01 -1.718548e+01  1.475358e+02
     vertex -4.565708e+01 -1.759454e+01  1.475358e+02
     vertex -4.492058e+01 -1.713964e+01  1.476564e+02
   endloop
 endfacet
 facet normal -3.779493e-01  6.988138e-01 -6.073003e-01
   outer loop
     vertex -4.486917e+01 -1.725840e+01  1.474323e+02
     vertex -4.561333e+01 -1.766088e+01  1.474323e+02
     vertex -4.565708e+01 -1.759454e+01  1.475358e+02
   endloop
 endfacet
 facet normal -3.779493e-01  6.988138e-01 -6.073003e-01
   outer loop
     vertex -4.486917e+01 -1.725840e+01  1.474323e+02
     vertex -4.565708e+01 -1.759454e+01  1.475358e+02
     vertex -4.490073e+01 -1.718548e+01  1.475358e+02
   endloop
 endfacet
 facet normal -2.902970e-01  5.367480e-01 -7.922305e-01
   outer loop
     vertex -4.482803e+01 -1.735343e+01  1.473528e+02
     vertex -4.555632e+01 -1.774732e+01  1.473528e+02
     vertex -4.561333e+01 -1.766088e+01  1.474323e+02
   endloop
 endfacet
 facet normal -2.902970e-01  5.367480e-01 -7.922305e-01
   outer loop
     vertex -4.482803e+01 -1.735343e+01  1.473528e+02
     vertex -4.561333e+01 -1.766088e+01  1.474323e+02
     vertex -4.486917e+01 -1.725840e+01  1.474323e+02
   endloop
 endfacet
 facet normal -6.232752e-02  1.152412e-01 -9.913802e-01
   outer loop
     vertex -4.478013e+01 -1.746410e+01  1.473029e+02
     vertex -4.472872e+01 -1.758286e+01  1.472858e+02
     vertex -4.548992e+01 -1.784799e+01  1.473029e+02
   endloop
 endfacet
 facet normal -1.826446e-01  3.377029e-01 -9.233622e-01
   outer loop
     vertex -4.478013e+01 -1.746410e+01  1.473029e+02
     vertex -4.548992e+01 -1.784799e+01  1.473029e+02
     vertex -4.555632e+01 -1.774732e+01  1.473528e+02
   endloop
 endfacet
 facet normal -1.826446e-01  3.377029e-01 -9.233622e-01
   outer loop
     vertex -4.478013e+01 -1.746410e+01  1.473029e+02
     vertex -4.555632e+01 -1.774732e+01  1.473528e+02
     vertex -4.482803e+01 -1.735343e+01  1.473528e+02
   endloop
 endfacet
 facet normal -3.130752e-01  9.407837e-01 -1.300379e-01
   outer loop
     vertex -4.409643e+01 -1.686538e+01  1.476564e+02
     vertex -4.492734e+01 -1.712400e+01  1.477858e+02
     vertex -4.410038e+01 -1.684880e+01  1.477858e+02
   endloop
 endfacet
 facet normal -2.918832e-01  8.771021e-01 -3.814394e-01
   outer loop
     vertex -4.409643e+01 -1.686538e+01  1.476564e+02
     vertex -4.490073e+01 -1.718548e+01  1.475358e+02
     vertex -4.492058e+01 -1.713964e+01  1.476564e+02
   endloop
 endfacet
 facet normal -3.130752e-01  9.407837e-01 -1.300379e-01
   outer loop
     vertex -4.409643e+01 -1.686538e+01  1.476564e+02
     vertex -4.492058e+01 -1.713964e+01  1.476564e+02
     vertex -4.492734e+01 -1.712400e+01  1.477858e+02
   endloop
 endfacet
 facet normal -2.918832e-01  8.771021e-01 -3.814394e-01
   outer loop
     vertex -4.408484e+01 -1.691397e+01  1.475358e+02
     vertex -4.490073e+01 -1.718548e+01  1.475358e+02
     vertex -4.409643e+01 -1.686538e+01  1.476564e+02
   endloop
 endfacet
 facet normal -2.508596e-01  7.538274e-01 -6.073003e-01
   outer loop
     vertex -4.406642e+01 -1.699126e+01  1.474323e+02
     vertex -4.486917e+01 -1.725840e+01  1.474323e+02
     vertex -4.490073e+01 -1.718548e+01  1.475358e+02
   endloop
 endfacet
 facet normal -2.508596e-01  7.538274e-01 -6.073003e-01
   outer loop
     vertex -4.406642e+01 -1.699126e+01  1.474323e+02
     vertex -4.490073e+01 -1.718548e+01  1.475358e+02
     vertex -4.408484e+01 -1.691397e+01  1.475358e+02
   endloop
 endfacet
 facet normal -1.926814e-01  5.790032e-01 -7.922305e-01
   outer loop
     vertex -4.404241e+01 -1.709199e+01  1.473528e+02
     vertex -4.482803e+01 -1.735343e+01  1.473528e+02
     vertex -4.486917e+01 -1.725840e+01  1.474323e+02
   endloop
 endfacet
 facet normal -1.926814e-01  5.790032e-01 -7.922305e-01
   outer loop
     vertex -4.404241e+01 -1.709199e+01  1.473528e+02
     vertex -4.486917e+01 -1.725840e+01  1.474323e+02
     vertex -4.406642e+01 -1.699126e+01  1.474323e+02
   endloop
 endfacet
 facet normal -4.136920e-02  1.243135e-01 -9.913802e-01
   outer loop
     vertex -4.401445e+01 -1.720930e+01  1.473029e+02
     vertex -4.398445e+01 -1.733518e+01  1.472858e+02
     vertex -4.472872e+01 -1.758286e+01  1.472858e+02
   endloop
 endfacet
 facet normal -4.136920e-02  1.243135e-01 -9.913802e-01
   outer loop
     vertex -4.401445e+01 -1.720930e+01  1.473029e+02
     vertex -4.472872e+01 -1.758286e+01  1.472858e+02
     vertex -4.478013e+01 -1.746410e+01  1.473029e+02
   endloop
 endfacet
 facet normal -1.212283e-01  3.642884e-01 -9.233622e-01
   outer loop
     vertex -4.401445e+01 -1.720930e+01  1.473029e+02
     vertex -4.478013e+01 -1.746410e+01  1.473029e+02
     vertex -4.482803e+01 -1.735343e+01  1.473528e+02
   endloop
 endfacet
 facet normal -1.212283e-01  3.642884e-01 -9.233622e-01
   outer loop
     vertex -4.401445e+01 -1.720930e+01  1.473029e+02
     vertex -4.482803e+01 -1.735343e+01  1.473528e+02
     vertex -4.404241e+01 -1.709199e+01  1.473528e+02
   endloop
 endfacet
 facet normal  2.757252e-02  9.911256e-01 -1.300379e-01
   outer loop
     vertex -4.323717e+01 -1.673839e+01  1.476564e+02
     vertex -4.323818e+01 -1.672139e+01  1.477858e+02
     vertex -4.236696e+01 -1.674562e+01  1.477858e+02
   endloop
 endfacet
 facet normal -1.449535e-01  9.808561e-01 -1.300379e-01
   outer loop
     vertex -4.323717e+01 -1.673839e+01  1.476564e+02
     vertex -4.410038e+01 -1.684880e+01  1.477858e+02
     vertex -4.323818e+01 -1.672139e+01  1.477858e+02
   endloop
 endfacet
 facet normal  2.757252e-02  9.911256e-01 -1.300379e-01
   outer loop
     vertex -4.323717e+01 -1.673839e+01  1.476564e+02
     vertex -4.236696e+01 -1.674562e+01  1.477858e+02
     vertex -4.236892e+01 -1.676255e+01  1.476564e+02
   endloop
 endfacet
 facet normal -1.449535e-01  9.808561e-01 -1.300379e-01
   outer loop
     vertex -4.323717e+01 -1.673839e+01  1.476564e+02
     vertex -4.409643e+01 -1.686538e+01  1.476564e+02
     vertex -4.410038e+01 -1.684880e+01  1.477858e+02
   endloop
 endfacet
 facet normal  2.570614e-02  9.240363e-01 -3.814394e-01
   outer loop
     vertex -4.323420e+01 -1.678826e+01  1.475358e+02
     vertex -4.236892e+01 -1.676255e+01  1.476564e+02
     vertex -4.237465e+01 -1.681217e+01  1.475358e+02
   endloop
 endfacet
 facet normal -1.351416e-01  9.144620e-01 -3.814394e-01
   outer loop
     vertex -4.323420e+01 -1.678826e+01  1.475358e+02
     vertex -4.408484e+01 -1.691397e+01  1.475358e+02
     vertex -4.409643e+01 -1.686538e+01  1.476564e+02
   endloop
 endfacet
 facet normal  2.570614e-02  9.240363e-01 -3.814394e-01
   outer loop
     vertex -4.323420e+01 -1.678826e+01  1.475358e+02
     vertex -4.323717e+01 -1.673839e+01  1.476564e+02
     vertex -4.236892e+01 -1.676255e+01  1.476564e+02
   endloop
 endfacet
 facet normal -1.351416e-01  9.144620e-01 -3.814394e-01
   outer loop
     vertex -4.323420e+01 -1.678826e+01  1.475358e+02
     vertex -4.409643e+01 -1.686538e+01  1.476564e+02
     vertex -4.323717e+01 -1.673839e+01  1.476564e+02
   endloop
 endfacet
 facet normal  2.209320e-02  7.941651e-01 -6.073003e-01
   outer loop
     vertex -4.322948e+01 -1.686757e+01  1.474323e+02
     vertex -4.237465e+01 -1.681217e+01  1.475358e+02
     vertex -4.238378e+01 -1.689110e+01  1.474323e+02
   endloop
 endfacet
 facet normal -1.161478e-01  7.859364e-01 -6.073003e-01
   outer loop
     vertex -4.322948e+01 -1.686757e+01  1.474323e+02
     vertex -4.406642e+01 -1.699126e+01  1.474323e+02
     vertex -4.408484e+01 -1.691397e+01  1.475358e+02
   endloop
 endfacet
 facet normal  2.209320e-02  7.941651e-01 -6.073003e-01
   outer loop
     vertex -4.322948e+01 -1.686757e+01  1.474323e+02
     vertex -4.323420e+01 -1.678826e+01  1.475358e+02
     vertex -4.237465e+01 -1.681217e+01  1.475358e+02
   endloop
 endfacet
 facet normal -1.161478e-01  7.859364e-01 -6.073003e-01
   outer loop
     vertex -4.322948e+01 -1.686757e+01  1.474323e+02
     vertex -4.408484e+01 -1.691397e+01  1.475358e+02
     vertex -4.323420e+01 -1.678826e+01  1.475358e+02
   endloop
 endfacet
 facet normal  1.696945e-02  6.099859e-01 -7.922305e-01
   outer loop
     vertex -4.322333e+01 -1.697095e+01  1.473528e+02
     vertex -4.238378e+01 -1.689110e+01  1.474323e+02
     vertex -4.239567e+01 -1.699397e+01  1.473528e+02
   endloop
 endfacet
 facet normal -8.921131e-02  6.036656e-01 -7.922305e-01
   outer loop
     vertex -4.322333e+01 -1.697095e+01  1.473528e+02
     vertex -4.406642e+01 -1.699126e+01  1.474323e+02
     vertex -4.322948e+01 -1.686757e+01  1.474323e+02
   endloop
 endfacet
 facet normal -8.921131e-02  6.036656e-01 -7.922305e-01
   outer loop
     vertex -4.322333e+01 -1.697095e+01  1.473528e+02
     vertex -4.404241e+01 -1.709199e+01  1.473528e+02
     vertex -4.406642e+01 -1.699126e+01  1.474323e+02
   endloop
 endfacet
 facet normal  1.696945e-02  6.099859e-01 -7.922305e-01
   outer loop
     vertex -4.322333e+01 -1.697095e+01  1.473528e+02
     vertex -4.322948e+01 -1.686757e+01  1.474323e+02
     vertex -4.238378e+01 -1.689110e+01  1.474323e+02
   endloop
 endfacet
 facet normal  1.067658e-02  3.837816e-01 -9.233622e-01
   outer loop
     vertex -4.321616e+01 -1.709132e+01  1.473029e+02
     vertex -4.239567e+01 -1.699397e+01  1.473528e+02
     vertex -4.240952e+01 -1.711376e+01  1.473029e+02
   endloop
 endfacet
 facet normal  3.643384e-03  1.309656e-01 -9.913802e-01
   outer loop
     vertex -4.321616e+01 -1.709132e+01  1.473029e+02
     vertex -4.240952e+01 -1.711376e+01  1.473029e+02
     vertex -4.242437e+01 -1.724232e+01  1.472858e+02
   endloop
 endfacet
 facet normal -1.915390e-02  1.296086e-01 -9.913802e-01
   outer loop
     vertex -4.321616e+01 -1.709132e+01  1.473029e+02
     vertex -4.320847e+01 -1.722050e+01  1.472858e+02
     vertex -4.398445e+01 -1.733518e+01  1.472858e+02
   endloop
 endfacet
 facet normal  3.643384e-03  1.309656e-01 -9.913802e-01
   outer loop
     vertex -4.321616e+01 -1.709132e+01  1.473029e+02
     vertex -4.242437e+01 -1.724232e+01  1.472858e+02
     vertex -4.320847e+01 -1.722050e+01  1.472858e+02
   endloop
 endfacet
 facet normal -1.915390e-02  1.296086e-01 -9.913802e-01
   outer loop
     vertex -4.321616e+01 -1.709132e+01  1.473029e+02
     vertex -4.398445e+01 -1.733518e+01  1.472858e+02
     vertex -4.401445e+01 -1.720930e+01  1.473029e+02
   endloop
 endfacet
 facet normal -5.612860e-02  3.798051e-01 -9.233622e-01
   outer loop
     vertex -4.321616e+01 -1.709132e+01  1.473029e+02
     vertex -4.401445e+01 -1.720930e+01  1.473029e+02
     vertex -4.404241e+01 -1.709199e+01  1.473528e+02
   endloop
 endfacet
 facet normal  1.067658e-02  3.837816e-01 -9.233622e-01
   outer loop
     vertex -4.321616e+01 -1.709132e+01  1.473029e+02
     vertex -4.322333e+01 -1.697095e+01  1.473528e+02
     vertex -4.239567e+01 -1.699397e+01  1.473528e+02
   endloop
 endfacet
 facet normal -5.612860e-02  3.798051e-01 -9.233622e-01
   outer loop
     vertex -4.321616e+01 -1.709132e+01  1.473029e+02
     vertex -4.404241e+01 -1.709199e+01  1.473528e+02
     vertex -4.322333e+01 -1.697095e+01  1.473528e+02
   endloop
 endfacet
 facet normal  9.795980e-01 -2.009672e-01  0.000000e+00
   outer loop
     vertex  1.225544e+01 -2.765131e+01  1.474858e+02
     vertex  1.216699e+01 -2.808246e+01  1.510858e+02
     vertex  1.216699e+01 -2.808246e+01  1.474858e+02
   endloop
 endfacet
 facet normal  9.795980e-01 -2.009672e-01  1.116170e-16
   outer loop
     vertex  1.225544e+01 -2.765131e+01  1.474858e+02
     vertex  1.225544e+01 -2.765131e+01  1.510858e+02
     vertex  1.216699e+01 -2.808246e+01  1.510858e+02
   endloop
 endfacet
 facet normal  9.298181e-01 -3.680195e-01  1.719516e-16
   outer loop
     vertex  1.241742e+01 -2.724206e+01  1.474858e+02
     vertex  1.241742e+01 -2.724206e+01  1.510858e+02
     vertex  1.225544e+01 -2.765131e+01  1.510858e+02
   endloop
 endfacet
 facet normal  9.298181e-01 -3.680195e-01  6.306129e-16
   outer loop
     vertex  1.241742e+01 -2.724206e+01  1.474858e+02
     vertex  1.225544e+01 -2.765131e+01  1.510858e+02
     vertex  1.225544e+01 -2.765131e+01  1.474858e+02
   endloop
 endfacet
 facet normal  8.517862e-01 -5.238896e-01 -2.268802e-16
   outer loop
     vertex  1.264800e+01 -2.686716e+01  1.474858e+02
     vertex  1.264800e+01 -2.686716e+01  1.510858e+02
     vertex  1.241742e+01 -2.724206e+01  1.510858e+02
   endloop
 endfacet
 facet normal  8.517862e-01 -5.238896e-01  7.094395e-16
   outer loop
     vertex  1.264800e+01 -2.686716e+01  1.474858e+02
     vertex  1.241742e+01 -2.724206e+01  1.510858e+02
     vertex  1.241742e+01 -2.724206e+01  1.474858e+02
   endloop
 endfacet
 facet normal  7.478731e-01 -6.638417e-01  2.031695e-16
   outer loop
     vertex  1.294018e+01 -2.653799e+01  1.474858e+02
     vertex  1.294018e+01 -2.653799e+01  1.510858e+02
     vertex  1.264800e+01 -2.686716e+01  1.510858e+02
   endloop
 endfacet
 facet normal  7.478731e-01 -6.638417e-01  2.014458e-16
   outer loop
     vertex  1.294018e+01 -2.653799e+01  1.474858e+02
     vertex  1.264800e+01 -2.686716e+01  1.510858e+02
     vertex  1.264800e+01 -2.686716e+01  1.474858e+02
   endloop
 endfacet
 facet normal  6.212364e-01 -7.836232e-01 -1.462843e-16
   outer loop
     vertex  1.328509e+01 -2.626456e+01  1.474858e+02
     vertex  1.328509e+01 -2.626456e+01  1.510858e+02
     vertex  1.294018e+01 -2.653799e+01  1.510858e+02
   endloop
 endfacet
 facet normal  6.212364e-01 -7.836232e-01  6.218544e-16
   outer loop
     vertex  1.328509e+01 -2.626456e+01  1.474858e+02
     vertex  1.294018e+01 -2.653799e+01  1.510858e+02
     vertex  1.294018e+01 -2.653799e+01  1.474858e+02
   endloop
 endfacet
 facet normal  4.757236e-01 -8.795948e-01  1.638288e-16
   outer loop
     vertex  1.367223e+01 -2.605518e+01  1.474858e+02
     vertex  1.367223e+01 -2.605518e+01  1.510858e+02
     vertex  1.328509e+01 -2.626456e+01  1.510858e+02
   endloop
 endfacet
 facet normal  4.757236e-01 -8.795948e-01  1.664117e-16
   outer loop
     vertex  1.367223e+01 -2.605518e+01  1.474858e+02
     vertex  1.328509e+01 -2.626456e+01  1.510858e+02
     vertex  1.328509e+01 -2.626456e+01  1.474858e+02
   endloop
 endfacet
 facet normal  3.157563e-01 -9.488403e-01  4.689640e-16
   outer loop
     vertex  1.408985e+01 -2.591620e+01  1.474858e+02
     vertex  1.408985e+01 -2.591620e+01  1.510858e+02
     vertex  1.367223e+01 -2.605518e+01  1.510858e+02
   endloop
 endfacet
 facet normal  3.157563e-01 -9.488403e-01  4.685804e-16
   outer loop
     vertex  1.408985e+01 -2.591620e+01  1.474858e+02
     vertex  1.367223e+01 -2.605518e+01  1.510858e+02
     vertex  1.367223e+01 -2.605518e+01  1.474858e+02
   endloop
 endfacet
 facet normal  1.461949e-01 -9.892558e-01 -2.164119e-16
   outer loop
     vertex  1.452525e+01 -2.585186e+01  1.474858e+02
     vertex  1.452525e+01 -2.585186e+01  1.510858e+02
     vertex  1.408985e+01 -2.591620e+01  1.510858e+02
   endloop
 endfacet
 facet normal  1.461949e-01 -9.892558e-01  7.598010e-16
   outer loop
     vertex  1.452525e+01 -2.585186e+01  1.474858e+02
     vertex  1.408985e+01 -2.591620e+01  1.510858e+02
     vertex  1.408985e+01 -2.591620e+01  1.474858e+02
   endloop
 endfacet
 facet normal -2.780865e-02 -9.996133e-01  4.116507e-17
   outer loop
     vertex  1.496522e+01 -2.586410e+01  1.474858e+02
     vertex  1.496522e+01 -2.586410e+01  1.510858e+02
     vertex  1.452525e+01 -2.585186e+01  1.510858e+02
   endloop
 endfacet
 facet normal -2.780865e-02 -9.996133e-01  4.105553e-17
   outer loop
     vertex  1.496522e+01 -2.586410e+01  1.474858e+02
     vertex  1.452525e+01 -2.585186e+01  1.510858e+02
     vertex  1.452525e+01 -2.585186e+01  1.474858e+02
   endloop
 endfacet
 facet normal -2.009672e-01 -9.795980e-01  1.983275e-16
   outer loop
     vertex  1.539638e+01 -2.595255e+01  1.474858e+02
     vertex  1.539638e+01 -2.595255e+01  1.510858e+02
     vertex  1.496522e+01 -2.586410e+01  1.510858e+02
   endloop
 endfacet
 facet normal -2.009672e-01 -9.795980e-01  2.977894e-16
   outer loop
     vertex  1.539638e+01 -2.595255e+01  1.474858e+02
     vertex  1.496522e+01 -2.586410e+01  1.510858e+02
     vertex  1.496522e+01 -2.586410e+01  1.474858e+02
   endloop
 endfacet
 facet normal -3.680195e-01 -9.298181e-01  3.631855e-16
   outer loop
     vertex  1.580562e+01 -2.611453e+01  1.474858e+02
     vertex  1.580562e+01 -2.611453e+01  1.510858e+02
     vertex  1.539638e+01 -2.595255e+01  1.510858e+02
   endloop
 endfacet
 facet normal -3.680195e-01 -9.298181e-01  3.590990e-16
   outer loop
     vertex  1.580562e+01 -2.611453e+01  1.474858e+02
     vertex  1.539638e+01 -2.595255e+01  1.510858e+02
     vertex  1.539638e+01 -2.595255e+01  1.474858e+02
   endloop
 endfacet
 facet normal -5.238896e-01 -8.517862e-01  5.170083e-16
   outer loop
     vertex  1.618053e+01 -2.634511e+01  1.474858e+02
     vertex  1.618053e+01 -2.634511e+01  1.510858e+02
     vertex  1.580562e+01 -2.611453e+01  1.510858e+02
   endloop
 endfacet
 facet normal -5.238896e-01 -8.517862e-01  5.167522e-16
   outer loop
     vertex  1.618053e+01 -2.634511e+01  1.474858e+02
     vertex  1.580562e+01 -2.611453e+01  1.510858e+02
     vertex  1.580562e+01 -2.611453e+01  1.474858e+02
   endloop
 endfacet
 facet normal -6.638417e-01 -7.478731e-01 -8.292769e-17
   outer loop
     vertex  1.650969e+01 -2.663729e+01  1.474858e+02
     vertex  1.650969e+01 -2.663729e+01  1.510858e+02
     vertex  1.618053e+01 -2.634511e+01  1.510858e+02
   endloop
 endfacet
 facet normal -6.638417e-01 -7.478731e-01  6.481299e-16
   outer loop
     vertex  1.650969e+01 -2.663729e+01  1.474858e+02
     vertex  1.618053e+01 -2.634511e+01  1.510858e+02
     vertex  1.618053e+01 -2.634511e+01  1.474858e+02
   endloop
 endfacet
 facet normal -7.836232e-01 -6.212364e-01  1.602539e-16
   outer loop
     vertex  1.678312e+01 -2.698219e+01  1.474858e+02
     vertex  1.678312e+01 -2.698219e+01  1.510858e+02
     vertex  1.650969e+01 -2.663729e+01  1.510858e+02
   endloop
 endfacet
 facet normal -7.836232e-01 -6.212364e-01  1.576532e-16
   outer loop
     vertex  1.678312e+01 -2.698219e+01  1.474858e+02
     vertex  1.650969e+01 -2.663729e+01  1.510858e+02
     vertex  1.650969e+01 -2.663729e+01  1.474858e+02
   endloop
 endfacet
 facet normal -8.795948e-01 -4.757236e-01  3.941331e-16
   outer loop
     vertex  1.699250e+01 -2.736933e+01  1.474858e+02
     vertex  1.678312e+01 -2.698219e+01  1.510858e+02
     vertex  1.678312e+01 -2.698219e+01  1.474858e+02
   endloop
 endfacet
 facet normal -9.488403e-01 -3.157563e-01 -6.232176e-16
   outer loop
     vertex  1.699250e+01 -2.736933e+01  1.474858e+02
     vertex  1.713148e+01 -2.778695e+01  1.510858e+02
     vertex  1.699250e+01 -2.736933e+01  1.510858e+02
   endloop
 endfacet
 facet normal -8.795948e-01 -4.757236e-01 -9.389499e-16
   outer loop
     vertex  1.699250e+01 -2.736933e+01  1.474858e+02
     vertex  1.699250e+01 -2.736933e+01  1.510858e+02
     vertex  1.678312e+01 -2.698219e+01  1.510858e+02
   endloop
 endfacet
 facet normal -9.488403e-01 -3.157563e-01 -3.116088e-16
   outer loop
     vertex  1.713148e+01 -2.778695e+01  1.474858e+02
     vertex  1.713148e+01 -2.778695e+01  1.510858e+02
     vertex  1.699250e+01 -2.736933e+01  1.474858e+02
   endloop
 endfacet
 facet normal -9.892558e-01 -1.461949e-01 -1.442746e-16
   outer loop
     vertex  1.719583e+01 -2.822236e+01  1.474858e+02
     vertex  1.719583e+01 -2.822236e+01  1.510858e+02
     vertex  1.713148e+01 -2.778695e+01  1.510858e+02
   endloop
 endfacet
 facet normal -9.892558e-01 -1.461949e-01 -1.445155e-16
   outer loop
     vertex  1.719583e+01 -2.822236e+01  1.474858e+02
     vertex  1.713148e+01 -2.778695e+01  1.510858e+02
     vertex  1.713148e+01 -2.778695e+01  1.474858e+02
   endloop
 endfacet
 facet normal -9.996133e-01  2.780865e-02  2.737035e-17
   outer loop
     vertex  1.718359e+01 -2.866233e+01  1.474858e+02
     vertex  1.719583e+01 -2.822236e+01  1.510858e+02
     vertex  1.719583e+01 -2.822236e+01  1.474858e+02
   endloop
 endfacet
 facet normal -9.996133e-01  2.780865e-02  0.000000e+00
   outer loop
     vertex  1.718359e+01 -2.866233e+01  1.474858e+02
     vertex  1.718359e+01 -2.866233e+01  1.510858e+02
     vertex  1.719583e+01 -2.822236e+01  1.510858e+02
   endloop
 endfacet
 facet normal  9.657980e-01 -2.686793e-02  2.578998e-01
   outer loop
     vertex  1.214037e+01 -2.807939e+01  1.511858e+02
     vertex  1.215475e+01 -2.852243e+01  1.510858e+02
     vertex  1.216699e+01 -2.808246e+01  1.510858e+02
   endloop
 endfacet
 facet normal -9.464598e-01  1.941688e-01  2.578998e-01
   outer loop
     vertex  1.712081e+01 -2.910114e+01  1.511858e+02
     vertex  1.721020e+01 -2.866540e+01  1.511858e+02
     vertex  1.718359e+01 -2.866233e+01  1.510858e+02
   endloop
 endfacet
 facet normal -9.464598e-01  1.941688e-01  2.578998e-01
   outer loop
     vertex  1.712081e+01 -2.910114e+01  1.511858e+02
     vertex  1.718359e+01 -2.866233e+01  1.510858e+02
     vertex  1.709513e+01 -2.909348e+01  1.510858e+02
   endloop
 endfacet
 facet normal -6.939995e-01  1.423759e-01  7.057576e-01
   outer loop
     vertex  1.719097e+01 -2.912204e+01  1.512590e+02
     vertex  1.728292e+01 -2.867381e+01  1.512590e+02
     vertex  1.721020e+01 -2.866540e+01  1.511858e+02
   endloop
 endfacet
 facet normal -2.544419e-01  5.219944e-02  9.656783e-01
   outer loop
     vertex  1.719097e+01 -2.912204e+01  1.512590e+02
     vertex  1.738226e+01 -2.868529e+01  1.512858e+02
     vertex  1.728292e+01 -2.867381e+01  1.512590e+02
   endloop
 endfacet
 facet normal -2.544419e-01  5.219944e-02  9.656783e-01
   outer loop
     vertex  1.719097e+01 -2.912204e+01  1.512590e+02
     vertex  1.728680e+01 -2.915060e+01  1.512858e+02
     vertex  1.738226e+01 -2.868529e+01  1.512858e+02
   endloop
 endfacet
 facet normal -6.939995e-01  1.423759e-01  7.057576e-01
   outer loop
     vertex  1.719097e+01 -2.912204e+01  1.512590e+02
     vertex  1.721020e+01 -2.866540e+01  1.511858e+02
     vertex  1.712081e+01 -2.910114e+01  1.511858e+02
   endloop
 endfacet
 facet normal -8.983639e-01  3.555700e-01  2.578998e-01
   outer loop
     vertex  1.695711e+01 -2.951473e+01  1.511858e+02
     vertex  1.712081e+01 -2.910114e+01  1.511858e+02
     vertex  1.709513e+01 -2.909348e+01  1.510858e+02
   endloop
 endfacet
 facet normal -8.983639e-01  3.555700e-01  2.578998e-01
   outer loop
     vertex  1.695711e+01 -2.951473e+01  1.511858e+02
     vertex  1.709513e+01 -2.909348e+01  1.510858e+02
     vertex  1.693315e+01 -2.950273e+01  1.510858e+02
   endloop
 endfacet
 facet normal -2.415120e-01  9.558978e-02  9.656783e-01
   outer loop
     vertex  1.702257e+01 -2.954750e+01  1.512590e+02
     vertex  1.711200e+01 -2.959226e+01  1.512858e+02
     vertex  1.728680e+01 -2.915060e+01  1.512858e+02
   endloop
 endfacet
 facet normal -6.587328e-01  2.607246e-01  7.057576e-01
   outer loop
     vertex  1.702257e+01 -2.954750e+01  1.512590e+02
     vertex  1.712081e+01 -2.910114e+01  1.511858e+02
     vertex  1.695711e+01 -2.951473e+01  1.511858e+02
   endloop
 endfacet
 facet normal -2.415120e-01  9.558978e-02  9.656783e-01
   outer loop
     vertex  1.702257e+01 -2.954750e+01  1.512590e+02
     vertex  1.728680e+01 -2.915060e+01  1.512858e+02
     vertex  1.719097e+01 -2.912204e+01  1.512590e+02
   endloop
 endfacet
 facet normal -6.587328e-01  2.607246e-01  7.057576e-01
   outer loop
     vertex  1.702257e+01 -2.954750e+01  1.512590e+02
     vertex  1.719097e+01 -2.912204e+01  1.512590e+02
     vertex  1.712081e+01 -2.910114e+01  1.511858e+02
   endloop
 endfacet
 facet normal -8.229717e-01  5.061673e-01  2.578998e-01
   outer loop
     vertex  1.672408e+01 -2.989361e+01  1.511858e+02
     vertex  1.693315e+01 -2.950273e+01  1.510858e+02
     vertex  1.670257e+01 -2.987763e+01  1.510858e+02
   endloop
 endfacet
 facet normal -8.229717e-01  5.061673e-01  2.578998e-01
   outer loop
     vertex  1.672408e+01 -2.989361e+01  1.511858e+02
     vertex  1.695711e+01 -2.951473e+01  1.511858e+02
     vertex  1.693315e+01 -2.950273e+01  1.510858e+02
   endloop
 endfacet
 facet normal -2.212439e-01  1.360757e-01  9.656783e-01
   outer loop
     vertex  1.678286e+01 -2.993725e+01  1.512590e+02
     vertex  1.711200e+01 -2.959226e+01  1.512858e+02
     vertex  1.702257e+01 -2.954750e+01  1.512590e+02
   endloop
 endfacet
 facet normal -2.212439e-01  1.360757e-01  9.656783e-01
   outer loop
     vertex  1.678286e+01 -2.993725e+01  1.512590e+02
     vertex  1.686315e+01 -2.999686e+01  1.512858e+02
     vertex  1.711200e+01 -2.959226e+01  1.512858e+02
   endloop
 endfacet
 facet normal -6.034508e-01  3.711514e-01  7.057576e-01
   outer loop
     vertex  1.678286e+01 -2.993725e+01  1.512590e+02
     vertex  1.702257e+01 -2.954750e+01  1.512590e+02
     vertex  1.695711e+01 -2.951473e+01  1.511858e+02
   endloop
 endfacet
 facet normal -6.034508e-01  3.711514e-01  7.057576e-01
   outer loop
     vertex  1.678286e+01 -2.993725e+01  1.512590e+02
     vertex  1.695711e+01 -2.951473e+01  1.511858e+02
     vertex  1.672408e+01 -2.989361e+01  1.511858e+02
   endloop
 endfacet
 facet normal -7.225738e-01  6.413850e-01  2.578998e-01
   outer loop
     vertex  1.642880e+01 -3.022627e+01  1.511858e+02
     vertex  1.670257e+01 -2.987763e+01  1.510858e+02
     vertex  1.641039e+01 -3.020680e+01  1.510858e+02
   endloop
 endfacet
 facet normal -7.225738e-01  6.413850e-01  2.578998e-01
   outer loop
     vertex  1.642880e+01 -3.022627e+01  1.511858e+02
     vertex  1.672408e+01 -2.989361e+01  1.511858e+02
     vertex  1.670257e+01 -2.987763e+01  1.510858e+02
   endloop
 endfacet
 facet normal -1.942534e-01  1.724270e-01  9.656783e-01
   outer loop
     vertex  1.647911e+01 -3.027945e+01  1.512590e+02
     vertex  1.686315e+01 -2.999686e+01  1.512858e+02
     vertex  1.678286e+01 -2.993725e+01  1.512590e+02
   endloop
 endfacet
 facet normal -5.298333e-01  4.703009e-01  7.057576e-01
   outer loop
     vertex  1.647911e+01 -3.027945e+01  1.512590e+02
     vertex  1.678286e+01 -2.993725e+01  1.512590e+02
     vertex  1.672408e+01 -2.989361e+01  1.511858e+02
   endloop
 endfacet
 facet normal -1.942534e-01  1.724270e-01  9.656783e-01
   outer loop
     vertex  1.647911e+01 -3.027945e+01  1.512590e+02
     vertex  1.654782e+01 -3.035210e+01  1.512858e+02
     vertex  1.686315e+01 -2.999686e+01  1.512858e+02
   endloop
 endfacet
 facet normal -5.298333e-01  4.703009e-01  7.057576e-01
   outer loop
     vertex  1.647911e+01 -3.027945e+01  1.512590e+02
     vertex  1.672408e+01 -2.989361e+01  1.511858e+02
     vertex  1.642880e+01 -3.022627e+01  1.511858e+02
   endloop
 endfacet
 facet normal -6.002210e-01  7.571146e-01  2.578998e-01
   outer loop
     vertex  1.608024e+01 -3.050260e+01  1.511858e+02
     vertex  1.641039e+01 -3.020680e+01  1.510858e+02
     vertex  1.606549e+01 -3.048023e+01  1.510858e+02
   endloop
 endfacet
 facet normal -6.002210e-01  7.571146e-01  2.578998e-01
   outer loop
     vertex  1.608024e+01 -3.050260e+01  1.511858e+02
     vertex  1.642880e+01 -3.022627e+01  1.511858e+02
     vertex  1.641039e+01 -3.020680e+01  1.510858e+02
   endloop
 endfacet
 facet normal -1.613606e-01  2.035392e-01  9.656783e-01
   outer loop
     vertex  1.612055e+01 -3.056371e+01  1.512590e+02
     vertex  1.617560e+01 -3.064719e+01  1.512858e+02
     vertex  1.654782e+01 -3.035210e+01  1.512858e+02
   endloop
 endfacet
 facet normal -4.401170e-01  5.551606e-01  7.057576e-01
   outer loop
     vertex  1.612055e+01 -3.056371e+01  1.512590e+02
     vertex  1.647911e+01 -3.027945e+01  1.512590e+02
     vertex  1.642880e+01 -3.022627e+01  1.511858e+02
   endloop
 endfacet
 facet normal -4.401170e-01  5.551606e-01  7.057576e-01
   outer loop
     vertex  1.612055e+01 -3.056371e+01  1.512590e+02
     vertex  1.642880e+01 -3.022627e+01  1.511858e+02
     vertex  1.608024e+01 -3.050260e+01  1.511858e+02
   endloop
 endfacet
 facet normal -1.613606e-01  2.035392e-01  9.656783e-01
   outer loop
     vertex  1.612055e+01 -3.056371e+01  1.512590e+02
     vertex  1.654782e+01 -3.035210e+01  1.512858e+02
     vertex  1.647911e+01 -3.027945e+01  1.512590e+02
   endloop
 endfacet
 facet normal -4.596307e-01  8.498396e-01  2.578998e-01
   outer loop
     vertex  1.568899e+01 -3.071420e+01  1.511858e+02
     vertex  1.608024e+01 -3.050260e+01  1.511858e+02
     vertex  1.606549e+01 -3.048023e+01  1.510858e+02
   endloop
 endfacet
 facet normal -4.596307e-01  8.498396e-01  2.578998e-01
   outer loop
     vertex  1.568899e+01 -3.071420e+01  1.511858e+02
     vertex  1.606549e+01 -3.048023e+01  1.510858e+02
     vertex  1.567835e+01 -3.068961e+01  1.510858e+02
   endloop
 endfacet
 facet normal -3.370280e-01  6.231520e-01  7.057576e-01
   outer loop
     vertex  1.571807e+01 -3.078138e+01  1.512590e+02
     vertex  1.612055e+01 -3.056371e+01  1.512590e+02
     vertex  1.608024e+01 -3.050260e+01  1.511858e+02
   endloop
 endfacet
 facet normal -1.235650e-01  2.284669e-01  9.656783e-01
   outer loop
     vertex  1.571807e+01 -3.078138e+01  1.512590e+02
     vertex  1.575780e+01 -3.087315e+01  1.512858e+02
     vertex  1.617560e+01 -3.064719e+01  1.512858e+02
   endloop
 endfacet
 facet normal -8.201489e-02  2.464528e-01  9.656783e-01
   outer loop
     vertex  1.571807e+01 -3.078138e+01  1.512590e+02
     vertex  1.530710e+01 -3.102314e+01  1.512858e+02
     vertex  1.575780e+01 -3.087315e+01  1.512858e+02
   endloop
 endfacet
 facet normal -1.235650e-01  2.284669e-01  9.656783e-01
   outer loop
     vertex  1.571807e+01 -3.078138e+01  1.512590e+02
     vertex  1.617560e+01 -3.064719e+01  1.512858e+02
     vertex  1.612055e+01 -3.056371e+01  1.512590e+02
   endloop
 endfacet
 facet normal -3.370280e-01  6.231520e-01  7.057576e-01
   outer loop
     vertex  1.571807e+01 -3.078138e+01  1.512590e+02
     vertex  1.608024e+01 -3.050260e+01  1.511858e+02
     vertex  1.568899e+01 -3.071420e+01  1.511858e+02
   endloop
 endfacet
 facet normal -3.050748e-01  9.167426e-01  2.578998e-01
   outer loop
     vertex  1.526694e+01 -3.085465e+01  1.511858e+02
     vertex  1.567835e+01 -3.068961e+01  1.510858e+02
     vertex  1.526073e+01 -3.082859e+01  1.510858e+02
   endloop
 endfacet
 facet normal -3.050748e-01  9.167426e-01  2.578998e-01
   outer loop
     vertex  1.526694e+01 -3.085465e+01  1.511858e+02
     vertex  1.568899e+01 -3.071420e+01  1.511858e+02
     vertex  1.567835e+01 -3.068961e+01  1.510858e+02
   endloop
 endfacet
 facet normal -2.236986e-01  6.722092e-01  7.057576e-01
   outer loop
     vertex  1.526694e+01 -3.085465e+01  1.511858e+02
     vertex  1.571807e+01 -3.078138e+01  1.512590e+02
     vertex  1.568899e+01 -3.071420e+01  1.511858e+02
   endloop
 endfacet
 facet normal -8.201489e-02  2.464528e-01  9.656783e-01
   outer loop
     vertex  1.528391e+01 -3.092586e+01  1.512590e+02
     vertex  1.530710e+01 -3.102314e+01  1.512858e+02
     vertex  1.571807e+01 -3.078138e+01  1.512590e+02
   endloop
 endfacet
 facet normal -2.236986e-01  6.722092e-01  7.057576e-01
   outer loop
     vertex  1.528391e+01 -3.092586e+01  1.512590e+02
     vertex  1.571807e+01 -3.078138e+01  1.512590e+02
     vertex  1.526694e+01 -3.085465e+01  1.511858e+02
   endloop
 endfacet
 facet normal -1.412493e-01  9.557909e-01  2.578998e-01
   outer loop
     vertex  1.482691e+01 -3.091968e+01  1.511858e+02
     vertex  1.526073e+01 -3.082859e+01  1.510858e+02
     vertex  1.482532e+01 -3.089293e+01  1.510858e+02
   endloop
 endfacet
 facet normal -1.412493e-01  9.557909e-01  2.578998e-01
   outer loop
     vertex  1.482691e+01 -3.091968e+01  1.511858e+02
     vertex  1.526694e+01 -3.085465e+01  1.511858e+02
     vertex  1.526073e+01 -3.082859e+01  1.510858e+02
   endloop
 endfacet
 facet normal -1.035722e-01  7.008417e-01  7.057576e-01
   outer loop
     vertex  1.483126e+01 -3.099276e+01  1.512590e+02
     vertex  1.526694e+01 -3.085465e+01  1.511858e+02
     vertex  1.482691e+01 -3.091968e+01  1.511858e+02
   endloop
 endfacet
 facet normal -3.797281e-02  2.569504e-01  9.656783e-01
   outer loop
     vertex  1.483126e+01 -3.099276e+01  1.512590e+02
     vertex  1.483720e+01 -3.109258e+01  1.512858e+02
     vertex  1.530710e+01 -3.102314e+01  1.512858e+02
   endloop
 endfacet
 facet normal -3.797281e-02  2.569504e-01  9.656783e-01
   outer loop
     vertex  1.483126e+01 -3.099276e+01  1.512590e+02
     vertex  1.530710e+01 -3.102314e+01  1.512858e+02
     vertex  1.528391e+01 -3.092586e+01  1.512590e+02
   endloop
 endfacet
 facet normal -1.035722e-01  7.008417e-01  7.057576e-01
   outer loop
     vertex  1.483126e+01 -3.099276e+01  1.512590e+02
     vertex  1.528391e+01 -3.092586e+01  1.512590e+02
     vertex  1.526694e+01 -3.085465e+01  1.511858e+02
   endloop
 endfacet
 facet normal  2.686793e-02  9.657980e-01  2.578998e-01
   outer loop
     vertex  1.438228e+01 -3.090731e+01  1.511858e+02
     vertex  1.482532e+01 -3.089293e+01  1.510858e+02
     vertex  1.438535e+01 -3.088069e+01  1.510858e+02
   endloop
 endfacet
 facet normal  2.686793e-02  9.657980e-01  2.578998e-01
   outer loop
     vertex  1.438228e+01 -3.090731e+01  1.511858e+02
     vertex  1.482691e+01 -3.091968e+01  1.511858e+02
     vertex  1.482532e+01 -3.089293e+01  1.510858e+02
   endloop
 endfacet
 facet normal  1.970113e-02  7.081795e-01  7.057576e-01
   outer loop
     vertex  1.437387e+01 -3.098003e+01  1.512590e+02
     vertex  1.482691e+01 -3.091968e+01  1.511858e+02
     vertex  1.438228e+01 -3.090731e+01  1.511858e+02
   endloop
 endfacet
 facet normal  7.223049e-03  2.596407e-01  9.656783e-01
   outer loop
     vertex  1.437387e+01 -3.098003e+01  1.512590e+02
     vertex  1.436239e+01 -3.107937e+01  1.512858e+02
     vertex  1.483720e+01 -3.109258e+01  1.512858e+02
   endloop
 endfacet
 facet normal  5.219944e-02  2.544419e-01  9.656783e-01
   outer loop
     vertex  1.437387e+01 -3.098003e+01  1.512590e+02
     vertex  1.389708e+01 -3.098391e+01  1.512858e+02
     vertex  1.436239e+01 -3.107937e+01  1.512858e+02
   endloop
 endfacet
 facet normal  1.970113e-02  7.081795e-01  7.057576e-01
   outer loop
     vertex  1.437387e+01 -3.098003e+01  1.512590e+02
     vertex  1.483126e+01 -3.099276e+01  1.512590e+02
     vertex  1.482691e+01 -3.091968e+01  1.511858e+02
   endloop
 endfacet
 facet normal  7.223049e-03  2.596407e-01  9.656783e-01
   outer loop
     vertex  1.437387e+01 -3.098003e+01  1.512590e+02
     vertex  1.483720e+01 -3.109258e+01  1.512858e+02
     vertex  1.483126e+01 -3.099276e+01  1.512590e+02
   endloop
 endfacet
 facet normal  1.941688e-01  9.464598e-01  2.578998e-01
   outer loop
     vertex  1.394655e+01 -3.081792e+01  1.511858e+02
     vertex  1.438535e+01 -3.088069e+01  1.510858e+02
     vertex  1.395420e+01 -3.079224e+01  1.510858e+02
   endloop
 endfacet
 facet normal  1.941688e-01  9.464598e-01  2.578998e-01
   outer loop
     vertex  1.394655e+01 -3.081792e+01  1.511858e+02
     vertex  1.438228e+01 -3.090731e+01  1.511858e+02
     vertex  1.438535e+01 -3.088069e+01  1.510858e+02
   endloop
 endfacet
 facet normal  1.423759e-01  6.939995e-01  7.057576e-01
   outer loop
     vertex  1.392564e+01 -3.088808e+01  1.512590e+02
     vertex  1.437387e+01 -3.098003e+01  1.512590e+02
     vertex  1.438228e+01 -3.090731e+01  1.511858e+02
   endloop
 endfacet
 facet normal  5.219944e-02  2.544419e-01  9.656783e-01
   outer loop
     vertex  1.392564e+01 -3.088808e+01  1.512590e+02
     vertex  1.389708e+01 -3.098391e+01  1.512858e+02
     vertex  1.437387e+01 -3.098003e+01  1.512590e+02
   endloop
 endfacet
 facet normal  1.423759e-01  6.939995e-01  7.057576e-01
   outer loop
     vertex  1.392564e+01 -3.088808e+01  1.512590e+02
     vertex  1.438228e+01 -3.090731e+01  1.511858e+02
     vertex  1.394655e+01 -3.081792e+01  1.511858e+02
   endloop
 endfacet
 facet normal  9.558978e-02  2.415120e-01  9.656783e-01
   outer loop
     vertex  1.392564e+01 -3.088808e+01  1.512590e+02
     vertex  1.345542e+01 -3.080910e+01  1.512858e+02
     vertex  1.389708e+01 -3.098391e+01  1.512858e+02
   endloop
 endfacet
 facet normal  3.555700e-01  8.983639e-01  2.578998e-01
   outer loop
     vertex  1.353296e+01 -3.065422e+01  1.511858e+02
     vertex  1.395420e+01 -3.079224e+01  1.510858e+02
     vertex  1.354495e+01 -3.063026e+01  1.510858e+02
   endloop
 endfacet
 facet normal  3.555700e-01  8.983639e-01  2.578998e-01
   outer loop
     vertex  1.353296e+01 -3.065422e+01  1.511858e+02
     vertex  1.394655e+01 -3.081792e+01  1.511858e+02
     vertex  1.395420e+01 -3.079224e+01  1.510858e+02
   endloop
 endfacet
 facet normal  2.607246e-01  6.587328e-01  7.057576e-01
   outer loop
     vertex  1.350018e+01 -3.071968e+01  1.512590e+02
     vertex  1.392564e+01 -3.088808e+01  1.512590e+02
     vertex  1.394655e+01 -3.081792e+01  1.511858e+02
   endloop
 endfacet
 facet normal  9.558978e-02  2.415120e-01  9.656783e-01
   outer loop
     vertex  1.350018e+01 -3.071968e+01  1.512590e+02
     vertex  1.345542e+01 -3.080910e+01  1.512858e+02
     vertex  1.392564e+01 -3.088808e+01  1.512590e+02
   endloop
 endfacet
 facet normal  2.607246e-01  6.587328e-01  7.057576e-01
   outer loop
     vertex  1.350018e+01 -3.071968e+01  1.512590e+02
     vertex  1.394655e+01 -3.081792e+01  1.511858e+02
     vertex  1.353296e+01 -3.065422e+01  1.511858e+02
   endloop
 endfacet
 facet normal  5.061673e-01  8.229717e-01  2.578998e-01
   outer loop
     vertex  1.315408e+01 -3.042119e+01  1.511858e+02
     vertex  1.354495e+01 -3.063026e+01  1.510858e+02
     vertex  1.317005e+01 -3.039968e+01  1.510858e+02
   endloop
 endfacet
 facet normal  5.061673e-01  8.229717e-01  2.578998e-01
   outer loop
     vertex  1.315408e+01 -3.042119e+01  1.511858e+02
     vertex  1.353296e+01 -3.065422e+01  1.511858e+02
     vertex  1.354495e+01 -3.063026e+01  1.510858e+02
   endloop
 endfacet
 facet normal  1.360757e-01  2.212439e-01  9.656783e-01
   outer loop
     vertex  1.311044e+01 -3.047997e+01  1.512590e+02
     vertex  1.305082e+01 -3.056026e+01  1.512858e+02
     vertex  1.345542e+01 -3.080910e+01  1.512858e+02
   endloop
 endfacet
 facet normal  1.360757e-01  2.212439e-01  9.656783e-01
   outer loop
     vertex  1.311044e+01 -3.047997e+01  1.512590e+02
     vertex  1.345542e+01 -3.080910e+01  1.512858e+02
     vertex  1.350018e+01 -3.071968e+01  1.512590e+02
   endloop
 endfacet
 facet normal  3.711514e-01  6.034508e-01  7.057576e-01
   outer loop
     vertex  1.311044e+01 -3.047997e+01  1.512590e+02
     vertex  1.350018e+01 -3.071968e+01  1.512590e+02
     vertex  1.353296e+01 -3.065422e+01  1.511858e+02
   endloop
 endfacet
 facet normal  3.711514e-01  6.034508e-01  7.057576e-01
   outer loop
     vertex  1.311044e+01 -3.047997e+01  1.512590e+02
     vertex  1.353296e+01 -3.065422e+01  1.511858e+02
     vertex  1.315408e+01 -3.042119e+01  1.511858e+02
   endloop
 endfacet
 facet normal  6.413850e-01  7.225738e-01  2.578998e-01
   outer loop
     vertex  1.282142e+01 -3.012591e+01  1.511858e+02
     vertex  1.317005e+01 -3.039968e+01  1.510858e+02
     vertex  1.284088e+01 -3.010750e+01  1.510858e+02
   endloop
 endfacet
 facet normal  6.413850e-01  7.225738e-01  2.578998e-01
   outer loop
     vertex  1.282142e+01 -3.012591e+01  1.511858e+02
     vertex  1.315408e+01 -3.042119e+01  1.511858e+02
     vertex  1.317005e+01 -3.039968e+01  1.510858e+02
   endloop
 endfacet
 facet normal  1.724270e-01  1.942534e-01  9.656783e-01
   outer loop
     vertex  1.276823e+01 -3.017622e+01  1.512590e+02
     vertex  1.269558e+01 -3.024493e+01  1.512858e+02
     vertex  1.305082e+01 -3.056026e+01  1.512858e+02
   endloop
 endfacet
 facet normal  1.724270e-01  1.942534e-01  9.656783e-01
   outer loop
     vertex  1.276823e+01 -3.017622e+01  1.512590e+02
     vertex  1.305082e+01 -3.056026e+01  1.512858e+02
     vertex  1.311044e+01 -3.047997e+01  1.512590e+02
   endloop
 endfacet
 facet normal  4.703009e-01  5.298333e-01  7.057576e-01
   outer loop
     vertex  1.276823e+01 -3.017622e+01  1.512590e+02
     vertex  1.311044e+01 -3.047997e+01  1.512590e+02
     vertex  1.315408e+01 -3.042119e+01  1.511858e+02
   endloop
 endfacet
 facet normal  4.703009e-01  5.298333e-01  7.057576e-01
   outer loop
     vertex  1.276823e+01 -3.017622e+01  1.512590e+02
     vertex  1.315408e+01 -3.042119e+01  1.511858e+02
     vertex  1.282142e+01 -3.012591e+01  1.511858e+02
   endloop
 endfacet
 facet normal  7.571146e-01  6.002210e-01  2.578998e-01
   outer loop
     vertex  1.254509e+01 -2.977735e+01  1.511858e+02
     vertex  1.282142e+01 -3.012591e+01  1.511858e+02
     vertex  1.284088e+01 -3.010750e+01  1.510858e+02
   endloop
 endfacet
 facet normal  7.571146e-01  6.002210e-01  2.578998e-01
   outer loop
     vertex  1.254509e+01 -2.977735e+01  1.511858e+02
     vertex  1.284088e+01 -3.010750e+01  1.510858e+02
     vertex  1.256745e+01 -2.976260e+01  1.510858e+02
   endloop
 endfacet
 facet normal  2.035392e-01  1.613606e-01  9.656783e-01
   outer loop
     vertex  1.248397e+01 -2.981765e+01  1.512590e+02
     vertex  1.240050e+01 -2.987271e+01  1.512858e+02
     vertex  1.269558e+01 -3.024493e+01  1.512858e+02
   endloop
 endfacet
 facet normal  2.035392e-01  1.613606e-01  9.656783e-01
   outer loop
     vertex  1.248397e+01 -2.981765e+01  1.512590e+02
     vertex  1.269558e+01 -3.024493e+01  1.512858e+02
     vertex  1.276823e+01 -3.017622e+01  1.512590e+02
   endloop
 endfacet
 facet normal  5.551606e-01  4.401170e-01  7.057576e-01
   outer loop
     vertex  1.248397e+01 -2.981765e+01  1.512590e+02
     vertex  1.282142e+01 -3.012591e+01  1.511858e+02
     vertex  1.254509e+01 -2.977735e+01  1.511858e+02
   endloop
 endfacet
 facet normal  5.551606e-01  4.401170e-01  7.057576e-01
   outer loop
     vertex  1.248397e+01 -2.981765e+01  1.512590e+02
     vertex  1.276823e+01 -3.017622e+01  1.512590e+02
     vertex  1.282142e+01 -3.012591e+01  1.511858e+02
   endloop
 endfacet
 facet normal  8.498396e-01  4.596307e-01  2.578998e-01
   outer loop
     vertex  1.233348e+01 -2.938610e+01  1.511858e+02
     vertex  1.256745e+01 -2.976260e+01  1.510858e+02
     vertex  1.235807e+01 -2.937546e+01  1.510858e+02
   endloop
 endfacet
 facet normal  8.498396e-01  4.596307e-01  2.578998e-01
   outer loop
     vertex  1.233348e+01 -2.938610e+01  1.511858e+02
     vertex  1.254509e+01 -2.977735e+01  1.511858e+02
     vertex  1.256745e+01 -2.976260e+01  1.510858e+02
   endloop
 endfacet
 facet normal  6.231520e-01  3.370280e-01  7.057576e-01
   outer loop
     vertex  1.226630e+01 -2.941518e+01  1.512590e+02
     vertex  1.254509e+01 -2.977735e+01  1.511858e+02
     vertex  1.233348e+01 -2.938610e+01  1.511858e+02
   endloop
 endfacet
 facet normal  2.284669e-01  1.235650e-01  9.656783e-01
   outer loop
     vertex  1.226630e+01 -2.941518e+01  1.512590e+02
     vertex  1.217453e+01 -2.945491e+01  1.512858e+02
     vertex  1.240050e+01 -2.987271e+01  1.512858e+02
   endloop
 endfacet
 facet normal  2.284669e-01  1.235650e-01  9.656783e-01
   outer loop
     vertex  1.226630e+01 -2.941518e+01  1.512590e+02
     vertex  1.240050e+01 -2.987271e+01  1.512858e+02
     vertex  1.248397e+01 -2.981765e+01  1.512590e+02
   endloop
 endfacet
 facet normal  6.231520e-01  3.370280e-01  7.057576e-01
   outer loop
     vertex  1.226630e+01 -2.941518e+01  1.512590e+02
     vertex  1.248397e+01 -2.981765e+01  1.512590e+02
     vertex  1.254509e+01 -2.977735e+01  1.511858e+02
   endloop
 endfacet
 facet normal  9.167426e-01  3.050748e-01  2.578998e-01
   outer loop
     vertex  1.219303e+01 -2.896405e+01  1.511858e+02
     vertex  1.235807e+01 -2.937546e+01  1.510858e+02
     vertex  1.221909e+01 -2.895784e+01  1.510858e+02
   endloop
 endfacet
 facet normal  9.167426e-01  3.050748e-01  2.578998e-01
   outer loop
     vertex  1.219303e+01 -2.896405e+01  1.511858e+02
     vertex  1.233348e+01 -2.938610e+01  1.511858e+02
     vertex  1.235807e+01 -2.937546e+01  1.510858e+02
   endloop
 endfacet
 facet normal  2.464528e-01  8.201489e-02  9.656783e-01
   outer loop
     vertex  1.212182e+01 -2.898102e+01  1.512590e+02
     vertex  1.202454e+01 -2.900421e+01  1.512858e+02
     vertex  1.217453e+01 -2.945491e+01  1.512858e+02
   endloop
 endfacet
 facet normal  6.722092e-01  2.236986e-01  7.057576e-01
   outer loop
     vertex  1.212182e+01 -2.898102e+01  1.512590e+02
     vertex  1.226630e+01 -2.941518e+01  1.512590e+02
     vertex  1.233348e+01 -2.938610e+01  1.511858e+02
   endloop
 endfacet
 facet normal  2.464528e-01  8.201489e-02  9.656783e-01
   outer loop
     vertex  1.212182e+01 -2.898102e+01  1.512590e+02
     vertex  1.217453e+01 -2.945491e+01  1.512858e+02
     vertex  1.226630e+01 -2.941518e+01  1.512590e+02
   endloop
 endfacet
 facet normal  6.722092e-01  2.236986e-01  7.057576e-01
   outer loop
     vertex  1.212182e+01 -2.898102e+01  1.512590e+02
     vertex  1.233348e+01 -2.938610e+01  1.511858e+02
     vertex  1.219303e+01 -2.896405e+01  1.511858e+02
   endloop
 endfacet
 facet normal  9.557909e-01  1.412493e-01  2.578998e-01
   outer loop
     vertex  1.212800e+01 -2.852402e+01  1.511858e+02
     vertex  1.221909e+01 -2.895784e+01  1.510858e+02
     vertex  1.215475e+01 -2.852243e+01  1.510858e+02
   endloop
 endfacet
 facet normal  9.657980e-01 -2.686793e-02  2.578998e-01
   outer loop
     vertex  1.212800e+01 -2.852402e+01  1.511858e+02
     vertex  1.215475e+01 -2.852243e+01  1.510858e+02
     vertex  1.214037e+01 -2.807939e+01  1.511858e+02
   endloop
 endfacet
 facet normal  7.081795e-01 -1.970113e-02  7.057576e-01
   outer loop
     vertex  1.212800e+01 -2.852402e+01  1.511858e+02
     vertex  1.214037e+01 -2.807939e+01  1.511858e+02
     vertex  1.206765e+01 -2.807098e+01  1.512590e+02
   endloop
 endfacet
 facet normal  9.557909e-01  1.412493e-01  2.578998e-01
   outer loop
     vertex  1.212800e+01 -2.852402e+01  1.511858e+02
     vertex  1.219303e+01 -2.896405e+01  1.511858e+02
     vertex  1.221909e+01 -2.895784e+01  1.510858e+02
   endloop
 endfacet
 facet normal  7.081795e-01 -1.970113e-02  7.057576e-01
   outer loop
     vertex  1.205493e+01 -2.852837e+01  1.512590e+02
     vertex  1.212800e+01 -2.852402e+01  1.511858e+02
     vertex  1.206765e+01 -2.807098e+01  1.512590e+02
   endloop
 endfacet
 facet normal  2.596407e-01 -7.223049e-03  9.656783e-01
   outer loop
     vertex  1.205493e+01 -2.852837e+01  1.512590e+02
     vertex  1.206765e+01 -2.807098e+01  1.512590e+02
     vertex  1.196831e+01 -2.805950e+01  1.512858e+02
   endloop
 endfacet
 facet normal  2.569504e-01  3.797281e-02  9.656783e-01
   outer loop
     vertex  1.205493e+01 -2.852837e+01  1.512590e+02
     vertex  1.195510e+01 -2.853431e+01  1.512858e+02
     vertex  1.202454e+01 -2.900421e+01  1.512858e+02
   endloop
 endfacet
 facet normal  2.596407e-01 -7.223049e-03  9.656783e-01
   outer loop
     vertex  1.205493e+01 -2.852837e+01  1.512590e+02
     vertex  1.196831e+01 -2.805950e+01  1.512858e+02
     vertex  1.195510e+01 -2.853431e+01  1.512858e+02
   endloop
 endfacet
 facet normal  2.569504e-01  3.797281e-02  9.656783e-01
   outer loop
     vertex  1.205493e+01 -2.852837e+01  1.512590e+02
     vertex  1.202454e+01 -2.900421e+01  1.512858e+02
     vertex  1.212182e+01 -2.898102e+01  1.512590e+02
   endloop
 endfacet
 facet normal  7.008417e-01  1.035722e-01  7.057576e-01
   outer loop
     vertex  1.205493e+01 -2.852837e+01  1.512590e+02
     vertex  1.212182e+01 -2.898102e+01  1.512590e+02
     vertex  1.219303e+01 -2.896405e+01  1.511858e+02
   endloop
 endfacet
 facet normal  7.008417e-01  1.035722e-01  7.057576e-01
   outer loop
     vertex  1.205493e+01 -2.852837e+01  1.512590e+02
     vertex  1.219303e+01 -2.896405e+01  1.511858e+02
     vertex  1.212800e+01 -2.852402e+01  1.511858e+02
   endloop
 endfacet
 facet normal  2.596407e-01 -7.223049e-03 -9.656783e-01
   outer loop
     vertex  1.206765e+01 -2.807098e+01  1.473126e+02
     vertex  1.195510e+01 -2.853431e+01  1.472858e+02
     vertex  1.196831e+01 -2.805950e+01  1.472858e+02
   endloop
 endfacet
 facet normal -2.544419e-01  5.219944e-02 -9.656783e-01
   outer loop
     vertex  1.719097e+01 -2.912204e+01  1.473126e+02
     vertex  1.728292e+01 -2.867381e+01  1.473126e+02
     vertex  1.738226e+01 -2.868529e+01  1.472858e+02
   endloop
 endfacet
 facet normal -2.544419e-01  5.219944e-02 -9.656783e-01
   outer loop
     vertex  1.719097e+01 -2.912204e+01  1.473126e+02
     vertex  1.738226e+01 -2.868529e+01  1.472858e+02
     vertex  1.728680e+01 -2.915060e+01  1.472858e+02
   endloop
 endfacet
 facet normal -6.939995e-01  1.423759e-01 -7.057576e-01
   outer loop
     vertex  1.712081e+01 -2.910114e+01  1.473858e+02
     vertex  1.721020e+01 -2.866540e+01  1.473858e+02
     vertex  1.728292e+01 -2.867381e+01  1.473126e+02
   endloop
 endfacet
 facet normal -9.464598e-01  1.941688e-01 -2.578998e-01
   outer loop
     vertex  1.712081e+01 -2.910114e+01  1.473858e+02
     vertex  1.718359e+01 -2.866233e+01  1.474858e+02
     vertex  1.721020e+01 -2.866540e+01  1.473858e+02
   endloop
 endfacet
 facet normal -9.464598e-01  1.941688e-01 -2.578998e-01
   outer loop
     vertex  1.712081e+01 -2.910114e+01  1.473858e+02
     vertex  1.709513e+01 -2.909348e+01  1.474858e+02
     vertex  1.718359e+01 -2.866233e+01  1.474858e+02
   endloop
 endfacet
 facet normal -6.939995e-01  1.423759e-01 -7.057576e-01
   outer loop
     vertex  1.712081e+01 -2.910114e+01  1.473858e+02
     vertex  1.728292e+01 -2.867381e+01  1.473126e+02
     vertex  1.719097e+01 -2.912204e+01  1.473126e+02
   endloop
 endfacet
 facet normal -2.415120e-01  9.558978e-02 -9.656783e-01
   outer loop
     vertex  1.702257e+01 -2.954750e+01  1.473126e+02
     vertex  1.719097e+01 -2.912204e+01  1.473126e+02
     vertex  1.728680e+01 -2.915060e+01  1.472858e+02
   endloop
 endfacet
 facet normal -2.415120e-01  9.558978e-02 -9.656783e-01
   outer loop
     vertex  1.702257e+01 -2.954750e+01  1.473126e+02
     vertex  1.728680e+01 -2.915060e+01  1.472858e+02
     vertex  1.711200e+01 -2.959226e+01  1.472858e+02
   endloop
 endfacet
 facet normal -8.983639e-01  3.555700e-01 -2.578998e-01
   outer loop
     vertex  1.695711e+01 -2.951473e+01  1.473858e+02
     vertex  1.693315e+01 -2.950273e+01  1.474858e+02
     vertex  1.709513e+01 -2.909348e+01  1.474858e+02
   endloop
 endfacet
 facet normal -6.587328e-01  2.607246e-01 -7.057576e-01
   outer loop
     vertex  1.695711e+01 -2.951473e+01  1.473858e+02
     vertex  1.719097e+01 -2.912204e+01  1.473126e+02
     vertex  1.702257e+01 -2.954750e+01  1.473126e+02
   endloop
 endfacet
 facet normal -8.983639e-01  3.555700e-01 -2.578998e-01
   outer loop
     vertex  1.695711e+01 -2.951473e+01  1.473858e+02
     vertex  1.709513e+01 -2.909348e+01  1.474858e+02
     vertex  1.712081e+01 -2.910114e+01  1.473858e+02
   endloop
 endfacet
 facet normal -6.587328e-01  2.607246e-01 -7.057576e-01
   outer loop
     vertex  1.695711e+01 -2.951473e+01  1.473858e+02
     vertex  1.712081e+01 -2.910114e+01  1.473858e+02
     vertex  1.719097e+01 -2.912204e+01  1.473126e+02
   endloop
 endfacet
 facet normal -2.212439e-01  1.360757e-01 -9.656783e-01
   outer loop
     vertex  1.678286e+01 -2.993725e+01  1.473126e+02
     vertex  1.711200e+01 -2.959226e+01  1.472858e+02
     vertex  1.686315e+01 -2.999686e+01  1.472858e+02
   endloop
 endfacet
 facet normal -2.212439e-01  1.360757e-01 -9.656783e-01
   outer loop
     vertex  1.678286e+01 -2.993725e+01  1.473126e+02
     vertex  1.702257e+01 -2.954750e+01  1.473126e+02
     vertex  1.711200e+01 -2.959226e+01  1.472858e+02
   endloop
 endfacet
 facet normal -8.229717e-01  5.061673e-01 -2.578998e-01
   outer loop
     vertex  1.672408e+01 -2.989361e+01  1.473858e+02
     vertex  1.693315e+01 -2.950273e+01  1.474858e+02
     vertex  1.695711e+01 -2.951473e+01  1.473858e+02
   endloop
 endfacet
 facet normal -8.229717e-01  5.061673e-01 -2.578998e-01
   outer loop
     vertex  1.672408e+01 -2.989361e+01  1.473858e+02
     vertex  1.670257e+01 -2.987763e+01  1.474858e+02
     vertex  1.693315e+01 -2.950273e+01  1.474858e+02
   endloop
 endfacet
 facet normal -6.034508e-01  3.711514e-01 -7.057576e-01
   outer loop
     vertex  1.672408e+01 -2.989361e+01  1.473858e+02
     vertex  1.695711e+01 -2.951473e+01  1.473858e+02
     vertex  1.702257e+01 -2.954750e+01  1.473126e+02
   endloop
 endfacet
 facet normal -6.034508e-01  3.711514e-01 -7.057576e-01
   outer loop
     vertex  1.672408e+01 -2.989361e+01  1.473858e+02
     vertex  1.702257e+01 -2.954750e+01  1.473126e+02
     vertex  1.678286e+01 -2.993725e+01  1.473126e+02
   endloop
 endfacet
 facet normal -1.942534e-01  1.724270e-01 -9.656783e-01
   outer loop
     vertex  1.647911e+01 -3.027945e+01  1.473126e+02
     vertex  1.686315e+01 -2.999686e+01  1.472858e+02
     vertex  1.654782e+01 -3.035210e+01  1.472858e+02
   endloop
 endfacet
 facet normal -1.942534e-01  1.724270e-01 -9.656783e-01
   outer loop
     vertex  1.647911e+01 -3.027945e+01  1.473126e+02
     vertex  1.678286e+01 -2.993725e+01  1.473126e+02
     vertex  1.686315e+01 -2.999686e+01  1.472858e+02
   endloop
 endfacet
 facet normal -7.225738e-01  6.413850e-01 -2.578998e-01
   outer loop
     vertex  1.642880e+01 -3.022627e+01  1.473858e+02
     vertex  1.670257e+01 -2.987763e+01  1.474858e+02
     vertex  1.672408e+01 -2.989361e+01  1.473858e+02
   endloop
 endfacet
 facet normal -5.298333e-01  4.703009e-01 -7.057576e-01
   outer loop
     vertex  1.642880e+01 -3.022627e+01  1.473858e+02
     vertex  1.672408e+01 -2.989361e+01  1.473858e+02
     vertex  1.678286e+01 -2.993725e+01  1.473126e+02
   endloop
 endfacet
 facet normal -7.225738e-01  6.413850e-01 -2.578998e-01
   outer loop
     vertex  1.642880e+01 -3.022627e+01  1.473858e+02
     vertex  1.641039e+01 -3.020680e+01  1.474858e+02
     vertex  1.670257e+01 -2.987763e+01  1.474858e+02
   endloop
 endfacet
 facet normal -5.298333e-01  4.703009e-01 -7.057576e-01
   outer loop
     vertex  1.642880e+01 -3.022627e+01  1.473858e+02
     vertex  1.678286e+01 -2.993725e+01  1.473126e+02
     vertex  1.647911e+01 -3.027945e+01  1.473126e+02
   endloop
 endfacet
 facet normal -1.613606e-01  2.035392e-01 -9.656783e-01
   outer loop
     vertex  1.612055e+01 -3.056371e+01  1.473126e+02
     vertex  1.654782e+01 -3.035210e+01  1.472858e+02
     vertex  1.617560e+01 -3.064719e+01  1.472858e+02
   endloop
 endfacet
 facet normal -1.613606e-01  2.035392e-01 -9.656783e-01
   outer loop
     vertex  1.612055e+01 -3.056371e+01  1.473126e+02
     vertex  1.647911e+01 -3.027945e+01  1.473126e+02
     vertex  1.654782e+01 -3.035210e+01  1.472858e+02
   endloop
 endfacet
 facet normal -6.002210e-01  7.571146e-01 -2.578998e-01
   outer loop
     vertex  1.608024e+01 -3.050260e+01  1.473858e+02
     vertex  1.606549e+01 -3.048023e+01  1.474858e+02
     vertex  1.641039e+01 -3.020680e+01  1.474858e+02
   endloop
 endfacet
 facet normal -4.401170e-01  5.551606e-01 -7.057576e-01
   outer loop
     vertex  1.608024e+01 -3.050260e+01  1.473858e+02
     vertex  1.642880e+01 -3.022627e+01  1.473858e+02
     vertex  1.647911e+01 -3.027945e+01  1.473126e+02
   endloop
 endfacet
 facet normal -6.002210e-01  7.571146e-01 -2.578998e-01
   outer loop
     vertex  1.608024e+01 -3.050260e+01  1.473858e+02
     vertex  1.641039e+01 -3.020680e+01  1.474858e+02
     vertex  1.642880e+01 -3.022627e+01  1.473858e+02
   endloop
 endfacet
 facet normal -4.401170e-01  5.551606e-01 -7.057576e-01
   outer loop
     vertex  1.608024e+01 -3.050260e+01  1.473858e+02
     vertex  1.647911e+01 -3.027945e+01  1.473126e+02
     vertex  1.612055e+01 -3.056371e+01  1.473126e+02
   endloop
 endfacet
 facet normal -1.235650e-01  2.284669e-01 -9.656783e-01
   outer loop
     vertex  1.571807e+01 -3.078138e+01  1.473126e+02
     vertex  1.617560e+01 -3.064719e+01  1.472858e+02
     vertex  1.575780e+01 -3.087315e+01  1.472858e+02
   endloop
 endfacet
 facet normal -1.235650e-01  2.284669e-01 -9.656783e-01
   outer loop
     vertex  1.571807e+01 -3.078138e+01  1.473126e+02
     vertex  1.612055e+01 -3.056371e+01  1.473126e+02
     vertex  1.617560e+01 -3.064719e+01  1.472858e+02
   endloop
 endfacet
 facet normal -4.596307e-01  8.498396e-01 -2.578998e-01
   outer loop
     vertex  1.568899e+01 -3.071420e+01  1.473858e+02
     vertex  1.567835e+01 -3.068961e+01  1.474858e+02
     vertex  1.606549e+01 -3.048023e+01  1.474858e+02
   endloop
 endfacet
 facet normal -4.596307e-01  8.498396e-01 -2.578998e-01
   outer loop
     vertex  1.568899e+01 -3.071420e+01  1.473858e+02
     vertex  1.606549e+01 -3.048023e+01  1.474858e+02
     vertex  1.608024e+01 -3.050260e+01  1.473858e+02
   endloop
 endfacet
 facet normal -3.370280e-01  6.231520e-01 -7.057576e-01
   outer loop
     vertex  1.568899e+01 -3.071420e+01  1.473858e+02
     vertex  1.608024e+01 -3.050260e+01  1.473858e+02
     vertex  1.612055e+01 -3.056371e+01  1.473126e+02
   endloop
 endfacet
 facet normal -3.370280e-01  6.231520e-01 -7.057576e-01
   outer loop
     vertex  1.568899e+01 -3.071420e+01  1.473858e+02
     vertex  1.612055e+01 -3.056371e+01  1.473126e+02
     vertex  1.571807e+01 -3.078138e+01  1.473126e+02
   endloop
 endfacet
 facet normal -8.201489e-02  2.464528e-01 -9.656783e-01
   outer loop
     vertex  1.528391e+01 -3.092586e+01  1.473126e+02
     vertex  1.575780e+01 -3.087315e+01  1.472858e+02
     vertex  1.530710e+01 -3.102314e+01  1.472858e+02
   endloop
 endfacet
 facet normal -8.201489e-02  2.464528e-01 -9.656783e-01
   outer loop
     vertex  1.528391e+01 -3.092586e+01  1.473126e+02
     vertex  1.571807e+01 -3.078138e+01  1.473126e+02
     vertex  1.575780e+01 -3.087315e+01  1.472858e+02
   endloop
 endfacet
 facet normal -3.050748e-01  9.167426e-01 -2.578998e-01
   outer loop
     vertex  1.526694e+01 -3.085465e+01  1.473858e+02
     vertex  1.526073e+01 -3.082859e+01  1.474858e+02
     vertex  1.567835e+01 -3.068961e+01  1.474858e+02
   endloop
 endfacet
 facet normal -3.050748e-01  9.167426e-01 -2.578998e-01
   outer loop
     vertex  1.526694e+01 -3.085465e+01  1.473858e+02
     vertex  1.567835e+01 -3.068961e+01  1.474858e+02
     vertex  1.568899e+01 -3.071420e+01  1.473858e+02
   endloop
 endfacet
 facet normal -2.236986e-01  6.722092e-01 -7.057576e-01
   outer loop
     vertex  1.526694e+01 -3.085465e+01  1.473858e+02
     vertex  1.568899e+01 -3.071420e+01  1.473858e+02
     vertex  1.571807e+01 -3.078138e+01  1.473126e+02
   endloop
 endfacet
 facet normal -2.236986e-01  6.722092e-01 -7.057576e-01
   outer loop
     vertex  1.526694e+01 -3.085465e+01  1.473858e+02
     vertex  1.571807e+01 -3.078138e+01  1.473126e+02
     vertex  1.528391e+01 -3.092586e+01  1.473126e+02
   endloop
 endfacet
 facet normal -3.797281e-02  2.569504e-01 -9.656783e-01
   outer loop
     vertex  1.483126e+01 -3.099276e+01  1.473126e+02
     vertex  1.530710e+01 -3.102314e+01  1.472858e+02
     vertex  1.483720e+01 -3.109258e+01  1.472858e+02
   endloop
 endfacet
 facet normal -3.797281e-02  2.569504e-01 -9.656783e-01
   outer loop
     vertex  1.483126e+01 -3.099276e+01  1.473126e+02
     vertex  1.528391e+01 -3.092586e+01  1.473126e+02
     vertex  1.530710e+01 -3.102314e+01  1.472858e+02
   endloop
 endfacet
 facet normal -1.412493e-01  9.557909e-01 -2.578998e-01
   outer loop
     vertex  1.482691e+01 -3.091968e+01  1.473858e+02
     vertex  1.482532e+01 -3.089293e+01  1.474858e+02
     vertex  1.526073e+01 -3.082859e+01  1.474858e+02
   endloop
 endfacet
 facet normal -1.035722e-01  7.008417e-01 -7.057576e-01
   outer loop
     vertex  1.482691e+01 -3.091968e+01  1.473858e+02
     vertex  1.528391e+01 -3.092586e+01  1.473126e+02
     vertex  1.483126e+01 -3.099276e+01  1.473126e+02
   endloop
 endfacet
 facet normal -1.035722e-01  7.008417e-01 -7.057576e-01
   outer loop
     vertex  1.482691e+01 -3.091968e+01  1.473858e+02
     vertex  1.526694e+01 -3.085465e+01  1.473858e+02
     vertex  1.528391e+01 -3.092586e+01  1.473126e+02
   endloop
 endfacet
 facet normal -1.412493e-01  9.557909e-01 -2.578998e-01
   outer loop
     vertex  1.482691e+01 -3.091968e+01  1.473858e+02
     vertex  1.526073e+01 -3.082859e+01  1.474858e+02
     vertex  1.526694e+01 -3.085465e+01  1.473858e+02
   endloop
 endfacet
 facet normal  7.223049e-03  2.596407e-01 -9.656783e-01
   outer loop
     vertex  1.437387e+01 -3.098003e+01  1.473126e+02
     vertex  1.483720e+01 -3.109258e+01  1.472858e+02
     vertex  1.436239e+01 -3.107937e+01  1.472858e+02
   endloop
 endfacet
 facet normal  7.223049e-03  2.596407e-01 -9.656783e-01
   outer loop
     vertex  1.437387e+01 -3.098003e+01  1.473126e+02
     vertex  1.483126e+01 -3.099276e+01  1.473126e+02
     vertex  1.483720e+01 -3.109258e+01  1.472858e+02
   endloop
 endfacet
 facet normal  1.970113e-02  7.081795e-01 -7.057576e-01
   outer loop
     vertex  1.438228e+01 -3.090731e+01  1.473858e+02
     vertex  1.482691e+01 -3.091968e+01  1.473858e+02
     vertex  1.483126e+01 -3.099276e+01  1.473126e+02
   endloop
 endfacet
 facet normal  2.686793e-02  9.657980e-01 -2.578998e-01
   outer loop
     vertex  1.438228e+01 -3.090731e+01  1.473858e+02
     vertex  1.482532e+01 -3.089293e+01  1.474858e+02
     vertex  1.482691e+01 -3.091968e+01  1.473858e+02
   endloop
 endfacet
 facet normal  2.686793e-02  9.657980e-01 -2.578998e-01
   outer loop
     vertex  1.438228e+01 -3.090731e+01  1.473858e+02
     vertex  1.438535e+01 -3.088069e+01  1.474858e+02
     vertex  1.482532e+01 -3.089293e+01  1.474858e+02
   endloop
 endfacet
 facet normal  1.970113e-02  7.081795e-01 -7.057576e-01
   outer loop
     vertex  1.438228e+01 -3.090731e+01  1.473858e+02
     vertex  1.483126e+01 -3.099276e+01  1.473126e+02
     vertex  1.437387e+01 -3.098003e+01  1.473126e+02
   endloop
 endfacet
 facet normal  5.219944e-02  2.544419e-01 -9.656783e-01
   outer loop
     vertex  1.392564e+01 -3.088808e+01  1.473126e+02
     vertex  1.436239e+01 -3.107937e+01  1.472858e+02
     vertex  1.389708e+01 -3.098391e+01  1.472858e+02
   endloop
 endfacet
 facet normal  1.423759e-01  6.939995e-01 -7.057576e-01
   outer loop
     vertex  1.392564e+01 -3.088808e+01  1.473126e+02
     vertex  1.438228e+01 -3.090731e+01  1.473858e+02
     vertex  1.437387e+01 -3.098003e+01  1.473126e+02
   endloop
 endfacet
 facet normal  5.219944e-02  2.544419e-01 -9.656783e-01
   outer loop
     vertex  1.392564e+01 -3.088808e+01  1.473126e+02
     vertex  1.437387e+01 -3.098003e+01  1.473126e+02
     vertex  1.436239e+01 -3.107937e+01  1.472858e+02
   endloop
 endfacet
 facet normal  1.941688e-01  9.464598e-01 -2.578998e-01
   outer loop
     vertex  1.394655e+01 -3.081792e+01  1.473858e+02
     vertex  1.395420e+01 -3.079224e+01  1.474858e+02
     vertex  1.438535e+01 -3.088069e+01  1.474858e+02
   endloop
 endfacet
 facet normal  1.423759e-01  6.939995e-01 -7.057576e-01
   outer loop
     vertex  1.394655e+01 -3.081792e+01  1.473858e+02
     vertex  1.438228e+01 -3.090731e+01  1.473858e+02
     vertex  1.392564e+01 -3.088808e+01  1.473126e+02
   endloop
 endfacet
 facet normal  3.555700e-01  8.983639e-01 -2.578998e-01
   outer loop
     vertex  1.394655e+01 -3.081792e+01  1.473858e+02
     vertex  1.354495e+01 -3.063026e+01  1.474858e+02
     vertex  1.395420e+01 -3.079224e+01  1.474858e+02
   endloop
 endfacet
 facet normal  1.941688e-01  9.464598e-01 -2.578998e-01
   outer loop
     vertex  1.394655e+01 -3.081792e+01  1.473858e+02
     vertex  1.438535e+01 -3.088069e+01  1.474858e+02
     vertex  1.438228e+01 -3.090731e+01  1.473858e+02
   endloop
 endfacet
 facet normal  9.558978e-02  2.415120e-01 -9.656783e-01
   outer loop
     vertex  1.350018e+01 -3.071968e+01  1.473126e+02
     vertex  1.389708e+01 -3.098391e+01  1.472858e+02
     vertex  1.345542e+01 -3.080910e+01  1.472858e+02
   endloop
 endfacet
 facet normal  9.558978e-02  2.415120e-01 -9.656783e-01
   outer loop
     vertex  1.350018e+01 -3.071968e+01  1.473126e+02
     vertex  1.392564e+01 -3.088808e+01  1.473126e+02
     vertex  1.389708e+01 -3.098391e+01  1.472858e+02
   endloop
 endfacet
 facet normal  2.607246e-01  6.587328e-01 -7.057576e-01
   outer loop
     vertex  1.353296e+01 -3.065422e+01  1.473858e+02
     vertex  1.394655e+01 -3.081792e+01  1.473858e+02
     vertex  1.392564e+01 -3.088808e+01  1.473126e+02
   endloop
 endfacet
 facet normal  3.555700e-01  8.983639e-01 -2.578998e-01
   outer loop
     vertex  1.353296e+01 -3.065422e+01  1.473858e+02
     vertex  1.354495e+01 -3.063026e+01  1.474858e+02
     vertex  1.394655e+01 -3.081792e+01  1.473858e+02
   endloop
 endfacet
 facet normal  2.607246e-01  6.587328e-01 -7.057576e-01
   outer loop
     vertex  1.353296e+01 -3.065422e+01  1.473858e+02
     vertex  1.392564e+01 -3.088808e+01  1.473126e+02
     vertex  1.350018e+01 -3.071968e+01  1.473126e+02
   endloop
 endfacet
 facet normal  1.360757e-01  2.212439e-01 -9.656783e-01
   outer loop
     vertex  1.311044e+01 -3.047997e+01  1.473126e+02
     vertex  1.345542e+01 -3.080910e+01  1.472858e+02
     vertex  1.305082e+01 -3.056026e+01  1.472858e+02
   endloop
 endfacet
 facet normal  1.360757e-01  2.212439e-01 -9.656783e-01
   outer loop
     vertex  1.311044e+01 -3.047997e+01  1.473126e+02
     vertex  1.350018e+01 -3.071968e+01  1.473126e+02
     vertex  1.345542e+01 -3.080910e+01  1.472858e+02
   endloop
 endfacet
 facet normal  5.061673e-01  8.229717e-01 -2.578998e-01
   outer loop
     vertex  1.315408e+01 -3.042119e+01  1.473858e+02
     vertex  1.317005e+01 -3.039968e+01  1.474858e+02
     vertex  1.354495e+01 -3.063026e+01  1.474858e+02
   endloop
 endfacet
 facet normal  6.413850e-01  7.225738e-01 -2.578998e-01
   outer loop
     vertex  1.315408e+01 -3.042119e+01  1.473858e+02
     vertex  1.284088e+01 -3.010750e+01  1.474858e+02
     vertex  1.317005e+01 -3.039968e+01  1.474858e+02
   endloop
 endfacet
 facet normal  5.061673e-01  8.229717e-01 -2.578998e-01
   outer loop
     vertex  1.315408e+01 -3.042119e+01  1.473858e+02
     vertex  1.354495e+01 -3.063026e+01  1.474858e+02
     vertex  1.353296e+01 -3.065422e+01  1.473858e+02
   endloop
 endfacet
 facet normal  3.711514e-01  6.034508e-01 -7.057576e-01
   outer loop
     vertex  1.315408e+01 -3.042119e+01  1.473858e+02
     vertex  1.353296e+01 -3.065422e+01  1.473858e+02
     vertex  1.350018e+01 -3.071968e+01  1.473126e+02
   endloop
 endfacet
 facet normal  3.711514e-01  6.034508e-01 -7.057576e-01
   outer loop
     vertex  1.315408e+01 -3.042119e+01  1.473858e+02
     vertex  1.350018e+01 -3.071968e+01  1.473126e+02
     vertex  1.311044e+01 -3.047997e+01  1.473126e+02
   endloop
 endfacet
 facet normal  1.724270e-01  1.942534e-01 -9.656783e-01
   outer loop
     vertex  1.276823e+01 -3.017622e+01  1.473126e+02
     vertex  1.305082e+01 -3.056026e+01  1.472858e+02
     vertex  1.269558e+01 -3.024493e+01  1.472858e+02
   endloop
 endfacet
 facet normal  4.703009e-01  5.298333e-01 -7.057576e-01
   outer loop
     vertex  1.276823e+01 -3.017622e+01  1.473126e+02
     vertex  1.315408e+01 -3.042119e+01  1.473858e+02
     vertex  1.311044e+01 -3.047997e+01  1.473126e+02
   endloop
 endfacet
 facet normal  1.724270e-01  1.942534e-01 -9.656783e-01
   outer loop
     vertex  1.276823e+01 -3.017622e+01  1.473126e+02
     vertex  1.311044e+01 -3.047997e+01  1.473126e+02
     vertex  1.305082e+01 -3.056026e+01  1.472858e+02
   endloop
 endfacet
 facet normal  6.413850e-01  7.225738e-01 -2.578998e-01
   outer loop
     vertex  1.282142e+01 -3.012591e+01  1.473858e+02
     vertex  1.284088e+01 -3.010750e+01  1.474858e+02
     vertex  1.315408e+01 -3.042119e+01  1.473858e+02
   endloop
 endfacet
 facet normal  4.703009e-01  5.298333e-01 -7.057576e-01
   outer loop
     vertex  1.282142e+01 -3.012591e+01  1.473858e+02
     vertex  1.315408e+01 -3.042119e+01  1.473858e+02
     vertex  1.276823e+01 -3.017622e+01  1.473126e+02
   endloop
 endfacet
 facet normal  2.035392e-01  1.613606e-01 -9.656783e-01
   outer loop
     vertex  1.248397e+01 -2.981765e+01  1.473126e+02
     vertex  1.276823e+01 -3.017622e+01  1.473126e+02
     vertex  1.269558e+01 -3.024493e+01  1.472858e+02
   endloop
 endfacet
 facet normal  2.035392e-01  1.613606e-01 -9.656783e-01
   outer loop
     vertex  1.248397e+01 -2.981765e+01  1.473126e+02
     vertex  1.269558e+01 -3.024493e+01  1.472858e+02
     vertex  1.240050e+01 -2.987271e+01  1.472858e+02
   endloop
 endfacet
 facet normal  7.571146e-01  6.002210e-01 -2.578998e-01
   outer loop
     vertex  1.254509e+01 -2.977735e+01  1.473858e+02
     vertex  1.256745e+01 -2.976260e+01  1.474858e+02
     vertex  1.284088e+01 -3.010750e+01  1.474858e+02
   endloop
 endfacet
 facet normal  5.551606e-01  4.401170e-01 -7.057576e-01
   outer loop
     vertex  1.254509e+01 -2.977735e+01  1.473858e+02
     vertex  1.276823e+01 -3.017622e+01  1.473126e+02
     vertex  1.248397e+01 -2.981765e+01  1.473126e+02
   endloop
 endfacet
 facet normal  7.571146e-01  6.002210e-01 -2.578998e-01
   outer loop
     vertex  1.254509e+01 -2.977735e+01  1.473858e+02
     vertex  1.284088e+01 -3.010750e+01  1.474858e+02
     vertex  1.282142e+01 -3.012591e+01  1.473858e+02
   endloop
 endfacet
 facet normal  5.551606e-01  4.401170e-01 -7.057576e-01
   outer loop
     vertex  1.254509e+01 -2.977735e+01  1.473858e+02
     vertex  1.282142e+01 -3.012591e+01  1.473858e+02
     vertex  1.276823e+01 -3.017622e+01  1.473126e+02
   endloop
 endfacet
 facet normal  2.284669e-01  1.235650e-01 -9.656783e-01
   outer loop
     vertex  1.226630e+01 -2.941518e+01  1.473126e+02
     vertex  1.240050e+01 -2.987271e+01  1.472858e+02
     vertex  1.217453e+01 -2.945491e+01  1.472858e+02
   endloop
 endfacet
 facet normal  2.284669e-01  1.235650e-01 -9.656783e-01
   outer loop
     vertex  1.226630e+01 -2.941518e+01  1.473126e+02
     vertex  1.248397e+01 -2.981765e+01  1.473126e+02
     vertex  1.240050e+01 -2.987271e+01  1.472858e+02
   endloop
 endfacet
 facet normal  6.231520e-01  3.370280e-01 -7.057576e-01
   outer loop
     vertex  1.233348e+01 -2.938610e+01  1.473858e+02
     vertex  1.248397e+01 -2.981765e+01  1.473126e+02
     vertex  1.226630e+01 -2.941518e+01  1.473126e+02
   endloop
 endfacet
 facet normal  8.498396e-01  4.596307e-01 -2.578998e-01
   outer loop
     vertex  1.233348e+01 -2.938610e+01  1.473858e+02
     vertex  1.235807e+01 -2.937546e+01  1.474858e+02
     vertex  1.256745e+01 -2.976260e+01  1.474858e+02
   endloop
 endfacet
 facet normal  8.498396e-01  4.596307e-01 -2.578998e-01
   outer loop
     vertex  1.233348e+01 -2.938610e+01  1.473858e+02
     vertex  1.256745e+01 -2.976260e+01  1.474858e+02
     vertex  1.254509e+01 -2.977735e+01  1.473858e+02
   endloop
 endfacet
 facet normal  6.231520e-01  3.370280e-01 -7.057576e-01
   outer loop
     vertex  1.233348e+01 -2.938610e+01  1.473858e+02
     vertex  1.254509e+01 -2.977735e+01  1.473858e+02
     vertex  1.248397e+01 -2.981765e+01  1.473126e+02
   endloop
 endfacet
 facet normal  2.464528e-01  8.201489e-02 -9.656783e-01
   outer loop
     vertex  1.212182e+01 -2.898102e+01  1.473126e+02
     vertex  1.217453e+01 -2.945491e+01  1.472858e+02
     vertex  1.202454e+01 -2.900421e+01  1.472858e+02
   endloop
 endfacet
 facet normal  2.464528e-01  8.201489e-02 -9.656783e-01
   outer loop
     vertex  1.212182e+01 -2.898102e+01  1.473126e+02
     vertex  1.226630e+01 -2.941518e+01  1.473126e+02
     vertex  1.217453e+01 -2.945491e+01  1.472858e+02
   endloop
 endfacet
 facet normal  9.167426e-01  3.050748e-01 -2.578998e-01
   outer loop
     vertex  1.219303e+01 -2.896405e+01  1.473858e+02
     vertex  1.221909e+01 -2.895784e+01  1.474858e+02
     vertex  1.235807e+01 -2.937546e+01  1.474858e+02
   endloop
 endfacet
 facet normal  6.722092e-01  2.236986e-01 -7.057576e-01
   outer loop
     vertex  1.219303e+01 -2.896405e+01  1.473858e+02
     vertex  1.233348e+01 -2.938610e+01  1.473858e+02
     vertex  1.226630e+01 -2.941518e+01  1.473126e+02
   endloop
 endfacet
 facet normal  9.167426e-01  3.050748e-01 -2.578998e-01
   outer loop
     vertex  1.219303e+01 -2.896405e+01  1.473858e+02
     vertex  1.235807e+01 -2.937546e+01  1.474858e+02
     vertex  1.233348e+01 -2.938610e+01  1.473858e+02
   endloop
 endfacet
 facet normal  6.722092e-01  2.236986e-01 -7.057576e-01
   outer loop
     vertex  1.219303e+01 -2.896405e+01  1.473858e+02
     vertex  1.226630e+01 -2.941518e+01  1.473126e+02
     vertex  1.212182e+01 -2.898102e+01  1.473126e+02
   endloop
 endfacet
 facet normal  2.569504e-01  3.797281e-02 -9.656783e-01
   outer loop
     vertex  1.205493e+01 -2.852837e+01  1.473126e+02
     vertex  1.202454e+01 -2.900421e+01  1.472858e+02
     vertex  1.195510e+01 -2.853431e+01  1.472858e+02
   endloop
 endfacet
 facet normal  2.596407e-01 -7.223049e-03 -9.656783e-01
   outer loop
     vertex  1.205493e+01 -2.852837e+01  1.473126e+02
     vertex  1.195510e+01 -2.853431e+01  1.472858e+02
     vertex  1.206765e+01 -2.807098e+01  1.473126e+02
   endloop
 endfacet
 facet normal  2.569504e-01  3.797281e-02 -9.656783e-01
   outer loop
     vertex  1.205493e+01 -2.852837e+01  1.473126e+02
     vertex  1.212182e+01 -2.898102e+01  1.473126e+02
     vertex  1.202454e+01 -2.900421e+01  1.472858e+02
   endloop
 endfacet
 facet normal  7.081795e-01 -1.970113e-02 -7.057576e-01
   outer loop
     vertex  1.212800e+01 -2.852402e+01  1.473858e+02
     vertex  1.205493e+01 -2.852837e+01  1.473126e+02
     vertex  1.206765e+01 -2.807098e+01  1.473126e+02
   endloop
 endfacet
 facet normal  7.081795e-01 -1.970113e-02 -7.057576e-01
   outer loop
     vertex  1.212800e+01 -2.852402e+01  1.473858e+02
     vertex  1.206765e+01 -2.807098e+01  1.473126e+02
     vertex  1.214037e+01 -2.807939e+01  1.473858e+02
   endloop
 endfacet
 facet normal  9.657980e-01 -2.686793e-02 -2.578998e-01
   outer loop
     vertex  1.212800e+01 -2.852402e+01  1.473858e+02
     vertex  1.214037e+01 -2.807939e+01  1.473858e+02
     vertex  1.216699e+01 -2.808246e+01  1.474858e+02
   endloop
 endfacet
 facet normal  9.557909e-01  1.412493e-01 -2.578998e-01
   outer loop
     vertex  1.212800e+01 -2.852402e+01  1.473858e+02
     vertex  1.215475e+01 -2.852243e+01  1.474858e+02
     vertex  1.221909e+01 -2.895784e+01  1.474858e+02
   endloop
 endfacet
 facet normal  9.657980e-01 -2.686793e-02 -2.578998e-01
   outer loop
     vertex  1.212800e+01 -2.852402e+01  1.473858e+02
     vertex  1.216699e+01 -2.808246e+01  1.474858e+02
     vertex  1.215475e+01 -2.852243e+01  1.474858e+02
   endloop
 endfacet
 facet normal  9.557909e-01  1.412493e-01 -2.578998e-01
   outer loop
     vertex  1.212800e+01 -2.852402e+01  1.473858e+02
     vertex  1.221909e+01 -2.895784e+01  1.474858e+02
     vertex  1.219303e+01 -2.896405e+01  1.473858e+02
   endloop
 endfacet
 facet normal  7.008417e-01  1.035722e-01 -7.057576e-01
   outer loop
     vertex  1.212800e+01 -2.852402e+01  1.473858e+02
     vertex  1.219303e+01 -2.896405e+01  1.473858e+02
     vertex  1.212182e+01 -2.898102e+01  1.473126e+02
   endloop
 endfacet
 facet normal  7.008417e-01  1.035722e-01 -7.057576e-01
   outer loop
     vertex  1.212800e+01 -2.852402e+01  1.473858e+02
     vertex  1.212182e+01 -2.898102e+01  1.473126e+02
     vertex  1.205493e+01 -2.852837e+01  1.473126e+02
   endloop
 endfacet
 facet normal  7.766006e-01 -2.160457e-02  6.296227e-01
   outer loop
     vertex -4.546162e+01 -2.186259e+01  1.588826e+02
     vertex -4.544939e+01 -2.142262e+01  1.588826e+02
     vertex -4.549368e+01 -2.141750e+01  1.589375e+02
   endloop
 endfacet
 facet normal -1.736773e-01  3.563037e-02  9.841578e-01
   outer loop
     vertex -4.032803e+01 -2.201459e+01  1.589733e+02
     vertex -4.035353e+01 -2.248362e+01  1.589858e+02
     vertex -4.025894e+01 -2.202258e+01  1.589858e+02
   endloop
 endfacet
 facet normal -7.610507e-01  1.561316e-01  6.296227e-01
   outer loop
     vertex -4.043279e+01 -2.200249e+01  1.588826e+02
     vertex -4.052124e+01 -2.243364e+01  1.588826e+02
     vertex -4.038849e+01 -2.200761e+01  1.589375e+02
   endloop
 endfacet
 facet normal  1.772259e-01 -4.930319e-03  9.841578e-01
   outer loop
     vertex -4.556689e+01 -2.186885e+01  1.589733e+02
     vertex -4.555414e+01 -2.141051e+01  1.589733e+02
     vertex -4.562323e+01 -2.140253e+01  1.589858e+02
   endloop
 endfacet
 facet normal  1.772259e-01 -4.930319e-03  9.841578e-01
   outer loop
     vertex -4.556689e+01 -2.186885e+01  1.589733e+02
     vertex -4.562323e+01 -2.140253e+01  1.589858e+02
     vertex -4.563632e+01 -2.187298e+01  1.589858e+02
   endloop
 endfacet
 facet normal  5.091170e-01 -1.416333e-02  8.605808e-01
   outer loop
     vertex -4.550614e+01 -2.186524e+01  1.589375e+02
     vertex -4.549368e+01 -2.141750e+01  1.589375e+02
     vertex -4.555414e+01 -2.141051e+01  1.589733e+02
   endloop
 endfacet
 facet normal  5.091170e-01 -1.416333e-02  8.605808e-01
   outer loop
     vertex -4.550614e+01 -2.186524e+01  1.589375e+02
     vertex -4.555414e+01 -2.141051e+01  1.589733e+02
     vertex -4.556689e+01 -2.186885e+01  1.589733e+02
   endloop
 endfacet
 facet normal  7.766006e-01 -2.160457e-02  6.296227e-01
   outer loop
     vertex -4.550614e+01 -2.186524e+01  1.589375e+02
     vertex -4.546162e+01 -2.186259e+01  1.588826e+02
     vertex -4.549368e+01 -2.141750e+01  1.589375e+02
   endloop
 endfacet
 facet normal  1.753896e-01  2.591954e-02  9.841578e-01
   outer loop
     vertex -4.549986e+01 -2.232244e+01  1.589733e+02
     vertex -4.556689e+01 -2.186885e+01  1.589733e+02
     vertex -4.563632e+01 -2.187298e+01  1.589858e+02
   endloop
 endfacet
 facet normal  1.753896e-01  2.591954e-02  9.841578e-01
   outer loop
     vertex -4.549986e+01 -2.232244e+01  1.589733e+02
     vertex -4.563632e+01 -2.187298e+01  1.589858e+02
     vertex -4.556751e+01 -2.233857e+01  1.589858e+02
   endloop
 endfacet
 facet normal  7.685539e-01  1.135789e-01  6.296227e-01
   outer loop
     vertex -4.544065e+01 -2.230833e+01  1.589375e+02
     vertex -4.539728e+01 -2.229799e+01  1.588826e+02
     vertex -4.546162e+01 -2.186259e+01  1.588826e+02
   endloop
 endfacet
 facet normal  5.038418e-01  7.445908e-02  8.605808e-01
   outer loop
     vertex -4.544065e+01 -2.230833e+01  1.589375e+02
     vertex -4.556689e+01 -2.186885e+01  1.589733e+02
     vertex -4.549986e+01 -2.232244e+01  1.589733e+02
   endloop
 endfacet
 facet normal  7.685539e-01  1.135789e-01  6.296227e-01
   outer loop
     vertex -4.544065e+01 -2.230833e+01  1.589375e+02
     vertex -4.546162e+01 -2.186259e+01  1.588826e+02
     vertex -4.550614e+01 -2.186524e+01  1.589375e+02
   endloop
 endfacet
 facet normal  5.038418e-01  7.445908e-02  8.605808e-01
   outer loop
     vertex -4.544065e+01 -2.230833e+01  1.589375e+02
     vertex -4.550614e+01 -2.186524e+01  1.589375e+02
     vertex -4.556689e+01 -2.186885e+01  1.589733e+02
   endloop
 endfacet
 facet normal  1.682241e-01  5.598184e-02  9.841578e-01
   outer loop
     vertex -4.535508e+01 -2.275751e+01  1.589733e+02
     vertex -4.556751e+01 -2.233857e+01  1.589858e+02
     vertex -4.541890e+01 -2.278513e+01  1.589858e+02
   endloop
 endfacet
 facet normal  1.682241e-01  5.598184e-02  9.841578e-01
   outer loop
     vertex -4.535508e+01 -2.275751e+01  1.589733e+02
     vertex -4.549986e+01 -2.232244e+01  1.589733e+02
     vertex -4.556751e+01 -2.233857e+01  1.589858e+02
   endloop
 endfacet
 facet normal  7.371550e-01  2.453114e-01  6.296227e-01
   outer loop
     vertex -4.529922e+01 -2.273333e+01  1.589375e+02
     vertex -4.539728e+01 -2.229799e+01  1.588826e+02
     vertex -4.544065e+01 -2.230833e+01  1.589375e+02
   endloop
 endfacet
 facet normal  7.371550e-01  2.453114e-01  6.296227e-01
   outer loop
     vertex -4.529922e+01 -2.273333e+01  1.589375e+02
     vertex -4.525830e+01 -2.271561e+01  1.588826e+02
     vertex -4.539728e+01 -2.229799e+01  1.588826e+02
   endloop
 endfacet
 facet normal  4.832576e-01  1.608191e-01  8.605808e-01
   outer loop
     vertex -4.529922e+01 -2.273333e+01  1.589375e+02
     vertex -4.544065e+01 -2.230833e+01  1.589375e+02
     vertex -4.549986e+01 -2.232244e+01  1.589733e+02
   endloop
 endfacet
 facet normal  4.832576e-01  1.608191e-01  8.605808e-01
   outer loop
     vertex -4.529922e+01 -2.273333e+01  1.589375e+02
     vertex -4.549986e+01 -2.232244e+01  1.589733e+02
     vertex -4.535508e+01 -2.275751e+01  1.589733e+02
   endloop
 endfacet
 facet normal  1.559473e-01  8.434317e-02  9.841578e-01
   outer loop
     vertex -4.513695e+01 -2.316082e+01  1.589733e+02
     vertex -4.541890e+01 -2.278513e+01  1.589858e+02
     vertex -4.519501e+01 -2.319911e+01  1.589858e+02
   endloop
 endfacet
 facet normal  1.559473e-01  8.434317e-02  9.841578e-01
   outer loop
     vertex -4.513695e+01 -2.316082e+01  1.589733e+02
     vertex -4.535508e+01 -2.275751e+01  1.589733e+02
     vertex -4.541890e+01 -2.278513e+01  1.589858e+02
   endloop
 endfacet
 facet normal  6.833581e-01  3.695902e-01  6.296227e-01
   outer loop
     vertex -4.508614e+01 -2.312730e+01  1.589375e+02
     vertex -4.525830e+01 -2.271561e+01  1.588826e+02
     vertex -4.529922e+01 -2.273333e+01  1.589375e+02
   endloop
 endfacet
 facet normal  4.479899e-01  2.422927e-01  8.605808e-01
   outer loop
     vertex -4.508614e+01 -2.312730e+01  1.589375e+02
     vertex -4.529922e+01 -2.273333e+01  1.589375e+02
     vertex -4.535508e+01 -2.275751e+01  1.589733e+02
   endloop
 endfacet
 facet normal  6.833581e-01  3.695902e-01  6.296227e-01
   outer loop
     vertex -4.508614e+01 -2.312730e+01  1.589375e+02
     vertex -4.504892e+01 -2.310275e+01  1.588826e+02
     vertex -4.525830e+01 -2.271561e+01  1.588826e+02
   endloop
 endfacet
 facet normal  4.479899e-01  2.422927e-01  8.605808e-01
   outer loop
     vertex -4.508614e+01 -2.312730e+01  1.589375e+02
     vertex -4.535508e+01 -2.275751e+01  1.589733e+02
     vertex -4.513695e+01 -2.316082e+01  1.589733e+02
   endloop
 endfacet
 facet normal  1.389321e-01  1.101418e-01  9.841578e-01
   outer loop
     vertex -4.485210e+01 -2.352012e+01  1.589733e+02
     vertex -4.519501e+01 -2.319911e+01  1.589858e+02
     vertex -4.490263e+01 -2.356791e+01  1.589858e+02
   endloop
 endfacet
 facet normal  1.389321e-01  1.101418e-01  9.841578e-01
   outer loop
     vertex -4.485210e+01 -2.352012e+01  1.589733e+02
     vertex -4.513695e+01 -2.316082e+01  1.589733e+02
     vertex -4.519501e+01 -2.319911e+01  1.589858e+02
   endloop
 endfacet
 facet normal  6.087977e-01  4.826392e-01  6.296227e-01
   outer loop
     vertex -4.480789e+01 -2.347830e+01  1.589375e+02
     vertex -4.477549e+01 -2.344766e+01  1.588826e+02
     vertex -4.504892e+01 -2.310275e+01  1.588826e+02
   endloop
 endfacet
 facet normal  3.991103e-01  3.164044e-01  8.605808e-01
   outer loop
     vertex -4.480789e+01 -2.347830e+01  1.589375e+02
     vertex -4.513695e+01 -2.316082e+01  1.589733e+02
     vertex -4.485210e+01 -2.352012e+01  1.589733e+02
   endloop
 endfacet
 facet normal  3.991103e-01  3.164044e-01  8.605808e-01
   outer loop
     vertex -4.480789e+01 -2.347830e+01  1.589375e+02
     vertex -4.508614e+01 -2.312730e+01  1.589375e+02
     vertex -4.513695e+01 -2.316082e+01  1.589733e+02
   endloop
 endfacet
 facet normal  6.087977e-01  4.826392e-01  6.296227e-01
   outer loop
     vertex -4.480789e+01 -2.347830e+01  1.589375e+02
     vertex -4.504892e+01 -2.310275e+01  1.588826e+02
     vertex -4.508614e+01 -2.312730e+01  1.589375e+02
   endloop
 endfacet
 facet normal  1.176955e-01  1.325938e-01  9.841578e-01
   outer loop
     vertex -4.450919e+01 -2.382450e+01  1.589733e+02
     vertex -4.490263e+01 -2.356791e+01  1.589858e+02
     vertex -4.455065e+01 -2.388034e+01  1.589858e+02
   endloop
 endfacet
 facet normal  1.176955e-01  1.325938e-01  9.841578e-01
   outer loop
     vertex -4.450919e+01 -2.382450e+01  1.589733e+02
     vertex -4.485210e+01 -2.352012e+01  1.589733e+02
     vertex -4.490263e+01 -2.356791e+01  1.589858e+02
   endloop
 endfacet
 facet normal  5.157393e-01  5.810234e-01  6.296227e-01
   outer loop
     vertex -4.447291e+01 -2.377564e+01  1.589375e+02
     vertex -4.444633e+01 -2.373984e+01  1.588826e+02
     vertex -4.477549e+01 -2.344766e+01  1.588826e+02
   endloop
 endfacet
 facet normal  5.157393e-01  5.810234e-01  6.296227e-01
   outer loop
     vertex -4.447291e+01 -2.377564e+01  1.589375e+02
     vertex -4.477549e+01 -2.344766e+01  1.588826e+02
     vertex -4.480789e+01 -2.347830e+01  1.589375e+02
   endloop
 endfacet
 facet normal  3.381038e-01  3.809022e-01  8.605808e-01
   outer loop
     vertex -4.447291e+01 -2.377564e+01  1.589375e+02
     vertex -4.480789e+01 -2.347830e+01  1.589375e+02
     vertex -4.485210e+01 -2.352012e+01  1.589733e+02
   endloop
 endfacet
 facet normal  3.381038e-01  3.809022e-01  8.605808e-01
   outer loop
     vertex -4.447291e+01 -2.377564e+01  1.589375e+02
     vertex -4.485210e+01 -2.352012e+01  1.589733e+02
     vertex -4.450919e+01 -2.382450e+01  1.589733e+02
   endloop
 endfacet
 facet normal  9.288273e-02  1.510170e-01  9.841578e-01
   outer loop
     vertex -4.411863e+01 -2.406472e+01  1.589733e+02
     vertex -4.455065e+01 -2.388034e+01  1.589858e+02
     vertex -4.414976e+01 -2.412691e+01  1.589858e+02
   endloop
 endfacet
 facet normal  9.288273e-02  1.510170e-01  9.841578e-01
   outer loop
     vertex -4.411863e+01 -2.406472e+01  1.589733e+02
     vertex -4.450919e+01 -2.382450e+01  1.589733e+02
     vertex -4.455065e+01 -2.388034e+01  1.589858e+02
   endloop
 endfacet
 facet normal  4.070104e-01  6.617536e-01  6.296227e-01
   outer loop
     vertex -4.409138e+01 -2.401029e+01  1.589375e+02
     vertex -4.407142e+01 -2.397042e+01  1.588826e+02
     vertex -4.444633e+01 -2.373984e+01  1.588826e+02
   endloop
 endfacet
 facet normal  4.070104e-01  6.617536e-01  6.296227e-01
   outer loop
     vertex -4.409138e+01 -2.401029e+01  1.589375e+02
     vertex -4.444633e+01 -2.373984e+01  1.588826e+02
     vertex -4.447291e+01 -2.377564e+01  1.589375e+02
   endloop
 endfacet
 facet normal  2.668243e-01  4.338266e-01  8.605808e-01
   outer loop
     vertex -4.409138e+01 -2.401029e+01  1.589375e+02
     vertex -4.447291e+01 -2.377564e+01  1.589375e+02
     vertex -4.450919e+01 -2.382450e+01  1.589733e+02
   endloop
 endfacet
 facet normal  2.668243e-01  4.338266e-01  8.605808e-01
   outer loop
     vertex -4.409138e+01 -2.401029e+01  1.589375e+02
     vertex -4.450919e+01 -2.382450e+01  1.589733e+02
     vertex -4.411863e+01 -2.406472e+01  1.589733e+02
   endloop
 endfacet
 facet normal  6.524781e-02  1.648516e-01  9.841578e-01
   outer loop
     vertex -4.369229e+01 -2.423346e+01  1.589733e+02
     vertex -4.414976e+01 -2.412691e+01  1.589858e+02
     vertex -4.371215e+01 -2.430011e+01  1.589858e+02
   endloop
 endfacet
 facet normal  6.524781e-02  1.648516e-01  9.841578e-01
   outer loop
     vertex -4.369229e+01 -2.423346e+01  1.589733e+02
     vertex -4.411863e+01 -2.406472e+01  1.589733e+02
     vertex -4.414976e+01 -2.412691e+01  1.589858e+02
   endloop
 endfacet
 facet normal  1.874375e-01  4.735694e-01  8.605808e-01
   outer loop
     vertex -4.369229e+01 -2.423346e+01  1.589733e+02
     vertex -4.409138e+01 -2.401029e+01  1.589375e+02
     vertex -4.411863e+01 -2.406472e+01  1.589733e+02
   endloop
 endfacet
 facet normal  1.874375e-01  4.735694e-01  8.605808e-01
   outer loop
     vertex -4.367491e+01 -2.417513e+01  1.589375e+02
     vertex -4.409138e+01 -2.401029e+01  1.589375e+02
     vertex -4.369229e+01 -2.423346e+01  1.589733e+02
   endloop
 endfacet
 facet normal  2.859147e-01  7.223767e-01  6.296227e-01
   outer loop
     vertex -4.367491e+01 -2.417513e+01  1.589375e+02
     vertex -4.366218e+01 -2.413240e+01  1.588826e+02
     vertex -4.407142e+01 -2.397042e+01  1.588826e+02
   endloop
 endfacet
 facet normal  2.859147e-01  7.223767e-01  6.296227e-01
   outer loop
     vertex -4.367491e+01 -2.417513e+01  1.589375e+02
     vertex -4.407142e+01 -2.397042e+01  1.588826e+02
     vertex -4.409138e+01 -2.401029e+01  1.589375e+02
   endloop
 endfacet
 facet normal  3.563037e-02  1.736773e-01  9.841578e-01
   outer loop
     vertex -4.324313e+01 -2.432561e+01  1.589733e+02
     vertex -4.371215e+01 -2.430011e+01  1.589858e+02
     vertex -4.325111e+01 -2.439469e+01  1.589858e+02
   endloop
 endfacet
 facet normal  3.563037e-02  1.736773e-01  9.841578e-01
   outer loop
     vertex -4.324313e+01 -2.432561e+01  1.589733e+02
     vertex -4.369229e+01 -2.423346e+01  1.589733e+02
     vertex -4.371215e+01 -2.430011e+01  1.589858e+02
   endloop
 endfacet
 facet normal  1.023554e-01  4.989229e-01  8.605808e-01
   outer loop
     vertex -4.323614e+01 -2.426515e+01  1.589375e+02
     vertex -4.369229e+01 -2.423346e+01  1.589733e+02
     vertex -4.324313e+01 -2.432561e+01  1.589733e+02
   endloop
 endfacet
 facet normal  1.561316e-01  7.610507e-01  6.296227e-01
   outer loop
     vertex -4.323614e+01 -2.426515e+01  1.589375e+02
     vertex -4.323102e+01 -2.422085e+01  1.588826e+02
     vertex -4.366218e+01 -2.413240e+01  1.588826e+02
   endloop
 endfacet
 facet normal  1.023554e-01  4.989229e-01  8.605808e-01
   outer loop
     vertex -4.323614e+01 -2.426515e+01  1.589375e+02
     vertex -4.367491e+01 -2.417513e+01  1.589375e+02
     vertex -4.369229e+01 -2.423346e+01  1.589733e+02
   endloop
 endfacet
 facet normal  1.561316e-01  7.610507e-01  6.296227e-01
   outer loop
     vertex -4.323614e+01 -2.426515e+01  1.589375e+02
     vertex -4.366218e+01 -2.413240e+01  1.588826e+02
     vertex -4.367491e+01 -2.417513e+01  1.589375e+02
   endloop
 endfacet
 facet normal  4.930319e-03  1.772259e-01  9.841578e-01
   outer loop
     vertex -4.278479e+01 -2.433836e+01  1.589733e+02
     vertex -4.325111e+01 -2.439469e+01  1.589858e+02
     vertex -4.278065e+01 -2.440778e+01  1.589858e+02
   endloop
 endfacet
 facet normal  4.930319e-03  1.772259e-01  9.841578e-01
   outer loop
     vertex -4.278479e+01 -2.433836e+01  1.589733e+02
     vertex -4.324313e+01 -2.432561e+01  1.589733e+02
     vertex -4.325111e+01 -2.439469e+01  1.589858e+02
   endloop
 endfacet
 facet normal  1.416333e-02  5.091170e-01  8.605808e-01
   outer loop
     vertex -4.278840e+01 -2.427760e+01  1.589375e+02
     vertex -4.323614e+01 -2.426515e+01  1.589375e+02
     vertex -4.324313e+01 -2.432561e+01  1.589733e+02
   endloop
 endfacet
 facet normal  2.160457e-02  7.766006e-01  6.296227e-01
   outer loop
     vertex -4.278840e+01 -2.427760e+01  1.589375e+02
     vertex -4.279105e+01 -2.423309e+01  1.588826e+02
     vertex -4.323102e+01 -2.422085e+01  1.588826e+02
   endloop
 endfacet
 facet normal  1.416333e-02  5.091170e-01  8.605808e-01
   outer loop
     vertex -4.278840e+01 -2.427760e+01  1.589375e+02
     vertex -4.324313e+01 -2.432561e+01  1.589733e+02
     vertex -4.278479e+01 -2.433836e+01  1.589733e+02
   endloop
 endfacet
 facet normal  2.160457e-02  7.766006e-01  6.296227e-01
   outer loop
     vertex -4.278840e+01 -2.427760e+01  1.589375e+02
     vertex -4.323102e+01 -2.422085e+01  1.588826e+02
     vertex -4.323614e+01 -2.426515e+01  1.589375e+02
   endloop
 endfacet
 facet normal -2.591954e-02  1.753896e-01  9.841578e-01
   outer loop
     vertex -4.233119e+01 -2.427133e+01  1.589733e+02
     vertex -4.278065e+01 -2.440778e+01  1.589858e+02
     vertex -4.231507e+01 -2.433898e+01  1.589858e+02
   endloop
 endfacet
 facet normal -2.591954e-02  1.753896e-01  9.841578e-01
   outer loop
     vertex -4.233119e+01 -2.427133e+01  1.589733e+02
     vertex -4.278479e+01 -2.433836e+01  1.589733e+02
     vertex -4.278065e+01 -2.440778e+01  1.589858e+02
   endloop
 endfacet
 facet normal -1.135789e-01  7.685539e-01  6.296227e-01
   outer loop
     vertex -4.234531e+01 -2.421212e+01  1.589375e+02
     vertex -4.235565e+01 -2.416875e+01  1.588826e+02
     vertex -4.279105e+01 -2.423309e+01  1.588826e+02
   endloop
 endfacet
 facet normal -7.445908e-02  5.038418e-01  8.605808e-01
   outer loop
     vertex -4.234531e+01 -2.421212e+01  1.589375e+02
     vertex -4.278840e+01 -2.427760e+01  1.589375e+02
     vertex -4.278479e+01 -2.433836e+01  1.589733e+02
   endloop
 endfacet
 facet normal -1.135789e-01  7.685539e-01  6.296227e-01
   outer loop
     vertex -4.234531e+01 -2.421212e+01  1.589375e+02
     vertex -4.279105e+01 -2.423309e+01  1.588826e+02
     vertex -4.278840e+01 -2.427760e+01  1.589375e+02
   endloop
 endfacet
 facet normal -7.445908e-02  5.038418e-01  8.605808e-01
   outer loop
     vertex -4.234531e+01 -2.421212e+01  1.589375e+02
     vertex -4.278479e+01 -2.433836e+01  1.589733e+02
     vertex -4.233119e+01 -2.427133e+01  1.589733e+02
   endloop
 endfacet
 facet normal -5.598184e-02  1.682241e-01  9.841578e-01
   outer loop
     vertex -4.189613e+01 -2.412655e+01  1.589733e+02
     vertex -4.231507e+01 -2.433898e+01  1.589858e+02
     vertex -4.186851e+01 -2.419037e+01  1.589858e+02
   endloop
 endfacet
 facet normal -5.598184e-02  1.682241e-01  9.841578e-01
   outer loop
     vertex -4.189613e+01 -2.412655e+01  1.589733e+02
     vertex -4.233119e+01 -2.427133e+01  1.589733e+02
     vertex -4.231507e+01 -2.433898e+01  1.589858e+02
   endloop
 endfacet
 facet normal -2.453114e-01  7.371550e-01  6.296227e-01
   outer loop
     vertex -4.192031e+01 -2.407069e+01  1.589375e+02
     vertex -4.193803e+01 -2.402977e+01  1.588826e+02
     vertex -4.235565e+01 -2.416875e+01  1.588826e+02
   endloop
 endfacet
 facet normal -2.453114e-01  7.371550e-01  6.296227e-01
   outer loop
     vertex -4.192031e+01 -2.407069e+01  1.589375e+02
     vertex -4.235565e+01 -2.416875e+01  1.588826e+02
     vertex -4.234531e+01 -2.421212e+01  1.589375e+02
   endloop
 endfacet
 facet normal -1.608191e-01  4.832576e-01  8.605808e-01
   outer loop
     vertex -4.192031e+01 -2.407069e+01  1.589375e+02
     vertex -4.234531e+01 -2.421212e+01  1.589375e+02
     vertex -4.233119e+01 -2.427133e+01  1.589733e+02
   endloop
 endfacet
 facet normal -1.608191e-01  4.832576e-01  8.605808e-01
   outer loop
     vertex -4.192031e+01 -2.407069e+01  1.589375e+02
     vertex -4.233119e+01 -2.427133e+01  1.589733e+02
     vertex -4.189613e+01 -2.412655e+01  1.589733e+02
   endloop
 endfacet
 facet normal -8.434317e-02  1.559473e-01  9.841578e-01
   outer loop
     vertex -4.149282e+01 -2.390842e+01  1.589733e+02
     vertex -4.186851e+01 -2.419037e+01  1.589858e+02
     vertex -4.145453e+01 -2.396647e+01  1.589858e+02
   endloop
 endfacet
 facet normal -8.434317e-02  1.559473e-01  9.841578e-01
   outer loop
     vertex -4.149282e+01 -2.390842e+01  1.589733e+02
     vertex -4.189613e+01 -2.412655e+01  1.589733e+02
     vertex -4.186851e+01 -2.419037e+01  1.589858e+02
   endloop
 endfacet
 facet normal -3.695902e-01  6.833581e-01  6.296227e-01
   outer loop
     vertex -4.152633e+01 -2.385761e+01  1.589375e+02
     vertex -4.155088e+01 -2.382039e+01  1.588826e+02
     vertex -4.193803e+01 -2.402977e+01  1.588826e+02
   endloop
 endfacet
 facet normal -3.695902e-01  6.833581e-01  6.296227e-01
   outer loop
     vertex -4.152633e+01 -2.385761e+01  1.589375e+02
     vertex -4.193803e+01 -2.402977e+01  1.588826e+02
     vertex -4.192031e+01 -2.407069e+01  1.589375e+02
   endloop
 endfacet
 facet normal -2.422927e-01  4.479899e-01  8.605808e-01
   outer loop
     vertex -4.152633e+01 -2.385761e+01  1.589375e+02
     vertex -4.192031e+01 -2.407069e+01  1.589375e+02
     vertex -4.189613e+01 -2.412655e+01  1.589733e+02
   endloop
 endfacet
 facet normal -2.422927e-01  4.479899e-01  8.605808e-01
   outer loop
     vertex -4.152633e+01 -2.385761e+01  1.589375e+02
     vertex -4.189613e+01 -2.412655e+01  1.589733e+02
     vertex -4.149282e+01 -2.390842e+01  1.589733e+02
   endloop
 endfacet
 facet normal -1.101418e-01  1.389321e-01  9.841578e-01
   outer loop
     vertex -4.113352e+01 -2.362357e+01  1.589733e+02
     vertex -4.149282e+01 -2.390842e+01  1.589733e+02
     vertex -4.145453e+01 -2.396647e+01  1.589858e+02
   endloop
 endfacet
 facet normal -1.101418e-01  1.389321e-01  9.841578e-01
   outer loop
     vertex -4.113352e+01 -2.362357e+01  1.589733e+02
     vertex -4.145453e+01 -2.396647e+01  1.589858e+02
     vertex -4.108573e+01 -2.367409e+01  1.589858e+02
   endloop
 endfacet
 facet normal -4.826392e-01  6.087977e-01  6.296227e-01
   outer loop
     vertex -4.117534e+01 -2.357935e+01  1.589375e+02
     vertex -4.120598e+01 -2.354696e+01  1.588826e+02
     vertex -4.155088e+01 -2.382039e+01  1.588826e+02
   endloop
 endfacet
 facet normal -5.810234e-01  5.157393e-01  6.296227e-01
   outer loop
     vertex -4.117534e+01 -2.357935e+01  1.589375e+02
     vertex -4.091380e+01 -2.321779e+01  1.588826e+02
     vertex -4.120598e+01 -2.354696e+01  1.588826e+02
   endloop
 endfacet
 facet normal -3.164044e-01  3.991103e-01  8.605808e-01
   outer loop
     vertex -4.117534e+01 -2.357935e+01  1.589375e+02
     vertex -4.149282e+01 -2.390842e+01  1.589733e+02
     vertex -4.113352e+01 -2.362357e+01  1.589733e+02
   endloop
 endfacet
 facet normal -4.826392e-01  6.087977e-01  6.296227e-01
   outer loop
     vertex -4.117534e+01 -2.357935e+01  1.589375e+02
     vertex -4.155088e+01 -2.382039e+01  1.588826e+02
     vertex -4.152633e+01 -2.385761e+01  1.589375e+02
   endloop
 endfacet
 facet normal -3.164044e-01  3.991103e-01  8.605808e-01
   outer loop
     vertex -4.117534e+01 -2.357935e+01  1.589375e+02
     vertex -4.152633e+01 -2.385761e+01  1.589375e+02
     vertex -4.149282e+01 -2.390842e+01  1.589733e+02
   endloop
 endfacet
 facet normal -1.325938e-01  1.176955e-01  9.841578e-01
   outer loop
     vertex -4.082913e+01 -2.328066e+01  1.589733e+02
     vertex -4.108573e+01 -2.367409e+01  1.589858e+02
     vertex -4.077330e+01 -2.332211e+01  1.589858e+02
   endloop
 endfacet
 facet normal -1.325938e-01  1.176955e-01  9.841578e-01
   outer loop
     vertex -4.082913e+01 -2.328066e+01  1.589733e+02
     vertex -4.113352e+01 -2.362357e+01  1.589733e+02
     vertex -4.108573e+01 -2.367409e+01  1.589858e+02
   endloop
 endfacet
 facet normal -3.809022e-01  3.381038e-01  8.605808e-01
   outer loop
     vertex -4.087800e+01 -2.324437e+01  1.589375e+02
     vertex -4.113352e+01 -2.362357e+01  1.589733e+02
     vertex -4.082913e+01 -2.328066e+01  1.589733e+02
   endloop
 endfacet
 facet normal -5.810234e-01  5.157393e-01  6.296227e-01
   outer loop
     vertex -4.087800e+01 -2.324437e+01  1.589375e+02
     vertex -4.091380e+01 -2.321779e+01  1.588826e+02
     vertex -4.117534e+01 -2.357935e+01  1.589375e+02
   endloop
 endfacet
 facet normal -3.809022e-01  3.381038e-01  8.605808e-01
   outer loop
     vertex -4.087800e+01 -2.324437e+01  1.589375e+02
     vertex -4.117534e+01 -2.357935e+01  1.589375e+02
     vertex -4.113352e+01 -2.362357e+01  1.589733e+02
   endloop
 endfacet
 facet normal -1.510170e-01  9.288273e-02  9.841578e-01
   outer loop
     vertex -4.058892e+01 -2.289010e+01  1.589733e+02
     vertex -4.077330e+01 -2.332211e+01  1.589858e+02
     vertex -4.052673e+01 -2.292123e+01  1.589858e+02
   endloop
 endfacet
 facet normal -1.510170e-01  9.288273e-02  9.841578e-01
   outer loop
     vertex -4.058892e+01 -2.289010e+01  1.589733e+02
     vertex -4.082913e+01 -2.328066e+01  1.589733e+02
     vertex -4.077330e+01 -2.332211e+01  1.589858e+02
   endloop
 endfacet
 facet normal -6.617536e-01  4.070104e-01  6.296227e-01
   outer loop
     vertex -4.064335e+01 -2.286285e+01  1.589375e+02
     vertex -4.068322e+01 -2.284289e+01  1.588826e+02
     vertex -4.091380e+01 -2.321779e+01  1.588826e+02
   endloop
 endfacet
 facet normal -7.223767e-01  2.859147e-01  6.296227e-01
   outer loop
     vertex -4.064335e+01 -2.286285e+01  1.589375e+02
     vertex -4.052124e+01 -2.243364e+01  1.588826e+02
     vertex -4.068322e+01 -2.284289e+01  1.588826e+02
   endloop
 endfacet
 facet normal -4.338266e-01  2.668243e-01  8.605808e-01
   outer loop
     vertex -4.064335e+01 -2.286285e+01  1.589375e+02
     vertex -4.087800e+01 -2.324437e+01  1.589375e+02
     vertex -4.082913e+01 -2.328066e+01  1.589733e+02
   endloop
 endfacet
 facet normal -6.617536e-01  4.070104e-01  6.296227e-01
   outer loop
     vertex -4.064335e+01 -2.286285e+01  1.589375e+02
     vertex -4.091380e+01 -2.321779e+01  1.588826e+02
     vertex -4.087800e+01 -2.324437e+01  1.589375e+02
   endloop
 endfacet
 facet normal -4.338266e-01  2.668243e-01  8.605808e-01
   outer loop
     vertex -4.064335e+01 -2.286285e+01  1.589375e+02
     vertex -4.082913e+01 -2.328066e+01  1.589733e+02
     vertex -4.058892e+01 -2.289010e+01  1.589733e+02
   endloop
 endfacet
 facet normal -1.648516e-01  6.524781e-02  9.841578e-01
   outer loop
     vertex -4.042018e+01 -2.246376e+01  1.589733e+02
     vertex -4.052673e+01 -2.292123e+01  1.589858e+02
     vertex -4.035353e+01 -2.248362e+01  1.589858e+02
   endloop
 endfacet
 facet normal -1.736773e-01  3.563037e-02  9.841578e-01
   outer loop
     vertex -4.042018e+01 -2.246376e+01  1.589733e+02
     vertex -4.035353e+01 -2.248362e+01  1.589858e+02
     vertex -4.032803e+01 -2.201459e+01  1.589733e+02
   endloop
 endfacet
 facet normal -1.648516e-01  6.524781e-02  9.841578e-01
   outer loop
     vertex -4.042018e+01 -2.246376e+01  1.589733e+02
     vertex -4.058892e+01 -2.289010e+01  1.589733e+02
     vertex -4.052673e+01 -2.292123e+01  1.589858e+02
   endloop
 endfacet
 facet normal -4.735694e-01  1.874375e-01  8.605808e-01
   outer loop
     vertex -4.042018e+01 -2.246376e+01  1.589733e+02
     vertex -4.064335e+01 -2.286285e+01  1.589375e+02
     vertex -4.058892e+01 -2.289010e+01  1.589733e+02
   endloop
 endfacet
 facet normal -7.223767e-01  2.859147e-01  6.296227e-01
   outer loop
     vertex -4.047851e+01 -2.244638e+01  1.589375e+02
     vertex -4.052124e+01 -2.243364e+01  1.588826e+02
     vertex -4.064335e+01 -2.286285e+01  1.589375e+02
   endloop
 endfacet
 facet normal -4.735694e-01  1.874375e-01  8.605808e-01
   outer loop
     vertex -4.047851e+01 -2.244638e+01  1.589375e+02
     vertex -4.064335e+01 -2.286285e+01  1.589375e+02
     vertex -4.042018e+01 -2.246376e+01  1.589733e+02
   endloop
 endfacet
 facet normal -4.989229e-01  1.023554e-01  8.605808e-01
   outer loop
     vertex -4.047851e+01 -2.244638e+01  1.589375e+02
     vertex -4.032803e+01 -2.201459e+01  1.589733e+02
     vertex -4.038849e+01 -2.200761e+01  1.589375e+02
   endloop
 endfacet
 facet normal -7.610507e-01  1.561316e-01  6.296227e-01
   outer loop
     vertex -4.047851e+01 -2.244638e+01  1.589375e+02
     vertex -4.038849e+01 -2.200761e+01  1.589375e+02
     vertex -4.052124e+01 -2.243364e+01  1.588826e+02
   endloop
 endfacet
 facet normal -4.989229e-01  1.023554e-01  8.605808e-01
   outer loop
     vertex -4.047851e+01 -2.244638e+01  1.589375e+02
     vertex -4.042018e+01 -2.246376e+01  1.589733e+02
     vertex -4.032803e+01 -2.201459e+01  1.589733e+02
   endloop
 endfacet
 facet normal  9.795980e-01 -2.009672e-01  0.000000e+00
   outer loop
     vertex -4.536093e+01 -2.099146e+01  1.531858e+02
     vertex -4.544939e+01 -2.142262e+01  1.588826e+02
     vertex -4.544939e+01 -2.142262e+01  1.531858e+02
   endloop
 endfacet
 facet normal  9.795980e-01 -2.009672e-01  0.000000e+00
   outer loop
     vertex -4.536093e+01 -2.099146e+01  1.531858e+02
     vertex -4.536093e+01 -2.099146e+01  1.588826e+02
     vertex -4.544939e+01 -2.142262e+01  1.588826e+02
   endloop
 endfacet
 facet normal  9.298181e-01 -3.680195e-01 -1.159726e-15
   outer loop
     vertex -4.519895e+01 -2.058222e+01  1.531858e+02
     vertex -4.519895e+01 -2.058222e+01  1.588826e+02
     vertex -4.536093e+01 -2.099146e+01  1.588826e+02
   endloop
 endfacet
 facet normal  9.298181e-01 -3.680195e-01  0.000000e+00
   outer loop
     vertex -4.519895e+01 -2.058222e+01  1.531858e+02
     vertex -4.536093e+01 -2.099146e+01  1.588826e+02
     vertex -4.536093e+01 -2.099146e+01  1.531858e+02
   endloop
 endfacet
 facet normal  8.517862e-01 -5.238896e-01  0.000000e+00
   outer loop
     vertex -4.496837e+01 -2.020731e+01  1.531858e+02
     vertex -4.496837e+01 -2.020731e+01  1.588826e+02
     vertex -4.519895e+01 -2.058222e+01  1.588826e+02
   endloop
 endfacet
 facet normal  8.517862e-01 -5.238896e-01 -1.062677e-15
   outer loop
     vertex -4.496837e+01 -2.020731e+01  1.531858e+02
     vertex -4.519895e+01 -2.058222e+01  1.588826e+02
     vertex -4.519895e+01 -2.058222e+01  1.531858e+02
   endloop
 endfacet
 facet normal  7.478731e-01 -6.638417e-01 -9.327930e-16
   outer loop
     vertex -4.467619e+01 -1.987815e+01  1.531858e+02
     vertex -4.467619e+01 -1.987815e+01  1.588826e+02
     vertex -4.496837e+01 -2.020731e+01  1.588826e+02
   endloop
 endfacet
 facet normal  7.478731e-01 -6.638417e-01  0.000000e+00
   outer loop
     vertex -4.467619e+01 -1.987815e+01  1.531858e+02
     vertex -4.496837e+01 -2.020731e+01  1.588826e+02
     vertex -4.496837e+01 -2.020731e+01  1.531858e+02
   endloop
 endfacet
 facet normal  6.212364e-01 -7.836232e-01 -7.748439e-16
   outer loop
     vertex -4.433129e+01 -1.960472e+01  1.531858e+02
     vertex -4.433129e+01 -1.960472e+01  1.588826e+02
     vertex -4.467619e+01 -1.987815e+01  1.588826e+02
   endloop
 endfacet
 facet normal  6.212364e-01 -7.836232e-01 -7.748686e-16
   outer loop
     vertex -4.433129e+01 -1.960472e+01  1.531858e+02
     vertex -4.467619e+01 -1.987815e+01  1.588826e+02
     vertex -4.467619e+01 -1.987815e+01  1.531858e+02
   endloop
 endfacet
 facet normal  4.757236e-01 -8.795948e-01 -5.485422e-16
   outer loop
     vertex -4.394415e+01 -1.939534e+01  1.531858e+02
     vertex -4.394415e+01 -1.939534e+01  1.588826e+02
     vertex -4.433129e+01 -1.960472e+01  1.588826e+02
   endloop
 endfacet
 facet normal  4.757236e-01 -8.795948e-01 -5.922210e-16
   outer loop
     vertex -4.394415e+01 -1.939534e+01  1.531858e+02
     vertex -4.433129e+01 -1.960472e+01  1.588826e+02
     vertex -4.433129e+01 -1.960472e+01  1.531858e+02
   endloop
 endfacet
 facet normal  3.157563e-01 -9.488403e-01 -5.917258e-16
   outer loop
     vertex -4.352653e+01 -1.925636e+01  1.531858e+02
     vertex -4.352653e+01 -1.925636e+01  1.588826e+02
     vertex -4.394415e+01 -1.939534e+01  1.588826e+02
   endloop
 endfacet
 facet normal  3.157563e-01 -9.488403e-01 -5.922210e-16
   outer loop
     vertex -4.352653e+01 -1.925636e+01  1.531858e+02
     vertex -4.394415e+01 -1.939534e+01  1.588826e+02
     vertex -4.394415e+01 -1.939534e+01  1.531858e+02
   endloop
 endfacet
 facet normal  1.461949e-01 -9.892558e-01 -6.169301e-16
   outer loop
     vertex -4.309112e+01 -1.919201e+01  1.531858e+02
     vertex -4.309112e+01 -1.919201e+01  1.588826e+02
     vertex -4.352653e+01 -1.925636e+01  1.588826e+02
   endloop
 endfacet
 facet normal  1.461949e-01 -9.892558e-01 -6.171275e-16
   outer loop
     vertex -4.309112e+01 -1.919201e+01  1.531858e+02
     vertex -4.352653e+01 -1.925636e+01  1.588826e+02
     vertex -4.352653e+01 -1.925636e+01  1.531858e+02
   endloop
 endfacet
 facet normal -2.780865e-02 -9.996133e-01 -6.233893e-16
   outer loop
     vertex -4.265115e+01 -1.920425e+01  1.531858e+02
     vertex -4.265115e+01 -1.920425e+01  1.588826e+02
     vertex -4.309112e+01 -1.919201e+01  1.588826e+02
   endloop
 endfacet
 facet normal -2.780865e-02 -9.996133e-01 -6.233541e-16
   outer loop
     vertex -4.265115e+01 -1.920425e+01  1.531858e+02
     vertex -4.309112e+01 -1.919201e+01  1.588826e+02
     vertex -4.309112e+01 -1.919201e+01  1.531858e+02
   endloop
 endfacet
 facet normal -3.680195e-01 -9.298181e-01 -5.798629e-16
   outer loop
     vertex -4.222000e+01 -1.929271e+01  1.531858e+02
     vertex -4.181075e+01 -1.945469e+01  1.588826e+02
     vertex -4.222000e+01 -1.929271e+01  1.588826e+02
   endloop
 endfacet
 facet normal -2.009672e-01 -9.795980e-01 -6.109072e-16
   outer loop
     vertex -4.222000e+01 -1.929271e+01  1.531858e+02
     vertex -4.222000e+01 -1.929271e+01  1.588826e+02
     vertex -4.265115e+01 -1.920425e+01  1.588826e+02
   endloop
 endfacet
 facet normal -2.009672e-01 -9.795980e-01 -6.115927e-16
   outer loop
     vertex -4.222000e+01 -1.929271e+01  1.531858e+02
     vertex -4.265115e+01 -1.920425e+01  1.588826e+02
     vertex -4.265115e+01 -1.920425e+01  1.531858e+02
   endloop
 endfacet
 facet normal -5.238896e-01 -8.517862e-01 -5.311998e-16
   outer loop
     vertex -4.181075e+01 -1.945469e+01  1.531858e+02
     vertex -4.143585e+01 -1.968527e+01  1.588826e+02
     vertex -4.181075e+01 -1.945469e+01  1.588826e+02
   endloop
 endfacet
 facet normal -3.680195e-01 -9.298181e-01 -5.798629e-16
   outer loop
     vertex -4.181075e+01 -1.945469e+01  1.531858e+02
     vertex -4.181075e+01 -1.945469e+01  1.588826e+02
     vertex -4.222000e+01 -1.929271e+01  1.531858e+02
   endloop
 endfacet
 facet normal -5.238896e-01 -8.517862e-01 -5.311998e-16
   outer loop
     vertex -4.143585e+01 -1.968527e+01  1.531858e+02
     vertex -4.143585e+01 -1.968527e+01  1.588826e+02
     vertex -4.181075e+01 -1.945469e+01  1.531858e+02
   endloop
 endfacet
 facet normal -6.638417e-01 -7.478731e-01 -4.663965e-16
   outer loop
     vertex -4.110668e+01 -1.997745e+01  1.531858e+02
     vertex -4.110668e+01 -1.997745e+01  1.588826e+02
     vertex -4.143585e+01 -1.968527e+01  1.588826e+02
   endloop
 endfacet
 facet normal -6.638417e-01 -7.478731e-01 -4.704559e-16
   outer loop
     vertex -4.110668e+01 -1.997745e+01  1.531858e+02
     vertex -4.143585e+01 -1.968527e+01  1.588826e+02
     vertex -4.143585e+01 -1.968527e+01  1.531858e+02
   endloop
 endfacet
 facet normal -7.836232e-01 -6.212364e-01 -3.874220e-16
   outer loop
     vertex -4.083325e+01 -2.032235e+01  1.531858e+02
     vertex -4.083325e+01 -2.032235e+01  1.588826e+02
     vertex -4.110668e+01 -1.997745e+01  1.588826e+02
   endloop
 endfacet
 facet normal -7.836232e-01 -6.212364e-01 -3.874343e-16
   outer loop
     vertex -4.083325e+01 -2.032235e+01  1.531858e+02
     vertex -4.110668e+01 -1.997745e+01  1.588826e+02
     vertex -4.110668e+01 -1.997745e+01  1.531858e+02
   endloop
 endfacet
 facet normal -8.795948e-01 -4.757236e-01 -2.988779e-16
   outer loop
     vertex -4.062387e+01 -2.070949e+01  1.531858e+02
     vertex -4.083325e+01 -2.032235e+01  1.588826e+02
     vertex -4.083325e+01 -2.032235e+01  1.531858e+02
   endloop
 endfacet
 facet normal -9.488403e-01 -3.157563e-01 -1.969153e-16
   outer loop
     vertex -4.062387e+01 -2.070949e+01  1.531858e+02
     vertex -4.048489e+01 -2.112711e+01  1.588826e+02
     vertex -4.062387e+01 -2.070949e+01  1.588826e+02
   endloop
 endfacet
 facet normal -8.795948e-01 -4.757236e-01 -2.966758e-16
   outer loop
     vertex -4.062387e+01 -2.070949e+01  1.531858e+02
     vertex -4.062387e+01 -2.070949e+01  1.588826e+02
     vertex -4.083325e+01 -2.032235e+01  1.588826e+02
   endloop
 endfacet
 facet normal -9.488403e-01 -3.157563e-01 -1.969153e-16
   outer loop
     vertex -4.048489e+01 -2.112711e+01  1.531858e+02
     vertex -4.048489e+01 -2.112711e+01  1.588826e+02
     vertex -4.062387e+01 -2.070949e+01  1.531858e+02
   endloop
 endfacet
 facet normal -9.892558e-01 -1.461949e-01 -9.117157e-17
   outer loop
     vertex -4.042055e+01 -2.156252e+01  1.531858e+02
     vertex -4.042055e+01 -2.156252e+01  1.588826e+02
     vertex -4.048489e+01 -2.112711e+01  1.588826e+02
   endloop
 endfacet
 facet normal -9.892558e-01 -1.461949e-01 -9.132380e-17
   outer loop
     vertex -4.042055e+01 -2.156252e+01  1.531858e+02
     vertex -4.048489e+01 -2.112711e+01  1.588826e+02
     vertex -4.048489e+01 -2.112711e+01  1.531858e+02
   endloop
 endfacet
 facet normal -9.996133e-01  2.780865e-02  1.729617e-17
   outer loop
     vertex -4.043279e+01 -2.200249e+01  1.531858e+02
     vertex -4.042055e+01 -2.156252e+01  1.588826e+02
     vertex -4.042055e+01 -2.156252e+01  1.531858e+02
   endloop
 endfacet
 facet normal -9.996133e-01  2.780865e-02  1.264121e-15
   outer loop
     vertex -4.043279e+01 -2.200249e+01  1.531858e+02
     vertex -4.043279e+01 -2.200249e+01  1.588826e+02
     vertex -4.042055e+01 -2.156252e+01  1.588826e+02
   endloop
 endfacet
 facet normal  7.832752e-01 -6.142110e-01 -9.604586e-02
   outer loop
     vertex -3.941897e+01 -2.472558e+01  1.488294e+02
     vertex -3.959943e+01 -2.478571e+01  1.477422e+02
     vertex -3.915972e+01 -2.422497e+01  1.477422e+02
   endloop
 endfacet
 facet normal  8.695767e-01 -4.839922e-01 -9.791783e-02
   outer loop
     vertex -3.896163e+01 -2.408902e+01  1.488294e+02
     vertex -3.915972e+01 -2.422497e+01  1.477422e+02
     vertex -3.881316e+01 -2.360232e+01  1.477422e+02
   endloop
 endfacet
 facet normal  8.098561e-01 -5.818401e-01 -7.480106e-02
   outer loop
     vertex -3.896163e+01 -2.408902e+01  1.488294e+02
     vertex -3.941897e+01 -2.472558e+01  1.488294e+02
     vertex -3.915972e+01 -2.422497e+01  1.477422e+02
   endloop
 endfacet
 facet normal  9.344823e-01 -3.419196e-01 -9.916538e-02
   outer loop
     vertex -3.861810e+01 -2.338451e+01  1.488294e+02
     vertex -3.881316e+01 -2.360232e+01  1.477422e+02
     vertex -3.856831e+01 -2.293312e+01  1.477422e+02
   endloop
 endfacet
 facet normal  8.964190e-01 -4.371104e-01 -7.326391e-02
   outer loop
     vertex -3.861810e+01 -2.338451e+01  1.488294e+02
     vertex -3.896163e+01 -2.408902e+01  1.488294e+02
     vertex -3.881316e+01 -2.360232e+01  1.477422e+02
   endloop
 endfacet
 facet normal  9.764122e-01 -1.914714e-01 -9.978903e-02
   outer loop
     vertex -3.839819e+01 -2.263218e+01  1.488294e+02
     vertex -3.856831e+01 -2.293312e+01  1.477422e+02
     vertex -3.843118e+01 -2.223385e+01  1.477422e+02
   endloop
 endfacet
 facet normal  9.573193e-01 -2.798331e-01 -7.234127e-02
   outer loop
     vertex -3.839819e+01 -2.263218e+01  1.488294e+02
     vertex -3.861810e+01 -2.338451e+01  1.488294e+02
     vertex -3.856831e+01 -2.293312e+01  1.477422e+02
   endloop
 endfacet
 facet normal  9.943452e-01 -3.632732e-02 -9.978903e-02
   outer loop
     vertex -3.830819e+01 -2.185355e+01  1.488294e+02
     vertex -3.843118e+01 -2.223385e+01  1.477422e+02
     vertex -3.840517e+01 -2.152173e+01  1.477422e+02
   endloop
 endfacet
 facet normal  9.908051e-01 -1.145266e-01 -7.203367e-02
   outer loop
     vertex -3.830819e+01 -2.185355e+01  1.488294e+02
     vertex -3.839819e+01 -2.263218e+01  1.488294e+02
     vertex -3.843118e+01 -2.223385e+01  1.477422e+02
   endloop
 endfacet
 facet normal  9.878429e-01  1.197192e-01 -9.916538e-02
   outer loop
     vertex -3.835067e+01 -2.107089e+01  1.488294e+02
     vertex -3.840517e+01 -2.152173e+01  1.477422e+02
     vertex -3.849090e+01 -2.081432e+01  1.477422e+02
   endloop
 endfacet
 facet normal  9.959138e-01  5.406004e-02 -7.234127e-02
   outer loop
     vertex -3.835067e+01 -2.107089e+01  1.488294e+02
     vertex -3.830819e+01 -2.185355e+01  1.488294e+02
     vertex -3.840517e+01 -2.152173e+01  1.477422e+02
   endloop
 endfacet
 facet normal  9.570599e-01  2.728524e-01 -9.791783e-02
   outer loop
     vertex -3.852442e+01 -2.030659e+01  1.488294e+02
     vertex -3.849090e+01 -2.081432e+01  1.477422e+02
     vertex -3.868627e+01 -2.012904e+01  1.477422e+02
   endloop
 endfacet
 facet normal  9.724992e-01  2.210832e-01 -7.326391e-02
   outer loop
     vertex -3.852442e+01 -2.030659e+01  1.488294e+02
     vertex -3.835067e+01 -2.107089e+01  1.488294e+02
     vertex -3.849090e+01 -2.081432e+01  1.477422e+02
   endloop
 endfacet
 facet normal  9.027410e-01  4.193254e-01 -9.604586e-02
   outer loop
     vertex -3.882448e+01 -1.958248e+01  1.488294e+02
     vertex -3.868627e+01 -2.012904e+01  1.477422e+02
     vertex -3.898647e+01 -1.948276e+01  1.477422e+02
   endloop
 endfacet
 facet normal  9.212362e-01  3.817442e-01 -7.480106e-02
   outer loop
     vertex -3.882448e+01 -1.958248e+01  1.488294e+02
     vertex -3.852442e+01 -2.030659e+01  1.488294e+02
     vertex -3.868627e+01 -2.012904e+01  1.477422e+02
   endloop
 endfacet
 facet normal  1.143879e-01  9.896056e-01 -8.715574e-02
   outer loop
     vertex -3.929000e+01 -2.561769e+01  1.477422e+02
     vertex  1.102816e+01 -3.133818e+01  1.488294e+02
     vertex  1.123230e+01 -3.145753e+01  1.477422e+02
   endloop
 endfacet
 facet normal  1.143879e-01  9.896056e-01 -8.715574e-02
   outer loop
     vertex -3.909766e+01 -2.554417e+01  1.488294e+02
     vertex  1.102816e+01 -3.133818e+01  1.488294e+02
     vertex -3.929000e+01 -2.561769e+01  1.477422e+02
   endloop
 endfacet
 facet normal -9.952810e-01  4.310979e-02 -8.693294e-02
   outer loop
     vertex  1.081681e+01 -2.848241e+01  1.488294e+02
     vertex  1.084077e+01 -2.792917e+01  1.488294e+02
     vertex  1.093526e+01 -2.794009e+01  1.477422e+02
   endloop
 endfacet
 facet normal -9.952641e-01  3.810130e-02 -8.942955e-02
   outer loop
     vertex  1.081681e+01 -2.848241e+01  1.488294e+02
     vertex  1.093526e+01 -2.794009e+01  1.477422e+02
     vertex  1.091315e+01 -2.851750e+01  1.477422e+02
   endloop
 endfacet
 facet normal -9.891763e-01 -1.146259e-01 -9.160364e-02
   outer loop
     vertex  1.087226e+01 -2.903339e+01  1.488294e+02
     vertex  1.091315e+01 -2.851750e+01  1.477422e+02
     vertex  1.097967e+01 -2.909150e+01  1.477422e+02
   endloop
 endfacet
 facet normal -9.914044e-01 -9.976866e-02 -8.463726e-02
   outer loop
     vertex  1.087226e+01 -2.903339e+01  1.488294e+02
     vertex  1.081681e+01 -2.848241e+01  1.488294e+02
     vertex  1.091315e+01 -2.851750e+01  1.477422e+02
   endloop
 endfacet
 facet normal -9.598222e-01 -2.646006e-01 -9.342333e-02
   outer loop
     vertex  1.100597e+01 -2.957076e+01  1.488294e+02
     vertex  1.097967e+01 -2.909150e+01  1.477422e+02
     vertex  1.113323e+01 -2.964855e+01  1.477422e+02
   endloop
 endfacet
 facet normal -9.670856e-01 -2.406419e-01 -8.268554e-02
   outer loop
     vertex  1.100597e+01 -2.957076e+01  1.488294e+02
     vertex  1.087226e+01 -2.903339e+01  1.488294e+02
     vertex  1.097967e+01 -2.909150e+01  1.477422e+02
   endloop
 endfacet
 facet normal -9.079004e-01 -4.083050e-01 -9.488895e-02
   outer loop
     vertex  1.121521e+01 -3.008347e+01  1.488294e+02
     vertex  1.113323e+01 -2.964855e+01  1.477422e+02
     vertex  1.137024e+01 -3.017555e+01  1.477422e+02
   endloop
 endfacet
 facet normal -9.228227e-01 -3.765961e-01 -8.107851e-02
   outer loop
     vertex  1.121521e+01 -3.008347e+01  1.488294e+02
     vertex  1.100597e+01 -2.957076e+01  1.488294e+02
     vertex  1.113323e+01 -2.964855e+01  1.477422e+02
   endloop
 endfacet
 facet normal -8.346367e-01 -5.423702e-01 -9.600079e-02
   outer loop
     vertex  1.149565e+01 -3.056097e+01  1.488294e+02
     vertex  1.137024e+01 -3.017555e+01  1.477422e+02
     vertex  1.168509e+01 -3.066007e+01  1.477422e+02
   endloop
 endfacet
 facet normal -8.595271e-01 -5.048193e-01 -7.981676e-02
   outer loop
     vertex  1.149565e+01 -3.056097e+01  1.488294e+02
     vertex  1.121521e+01 -3.008347e+01  1.488294e+02
     vertex  1.137024e+01 -3.017555e+01  1.477422e+02
   endloop
 endfacet
 facet normal -1.143879e-01 -9.896056e-01 -8.715574e-02
   outer loop
     vertex -3.849539e+01 -1.874332e+01  1.477422e+02
     vertex  1.180092e+01 -2.465279e+01  1.488294e+02
     vertex -3.832490e+01 -1.885878e+01  1.488294e+02
   endloop
 endfacet
 facet normal -1.143879e-01 -9.896056e-01 -8.715574e-02
   outer loop
     vertex -3.849539e+01 -1.874332e+01  1.477422e+02
     vertex  1.202690e+01 -2.458316e+01  1.477422e+02
     vertex  1.180092e+01 -2.465279e+01  1.488294e+02
   endloop
 endfacet
 facet normal  0.000000e+00  0.000000e+00 -1.000000e+00
   outer loop
     vertex -3.904047e+01 -2.504937e+01  1.492858e+02
     vertex  1.076872e+01 -3.030427e+01  1.492858e+02
     vertex  1.108535e+01 -3.084338e+01  1.492858e+02
   endloop
 endfacet
 facet normal  0.000000e+00  0.000000e+00 -1.000000e+00
   outer loop
     vertex -3.853399e+01 -2.434440e+01  1.492858e+02
     vertex  1.038152e+01 -2.911868e+01  1.492858e+02
     vertex  1.053249e+01 -2.972540e+01  1.492858e+02
   endloop
 endfacet
 facet normal  0.000000e+00  0.000000e+00 -1.000000e+00
   outer loop
     vertex -3.853399e+01 -2.434440e+01  1.492858e+02
     vertex  1.053249e+01 -2.972540e+01  1.492858e+02
     vertex  1.076872e+01 -3.030427e+01  1.492858e+02
   endloop
 endfacet
 facet normal  0.000000e+00 -0.000000e+00 -1.000000e+00
   outer loop
     vertex -3.853399e+01 -2.434440e+01  1.492858e+02
     vertex  1.076872e+01 -3.030427e+01  1.492858e+02
     vertex -3.904047e+01 -2.504937e+01  1.492858e+02
   endloop
 endfacet
 facet normal  0.000000e+00  0.000000e+00 -1.000000e+00
   outer loop
     vertex -3.815354e+01 -2.356418e+01  1.492858e+02
     vertex  1.031891e+01 -2.849660e+01  1.492858e+02
     vertex  1.038152e+01 -2.911868e+01  1.492858e+02
   endloop
 endfacet
 facet normal  0.000000e+00 -0.000000e+00 -1.000000e+00
   outer loop
     vertex -3.815354e+01 -2.356418e+01  1.492858e+02
     vertex  1.038152e+01 -2.911868e+01  1.492858e+02
     vertex -3.853399e+01 -2.434440e+01  1.492858e+02
   endloop
 endfacet
 facet normal  0.000000e+00  0.000000e+00 -1.000000e+00
   outer loop
     vertex -3.790999e+01 -2.273100e+01  1.492858e+02
     vertex  1.034597e+01 -2.787197e+01  1.492858e+02
     vertex  1.031891e+01 -2.849660e+01  1.492858e+02
   endloop
 endfacet
 facet normal  0.000000e+00 -0.000000e+00 -1.000000e+00
   outer loop
     vertex -3.790999e+01 -2.273100e+01  1.492858e+02
     vertex  1.031891e+01 -2.849660e+01  1.492858e+02
     vertex -3.815354e+01 -2.356418e+01  1.492858e+02
   endloop
 endfacet
 facet normal  0.000000e+00  0.000000e+00 -1.000000e+00
   outer loop
     vertex -3.781032e+01 -2.186870e+01  1.492858e+02
     vertex  1.046213e+01 -2.725764e+01  1.492858e+02
     vertex  1.034597e+01 -2.787197e+01  1.492858e+02
   endloop
 endfacet
 facet normal  0.000000e+00 -0.000000e+00 -1.000000e+00
   outer loop
     vertex -3.781032e+01 -2.186870e+01  1.492858e+02
     vertex  1.034597e+01 -2.787197e+01  1.492858e+02
     vertex -3.790999e+01 -2.273100e+01  1.492858e+02
   endloop
 endfacet
 facet normal  0.000000e+00  0.000000e+00 -1.000000e+00
   outer loop
     vertex -3.785737e+01 -2.100194e+01  1.492858e+02
     vertex  1.066499e+01 -2.666625e+01  1.492858e+02
     vertex  1.046213e+01 -2.725764e+01  1.492858e+02
   endloop
 endfacet
 facet normal  0.000000e+00  0.000000e+00 -1.000000e+00
   outer loop
     vertex -3.785737e+01 -2.100194e+01  1.492858e+02
     vertex  1.046213e+01 -2.725764e+01  1.492858e+02
     vertex -3.781032e+01 -2.186870e+01  1.492858e+02
   endloop
 endfacet
 facet normal  0.000000e+00  0.000000e+00 -1.000000e+00
   outer loop
     vertex -3.804980e+01 -2.015550e+01  1.492858e+02
     vertex  1.131245e+01 -2.560025e+01  1.492858e+02
     vertex  1.095039e+01 -2.610997e+01  1.492858e+02
   endloop
 endfacet
 facet normal  0.000000e+00  0.000000e+00 -1.000000e+00
   outer loop
     vertex -3.804980e+01 -2.015550e+01  1.492858e+02
     vertex  1.095039e+01 -2.610997e+01  1.492858e+02
     vertex  1.066499e+01 -2.666625e+01  1.492858e+02
   endloop
 endfacet
 facet normal  0.000000e+00  0.000000e+00 -1.000000e+00
   outer loop
     vertex -3.804980e+01 -2.015550e+01  1.492858e+02
     vertex  1.066499e+01 -2.666625e+01  1.492858e+02
     vertex -3.785737e+01 -2.100194e+01  1.492858e+02
   endloop
 endfacet
 facet normal  0.000000e+00  0.000000e+00 -1.000000e+00
   outer loop
     vertex -3.838210e+01 -1.935358e+01  1.492858e+02
     vertex  1.174373e+01 -2.514759e+01  1.492858e+02
     vertex  1.131245e+01 -2.560025e+01  1.492858e+02
   endloop
 endfacet
 facet normal  0.000000e+00  0.000000e+00 -1.000000e+00
   outer loop
     vertex -3.838210e+01 -1.935358e+01  1.492858e+02
     vertex  1.131245e+01 -2.560025e+01  1.492858e+02
     vertex -3.804980e+01 -2.015550e+01  1.492858e+02
   endloop
 endfacet
 facet normal -7.843788e-01  6.198993e-01  2.179063e-02
   outer loop
     vertex  1.225184e+01 -2.529150e+01  1.486679e+02
     vertex  1.207878e+01 -2.551616e+01  1.488294e+02
     vertex  1.216562e+01 -2.540713e+01  1.488540e+02
   endloop
 endfacet
 facet normal -9.025345e-01  3.942288e-01 -1.732484e-01
   outer loop
     vertex  1.225184e+01 -2.529150e+01  1.486679e+02
     vertex  1.216562e+01 -2.540713e+01  1.488540e+02
     vertex  1.221866e+01 -2.527732e+01  1.488730e+02
   endloop
 endfacet
 facet normal -9.695234e-01  1.219716e-01 -2.124790e-01
   outer loop
     vertex  1.227033e+01 -2.520800e+01  1.486771e+02
     vertex  1.221866e+01 -2.527732e+01  1.488730e+02
     vertex  1.223365e+01 -2.513710e+01  1.488851e+02
   endloop
 endfacet
 facet normal -9.711053e-01  2.009014e-01  1.288147e-01
   outer loop
     vertex  1.227033e+01 -2.520800e+01  1.486771e+02
     vertex  1.229295e+01 -2.497593e+01  1.484856e+02
     vertex  1.225184e+01 -2.529150e+01  1.486679e+02
   endloop
 endfacet
 facet normal -9.578680e-01  2.308264e-01 -1.709039e-01
   outer loop
     vertex  1.227033e+01 -2.520800e+01  1.486771e+02
     vertex  1.225184e+01 -2.529150e+01  1.486679e+02
     vertex  1.221866e+01 -2.527732e+01  1.488730e+02
   endloop
 endfacet
 facet normal -7.163877e-01 -6.645471e-01 -2.125226e-01
   outer loop
     vertex  1.213939e+01 -2.479476e+01  1.486771e+02
     vertex  1.214780e+01 -2.487036e+01  1.488851e+02
     vertex  1.205385e+01 -2.476521e+01  1.488730e+02
   endloop
 endfacet
 facet normal -7.895664e-01  5.948445e-01 -1.508144e-01
   outer loop
     vertex  1.236065e+01 -2.526627e+01  1.481261e+02
     vertex  1.243907e+01 -2.527001e+01  1.477008e+02
     vertex  1.228583e+01 -2.546289e+01  1.477422e+02
   endloop
 endfacet
 facet normal -8.175750e-01  5.613683e-01 -1.282061e-01
   outer loop
     vertex  1.236065e+01 -2.526627e+01  1.481261e+02
     vertex  1.228583e+01 -2.546289e+01  1.477422e+02
     vertex  1.207878e+01 -2.551616e+01  1.488294e+02
   endloop
 endfacet
 facet normal -9.804558e-01  1.434370e-02 -1.962158e-01
   outer loop
     vertex  1.236065e+01 -2.526627e+01  1.481261e+02
     vertex  1.225184e+01 -2.529150e+01  1.486679e+02
     vertex  1.229295e+01 -2.497593e+01  1.484856e+02
   endloop
 endfacet
 facet normal -8.308545e-01  5.381239e-01 -1.417868e-01
   outer loop
     vertex  1.236065e+01 -2.526627e+01  1.481261e+02
     vertex  1.207878e+01 -2.551616e+01  1.488294e+02
     vertex  1.225184e+01 -2.529150e+01  1.486679e+02
   endloop
 endfacet
 facet normal -5.037129e-01 -8.468278e-01 -1.707515e-01
   outer loop
     vertex  1.207620e+01 -2.473714e+01  1.486679e+02
     vertex  1.205385e+01 -2.476521e+01  1.488730e+02
     vertex  1.193505e+01 -2.469070e+01  1.488540e+02
   endloop
 endfacet
 facet normal -2.768759e-01 -9.604460e-01  2.971797e-02
   outer loop
     vertex  1.207620e+01 -2.473714e+01  1.486679e+02
     vertex  1.193505e+01 -2.469070e+01  1.488540e+02
     vertex  1.180092e+01 -2.465279e+01  1.488294e+02
   endloop
 endfacet
 facet normal -6.499216e-01 -7.402600e-01 -1.720957e-01
   outer loop
     vertex  1.207620e+01 -2.473714e+01  1.486679e+02
     vertex  1.213939e+01 -2.479476e+01  1.486771e+02
     vertex  1.205385e+01 -2.476521e+01  1.488730e+02
   endloop
 endfacet
 facet normal -6.780785e-01 -7.217060e-01  1.391039e-01
   outer loop
     vertex  1.207620e+01 -2.473714e+01  1.486679e+02
     vertex  1.229295e+01 -2.497593e+01  1.484856e+02
     vertex  1.213939e+01 -2.479476e+01  1.486771e+02
   endloop
 endfacet
 facet normal -9.728481e-01  1.613694e-01 -1.659109e-01
   outer loop
     vertex  1.239475e+01 -2.512792e+01  1.480988e+02
     vertex  1.248348e+01 -2.502588e+01  1.476778e+02
     vertex  1.243907e+01 -2.527001e+01  1.477008e+02
   endloop
 endfacet
 facet normal -9.628329e-01  2.020007e-01 -1.793004e-01
   outer loop
     vertex  1.239475e+01 -2.512792e+01  1.480988e+02
     vertex  1.243907e+01 -2.527001e+01  1.477008e+02
     vertex  1.236065e+01 -2.526627e+01  1.481261e+02
   endloop
 endfacet
 facet normal -9.348252e-01  1.688511e-01 -3.123959e-01
   outer loop
     vertex  1.239475e+01 -2.512792e+01  1.480988e+02
     vertex  1.236065e+01 -2.526627e+01  1.481261e+02
     vertex  1.229295e+01 -2.497593e+01  1.484856e+02
   endloop
 endfacet
 facet normal -3.529535e-01 -9.250456e-01 -1.404081e-01
   outer loop
     vertex  1.219009e+01 -2.470369e+01  1.481261e+02
     vertex  1.202690e+01 -2.458316e+01  1.477422e+02
     vertex  1.227230e+01 -2.467024e+01  1.476991e+02
   endloop
 endfacet
 facet normal -3.639262e-01 -9.216402e-01 -1.346736e-01
   outer loop
     vertex  1.219009e+01 -2.470369e+01  1.481261e+02
     vertex  1.180092e+01 -2.465279e+01  1.488294e+02
     vertex  1.202690e+01 -2.458316e+01  1.477422e+02
   endloop
 endfacet
 facet normal -7.971078e-01 -5.688082e-01 -2.026734e-01
   outer loop
     vertex  1.219009e+01 -2.470369e+01  1.481261e+02
     vertex  1.229295e+01 -2.497593e+01  1.484856e+02
     vertex  1.207620e+01 -2.473714e+01  1.486679e+02
   endloop
 endfacet
 facet normal -3.608011e-01 -9.231344e-01 -1.328363e-01
   outer loop
     vertex  1.219009e+01 -2.470369e+01  1.481261e+02
     vertex  1.207620e+01 -2.473714e+01  1.486679e+02
     vertex  1.180092e+01 -2.465279e+01  1.488294e+02
   endloop
 endfacet
 facet normal -9.647903e-01 -1.618194e-01 -2.073505e-01
   outer loop
     vertex  1.225094e+01 -2.498678e+01  1.486874e+02
     vertex  1.223365e+01 -2.513710e+01  1.488851e+02
     vertex  1.220938e+01 -2.499773e+01  1.488893e+02
   endloop
 endfacet
 facet normal -8.786993e-01 -4.314704e-01 -2.042566e-01
   outer loop
     vertex  1.225094e+01 -2.498678e+01  1.486874e+02
     vertex  1.220938e+01 -2.499773e+01  1.488893e+02
     vertex  1.214780e+01 -2.487036e+01  1.488851e+02
   endloop
 endfacet
 facet normal -9.859735e-01 -7.959643e-02 -1.466996e-01
   outer loop
     vertex  1.225094e+01 -2.498678e+01  1.486874e+02
     vertex  1.227033e+01 -2.520800e+01  1.486771e+02
     vertex  1.223365e+01 -2.513710e+01  1.488851e+02
   endloop
 endfacet
 facet normal -8.516674e-01 -5.026811e-01 -1.482376e-01
   outer loop
     vertex  1.225094e+01 -2.498678e+01  1.486874e+02
     vertex  1.214780e+01 -2.487036e+01  1.488851e+02
     vertex  1.213939e+01 -2.479476e+01  1.486771e+02
   endloop
 endfacet
 facet normal -9.753677e-01 -7.584581e-02 -2.071360e-01
   outer loop
     vertex  1.225094e+01 -2.498678e+01  1.486874e+02
     vertex  1.229295e+01 -2.497593e+01  1.484856e+02
     vertex  1.227033e+01 -2.520800e+01  1.486771e+02
   endloop
 endfacet
 facet normal -8.420812e-01 -5.000143e-01 -2.022003e-01
   outer loop
     vertex  1.225094e+01 -2.498678e+01  1.486874e+02
     vertex  1.213939e+01 -2.479476e+01  1.486771e+02
     vertex  1.229295e+01 -2.497593e+01  1.484856e+02
   endloop
 endfacet
 facet normal -6.952868e-01 -6.800865e-01 -2.325049e-01
   outer loop
     vertex  1.234246e+01 -2.488750e+01  1.481247e+02
     vertex  1.227230e+01 -2.467024e+01  1.476991e+02
     vertex  1.239824e+01 -2.479291e+01  1.476812e+02
   endloop
 endfacet
 facet normal -9.233467e-01 -3.350207e-01 -1.875954e-01
   outer loop
     vertex  1.234246e+01 -2.488750e+01  1.481247e+02
     vertex  1.239824e+01 -2.479291e+01  1.476812e+02
     vertex  1.248348e+01 -2.502588e+01  1.476778e+02
   endloop
 endfacet
 facet normal -9.651820e-01 -1.906102e-01 -1.791410e-01
   outer loop
     vertex  1.234246e+01 -2.488750e+01  1.481247e+02
     vertex  1.239475e+01 -2.512792e+01  1.480988e+02
     vertex  1.229295e+01 -2.497593e+01  1.484856e+02
   endloop
 endfacet
 facet normal -7.558739e-01 -6.251639e-01 -1.944858e-01
   outer loop
     vertex  1.234246e+01 -2.488750e+01  1.481247e+02
     vertex  1.219009e+01 -2.470369e+01  1.481261e+02
     vertex  1.227230e+01 -2.467024e+01  1.476991e+02
   endloop
 endfacet
 facet normal -9.526217e-01 -1.808162e-01 -2.445760e-01
   outer loop
     vertex  1.234246e+01 -2.488750e+01  1.481247e+02
     vertex  1.248348e+01 -2.502588e+01  1.476778e+02
     vertex  1.239475e+01 -2.512792e+01  1.480988e+02
   endloop
 endfacet
 facet normal -7.456698e-01 -6.162783e-01 -2.533330e-01
   outer loop
     vertex  1.234246e+01 -2.488750e+01  1.481247e+02
     vertex  1.229295e+01 -2.497593e+01  1.484856e+02
     vertex  1.219009e+01 -2.470369e+01  1.481261e+02
   endloop
 endfacet
 facet normal -5.047270e-02  9.982823e-01  2.974733e-02
   outer loop
     vertex  1.131541e+01 -3.131885e+01  1.486680e+02
     vertex  1.102816e+01 -3.133818e+01  1.488294e+02
     vertex  1.116740e+01 -3.133188e+01  1.488540e+02
   endloop
 endfacet
 facet normal -2.972422e-01  9.394094e-01 -1.707542e-01
   outer loop
     vertex  1.131541e+01 -3.131885e+01  1.486680e+02
     vertex  1.116740e+01 -3.133188e+01  1.488540e+02
     vertex  1.130007e+01 -3.128643e+01  1.488730e+02
   endloop
 endfacet
 facet normal -5.458923e-01  8.104528e-01 -2.125273e-01
   outer loop
     vertex  1.139009e+01 -3.127717e+01  1.486771e+02
     vertex  1.130007e+01 -3.128643e+01  1.488730e+02
     vertex  1.141553e+01 -3.120548e+01  1.488851e+02
   endloop
 endfacet
 facet normal -4.955556e-01  8.573551e-01  1.391650e-01
   outer loop
     vertex  1.139009e+01 -3.127717e+01  1.486771e+02
     vertex  1.158091e+01 -3.113581e+01  1.484857e+02
     vertex  1.131541e+01 -3.131885e+01  1.486680e+02
   endloop
 endfacet
 facet normal -4.639074e-01  8.690072e-01 -1.720940e-01
   outer loop
     vertex  1.139009e+01 -3.127717e+01  1.486771e+02
     vertex  1.131541e+01 -3.131885e+01  1.486680e+02
     vertex  1.130007e+01 -3.128643e+01  1.488730e+02
   endloop
 endfacet
 facet normal -9.717821e-01  1.024223e-01 -2.124836e-01
   outer loop
     vertex  1.161184e+01 -3.090470e+01  1.486771e+02
     vertex  1.155996e+01 -3.096536e+01  1.488851e+02
     vertex  1.157736e+01 -3.082543e+01  1.488730e+02
   endloop
 endfacet
 facet normal -1.203010e-01  9.818638e-01 -1.465301e-01
   outer loop
     vertex  1.141867e+01 -3.137740e+01  1.481261e+02
     vertex  1.147752e+01 -3.143364e+01  1.477010e+02
     vertex  1.123230e+01 -3.145753e+01  1.477422e+02
   endloop
 endfacet
 facet normal -1.440751e-01  9.803598e-01 -1.346736e-01
   outer loop
     vertex  1.141867e+01 -3.137740e+01  1.481261e+02
     vertex  1.123230e+01 -3.145753e+01  1.477422e+02
     vertex  1.102816e+01 -3.133818e+01  1.488294e+02
   endloop
 endfacet
 facet normal -6.463248e-01  7.356547e-01 -2.026730e-01
   outer loop
     vertex  1.141867e+01 -3.137740e+01  1.481261e+02
     vertex  1.131541e+01 -3.131885e+01  1.486680e+02
     vertex  1.158091e+01 -3.113581e+01  1.484857e+02
   endloop
 endfacet
 facet normal -1.406914e-01  9.811017e-01 -1.328361e-01
   outer loop
     vertex  1.141867e+01 -3.137740e+01  1.481261e+02
     vertex  1.102816e+01 -3.133818e+01  1.488294e+02
     vertex  1.131541e+01 -3.131885e+01  1.486680e+02
   endloop
 endfacet
 facet normal -9.686704e-01 -1.779376e-01 -1.732511e-01
   outer loop
     vertex  1.161289e+01 -3.081919e+01  1.486680e+02
     vertex  1.157736e+01 -3.082543e+01  1.488730e+02
     vertex  1.155533e+01 -3.068693e+01  1.488540e+02
   endloop
 endfacet
 facet normal -9.051148e-01 -4.246069e-01  2.182031e-02
   outer loop
     vertex  1.161289e+01 -3.081919e+01  1.486680e+02
     vertex  1.155533e+01 -3.068693e+01  1.488540e+02
     vertex  1.149565e+01 -3.056097e+01  1.488294e+02
   endloop
 endfacet
 facet normal -9.852684e-01 -6.218788e-03 -1.709023e-01
   outer loop
     vertex  1.161289e+01 -3.081919e+01  1.486680e+02
     vertex  1.161184e+01 -3.090470e+01  1.486771e+02
     vertex  1.157736e+01 -3.082543e+01  1.488730e+02
   endloop
 endfacet
 facet normal -9.913212e-01  2.594318e-02  1.288765e-01
   outer loop
     vertex  1.161289e+01 -3.081919e+01  1.486680e+02
     vertex  1.158091e+01 -3.113581e+01  1.484857e+02
     vertex  1.161184e+01 -3.090470e+01  1.486771e+02
   endloop
 endfacet
 facet normal -9.101841e-01 -3.881813e-01 -1.444995e-01
   outer loop
     vertex  1.171307e+01 -3.086857e+01  1.481261e+02
     vertex  1.168509e+01 -3.066007e+01  1.477422e+02
     vertex  1.179303e+01 -3.089698e+01  1.476988e+02
   endloop
 endfacet
 facet normal -9.240820e-01 -3.600493e-01 -1.282064e-01
   outer loop
     vertex  1.171307e+01 -3.086857e+01  1.481261e+02
     vertex  1.149565e+01 -3.056097e+01  1.488294e+02
     vertex  1.168509e+01 -3.066007e+01  1.477422e+02
   endloop
 endfacet
 facet normal -9.578735e-01  2.097091e-01 -1.962155e-01
   outer loop
     vertex  1.171307e+01 -3.086857e+01  1.481261e+02
     vertex  1.158091e+01 -3.113581e+01  1.484857e+02
     vertex  1.161289e+01 -3.081919e+01  1.486680e+02
   endloop
 endfacet
 facet normal -9.317077e-01 -3.343911e-01 -1.417863e-01
   outer loop
     vertex  1.171307e+01 -3.086857e+01  1.481261e+02
     vertex  1.161289e+01 -3.081919e+01  1.486680e+02
     vertex  1.149565e+01 -3.056097e+01  1.488294e+02
   endloop
 endfacet
 facet normal -7.570968e-01  6.205511e-01 -2.042564e-01
   outer loop
     vertex  1.154249e+01 -3.111566e+01  1.486874e+02
     vertex  1.141553e+01 -3.120548e+01  1.488851e+02
     vertex  1.150454e+01 -3.109552e+01  1.488893e+02
   endloop
 endfacet
 facet normal -9.024333e-01  3.776507e-01 -2.073503e-01
   outer loop
     vertex  1.154249e+01 -3.111566e+01  1.486874e+02
     vertex  1.150454e+01 -3.109552e+01  1.488893e+02
     vertex  1.155996e+01 -3.096536e+01  1.488851e+02
   endloop
 endfacet
 facet normal -7.145335e-01  6.837185e-01 -1.482259e-01
   outer loop
     vertex  1.154249e+01 -3.111566e+01  1.486874e+02
     vertex  1.139009e+01 -3.127717e+01  1.486771e+02
     vertex  1.141553e+01 -3.120548e+01  1.488851e+02
   endloop
 endfacet
 facet normal -9.418166e-01  3.024306e-01 -1.466879e-01
   outer loop
     vertex  1.154249e+01 -3.111566e+01  1.486874e+02
     vertex  1.155996e+01 -3.096536e+01  1.488851e+02
     vertex  1.161184e+01 -3.090470e+01  1.486771e+02
   endloop
 endfacet
 facet normal -7.058069e-01  6.789344e-01 -2.021997e-01
   outer loop
     vertex  1.154249e+01 -3.111566e+01  1.486874e+02
     vertex  1.158091e+01 -3.113581e+01  1.484857e+02
     vertex  1.139009e+01 -3.127717e+01  1.486771e+02
   endloop
 endfacet
 facet normal -9.323447e-01  2.963583e-01 -2.071353e-01
   outer loop
     vertex  1.154249e+01 -3.111566e+01  1.486874e+02
     vertex  1.161184e+01 -3.090470e+01  1.486771e+02
     vertex  1.158091e+01 -3.113581e+01  1.484857e+02
   endloop
 endfacet
 facet normal -9.585155e-01  1.975120e-01 -2.055163e-01
   outer loop
     vertex  1.164663e+01 -3.116971e+01  1.481466e+02
     vertex  1.158091e+01 -3.113581e+01  1.484857e+02
     vertex  1.171307e+01 -3.086857e+01  1.481261e+02
   endloop
 endfacet
 facet normal -6.501321e-01  7.332134e-01 -1.993148e-01
   outer loop
     vertex  1.164663e+01 -3.116971e+01  1.481466e+02
     vertex  1.141867e+01 -3.137740e+01  1.481261e+02
     vertex  1.158091e+01 -3.113581e+01  1.484857e+02
   endloop
 endfacet
 facet normal -9.730798e-01  2.695425e-02 -2.288868e-01
   outer loop
     vertex  1.173796e+01 -3.108821e+01  1.479104e+02
     vertex  1.179303e+01 -3.089698e+01  1.476988e+02
     vertex  1.179234e+01 -3.107279e+01  1.476810e+02
   endloop
 endfacet
 facet normal -9.793604e-01  7.382317e-02 -1.881578e-01
   outer loop
     vertex  1.173796e+01 -3.108821e+01  1.479104e+02
     vertex  1.171307e+01 -3.086857e+01  1.481261e+02
     vertex  1.179303e+01 -3.089698e+01  1.476988e+02
   endloop
 endfacet
 facet normal -9.362886e-01  1.863293e-01 -2.977332e-01
   outer loop
     vertex  1.173796e+01 -3.108821e+01  1.479104e+02
     vertex  1.164663e+01 -3.116971e+01  1.481466e+02
     vertex  1.171307e+01 -3.086857e+01  1.481261e+02
   endloop
 endfacet
 facet normal -6.055875e-01  7.016999e-01 -3.753413e-01
   outer loop
     vertex  1.160818e+01 -3.126660e+01  1.480275e+02
     vertex  1.141867e+01 -3.137740e+01  1.481261e+02
     vertex  1.164663e+01 -3.116971e+01  1.481466e+02
   endloop
 endfacet
 facet normal -8.434146e-01  5.164990e-01 -1.479209e-01
   outer loop
     vertex  1.160818e+01 -3.126660e+01  1.480275e+02
     vertex  1.164663e+01 -3.116971e+01  1.481466e+02
     vertex  1.173796e+01 -3.108821e+01  1.479104e+02
   endloop
 endfacet
 facet normal -8.663642e-01  4.244995e-01 -2.630841e-01
   outer loop
     vertex  1.164029e+01 -3.129921e+01  1.478164e+02
     vertex  1.179234e+01 -3.107279e+01  1.476810e+02
     vertex  1.168395e+01 -3.129594e+01  1.476779e+02
   endloop
 endfacet
 facet normal -5.601247e-01  8.133177e-01 -1.573998e-01
   outer loop
     vertex  1.164029e+01 -3.129921e+01  1.478164e+02
     vertex  1.168395e+01 -3.129594e+01  1.476779e+02
     vertex  1.147752e+01 -3.143364e+01  1.477010e+02
   endloop
 endfacet
 facet normal -8.623651e-01  4.760183e-01 -1.724325e-01
   outer loop
     vertex  1.164029e+01 -3.129921e+01  1.478164e+02
     vertex  1.173796e+01 -3.108821e+01  1.479104e+02
     vertex  1.179234e+01 -3.107279e+01  1.476810e+02
   endloop
 endfacet
 facet normal -5.452725e-01  8.178895e-01 -1.836699e-01
   outer loop
     vertex  1.164029e+01 -3.129921e+01  1.478164e+02
     vertex  1.147752e+01 -3.143364e+01  1.477010e+02
     vertex  1.141867e+01 -3.137740e+01  1.481261e+02
   endloop
 endfacet
 facet normal -5.725043e-01  7.926783e-01 -2.095230e-01
   outer loop
     vertex  1.164029e+01 -3.129921e+01  1.478164e+02
     vertex  1.141867e+01 -3.137740e+01  1.481261e+02
     vertex  1.160818e+01 -3.126660e+01  1.480275e+02
   endloop
 endfacet
 facet normal -8.505097e-01  4.846892e-01 -2.042294e-01
   outer loop
     vertex  1.164029e+01 -3.129921e+01  1.478164e+02
     vertex  1.160818e+01 -3.126660e+01  1.480275e+02
     vertex  1.173796e+01 -3.108821e+01  1.479104e+02
   endloop
 endfacet
 facet normal  3.502785e-02 -9.987863e-01  3.462719e-02
   outer loop
     vertex -3.859620e+01 -1.887399e+01  1.486649e+02
     vertex -3.832490e+01 -1.885878e+01  1.488294e+02
     vertex -3.845277e+01 -1.886259e+01  1.488486e+02
   endloop
 endfacet
 facet normal  2.657083e-01 -9.525707e-01 -1.483514e-01
   outer loop
     vertex -3.859620e+01 -1.887399e+01  1.486649e+02
     vertex -3.845277e+01 -1.886259e+01  1.488486e+02
     vertex -3.857591e+01 -1.889928e+01  1.488636e+02
   endloop
 endfacet
 facet normal  4.986962e-01 -8.462383e-01 -1.875711e-01
   outer loop
     vertex -3.866452e+01 -1.890898e+01  1.486717e+02
     vertex -3.857591e+01 -1.889928e+01  1.488636e+02
     vertex -3.868608e+01 -1.896637e+01  1.488734e+02
   endloop
 endfacet
 facet normal  7.114909e-01 -6.922026e-01 -1.209802e-01
   outer loop
     vertex -3.866452e+01 -1.890898e+01  1.486717e+02
     vertex -3.868608e+01 -1.896637e+01  1.488734e+02
     vertex -3.877590e+01 -1.905938e+01  1.488773e+02
   endloop
 endfacet
 facet normal  4.622406e-01 -8.767258e-01  1.329869e-01
   outer loop
     vertex -3.866452e+01 -1.890898e+01  1.486717e+02
     vertex -3.884939e+01 -1.903512e+01  1.484827e+02
     vertex -3.859620e+01 -1.887399e+01  1.486649e+02
   endloop
 endfacet
 facet normal  4.375351e-01 -8.853281e-01 -1.573440e-01
   outer loop
     vertex -3.866452e+01 -1.890898e+01  1.486717e+02
     vertex -3.859620e+01 -1.887399e+01  1.486649e+02
     vertex -3.857591e+01 -1.889928e+01  1.488636e+02
   endloop
 endfacet
 facet normal  6.675545e-01 -7.251522e-01 -1.688942e-01
   outer loop
     vertex -3.866452e+01 -1.890898e+01  1.486717e+02
     vertex -3.877590e+01 -1.905938e+01  1.488773e+02
     vertex -3.884939e+01 -1.903512e+01  1.484827e+02
   endloop
 endfacet
 facet normal  8.711109e-01 -4.898326e-01 -3.506980e-02
   outer loop
     vertex -3.890143e+01 -1.926781e+01  1.486703e+02
     vertex -3.877590e+01 -1.905938e+01  1.488773e+02
     vertex -3.883936e+01 -1.917208e+01  1.488751e+02
   endloop
 endfacet
 facet normal  9.545394e-01 -2.395811e-01 -1.773570e-01
   outer loop
     vertex -3.890143e+01 -1.926781e+01  1.486703e+02
     vertex -3.883936e+01 -1.917208e+01  1.488751e+02
     vertex -3.887221e+01 -1.929693e+01  1.488669e+02
   endloop
 endfacet
 facet normal  9.132510e-01 -3.592327e-01 -1.921575e-01
   outer loop
     vertex -3.890143e+01 -1.926781e+01  1.486703e+02
     vertex -3.884939e+01 -1.903512e+01  1.484827e+02
     vertex -3.877590e+01 -1.905938e+01  1.488773e+02
   endloop
 endfacet
 facet normal  9.861022e-01 -1.400882e-02 -1.655481e-01
   outer loop
     vertex -3.890655e+01 -1.932665e+01  1.486649e+02
     vertex -3.887221e+01 -1.929693e+01  1.488669e+02
     vertex -3.887527e+01 -1.939497e+01  1.488570e+02
   endloop
 endfacet
 facet normal  9.795429e-01  1.764470e-01 -9.675812e-02
   outer loop
     vertex -3.890655e+01 -1.932665e+01  1.486649e+02
     vertex -3.887527e+01 -1.939497e+01  1.488570e+02
     vertex -3.885915e+01 -1.949141e+01  1.488443e+02
   endloop
 endfacet
 facet normal  9.360647e-01  3.449171e-01  6.939098e-02
   outer loop
     vertex -3.890655e+01 -1.932665e+01  1.486649e+02
     vertex -3.885915e+01 -1.949141e+01  1.488443e+02
     vertex -3.882448e+01 -1.958248e+01  1.488294e+02
   endloop
 endfacet
 facet normal  9.850360e-01 -7.120880e-02 -1.569505e-01
   outer loop
     vertex -3.890655e+01 -1.932665e+01  1.486649e+02
     vertex -3.890143e+01 -1.926781e+01  1.486703e+02
     vertex -3.887221e+01 -1.929693e+01  1.488669e+02
   endloop
 endfacet
 facet normal  9.837442e-01 -9.944071e-02  1.495287e-01
   outer loop
     vertex -3.890655e+01 -1.932665e+01  1.486649e+02
     vertex -3.884939e+01 -1.903512e+01  1.484827e+02
     vertex -3.890143e+01 -1.926781e+01  1.486703e+02
   endloop
 endfacet
 facet normal  1.096778e-01 -9.844930e-01 -1.369102e-01
   outer loop
     vertex -3.868256e+01 -1.881702e+01  1.481223e+02
     vertex -3.872528e+01 -1.876443e+01  1.477099e+02
     vertex -3.849539e+01 -1.874332e+01  1.477422e+02
   endloop
 endfacet
 facet normal  1.328469e-01 -9.831913e-01 -1.252463e-01
   outer loop
     vertex -3.868256e+01 -1.881702e+01  1.481223e+02
     vertex -3.849539e+01 -1.874332e+01  1.477422e+02
     vertex -3.832490e+01 -1.885878e+01  1.488294e+02
   endloop
 endfacet
 facet normal  1.303876e-01 -9.836744e-01 -1.240310e-01
   outer loop
     vertex -3.868256e+01 -1.881702e+01  1.481223e+02
     vertex -3.832490e+01 -1.885878e+01  1.488294e+02
     vertex -3.859620e+01 -1.887399e+01  1.486649e+02
   endloop
 endfacet
 facet normal  6.165413e-01 -7.667925e-01 -1.786227e-01
   outer loop
     vertex -3.868256e+01 -1.881702e+01  1.481223e+02
     vertex -3.859620e+01 -1.887399e+01  1.486649e+02
     vertex -3.884939e+01 -1.903512e+01  1.484827e+02
   endloop
 endfacet
 facet normal  9.536535e-01  2.694022e-01 -1.340429e-01
   outer loop
     vertex -3.899140e+01 -1.927623e+01  1.481223e+02
     vertex -3.898647e+01 -1.948276e+01  1.477422e+02
     vertex -3.905709e+01 -1.924965e+01  1.477083e+02
   endloop
 endfacet
 facet normal  9.618943e-01  2.452773e-01 -1.208240e-01
   outer loop
     vertex -3.899140e+01 -1.927623e+01  1.481223e+02
     vertex -3.882448e+01 -1.958248e+01  1.488294e+02
     vertex -3.898647e+01 -1.948276e+01  1.477422e+02
   endloop
 endfacet
 facet normal  9.653882e-01  2.261480e-01 -1.299332e-01
   outer loop
     vertex -3.899140e+01 -1.927623e+01  1.481223e+02
     vertex -3.890655e+01 -1.932665e+01  1.486649e+02
     vertex -3.882448e+01 -1.958248e+01  1.488294e+02
   endloop
 endfacet
 facet normal  9.400340e-01 -2.932235e-01 -1.742297e-01
   outer loop
     vertex -3.899140e+01 -1.927623e+01  1.481223e+02
     vertex -3.884939e+01 -1.903512e+01  1.484827e+02
     vertex -3.890655e+01 -1.932665e+01  1.486649e+02
   endloop
 endfacet
 facet normal  6.195035e-01 -7.649746e-01 -1.761515e-01
   outer loop
     vertex -3.890508e+01 -1.900082e+01  1.481379e+02
     vertex -3.868256e+01 -1.881702e+01  1.481223e+02
     vertex -3.884939e+01 -1.903512e+01  1.484827e+02
   endloop
 endfacet
 facet normal  9.414477e-01 -2.848404e-01 -1.803947e-01
   outer loop
     vertex -3.890508e+01 -1.900082e+01  1.481379e+02
     vertex -3.884939e+01 -1.903512e+01  1.484827e+02
     vertex -3.899140e+01 -1.927623e+01  1.481223e+02
   endloop
 endfacet
 facet normal  9.707009e-01 -1.275214e-01 -2.036617e-01
   outer loop
     vertex -3.899073e+01 -1.907262e+01  1.479138e+02
     vertex -3.905709e+01 -1.924965e+01  1.477083e+02
     vertex -3.903852e+01 -1.908683e+01  1.476949e+02
   endloop
 endfacet
 facet normal  8.533374e-01 -4.981001e-01 -1.539854e-01
   outer loop
     vertex -3.899073e+01 -1.907262e+01  1.479138e+02
     vertex -3.903852e+01 -1.908683e+01  1.476949e+02
     vertex -3.892201e+01 -1.888647e+01  1.476924e+02
   endloop
 endfacet
 facet normal  9.710917e-01 -1.723271e-01 -1.651796e-01
   outer loop
     vertex -3.899073e+01 -1.907262e+01  1.479138e+02
     vertex -3.899140e+01 -1.927623e+01  1.481223e+02
     vertex -3.905709e+01 -1.924965e+01  1.477083e+02
   endloop
 endfacet
 facet normal  9.242433e-01 -2.746300e-01 -2.652408e-01
   outer loop
     vertex -3.899073e+01 -1.907262e+01  1.479138e+02
     vertex -3.890508e+01 -1.900082e+01  1.481379e+02
     vertex -3.899140e+01 -1.927623e+01  1.481223e+02
   endloop
 endfacet
 facet normal  5.304036e-01 -8.312865e-01 -1.662371e-01
   outer loop
     vertex -3.886137e+01 -1.891430e+01  1.480251e+02
     vertex -3.892201e+01 -1.888647e+01  1.476924e+02
     vertex -3.872528e+01 -1.876443e+01  1.477099e+02
   endloop
 endfacet
 facet normal  5.378034e-01 -8.275068e-01 -1.612449e-01
   outer loop
     vertex -3.886137e+01 -1.891430e+01  1.480251e+02
     vertex -3.872528e+01 -1.876443e+01  1.477099e+02
     vertex -3.868256e+01 -1.881702e+01  1.481223e+02
   endloop
 endfacet
 facet normal  5.849529e-01 -7.369745e-01 -3.386718e-01
   outer loop
     vertex -3.886137e+01 -1.891430e+01  1.480251e+02
     vertex -3.868256e+01 -1.881702e+01  1.481223e+02
     vertex -3.890508e+01 -1.900082e+01  1.481379e+02
   endloop
 endfacet
 facet normal  8.221884e-01 -5.349114e-01 -1.946178e-01
   outer loop
     vertex -3.886137e+01 -1.891430e+01  1.480251e+02
     vertex -3.899073e+01 -1.907262e+01  1.479138e+02
     vertex -3.892201e+01 -1.888647e+01  1.476924e+02
   endloop
 endfacet
 facet normal  8.097628e-01 -5.730972e-01 -1.258723e-01
   outer loop
     vertex -3.886137e+01 -1.891430e+01  1.480251e+02
     vertex -3.890508e+01 -1.900082e+01  1.481379e+02
     vertex -3.899073e+01 -1.907262e+01  1.479138e+02
   endloop
 endfacet
 facet normal  8.326945e-01 -5.493698e-01  6.937451e-02
   outer loop
     vertex -3.955724e+01 -2.495594e+01  1.486649e+02
     vertex -3.941897e+01 -2.472558e+01  1.488294e+02
     vertex -3.947350e+01 -2.480634e+01  1.488443e+02
   endloop
 endfacet
 facet normal  9.134594e-01 -3.952583e-01 -9.676164e-02
   outer loop
     vertex -3.955724e+01 -2.495594e+01  1.486649e+02
     vertex -3.947350e+01 -2.480634e+01  1.488443e+02
     vertex -3.951119e+01 -2.489656e+01  1.488570e+02
   endloop
 endfacet
 facet normal  9.632952e-01 -2.113208e-01 -1.655471e-01
   outer loop
     vertex -3.955724e+01 -2.495594e+01  1.486649e+02
     vertex -3.951119e+01 -2.489656e+01  1.488570e+02
     vertex -3.953058e+01 -2.499272e+01  1.488669e+02
   endloop
 endfacet
 facet normal  9.840246e-01  1.550374e-02 -1.773564e-01
   outer loop
     vertex -3.956568e+01 -2.501440e+01  1.486703e+02
     vertex -3.953058e+01 -2.499272e+01  1.488669e+02
     vertex -3.952708e+01 -2.512177e+01  1.488751e+02
   endloop
 endfacet
 facet normal  9.598856e-01  2.781884e-01 -3.508333e-02
   outer loop
     vertex -3.956568e+01 -2.501440e+01  1.486703e+02
     vertex -3.952708e+01 -2.512177e+01  1.488751e+02
     vertex -3.949100e+01 -2.524597e+01  1.488773e+02
   endloop
 endfacet
 facet normal  9.753059e-01 -1.553864e-01 -1.569508e-01
   outer loop
     vertex -3.956568e+01 -2.501440e+01  1.486703e+02
     vertex -3.955724e+01 -2.495594e+01  1.486649e+02
     vertex -3.953058e+01 -2.499272e+01  1.488669e+02
   endloop
 endfacet
 facet normal  9.804926e-01 -1.276074e-01  1.495012e-01
   outer loop
     vertex -3.956568e+01 -2.501440e+01  1.486703e+02
     vertex -3.956809e+01 -2.525283e+01  1.484826e+02
     vertex -3.955724e+01 -2.495594e+01  1.486649e+02
   endloop
 endfacet
 facet normal  9.711213e-01  1.414189e-01 -1.921566e-01
   outer loop
     vertex -3.956568e+01 -2.501440e+01  1.486703e+02
     vertex -3.949100e+01 -2.524597e+01  1.488773e+02
     vertex -3.956809e+01 -2.525283e+01  1.484826e+02
   endloop
 endfacet
 facet normal  8.506413e-01  5.116364e-01 -1.209860e-01
   outer loop
     vertex -3.941688e+01 -2.541782e+01  1.486717e+02
     vertex -3.949100e+01 -2.524597e+01  1.488773e+02
     vertex -3.942477e+01 -2.535702e+01  1.488734e+02
   endloop
 endfacet
 facet normal  6.785991e-01  7.101556e-01 -1.875692e-01
   outer loop
     vertex -3.941688e+01 -2.541782e+01  1.486717e+02
     vertex -3.942477e+01 -2.535702e+01  1.488734e+02
     vertex -3.933281e+01 -2.544747e+01  1.488636e+02
   endloop
 endfacet
 facet normal  8.153809e-01  5.537404e-01 -1.688952e-01
   outer loop
     vertex -3.941688e+01 -2.541782e+01  1.486717e+02
     vertex -3.956809e+01 -2.525283e+01  1.484826e+02
     vertex -3.949100e+01 -2.524597e+01  1.488773e+02
   endloop
 endfacet
 facet normal  4.760125e-01  8.668357e-01 -1.483508e-01
   outer loop
     vertex -3.935834e+01 -2.546746e+01  1.486649e+02
     vertex -3.933281e+01 -2.544747e+01  1.488636e+02
     vertex -3.922129e+01 -2.551128e+01  1.488486e+02
   endloop
 endfacet
 facet normal  2.619563e-01  9.644588e-01  3.461401e-02
   outer loop
     vertex -3.935834e+01 -2.546746e+01  1.486649e+02
     vertex -3.922129e+01 -2.551128e+01  1.488486e+02
     vertex -3.909766e+01 -2.554417e+01  1.488294e+02
   endloop
 endfacet
 facet normal  6.500603e-01  7.481597e-01  1.329612e-01
   outer loop
     vertex -3.935834e+01 -2.546746e+01  1.486649e+02
     vertex -3.956809e+01 -2.525283e+01  1.484826e+02
     vertex -3.941688e+01 -2.541782e+01  1.486717e+02
   endloop
 endfacet
 facet normal  6.279681e-01  7.621671e-01 -1.573444e-01
   outer loop
     vertex -3.935834e+01 -2.546746e+01  1.486649e+02
     vertex -3.941688e+01 -2.541782e+01  1.486717e+02
     vertex -3.933281e+01 -2.544747e+01  1.488636e+02
   endloop
 endfacet
 facet normal  8.606666e-01 -4.895403e-01 -1.400115e-01
   outer loop
     vertex -3.965135e+01 -2.498568e+01  1.481222e+02
     vertex -3.971753e+01 -2.498405e+01  1.477098e+02
     vertex -3.959943e+01 -2.478571e+01  1.477422e+02
   endloop
 endfacet
 facet normal  8.805740e-01 -4.582477e-01 -1.208239e-01
   outer loop
     vertex -3.965135e+01 -2.498568e+01  1.481222e+02
     vertex -3.959943e+01 -2.478571e+01  1.477422e+02
     vertex -3.941897e+01 -2.472558e+01  1.488294e+02
   endloop
 endfacet
 facet normal  9.821392e-01  7.103993e-02 -1.742297e-01
   outer loop
     vertex -3.965135e+01 -2.498568e+01  1.481222e+02
     vertex -3.955724e+01 -2.495594e+01  1.486649e+02
     vertex -3.956809e+01 -2.525283e+01  1.484826e+02
   endloop
 endfacet
 facet normal  8.883402e-01 -4.404192e-01 -1.299333e-01
   outer loop
     vertex -3.965135e+01 -2.498568e+01  1.481222e+02
     vertex -3.941897e+01 -2.472558e+01  1.488294e+02
     vertex -3.955724e+01 -2.495594e+01  1.486649e+02
   endloop
 endfacet
 facet normal  3.425582e-01  9.303075e-01 -1.310792e-01
   outer loop
     vertex -3.945541e+01 -2.550324e+01  1.481222e+02
     vertex -3.929000e+01 -2.561769e+01  1.477422e+02
     vertex -3.952009e+01 -2.553772e+01  1.477085e+02
   endloop
 endfacet
 facet normal  3.536400e-01  9.269585e-01 -1.252463e-01
   outer loop
     vertex -3.945541e+01 -2.550324e+01  1.481222e+02
     vertex -3.909766e+01 -2.554417e+01  1.488294e+02
     vertex -3.929000e+01 -2.561769e+01  1.477422e+02
   endloop
 endfacet
 facet normal  7.752127e-01  6.059201e-01 -1.786228e-01
   outer loop
     vertex -3.945541e+01 -2.550324e+01  1.481222e+02
     vertex -3.956809e+01 -2.525283e+01  1.484826e+02
     vertex -3.935834e+01 -2.546746e+01  1.486649e+02
   endloop
 endfacet
 facet normal  3.513557e-01  9.279900e-01 -1.240310e-01
   outer loop
     vertex -3.945541e+01 -2.550324e+01  1.481222e+02
     vertex -3.935834e+01 -2.546746e+01  1.486649e+02
     vertex -3.909766e+01 -2.554417e+01  1.488294e+02
   endloop
 endfacet
 facet normal  9.816030e-01  6.255575e-02 -1.803948e-01
   outer loop
     vertex -3.963014e+01 -2.527351e+01  1.481379e+02
     vertex -3.965135e+01 -2.498568e+01  1.481222e+02
     vertex -3.956809e+01 -2.525283e+01  1.484826e+02
   endloop
 endfacet
 facet normal  7.776818e-01  6.034746e-01 -1.761517e-01
   outer loop
     vertex -3.963014e+01 -2.527351e+01  1.481379e+02
     vertex -3.956809e+01 -2.525283e+01  1.484826e+02
     vertex -3.945541e+01 -2.550324e+01  1.481222e+02
   endloop
 endfacet
 facet normal  6.741350e-01  7.107852e-01 -2.008143e-01
   outer loop
     vertex -3.962274e+01 -2.538238e+01  1.479137e+02
     vertex -3.952009e+01 -2.553772e+01  1.477085e+02
     vertex -3.964088e+01 -2.542698e+01  1.476949e+02
   endloop
 endfacet
 facet normal  9.043402e-01  3.972864e-01 -1.559884e-01
   outer loop
     vertex -3.962274e+01 -2.538238e+01  1.479137e+02
     vertex -3.964088e+01 -2.542698e+01  1.476949e+02
     vertex -3.973448e+01 -2.521493e+01  1.476924e+02
   endloop
 endfacet
 facet normal  7.059852e-01  6.880853e-01 -1.677007e-01
   outer loop
     vertex -3.962274e+01 -2.538238e+01  1.479137e+02
     vertex -3.945541e+01 -2.550324e+01  1.481222e+02
     vertex -3.952009e+01 -2.553772e+01  1.477085e+02
   endloop
 endfacet
 facet normal  7.589571e-01  5.952145e-01 -2.640147e-01
   outer loop
     vertex -3.962274e+01 -2.538238e+01  1.479137e+02
     vertex -3.963014e+01 -2.527351e+01  1.481379e+02
     vertex -3.945541e+01 -2.550324e+01  1.481222e+02
   endloop
 endfacet
 facet normal  9.838569e-01 -5.951749e-02 -1.687701e-01
   outer loop
     vertex -3.967568e+01 -2.518638e+01  1.480251e+02
     vertex -3.973448e+01 -2.521493e+01  1.476924e+02
     vertex -3.971753e+01 -2.498405e+01  1.477098e+02
   endloop
 endfacet
 facet normal  9.864393e-01 -4.286897e-02 -1.584292e-01
   outer loop
     vertex -3.967568e+01 -2.518638e+01  1.480251e+02
     vertex -3.971753e+01 -2.498405e+01  1.477098e+02
     vertex -3.965135e+01 -2.498568e+01  1.481222e+02
   endloop
 endfacet
 facet normal  9.144363e-01  3.561911e-01 -1.921824e-01
   outer loop
     vertex -3.967568e+01 -2.518638e+01  1.480251e+02
     vertex -3.962274e+01 -2.538238e+01  1.479137e+02
     vertex -3.973448e+01 -2.521493e+01  1.476924e+02
   endloop
 endfacet
 facet normal  9.390738e-01  5.075187e-02 -3.399481e-01
   outer loop
     vertex -3.967568e+01 -2.518638e+01  1.480251e+02
     vertex -3.965135e+01 -2.498568e+01  1.481222e+02
     vertex -3.963014e+01 -2.527351e+01  1.481379e+02
   endloop
 endfacet
 facet normal  9.370380e-01  3.252896e-01 -1.270686e-01
   outer loop
     vertex -3.967568e+01 -2.518638e+01  1.480251e+02
     vertex -3.963014e+01 -2.527351e+01  1.481379e+02
     vertex -3.962274e+01 -2.538238e+01  1.479137e+02
   endloop
 endfacet
 facet normal  1.456537e-01  3.998264e-02 -9.885274e-01
   outer loop
     vertex -3.838210e+01 -1.935358e+01  1.492858e+02
     vertex -3.851193e+01 -1.942076e+01  1.492640e+02
     vertex -3.852011e+01 -1.933763e+01  1.492661e+02
   endloop
 endfacet
 facet normal  9.684090e-01  1.839892e-01 -1.683209e-01
   outer loop
     vertex -3.885107e+01 -1.949229e+01  1.488899e+02
     vertex -3.885915e+01 -1.949141e+01  1.488443e+02
     vertex -3.887527e+01 -1.939497e+01  1.488570e+02
   endloop
 endfacet
 facet normal  9.145444e-01  3.735678e-01 -1.550987e-01
   outer loop
     vertex -3.885107e+01 -1.949229e+01  1.488899e+02
     vertex -3.882448e+01 -1.958248e+01  1.488294e+02
     vertex -3.885915e+01 -1.949141e+01  1.488443e+02
   endloop
 endfacet
 facet normal  8.791406e-01  4.155497e-01 -2.333028e-01
   outer loop
     vertex -3.885107e+01 -1.949229e+01  1.488899e+02
     vertex -3.879383e+01 -1.956663e+01  1.489731e+02
     vertex -3.882448e+01 -1.958248e+01  1.488294e+02
   endloop
 endfacet
 facet normal  8.887785e-01  3.399396e-01 -3.074311e-01
   outer loop
     vertex -3.881280e+01 -1.949671e+01  1.489956e+02
     vertex -3.879383e+01 -1.956663e+01  1.489731e+02
     vertex -3.885107e+01 -1.949229e+01  1.488899e+02
   endloop
 endfacet
 facet normal  9.698583e-01 -5.618178e-03 -2.436049e-01
   outer loop
     vertex -3.885101e+01 -1.939773e+01  1.489537e+02
     vertex -3.887527e+01 -1.939497e+01  1.488570e+02
     vertex -3.887221e+01 -1.929693e+01  1.488669e+02
   endloop
 endfacet
 facet normal  9.526876e-01 -5.659071e-02 -2.986366e-01
   outer loop
     vertex -3.885101e+01 -1.939773e+01  1.489537e+02
     vertex -3.887221e+01 -1.929693e+01  1.488669e+02
     vertex -3.883052e+01 -1.930174e+01  1.490008e+02
   endloop
 endfacet
 facet normal  9.205697e-01  2.180666e-01 -3.240346e-01
   outer loop
     vertex -3.885101e+01 -1.939773e+01  1.489537e+02
     vertex -3.881280e+01 -1.949671e+01  1.489956e+02
     vertex -3.885107e+01 -1.949229e+01  1.488899e+02
   endloop
 endfacet
 facet normal  9.586810e-01  1.586958e-01 -2.361068e-01
   outer loop
     vertex -3.885101e+01 -1.939773e+01  1.489537e+02
     vertex -3.885107e+01 -1.949229e+01  1.488899e+02
     vertex -3.887527e+01 -1.939497e+01  1.488570e+02
   endloop
 endfacet
 facet normal  7.575976e-01  4.105122e-01 -5.074698e-01
   outer loop
     vertex -3.875027e+01 -1.950394e+01  1.490889e+02
     vertex -3.872721e+01 -1.953215e+01  1.491005e+02
     vertex -3.879383e+01 -1.956663e+01  1.489731e+02
   endloop
 endfacet
 facet normal  7.839816e-01  3.723390e-01 -4.967258e-01
   outer loop
     vertex -3.875027e+01 -1.950394e+01  1.490889e+02
     vertex -3.879383e+01 -1.956663e+01  1.489731e+02
     vertex -3.881280e+01 -1.949671e+01  1.489956e+02
   endloop
 endfacet
 facet normal  8.326103e-01 -4.778034e-02 -5.517944e-01
   outer loop
     vertex -3.879709e+01 -1.940396e+01  1.490601e+02
     vertex -3.883052e+01 -1.930174e+01  1.490008e+02
     vertex -3.875352e+01 -1.931065e+01  1.491178e+02
   endloop
 endfacet
 facet normal  8.924000e-01  3.071991e-02 -4.501983e-01
   outer loop
     vertex -3.879709e+01 -1.940396e+01  1.490601e+02
     vertex -3.885101e+01 -1.939773e+01  1.489537e+02
     vertex -3.883052e+01 -1.930174e+01  1.490008e+02
   endloop
 endfacet
 facet normal  8.848777e-01  1.555667e-01 -4.390791e-01
   outer loop
     vertex -3.879709e+01 -1.940396e+01  1.490601e+02
     vertex -3.881280e+01 -1.949671e+01  1.489956e+02
     vertex -3.885101e+01 -1.939773e+01  1.489537e+02
   endloop
 endfacet
 facet normal  8.164834e-01  2.300979e-01 -5.295373e-01
   outer loop
     vertex -3.879709e+01 -1.940396e+01  1.490601e+02
     vertex -3.875027e+01 -1.950394e+01  1.490889e+02
     vertex -3.881280e+01 -1.949671e+01  1.489956e+02
   endloop
 endfacet
 facet normal  6.221366e-01  2.659186e-01 -7.363650e-01
   outer loop
     vertex -3.871919e+01 -1.941297e+01  1.491503e+02
     vertex -3.863042e+01 -1.948207e+01  1.492003e+02
     vertex -3.872721e+01 -1.953215e+01  1.491005e+02
   endloop
 endfacet
 facet normal  6.478857e-01 -2.449973e-02 -7.613435e-01
   outer loop
     vertex -3.871919e+01 -1.941297e+01  1.491503e+02
     vertex -3.875352e+01 -1.931065e+01  1.491178e+02
     vertex -3.864726e+01 -1.932293e+01  1.492086e+02
   endloop
 endfacet
 facet normal  7.539846e-01  1.706965e-01 -6.343264e-01
   outer loop
     vertex -3.871919e+01 -1.941297e+01  1.491503e+02
     vertex -3.875027e+01 -1.950394e+01  1.490889e+02
     vertex -3.879709e+01 -1.940396e+01  1.490601e+02
   endloop
 endfacet
 facet normal  7.582133e-01  4.779551e-02 -6.502524e-01
   outer loop
     vertex -3.871919e+01 -1.941297e+01  1.491503e+02
     vertex -3.879709e+01 -1.940396e+01  1.490601e+02
     vertex -3.875352e+01 -1.931065e+01  1.491178e+02
   endloop
 endfacet
 facet normal  6.620928e-01  2.506522e-01 -7.062624e-01
   outer loop
     vertex -3.871919e+01 -1.941297e+01  1.491503e+02
     vertex -3.872721e+01 -1.953215e+01  1.491005e+02
     vertex -3.875027e+01 -1.950394e+01  1.490889e+02
   endloop
 endfacet
 facet normal  3.628127e-01  2.347985e-01 -9.017963e-01
   outer loop
     vertex -3.862195e+01 -1.942421e+01  1.492188e+02
     vertex -3.851193e+01 -1.942076e+01  1.492640e+02
     vertex -3.863042e+01 -1.948207e+01  1.492003e+02
   endloop
 endfacet
 facet normal  4.132632e-01  1.153720e-02 -9.105385e-01
   outer loop
     vertex -3.862195e+01 -1.942421e+01  1.492188e+02
     vertex -3.864726e+01 -1.932293e+01  1.492086e+02
     vertex -3.852011e+01 -1.933763e+01  1.492661e+02
   endloop
 endfacet
 facet normal  5.797191e-01  6.301757e-02 -8.123758e-01
   outer loop
     vertex -3.862195e+01 -1.942421e+01  1.492188e+02
     vertex -3.871919e+01 -1.941297e+01  1.491503e+02
     vertex -3.864726e+01 -1.932293e+01  1.492086e+02
   endloop
 endfacet
 facet normal  5.806950e-01  1.692421e-01 -7.963356e-01
   outer loop
     vertex -3.862195e+01 -1.942421e+01  1.492188e+02
     vertex -3.863042e+01 -1.948207e+01  1.492003e+02
     vertex -3.871919e+01 -1.941297e+01  1.491503e+02
   endloop
 endfacet
 facet normal  3.773860e-01  6.111362e-02 -9.240373e-01
   outer loop
     vertex -3.862195e+01 -1.942421e+01  1.492188e+02
     vertex -3.852011e+01 -1.933763e+01  1.492661e+02
     vertex -3.851193e+01 -1.942076e+01  1.492640e+02
   endloop
 endfacet
 facet normal -1.116522e-01 -9.659384e-01 -2.334454e-01
   outer loop
     vertex  1.180092e+01 -2.465279e+01  1.488294e+02
     vertex -3.832886e+01 -1.889305e+01  1.489731e+02
     vertex -3.832490e+01 -1.885878e+01  1.488294e+02
   endloop
 endfacet
 facet normal -9.893645e-02 -8.559301e-01 -5.075384e-01
   outer loop
     vertex  1.179696e+01 -2.468707e+01  1.489731e+02
     vertex -3.833748e+01 -1.896758e+01  1.491005e+02
     vertex -3.832886e+01 -1.889305e+01  1.489731e+02
   endloop
 endfacet
 facet normal -1.116522e-01 -9.659384e-01 -2.334454e-01
   outer loop
     vertex  1.179696e+01 -2.468707e+01  1.489731e+02
     vertex -3.832886e+01 -1.889305e+01  1.489731e+02
     vertex  1.180092e+01 -2.465279e+01  1.488294e+02
   endloop
 endfacet
 facet normal -7.757455e-02 -6.711217e-01 -7.372773e-01
   outer loop
     vertex  1.178834e+01 -2.476159e+01  1.491005e+02
     vertex -3.834999e+01 -1.907583e+01  1.492003e+02
     vertex -3.833748e+01 -1.896758e+01  1.491005e+02
   endloop
 endfacet
 facet normal -9.893645e-02 -8.559301e-01 -5.075384e-01
   outer loop
     vertex  1.178834e+01 -2.476159e+01  1.491005e+02
     vertex -3.833748e+01 -1.896758e+01  1.491005e+02
     vertex  1.179696e+01 -2.468707e+01  1.489731e+02
   endloop
 endfacet
 facet normal -4.943338e-02 -4.276636e-01 -9.025853e-01
   outer loop
     vertex  1.177583e+01 -2.486984e+01  1.492003e+02
     vertex -3.836531e+01 -1.920836e+01  1.492640e+02
     vertex -3.834999e+01 -1.907583e+01  1.492003e+02
   endloop
 endfacet
 facet normal -7.757455e-02 -6.711217e-01 -7.372773e-01
   outer loop
     vertex  1.177583e+01 -2.486984e+01  1.492003e+02
     vertex -3.834999e+01 -1.907583e+01  1.492003e+02
     vertex  1.178834e+01 -2.476159e+01  1.491005e+02
   endloop
 endfacet
 facet normal -1.697220e-02 -1.468318e-01 -9.890159e-01
   outer loop
     vertex  1.176051e+01 -2.500237e+01  1.492640e+02
     vertex -3.838210e+01 -1.935358e+01  1.492858e+02
     vertex -3.836531e+01 -1.920836e+01  1.492640e+02
   endloop
 endfacet
 facet normal -4.943338e-02 -4.276636e-01 -9.025853e-01
   outer loop
     vertex  1.176051e+01 -2.500237e+01  1.492640e+02
     vertex -3.836531e+01 -1.920836e+01  1.492640e+02
     vertex  1.177583e+01 -2.486984e+01  1.492003e+02
   endloop
 endfacet
 facet normal -1.697220e-02 -1.468318e-01 -9.890159e-01
   outer loop
     vertex  1.174373e+01 -2.514759e+01  1.492858e+02
     vertex -3.838210e+01 -1.935358e+01  1.492858e+02
     vertex  1.176051e+01 -2.500237e+01  1.492640e+02
   endloop
 endfacet
 facet normal  8.984740e-01  3.723119e-01 -2.326547e-01
   outer loop
     vertex -3.852442e+01 -2.030659e+01  1.488294e+02
     vertex -3.882448e+01 -1.958248e+01  1.488294e+02
     vertex -3.879383e+01 -1.956663e+01  1.489731e+02
   endloop
 endfacet
 facet normal  7.898459e-01 -5.674638e-01 -2.326547e-01
   outer loop
     vertex -3.939275e+01 -2.474801e+01  1.489731e+02
     vertex -3.941897e+01 -2.472558e+01  1.488294e+02
     vertex -3.896163e+01 -2.408902e+01  1.488294e+02
   endloop
 endfacet
 facet normal  1.204626e-01 -8.654619e-02 -9.889381e-01
   outer loop
     vertex -3.904047e+01 -2.504937e+01  1.492858e+02
     vertex -3.915155e+01 -2.495434e+01  1.492640e+02
     vertex -3.853399e+01 -2.434440e+01  1.492858e+02
   endloop
 endfacet
 facet normal  7.967280e-01  3.301501e-01 -5.061872e-01
   outer loop
     vertex -3.849154e+01 -2.029612e+01  1.489731e+02
     vertex -3.879383e+01 -1.956663e+01  1.489731e+02
     vertex -3.872721e+01 -1.953215e+01  1.491005e+02
   endloop
 endfacet
 facet normal  8.984740e-01  3.723119e-01 -2.326547e-01
   outer loop
     vertex -3.849154e+01 -2.029612e+01  1.489731e+02
     vertex -3.852442e+01 -2.030659e+01  1.488294e+02
     vertex -3.879383e+01 -1.956663e+01  1.489731e+02
   endloop
 endfacet
 facet normal  6.253429e-01  2.591312e-01 -7.360688e-01
   outer loop
     vertex -3.842006e+01 -2.027336e+01  1.491005e+02
     vertex -3.872721e+01 -1.953215e+01  1.491005e+02
     vertex -3.863042e+01 -1.948207e+01  1.492003e+02
   endloop
 endfacet
 facet normal  7.967280e-01  3.301501e-01 -5.061872e-01
   outer loop
     vertex -3.842006e+01 -2.027336e+01  1.491005e+02
     vertex -3.849154e+01 -2.029612e+01  1.489731e+02
     vertex -3.872721e+01 -1.953215e+01  1.491005e+02
   endloop
 endfacet
 facet normal  3.988799e-01  1.652888e-01 -9.019836e-01
   outer loop
     vertex -3.831622e+01 -2.024031e+01  1.492003e+02
     vertex -3.863042e+01 -1.948207e+01  1.492003e+02
     vertex -3.851193e+01 -1.942076e+01  1.492640e+02
   endloop
 endfacet
 facet normal  6.253429e-01  2.591312e-01 -7.360688e-01
   outer loop
     vertex -3.831622e+01 -2.024031e+01  1.492003e+02
     vertex -3.842006e+01 -2.027336e+01  1.491005e+02
     vertex -3.863042e+01 -1.948207e+01  1.492003e+02
   endloop
 endfacet
 facet normal  1.370299e-01  5.678279e-02 -9.889381e-01
   outer loop
     vertex -3.818909e+01 -2.019984e+01  1.492640e+02
     vertex -3.838210e+01 -1.935358e+01  1.492858e+02
     vertex -3.804980e+01 -2.015550e+01  1.492858e+02
   endloop
 endfacet
 facet normal  1.370299e-01  5.678279e-02 -9.889381e-01
   outer loop
     vertex -3.818909e+01 -2.019984e+01  1.492640e+02
     vertex -3.851193e+01 -1.942076e+01  1.492640e+02
     vertex -3.838210e+01 -1.935358e+01  1.492858e+02
   endloop
 endfacet
 facet normal  3.988799e-01  1.652888e-01 -9.019836e-01
   outer loop
     vertex -3.818909e+01 -2.019984e+01  1.492640e+02
     vertex -3.831622e+01 -2.024031e+01  1.492003e+02
     vertex -3.851193e+01 -1.942076e+01  1.492640e+02
   endloop
 endfacet
 facet normal  9.483618e-01  2.155960e-01 -2.326547e-01
   outer loop
     vertex -3.831650e+01 -2.106612e+01  1.489731e+02
     vertex -3.835067e+01 -2.107089e+01  1.488294e+02
     vertex -3.852442e+01 -2.030659e+01  1.488294e+02
   endloop
 endfacet
 facet normal  9.483618e-01  2.155960e-01 -2.326547e-01
   outer loop
     vertex -3.831650e+01 -2.106612e+01  1.489731e+02
     vertex -3.852442e+01 -2.030659e+01  1.488294e+02
     vertex -3.849154e+01 -2.029612e+01  1.489731e+02
   endloop
 endfacet
 facet normal  8.409663e-01  1.911812e-01 -5.061872e-01
   outer loop
     vertex -3.824220e+01 -2.105573e+01  1.491005e+02
     vertex -3.831650e+01 -2.106612e+01  1.489731e+02
     vertex -3.849154e+01 -2.029612e+01  1.489731e+02
   endloop
 endfacet
 facet normal  8.409663e-01  1.911812e-01 -5.061872e-01
   outer loop
     vertex -3.824220e+01 -2.105573e+01  1.491005e+02
     vertex -3.849154e+01 -2.029612e+01  1.489731e+02
     vertex -3.842006e+01 -2.027336e+01  1.491005e+02
   endloop
 endfacet
 facet normal  6.600651e-01  1.500560e-01 -7.360688e-01
   outer loop
     vertex -3.813427e+01 -2.104065e+01  1.492003e+02
     vertex -3.842006e+01 -2.027336e+01  1.491005e+02
     vertex -3.831622e+01 -2.024031e+01  1.492003e+02
   endloop
 endfacet
 facet normal  6.600651e-01  1.500560e-01 -7.360688e-01
   outer loop
     vertex -3.813427e+01 -2.104065e+01  1.492003e+02
     vertex -3.824220e+01 -2.105573e+01  1.491005e+02
     vertex -3.842006e+01 -2.027336e+01  1.491005e+02
   endloop
 endfacet
 facet normal  1.446385e-01  3.288141e-02 -9.889381e-01
   outer loop
     vertex -3.800215e+01 -2.102218e+01  1.492640e+02
     vertex -3.804980e+01 -2.015550e+01  1.492858e+02
     vertex -3.785737e+01 -2.100194e+01  1.492858e+02
   endloop
 endfacet
 facet normal  1.446385e-01  3.288141e-02 -9.889381e-01
   outer loop
     vertex -3.800215e+01 -2.102218e+01  1.492640e+02
     vertex -3.818909e+01 -2.019984e+01  1.492640e+02
     vertex -3.804980e+01 -2.015550e+01  1.492858e+02
   endloop
 endfacet
 facet normal  4.210277e-01  9.571439e-02 -9.019836e-01
   outer loop
     vertex -3.800215e+01 -2.102218e+01  1.492640e+02
     vertex -3.831622e+01 -2.024031e+01  1.492003e+02
     vertex -3.818909e+01 -2.019984e+01  1.492640e+02
   endloop
 endfacet
 facet normal  4.210277e-01  9.571439e-02 -9.019836e-01
   outer loop
     vertex -3.800215e+01 -2.102218e+01  1.492640e+02
     vertex -3.813427e+01 -2.104065e+01  1.492003e+02
     vertex -3.831622e+01 -2.024031e+01  1.492003e+02
   endloop
 endfacet
 facet normal  9.711297e-01  5.271472e-02 -2.326547e-01
   outer loop
     vertex -3.827370e+01 -2.185460e+01  1.489731e+02
     vertex -3.830819e+01 -2.185355e+01  1.488294e+02
     vertex -3.835067e+01 -2.107089e+01  1.488294e+02
   endloop
 endfacet
 facet normal  9.711297e-01  5.271472e-02 -2.326547e-01
   outer loop
     vertex -3.827370e+01 -2.185460e+01  1.489731e+02
     vertex -3.835067e+01 -2.107089e+01  1.488294e+02
     vertex -3.831650e+01 -2.106612e+01  1.489731e+02
   endloop
 endfacet
 facet normal  8.611559e-01  4.674513e-02 -5.061872e-01
   outer loop
     vertex -3.819871e+01 -2.185688e+01  1.491005e+02
     vertex -3.827370e+01 -2.185460e+01  1.489731e+02
     vertex -3.831650e+01 -2.106612e+01  1.489731e+02
   endloop
 endfacet
 facet normal  8.611559e-01  4.674513e-02 -5.061872e-01
   outer loop
     vertex -3.819871e+01 -2.185688e+01  1.491005e+02
     vertex -3.831650e+01 -2.106612e+01  1.489731e+02
     vertex -3.824220e+01 -2.105573e+01  1.491005e+02
   endloop
 endfacet
 facet normal  6.759117e-01  3.668974e-02 -7.360688e-01
   outer loop
     vertex -3.808979e+01 -2.186020e+01  1.492003e+02
     vertex -3.819871e+01 -2.185688e+01  1.491005e+02
     vertex -3.824220e+01 -2.105573e+01  1.491005e+02
   endloop
 endfacet
 facet normal  6.759117e-01  3.668974e-02 -7.360688e-01
   outer loop
     vertex -3.808979e+01 -2.186020e+01  1.492003e+02
     vertex -3.824220e+01 -2.105573e+01  1.491005e+02
     vertex -3.813427e+01 -2.104065e+01  1.492003e+02
   endloop
 endfacet
 facet normal  1.481109e-01  8.039734e-03 -9.889381e-01
   outer loop
     vertex -3.795644e+01 -2.186426e+01  1.492640e+02
     vertex -3.785737e+01 -2.100194e+01  1.492858e+02
     vertex -3.781032e+01 -2.186870e+01  1.492858e+02
   endloop
 endfacet
 facet normal  1.481109e-01  8.039734e-03 -9.889381e-01
   outer loop
     vertex -3.795644e+01 -2.186426e+01  1.492640e+02
     vertex -3.800215e+01 -2.102218e+01  1.492640e+02
     vertex -3.785737e+01 -2.100194e+01  1.492858e+02
   endloop
 endfacet
 facet normal  4.311356e-01  2.340284e-02 -9.019836e-01
   outer loop
     vertex -3.795644e+01 -2.186426e+01  1.492640e+02
     vertex -3.813427e+01 -2.104065e+01  1.492003e+02
     vertex -3.800215e+01 -2.102218e+01  1.492640e+02
   endloop
 endfacet
 facet normal  4.311356e-01  2.340284e-02 -9.019836e-01
   outer loop
     vertex -3.795644e+01 -2.186426e+01  1.492640e+02
     vertex -3.808979e+01 -2.186020e+01  1.492003e+02
     vertex -3.813427e+01 -2.104065e+01  1.492003e+02
   endloop
 endfacet
 facet normal  9.661266e-01 -1.116740e-01 -2.326547e-01
   outer loop
     vertex -3.836437e+01 -2.263902e+01  1.489731e+02
     vertex -3.839819e+01 -2.263218e+01  1.488294e+02
     vertex -3.830819e+01 -2.185355e+01  1.488294e+02
   endloop
 endfacet
 facet normal  9.661266e-01 -1.116740e-01 -2.326547e-01
   outer loop
     vertex -3.836437e+01 -2.263902e+01  1.489731e+02
     vertex -3.830819e+01 -2.185355e+01  1.488294e+02
     vertex -3.827370e+01 -2.185460e+01  1.489731e+02
   endloop
 endfacet
 facet normal  6.724295e-01 -7.772573e-02 -7.360688e-01
   outer loop
     vertex -3.829084e+01 -2.265391e+01  1.491005e+02
     vertex -3.819871e+01 -2.185688e+01  1.491005e+02
     vertex -3.808979e+01 -2.186020e+01  1.492003e+02
   endloop
 endfacet
 facet normal  8.567194e-01 -9.902768e-02 -5.061872e-01
   outer loop
     vertex -3.829084e+01 -2.265391e+01  1.491005e+02
     vertex -3.827370e+01 -2.185460e+01  1.489731e+02
     vertex -3.819871e+01 -2.185688e+01  1.491005e+02
   endloop
 endfacet
 facet normal  8.567194e-01 -9.902768e-02 -5.061872e-01
   outer loop
     vertex -3.829084e+01 -2.265391e+01  1.491005e+02
     vertex -3.836437e+01 -2.263902e+01  1.489731e+02
     vertex -3.827370e+01 -2.185460e+01  1.489731e+02
   endloop
 endfacet
 facet normal  6.724295e-01 -7.772573e-02 -7.360688e-01
   outer loop
     vertex -3.818403e+01 -2.267553e+01  1.492003e+02
     vertex -3.829084e+01 -2.265391e+01  1.491005e+02
     vertex -3.808979e+01 -2.186020e+01  1.492003e+02
   endloop
 endfacet
 facet normal  4.289144e-01 -4.957796e-02 -9.019836e-01
   outer loop
     vertex -3.818403e+01 -2.267553e+01  1.492003e+02
     vertex -3.808979e+01 -2.186020e+01  1.492003e+02
     vertex -3.795644e+01 -2.186426e+01  1.492640e+02
   endloop
 endfacet
 facet normal  1.473479e-01 -1.703185e-02 -9.889381e-01
   outer loop
     vertex -3.805327e+01 -2.270200e+01  1.492640e+02
     vertex -3.781032e+01 -2.186870e+01  1.492858e+02
     vertex -3.790999e+01 -2.273100e+01  1.492858e+02
   endloop
 endfacet
 facet normal  1.473479e-01 -1.703185e-02 -9.889381e-01
   outer loop
     vertex -3.805327e+01 -2.270200e+01  1.492640e+02
     vertex -3.795644e+01 -2.186426e+01  1.492640e+02
     vertex -3.781032e+01 -2.186870e+01  1.492858e+02
   endloop
 endfacet
 facet normal  4.289144e-01 -4.957796e-02 -9.019836e-01
   outer loop
     vertex -3.805327e+01 -2.270200e+01  1.492640e+02
     vertex -3.818403e+01 -2.267553e+01  1.492003e+02
     vertex -3.795644e+01 -2.186426e+01  1.492640e+02
   endloop
 endfacet
 facet normal  9.334957e-01 -2.728692e-01 -2.326547e-01
   outer loop
     vertex -3.858592e+01 -2.339695e+01  1.489731e+02
     vertex -3.861810e+01 -2.338451e+01  1.488294e+02
     vertex -3.839819e+01 -2.263218e+01  1.488294e+02
   endloop
 endfacet
 facet normal  9.334957e-01 -2.728692e-01 -2.326547e-01
   outer loop
     vertex -3.858592e+01 -2.339695e+01  1.489731e+02
     vertex -3.839819e+01 -2.263218e+01  1.488294e+02
     vertex -3.836437e+01 -2.263902e+01  1.489731e+02
   endloop
 endfacet
 facet normal  8.277836e-01 -2.419686e-01 -5.061872e-01
   outer loop
     vertex -3.851595e+01 -2.342401e+01  1.491005e+02
     vertex -3.836437e+01 -2.263902e+01  1.489731e+02
     vertex -3.829084e+01 -2.265391e+01  1.491005e+02
   endloop
 endfacet
 facet normal  8.277836e-01 -2.419686e-01 -5.061872e-01
   outer loop
     vertex -3.851595e+01 -2.342401e+01  1.491005e+02
     vertex -3.858592e+01 -2.339695e+01  1.489731e+02
     vertex -3.836437e+01 -2.263902e+01  1.489731e+02
   endloop
 endfacet
 facet normal  6.497182e-01 -1.899185e-01 -7.360688e-01
   outer loop
     vertex -3.841431e+01 -2.346332e+01  1.492003e+02
     vertex -3.851595e+01 -2.342401e+01  1.491005e+02
     vertex -3.829084e+01 -2.265391e+01  1.491005e+02
   endloop
 endfacet
 facet normal  6.497182e-01 -1.899185e-01 -7.360688e-01
   outer loop
     vertex -3.841431e+01 -2.346332e+01  1.492003e+02
     vertex -3.829084e+01 -2.265391e+01  1.491005e+02
     vertex -3.818403e+01 -2.267553e+01  1.492003e+02
   endloop
 endfacet
 facet normal  4.144278e-01 -1.211410e-01 -9.019836e-01
   outer loop
     vertex -3.841431e+01 -2.346332e+01  1.492003e+02
     vertex -3.818403e+01 -2.267553e+01  1.492003e+02
     vertex -3.805327e+01 -2.270200e+01  1.492640e+02
   endloop
 endfacet
 facet normal  1.423712e-01 -4.161638e-02 -9.889381e-01
   outer loop
     vertex -3.828988e+01 -2.351145e+01  1.492640e+02
     vertex -3.790999e+01 -2.273100e+01  1.492858e+02
     vertex -3.815354e+01 -2.356418e+01  1.492858e+02
   endloop
 endfacet
 facet normal  1.423712e-01 -4.161638e-02 -9.889381e-01
   outer loop
     vertex -3.828988e+01 -2.351145e+01  1.492640e+02
     vertex -3.805327e+01 -2.270200e+01  1.492640e+02
     vertex -3.790999e+01 -2.273100e+01  1.492858e+02
   endloop
 endfacet
 facet normal  4.144278e-01 -1.211410e-01 -9.019836e-01
   outer loop
     vertex -3.828988e+01 -2.351145e+01  1.492640e+02
     vertex -3.841431e+01 -2.346332e+01  1.492003e+02
     vertex -3.805327e+01 -2.270200e+01  1.492640e+02
   endloop
 endfacet
 facet normal  8.741699e-01 -4.262613e-01 -2.326547e-01
   outer loop
     vertex -3.893201e+01 -2.410671e+01  1.489731e+02
     vertex -3.896163e+01 -2.408902e+01  1.488294e+02
     vertex -3.861810e+01 -2.338451e+01  1.488294e+02
   endloop
 endfacet
 facet normal  8.741699e-01 -4.262613e-01 -2.326547e-01
   outer loop
     vertex -3.893201e+01 -2.410671e+01  1.489731e+02
     vertex -3.861810e+01 -2.338451e+01  1.488294e+02
     vertex -3.858592e+01 -2.339695e+01  1.489731e+02
   endloop
 endfacet
 facet normal  7.898459e-01 -5.674638e-01 -2.326547e-01
   outer loop
     vertex -3.893201e+01 -2.410671e+01  1.489731e+02
     vertex -3.939275e+01 -2.474801e+01  1.489731e+02
     vertex -3.896163e+01 -2.408902e+01  1.488294e+02
   endloop
 endfacet
 facet normal  7.004012e-01 -5.032024e-01 -5.061872e-01
   outer loop
     vertex -3.886760e+01 -2.414518e+01  1.491005e+02
     vertex -3.933574e+01 -2.479678e+01  1.491005e+02
     vertex -3.939275e+01 -2.474801e+01  1.489731e+02
   endloop
 endfacet
 facet normal  7.004012e-01 -5.032024e-01 -5.061872e-01
   outer loop
     vertex -3.886760e+01 -2.414518e+01  1.491005e+02
     vertex -3.939275e+01 -2.474801e+01  1.489731e+02
     vertex -3.893201e+01 -2.410671e+01  1.489731e+02
   endloop
 endfacet
 facet normal  7.751761e-01 -3.779901e-01 -5.061872e-01
   outer loop
     vertex -3.886760e+01 -2.414518e+01  1.491005e+02
     vertex -3.858592e+01 -2.339695e+01  1.489731e+02
     vertex -3.851595e+01 -2.342401e+01  1.491005e+02
   endloop
 endfacet
 facet normal  7.751761e-01 -3.779901e-01 -5.061872e-01
   outer loop
     vertex -3.886760e+01 -2.414518e+01  1.491005e+02
     vertex -3.893201e+01 -2.410671e+01  1.489731e+02
     vertex -3.858592e+01 -2.339695e+01  1.489731e+02
   endloop
 endfacet
 facet normal  6.084271e-01 -2.966803e-01 -7.360688e-01
   outer loop
     vertex -3.877404e+01 -2.420105e+01  1.492003e+02
     vertex -3.886760e+01 -2.414518e+01  1.491005e+02
     vertex -3.851595e+01 -2.342401e+01  1.491005e+02
   endloop
 endfacet
 facet normal  5.497372e-01 -3.949580e-01 -7.360688e-01
   outer loop
     vertex -3.877404e+01 -2.420105e+01  1.492003e+02
     vertex -3.925293e+01 -2.486762e+01  1.492003e+02
     vertex -3.933574e+01 -2.479678e+01  1.491005e+02
   endloop
 endfacet
 facet normal  5.497372e-01 -3.949580e-01 -7.360688e-01
   outer loop
     vertex -3.877404e+01 -2.420105e+01  1.492003e+02
     vertex -3.933574e+01 -2.479678e+01  1.491005e+02
     vertex -3.886760e+01 -2.414518e+01  1.491005e+02
   endloop
 endfacet
 facet normal  6.084271e-01 -2.966803e-01 -7.360688e-01
   outer loop
     vertex -3.877404e+01 -2.420105e+01  1.492003e+02
     vertex -3.851595e+01 -2.342401e+01  1.491005e+02
     vertex -3.841431e+01 -2.346332e+01  1.492003e+02
   endloop
 endfacet
 facet normal  3.880900e-01 -1.892398e-01 -9.019836e-01
   outer loop
     vertex -3.865950e+01 -2.426945e+01  1.492640e+02
     vertex -3.841431e+01 -2.346332e+01  1.492003e+02
     vertex -3.828988e+01 -2.351145e+01  1.492640e+02
   endloop
 endfacet
 facet normal  3.506542e-01 -2.519270e-01 -9.019836e-01
   outer loop
     vertex -3.865950e+01 -2.426945e+01  1.492640e+02
     vertex -3.915155e+01 -2.495434e+01  1.492640e+02
     vertex -3.925293e+01 -2.486762e+01  1.492003e+02
   endloop
 endfacet
 facet normal  3.506542e-01 -2.519270e-01 -9.019836e-01
   outer loop
     vertex -3.865950e+01 -2.426945e+01  1.492640e+02
     vertex -3.925293e+01 -2.486762e+01  1.492003e+02
     vertex -3.877404e+01 -2.420105e+01  1.492003e+02
   endloop
 endfacet
 facet normal  1.333232e-01 -6.501083e-02 -9.889381e-01
   outer loop
     vertex -3.865950e+01 -2.426945e+01  1.492640e+02
     vertex -3.815354e+01 -2.356418e+01  1.492858e+02
     vertex -3.853399e+01 -2.434440e+01  1.492858e+02
   endloop
 endfacet
 facet normal  3.880900e-01 -1.892398e-01 -9.019836e-01
   outer loop
     vertex -3.865950e+01 -2.426945e+01  1.492640e+02
     vertex -3.877404e+01 -2.420105e+01  1.492003e+02
     vertex -3.841431e+01 -2.346332e+01  1.492003e+02
   endloop
 endfacet
 facet normal  1.204626e-01 -8.654619e-02 -9.889381e-01
   outer loop
     vertex -3.865950e+01 -2.426945e+01  1.492640e+02
     vertex -3.853399e+01 -2.434440e+01  1.492858e+02
     vertex -3.915155e+01 -2.495434e+01  1.492640e+02
   endloop
 endfacet
 facet normal  1.333232e-01 -6.501083e-02 -9.889381e-01
   outer loop
     vertex -3.865950e+01 -2.426945e+01  1.492640e+02
     vertex -3.828988e+01 -2.351145e+01  1.492640e+02
     vertex -3.815354e+01 -2.356418e+01  1.492858e+02
   endloop
 endfacet
 facet normal -5.462169e-01  4.088262e-01 -7.311007e-01
   outer loop
     vertex  1.205000e+01 -2.541111e+01  1.490804e+02
     vertex  1.200510e+01 -2.543512e+01  1.491005e+02
     vertex  1.193180e+01 -2.535448e+01  1.492003e+02
   endloop
 endfacet
 facet normal -5.720099e-01  6.443883e-01 -5.075120e-01
   outer loop
     vertex  1.205000e+01 -2.541111e+01  1.490804e+02
     vertex  1.205557e+01 -2.549063e+01  1.489731e+02
     vertex  1.200510e+01 -2.543512e+01  1.491005e+02
   endloop
 endfacet
 facet normal -2.898260e-01  3.183407e-01 -9.025852e-01
   outer loop
     vertex  1.195654e+01 -2.528504e+01  1.492169e+02
     vertex  1.193180e+01 -2.535448e+01  1.492003e+02
     vertex  1.184206e+01 -2.525576e+01  1.492640e+02
   endloop
 endfacet
 facet normal -6.537788e-02  1.401131e-01 -9.879747e-01
   outer loop
     vertex  1.180484e+01 -2.514554e+01  1.492821e+02
     vertex  1.184206e+01 -2.525576e+01  1.492640e+02
     vertex  1.174373e+01 -2.514759e+01  1.492858e+02
   endloop
 endfacet
 facet normal -5.591625e-02 -1.422158e-01 -9.882551e-01
   outer loop
     vertex  1.180484e+01 -2.514554e+01  1.492821e+02
     vertex  1.174373e+01 -2.514759e+01  1.492858e+02
     vertex  1.176051e+01 -2.500237e+01  1.492640e+02
   endloop
 endfacet
 facet normal -6.362738e-01  6.035183e-01 -4.805428e-01
   outer loop
     vertex  1.211054e+01 -2.541810e+01  1.489914e+02
     vertex  1.205557e+01 -2.549063e+01  1.489731e+02
     vertex  1.205000e+01 -2.541111e+01  1.490804e+02
   endloop
 endfacet
 facet normal -5.206313e-01  4.502163e-01 -7.254297e-01
   outer loop
     vertex  1.205278e+01 -2.529616e+01  1.491497e+02
     vertex  1.205000e+01 -2.541111e+01  1.490804e+02
     vertex  1.193180e+01 -2.535448e+01  1.492003e+02
   endloop
 endfacet
 facet normal -5.038730e-01  3.659771e-01 -7.824147e-01
   outer loop
     vertex  1.205278e+01 -2.529616e+01  1.491497e+02
     vertex  1.193180e+01 -2.535448e+01  1.492003e+02
     vertex  1.195654e+01 -2.528504e+01  1.492169e+02
   endloop
 endfacet
 facet normal -2.320718e-01  8.076286e-02 -9.693400e-01
   outer loop
     vertex  1.192147e+01 -2.515902e+01  1.492530e+02
     vertex  1.184206e+01 -2.525576e+01  1.492640e+02
     vertex  1.180484e+01 -2.514554e+01  1.492821e+02
   endloop
 endfacet
 facet normal -3.368583e-01  1.717091e-01 -9.257659e-01
   outer loop
     vertex  1.192147e+01 -2.515902e+01  1.492530e+02
     vertex  1.195654e+01 -2.528504e+01  1.492169e+02
     vertex  1.184206e+01 -2.525576e+01  1.492640e+02
   endloop
 endfacet
 facet normal -7.031824e-01  6.717834e-01 -2.328981e-01
   outer loop
     vertex  1.214809e+01 -2.542245e+01  1.488904e+02
     vertex  1.207878e+01 -2.551616e+01  1.488294e+02
     vertex  1.205557e+01 -2.549063e+01  1.489731e+02
   endloop
 endfacet
 facet normal -7.667033e-01  6.337835e-01 -1.023938e-01
   outer loop
     vertex  1.214809e+01 -2.542245e+01  1.488904e+02
     vertex  1.216562e+01 -2.540713e+01  1.488540e+02
     vertex  1.207878e+01 -2.551616e+01  1.488294e+02
   endloop
 endfacet
 facet normal -7.238073e-01  6.233215e-01 -2.959279e-01
   outer loop
     vertex  1.214809e+01 -2.542245e+01  1.488904e+02
     vertex  1.205557e+01 -2.549063e+01  1.489731e+02
     vertex  1.211054e+01 -2.541810e+01  1.489914e+02
   endloop
 endfacet
 facet normal -7.211883e-01  4.504456e-01 -5.262948e-01
   outer loop
     vertex  1.213017e+01 -2.530511e+01  1.490612e+02
     vertex  1.211054e+01 -2.541810e+01  1.489914e+02
     vertex  1.205000e+01 -2.541111e+01  1.490804e+02
   endloop
 endfacet
 facet normal -6.714595e-01  3.946179e-01 -6.272310e-01
   outer loop
     vertex  1.213017e+01 -2.530511e+01  1.490612e+02
     vertex  1.205000e+01 -2.541111e+01  1.490804e+02
     vertex  1.205278e+01 -2.529616e+01  1.491497e+02
   endloop
 endfacet
 facet normal -4.534212e-01  1.267828e-01 -8.822332e-01
   outer loop
     vertex  1.202776e+01 -2.517131e+01  1.491966e+02
     vertex  1.195654e+01 -2.528504e+01  1.492169e+02
     vertex  1.192147e+01 -2.515902e+01  1.492530e+02
   endloop
 endfacet
 facet normal -5.458244e-01  1.967069e-01 -8.144828e-01
   outer loop
     vertex  1.202776e+01 -2.517131e+01  1.491966e+02
     vertex  1.205278e+01 -2.529616e+01  1.491497e+02
     vertex  1.195654e+01 -2.528504e+01  1.492169e+02
   endloop
 endfacet
 facet normal -1.236510e-01 -1.620192e-01 -9.790098e-01
   outer loop
     vertex  1.187382e+01 -2.503209e+01  1.492546e+02
     vertex  1.180484e+01 -2.514554e+01  1.492821e+02
     vertex  1.176051e+01 -2.500237e+01  1.492640e+02
   endloop
 endfacet
 facet normal -2.497542e-01 -8.191267e-02 -9.648384e-01
   outer loop
     vertex  1.187382e+01 -2.503209e+01  1.492546e+02
     vertex  1.192147e+01 -2.515902e+01  1.492530e+02
     vertex  1.180484e+01 -2.514554e+01  1.492821e+02
   endloop
 endfacet
 facet normal -8.944630e-01  3.959927e-01 -2.076672e-01
   outer loop
     vertex  1.218418e+01 -2.531135e+01  1.489566e+02
     vertex  1.221866e+01 -2.527732e+01  1.488730e+02
     vertex  1.216562e+01 -2.540713e+01  1.488540e+02
   endloop
 endfacet
 facet normal -8.244135e-01  4.623773e-01 -3.264194e-01
   outer loop
     vertex  1.218418e+01 -2.531135e+01  1.489566e+02
     vertex  1.214809e+01 -2.542245e+01  1.488904e+02
     vertex  1.211054e+01 -2.541810e+01  1.489914e+02
   endloop
 endfacet
 facet normal -8.720891e-01  4.264063e-01 -2.400799e-01
   outer loop
     vertex  1.218418e+01 -2.531135e+01  1.489566e+02
     vertex  1.216562e+01 -2.540713e+01  1.488540e+02
     vertex  1.214809e+01 -2.542245e+01  1.488904e+02
   endloop
 endfacet
 facet normal -8.003873e-01  4.095206e-01 -4.378049e-01
   outer loop
     vertex  1.218418e+01 -2.531135e+01  1.489566e+02
     vertex  1.211054e+01 -2.541810e+01  1.489914e+02
     vertex  1.213017e+01 -2.530511e+01  1.490612e+02
   endloop
 endfacet
 facet normal -7.237131e-01  2.172690e-01 -6.550065e-01
   outer loop
     vertex  1.211748e+01 -2.518168e+01  1.491162e+02
     vertex  1.213017e+01 -2.530511e+01  1.490612e+02
     vertex  1.205278e+01 -2.529616e+01  1.491497e+02
   endloop
 endfacet
 facet normal -6.503749e-01  1.495485e-01 -7.447467e-01
   outer loop
     vertex  1.211748e+01 -2.518168e+01  1.491162e+02
     vertex  1.205278e+01 -2.529616e+01  1.491497e+02
     vertex  1.202776e+01 -2.517131e+01  1.491966e+02
   endloop
 endfacet
 facet normal -4.729934e-01 -5.610860e-02 -8.792776e-01
   outer loop
     vertex  1.198228e+01 -2.504463e+01  1.492130e+02
     vertex  1.202776e+01 -2.517131e+01  1.491966e+02
     vertex  1.192147e+01 -2.515902e+01  1.492530e+02
   endloop
 endfacet
 facet normal -3.677379e-01 -1.267403e-01 -9.212523e-01
   outer loop
     vertex  1.198228e+01 -2.504463e+01  1.492130e+02
     vertex  1.192147e+01 -2.515902e+01  1.492530e+02
     vertex  1.187382e+01 -2.503209e+01  1.492546e+02
   endloop
 endfacet
 facet normal -1.846520e-02 -4.310329e-01 -9.021473e-01
   outer loop
     vertex  1.182412e+01 -2.491267e+01  1.492198e+02
     vertex  1.176051e+01 -2.500237e+01  1.492640e+02
     vertex  1.177583e+01 -2.486984e+01  1.492003e+02
   endloop
 endfacet
 facet normal -1.655857e-01 -3.385766e-01 -9.262544e-01
   outer loop
     vertex  1.182412e+01 -2.491267e+01  1.492198e+02
     vertex  1.187382e+01 -2.503209e+01  1.492546e+02
     vertex  1.176051e+01 -2.500237e+01  1.492640e+02
   endloop
 endfacet
 facet normal -9.463377e-01  1.268116e-01 -2.972604e-01
   outer loop
     vertex  1.218539e+01 -2.518953e+01  1.490164e+02
     vertex  1.223365e+01 -2.513710e+01  1.488851e+02
     vertex  1.221866e+01 -2.527732e+01  1.488730e+02
   endloop
 endfacet
 facet normal -9.336571e-01  1.651759e-01 -3.178072e-01
   outer loop
     vertex  1.218539e+01 -2.518953e+01  1.490164e+02
     vertex  1.221866e+01 -2.527732e+01  1.488730e+02
     vertex  1.218418e+01 -2.531135e+01  1.489566e+02
   endloop
 endfacet
 facet normal -8.583501e-01  2.328316e-01 -4.571920e-01
   outer loop
     vertex  1.218539e+01 -2.518953e+01  1.490164e+02
     vertex  1.218418e+01 -2.531135e+01  1.489566e+02
     vertex  1.213017e+01 -2.530511e+01  1.490612e+02
   endloop
 endfacet
 facet normal -8.087650e-01  1.678567e-01 -5.636695e-01
   outer loop
     vertex  1.218539e+01 -2.518953e+01  1.490164e+02
     vertex  1.213017e+01 -2.530511e+01  1.490612e+02
     vertex  1.211748e+01 -2.518168e+01  1.491162e+02
   endloop
 endfacet
 facet normal -6.692873e-01 -3.341910e-02 -7.422517e-01
   outer loop
     vertex  1.207764e+01 -2.505565e+01  1.491464e+02
     vertex  1.211748e+01 -2.518168e+01  1.491162e+02
     vertex  1.202776e+01 -2.517131e+01  1.491966e+02
   endloop
 endfacet
 facet normal -5.773212e-01 -1.025147e-01 -8.100562e-01
   outer loop
     vertex  1.207764e+01 -2.505565e+01  1.491464e+02
     vertex  1.202776e+01 -2.517131e+01  1.491966e+02
     vertex  1.198228e+01 -2.504463e+01  1.492130e+02
   endloop
 endfacet
 facet normal -3.713023e-01 -3.090527e-01 -8.755690e-01
   outer loop
     vertex  1.192612e+01 -2.492446e+01  1.491944e+02
     vertex  1.198228e+01 -2.504463e+01  1.492130e+02
     vertex  1.187382e+01 -2.503209e+01  1.492546e+02
   endloop
 endfacet
 facet normal -2.645510e-01 -3.694415e-01 -8.908006e-01
   outer loop
     vertex  1.192612e+01 -2.492446e+01  1.491944e+02
     vertex  1.187382e+01 -2.503209e+01  1.492546e+02
     vertex  1.182412e+01 -2.491267e+01  1.492198e+02
   endloop
 endfacet
 facet normal -8.271468e-01 -1.517222e-02 -5.617811e-01
   outer loop
     vertex  1.215434e+01 -2.506452e+01  1.490588e+02
     vertex  1.218539e+01 -2.518953e+01  1.490164e+02
     vertex  1.211748e+01 -2.518168e+01  1.491162e+02
   endloop
 endfacet
 facet normal -7.542431e-01 -8.206441e-02 -6.514467e-01
   outer loop
     vertex  1.215434e+01 -2.506452e+01  1.490588e+02
     vertex  1.211748e+01 -2.518168e+01  1.491162e+02
     vertex  1.207764e+01 -2.505565e+01  1.491464e+02
   endloop
 endfacet
 facet normal -5.704927e-01 -2.860284e-01 -7.698869e-01
   outer loop
     vertex  1.201907e+01 -2.493521e+01  1.491451e+02
     vertex  1.207764e+01 -2.505565e+01  1.491464e+02
     vertex  1.198228e+01 -2.504463e+01  1.492130e+02
   endloop
 endfacet
 facet normal -4.706596e-01 -3.456175e-01 -8.118054e-01
   outer loop
     vertex  1.201907e+01 -2.493521e+01  1.491451e+02
     vertex  1.198228e+01 -2.504463e+01  1.492130e+02
     vertex  1.192612e+01 -2.492446e+01  1.491944e+02
   endloop
 endfacet
 facet normal -1.048740e-01 -6.677087e-01 -7.369983e-01
   outer loop
     vertex  1.187011e+01 -2.481881e+01  1.491407e+02
     vertex  1.177583e+01 -2.486984e+01  1.492003e+02
     vertex  1.178834e+01 -2.476159e+01  1.491005e+02
   endloop
 endfacet
 facet normal -2.614445e-01 -5.440284e-01 -7.972953e-01
   outer loop
     vertex  1.187011e+01 -2.481881e+01  1.491407e+02
     vertex  1.192612e+01 -2.492446e+01  1.491944e+02
     vertex  1.182412e+01 -2.491267e+01  1.492198e+02
   endloop
 endfacet
 facet normal -1.907559e-01 -5.763890e-01 -7.945992e-01
   outer loop
     vertex  1.187011e+01 -2.481881e+01  1.491407e+02
     vertex  1.182412e+01 -2.491267e+01  1.492198e+02
     vertex  1.177583e+01 -2.486984e+01  1.492003e+02
   endloop
 endfacet
 facet normal -9.658728e-01 -1.621679e-01 -2.019688e-01
   outer loop
     vertex  1.220787e+01 -2.507070e+01  1.489551e+02
     vertex  1.220938e+01 -2.499773e+01  1.488893e+02
     vertex  1.223365e+01 -2.513710e+01  1.488851e+02
   endloop
 endfacet
 facet normal -9.385091e-01 -5.749181e-04 -3.452540e-01
   outer loop
     vertex  1.220787e+01 -2.507070e+01  1.489551e+02
     vertex  1.223365e+01 -2.513710e+01  1.488851e+02
     vertex  1.218539e+01 -2.518953e+01  1.490164e+02
   endloop
 endfacet
 facet normal -8.881484e-01 -6.658638e-02 -4.547073e-01
   outer loop
     vertex  1.220787e+01 -2.507070e+01  1.489551e+02
     vertex  1.218539e+01 -2.518953e+01  1.490164e+02
     vertex  1.215434e+01 -2.506452e+01  1.490588e+02
   endloop
 endfacet
 facet normal -7.386414e-01 -2.665922e-01 -6.191426e-01
   outer loop
     vertex  1.209754e+01 -2.494428e+01  1.490747e+02
     vertex  1.215434e+01 -2.506452e+01  1.490588e+02
     vertex  1.207764e+01 -2.505565e+01  1.491464e+02
   endloop
 endfacet
 facet normal -6.518908e-01 -3.246691e-01 -6.852944e-01
   outer loop
     vertex  1.209754e+01 -2.494428e+01  1.490747e+02
     vertex  1.207764e+01 -2.505565e+01  1.491464e+02
     vertex  1.201907e+01 -2.493521e+01  1.491451e+02
   endloop
 endfacet
 facet normal -4.459184e-01 -5.227052e-01 -7.265920e-01
   outer loop
     vertex  1.195221e+01 -2.482830e+01  1.491092e+02
     vertex  1.201907e+01 -2.493521e+01  1.491451e+02
     vertex  1.192612e+01 -2.492446e+01  1.491944e+02
   endloop
 endfacet
 facet normal -3.513288e-01 -5.656339e-01 -7.460740e-01
   outer loop
     vertex  1.195221e+01 -2.482830e+01  1.491092e+02
     vertex  1.192612e+01 -2.492446e+01  1.491944e+02
     vertex  1.187011e+01 -2.481881e+01  1.491407e+02
   endloop
 endfacet
 facet normal  2.176025e-02 -8.635326e-01 -5.038234e-01
   outer loop
     vertex  1.182459e+01 -2.473475e+01  1.490561e+02
     vertex  1.178834e+01 -2.476159e+01  1.491005e+02
     vertex  1.179696e+01 -2.468707e+01  1.489731e+02
   endloop
 endfacet
 facet normal -2.151247e-01 -7.483082e-01 -6.275000e-01
   outer loop
     vertex  1.182459e+01 -2.473475e+01  1.490561e+02
     vertex  1.187011e+01 -2.481881e+01  1.491407e+02
     vertex  1.178834e+01 -2.476159e+01  1.491005e+02
   endloop
 endfacet
 facet normal -8.660146e-01 -4.271495e-01 -2.599271e-01
   outer loop
     vertex  1.215693e+01 -2.495114e+01  1.489875e+02
     vertex  1.214780e+01 -2.487036e+01  1.488851e+02
     vertex  1.220938e+01 -2.499773e+01  1.488893e+02
   endloop
 endfacet
 facet normal -7.976368e-01 -3.078224e-01 -5.186723e-01
   outer loop
     vertex  1.215693e+01 -2.495114e+01  1.489875e+02
     vertex  1.215434e+01 -2.506452e+01  1.490588e+02
     vertex  1.209754e+01 -2.494428e+01  1.490747e+02
   endloop
 endfacet
 facet normal -8.946476e-01 -2.888705e-01 -3.408218e-01
   outer loop
     vertex  1.215693e+01 -2.495114e+01  1.489875e+02
     vertex  1.220938e+01 -2.499773e+01  1.488893e+02
     vertex  1.220787e+01 -2.507070e+01  1.489551e+02
   endloop
 endfacet
 facet normal -8.659065e-01 -2.518817e-01 -4.321591e-01
   outer loop
     vertex  1.215693e+01 -2.495114e+01  1.489875e+02
     vertex  1.220787e+01 -2.507070e+01  1.489551e+02
     vertex  1.215434e+01 -2.506452e+01  1.490588e+02
   endloop
 endfacet
 facet normal -5.210593e-01 -5.460148e-01 -6.560221e-01
   outer loop
     vertex  1.202441e+01 -2.483665e+01  1.490588e+02
     vertex  1.201907e+01 -2.493521e+01  1.491451e+02
     vertex  1.195221e+01 -2.482830e+01  1.491092e+02
   endloop
 endfacet
 facet normal -6.081262e-01 -5.039557e-01 -6.133606e-01
   outer loop
     vertex  1.202441e+01 -2.483665e+01  1.490588e+02
     vertex  1.209754e+01 -2.494428e+01  1.490747e+02
     vertex  1.201907e+01 -2.493521e+01  1.491451e+02
   endloop
 endfacet
 facet normal -2.401306e-01 -7.502603e-01 -6.159926e-01
   outer loop
     vertex  1.188810e+01 -2.474209e+01  1.490402e+02
     vertex  1.187011e+01 -2.481881e+01  1.491407e+02
     vertex  1.182459e+01 -2.473475e+01  1.490561e+02
   endloop
 endfacet
 facet normal -3.179145e-01 -7.251787e-01 -6.107750e-01
   outer loop
     vertex  1.188810e+01 -2.474209e+01  1.490402e+02
     vertex  1.195221e+01 -2.482830e+01  1.491092e+02
     vertex  1.187011e+01 -2.481881e+01  1.491407e+02
   endloop
 endfacet
 facet normal -7.385735e-01 -4.888774e-01 -4.642285e-01
   outer loop
     vertex  1.208247e+01 -2.484336e+01  1.489924e+02
     vertex  1.215693e+01 -2.495114e+01  1.489875e+02
     vertex  1.209754e+01 -2.494428e+01  1.490747e+02
   endloop
 endfacet
 facet normal -6.643392e-01 -5.294532e-01 -5.275725e-01
   outer loop
     vertex  1.208247e+01 -2.484336e+01  1.489924e+02
     vertex  1.209754e+01 -2.494428e+01  1.490747e+02
     vertex  1.202441e+01 -2.483665e+01  1.490588e+02
   endloop
 endfacet
 facet normal -3.826557e-01 -7.337859e-01 -5.613670e-01
   outer loop
     vertex  1.194598e+01 -2.474878e+01  1.490095e+02
     vertex  1.195221e+01 -2.482830e+01  1.491092e+02
     vertex  1.188810e+01 -2.474209e+01  1.490402e+02
   endloop
 endfacet
 facet normal -4.568648e-01 -7.091176e-01 -5.370539e-01
   outer loop
     vertex  1.194598e+01 -2.474878e+01  1.490095e+02
     vertex  1.202441e+01 -2.483665e+01  1.490588e+02
     vertex  1.195221e+01 -2.482830e+01  1.491092e+02
   endloop
 endfacet
 facet normal -5.860534e-02 -9.706818e-01 -2.331143e-01
   outer loop
     vertex  1.183683e+01 -2.468243e+01  1.489438e+02
     vertex  1.179696e+01 -2.468707e+01  1.489731e+02
     vertex  1.180092e+01 -2.465279e+01  1.488294e+02
   endloop
 endfacet
 facet normal -2.089501e-01 -8.774547e-01 -4.317558e-01
   outer loop
     vertex  1.183683e+01 -2.468243e+01  1.489438e+02
     vertex  1.188810e+01 -2.474209e+01  1.490402e+02
     vertex  1.182459e+01 -2.473475e+01  1.490561e+02
   endloop
 endfacet
 facet normal -2.157405e-01 -8.758204e-01 -4.317344e-01
   outer loop
     vertex  1.183683e+01 -2.468243e+01  1.489438e+02
     vertex  1.182459e+01 -2.473475e+01  1.490561e+02
     vertex  1.179696e+01 -2.468707e+01  1.489731e+02
   endloop
 endfacet
 facet normal -7.727820e-01 -5.169184e-01 -3.682436e-01
   outer loop
     vertex  1.212300e+01 -2.484804e+01  1.489140e+02
     vertex  1.215693e+01 -2.495114e+01  1.489875e+02
     vertex  1.208247e+01 -2.484336e+01  1.489924e+02
   endloop
 endfacet
 facet normal -7.343266e-01 -6.692030e-01 -1.137179e-01
   outer loop
     vertex  1.212300e+01 -2.484804e+01  1.489140e+02
     vertex  1.205385e+01 -2.476521e+01  1.488730e+02
     vertex  1.214780e+01 -2.487036e+01  1.488851e+02
   endloop
 endfacet
 facet normal -8.107949e-01 -4.924527e-01 -3.163890e-01
   outer loop
     vertex  1.212300e+01 -2.484804e+01  1.489140e+02
     vertex  1.214780e+01 -2.487036e+01  1.488851e+02
     vertex  1.215693e+01 -2.495114e+01  1.489875e+02
   endloop
 endfacet
 facet normal -5.741611e-01 -6.955594e-01 -4.318984e-01
   outer loop
     vertex  1.199484e+01 -2.475443e+01  1.489657e+02
     vertex  1.208247e+01 -2.484336e+01  1.489924e+02
     vertex  1.202441e+01 -2.483665e+01  1.490588e+02
   endloop
 endfacet
 facet normal -5.079778e-01 -7.193000e-01 -4.738841e-01
   outer loop
     vertex  1.199484e+01 -2.475443e+01  1.489657e+02
     vertex  1.202441e+01 -2.483665e+01  1.490588e+02
     vertex  1.194598e+01 -2.474878e+01  1.490095e+02
   endloop
 endfacet
 facet normal -3.088474e-01 -8.659077e-01 -3.934682e-01
   outer loop
     vertex  1.187338e+01 -2.468665e+01  1.489298e+02
     vertex  1.194598e+01 -2.474878e+01  1.490095e+02
     vertex  1.188810e+01 -2.474209e+01  1.490402e+02
   endloop
 endfacet
 facet normal -2.569666e-01 -8.770202e-01 -4.059604e-01
   outer loop
     vertex  1.187338e+01 -2.468665e+01  1.489298e+02
     vertex  1.188810e+01 -2.474209e+01  1.490402e+02
     vertex  1.183683e+01 -2.468243e+01  1.489438e+02
   endloop
 endfacet
 facet normal -1.848885e-01 -9.638807e-01 -1.917034e-01
   outer loop
     vertex  1.187338e+01 -2.468665e+01  1.489298e+02
     vertex  1.183683e+01 -2.468243e+01  1.489438e+02
     vertex  1.180092e+01 -2.465279e+01  1.488294e+02
   endloop
 endfacet
 facet normal -5.083123e-01 -8.483485e-01 -1.480654e-01
   outer loop
     vertex  1.203182e+01 -2.475871e+01  1.489114e+02
     vertex  1.193505e+01 -2.469070e+01  1.488540e+02
     vertex  1.205385e+01 -2.476521e+01  1.488730e+02
   endloop
 endfacet
 facet normal -6.629381e-01 -6.852977e-01 -3.014634e-01
   outer loop
     vertex  1.203182e+01 -2.475871e+01  1.489114e+02
     vertex  1.212300e+01 -2.484804e+01  1.489140e+02
     vertex  1.208247e+01 -2.484336e+01  1.489924e+02
   endloop
 endfacet
 facet normal -6.704388e-01 -6.919784e-01 -2.677268e-01
   outer loop
     vertex  1.203182e+01 -2.475871e+01  1.489114e+02
     vertex  1.205385e+01 -2.476521e+01  1.488730e+02
     vertex  1.212300e+01 -2.484804e+01  1.489140e+02
   endloop
 endfacet
 facet normal -6.087618e-01 -7.076504e-01 -3.586642e-01
   outer loop
     vertex  1.203182e+01 -2.475871e+01  1.489114e+02
     vertex  1.208247e+01 -2.484336e+01  1.489924e+02
     vertex  1.199484e+01 -2.475443e+01  1.489657e+02
   endloop
 endfacet
 facet normal -2.473647e-01 -9.600405e-01 -1.308928e-01
   outer loop
     vertex  1.190552e+01 -2.469037e+01  1.489073e+02
     vertex  1.180092e+01 -2.465279e+01  1.488294e+02
     vertex  1.193505e+01 -2.469070e+01  1.488540e+02
   endloop
 endfacet
 facet normal -3.966871e-01 -8.557543e-01 -3.321504e-01
   outer loop
     vertex  1.190552e+01 -2.469037e+01  1.489073e+02
     vertex  1.199484e+01 -2.475443e+01  1.489657e+02
     vertex  1.194598e+01 -2.474878e+01  1.490095e+02
   endloop
 endfacet
 facet normal -3.493218e-01 -8.663449e-01 -3.569606e-01
   outer loop
     vertex  1.190552e+01 -2.469037e+01  1.489073e+02
     vertex  1.194598e+01 -2.474878e+01  1.490095e+02
     vertex  1.187338e+01 -2.468665e+01  1.489298e+02
   endloop
 endfacet
 facet normal -2.243229e-01 -9.609156e-01 -1.622360e-01
   outer loop
     vertex  1.190552e+01 -2.469037e+01  1.489073e+02
     vertex  1.187338e+01 -2.468665e+01  1.489298e+02
     vertex  1.180092e+01 -2.465279e+01  1.488294e+02
   endloop
 endfacet
 facet normal -4.272845e-01 -8.573332e-01 -2.870675e-01
   outer loop
     vertex  1.193137e+01 -2.469336e+01  1.488778e+02
     vertex  1.199484e+01 -2.475443e+01  1.489657e+02
     vertex  1.190552e+01 -2.469037e+01  1.489073e+02
   endloop
 endfacet
 facet normal -4.673276e-01 -8.475890e-01 -2.513916e-01
   outer loop
     vertex  1.193137e+01 -2.469336e+01  1.488778e+02
     vertex  1.203182e+01 -2.475871e+01  1.489114e+02
     vertex  1.199484e+01 -2.475443e+01  1.489657e+02
   endloop
 endfacet
 facet normal -4.962893e-01 -8.510464e-01 -1.715138e-01
   outer loop
     vertex  1.193137e+01 -2.469336e+01  1.488778e+02
     vertex  1.193505e+01 -2.469070e+01  1.488540e+02
     vertex  1.203182e+01 -2.475871e+01  1.489114e+02
   endloop
 endfacet
 facet normal -2.799389e-01 -9.483882e-01 -1.489764e-01
   outer loop
     vertex  1.193137e+01 -2.469336e+01  1.488778e+02
     vertex  1.190552e+01 -2.469037e+01  1.489073e+02
     vertex  1.193505e+01 -2.469070e+01  1.488540e+02
   endloop
 endfacet
 facet normal  4.902345e-01  8.698343e-01 -5.530362e-02
   outer loop
     vertex -3.931456e+01 -2.545669e+01  1.488805e+02
     vertex -3.922129e+01 -2.551128e+01  1.488486e+02
     vertex -3.933281e+01 -2.544747e+01  1.488636e+02
   endloop
 endfacet
 facet normal  4.741476e-01  8.736864e-01 -1.088855e-01
   outer loop
     vertex -3.931456e+01 -2.545669e+01  1.488805e+02
     vertex -3.922275e+01 -2.550927e+01  1.488584e+02
     vertex -3.922129e+01 -2.551128e+01  1.488486e+02
   endloop
 endfacet
 facet normal  2.393515e-01  9.645491e-01 -1.111573e-01
   outer loop
     vertex -3.920250e+01 -2.551161e+01  1.488862e+02
     vertex -3.909766e+01 -2.554417e+01  1.488294e+02
     vertex -3.922129e+01 -2.551128e+01  1.488486e+02
   endloop
 endfacet
 facet normal  3.103078e-01  9.392330e-01 -1.468004e-01
   outer loop
     vertex -3.920250e+01 -2.551161e+01  1.488862e+02
     vertex -3.922129e+01 -2.551128e+01  1.488486e+02
     vertex -3.922275e+01 -2.550927e+01  1.488584e+02
   endloop
 endfacet
 facet normal  6.813938e-01  6.580414e-01  3.204435e-01
   outer loop
     vertex -3.939935e+01 -2.538527e+01  1.488773e+02
     vertex -3.933281e+01 -2.544747e+01  1.488636e+02
     vertex -3.942477e+01 -2.535702e+01  1.488734e+02
   endloop
 endfacet
 facet normal  4.188216e-01  8.782236e-01 -2.308934e-01
   outer loop
     vertex -3.928655e+01 -2.545992e+01  1.489304e+02
     vertex -3.920250e+01 -2.551161e+01  1.488862e+02
     vertex -3.922275e+01 -2.550927e+01  1.488584e+02
   endloop
 endfacet
 facet normal  4.510808e-01  8.704743e-01 -1.969787e-01
   outer loop
     vertex -3.928655e+01 -2.545992e+01  1.489304e+02
     vertex -3.922275e+01 -2.550927e+01  1.488584e+02
     vertex -3.931456e+01 -2.545669e+01  1.488805e+02
   endloop
 endfacet
 facet normal  2.266189e-01  9.646257e-01 -1.346892e-01
   outer loop
     vertex -3.917637e+01 -2.551463e+01  1.489086e+02
     vertex -3.909766e+01 -2.554417e+01  1.488294e+02
     vertex -3.920250e+01 -2.551161e+01  1.488862e+02
   endloop
 endfacet
 facet normal  7.334437e-01  6.211947e-01 -2.760026e-01
   outer loop
     vertex -3.936956e+01 -2.538872e+01  1.489487e+02
     vertex -3.939935e+01 -2.538527e+01  1.488773e+02
     vertex -3.942477e+01 -2.535702e+01  1.488734e+02
   endloop
 endfacet
 facet normal  5.881363e-01  7.582648e-01 -2.813010e-01
   outer loop
     vertex -3.936956e+01 -2.538872e+01  1.489487e+02
     vertex -3.928655e+01 -2.545992e+01  1.489304e+02
     vertex -3.931456e+01 -2.545669e+01  1.488805e+02
   endloop
 endfacet
 facet normal  6.385541e-01  7.340974e-01 -2.309756e-01
   outer loop
     vertex -3.936956e+01 -2.538872e+01  1.489487e+02
     vertex -3.933281e+01 -2.544747e+01  1.488636e+02
     vertex -3.939935e+01 -2.538527e+01  1.488773e+02
   endloop
 endfacet
 facet normal  6.123947e-01  7.491042e-01 -2.526176e-01
   outer loop
     vertex -3.936956e+01 -2.538872e+01  1.489487e+02
     vertex -3.931456e+01 -2.545669e+01  1.488805e+02
     vertex -3.933281e+01 -2.544747e+01  1.488636e+02
   endloop
 endfacet
 facet normal  3.961092e-01  8.768284e-01 -2.725242e-01
   outer loop
     vertex -3.924780e+01 -2.546440e+01  1.489723e+02
     vertex -3.920250e+01 -2.551161e+01  1.488862e+02
     vertex -3.928655e+01 -2.545992e+01  1.489304e+02
   endloop
 endfacet
 facet normal  3.569136e-01  8.853795e-01 -2.978520e-01
   outer loop
     vertex -3.924780e+01 -2.546440e+01  1.489723e+02
     vertex -3.917637e+01 -2.551463e+01  1.489086e+02
     vertex -3.920250e+01 -2.551161e+01  1.488862e+02
   endloop
 endfacet
 facet normal  1.962380e-01  9.664739e-01 -1.655862e-01
   outer loop
     vertex -3.914580e+01 -2.551816e+01  1.489242e+02
     vertex -3.909766e+01 -2.554417e+01  1.488294e+02
     vertex -3.917637e+01 -2.551463e+01  1.489086e+02
   endloop
 endfacet
 facet normal  8.408043e-01  5.080951e-01 -1.867819e-01
   outer loop
     vertex -3.944303e+01 -2.530172e+01  1.489416e+02
     vertex -3.942477e+01 -2.535702e+01  1.488734e+02
     vertex -3.949100e+01 -2.524597e+01  1.488773e+02
   endloop
 endfacet
 facet normal  7.427295e-01  6.033949e-01 -2.902887e-01
   outer loop
     vertex -3.944303e+01 -2.530172e+01  1.489416e+02
     vertex -3.936956e+01 -2.538872e+01  1.489487e+02
     vertex -3.942477e+01 -2.535702e+01  1.488734e+02
   endloop
 endfacet
 facet normal  5.647771e-01  7.482657e-01 -3.480306e-01
   outer loop
     vertex -3.932409e+01 -2.539397e+01  1.490112e+02
     vertex -3.928655e+01 -2.545992e+01  1.489304e+02
     vertex -3.936956e+01 -2.538872e+01  1.489487e+02
   endloop
 endfacet
 facet normal  5.096325e-01  7.673390e-01 -3.891858e-01
   outer loop
     vertex -3.932409e+01 -2.539397e+01  1.490112e+02
     vertex -3.924780e+01 -2.546440e+01  1.489723e+02
     vertex -3.928655e+01 -2.545992e+01  1.489304e+02
   endloop
 endfacet
 facet normal  3.251959e-01  8.850252e-01 -3.331335e-01
   outer loop
     vertex -3.920043e+01 -2.546988e+01  1.490040e+02
     vertex -3.917637e+01 -2.551463e+01  1.489086e+02
     vertex -3.924780e+01 -2.546440e+01  1.489723e+02
   endloop
 endfacet
 facet normal  2.812372e-01  8.941269e-01 -3.484864e-01
   outer loop
     vertex -3.920043e+01 -2.546988e+01  1.490040e+02
     vertex -3.914580e+01 -2.551816e+01  1.489242e+02
     vertex -3.917637e+01 -2.551463e+01  1.489086e+02
   endloop
 endfacet
 facet normal -1.289603e-01  9.653934e-01 -2.266824e-01
   outer loop
     vertex -3.911247e+01 -2.552201e+01  1.489322e+02
     vertex -3.909370e+01 -2.550989e+01  1.489731e+02
     vertex -3.909766e+01 -2.554417e+01  1.488294e+02
   endloop
 endfacet
 facet normal  1.569727e-01  9.698419e-01 -1.864571e-01
   outer loop
     vertex -3.911247e+01 -2.552201e+01  1.489322e+02
     vertex -3.909766e+01 -2.554417e+01  1.488294e+02
     vertex -3.914580e+01 -2.551816e+01  1.489242e+02
   endloop
 endfacet
 facet normal  9.545888e-01  2.752541e-01 -1.139972e-01
   outer loop
     vertex -3.949916e+01 -2.520336e+01  1.489119e+02
     vertex -3.949100e+01 -2.524597e+01  1.488773e+02
     vertex -3.952708e+01 -2.512177e+01  1.488751e+02
   endloop
 endfacet
 facet normal  7.246799e-01  5.816299e-01 -3.695211e-01
   outer loop
     vertex -3.939696e+01 -2.530705e+01  1.490236e+02
     vertex -3.936956e+01 -2.538872e+01  1.489487e+02
     vertex -3.944303e+01 -2.530172e+01  1.489416e+02
   endloop
 endfacet
 facet normal  6.612004e-01  6.151743e-01 -4.293886e-01
   outer loop
     vertex -3.939696e+01 -2.530705e+01  1.490236e+02
     vertex -3.932409e+01 -2.539397e+01  1.490112e+02
     vertex -3.936956e+01 -2.538872e+01  1.489487e+02
   endloop
 endfacet
 facet normal  4.714618e-01  7.590519e-01 -4.489587e-01
   outer loop
     vertex -3.926544e+01 -2.540075e+01  1.490614e+02
     vertex -3.924780e+01 -2.546440e+01  1.489723e+02
     vertex -3.932409e+01 -2.539397e+01  1.490112e+02
   endloop
 endfacet
 facet normal  4.083628e-01  7.790447e-01 -4.757407e-01
   outer loop
     vertex -3.926544e+01 -2.540075e+01  1.490614e+02
     vertex -3.920043e+01 -2.546988e+01  1.490040e+02
     vertex -3.924780e+01 -2.546440e+01  1.489723e+02
   endloop
 endfacet
 facet normal  6.434230e-02  8.594046e-01 -5.072316e-01
   outer loop
     vertex -3.914703e+01 -2.547605e+01  1.490237e+02
     vertex -3.908509e+01 -2.543537e+01  1.491005e+02
     vertex -3.909370e+01 -2.550989e+01  1.489731e+02
   endloop
 endfacet
 facet normal  2.422275e-01  8.946155e-01 -3.754849e-01
   outer loop
     vertex -3.914703e+01 -2.547605e+01  1.490237e+02
     vertex -3.914580e+01 -2.551816e+01  1.489242e+02
     vertex -3.920043e+01 -2.546988e+01  1.490040e+02
   endloop
 endfacet
 facet normal  2.225381e-01  9.023348e-01 -3.691459e-01
   outer loop
     vertex -3.914703e+01 -2.547605e+01  1.490237e+02
     vertex -3.909370e+01 -2.550989e+01  1.489731e+02
     vertex -3.911247e+01 -2.552201e+01  1.489322e+02
   endloop
 endfacet
 facet normal  1.959400e-01  9.039863e-01 -3.800213e-01
   outer loop
     vertex -3.914703e+01 -2.547605e+01  1.490237e+02
     vertex -3.911247e+01 -2.552201e+01  1.489322e+02
     vertex -3.914580e+01 -2.551816e+01  1.489242e+02
   endloop
 endfacet
 facet normal  8.687739e-01  3.762329e-01 -3.219948e-01
   outer loop
     vertex -3.945812e+01 -2.520810e+01  1.490103e+02
     vertex -3.944303e+01 -2.530172e+01  1.489416e+02
     vertex -3.949100e+01 -2.524597e+01  1.488773e+02
   endloop
 endfacet
 facet normal  8.408881e-01  4.288869e-01 -3.300957e-01
   outer loop
     vertex -3.945812e+01 -2.520810e+01  1.490103e+02
     vertex -3.949100e+01 -2.524597e+01  1.488773e+02
     vertex -3.949916e+01 -2.520336e+01  1.489119e+02
   endloop
 endfacet
 facet normal  7.963584e-01  4.359151e-01 -4.192748e-01
   outer loop
     vertex -3.945812e+01 -2.520810e+01  1.490103e+02
     vertex -3.939696e+01 -2.530705e+01  1.490236e+02
     vertex -3.944303e+01 -2.530172e+01  1.489416e+02
   endloop
 endfacet
 facet normal  6.215561e-01  5.935499e-01 -5.112402e-01
   outer loop
     vertex -3.933322e+01 -2.531442e+01  1.490925e+02
     vertex -3.932409e+01 -2.539397e+01  1.490112e+02
     vertex -3.939696e+01 -2.530705e+01  1.490236e+02
   endloop
 endfacet
 facet normal  5.460711e-01  6.284821e-01 -5.539103e-01
   outer loop
     vertex -3.933322e+01 -2.531442e+01  1.490925e+02
     vertex -3.926544e+01 -2.540075e+01  1.490614e+02
     vertex -3.932409e+01 -2.539397e+01  1.490112e+02
   endloop
 endfacet
 facet normal  3.573932e-01  7.722371e-01 -5.252809e-01
   outer loop
     vertex -3.919682e+01 -2.540868e+01  1.490964e+02
     vertex -3.920043e+01 -2.546988e+01  1.490040e+02
     vertex -3.926544e+01 -2.540075e+01  1.490614e+02
   endloop
 endfacet
 facet normal  2.898774e-01  7.927403e-01 -5.362218e-01
   outer loop
     vertex -3.919682e+01 -2.540868e+01  1.490964e+02
     vertex -3.914703e+01 -2.547605e+01  1.490237e+02
     vertex -3.920043e+01 -2.546988e+01  1.490040e+02
   endloop
 endfacet
 facet normal  9.653178e-01  9.705189e-03 -2.608971e-01
   outer loop
     vertex -3.950025e+01 -2.510210e+01  1.489751e+02
     vertex -3.952708e+01 -2.512177e+01  1.488751e+02
     vertex -3.953058e+01 -2.499272e+01  1.488669e+02
   endloop
 endfacet
 facet normal  9.540524e-01 -3.021732e-02 -2.981124e-01
   outer loop
     vertex -3.950025e+01 -2.510210e+01  1.489751e+02
     vertex -3.953058e+01 -2.499272e+01  1.488669e+02
     vertex -3.948890e+01 -2.499753e+01  1.490008e+02
   endloop
 endfacet
 facet normal  9.380987e-01  1.906310e-01 -2.891898e-01
   outer loop
     vertex -3.950025e+01 -2.510210e+01  1.489751e+02
     vertex -3.949916e+01 -2.520336e+01  1.489119e+02
     vertex -3.952708e+01 -2.512177e+01  1.488751e+02
   endloop
 endfacet
 facet normal  9.006159e-01  2.370777e-01 -3.642597e-01
   outer loop
     vertex -3.950025e+01 -2.510210e+01  1.489751e+02
     vertex -3.945812e+01 -2.520810e+01  1.490103e+02
     vertex -3.949916e+01 -2.520336e+01  1.489119e+02
   endloop
 endfacet
 facet normal  6.793496e-01  4.494401e-01 -5.800756e-01
   outer loop
     vertex -3.939549e+01 -2.521534e+01  1.490963e+02
     vertex -3.933322e+01 -2.531442e+01  1.490925e+02
     vertex -3.939696e+01 -2.530705e+01  1.490236e+02
   endloop
 endfacet
 facet normal  7.572249e-01  3.985225e-01 -5.174846e-01
   outer loop
     vertex -3.939549e+01 -2.521534e+01  1.490963e+02
     vertex -3.939696e+01 -2.530705e+01  1.490236e+02
     vertex -3.945812e+01 -2.520810e+01  1.490103e+02
   endloop
 endfacet
 facet normal  4.885267e-01  6.089267e-01 -6.249400e-01
   outer loop
     vertex -3.925530e+01 -2.532342e+01  1.491446e+02
     vertex -3.926544e+01 -2.540075e+01  1.490614e+02
     vertex -3.933322e+01 -2.531442e+01  1.490925e+02
   endloop
 endfacet
 facet normal  4.053370e-01  6.447494e-01 -6.480741e-01
   outer loop
     vertex -3.925530e+01 -2.532342e+01  1.491446e+02
     vertex -3.919682e+01 -2.540868e+01  1.490964e+02
     vertex -3.926544e+01 -2.540075e+01  1.490614e+02
   endloop
 endfacet
 facet normal  5.163288e-02  6.738888e-01 -7.370264e-01
   outer loop
     vertex -3.912199e+01 -2.541733e+01  1.491144e+02
     vertex -3.907257e+01 -2.532712e+01  1.492003e+02
     vertex -3.908509e+01 -2.543537e+01  1.491005e+02
   endloop
 endfacet
 facet normal  1.780180e-01  8.028507e-01 -5.689818e-01
   outer loop
     vertex -3.912199e+01 -2.541733e+01  1.491144e+02
     vertex -3.908509e+01 -2.543537e+01  1.491005e+02
     vertex -3.914703e+01 -2.547605e+01  1.490237e+02
   endloop
 endfacet
 facet normal  2.288230e-01  7.870984e-01 -5.728142e-01
   outer loop
     vertex -3.912199e+01 -2.541733e+01  1.491144e+02
     vertex -3.914703e+01 -2.547605e+01  1.490237e+02
     vertex -3.919682e+01 -2.540868e+01  1.490964e+02
   endloop
 endfacet
 facet normal  8.337131e-01 -3.162885e-02 -5.512913e-01
   outer loop
     vertex -3.944427e+01 -2.510857e+01  1.490747e+02
     vertex -3.948890e+01 -2.499753e+01  1.490008e+02
     vertex -3.941189e+01 -2.500644e+01  1.491178e+02
   endloop
 endfacet
 facet normal  8.721658e-01  2.556253e-02 -4.885421e-01
   outer loop
     vertex -3.944427e+01 -2.510857e+01  1.490747e+02
     vertex -3.950025e+01 -2.510210e+01  1.489751e+02
     vertex -3.948890e+01 -2.499753e+01  1.490008e+02
   endloop
 endfacet
 facet normal  8.616734e-01  1.857732e-01 -4.722364e-01
   outer loop
     vertex -3.944427e+01 -2.510857e+01  1.490747e+02
     vertex -3.945812e+01 -2.520810e+01  1.490103e+02
     vertex -3.950025e+01 -2.510210e+01  1.489751e+02
   endloop
 endfacet
 facet normal  7.928727e-01  2.495316e-01 -5.559558e-01
   outer loop
     vertex -3.944427e+01 -2.510857e+01  1.490747e+02
     vertex -3.939549e+01 -2.521534e+01  1.490963e+02
     vertex -3.945812e+01 -2.520810e+01  1.490103e+02
   endloop
 endfacet
 facet normal  6.184749e-01  4.145605e-01 -6.675540e-01
   outer loop
     vertex -3.931469e+01 -2.522468e+01  1.491654e+02
     vertex -3.933322e+01 -2.531442e+01  1.490925e+02
     vertex -3.939549e+01 -2.521534e+01  1.490963e+02
   endloop
 endfacet
 facet normal  5.284086e-01  4.668872e-01 -7.090843e-01
   outer loop
     vertex -3.931469e+01 -2.522468e+01  1.491654e+02
     vertex -3.925530e+01 -2.532342e+01  1.491446e+02
     vertex -3.933322e+01 -2.531442e+01  1.490925e+02
   endloop
 endfacet
 facet normal  1.410831e-01  6.412809e-01 -7.542244e-01
   outer loop
     vertex -3.916748e+01 -2.533357e+01  1.491771e+02
     vertex -3.907257e+01 -2.532712e+01  1.492003e+02
     vertex -3.912199e+01 -2.541733e+01  1.491144e+02
   endloop
 endfacet
 facet normal  3.328825e-01  6.269175e-01 -7.043889e-01
   outer loop
     vertex -3.916748e+01 -2.533357e+01  1.491771e+02
     vertex -3.919682e+01 -2.540868e+01  1.490964e+02
     vertex -3.925530e+01 -2.532342e+01  1.491446e+02
   endloop
 endfacet
 facet normal  2.467114e-01  6.630849e-01 -7.067191e-01
   outer loop
     vertex -3.916748e+01 -2.533357e+01  1.491771e+02
     vertex -3.912199e+01 -2.541733e+01  1.491144e+02
     vertex -3.919682e+01 -2.540868e+01  1.490964e+02
   endloop
 endfacet
 facet normal  7.298845e-01  2.010066e-01 -6.533490e-01
   outer loop
     vertex -3.936682e+01 -2.511752e+01  1.491584e+02
     vertex -3.939549e+01 -2.521534e+01  1.490963e+02
     vertex -3.944427e+01 -2.510857e+01  1.490747e+02
   endloop
 endfacet
 facet normal  6.486159e-01 -1.535509e-02 -7.609610e-01
   outer loop
     vertex -3.936682e+01 -2.511752e+01  1.491584e+02
     vertex -3.941189e+01 -2.500644e+01  1.491178e+02
     vertex -3.930563e+01 -2.501872e+01  1.492086e+02
   endloop
 endfacet
 facet normal  7.360202e-01  5.156565e-02 -6.749928e-01
   outer loop
     vertex -3.936682e+01 -2.511752e+01  1.491584e+02
     vertex -3.944427e+01 -2.510857e+01  1.490747e+02
     vertex -3.941189e+01 -2.500644e+01  1.491178e+02
   endloop
 endfacet
 facet normal  6.438077e-01  2.667620e-01 -7.171818e-01
   outer loop
     vertex -3.936682e+01 -2.511752e+01  1.491584e+02
     vertex -3.931469e+01 -2.522468e+01  1.491654e+02
     vertex -3.939549e+01 -2.521534e+01  1.490963e+02
   endloop
 endfacet
 facet normal  4.488670e-01  4.341654e-01 -7.810371e-01
   outer loop
     vertex -3.922016e+01 -2.523561e+01  1.492136e+02
     vertex -3.925530e+01 -2.532342e+01  1.491446e+02
     vertex -3.931469e+01 -2.522468e+01  1.491654e+02
   endloop
 endfacet
 facet normal  3.518079e-01  4.873004e-01 -7.992306e-01
   outer loop
     vertex -3.922016e+01 -2.523561e+01  1.492136e+02
     vertex -3.916748e+01 -2.533357e+01  1.491771e+02
     vertex -3.925530e+01 -2.532342e+01  1.491446e+02
   endloop
 endfacet
 facet normal  4.615906e-01  2.878243e-01 -8.391015e-01
   outer loop
     vertex -3.927215e+01 -2.512846e+01  1.492218e+02
     vertex -3.922016e+01 -2.523561e+01  1.492136e+02
     vertex -3.931469e+01 -2.522468e+01  1.491654e+02
   endloop
 endfacet
 facet normal  5.598771e-01  2.206576e-01 -7.986538e-01
   outer loop
     vertex -3.927215e+01 -2.512846e+01  1.492218e+02
     vertex -3.931469e+01 -2.522468e+01  1.491654e+02
     vertex -3.936682e+01 -2.511752e+01  1.491584e+02
   endloop
 endfacet
 facet normal  4.137473e-01  1.691474e-02 -9.102346e-01
   outer loop
     vertex -3.927215e+01 -2.512846e+01  1.492218e+02
     vertex -3.930563e+01 -2.501872e+01  1.492086e+02
     vertex -3.917848e+01 -2.503342e+01  1.492661e+02
   endloop
 endfacet
 facet normal  5.603809e-01  7.186770e-02 -8.251111e-01
   outer loop
     vertex -3.927215e+01 -2.512846e+01  1.492218e+02
     vertex -3.936682e+01 -2.511752e+01  1.491584e+02
     vertex -3.930563e+01 -2.501872e+01  1.492086e+02
   endloop
 endfacet
 facet normal  1.732794e-01  5.024096e-01 -8.470884e-01
   outer loop
     vertex -3.911708e+01 -2.524753e+01  1.492384e+02
     vertex -3.907257e+01 -2.532712e+01  1.492003e+02
     vertex -3.916748e+01 -2.533357e+01  1.491771e+02
   endloop
 endfacet
 facet normal  1.911760e-03  4.326616e-01 -9.015544e-01
   outer loop
     vertex -3.911708e+01 -2.524753e+01  1.492384e+02
     vertex -3.905725e+01 -2.519459e+01  1.492640e+02
     vertex -3.907257e+01 -2.532712e+01  1.492003e+02
   endloop
 endfacet
 facet normal  2.576967e-01  4.562626e-01 -8.517141e-01
   outer loop
     vertex -3.911708e+01 -2.524753e+01  1.492384e+02
     vertex -3.916748e+01 -2.533357e+01  1.491771e+02
     vertex -3.922016e+01 -2.523561e+01  1.492136e+02
   endloop
 endfacet
 facet normal  9.331882e-02  1.375662e-01 -9.860868e-01
   outer loop
     vertex -3.916544e+01 -2.514080e+01  1.492612e+02
     vertex -3.904047e+01 -2.504937e+01  1.492858e+02
     vertex -3.905725e+01 -2.519459e+01  1.492640e+02
   endloop
 endfacet
 facet normal  1.480856e-01  6.294390e-02 -9.869695e-01
   outer loop
     vertex -3.916544e+01 -2.514080e+01  1.492612e+02
     vertex -3.917848e+01 -2.503342e+01  1.492661e+02
     vertex -3.904047e+01 -2.504937e+01  1.492858e+02
   endloop
 endfacet
 facet normal  3.609687e-01  2.436493e-01 -9.001870e-01
   outer loop
     vertex -3.916544e+01 -2.514080e+01  1.492612e+02
     vertex -3.922016e+01 -2.523561e+01  1.492136e+02
     vertex -3.927215e+01 -2.512846e+01  1.492218e+02
   endloop
 endfacet
 facet normal  3.541724e-01  8.543707e-02 -9.312692e-01
   outer loop
     vertex -3.916544e+01 -2.514080e+01  1.492612e+02
     vertex -3.927215e+01 -2.512846e+01  1.492218e+02
     vertex -3.917848e+01 -2.503342e+01  1.492661e+02
   endloop
 endfacet
 facet normal  1.608555e-01  2.753512e-01 -9.477907e-01
   outer loop
     vertex -3.916544e+01 -2.514080e+01  1.492612e+02
     vertex -3.905725e+01 -2.519459e+01  1.492640e+02
     vertex -3.911708e+01 -2.524753e+01  1.492384e+02
   endloop
 endfacet
 facet normal  2.562082e-01  3.115644e-01 -9.150328e-01
   outer loop
     vertex -3.916544e+01 -2.514080e+01  1.492612e+02
     vertex -3.911708e+01 -2.524753e+01  1.492384e+02
     vertex -3.922016e+01 -2.523561e+01  1.492136e+02
   endloop
 endfacet
 facet normal -9.715953e-01  4.208386e-02 -2.328767e-01
   outer loop
     vertex  1.080650e+01 -2.792520e+01  1.489731e+02
     vertex  1.084077e+01 -2.792917e+01  1.488294e+02
     vertex  1.081681e+01 -2.848241e+01  1.488294e+02
   endloop
 endfacet
 facet normal -1.480440e-01  6.412403e-03 -9.889600e-01
   outer loop
     vertex  1.034597e+01 -2.787197e+01  1.492858e+02
     vertex  1.049119e+01 -2.788876e+01  1.492640e+02
     vertex  1.031891e+01 -2.849660e+01  1.492858e+02
   endloop
 endfacet
 facet normal -7.434568e-01 -4.366487e-01 -5.065668e-01
   outer loop
     vertex  1.118428e+01 -3.009877e+01  1.489731e+02
     vertex  1.146723e+01 -3.058053e+01  1.489731e+02
     vertex  1.140543e+01 -3.062307e+01  1.491005e+02
   endloop
 endfacet
 facet normal -8.385709e-01 -4.925113e-01 -2.328767e-01
   outer loop
     vertex  1.118428e+01 -3.009877e+01  1.489731e+02
     vertex  1.149565e+01 -3.056097e+01  1.488294e+02
     vertex  1.146723e+01 -3.058053e+01  1.489731e+02
   endloop
 endfacet
 facet normal -8.385709e-01 -4.925113e-01 -2.328767e-01
   outer loop
     vertex  1.118428e+01 -3.009877e+01  1.489731e+02
     vertex  1.121521e+01 -3.008347e+01  1.488294e+02
     vertex  1.149565e+01 -3.056097e+01  1.488294e+02
   endloop
 endfacet
 facet normal -5.833630e-01 -3.426220e-01 -7.364087e-01
   outer loop
     vertex  1.111703e+01 -3.013202e+01  1.491005e+02
     vertex  1.140543e+01 -3.062307e+01  1.491005e+02
     vertex  1.131566e+01 -3.068486e+01  1.492003e+02
   endloop
 endfacet
 facet normal -7.434568e-01 -4.366487e-01 -5.065668e-01
   outer loop
     vertex  1.111703e+01 -3.013202e+01  1.491005e+02
     vertex  1.118428e+01 -3.009877e+01  1.489731e+02
     vertex  1.140543e+01 -3.062307e+01  1.491005e+02
   endloop
 endfacet
 facet normal -3.720008e-01 -2.184843e-01 -9.021530e-01
   outer loop
     vertex  1.101935e+01 -3.018033e+01  1.492003e+02
     vertex  1.131566e+01 -3.068486e+01  1.492003e+02
     vertex  1.120577e+01 -3.076050e+01  1.492640e+02
   endloop
 endfacet
 facet normal -5.833630e-01 -3.426220e-01 -7.364087e-01
   outer loop
     vertex  1.101935e+01 -3.018033e+01  1.492003e+02
     vertex  1.111703e+01 -3.013202e+01  1.491005e+02
     vertex  1.131566e+01 -3.068486e+01  1.492003e+02
   endloop
 endfacet
 facet normal -1.277748e-01 -7.504494e-02 -9.889600e-01
   outer loop
     vertex  1.089976e+01 -3.023947e+01  1.492640e+02
     vertex  1.108535e+01 -3.084338e+01  1.492858e+02
     vertex  1.076872e+01 -3.030427e+01  1.492858e+02
   endloop
 endfacet
 facet normal -1.277748e-01 -7.504494e-02 -9.889600e-01
   outer loop
     vertex  1.089976e+01 -3.023947e+01  1.492640e+02
     vertex  1.120577e+01 -3.076050e+01  1.492640e+02
     vertex  1.108535e+01 -3.084338e+01  1.492858e+02
   endloop
 endfacet
 facet normal -3.720008e-01 -2.184843e-01 -9.021530e-01
   outer loop
     vertex  1.089976e+01 -3.023947e+01  1.492640e+02
     vertex  1.101935e+01 -3.018033e+01  1.492003e+02
     vertex  1.120577e+01 -3.076050e+01  1.492640e+02
   endloop
 endfacet
 facet normal -9.004153e-01 -3.674518e-01 -2.328767e-01
   outer loop
     vertex  1.097317e+01 -2.958147e+01  1.489731e+02
     vertex  1.100597e+01 -2.957076e+01  1.488294e+02
     vertex  1.121521e+01 -3.008347e+01  1.488294e+02
   endloop
 endfacet
 facet normal -9.004153e-01 -3.674518e-01 -2.328767e-01
   outer loop
     vertex  1.097317e+01 -2.958147e+01  1.489731e+02
     vertex  1.121521e+01 -3.008347e+01  1.488294e+02
     vertex  1.118428e+01 -3.009877e+01  1.489731e+02
   endloop
 endfacet
 facet normal -7.982866e-01 -3.257739e-01 -5.065668e-01
   outer loop
     vertex  1.090186e+01 -2.960476e+01  1.491005e+02
     vertex  1.118428e+01 -3.009877e+01  1.489731e+02
     vertex  1.111703e+01 -3.013202e+01  1.491005e+02
   endloop
 endfacet
 facet normal -7.982866e-01 -3.257739e-01 -5.065668e-01
   outer loop
     vertex  1.090186e+01 -2.960476e+01  1.491005e+02
     vertex  1.097317e+01 -2.958147e+01  1.489731e+02
     vertex  1.118428e+01 -3.009877e+01  1.489731e+02
   endloop
 endfacet
 facet normal -6.263859e-01 -2.556227e-01 -7.364087e-01
   outer loop
     vertex  1.079827e+01 -2.963860e+01  1.492003e+02
     vertex  1.090186e+01 -2.960476e+01  1.491005e+02
     vertex  1.111703e+01 -3.013202e+01  1.491005e+02
   endloop
 endfacet
 facet normal -6.263859e-01 -2.556227e-01 -7.364087e-01
   outer loop
     vertex  1.079827e+01 -2.963860e+01  1.492003e+02
     vertex  1.111703e+01 -3.013202e+01  1.491005e+02
     vertex  1.101935e+01 -3.018033e+01  1.492003e+02
   endloop
 endfacet
 facet normal -1.371981e-01 -5.598938e-02 -9.889600e-01
   outer loop
     vertex  1.067145e+01 -2.968001e+01  1.492640e+02
     vertex  1.076872e+01 -3.030427e+01  1.492858e+02
     vertex  1.053249e+01 -2.972540e+01  1.492858e+02
   endloop
 endfacet
 facet normal -1.371981e-01 -5.598938e-02 -9.889600e-01
   outer loop
     vertex  1.067145e+01 -2.968001e+01  1.492640e+02
     vertex  1.089976e+01 -3.023947e+01  1.492640e+02
     vertex  1.076872e+01 -3.030427e+01  1.492858e+02
   endloop
 endfacet
 facet normal -3.994357e-01 -1.630063e-01 -9.021530e-01
   outer loop
     vertex  1.067145e+01 -2.968001e+01  1.492640e+02
     vertex  1.079827e+01 -2.963860e+01  1.492003e+02
     vertex  1.101935e+01 -3.018033e+01  1.492003e+02
   endloop
 endfacet
 facet normal -3.994357e-01 -1.630063e-01 -9.021530e-01
   outer loop
     vertex  1.067145e+01 -2.968001e+01  1.492640e+02
     vertex  1.101935e+01 -3.018033e+01  1.492003e+02
     vertex  1.089976e+01 -3.023947e+01  1.492640e+02
   endloop
 endfacet
 facet normal -9.437284e-01 -2.348299e-01 -2.328767e-01
   outer loop
     vertex  1.083826e+01 -2.903930e+01  1.489731e+02
     vertex  1.087226e+01 -2.903339e+01  1.488294e+02
     vertex  1.100597e+01 -2.957076e+01  1.488294e+02
   endloop
 endfacet
 facet normal -9.437284e-01 -2.348299e-01 -2.328767e-01
   outer loop
     vertex  1.083826e+01 -2.903930e+01  1.489731e+02
     vertex  1.100597e+01 -2.957076e+01  1.488294e+02
     vertex  1.097317e+01 -2.958147e+01  1.489731e+02
   endloop
 endfacet
 facet normal -8.366870e-01 -2.081946e-01 -5.065668e-01
   outer loop
     vertex  1.076435e+01 -2.905214e+01  1.491005e+02
     vertex  1.083826e+01 -2.903930e+01  1.489731e+02
     vertex  1.097317e+01 -2.958147e+01  1.489731e+02
   endloop
 endfacet
 facet normal -8.366870e-01 -2.081946e-01 -5.065668e-01
   outer loop
     vertex  1.076435e+01 -2.905214e+01  1.491005e+02
     vertex  1.097317e+01 -2.958147e+01  1.489731e+02
     vertex  1.090186e+01 -2.960476e+01  1.491005e+02
   endloop
 endfacet
 facet normal -6.565173e-01 -1.633625e-01 -7.364087e-01
   outer loop
     vertex  1.065698e+01 -2.907080e+01  1.492003e+02
     vertex  1.090186e+01 -2.960476e+01  1.491005e+02
     vertex  1.079827e+01 -2.963860e+01  1.492003e+02
   endloop
 endfacet
 facet normal -6.565173e-01 -1.633625e-01 -7.364087e-01
   outer loop
     vertex  1.065698e+01 -2.907080e+01  1.492003e+02
     vertex  1.076435e+01 -2.905214e+01  1.491005e+02
     vertex  1.090186e+01 -2.960476e+01  1.491005e+02
   endloop
 endfacet
 facet normal -1.437978e-01 -3.578151e-02 -9.889600e-01
   outer loop
     vertex  1.052554e+01 -2.909365e+01  1.492640e+02
     vertex  1.053249e+01 -2.972540e+01  1.492858e+02
     vertex  1.038152e+01 -2.911868e+01  1.492858e+02
   endloop
 endfacet
 facet normal -1.437978e-01 -3.578151e-02 -9.889600e-01
   outer loop
     vertex  1.052554e+01 -2.909365e+01  1.492640e+02
     vertex  1.067145e+01 -2.968001e+01  1.492640e+02
     vertex  1.053249e+01 -2.972540e+01  1.492858e+02
   endloop
 endfacet
 facet normal -4.186500e-01 -1.041735e-01 -9.021530e-01
   outer loop
     vertex  1.052554e+01 -2.909365e+01  1.492640e+02
     vertex  1.079827e+01 -2.963860e+01  1.492003e+02
     vertex  1.067145e+01 -2.968001e+01  1.492640e+02
   endloop
 endfacet
 facet normal -4.186500e-01 -1.041735e-01 -9.021530e-01
   outer loop
     vertex  1.052554e+01 -2.909365e+01  1.492640e+02
     vertex  1.065698e+01 -2.907080e+01  1.492003e+02
     vertex  1.079827e+01 -2.963860e+01  1.492003e+02
   endloop
 endfacet
 facet normal -9.676190e-01 -9.737505e-02 -2.328767e-01
   outer loop
     vertex  1.078232e+01 -2.848339e+01  1.489731e+02
     vertex  1.081681e+01 -2.848241e+01  1.488294e+02
     vertex  1.087226e+01 -2.903339e+01  1.488294e+02
   endloop
 endfacet
 facet normal -9.676190e-01 -9.737505e-02 -2.328767e-01
   outer loop
     vertex  1.078232e+01 -2.848339e+01  1.489731e+02
     vertex  1.087226e+01 -2.903339e+01  1.488294e+02
     vertex  1.083826e+01 -2.903930e+01  1.489731e+02
   endloop
 endfacet
 facet normal -9.715953e-01  4.208386e-02 -2.328767e-01
   outer loop
     vertex  1.078232e+01 -2.848339e+01  1.489731e+02
     vertex  1.080650e+01 -2.792520e+01  1.489731e+02
     vertex  1.081681e+01 -2.848241e+01  1.488294e+02
   endloop
 endfacet
 facet normal -8.613931e-01  3.731054e-02 -5.065668e-01
   outer loop
     vertex  1.070733e+01 -2.848553e+01  1.491005e+02
     vertex  1.073197e+01 -2.791659e+01  1.491005e+02
     vertex  1.080650e+01 -2.792520e+01  1.489731e+02
   endloop
 endfacet
 facet normal -8.613931e-01  3.731054e-02 -5.065668e-01
   outer loop
     vertex  1.070733e+01 -2.848553e+01  1.491005e+02
     vertex  1.080650e+01 -2.792520e+01  1.489731e+02
     vertex  1.078232e+01 -2.848339e+01  1.489731e+02
   endloop
 endfacet
 facet normal -8.578678e-01 -8.633038e-02 -5.065668e-01
   outer loop
     vertex  1.070733e+01 -2.848553e+01  1.491005e+02
     vertex  1.083826e+01 -2.903930e+01  1.489731e+02
     vertex  1.076435e+01 -2.905214e+01  1.491005e+02
   endloop
 endfacet
 facet normal -8.578678e-01 -8.633038e-02 -5.065668e-01
   outer loop
     vertex  1.070733e+01 -2.848553e+01  1.491005e+02
     vertex  1.078232e+01 -2.848339e+01  1.489731e+02
     vertex  1.083826e+01 -2.903930e+01  1.489731e+02
   endloop
 endfacet
 facet normal -6.759032e-01  2.927620e-02 -7.364087e-01
   outer loop
     vertex  1.059840e+01 -2.848864e+01  1.492003e+02
     vertex  1.062372e+01 -2.790408e+01  1.492003e+02
     vertex  1.073197e+01 -2.791659e+01  1.491005e+02
   endloop
 endfacet
 facet normal -6.731371e-01 -6.774025e-02 -7.364087e-01
   outer loop
     vertex  1.059840e+01 -2.848864e+01  1.492003e+02
     vertex  1.070733e+01 -2.848553e+01  1.491005e+02
     vertex  1.076435e+01 -2.905214e+01  1.491005e+02
   endloop
 endfacet
 facet normal -6.731371e-01 -6.774025e-02 -7.364087e-01
   outer loop
     vertex  1.059840e+01 -2.848864e+01  1.492003e+02
     vertex  1.076435e+01 -2.905214e+01  1.491005e+02
     vertex  1.065698e+01 -2.907080e+01  1.492003e+02
   endloop
 endfacet
 facet normal -6.759032e-01  2.927620e-02 -7.364087e-01
   outer loop
     vertex  1.059840e+01 -2.848864e+01  1.492003e+02
     vertex  1.073197e+01 -2.791659e+01  1.491005e+02
     vertex  1.070733e+01 -2.848553e+01  1.491005e+02
   endloop
 endfacet
 facet normal -1.474381e-01 -1.483723e-02 -9.889600e-01
   outer loop
     vertex  1.046504e+01 -2.849244e+01  1.492640e+02
     vertex  1.038152e+01 -2.911868e+01  1.492858e+02
     vertex  1.031891e+01 -2.849660e+01  1.492858e+02
   endloop
 endfacet
 facet normal -4.310121e-01  1.866894e-02 -9.021530e-01
   outer loop
     vertex  1.046504e+01 -2.849244e+01  1.492640e+02
     vertex  1.049119e+01 -2.788876e+01  1.492640e+02
     vertex  1.062372e+01 -2.790408e+01  1.492003e+02
   endloop
 endfacet
 facet normal -1.480440e-01  6.412403e-03 -9.889600e-01
   outer loop
     vertex  1.046504e+01 -2.849244e+01  1.492640e+02
     vertex  1.031891e+01 -2.849660e+01  1.492858e+02
     vertex  1.049119e+01 -2.788876e+01  1.492640e+02
   endloop
 endfacet
 facet normal -1.474381e-01 -1.483723e-02 -9.889600e-01
   outer loop
     vertex  1.046504e+01 -2.849244e+01  1.492640e+02
     vertex  1.052554e+01 -2.909365e+01  1.492640e+02
     vertex  1.038152e+01 -2.911868e+01  1.492858e+02
   endloop
 endfacet
 facet normal -4.292482e-01 -4.319681e-02 -9.021530e-01
   outer loop
     vertex  1.046504e+01 -2.849244e+01  1.492640e+02
     vertex  1.065698e+01 -2.907080e+01  1.492003e+02
     vertex  1.052554e+01 -2.909365e+01  1.492640e+02
   endloop
 endfacet
 facet normal -4.310121e-01  1.866894e-02 -9.021530e-01
   outer loop
     vertex  1.046504e+01 -2.849244e+01  1.492640e+02
     vertex  1.062372e+01 -2.790408e+01  1.492003e+02
     vertex  1.059840e+01 -2.848864e+01  1.492003e+02
   endloop
 endfacet
 facet normal -4.292482e-01 -4.319681e-02 -9.021530e-01
   outer loop
     vertex  1.046504e+01 -2.849244e+01  1.492640e+02
     vertex  1.059840e+01 -2.848864e+01  1.492003e+02
     vertex  1.065698e+01 -2.907080e+01  1.492003e+02
   endloop
 endfacet
 facet normal  1.116522e-01  9.659384e-01 -2.334454e-01
   outer loop
     vertex -3.909370e+01 -2.550989e+01  1.489731e+02
     vertex  1.102816e+01 -3.133818e+01  1.488294e+02
     vertex -3.909766e+01 -2.554417e+01  1.488294e+02
   endloop
 endfacet
 facet normal  1.116522e-01  9.659384e-01 -2.334454e-01
   outer loop
     vertex -3.909370e+01 -2.550989e+01  1.489731e+02
     vertex  1.103212e+01 -3.130391e+01  1.489731e+02
     vertex  1.102816e+01 -3.133818e+01  1.488294e+02
   endloop
 endfacet
 facet normal  9.893645e-02  8.559301e-01 -5.075384e-01
   outer loop
     vertex -3.908509e+01 -2.543537e+01  1.491005e+02
     vertex  1.104073e+01 -3.122938e+01  1.491005e+02
     vertex  1.103212e+01 -3.130391e+01  1.489731e+02
   endloop
 endfacet
 facet normal  9.893645e-02  8.559301e-01 -5.075384e-01
   outer loop
     vertex -3.908509e+01 -2.543537e+01  1.491005e+02
     vertex  1.103212e+01 -3.130391e+01  1.489731e+02
     vertex -3.909370e+01 -2.550989e+01  1.489731e+02
   endloop
 endfacet
 facet normal  7.757455e-02  6.711217e-01 -7.372773e-01
   outer loop
     vertex -3.907257e+01 -2.532712e+01  1.492003e+02
     vertex  1.105325e+01 -3.112113e+01  1.492003e+02
     vertex  1.104073e+01 -3.122938e+01  1.491005e+02
   endloop
 endfacet
 facet normal  7.757455e-02  6.711217e-01 -7.372773e-01
   outer loop
     vertex -3.907257e+01 -2.532712e+01  1.492003e+02
     vertex  1.104073e+01 -3.122938e+01  1.491005e+02
     vertex -3.908509e+01 -2.543537e+01  1.491005e+02
   endloop
 endfacet
 facet normal  4.943338e-02  4.276636e-01 -9.025853e-01
   outer loop
     vertex -3.905725e+01 -2.519459e+01  1.492640e+02
     vertex  1.106857e+01 -3.098860e+01  1.492640e+02
     vertex  1.105325e+01 -3.112113e+01  1.492003e+02
   endloop
 endfacet
 facet normal  4.943338e-02  4.276636e-01 -9.025853e-01
   outer loop
     vertex -3.905725e+01 -2.519459e+01  1.492640e+02
     vertex  1.105325e+01 -3.112113e+01  1.492003e+02
     vertex -3.907257e+01 -2.532712e+01  1.492003e+02
   endloop
 endfacet
 facet normal  1.697220e-02  1.468318e-01 -9.890159e-01
   outer loop
     vertex -3.904047e+01 -2.504937e+01  1.492858e+02
     vertex  1.108535e+01 -3.084338e+01  1.492858e+02
     vertex  1.106857e+01 -3.098860e+01  1.492640e+02
   endloop
 endfacet
 facet normal  1.697220e-02  1.468318e-01 -9.890159e-01
   outer loop
     vertex -3.904047e+01 -2.504937e+01  1.492858e+02
     vertex  1.106857e+01 -3.098860e+01  1.492640e+02
     vertex -3.905725e+01 -2.519459e+01  1.492640e+02
   endloop
 endfacet
 facet normal  2.560335e-01  9.386802e-01 -2.309247e-01
   outer loop
     vertex  1.105062e+01 -3.131529e+01  1.489474e+02
     vertex  1.102816e+01 -3.133818e+01  1.488294e+02
     vertex  1.103212e+01 -3.130391e+01  1.489731e+02
   endloop
 endfacet
 facet normal  6.276417e-02  9.774457e-01 -2.016449e-01
   outer loop
     vertex  1.108859e+01 -3.131968e+01  1.489379e+02
     vertex  1.102816e+01 -3.133818e+01  1.488294e+02
     vertex  1.105062e+01 -3.131529e+01  1.489474e+02
   endloop
 endfacet
 facet normal  1.906806e-02  9.837752e-01 -1.783894e-01
   outer loop
     vertex  1.112318e+01 -3.132368e+01  1.489195e+02
     vertex  1.102816e+01 -3.133818e+01  1.488294e+02
     vertex  1.108859e+01 -3.131968e+01  1.489379e+02
   endloop
 endfacet
 facet normal  1.137760e-01  8.541179e-01 -5.074816e-01
   outer loop
     vertex  1.110214e+01 -3.126751e+01  1.490501e+02
     vertex  1.103212e+01 -3.130391e+01  1.489731e+02
     vertex  1.104073e+01 -3.122938e+01  1.491005e+02
   endloop
 endfacet
 facet normal -1.738720e-02  9.098765e-01 -4.145147e-01
   outer loop
     vertex  1.110214e+01 -3.126751e+01  1.490501e+02
     vertex  1.105062e+01 -3.131529e+01  1.489474e+02
     vertex  1.103212e+01 -3.130391e+01  1.489731e+02
   endloop
 endfacet
 facet normal -2.051096e-04  9.067465e-01 -4.216762e-01
   outer loop
     vertex  1.110214e+01 -3.126751e+01  1.490501e+02
     vertex  1.108859e+01 -3.131968e+01  1.489379e+02
     vertex  1.105062e+01 -3.131529e+01  1.489474e+02
   endloop
 endfacet
 facet normal -2.205572e-02  9.913162e-01 -1.296372e-01
   outer loop
     vertex  1.115239e+01 -3.132706e+01  1.488934e+02
     vertex  1.116740e+01 -3.133188e+01  1.488540e+02
     vertex  1.102816e+01 -3.133818e+01  1.488294e+02
   endloop
 endfacet
 facet normal -1.457866e-02  9.894933e-01 -1.438421e-01
   outer loop
     vertex  1.115239e+01 -3.132706e+01  1.488934e+02
     vertex  1.102816e+01 -3.133818e+01  1.488294e+02
     vertex  1.112318e+01 -3.132368e+01  1.489195e+02
   endloop
 endfacet
 facet normal -5.436891e-02  9.078916e-01 -4.156643e-01
   outer loop
     vertex  1.116328e+01 -3.127458e+01  1.490266e+02
     vertex  1.108859e+01 -3.131968e+01  1.489379e+02
     vertex  1.110214e+01 -3.126751e+01  1.490501e+02
   endloop
 endfacet
 facet normal -9.777028e-02  9.180240e-01 -3.842824e-01
   outer loop
     vertex  1.116328e+01 -3.127458e+01  1.490266e+02
     vertex  1.112318e+01 -3.132368e+01  1.489195e+02
     vertex  1.108859e+01 -3.131968e+01  1.489379e+02
   endloop
 endfacet
 facet normal  1.555435e-01  6.599983e-01 -7.349888e-01
   outer loop
     vertex  1.109011e+01 -3.118732e+01  1.491487e+02
     vertex  1.104073e+01 -3.122938e+01  1.491005e+02
     vertex  1.105325e+01 -3.112113e+01  1.492003e+02
   endloop
 endfacet
 facet normal -3.992576e-02  7.728804e-01 -6.332944e-01
   outer loop
     vertex  1.109011e+01 -3.118732e+01  1.491487e+02
     vertex  1.110214e+01 -3.126751e+01  1.490501e+02
     vertex  1.104073e+01 -3.122938e+01  1.491005e+02
   endloop
 endfacet
 facet normal -1.835592e-01  9.279403e-01 -3.243962e-01
   outer loop
     vertex  1.121705e+01 -3.128079e+01  1.489891e+02
     vertex  1.115239e+01 -3.132706e+01  1.488934e+02
     vertex  1.112318e+01 -3.132368e+01  1.489195e+02
   endloop
 endfacet
 facet normal -1.489318e-01  9.188221e-01 -3.654932e-01
   outer loop
     vertex  1.121705e+01 -3.128079e+01  1.489891e+02
     vertex  1.112318e+01 -3.132368e+01  1.489195e+02
     vertex  1.116328e+01 -3.127458e+01  1.490266e+02
   endloop
 endfacet
 facet normal -6.900505e-02  7.699025e-01 -6.344197e-01
   outer loop
     vertex  1.117540e+01 -3.119718e+01  1.491275e+02
     vertex  1.110214e+01 -3.126751e+01  1.490501e+02
     vertex  1.109011e+01 -3.118732e+01  1.491487e+02
   endloop
 endfacet
 facet normal -1.355506e-01  7.936850e-01 -5.930346e-01
   outer loop
     vertex  1.117540e+01 -3.119718e+01  1.491275e+02
     vertex  1.116328e+01 -3.127458e+01  1.490266e+02
     vertex  1.110214e+01 -3.126751e+01  1.490501e+02
   endloop
 endfacet
 facet normal -2.287581e-01  9.280492e-01 -2.939294e-01
   outer loop
     vertex  1.126028e+01 -3.128579e+01  1.489397e+02
     vertex  1.115239e+01 -3.132706e+01  1.488934e+02
     vertex  1.121705e+01 -3.128079e+01  1.489891e+02
   endloop
 endfacet
 facet normal -2.663793e-01  9.392817e-01 -2.163144e-01
   outer loop
     vertex  1.126028e+01 -3.128579e+01  1.489397e+02
     vertex  1.116740e+01 -3.133188e+01  1.488540e+02
     vertex  1.115239e+01 -3.132706e+01  1.488934e+02
   endloop
 endfacet
 facet normal -2.704650e-01  8.092797e-01 -5.214548e-01
   outer loop
     vertex  1.125312e+01 -3.120616e+01  1.490862e+02
     vertex  1.121705e+01 -3.128079e+01  1.489891e+02
     vertex  1.116328e+01 -3.127458e+01  1.490266e+02
   endloop
 endfacet
 facet normal -2.157937e-01  7.868698e-01 -5.781601e-01
   outer loop
     vertex  1.125312e+01 -3.120616e+01  1.490862e+02
     vertex  1.116328e+01 -3.127458e+01  1.490266e+02
     vertex  1.117540e+01 -3.119718e+01  1.491275e+02
   endloop
 endfacet
 facet normal -1.678128e-02  4.343567e-01 -9.005846e-01
   outer loop
     vertex  1.116180e+01 -3.109643e+01  1.492102e+02
     vertex  1.105325e+01 -3.112113e+01  1.492003e+02
     vertex  1.106857e+01 -3.098860e+01  1.492640e+02
   endloop
 endfacet
 facet normal -1.213012e-01  6.202649e-01 -7.749564e-01
   outer loop
     vertex  1.116180e+01 -3.109643e+01  1.492102e+02
     vertex  1.117540e+01 -3.119718e+01  1.491275e+02
     vertex  1.109011e+01 -3.118732e+01  1.491487e+02
   endloop
 endfacet
 facet normal -6.159628e-02  5.923686e-01 -8.033090e-01
   outer loop
     vertex  1.116180e+01 -3.109643e+01  1.492102e+02
     vertex  1.109011e+01 -3.118732e+01  1.491487e+02
     vertex  1.105325e+01 -3.112113e+01  1.492003e+02
   endloop
 endfacet
 facet normal -3.181586e-01  9.470362e-01 -4.356011e-02
   outer loop
     vertex  1.129046e+01 -3.128928e+01  1.488813e+02
     vertex  1.130007e+01 -3.128643e+01  1.488730e+02
     vertex  1.116740e+01 -3.133188e+01  1.488540e+02
   endloop
 endfacet
 facet normal -2.803631e-01  9.386508e-01 -2.008265e-01
   outer loop
     vertex  1.129046e+01 -3.128928e+01  1.488813e+02
     vertex  1.116740e+01 -3.133188e+01  1.488540e+02
     vertex  1.126028e+01 -3.128579e+01  1.489397e+02
   endloop
 endfacet
 facet normal -3.448648e-01  8.017890e-01 -4.880601e-01
   outer loop
     vertex  1.131873e+01 -3.121375e+01  1.490274e+02
     vertex  1.121705e+01 -3.128079e+01  1.489891e+02
     vertex  1.125312e+01 -3.120616e+01  1.490862e+02
   endloop
 endfacet
 facet normal -3.843543e-01  8.224441e-01 -4.193536e-01
   outer loop
     vertex  1.131873e+01 -3.121375e+01  1.490274e+02
     vertex  1.126028e+01 -3.128579e+01  1.489397e+02
     vertex  1.121705e+01 -3.128079e+01  1.489891e+02
   endloop
 endfacet
 facet normal -3.006065e-01  6.409907e-01 -7.062341e-01
   outer loop
     vertex  1.126000e+01 -3.110778e+01  1.491726e+02
     vertex  1.125312e+01 -3.120616e+01  1.490862e+02
     vertex  1.117540e+01 -3.119718e+01  1.491275e+02
   endloop
 endfacet
 facet normal -2.248096e-01  6.002343e-01 -7.675803e-01
   outer loop
     vertex  1.126000e+01 -3.110778e+01  1.491726e+02
     vertex  1.117540e+01 -3.119718e+01  1.491275e+02
     vertex  1.116180e+01 -3.109643e+01  1.492102e+02
   endloop
 endfacet
 facet normal -4.458525e-03  1.492743e-01 -9.887858e-01
   outer loop
     vertex  1.112849e+01 -3.097891e+01  1.492652e+02
     vertex  1.106857e+01 -3.098860e+01  1.492640e+02
     vertex  1.108535e+01 -3.084338e+01  1.492858e+02
   endloop
 endfacet
 facet normal -4.847803e-02  4.116659e-01 -9.100445e-01
   outer loop
     vertex  1.112849e+01 -3.097891e+01  1.492652e+02
     vertex  1.116180e+01 -3.109643e+01  1.492102e+02
     vertex  1.106857e+01 -3.098860e+01  1.492640e+02
   endloop
 endfacet
 facet normal -5.467684e-01  8.110296e-01 -2.080272e-01
   outer loop
     vertex  1.136839e+01 -3.121949e+01  1.489544e+02
     vertex  1.141553e+01 -3.120548e+01  1.488851e+02
     vertex  1.130007e+01 -3.128643e+01  1.488730e+02
   endloop
 endfacet
 facet normal -4.833017e-01  8.304021e-01 -2.772216e-01
   outer loop
     vertex  1.136839e+01 -3.121949e+01  1.489544e+02
     vertex  1.130007e+01 -3.128643e+01  1.488730e+02
     vertex  1.129046e+01 -3.128928e+01  1.488813e+02
   endloop
 endfacet
 facet normal -4.705527e-01  8.324077e-01 -2.927072e-01
   outer loop
     vertex  1.136839e+01 -3.121949e+01  1.489544e+02
     vertex  1.129046e+01 -3.128928e+01  1.488813e+02
     vertex  1.126028e+01 -3.128579e+01  1.489397e+02
   endloop
 endfacet
 facet normal -4.486637e-01  8.137871e-01 -3.693935e-01
   outer loop
     vertex  1.136839e+01 -3.121949e+01  1.489544e+02
     vertex  1.126028e+01 -3.128579e+01  1.489397e+02
     vertex  1.131873e+01 -3.121375e+01  1.490274e+02
   endloop
 endfacet
 facet normal -4.582694e-01  6.592149e-01 -5.961752e-01
   outer loop
     vertex  1.134634e+01 -3.111776e+01  1.491123e+02
     vertex  1.131873e+01 -3.121375e+01  1.490274e+02
     vertex  1.125312e+01 -3.120616e+01  1.490862e+02
   endloop
 endfacet
 facet normal -3.994327e-01  6.204188e-01 -6.749326e-01
   outer loop
     vertex  1.134634e+01 -3.111776e+01  1.491123e+02
     vertex  1.125312e+01 -3.120616e+01  1.490862e+02
     vertex  1.126000e+01 -3.110778e+01  1.491726e+02
   endloop
 endfacet
 facet normal -2.787301e-01  4.322390e-01 -8.576007e-01
   outer loop
     vertex  1.124115e+01 -3.099193e+01  1.492371e+02
     vertex  1.126000e+01 -3.110778e+01  1.491726e+02
     vertex  1.116180e+01 -3.109643e+01  1.492102e+02
   endloop
 endfacet
 facet normal -1.833615e-01  3.731660e-01 -9.094645e-01
   outer loop
     vertex  1.124115e+01 -3.099193e+01  1.492371e+02
     vertex  1.116180e+01 -3.109643e+01  1.492102e+02
     vertex  1.112849e+01 -3.097891e+01  1.492652e+02
   endloop
 endfacet
 facet normal -5.850618e-01  6.738707e-01 -4.512215e-01
   outer loop
     vertex  1.141578e+01 -3.112579e+01  1.490329e+02
     vertex  1.136839e+01 -3.121949e+01  1.489544e+02
     vertex  1.131873e+01 -3.121375e+01  1.490274e+02
   endloop
 endfacet
 facet normal -5.468427e-01  6.374579e-01 -5.427803e-01
   outer loop
     vertex  1.141578e+01 -3.112579e+01  1.490329e+02
     vertex  1.131873e+01 -3.121375e+01  1.490274e+02
     vertex  1.134634e+01 -3.111776e+01  1.491123e+02
   endloop
 endfacet
 facet normal -4.738327e-01  4.547908e-01 -7.540874e-01
   outer loop
     vertex  1.134381e+01 -3.100380e+01  1.491826e+02
     vertex  1.134634e+01 -3.111776e+01  1.491123e+02
     vertex  1.126000e+01 -3.110778e+01  1.491726e+02
   endloop
 endfacet
 facet normal -3.937885e-01  3.974891e-01 -8.288142e-01
   outer loop
     vertex  1.134381e+01 -3.100380e+01  1.491826e+02
     vertex  1.126000e+01 -3.110778e+01  1.491726e+02
     vertex  1.124115e+01 -3.099193e+01  1.492371e+02
   endloop
 endfacet
 facet normal -1.353661e-01 -6.395517e-02 -9.887294e-01
   outer loop
     vertex  1.120358e+01 -3.086616e+01  1.492711e+02
     vertex  1.108535e+01 -3.084338e+01  1.492858e+02
     vertex  1.120577e+01 -3.076050e+01  1.492640e+02
   endloop
 endfacet
 facet normal -1.000620e-01  1.187050e-01 -9.878749e-01
   outer loop
     vertex  1.120358e+01 -3.086616e+01  1.492711e+02
     vertex  1.112849e+01 -3.097891e+01  1.492652e+02
     vertex  1.108535e+01 -3.084338e+01  1.492858e+02
   endloop
 endfacet
 facet normal -2.158658e-01  1.941987e-01 -9.569163e-01
   outer loop
     vertex  1.120358e+01 -3.086616e+01  1.492711e+02
     vertex  1.124115e+01 -3.099193e+01  1.492371e+02
     vertex  1.112849e+01 -3.097891e+01  1.492652e+02
   endloop
 endfacet
 facet normal -7.631092e-01  6.240513e-01 -1.680007e-01
   outer loop
     vertex  1.146425e+01 -3.113139e+01  1.489391e+02
     vertex  1.150454e+01 -3.109552e+01  1.488893e+02
     vertex  1.141553e+01 -3.120548e+01  1.488851e+02
   endloop
 endfacet
 facet normal -6.685274e-01  6.717980e-01 -3.189961e-01
   outer loop
     vertex  1.146425e+01 -3.113139e+01  1.489391e+02
     vertex  1.141553e+01 -3.120548e+01  1.488851e+02
     vertex  1.136839e+01 -3.121949e+01  1.489544e+02
   endloop
 endfacet
 facet normal -6.584116e-01  6.503540e-01 -3.788586e-01
   outer loop
     vertex  1.146425e+01 -3.113139e+01  1.489391e+02
     vertex  1.136839e+01 -3.121949e+01  1.489544e+02
     vertex  1.141578e+01 -3.112579e+01  1.490329e+02
   endloop
 endfacet
 facet normal -6.385307e-01  4.738281e-01 -6.064366e-01
   outer loop
     vertex  1.143048e+01 -3.101381e+01  1.491049e+02
     vertex  1.141578e+01 -3.112579e+01  1.490329e+02
     vertex  1.134634e+01 -3.111776e+01  1.491123e+02
   endloop
 endfacet
 facet normal -5.788168e-01  4.188764e-01 -6.996525e-01
   outer loop
     vertex  1.143048e+01 -3.101381e+01  1.491049e+02
     vertex  1.134634e+01 -3.111776e+01  1.491123e+02
     vertex  1.134381e+01 -3.100380e+01  1.491826e+02
   endloop
 endfacet
 facet normal -3.629018e-01 -5.527829e-02 -9.301863e-01
   outer loop
     vertex  1.131586e+01 -3.087914e+01  1.492281e+02
     vertex  1.120358e+01 -3.086616e+01  1.492711e+02
     vertex  1.120577e+01 -3.076050e+01  1.492640e+02
   endloop
 endfacet
 facet normal -4.372719e-01  2.197909e-01 -8.720580e-01
   outer loop
     vertex  1.131586e+01 -3.087914e+01  1.492281e+02
     vertex  1.134381e+01 -3.100380e+01  1.491826e+02
     vertex  1.124115e+01 -3.099193e+01  1.492371e+02
   endloop
 endfacet
 facet normal -3.386810e-01  1.499295e-01 -9.288791e-01
   outer loop
     vertex  1.131586e+01 -3.087914e+01  1.492281e+02
     vertex  1.124115e+01 -3.099193e+01  1.492371e+02
     vertex  1.120358e+01 -3.086616e+01  1.492711e+02
   endloop
 endfacet
 facet normal -7.631842e-01  4.882368e-01 -4.232904e-01
   outer loop
     vertex  1.149608e+01 -3.102140e+01  1.490086e+02
     vertex  1.146425e+01 -3.113139e+01  1.489391e+02
     vertex  1.141578e+01 -3.112579e+01  1.490329e+02
   endloop
 endfacet
 facet normal -8.836176e-01  3.669827e-01 -2.907638e-01
   outer loop
     vertex  1.149608e+01 -3.102140e+01  1.490086e+02
     vertex  1.155996e+01 -3.096536e+01  1.488851e+02
     vertex  1.150454e+01 -3.109552e+01  1.488893e+02
   endloop
 endfacet
 facet normal -7.276164e-01  4.360761e-01 -5.295394e-01
   outer loop
     vertex  1.149608e+01 -3.102140e+01  1.490086e+02
     vertex  1.141578e+01 -3.112579e+01  1.490329e+02
     vertex  1.143048e+01 -3.101381e+01  1.491049e+02
   endloop
 endfacet
 facet normal -8.238942e-01  4.533016e-01 -3.401706e-01
   outer loop
     vertex  1.149608e+01 -3.102140e+01  1.490086e+02
     vertex  1.150454e+01 -3.109552e+01  1.488893e+02
     vertex  1.146425e+01 -3.113139e+01  1.489391e+02
   endloop
 endfacet
 facet normal -5.499993e-01  1.743557e-01 -8.167624e-01
   outer loop
     vertex  1.141459e+01 -3.089055e+01  1.491592e+02
     vertex  1.134381e+01 -3.100380e+01  1.491826e+02
     vertex  1.131586e+01 -3.087914e+01  1.492281e+02
   endloop
 endfacet
 facet normal -6.319541e-01  2.422941e-01 -7.361573e-01
   outer loop
     vertex  1.141459e+01 -3.089055e+01  1.491592e+02
     vertex  1.143048e+01 -3.101381e+01  1.491049e+02
     vertex  1.134381e+01 -3.100380e+01  1.491826e+02
   endloop
 endfacet
 facet normal -7.885174e-01  2.603912e-01 -5.571684e-01
   outer loop
     vertex  1.149399e+01 -3.089973e+01  1.490684e+02
     vertex  1.149608e+01 -3.102140e+01  1.490086e+02
     vertex  1.143048e+01 -3.101381e+01  1.491049e+02
   endloop
 endfacet
 facet normal -7.283859e-01  1.949753e-01 -6.568398e-01
   outer loop
     vertex  1.149399e+01 -3.089973e+01  1.490684e+02
     vertex  1.143048e+01 -3.101381e+01  1.491049e+02
     vertex  1.141459e+01 -3.089055e+01  1.491592e+02
   endloop
 endfacet
 facet normal -4.184609e-01 -1.157127e-01 -9.008335e-01
   outer loop
     vertex  1.137406e+01 -3.076391e+01  1.491862e+02
     vertex  1.131586e+01 -3.087914e+01  1.492281e+02
     vertex  1.120577e+01 -3.076050e+01  1.492640e+02
   endloop
 endfacet
 facet normal -4.171884e-01 -1.482080e-01 -8.966539e-01
   outer loop
     vertex  1.137406e+01 -3.076391e+01  1.491862e+02
     vertex  1.120577e+01 -3.076050e+01  1.492640e+02
     vertex  1.131566e+01 -3.068486e+01  1.492003e+02
   endloop
 endfacet
 facet normal -5.730101e-01 -8.138174e-03 -8.195079e-01
   outer loop
     vertex  1.137406e+01 -3.076391e+01  1.491862e+02
     vertex  1.141459e+01 -3.089055e+01  1.491592e+02
     vertex  1.131586e+01 -3.087914e+01  1.492281e+02
   endloop
 endfacet
 facet normal -8.990193e-01  2.758339e-01 -3.401177e-01
   outer loop
     vertex  1.154941e+01 -3.090614e+01  1.489611e+02
     vertex  1.155996e+01 -3.096536e+01  1.488851e+02
     vertex  1.149608e+01 -3.102140e+01  1.490086e+02
   endloop
 endfacet
 facet normal -9.713185e-01  1.021719e-01 -2.147120e-01
   outer loop
     vertex  1.154941e+01 -3.090614e+01  1.489611e+02
     vertex  1.157736e+01 -3.082543e+01  1.488730e+02
     vertex  1.155996e+01 -3.096536e+01  1.488851e+02
   endloop
 endfacet
 facet normal -8.633998e-01  2.105815e-01 -4.584717e-01
   outer loop
     vertex  1.154941e+01 -3.090614e+01  1.489611e+02
     vertex  1.149608e+01 -3.102140e+01  1.490086e+02
     vertex  1.149399e+01 -3.089973e+01  1.490684e+02
   endloop
 endfacet
 facet normal -7.519964e-01  1.255074e-02 -6.590477e-01
   outer loop
     vertex  1.146151e+01 -3.077401e+01  1.491078e+02
     vertex  1.149399e+01 -3.089973e+01  1.490684e+02
     vertex  1.141459e+01 -3.089055e+01  1.491592e+02
   endloop
 endfacet
 facet normal -6.700591e-01 -5.616366e-02 -7.401800e-01
   outer loop
     vertex  1.146151e+01 -3.077401e+01  1.491078e+02
     vertex  1.141459e+01 -3.089055e+01  1.491592e+02
     vertex  1.137406e+01 -3.076391e+01  1.491862e+02
   endloop
 endfacet
 facet normal -9.413649e-01 -1.883037e-01 -2.799534e-01
   outer loop
     vertex  1.152770e+01 -3.078166e+01  1.490106e+02
     vertex  1.155533e+01 -3.068693e+01  1.488540e+02
     vertex  1.157736e+01 -3.082543e+01  1.488730e+02
   endloop
 endfacet
 facet normal -8.274779e-01 -3.796771e-02 -5.602131e-01
   outer loop
     vertex  1.152770e+01 -3.078166e+01  1.490106e+02
     vertex  1.149399e+01 -3.089973e+01  1.490684e+02
     vertex  1.146151e+01 -3.077401e+01  1.491078e+02
   endloop
 endfacet
 facet normal -9.433901e-01 -3.325810e-02 -3.300137e-01
   outer loop
     vertex  1.152770e+01 -3.078166e+01  1.490106e+02
     vertex  1.157736e+01 -3.082543e+01  1.488730e+02
     vertex  1.154941e+01 -3.090614e+01  1.489611e+02
   endloop
 endfacet
 facet normal -8.874641e-01  2.820937e-02 -4.600128e-01
   outer loop
     vertex  1.152770e+01 -3.078166e+01  1.490106e+02
     vertex  1.154941e+01 -3.090614e+01  1.489611e+02
     vertex  1.149399e+01 -3.089973e+01  1.490684e+02
   endloop
 endfacet
 facet normal -4.974296e-01 -4.629793e-01 -7.336307e-01
   outer loop
     vertex  1.140583e+01 -3.065231e+01  1.491187e+02
     vertex  1.131566e+01 -3.068486e+01  1.492003e+02
     vertex  1.140543e+01 -3.062307e+01  1.491005e+02
   endloop
 endfacet
 facet normal -6.632099e-01 -2.403443e-01 -7.087928e-01
   outer loop
     vertex  1.140583e+01 -3.065231e+01  1.491187e+02
     vertex  1.146151e+01 -3.077401e+01  1.491078e+02
     vertex  1.137406e+01 -3.076391e+01  1.491862e+02
   endloop
 endfacet
 facet normal -5.812205e-01 -2.939667e-01 -7.587926e-01
   outer loop
     vertex  1.140583e+01 -3.065231e+01  1.491187e+02
     vertex  1.137406e+01 -3.076391e+01  1.491862e+02
     vertex  1.131566e+01 -3.068486e+01  1.492003e+02
   endloop
 endfacet
 facet normal -7.065773e-01 -4.931139e-01 -5.075305e-01
   outer loop
     vertex  1.147662e+01 -3.066050e+01  1.490377e+02
     vertex  1.140543e+01 -3.062307e+01  1.491005e+02
     vertex  1.146723e+01 -3.058053e+01  1.489731e+02
   endloop
 endfacet
 facet normal -7.160525e-01 -3.756366e-01 -5.883587e-01
   outer loop
     vertex  1.147662e+01 -3.066050e+01  1.490377e+02
     vertex  1.140583e+01 -3.065231e+01  1.491187e+02
     vertex  1.140543e+01 -3.062307e+01  1.491005e+02
   endloop
 endfacet
 facet normal -8.139535e-01 -2.229199e-01 -5.364574e-01
   outer loop
     vertex  1.147662e+01 -3.066050e+01  1.490377e+02
     vertex  1.152770e+01 -3.078166e+01  1.490106e+02
     vertex  1.146151e+01 -3.077401e+01  1.491078e+02
   endloop
 endfacet
 facet normal -7.360853e-01 -2.820002e-01 -6.153489e-01
   outer loop
     vertex  1.147662e+01 -3.066050e+01  1.490377e+02
     vertex  1.146151e+01 -3.077401e+01  1.491078e+02
     vertex  1.140583e+01 -3.065231e+01  1.491187e+02
   endloop
 endfacet
 facet normal -8.737211e-01 -4.499877e-01 -1.847229e-01
   outer loop
     vertex  1.152603e+01 -3.066621e+01  1.489421e+02
     vertex  1.149565e+01 -3.056097e+01  1.488294e+02
     vertex  1.155533e+01 -3.068693e+01  1.488540e+02
   endloop
 endfacet
 facet normal -8.391456e-01 -4.915401e-01 -2.328582e-01
   outer loop
     vertex  1.152603e+01 -3.066621e+01  1.489421e+02
     vertex  1.146723e+01 -3.058053e+01  1.489731e+02
     vertex  1.149565e+01 -3.056097e+01  1.488294e+02
   endloop
 endfacet
 facet normal -8.174594e-01 -4.170487e-01 -3.972789e-01
   outer loop
     vertex  1.152603e+01 -3.066621e+01  1.489421e+02
     vertex  1.147662e+01 -3.066050e+01  1.490377e+02
     vertex  1.146723e+01 -3.058053e+01  1.489731e+02
   endloop
 endfacet
 facet normal -8.625707e-01 -2.673799e-01 -4.295112e-01
   outer loop
     vertex  1.152603e+01 -3.066621e+01  1.489421e+02
     vertex  1.152770e+01 -3.078166e+01  1.490106e+02
     vertex  1.147662e+01 -3.066050e+01  1.490377e+02
   endloop
 endfacet
 facet normal -9.457669e-01 -1.757981e-01 -2.731666e-01
   outer loop
     vertex  1.152603e+01 -3.066621e+01  1.489421e+02
     vertex  1.155533e+01 -3.068693e+01  1.488540e+02
     vertex  1.152770e+01 -3.078166e+01  1.490106e+02
   endloop
 endfacet
 facet normal  1.390060e-01  5.434659e-02 -9.887992e-01
   outer loop
     vertex -3.952461e+01 -1.946072e+01  1.472858e+02
     vertex -3.929301e+01 -1.965561e+01  1.473077e+02
     vertex -3.942035e+01 -1.972741e+01  1.472858e+02
   endloop
 endfacet
 facet normal  7.805694e-04 -1.488600e-01 -9.888580e-01
   outer loop
     vertex -3.845498e+01 -1.839374e+01  1.473077e+02
     vertex -3.868272e+01 -1.824980e+01  1.472858e+02
     vertex -3.843820e+01 -1.824852e+01  1.472858e+02
   endloop
 endfacet
 facet normal  8.976123e-01  2.160290e-01 -3.842182e-01
   outer loop
     vertex -3.910133e+01 -1.938847e+01  1.475269e+02
     vertex -3.905709e+01 -1.924965e+01  1.477083e+02
     vertex -3.898647e+01 -1.948276e+01  1.477422e+02
   endloop
 endfacet
 facet normal  5.762106e-01  3.531761e-01 -7.370535e-01
   outer loop
     vertex -3.910133e+01 -1.938847e+01  1.475269e+02
     vertex -3.908187e+01 -1.953656e+01  1.474712e+02
     vertex -3.917680e+01 -1.959008e+01  1.473713e+02
   endloop
 endfacet
 facet normal  8.123914e-01  2.959123e-01 -5.024502e-01
   outer loop
     vertex -3.910133e+01 -1.938847e+01  1.475269e+02
     vertex -3.901652e+01 -1.949971e+01  1.475985e+02
     vertex -3.908187e+01 -1.953656e+01  1.474712e+02
   endloop
 endfacet
 facet normal  8.398650e-01  4.900422e-01 -2.334213e-01
   outer loop
     vertex -3.910133e+01 -1.938847e+01  1.475269e+02
     vertex -3.898647e+01 -1.948276e+01  1.477422e+02
     vertex -3.901652e+01 -1.949971e+01  1.475985e+02
   endloop
 endfacet
 facet normal  3.107361e-01 -1.433876e-01 -9.396186e-01
   outer loop
     vertex -3.917785e+01 -1.896507e+01  1.474006e+02
     vertex -3.949240e+01 -1.889433e+01  1.472858e+02
     vertex -3.942007e+01 -1.873757e+01  1.472858e+02
   endloop
 endfacet
 facet normal  3.153119e-01 -1.248586e-01 -9.407384e-01
   outer loop
     vertex -3.917785e+01 -1.896507e+01  1.474006e+02
     vertex -3.919785e+01 -1.901996e+01  1.474012e+02
     vertex -3.949240e+01 -1.889433e+01  1.472858e+02
   endloop
 endfacet
 facet normal  2.779349e-01 -2.016353e-01 -9.391993e-01
   outer loop
     vertex -3.909931e+01 -1.882827e+01  1.474002e+02
     vertex -3.942007e+01 -1.873757e+01  1.472858e+02
     vertex -3.929885e+01 -1.857048e+01  1.472858e+02
   endloop
 endfacet
 facet normal  2.884784e-01 -1.685563e-01 -9.425333e-01
   outer loop
     vertex -3.909931e+01 -1.882827e+01  1.474002e+02
     vertex -3.917785e+01 -1.896507e+01  1.474006e+02
     vertex -3.942007e+01 -1.873757e+01  1.472858e+02
   endloop
 endfacet
 facet normal  2.608180e-01 -2.156769e-01 -9.409875e-01
   outer loop
     vertex -3.905409e+01 -1.877514e+01  1.474006e+02
     vertex -3.909931e+01 -1.882827e+01  1.474002e+02
     vertex -3.929885e+01 -1.857048e+01  1.472858e+02
   endloop
 endfacet
 facet normal -1.381771e-01 -9.625224e-01 -2.333619e-01
   outer loop
     vertex -3.861971e+01 -1.867341e+01  1.475275e+02
     vertex -3.849143e+01 -1.870904e+01  1.475985e+02
     vertex -3.849539e+01 -1.874332e+01  1.477422e+02
   endloop
 endfacet
 facet normal  3.841999e-02 -8.635894e-01 -5.027298e-01
   outer loop
     vertex -3.861971e+01 -1.867341e+01  1.475275e+02
     vertex -3.848282e+01 -1.863452e+01  1.474712e+02
     vertex -3.849143e+01 -1.870904e+01  1.475985e+02
   endloop
 endfacet
 facet normal -1.139210e-01 -6.664637e-01 -7.367823e-01
   outer loop
     vertex -3.861971e+01 -1.867341e+01  1.475275e+02
     vertex -3.847030e+01 -1.852627e+01  1.473713e+02
     vertex -3.848282e+01 -1.863452e+01  1.474712e+02
   endloop
 endfacet
 facet normal  1.372367e-01 -9.157518e-01 -3.775775e-01
   outer loop
     vertex -3.861971e+01 -1.867341e+01  1.475275e+02
     vertex -3.849539e+01 -1.874332e+01  1.477422e+02
     vertex -3.872528e+01 -1.876443e+01  1.477099e+02
   endloop
 endfacet
 facet normal  1.218764e-01 -7.780053e-01 -6.163228e-01
   outer loop
     vertex -3.861971e+01 -1.867341e+01  1.475275e+02
     vertex -3.876513e+01 -1.860060e+01  1.474068e+02
     vertex -3.847030e+01 -1.852627e+01  1.473713e+02
   endloop
 endfacet
 facet normal  4.204330e-01  1.268317e-01 -8.984152e-01
   outer loop
     vertex -3.937731e+01 -1.932307e+01  1.473152e+02
     vertex -3.917680e+01 -1.959008e+01  1.473713e+02
     vertex -3.929301e+01 -1.965561e+01  1.473077e+02
   endloop
 endfacet
 facet normal  1.809257e-01  1.601089e-02 -9.833664e-01
   outer loop
     vertex -3.937731e+01 -1.932307e+01  1.473152e+02
     vertex -3.952461e+01 -1.946072e+01  1.472858e+02
     vertex -3.954987e+01 -1.917523e+01  1.472858e+02
   endloop
 endfacet
 facet normal  1.423075e-01  5.834822e-02 -9.881012e-01
   outer loop
     vertex -3.937731e+01 -1.932307e+01  1.473152e+02
     vertex -3.929301e+01 -1.965561e+01  1.473077e+02
     vertex -3.952461e+01 -1.946072e+01  1.472858e+02
   endloop
 endfacet
 facet normal  5.790758e-01 -1.505899e-01 -8.012452e-01
   outer loop
     vertex -3.937731e+01 -1.932307e+01  1.473152e+02
     vertex -3.922734e+01 -1.922461e+01  1.474050e+02
     vertex -3.910133e+01 -1.938847e+01  1.475269e+02
   endloop
 endfacet
 facet normal  6.234148e-01  3.179633e-01 -7.143202e-01
   outer loop
     vertex -3.937731e+01 -1.932307e+01  1.473152e+02
     vertex -3.910133e+01 -1.938847e+01  1.475269e+02
     vertex -3.917680e+01 -1.959008e+01  1.473713e+02
   endloop
 endfacet
 facet normal  1.648879e-01 -3.373531e-02 -9.857352e-01
   outer loop
     vertex -3.938392e+01 -1.920386e+01  1.473146e+02
     vertex -3.954987e+01 -1.917523e+01  1.472858e+02
     vertex -3.949240e+01 -1.889433e+01  1.472858e+02
   endloop
 endfacet
 facet normal  4.945008e-01 -5.188137e-02 -8.676274e-01
   outer loop
     vertex -3.938392e+01 -1.920386e+01  1.473146e+02
     vertex -3.921995e+01 -1.911467e+01  1.474027e+02
     vertex -3.922734e+01 -1.922461e+01  1.474050e+02
   endloop
 endfacet
 facet normal  1.713927e-01  4.520523e-03 -9.851924e-01
   outer loop
     vertex -3.938392e+01 -1.920386e+01  1.473146e+02
     vertex -3.937731e+01 -1.932307e+01  1.473152e+02
     vertex -3.954987e+01 -1.917523e+01  1.472858e+02
   endloop
 endfacet
 facet normal  5.251974e-01 -1.354800e-01 -8.401267e-01
   outer loop
     vertex -3.938392e+01 -1.920386e+01  1.473146e+02
     vertex -3.919785e+01 -1.901996e+01  1.474012e+02
     vertex -3.921995e+01 -1.911467e+01  1.474027e+02
   endloop
 endfacet
 facet normal  3.821354e-01  4.824549e-02 -9.228461e-01
   outer loop
     vertex -3.938392e+01 -1.920386e+01  1.473146e+02
     vertex -3.949240e+01 -1.889433e+01  1.472858e+02
     vertex -3.919785e+01 -1.901996e+01  1.474012e+02
   endloop
 endfacet
 facet normal  5.025305e-01  2.349598e-02 -8.642401e-01
   outer loop
     vertex -3.938392e+01 -1.920386e+01  1.473146e+02
     vertex -3.922734e+01 -1.922461e+01  1.474050e+02
     vertex -3.937731e+01 -1.932307e+01  1.473152e+02
   endloop
 endfacet
 facet normal  7.749770e-01  1.371221e-01 -6.169344e-01
   outer loop
     vertex -3.911254e+01 -1.923866e+01  1.475461e+02
     vertex -3.910133e+01 -1.938847e+01  1.475269e+02
     vertex -3.922734e+01 -1.922461e+01  1.474050e+02
   endloop
 endfacet
 facet normal  9.426704e-01  1.108937e-01 -3.147618e-01
   outer loop
     vertex -3.911254e+01 -1.923866e+01  1.475461e+02
     vertex -3.905709e+01 -1.924965e+01  1.477083e+02
     vertex -3.910133e+01 -1.938847e+01  1.475269e+02
   endloop
 endfacet
 facet normal  9.236445e-01 -1.349816e-01 -3.586933e-01
   outer loop
     vertex -3.911287e+01 -1.919296e+01  1.475433e+02
     vertex -3.903852e+01 -1.908683e+01  1.476949e+02
     vertex -3.905709e+01 -1.924965e+01  1.477083e+02
   endloop
 endfacet
 facet normal  7.760340e-01 -6.562537e-02 -6.272675e-01
   outer loop
     vertex -3.911287e+01 -1.919296e+01  1.475433e+02
     vertex -3.922734e+01 -1.922461e+01  1.474050e+02
     vertex -3.921995e+01 -1.911467e+01  1.474027e+02
   endloop
 endfacet
 facet normal  9.458875e-01 -1.282477e-02 -3.242412e-01
   outer loop
     vertex -3.911287e+01 -1.919296e+01  1.475433e+02
     vertex -3.905709e+01 -1.924965e+01  1.477083e+02
     vertex -3.911254e+01 -1.923866e+01  1.475461e+02
   endloop
 endfacet
 facet normal  7.736355e-01 -3.287156e-02 -6.327777e-01
   outer loop
     vertex -3.911287e+01 -1.919296e+01  1.475433e+02
     vertex -3.911254e+01 -1.923866e+01  1.475461e+02
     vertex -3.922734e+01 -1.922461e+01  1.474050e+02
   endloop
 endfacet
 facet normal  7.398809e-01 -1.826149e-01 -6.474782e-01
   outer loop
     vertex -3.908415e+01 -1.903997e+01  1.475368e+02
     vertex -3.921995e+01 -1.911467e+01  1.474027e+02
     vertex -3.919785e+01 -1.901996e+01  1.474012e+02
   endloop
 endfacet
 facet normal  7.181971e-01 -2.684694e-01 -6.419634e-01
   outer loop
     vertex -3.908415e+01 -1.903997e+01  1.475368e+02
     vertex -3.919785e+01 -1.901996e+01  1.474012e+02
     vertex -3.917785e+01 -1.896507e+01  1.474006e+02
   endloop
 endfacet
 facet normal  9.273981e-01 -1.879817e-01 -3.234126e-01
   outer loop
     vertex -3.908415e+01 -1.903997e+01  1.475368e+02
     vertex -3.903852e+01 -1.908683e+01  1.476949e+02
     vertex -3.911287e+01 -1.919296e+01  1.475433e+02
   endloop
 endfacet
 facet normal  7.377166e-01 -1.665166e-01 -6.542526e-01
   outer loop
     vertex -3.908415e+01 -1.903997e+01  1.475368e+02
     vertex -3.911287e+01 -1.919296e+01  1.475433e+02
     vertex -3.921995e+01 -1.911467e+01  1.474027e+02
   endloop
 endfacet
 facet normal  7.856285e-01 -4.618462e-01 -4.116868e-01
   outer loop
     vertex -3.905893e+01 -1.897947e+01  1.475355e+02
     vertex -3.892201e+01 -1.888647e+01  1.476924e+02
     vertex -3.903852e+01 -1.908683e+01  1.476949e+02
   endloop
 endfacet
 facet normal  8.595491e-01 -3.660527e-01 -3.566240e-01
   outer loop
     vertex -3.905893e+01 -1.897947e+01  1.475355e+02
     vertex -3.903852e+01 -1.908683e+01  1.476949e+02
     vertex -3.908415e+01 -1.903997e+01  1.475368e+02
   endloop
 endfacet
 facet normal  6.706342e-01 -3.870066e-01 -6.328314e-01
   outer loop
     vertex -3.905893e+01 -1.897947e+01  1.475355e+02
     vertex -3.917785e+01 -1.896507e+01  1.474006e+02
     vertex -3.909931e+01 -1.882827e+01  1.474002e+02
   endloop
 endfacet
 facet normal  6.978302e-01 -3.050368e-01 -6.480629e-01
   outer loop
     vertex -3.905893e+01 -1.897947e+01  1.475355e+02
     vertex -3.908415e+01 -1.903997e+01  1.475368e+02
     vertex -3.917785e+01 -1.896507e+01  1.474006e+02
   endloop
 endfacet
 facet normal  1.059642e-01 -1.227599e-01 -9.867632e-01
   outer loop
     vertex -3.897535e+01 -1.851976e+01  1.473143e+02
     vertex -3.929885e+01 -1.857048e+01  1.472858e+02
     vertex -3.911157e+01 -1.840882e+01  1.472858e+02
   endloop
 endfacet
 facet normal  1.369031e-01 -3.548230e-01 -9.248558e-01
   outer loop
     vertex -3.897535e+01 -1.851976e+01  1.473143e+02
     vertex -3.905409e+01 -1.877514e+01  1.474006e+02
     vertex -3.929885e+01 -1.857048e+01  1.472858e+02
   endloop
 endfacet
 facet normal  3.794853e-01 -3.991321e-01 -8.346763e-01
   outer loop
     vertex -3.897535e+01 -1.851976e+01  1.473143e+02
     vertex -3.899253e+01 -1.871840e+01  1.474014e+02
     vertex -3.905409e+01 -1.877514e+01  1.474006e+02
   endloop
 endfacet
 facet normal  2.715645e-01 -4.063640e-01 -8.724225e-01
   outer loop
     vertex -3.897535e+01 -1.851976e+01  1.473143e+02
     vertex -3.885967e+01 -1.863564e+01  1.474042e+02
     vertex -3.899253e+01 -1.871840e+01  1.474014e+02
   endloop
 endfacet
 facet normal  7.618850e-02 -1.633250e-01 -9.836261e-01
   outer loop
     vertex -3.886266e+01 -1.846724e+01  1.473148e+02
     vertex -3.911157e+01 -1.840882e+01  1.472858e+02
     vertex -3.884188e+01 -1.828302e+01  1.472858e+02
   endloop
 endfacet
 facet normal  1.934318e-01 -4.574976e-01 -8.679171e-01
   outer loop
     vertex -3.886266e+01 -1.846724e+01  1.473148e+02
     vertex -3.876513e+01 -1.860060e+01  1.474068e+02
     vertex -3.885967e+01 -1.863564e+01  1.474042e+02
   endloop
 endfacet
 facet normal  7.784800e-02 -1.567220e-01 -9.845699e-01
   outer loop
     vertex -3.886266e+01 -1.846724e+01  1.473148e+02
     vertex -3.897535e+01 -1.851976e+01  1.473143e+02
     vertex -3.911157e+01 -1.840882e+01  1.472858e+02
   endloop
 endfacet
 facet normal  2.162510e-01 -4.549407e-01 -8.638660e-01
   outer loop
     vertex -3.886266e+01 -1.846724e+01  1.473148e+02
     vertex -3.885967e+01 -1.863564e+01  1.474042e+02
     vertex -3.897535e+01 -1.851976e+01  1.473143e+02
   endloop
 endfacet
 facet normal  5.854052e-01 -4.939616e-01 -6.428863e-01
   outer loop
     vertex -3.898668e+01 -1.887088e+01  1.475355e+02
     vertex -3.909931e+01 -1.882827e+01  1.474002e+02
     vertex -3.905409e+01 -1.877514e+01  1.474006e+02
   endloop
 endfacet
 facet normal  5.189270e-01 -5.531806e-01 -6.516947e-01
   outer loop
     vertex -3.898668e+01 -1.887088e+01  1.475355e+02
     vertex -3.905409e+01 -1.877514e+01  1.474006e+02
     vertex -3.899253e+01 -1.871840e+01  1.474014e+02
   endloop
 endfacet
 facet normal  6.289802e-01 -4.182533e-01 -6.553229e-01
   outer loop
     vertex -3.898668e+01 -1.887088e+01  1.475355e+02
     vertex -3.905893e+01 -1.897947e+01  1.475355e+02
     vertex -3.909931e+01 -1.882827e+01  1.474002e+02
   endloop
 endfacet
 facet normal  7.735607e-01 -5.145378e-01 -3.699387e-01
   outer loop
     vertex -3.898668e+01 -1.887088e+01  1.475355e+02
     vertex -3.892201e+01 -1.888647e+01  1.476924e+02
     vertex -3.905893e+01 -1.897947e+01  1.475355e+02
   endloop
 endfacet
 facet normal  5.915176e-02 -1.616316e-01 -9.850768e-01
   outer loop
     vertex -3.880375e+01 -1.844766e+01  1.473151e+02
     vertex -3.886266e+01 -1.846724e+01  1.473148e+02
     vertex -3.884188e+01 -1.828302e+01  1.472858e+02
   endloop
 endfacet
 facet normal  1.631986e-01 -4.767411e-01 -8.637616e-01
   outer loop
     vertex -3.880375e+01 -1.844766e+01  1.473151e+02
     vertex -3.876513e+01 -1.860060e+01  1.474068e+02
     vertex -3.886266e+01 -1.846724e+01  1.473148e+02
   endloop
 endfacet
 facet normal  3.313241e-02 -4.357140e-01 -8.994752e-01
   outer loop
     vertex -3.873805e+01 -1.843146e+01  1.473155e+02
     vertex -3.845498e+01 -1.839374e+01  1.473077e+02
     vertex -3.847030e+01 -1.852627e+01  1.473713e+02
   endloop
 endfacet
 facet normal  1.251769e-01 -4.867880e-01 -8.645046e-01
   outer loop
     vertex -3.873805e+01 -1.843146e+01  1.473155e+02
     vertex -3.876513e+01 -1.860060e+01  1.474068e+02
     vertex -3.880375e+01 -1.844766e+01  1.473151e+02
   endloop
 endfacet
 facet normal  3.586486e-02 -1.718518e-01 -9.844697e-01
   outer loop
     vertex -3.873805e+01 -1.843146e+01  1.473155e+02
     vertex -3.884188e+01 -1.828302e+01  1.472858e+02
     vertex -3.868272e+01 -1.824980e+01  1.472858e+02
   endloop
 endfacet
 facet normal -6.110469e-03 -1.595078e-01 -9.871778e-01
   outer loop
     vertex -3.873805e+01 -1.843146e+01  1.473155e+02
     vertex -3.868272e+01 -1.824980e+01  1.472858e+02
     vertex -3.845498e+01 -1.839374e+01  1.473077e+02
   endloop
 endfacet
 facet normal  1.429466e-02 -4.768063e-01 -8.788922e-01
   outer loop
     vertex -3.873805e+01 -1.843146e+01  1.473155e+02
     vertex -3.847030e+01 -1.852627e+01  1.473713e+02
     vertex -3.876513e+01 -1.860060e+01  1.474068e+02
   endloop
 endfacet
 facet normal  4.645099e-02 -1.646066e-01 -9.852649e-01
   outer loop
     vertex -3.873805e+01 -1.843146e+01  1.473155e+02
     vertex -3.880375e+01 -1.844766e+01  1.473151e+02
     vertex -3.884188e+01 -1.828302e+01  1.472858e+02
   endloop
 endfacet
 facet normal  5.201514e-01 -5.526620e-01 -6.511583e-01
   outer loop
     vertex -3.889135e+01 -1.878523e+01  1.475390e+02
     vertex -3.898668e+01 -1.887088e+01  1.475355e+02
     vertex -3.899253e+01 -1.871840e+01  1.474014e+02
   endloop
 endfacet
 facet normal  5.082960e-01 -7.620441e-01 -4.011533e-01
   outer loop
     vertex -3.889135e+01 -1.878523e+01  1.475390e+02
     vertex -3.872528e+01 -1.876443e+01  1.477099e+02
     vertex -3.892201e+01 -1.888647e+01  1.476924e+02
   endloop
 endfacet
 facet normal  4.210586e-01 -6.546410e-01 -6.278175e-01
   outer loop
     vertex -3.889135e+01 -1.878523e+01  1.475390e+02
     vertex -3.899253e+01 -1.871840e+01  1.474014e+02
     vertex -3.885967e+01 -1.863564e+01  1.474042e+02
   endloop
 endfacet
 facet normal  6.371007e-01 -6.957569e-01 -3.317003e-01
   outer loop
     vertex -3.889135e+01 -1.878523e+01  1.475390e+02
     vertex -3.892201e+01 -1.888647e+01  1.476924e+02
     vertex -3.898668e+01 -1.887088e+01  1.475355e+02
   endloop
 endfacet
 facet normal  3.870796e-01 -6.609885e-01 -6.428558e-01
   outer loop
     vertex -3.877640e+01 -1.872449e+01  1.475457e+02
     vertex -3.889135e+01 -1.878523e+01  1.475390e+02
     vertex -3.885967e+01 -1.863564e+01  1.474042e+02
   endloop
 endfacet
 facet normal  2.864223e-01 -7.264280e-01 -6.247116e-01
   outer loop
     vertex -3.877640e+01 -1.872449e+01  1.475457e+02
     vertex -3.885967e+01 -1.863564e+01  1.474042e+02
     vertex -3.876513e+01 -1.860060e+01  1.474068e+02
   endloop
 endfacet
 facet normal  4.547175e-01 -8.224638e-01 -3.417385e-01
   outer loop
     vertex -3.877640e+01 -1.872449e+01  1.475457e+02
     vertex -3.872528e+01 -1.876443e+01  1.477099e+02
     vertex -3.889135e+01 -1.878523e+01  1.475390e+02
   endloop
 endfacet
 facet normal  2.873401e-01 -7.262591e-01 -6.244865e-01
   outer loop
     vertex -3.873668e+01 -1.871120e+01  1.475485e+02
     vertex -3.877640e+01 -1.872449e+01  1.475457e+02
     vertex -3.876513e+01 -1.860060e+01  1.474068e+02
   endloop
 endfacet
 facet normal  3.210908e-01 -8.923713e-01 -3.171342e-01
   outer loop
     vertex -3.873668e+01 -1.871120e+01  1.475485e+02
     vertex -3.872528e+01 -1.876443e+01  1.477099e+02
     vertex -3.877640e+01 -1.872449e+01  1.475457e+02
   endloop
 endfacet
 facet normal  2.387572e-01 -9.170307e-01 -3.194521e-01
   outer loop
     vertex -3.873668e+01 -1.871120e+01  1.475485e+02
     vertex -3.861971e+01 -1.867341e+01  1.475275e+02
     vertex -3.872528e+01 -1.876443e+01  1.477099e+02
   endloop
 endfacet
 facet normal  1.353275e-01 -7.677233e-01 -6.263285e-01
   outer loop
     vertex -3.873668e+01 -1.871120e+01  1.475485e+02
     vertex -3.876513e+01 -1.860060e+01  1.474068e+02
     vertex -3.861971e+01 -1.867341e+01  1.475275e+02
   endloop
 endfacet
 facet normal  7.652991e-01 -6.001150e-01 -2.327644e-01
   outer loop
     vertex -3.962483e+01 -2.476236e+01  1.475985e+02
     vertex -3.915972e+01 -2.422497e+01  1.477422e+02
     vertex -3.959943e+01 -2.478571e+01  1.477422e+02
   endloop
 endfacet
 facet normal  1.166651e-01 -9.148383e-02 -9.889489e-01
   outer loop
     vertex -3.996606e+01 -2.444854e+01  1.472858e+02
     vertex -3.957459e+01 -2.394932e+01  1.472858e+02
     vertex -3.985846e+01 -2.454750e+01  1.473077e+02
   endloop
 endfacet
 facet normal  7.820613e-01  3.632694e-01 -5.063748e-01
   outer loop
     vertex -3.871861e+01 -2.014107e+01  1.475985e+02
     vertex -3.908187e+01 -1.953656e+01  1.474712e+02
     vertex -3.901652e+01 -1.949971e+01  1.475985e+02
   endloop
 endfacet
 facet normal  8.820233e-01  4.097020e-01 -2.327644e-01
   outer loop
     vertex -3.871861e+01 -2.014107e+01  1.475985e+02
     vertex -3.901652e+01 -1.949971e+01  1.475985e+02
     vertex -3.898647e+01 -1.948276e+01  1.477422e+02
   endloop
 endfacet
 facet normal  8.820233e-01  4.097020e-01 -2.327644e-01
   outer loop
     vertex -3.871861e+01 -2.014107e+01  1.475985e+02
     vertex -3.898647e+01 -1.948276e+01  1.477422e+02
     vertex -3.868627e+01 -2.012904e+01  1.477422e+02
   endloop
 endfacet
 facet normal  6.137439e-01  2.850856e-01 -7.362368e-01
   outer loop
     vertex -3.878892e+01 -2.016724e+01  1.474712e+02
     vertex -3.917680e+01 -1.959008e+01  1.473713e+02
     vertex -3.908187e+01 -1.953656e+01  1.474712e+02
   endloop
 endfacet
 facet normal  7.820613e-01  3.632694e-01 -5.063748e-01
   outer loop
     vertex -3.878892e+01 -2.016724e+01  1.474712e+02
     vertex -3.908187e+01 -1.953656e+01  1.474712e+02
     vertex -3.871861e+01 -2.014107e+01  1.475985e+02
   endloop
 endfacet
 facet normal  3.914283e-01  1.818194e-01 -9.020674e-01
   outer loop
     vertex -3.889105e+01 -2.020525e+01  1.473713e+02
     vertex -3.929301e+01 -1.965561e+01  1.473077e+02
     vertex -3.917680e+01 -1.959008e+01  1.473713e+02
   endloop
 endfacet
 facet normal  6.137439e-01  2.850856e-01 -7.362368e-01
   outer loop
     vertex -3.889105e+01 -2.020525e+01  1.473713e+02
     vertex -3.917680e+01 -1.959008e+01  1.473713e+02
     vertex -3.878892e+01 -2.016724e+01  1.474712e+02
   endloop
 endfacet
 facet normal  1.344590e-01  6.245654e-02 -9.889489e-01
   outer loop
     vertex -3.901608e+01 -2.025178e+01  1.473077e+02
     vertex -3.942035e+01 -1.972741e+01  1.472858e+02
     vertex -3.929301e+01 -1.965561e+01  1.473077e+02
   endloop
 endfacet
 facet normal  1.344590e-01  6.245654e-02 -9.889489e-01
   outer loop
     vertex -3.901608e+01 -2.025178e+01  1.473077e+02
     vertex -3.915309e+01 -2.030277e+01  1.472858e+02
     vertex -3.942035e+01 -1.972741e+01  1.472858e+02
   endloop
 endfacet
 facet normal  3.914283e-01  1.818194e-01 -9.020674e-01
   outer loop
     vertex -3.901608e+01 -2.025178e+01  1.473077e+02
     vertex -3.929301e+01 -1.965561e+01  1.473077e+02
     vertex -3.889105e+01 -2.020525e+01  1.473713e+02
   endloop
 endfacet
 facet normal  9.352669e-01  2.666394e-01 -2.327644e-01
   outer loop
     vertex -3.852472e+01 -2.082115e+01  1.475985e+02
     vertex -3.868627e+01 -2.012904e+01  1.477422e+02
     vertex -3.849090e+01 -2.081432e+01  1.477422e+02
   endloop
 endfacet
 facet normal  9.352669e-01  2.666394e-01 -2.327644e-01
   outer loop
     vertex -3.852472e+01 -2.082115e+01  1.475985e+02
     vertex -3.871861e+01 -2.014107e+01  1.475985e+02
     vertex -3.868627e+01 -2.012904e+01  1.477422e+02
   endloop
 endfacet
 facet normal  8.292707e-01  2.364204e-01 -5.063748e-01
   outer loop
     vertex -3.859826e+01 -2.083599e+01  1.474712e+02
     vertex -3.871861e+01 -2.014107e+01  1.475985e+02
     vertex -3.852472e+01 -2.082115e+01  1.475985e+02
   endloop
 endfacet
 facet normal  8.292707e-01  2.364204e-01 -5.063748e-01
   outer loop
     vertex -3.859826e+01 -2.083599e+01  1.474712e+02
     vertex -3.878892e+01 -2.016724e+01  1.474712e+02
     vertex -3.871861e+01 -2.014107e+01  1.475985e+02
   endloop
 endfacet
 facet normal  6.507928e-01  1.855374e-01 -7.362368e-01
   outer loop
     vertex -3.870508e+01 -2.085755e+01  1.473713e+02
     vertex -3.889105e+01 -2.020525e+01  1.473713e+02
     vertex -3.878892e+01 -2.016724e+01  1.474712e+02
   endloop
 endfacet
 facet normal  6.507928e-01  1.855374e-01 -7.362368e-01
   outer loop
     vertex -3.870508e+01 -2.085755e+01  1.473713e+02
     vertex -3.878892e+01 -2.016724e+01  1.474712e+02
     vertex -3.859826e+01 -2.083599e+01  1.474712e+02
   endloop
 endfacet
 facet normal  1.425757e-01  4.064752e-02 -9.889489e-01
   outer loop
     vertex -3.883585e+01 -2.088395e+01  1.473077e+02
     vertex -3.897915e+01 -2.091287e+01  1.472858e+02
     vertex -3.915309e+01 -2.030277e+01  1.472858e+02
   endloop
 endfacet
 facet normal  1.425757e-01  4.064752e-02 -9.889489e-01
   outer loop
     vertex -3.883585e+01 -2.088395e+01  1.473077e+02
     vertex -3.915309e+01 -2.030277e+01  1.472858e+02
     vertex -3.901608e+01 -2.025178e+01  1.473077e+02
   endloop
 endfacet
 facet normal  4.150571e-01  1.183304e-01 -9.020674e-01
   outer loop
     vertex -3.883585e+01 -2.088395e+01  1.473077e+02
     vertex -3.901608e+01 -2.025178e+01  1.473077e+02
     vertex -3.889105e+01 -2.020525e+01  1.473713e+02
   endloop
 endfacet
 facet normal  4.150571e-01  1.183304e-01 -9.020674e-01
   outer loop
     vertex -3.883585e+01 -2.088395e+01  1.473077e+02
     vertex -3.889105e+01 -2.020525e+01  1.473713e+02
     vertex -3.870508e+01 -2.085755e+01  1.473713e+02
   endloop
 endfacet
 facet normal  9.654688e-01  1.170076e-01 -2.327644e-01
   outer loop
     vertex -3.843964e+01 -2.152319e+01  1.475985e+02
     vertex -3.849090e+01 -2.081432e+01  1.477422e+02
     vertex -3.840517e+01 -2.152173e+01  1.477422e+02
   endloop
 endfacet
 facet normal  9.654688e-01  1.170076e-01 -2.327644e-01
   outer loop
     vertex -3.843964e+01 -2.152319e+01  1.475985e+02
     vertex -3.852472e+01 -2.082115e+01  1.475985e+02
     vertex -3.849090e+01 -2.081432e+01  1.477422e+02
   endloop
 endfacet
 facet normal  8.560497e-01  1.037469e-01 -5.063748e-01
   outer loop
     vertex -3.851459e+01 -2.152634e+01  1.474712e+02
     vertex -3.859826e+01 -2.083599e+01  1.474712e+02
     vertex -3.852472e+01 -2.082115e+01  1.475985e+02
   endloop
 endfacet
 facet normal  8.560497e-01  1.037469e-01 -5.063748e-01
   outer loop
     vertex -3.851459e+01 -2.152634e+01  1.474712e+02
     vertex -3.852472e+01 -2.082115e+01  1.475985e+02
     vertex -3.843964e+01 -2.152319e+01  1.475985e+02
   endloop
 endfacet
 facet normal  6.718083e-01  8.141818e-02 -7.362368e-01
   outer loop
     vertex -3.862347e+01 -2.153092e+01  1.473713e+02
     vertex -3.859826e+01 -2.083599e+01  1.474712e+02
     vertex -3.851459e+01 -2.152634e+01  1.474712e+02
   endloop
 endfacet
 facet normal  6.718083e-01  8.141818e-02 -7.362368e-01
   outer loop
     vertex -3.862347e+01 -2.153092e+01  1.473713e+02
     vertex -3.870508e+01 -2.085755e+01  1.473713e+02
     vertex -3.859826e+01 -2.083599e+01  1.474712e+02
   endloop
 endfacet
 facet normal  1.471798e-01  1.783709e-02 -9.889489e-01
   outer loop
     vertex -3.875677e+01 -2.153653e+01  1.473077e+02
     vertex -3.890282e+01 -2.154267e+01  1.472858e+02
     vertex -3.897915e+01 -2.091287e+01  1.472858e+02
   endloop
 endfacet
 facet normal  4.284602e-01  5.192619e-02 -9.020674e-01
   outer loop
     vertex -3.875677e+01 -2.153653e+01  1.473077e+02
     vertex -3.883585e+01 -2.088395e+01  1.473077e+02
     vertex -3.870508e+01 -2.085755e+01  1.473713e+02
   endloop
 endfacet
 facet normal  1.471798e-01  1.783709e-02 -9.889489e-01
   outer loop
     vertex -3.875677e+01 -2.153653e+01  1.473077e+02
     vertex -3.897915e+01 -2.091287e+01  1.472858e+02
     vertex -3.883585e+01 -2.088395e+01  1.473077e+02
   endloop
 endfacet
 facet normal  4.284602e-01  5.192619e-02 -9.020674e-01
   outer loop
     vertex -3.875677e+01 -2.153653e+01  1.473077e+02
     vertex -3.870508e+01 -2.085755e+01  1.473713e+02
     vertex -3.862347e+01 -2.153092e+01  1.473713e+02
   endloop
 endfacet
 facet normal  9.718848e-01 -3.550675e-02 -2.327644e-01
   outer loop
     vertex -3.846546e+01 -2.222989e+01  1.475985e+02
     vertex -3.840517e+01 -2.152173e+01  1.477422e+02
     vertex -3.843118e+01 -2.223385e+01  1.477422e+02
   endloop
 endfacet
 facet normal  9.718848e-01 -3.550675e-02 -2.327644e-01
   outer loop
     vertex -3.846546e+01 -2.222989e+01  1.475985e+02
     vertex -3.843964e+01 -2.152319e+01  1.475985e+02
     vertex -3.840517e+01 -2.152173e+01  1.477422e+02
   endloop
 endfacet
 facet normal  8.617386e-01 -3.148268e-02 -5.063748e-01
   outer loop
     vertex -3.853998e+01 -2.222127e+01  1.474712e+02
     vertex -3.851459e+01 -2.152634e+01  1.474712e+02
     vertex -3.843964e+01 -2.152319e+01  1.475985e+02
   endloop
 endfacet
 facet normal  8.617386e-01 -3.148268e-02 -5.063748e-01
   outer loop
     vertex -3.853998e+01 -2.222127e+01  1.474712e+02
     vertex -3.843964e+01 -2.152319e+01  1.475985e+02
     vertex -3.846546e+01 -2.222989e+01  1.475985e+02
   endloop
 endfacet
 facet normal  6.762728e-01 -2.470689e-02 -7.362368e-01
   outer loop
     vertex -3.864824e+01 -2.220876e+01  1.473713e+02
     vertex -3.862347e+01 -2.153092e+01  1.473713e+02
     vertex -3.851459e+01 -2.152634e+01  1.474712e+02
   endloop
 endfacet
 facet normal  6.762728e-01 -2.470689e-02 -7.362368e-01
   outer loop
     vertex -3.864824e+01 -2.220876e+01  1.473713e+02
     vertex -3.851459e+01 -2.152634e+01  1.474712e+02
     vertex -3.853998e+01 -2.222127e+01  1.474712e+02
   endloop
 endfacet
 facet normal  1.481578e-01 -5.412784e-03 -9.889489e-01
   outer loop
     vertex -3.878077e+01 -2.219344e+01  1.473077e+02
     vertex -3.892599e+01 -2.217666e+01  1.472858e+02
     vertex -3.890282e+01 -2.154267e+01  1.472858e+02
   endloop
 endfacet
 facet normal  1.481578e-01 -5.412784e-03 -9.889489e-01
   outer loop
     vertex -3.878077e+01 -2.219344e+01  1.473077e+02
     vertex -3.890282e+01 -2.154267e+01  1.472858e+02
     vertex -3.875677e+01 -2.153653e+01  1.473077e+02
   endloop
 endfacet
 facet normal  4.313075e-01 -1.575735e-02 -9.020674e-01
   outer loop
     vertex -3.878077e+01 -2.219344e+01  1.473077e+02
     vertex -3.875677e+01 -2.153653e+01  1.473077e+02
     vertex -3.862347e+01 -2.153092e+01  1.473713e+02
   endloop
 endfacet
 facet normal  4.313075e-01 -1.575735e-02 -9.020674e-01
   outer loop
     vertex -3.878077e+01 -2.219344e+01  1.473077e+02
     vertex -3.862347e+01 -2.153092e+01  1.473713e+02
     vertex -3.864824e+01 -2.220876e+01  1.473713e+02
   endloop
 endfacet
 facet normal  9.543568e-01 -1.871464e-01 -2.327644e-01
   outer loop
     vertex -3.860154e+01 -2.292384e+01  1.475985e+02
     vertex -3.843118e+01 -2.223385e+01  1.477422e+02
     vertex -3.856831e+01 -2.293312e+01  1.477422e+02
   endloop
 endfacet
 facet normal  9.543568e-01 -1.871464e-01 -2.327644e-01
   outer loop
     vertex -3.860154e+01 -2.292384e+01  1.475985e+02
     vertex -3.846546e+01 -2.222989e+01  1.475985e+02
     vertex -3.843118e+01 -2.223385e+01  1.477422e+02
   endloop
 endfacet
 facet normal  8.461971e-01 -1.659366e-01 -5.063748e-01
   outer loop
     vertex -3.867380e+01 -2.290368e+01  1.474712e+02
     vertex -3.853998e+01 -2.222127e+01  1.474712e+02
     vertex -3.846546e+01 -2.222989e+01  1.475985e+02
   endloop
 endfacet
 facet normal  8.461971e-01 -1.659366e-01 -5.063748e-01
   outer loop
     vertex -3.867380e+01 -2.290368e+01  1.474712e+02
     vertex -3.846546e+01 -2.222989e+01  1.475985e+02
     vertex -3.860154e+01 -2.292384e+01  1.475985e+02
   endloop
 endfacet
 facet normal  6.640762e-01 -1.302233e-01 -7.362368e-01
   outer loop
     vertex -3.877876e+01 -2.287438e+01  1.473713e+02
     vertex -3.853998e+01 -2.222127e+01  1.474712e+02
     vertex -3.867380e+01 -2.290368e+01  1.474712e+02
   endloop
 endfacet
 facet normal  6.640762e-01 -1.302233e-01 -7.362368e-01
   outer loop
     vertex -3.877876e+01 -2.287438e+01  1.473713e+02
     vertex -3.864824e+01 -2.220876e+01  1.473713e+02
     vertex -3.853998e+01 -2.222127e+01  1.474712e+02
   endloop
 endfacet
 facet normal  4.235289e-01 -8.305268e-02 -9.020674e-01
   outer loop
     vertex -3.890726e+01 -2.283851e+01  1.473077e+02
     vertex -3.864824e+01 -2.220876e+01  1.473713e+02
     vertex -3.877876e+01 -2.287438e+01  1.473713e+02
   endloop
 endfacet
 facet normal  1.454858e-01 -2.852931e-02 -9.889489e-01
   outer loop
     vertex -3.890726e+01 -2.283851e+01  1.473077e+02
     vertex -3.904807e+01 -2.279921e+01  1.472858e+02
     vertex -3.892599e+01 -2.217666e+01  1.472858e+02
   endloop
 endfacet
 facet normal  1.454858e-01 -2.852931e-02 -9.889489e-01
   outer loop
     vertex -3.890726e+01 -2.283851e+01  1.473077e+02
     vertex -3.892599e+01 -2.217666e+01  1.472858e+02
     vertex -3.878077e+01 -2.219344e+01  1.473077e+02
   endloop
 endfacet
 facet normal  4.235289e-01 -8.305268e-02 -9.020674e-01
   outer loop
     vertex -3.890726e+01 -2.283851e+01  1.473077e+02
     vertex -3.878077e+01 -2.219344e+01  1.473077e+02
     vertex -3.864824e+01 -2.220876e+01  1.473713e+02
   endloop
 endfacet
 facet normal  9.133168e-01 -3.341753e-01 -2.327644e-01
   outer loop
     vertex -3.884454e+01 -2.358796e+01  1.475985e+02
     vertex -3.856831e+01 -2.293312e+01  1.477422e+02
     vertex -3.881316e+01 -2.360232e+01  1.477422e+02
   endloop
 endfacet
 facet normal  9.133168e-01 -3.341753e-01 -2.327644e-01
   outer loop
     vertex -3.884454e+01 -2.358796e+01  1.475985e+02
     vertex -3.860154e+01 -2.292384e+01  1.475985e+02
     vertex -3.856831e+01 -2.293312e+01  1.477422e+02
   endloop
 endfacet
 facet normal  8.098083e-01 -2.963024e-01 -5.063748e-01
   outer loop
     vertex -3.891275e+01 -2.355673e+01  1.474712e+02
     vertex -3.867380e+01 -2.290368e+01  1.474712e+02
     vertex -3.860154e+01 -2.292384e+01  1.475985e+02
   endloop
 endfacet
 facet normal  8.098083e-01 -2.963024e-01 -5.063748e-01
   outer loop
     vertex -3.891275e+01 -2.355673e+01  1.474712e+02
     vertex -3.860154e+01 -2.292384e+01  1.475985e+02
     vertex -3.884454e+01 -2.358796e+01  1.475985e+02
   endloop
 endfacet
 facet normal  4.053159e-01 -1.483019e-01 -9.020674e-01
   outer loop
     vertex -3.901183e+01 -2.351137e+01  1.473713e+02
     vertex -3.890726e+01 -2.283851e+01  1.473077e+02
     vertex -3.877876e+01 -2.287438e+01  1.473713e+02
   endloop
 endfacet
 facet normal  6.355191e-01 -2.325314e-01 -7.362368e-01
   outer loop
     vertex -3.901183e+01 -2.351137e+01  1.473713e+02
     vertex -3.867380e+01 -2.290368e+01  1.474712e+02
     vertex -3.891275e+01 -2.355673e+01  1.474712e+02
   endloop
 endfacet
 facet normal  6.355191e-01 -2.325314e-01 -7.362368e-01
   outer loop
     vertex -3.901183e+01 -2.351137e+01  1.473713e+02
     vertex -3.877876e+01 -2.287438e+01  1.473713e+02
     vertex -3.867380e+01 -2.290368e+01  1.474712e+02
   endloop
 endfacet
 facet normal  4.053159e-01 -1.483019e-01 -9.020674e-01
   outer loop
     vertex -3.913314e+01 -2.345584e+01  1.473077e+02
     vertex -3.890726e+01 -2.283851e+01  1.473077e+02
     vertex -3.901183e+01 -2.351137e+01  1.473713e+02
   endloop
 endfacet
 facet normal  1.392295e-01 -5.094297e-02 -9.889489e-01
   outer loop
     vertex -3.913314e+01 -2.345584e+01  1.473077e+02
     vertex -3.926606e+01 -2.339499e+01  1.472858e+02
     vertex -3.904807e+01 -2.279921e+01  1.472858e+02
   endloop
 endfacet
 facet normal  1.295431e-01 -7.210157e-02 -9.889489e-01
   outer loop
     vertex -3.913314e+01 -2.345584e+01  1.473077e+02
     vertex -3.957459e+01 -2.394932e+01  1.472858e+02
     vertex -3.926606e+01 -2.339499e+01  1.472858e+02
   endloop
 endfacet
 facet normal  1.392295e-01 -5.094297e-02 -9.889489e-01
   outer loop
     vertex -3.913314e+01 -2.345584e+01  1.473077e+02
     vertex -3.904807e+01 -2.279921e+01  1.472858e+02
     vertex -3.890726e+01 -2.283851e+01  1.473077e+02
   endloop
 endfacet
 facet normal  8.497757e-01 -4.729714e-01 -2.327644e-01
   outer loop
     vertex -3.918846e+01 -2.420587e+01  1.475985e+02
     vertex -3.881316e+01 -2.360232e+01  1.477422e+02
     vertex -3.915972e+01 -2.422497e+01  1.477422e+02
   endloop
 endfacet
 facet normal  7.652991e-01 -6.001150e-01 -2.327644e-01
   outer loop
     vertex -3.918846e+01 -2.420587e+01  1.475985e+02
     vertex -3.915972e+01 -2.422497e+01  1.477422e+02
     vertex -3.962483e+01 -2.476236e+01  1.475985e+02
   endloop
 endfacet
 facet normal  8.497757e-01 -4.729714e-01 -2.327644e-01
   outer loop
     vertex -3.918846e+01 -2.420587e+01  1.475985e+02
     vertex -3.884454e+01 -2.358796e+01  1.475985e+02
     vertex -3.881316e+01 -2.360232e+01  1.477422e+02
   endloop
 endfacet
 facet normal  7.534685e-01 -4.193683e-01 -5.063748e-01
   outer loop
     vertex -3.925094e+01 -2.416436e+01  1.474712e+02
     vertex -3.891275e+01 -2.355673e+01  1.474712e+02
     vertex -3.884454e+01 -2.358796e+01  1.475985e+02
   endloop
 endfacet
 facet normal  6.785658e-01 -5.321024e-01 -5.063748e-01
   outer loop
     vertex -3.925094e+01 -2.416436e+01  1.474712e+02
     vertex -3.962483e+01 -2.476236e+01  1.475985e+02
     vertex -3.968005e+01 -2.471157e+01  1.474712e+02
   endloop
 endfacet
 facet normal  6.785658e-01 -5.321024e-01 -5.063748e-01
   outer loop
     vertex -3.925094e+01 -2.416436e+01  1.474712e+02
     vertex -3.918846e+01 -2.420587e+01  1.475985e+02
     vertex -3.962483e+01 -2.476236e+01  1.475985e+02
   endloop
 endfacet
 facet normal  7.534685e-01 -4.193683e-01 -5.063748e-01
   outer loop
     vertex -3.925094e+01 -2.416436e+01  1.474712e+02
     vertex -3.884454e+01 -2.358796e+01  1.475985e+02
     vertex -3.918846e+01 -2.420587e+01  1.475985e+02
   endloop
 endfacet
 facet normal  5.913049e-01 -3.291107e-01 -7.362368e-01
   outer loop
     vertex -3.934171e+01 -2.410405e+01  1.473713e+02
     vertex -3.901183e+01 -2.351137e+01  1.473713e+02
     vertex -3.891275e+01 -2.355673e+01  1.474712e+02
   endloop
 endfacet
 facet normal  5.325230e-01 -4.175819e-01 -7.362368e-01
   outer loop
     vertex -3.934171e+01 -2.410405e+01  1.473713e+02
     vertex -3.968005e+01 -2.471157e+01  1.474712e+02
     vertex -3.976026e+01 -2.463781e+01  1.473713e+02
   endloop
 endfacet
 facet normal  5.913049e-01 -3.291107e-01 -7.362368e-01
   outer loop
     vertex -3.934171e+01 -2.410405e+01  1.473713e+02
     vertex -3.891275e+01 -2.355673e+01  1.474712e+02
     vertex -3.925094e+01 -2.416436e+01  1.474712e+02
   endloop
 endfacet
 facet normal  5.325230e-01 -4.175819e-01 -7.362368e-01
   outer loop
     vertex -3.934171e+01 -2.410405e+01  1.473713e+02
     vertex -3.925094e+01 -2.416436e+01  1.474712e+02
     vertex -3.968005e+01 -2.471157e+01  1.474712e+02
   endloop
 endfacet
 facet normal  3.771174e-01 -2.098974e-01 -9.020674e-01
   outer loop
     vertex -3.945283e+01 -2.403022e+01  1.473077e+02
     vertex -3.913314e+01 -2.345584e+01  1.473077e+02
     vertex -3.901183e+01 -2.351137e+01  1.473713e+02
   endloop
 endfacet
 facet normal  3.396280e-01 -2.663218e-01 -9.020674e-01
   outer loop
     vertex -3.945283e+01 -2.403022e+01  1.473077e+02
     vertex -3.976026e+01 -2.463781e+01  1.473713e+02
     vertex -3.985846e+01 -2.454750e+01  1.473077e+02
   endloop
 endfacet
 facet normal  3.771174e-01 -2.098974e-01 -9.020674e-01
   outer loop
     vertex -3.945283e+01 -2.403022e+01  1.473077e+02
     vertex -3.901183e+01 -2.351137e+01  1.473713e+02
     vertex -3.934171e+01 -2.410405e+01  1.473713e+02
   endloop
 endfacet
 facet normal  1.295431e-01 -7.210157e-02 -9.889489e-01
   outer loop
     vertex -3.945283e+01 -2.403022e+01  1.473077e+02
     vertex -3.957459e+01 -2.394932e+01  1.472858e+02
     vertex -3.913314e+01 -2.345584e+01  1.473077e+02
   endloop
 endfacet
 facet normal  3.396280e-01 -2.663218e-01 -9.020674e-01
   outer loop
     vertex -3.945283e+01 -2.403022e+01  1.473077e+02
     vertex -3.934171e+01 -2.410405e+01  1.473713e+02
     vertex -3.976026e+01 -2.463781e+01  1.473713e+02
   endloop
 endfacet
 facet normal  1.166651e-01 -9.148383e-02 -9.889489e-01
   outer loop
     vertex -3.945283e+01 -2.403022e+01  1.473077e+02
     vertex -3.985846e+01 -2.454750e+01  1.473077e+02
     vertex -3.957459e+01 -2.394932e+01  1.472858e+02
   endloop
 endfacet
 facet normal -1.697220e-02 -1.468318e-01 -9.890159e-01
   outer loop
     vertex -3.843820e+01 -1.824852e+01  1.472858e+02
     vertex  1.208410e+01 -2.408836e+01  1.472858e+02
     vertex  1.206731e+01 -2.423358e+01  1.473077e+02
   endloop
 endfacet
 facet normal -4.943338e-02 -4.276636e-01 -9.025853e-01
   outer loop
     vertex -3.845498e+01 -1.839374e+01  1.473077e+02
     vertex  1.206731e+01 -2.423358e+01  1.473077e+02
     vertex  1.205199e+01 -2.436611e+01  1.473713e+02
   endloop
 endfacet
 facet normal -1.697220e-02 -1.468318e-01 -9.890159e-01
   outer loop
     vertex -3.845498e+01 -1.839374e+01  1.473077e+02
     vertex -3.843820e+01 -1.824852e+01  1.472858e+02
     vertex  1.206731e+01 -2.423358e+01  1.473077e+02
   endloop
 endfacet
 facet normal -7.757455e-02 -6.711217e-01 -7.372773e-01
   outer loop
     vertex -3.847030e+01 -1.852627e+01  1.473713e+02
     vertex  1.205199e+01 -2.436611e+01  1.473713e+02
     vertex  1.203948e+01 -2.447436e+01  1.474712e+02
   endloop
 endfacet
 facet normal -4.943338e-02 -4.276636e-01 -9.025853e-01
   outer loop
     vertex -3.847030e+01 -1.852627e+01  1.473713e+02
     vertex -3.845498e+01 -1.839374e+01  1.473077e+02
     vertex  1.205199e+01 -2.436611e+01  1.473713e+02
   endloop
 endfacet
 facet normal -9.893645e-02 -8.559301e-01 -5.075384e-01
   outer loop
     vertex -3.848282e+01 -1.863452e+01  1.474712e+02
     vertex  1.203948e+01 -2.447436e+01  1.474712e+02
     vertex  1.203086e+01 -2.454889e+01  1.475985e+02
   endloop
 endfacet
 facet normal -7.757455e-02 -6.711217e-01 -7.372773e-01
   outer loop
     vertex -3.848282e+01 -1.863452e+01  1.474712e+02
     vertex -3.847030e+01 -1.852627e+01  1.473713e+02
     vertex  1.203948e+01 -2.447436e+01  1.474712e+02
   endloop
 endfacet
 facet normal -9.893645e-02 -8.559301e-01 -5.075384e-01
   outer loop
     vertex -3.849143e+01 -1.870904e+01  1.475985e+02
     vertex -3.848282e+01 -1.863452e+01  1.474712e+02
     vertex  1.203086e+01 -2.454889e+01  1.475985e+02
   endloop
 endfacet
 facet normal -1.116522e-01 -9.659384e-01 -2.334454e-01
   outer loop
     vertex -3.849539e+01 -1.874332e+01  1.477422e+02
     vertex  1.203086e+01 -2.454889e+01  1.475985e+02
     vertex  1.202690e+01 -2.458316e+01  1.477422e+02
   endloop
 endfacet
 facet normal -1.116522e-01 -9.659384e-01 -2.334454e-01
   outer loop
     vertex -3.849539e+01 -1.874332e+01  1.477422e+02
     vertex -3.849143e+01 -1.870904e+01  1.475985e+02
     vertex  1.203086e+01 -2.454889e+01  1.475985e+02
   endloop
 endfacet
 facet normal  3.776530e-02  1.443957e-01 -9.887991e-01
   outer loop
     vertex -3.962422e+01 -2.604004e+01  1.472858e+02
     vertex -3.933040e+01 -2.596727e+01  1.473077e+02
     vertex -3.934719e+01 -2.611249e+01  1.472858e+02
   endloop
 endfacet
 facet normal  1.208730e-01 -8.688824e-02 -9.888580e-01
   outer loop
     vertex -3.985846e+01 -2.454750e+01  1.473077e+02
     vertex -4.010878e+01 -2.464709e+01  1.472858e+02
     vertex -3.996606e+01 -2.444854e+01  1.472858e+02
   endloop
 endfacet
 facet normal  3.529134e-01  8.531674e-01 -3.841321e-01
   outer loop
     vertex -3.943380e+01 -2.565513e+01  1.475270e+02
     vertex -3.952009e+01 -2.553772e+01  1.477085e+02
     vertex -3.929000e+01 -2.561769e+01  1.477422e+02
   endloop
 endfacet
 facet normal  5.296803e-02  6.737577e-01 -7.370516e-01
   outer loop
     vertex -3.943380e+01 -2.565513e+01  1.475270e+02
     vertex -3.930257e+01 -2.572649e+01  1.474712e+02
     vertex -3.931508e+01 -2.583474e+01  1.473713e+02
   endloop
 endfacet
 facet normal  2.382832e-01  8.311240e-01 -5.024481e-01
   outer loop
     vertex -3.943380e+01 -2.565513e+01  1.475270e+02
     vertex -3.929396e+01 -2.565196e+01  1.475985e+02
     vertex -3.930257e+01 -2.572649e+01  1.474712e+02
   endloop
 endfacet
 facet normal  9.753750e-02  9.674713e-01 -2.334218e-01
   outer loop
     vertex -3.943380e+01 -2.565513e+01  1.475270e+02
     vertex -3.929000e+01 -2.561769e+01  1.477422e+02
     vertex -3.929396e+01 -2.565196e+01  1.475985e+02
   endloop
 endfacet
 facet normal  2.986972e-01  1.670786e-01 -9.396088e-01
   outer loop
     vertex -3.982128e+01 -2.546810e+01  1.474007e+02
     vertex -4.006344e+01 -2.568098e+01  1.472858e+02
     vertex -4.014772e+01 -2.553031e+01  1.472858e+02
   endloop
 endfacet
 facet normal  2.864493e-01  1.816130e-01 -9.407250e-01
   outer loop
     vertex -3.982128e+01 -2.546810e+01  1.474007e+02
     vertex -3.978863e+01 -2.551654e+01  1.474012e+02
     vertex -4.006344e+01 -2.568098e+01  1.472858e+02
   endloop
 endfacet
 facet normal  3.264992e-01  1.062863e-01 -9.392026e-01
   outer loop
     vertex -3.988579e+01 -2.532416e+01  1.474002e+02
     vertex -4.014772e+01 -2.553031e+01  1.472858e+02
     vertex -4.021162e+01 -2.533402e+01  1.472858e+02
   endloop
 endfacet
 facet normal  3.059932e-01  1.341871e-01 -9.425296e-01
   outer loop
     vertex -3.988579e+01 -2.532416e+01  1.474002e+02
     vertex -3.982128e+01 -2.546810e+01  1.474007e+02
     vertex -4.014772e+01 -2.553031e+01  1.472858e+02
   endloop
 endfacet
 facet normal  3.278004e-01  8.409605e-02 -9.409967e-01
   outer loop
     vertex -3.990219e+01 -2.525634e+01  1.474006e+02
     vertex -3.988579e+01 -2.532416e+01  1.474002e+02
     vertex -4.021162e+01 -2.533402e+01  1.472858e+02
   endloop
 endfacet
 facet normal  4.722148e-01 -4.839015e-01 -7.367853e-01
   outer loop
     vertex -3.972909e+01 -2.484515e+01  1.475275e+02
     vertex -3.976026e+01 -2.463781e+01  1.473713e+02
     vertex -3.968005e+01 -2.471157e+01  1.474712e+02
   endloop
 endfacet
 facet normal  7.211443e-01 -4.766672e-01 -5.027317e-01
   outer loop
     vertex -3.972909e+01 -2.484515e+01  1.475275e+02
     vertex -3.968005e+01 -2.471157e+01  1.474712e+02
     vertex -3.962483e+01 -2.476236e+01  1.475985e+02
   endloop
 endfacet
 facet normal  6.972469e-01 -6.777828e-01 -2.333608e-01
   outer loop
     vertex -3.972909e+01 -2.484515e+01  1.475275e+02
     vertex -3.962483e+01 -2.476236e+01  1.475985e+02
     vertex -3.959943e+01 -2.478571e+01  1.477422e+02
   endloop
 endfacet
 facet normal  8.214613e-01 -4.272849e-01 -3.776625e-01
   outer loop
     vertex -3.972909e+01 -2.484515e+01  1.475275e+02
     vertex -3.959943e+01 -2.478571e+01  1.477422e+02
     vertex -3.971753e+01 -2.498405e+01  1.477098e+02
   endloop
 endfacet
 facet normal  7.009079e-01 -3.588614e-01 -6.163981e-01
   outer loop
     vertex -3.972909e+01 -2.484515e+01  1.475275e+02
     vertex -3.987351e+01 -2.491997e+01  1.474068e+02
     vertex -3.976026e+01 -2.463781e+01  1.473713e+02
   endloop
 endfacet
 facet normal  1.446055e-01  4.146596e-01 -8.984134e-01
   outer loop
     vertex -3.964895e+01 -2.583992e+01  1.473152e+02
     vertex -3.931508e+01 -2.583474e+01  1.473713e+02
     vertex -3.933040e+01 -2.596727e+01  1.473077e+02
   endloop
 endfacet
 facet normal  9.343585e-02  1.557884e-01 -9.833614e-01
   outer loop
     vertex -3.964895e+01 -2.583992e+01  1.473152e+02
     vertex -3.962422e+01 -2.604004e+01  1.472858e+02
     vertex -3.987000e+01 -2.589262e+01  1.472858e+02
   endloop
 endfacet
 facet normal  3.646368e-02  1.494409e-01 -9.880981e-01
   outer loop
     vertex -3.964895e+01 -2.583992e+01  1.473152e+02
     vertex -3.933040e+01 -2.596727e+01  1.473077e+02
     vertex -3.962422e+01 -2.604004e+01  1.472858e+02
   endloop
 endfacet
 facet normal  4.623521e-01  3.799147e-01 -8.011837e-01
   outer loop
     vertex -3.964895e+01 -2.583992e+01  1.473152e+02
     vertex -3.964042e+01 -2.566070e+01  1.474051e+02
     vertex -3.943380e+01 -2.565513e+01  1.475270e+02
   endloop
 endfacet
 facet normal  1.093557e-01  6.912804e-01 -7.142638e-01
   outer loop
     vertex -3.964895e+01 -2.583992e+01  1.473152e+02
     vertex -3.943380e+01 -2.565513e+01  1.475270e+02
     vertex -3.931508e+01 -2.583474e+01  1.473713e+02
   endloop
 endfacet
 facet normal  1.242524e-01  1.135682e-01 -9.857300e-01
   outer loop
     vertex -3.974926e+01 -2.577518e+01  1.473146e+02
     vertex -3.987000e+01 -2.589262e+01  1.472858e+02
     vertex -4.006344e+01 -2.568098e+01  1.472858e+02
   endloop
 endfacet
 facet normal  3.327722e-01  3.695497e-01 -8.675804e-01
   outer loop
     vertex -3.974926e+01 -2.577518e+01  1.473146e+02
     vertex -3.972500e+01 -2.559009e+01  1.474027e+02
     vertex -3.964042e+01 -2.566070e+01  1.474051e+02
   endloop
 endfacet
 facet normal  9.712800e-02  1.413197e-01 -9.851877e-01
   outer loop
     vertex -3.974926e+01 -2.577518e+01  1.473146e+02
     vertex -3.964895e+01 -2.583992e+01  1.473152e+02
     vertex -3.987000e+01 -2.589262e+01  1.472858e+02
   endloop
 endfacet
 facet normal  4.184460e-01  3.452210e-01 -8.400746e-01
   outer loop
     vertex -3.974926e+01 -2.577518e+01  1.473146e+02
     vertex -3.978863e+01 -2.551654e+01  1.474012e+02
     vertex -3.972500e+01 -2.559009e+01  1.474027e+02
   endloop
 endfacet
 facet normal  1.856423e-01  3.375215e-01 -9.228305e-01
   outer loop
     vertex -3.974926e+01 -2.577518e+01  1.473146e+02
     vertex -4.006344e+01 -2.568098e+01  1.472858e+02
     vertex -3.978863e+01 -2.551654e+01  1.474012e+02
   endloop
 endfacet
 facet normal  2.765023e-01  4.203723e-01 -8.641954e-01
   outer loop
     vertex -3.974926e+01 -2.577518e+01  1.473146e+02
     vertex -3.964042e+01 -2.566070e+01  1.474051e+02
     vertex -3.964895e+01 -2.583992e+01  1.473152e+02
   endloop
 endfacet
 facet normal  3.447684e-01  7.075855e-01 -6.168124e-01
   outer loop
     vertex -3.956156e+01 -2.557610e+01  1.475462e+02
     vertex -3.943380e+01 -2.565513e+01  1.475270e+02
     vertex -3.964042e+01 -2.566070e+01  1.474051e+02
   endloop
 endfacet
 facet normal  4.646439e-01  8.277418e-01 -3.145625e-01
   outer loop
     vertex -3.956156e+01 -2.557610e+01  1.475462e+02
     vertex -3.952009e+01 -2.553772e+01  1.477085e+02
     vertex -3.943380e+01 -2.565513e+01  1.475270e+02
   endloop
 endfacet
 facet normal  6.523411e-01  6.677851e-01 -3.584887e-01
   outer loop
     vertex -3.959873e+01 -2.554950e+01  1.475434e+02
     vertex -3.964088e+01 -2.542698e+01  1.476949e+02
     vertex -3.952009e+01 -2.553772e+01  1.477085e+02
   endloop
 endfacet
 facet normal  5.094053e-01  5.892290e-01 -6.271486e-01
   outer loop
     vertex -3.959873e+01 -2.554950e+01  1.475434e+02
     vertex -3.964042e+01 -2.566070e+01  1.474051e+02
     vertex -3.972500e+01 -2.559009e+01  1.474027e+02
   endloop
 endfacet
 facet normal  5.665659e-01  7.576328e-01 -3.240302e-01
   outer loop
     vertex -3.959873e+01 -2.554950e+01  1.475434e+02
     vertex -3.952009e+01 -2.553772e+01  1.477085e+02
     vertex -3.956156e+01 -2.557610e+01  1.475462e+02
   endloop
 endfacet
 facet normal  4.815350e-01  6.065267e-01 -6.326527e-01
   outer loop
     vertex -3.959873e+01 -2.554950e+01  1.475434e+02
     vertex -3.956156e+01 -2.557610e+01  1.475462e+02
     vertex -3.964042e+01 -2.566070e+01  1.474051e+02
   endloop
 endfacet
 facet normal  5.827473e-01  4.911903e-01 -6.474085e-01
   outer loop
     vertex -3.970560e+01 -2.543632e+01  1.475368e+02
     vertex -3.972500e+01 -2.559009e+01  1.474027e+02
     vertex -3.978863e+01 -2.551654e+01  1.474012e+02
   endloop
 endfacet
 facet normal  6.394449e-01  4.231818e-01 -6.418936e-01
   outer loop
     vertex -3.970560e+01 -2.543632e+01  1.475368e+02
     vertex -3.978863e+01 -2.551654e+01  1.474012e+02
     vertex -3.982128e+01 -2.546810e+01  1.474007e+02
   endloop
 endfacet
 facet normal  6.973251e-01  6.397126e-01 -3.232732e-01
   outer loop
     vertex -3.970560e+01 -2.543632e+01  1.475368e+02
     vertex -3.964088e+01 -2.542698e+01  1.476949e+02
     vertex -3.959873e+01 -2.554950e+01  1.475434e+02
   endloop
 endfacet
 facet normal  5.685380e-01  4.988589e-01 -6.541440e-01
   outer loop
     vertex -3.970560e+01 -2.543632e+01  1.475368e+02
     vertex -3.959873e+01 -2.554950e+01  1.475434e+02
     vertex -3.972500e+01 -2.559009e+01  1.474027e+02
   endloop
 endfacet
 facet normal  8.355771e-01  3.638396e-01 -4.116208e-01
   outer loop
     vertex -3.973972e+01 -2.538036e+01  1.475355e+02
     vertex -3.973448e+01 -2.521493e+01  1.476924e+02
     vertex -3.964088e+01 -2.542698e+01  1.476949e+02
   endloop
 endfacet
 facet normal  8.014773e-01  4.801665e-01 -3.564748e-01
   outer loop
     vertex -3.973972e+01 -2.538036e+01  1.475355e+02
     vertex -3.964088e+01 -2.542698e+01  1.476949e+02
     vertex -3.970560e+01 -2.543632e+01  1.475368e+02
   endloop
 endfacet
 facet normal  7.073444e-01  3.150122e-01 -6.327963e-01
   outer loop
     vertex -3.973972e+01 -2.538036e+01  1.475355e+02
     vertex -3.982128e+01 -2.546810e+01  1.474007e+02
     vertex -3.988579e+01 -2.532416e+01  1.474002e+02
   endloop
 endfacet
 facet normal  6.571028e-01  3.850988e-01 -6.480084e-01
   outer loop
     vertex -3.973972e+01 -2.538036e+01  1.475355e+02
     vertex -3.970560e+01 -2.543632e+01  1.475368e+02
     vertex -3.982128e+01 -2.546810e+01  1.474007e+02
   endloop
 endfacet
 facet normal  1.615718e-01  1.354298e-02 -9.867680e-01
   outer loop
     vertex -4.006248e+01 -2.504250e+01  1.473142e+02
     vertex -4.021162e+01 -2.533402e+01  1.472858e+02
     vertex -4.023229e+01 -2.508749e+01  1.472858e+02
   endloop
 endfacet
 facet normal  3.674928e-01 -9.784345e-02 -9.248652e-01
   outer loop
     vertex -4.006248e+01 -2.504250e+01  1.473142e+02
     vertex -3.990219e+01 -2.525634e+01  1.474006e+02
     vertex -4.021162e+01 -2.533402e+01  1.472858e+02
   endloop
 endfacet
 facet normal  5.459027e-01  7.228123e-02 -8.347249e-01
   outer loop
     vertex -4.006248e+01 -2.504250e+01  1.473142e+02
     vertex -3.991191e+01 -2.517319e+01  1.474014e+02
     vertex -3.990219e+01 -2.525634e+01  1.474006e+02
   endloop
 endfacet
 facet normal  4.882947e-01 -1.926693e-02 -8.724661e-01
   outer loop
     vertex -4.006248e+01 -2.504250e+01  1.473142e+02
     vertex -3.990076e+01 -2.501704e+01  1.474042e+02
     vertex -3.991191e+01 -2.517319e+01  1.474014e+02
   endloop
 endfacet
 facet normal  1.768814e-01 -3.438868e-02 -9.836312e-01
   outer loop
     vertex -4.003871e+01 -2.492047e+01  1.473148e+02
     vertex -4.023229e+01 -2.508749e+01  1.472858e+02
     vertex -4.017549e+01 -2.479537e+01  1.472858e+02
   endloop
 endfacet
 facet normal  4.837174e-01 -1.125087e-01 -8.679627e-01
   outer loop
     vertex -4.003871e+01 -2.492047e+01  1.473148e+02
     vertex -3.987351e+01 -2.491997e+01  1.474068e+02
     vertex -3.990076e+01 -2.501704e+01  1.474042e+02
   endloop
 endfacet
 facet normal  1.725206e-01 -2.917105e-02 -9.845739e-01
   outer loop
     vertex -4.003871e+01 -2.492047e+01  1.473148e+02
     vertex -4.006248e+01 -2.504250e+01  1.473142e+02
     vertex -4.023229e+01 -2.508749e+01  1.472858e+02
   endloop
 endfacet
 facet normal  4.950717e-01 -9.253722e-02 -8.639102e-01
   outer loop
     vertex -4.003871e+01 -2.492047e+01  1.473148e+02
     vertex -3.990076e+01 -2.501704e+01  1.474042e+02
     vertex -4.006248e+01 -2.504250e+01  1.473142e+02
   endloop
 endfacet
 facet normal  7.437064e-01  1.831693e-01 -6.429229e-01
   outer loop
     vertex -3.978512e+01 -2.525809e+01  1.475355e+02
     vertex -3.988579e+01 -2.532416e+01  1.474002e+02
     vertex -3.990219e+01 -2.525634e+01  1.474006e+02
   endloop
 endfacet
 facet normal  7.525303e-01  9.457027e-02 -6.517320e-01
   outer loop
     vertex -3.978512e+01 -2.525809e+01  1.475355e+02
     vertex -3.990219e+01 -2.525634e+01  1.474006e+02
     vertex -3.991191e+01 -2.517319e+01  1.474014e+02
   endloop
 endfacet
 facet normal  7.081379e-01  2.628011e-01 -6.553444e-01
   outer loop
     vertex -3.978512e+01 -2.525809e+01  1.475355e+02
     vertex -3.973972e+01 -2.538036e+01  1.475355e+02
     vertex -3.988579e+01 -2.532416e+01  1.474002e+02
   endloop
 endfacet
 facet normal  8.709560e-01  3.232803e-01 -3.700345e-01
   outer loop
     vertex -3.978512e+01 -2.525809e+01  1.475355e+02
     vertex -3.973448e+01 -2.521493e+01  1.476924e+02
     vertex -3.973972e+01 -2.538036e+01  1.475355e+02
   endloop
 endfacet
 facet normal  1.654951e-01 -4.717412e-02 -9.850817e-01
   outer loop
     vertex -4.001991e+01 -2.486130e+01  1.473151e+02
     vertex -4.003871e+01 -2.492047e+01  1.473148e+02
     vertex -4.017549e+01 -2.479537e+01  1.472858e+02
   endloop
 endfacet
 facet normal  4.815116e-01 -1.482721e-01 -8.638067e-01
   outer loop
     vertex -4.001991e+01 -2.486130e+01  1.473151e+02
     vertex -3.987351e+01 -2.491997e+01  1.474068e+02
     vertex -4.003871e+01 -2.492047e+01  1.473148e+02
   endloop
 endfacet
 facet normal  3.719234e-01 -2.293792e-01 -8.994766e-01
   outer loop
     vertex -3.999439e+01 -2.479864e+01  1.473155e+02
     vertex -3.985846e+01 -2.454750e+01  1.473077e+02
     vertex -3.976026e+01 -2.463781e+01  1.473713e+02
   endloop
 endfacet
 facet normal  4.672853e-01 -1.849346e-01 -8.645482e-01
   outer loop
     vertex -3.999439e+01 -2.479864e+01  1.473155e+02
     vertex -3.987351e+01 -2.491997e+01  1.474068e+02
     vertex -4.001991e+01 -2.486130e+01  1.473151e+02
   endloop
 endfacet
 facet normal  1.600753e-01 -7.201752e-02 -9.844742e-01
   outer loop
     vertex -3.999439e+01 -2.479864e+01  1.473155e+02
     vertex -4.017549e+01 -2.479537e+01  1.472858e+02
     vertex -4.010878e+01 -2.464709e+01  1.472858e+02
   endloop
 endfacet
 facet normal  1.604372e-01 -5.919245e-02 -9.852696e-01
   outer loop
     vertex -3.999439e+01 -2.479864e+01  1.473155e+02
     vertex -4.001991e+01 -2.486130e+01  1.473151e+02
     vertex -4.017549e+01 -2.479537e+01  1.472858e+02
   endloop
 endfacet
 facet normal  1.254267e-01 -9.870190e-02 -9.871809e-01
   outer loop
     vertex -3.999439e+01 -2.479864e+01  1.473155e+02
     vertex -4.010878e+01 -2.464709e+01  1.472858e+02
     vertex -3.985846e+01 -2.454750e+01  1.473077e+02
   endloop
 endfacet
 facet normal  3.940497e-01 -2.687168e-01 -8.789290e-01
   outer loop
     vertex -3.999439e+01 -2.479864e+01  1.473155e+02
     vertex -3.976026e+01 -2.463781e+01  1.473713e+02
     vertex -3.987351e+01 -2.491997e+01  1.474068e+02
   endloop
 endfacet
 facet normal  7.528034e-01  9.574785e-02 -6.512446e-01
   outer loop
     vertex -3.979837e+01 -2.513063e+01  1.475389e+02
     vertex -3.978512e+01 -2.525809e+01  1.475355e+02
     vertex -3.991191e+01 -2.517319e+01  1.474014e+02
   endloop
 endfacet
 facet normal  9.151981e-01 -3.696144e-02 -4.013056e-01
   outer loop
     vertex -3.979837e+01 -2.513063e+01  1.475389e+02
     vertex -3.971753e+01 -2.498405e+01  1.477098e+02
     vertex -3.973448e+01 -2.521493e+01  1.476924e+02
   endloop
 endfacet
 facet normal  7.770260e-01 -4.426497e-02 -6.279102e-01
   outer loop
     vertex -3.979837e+01 -2.513063e+01  1.475389e+02
     vertex -3.991191e+01 -2.517319e+01  1.474014e+02
     vertex -3.990076e+01 -2.501704e+01  1.474042e+02
   endloop
 endfacet
 facet normal  9.373373e-01  1.063600e-01 -3.317925e-01
   outer loop
     vertex -3.979837e+01 -2.513063e+01  1.475389e+02
     vertex -3.973448e+01 -2.521493e+01  1.476924e+02
     vertex -3.978512e+01 -2.525809e+01  1.475355e+02
   endloop
 endfacet
 facet normal  7.621488e-01 -7.554653e-02 -6.429789e-01
   outer loop
     vertex -3.977993e+01 -2.500192e+01  1.475456e+02
     vertex -3.979837e+01 -2.513063e+01  1.475389e+02
     vertex -3.990076e+01 -2.501704e+01  1.474042e+02
   endloop
 endfacet
 facet normal  7.559097e-01 -1.954075e-01 -6.248331e-01
   outer loop
     vertex -3.977993e+01 -2.500192e+01  1.475456e+02
     vertex -3.990076e+01 -2.501704e+01  1.474042e+02
     vertex -3.987351e+01 -2.491997e+01  1.474068e+02
   endloop
 endfacet
 facet normal  9.325630e-01 -1.157210e-01 -3.419574e-01
   outer loop
     vertex -3.977993e+01 -2.500192e+01  1.475456e+02
     vertex -3.971753e+01 -2.498405e+01  1.477098e+02
     vertex -3.979837e+01 -2.513063e+01  1.475389e+02
   endloop
 endfacet
 facet normal  7.563101e-01 -1.945714e-01 -6.246095e-01
   outer loop
     vertex -3.976732e+01 -2.496197e+01  1.475485e+02
     vertex -3.977993e+01 -2.500192e+01  1.475456e+02
     vertex -3.987351e+01 -2.491997e+01  1.474068e+02
   endloop
 endfacet
 facet normal  9.105440e-01 -2.649631e-01 -3.173392e-01
   outer loop
     vertex -3.976732e+01 -2.496197e+01  1.475485e+02
     vertex -3.971753e+01 -2.498405e+01  1.477098e+02
     vertex -3.977993e+01 -2.500192e+01  1.475456e+02
   endloop
 endfacet
 facet normal  8.820643e-01 -3.460990e-01 -3.196531e-01
   outer loop
     vertex -3.976732e+01 -2.496197e+01  1.475485e+02
     vertex -3.972909e+01 -2.484515e+01  1.475275e+02
     vertex -3.971753e+01 -2.498405e+01  1.477098e+02
   endloop
 endfacet
 facet normal  7.004964e-01 -3.418629e-01 -6.264459e-01
   outer loop
     vertex -3.976732e+01 -2.496197e+01  1.475485e+02
     vertex -3.987351e+01 -2.491997e+01  1.474068e+02
     vertex -3.972909e+01 -2.484515e+01  1.475275e+02
   endloop
 endfacet
 facet normal -3.704168e-02 -1.444816e-01 -9.888139e-01
   outer loop
     vertex  1.235516e+01 -2.415785e+01  1.472858e+02
     vertex  1.206731e+01 -2.423358e+01  1.473077e+02
     vertex  1.208410e+01 -2.408836e+01  1.472858e+02
   endloop
 endfacet
 facet normal  4.671249e-02 -4.367522e-01 -8.983682e-01
   outer loop
     vertex  1.205199e+01 -2.436611e+01  1.473713e+02
     vertex  1.206731e+01 -2.423358e+01  1.473077e+02
     vertex  1.235516e+01 -2.415785e+01  1.472858e+02
   endloop
 endfacet
 facet normal -1.083206e-01  1.022740e-01 -9.888411e-01
   outer loop
     vertex  1.250918e+01 -2.573484e+01  1.473077e+02
     vertex  1.278058e+01 -2.565863e+01  1.472858e+02
     vertex  1.260195e+01 -2.584782e+01  1.472858e+02
   endloop
 endfacet
 facet normal -1.041111e-01 -9.667819e-01 -2.334386e-01
   outer loop
     vertex  1.218044e+01 -2.454696e+01  1.475238e+02
     vertex  1.202690e+01 -2.458316e+01  1.477422e+02
     vertex  1.203086e+01 -2.454889e+01  1.475985e+02
   endloop
 endfacet
 facet normal -2.400893e-01 -8.306854e-01 -5.023136e-01
   outer loop
     vertex  1.218044e+01 -2.454696e+01  1.475238e+02
     vertex  1.203086e+01 -2.454889e+01  1.475985e+02
     vertex  1.203948e+01 -2.447436e+01  1.474712e+02
   endloop
 endfacet
 facet normal -7.051066e-02 -6.719210e-01 -7.372587e-01
   outer loop
     vertex  1.218044e+01 -2.454696e+01  1.475238e+02
     vertex  1.203948e+01 -2.447436e+01  1.474712e+02
     vertex  1.205199e+01 -2.436611e+01  1.473713e+02
   endloop
 endfacet
 facet normal -3.681753e-01 -8.402146e-01 -3.981034e-01
   outer loop
     vertex  1.218044e+01 -2.454696e+01  1.475238e+02
     vertex  1.227230e+01 -2.467024e+01  1.476991e+02
     vertex  1.202690e+01 -2.458316e+01  1.477422e+02
   endloop
 endfacet
 facet normal -1.739575e-01 -2.994322e-01 -9.381253e-01
   outer loop
     vertex  1.238539e+01 -2.454026e+01  1.474023e+02
     vertex  1.235516e+01 -2.415785e+01  1.472858e+02
     vertex  1.259737e+01 -2.429857e+01  1.472858e+02
   endloop
 endfacet
 facet normal -3.283893e-01 -7.343165e-01 -5.940873e-01
   outer loop
     vertex  1.238539e+01 -2.454026e+01  1.474023e+02
     vertex  1.218044e+01 -2.454696e+01  1.475238e+02
     vertex  1.205199e+01 -2.436611e+01  1.473713e+02
   endloop
 endfacet
 facet normal -6.579140e-02 -2.954377e-01 -9.530939e-01
   outer loop
     vertex  1.238539e+01 -2.454026e+01  1.474023e+02
     vertex  1.205199e+01 -2.436611e+01  1.473713e+02
     vertex  1.235516e+01 -2.415785e+01  1.472858e+02
   endloop
 endfacet
 facet normal -2.504983e-01 -2.388833e-01 -9.381820e-01
   outer loop
     vertex  1.247636e+01 -2.461633e+01  1.473990e+02
     vertex  1.259737e+01 -2.429857e+01  1.472858e+02
     vertex  1.279070e+01 -2.450130e+01  1.472858e+02
   endloop
 endfacet
 facet normal -2.377653e-01 -2.444057e-01 -9.400710e-01
   outer loop
     vertex  1.247636e+01 -2.461633e+01  1.473990e+02
     vertex  1.238539e+01 -2.454026e+01  1.474023e+02
     vertex  1.259737e+01 -2.429857e+01  1.472858e+02
   endloop
 endfacet
 facet normal -2.656923e-01 -2.018057e-01 -9.426993e-01
   outer loop
     vertex  1.253843e+01 -2.468915e+01  1.473971e+02
     vertex  1.247636e+01 -2.461633e+01  1.473990e+02
     vertex  1.279070e+01 -2.450130e+01  1.472858e+02
   endloop
 endfacet
 facet normal -2.886916e-01 -1.715844e-01 -9.419214e-01
   outer loop
     vertex  1.257029e+01 -2.473696e+01  1.473963e+02
     vertex  1.279070e+01 -2.450130e+01  1.472858e+02
     vertex  1.287691e+01 -2.464635e+01  1.472858e+02
   endloop
 endfacet
 facet normal -2.860276e-01 -1.742295e-01 -9.422485e-01
   outer loop
     vertex  1.257029e+01 -2.473696e+01  1.473963e+02
     vertex  1.253843e+01 -2.468915e+01  1.473971e+02
     vertex  1.279070e+01 -2.450130e+01  1.472858e+02
   endloop
 endfacet
 facet normal -3.142057e-01 -1.135917e-01 -9.425347e-01
   outer loop
     vertex  1.263770e+01 -2.489299e+01  1.473953e+02
     vertex  1.287691e+01 -2.464635e+01  1.472858e+02
     vertex  1.294542e+01 -2.483586e+01  1.472858e+02
   endloop
 endfacet
 facet normal -3.034436e-01 -1.249555e-01 -9.446206e-01
   outer loop
     vertex  1.263770e+01 -2.489299e+01  1.473953e+02
     vertex  1.257029e+01 -2.473696e+01  1.473963e+02
     vertex  1.287691e+01 -2.464635e+01  1.472858e+02
   endloop
 endfacet
 facet normal -3.354551e-01 -3.907241e-02 -9.412456e-01
   outer loop
     vertex  1.265207e+01 -2.496002e+01  1.473955e+02
     vertex  1.294542e+01 -2.483586e+01  1.472858e+02
     vertex  1.297343e+01 -2.507629e+01  1.472858e+02
   endloop
 endfacet
 facet normal -3.223225e-01 -7.240819e-02 -9.438566e-01
   outer loop
     vertex  1.265207e+01 -2.496002e+01  1.473955e+02
     vertex  1.263770e+01 -2.489299e+01  1.473953e+02
     vertex  1.294542e+01 -2.483586e+01  1.472858e+02
   endloop
 endfacet
 facet normal -3.354247e-01 -3.897432e-02 -9.412605e-01
   outer loop
     vertex  1.265947e+01 -2.504215e+01  1.473963e+02
     vertex  1.265207e+01 -2.496002e+01  1.473955e+02
     vertex  1.297343e+01 -2.507629e+01  1.472858e+02
   endloop
 endfacet
 facet normal -8.472106e-01 -8.125046e-02 -5.250072e-01
   outer loop
     vertex  1.265947e+01 -2.504215e+01  1.473963e+02
     vertex  1.248348e+01 -2.502588e+01  1.476778e+02
     vertex  1.265207e+01 -2.496002e+01  1.473955e+02
   endloop
 endfacet
 facet normal -3.403437e-01  5.240855e-02 -9.388395e-01
   outer loop
     vertex  1.265436e+01 -2.514118e+01  1.473979e+02
     vertex  1.297343e+01 -2.507629e+01  1.472858e+02
     vertex  1.292917e+01 -2.536374e+01  1.472858e+02
   endloop
 endfacet
 facet normal -3.317049e-01  2.086663e-03 -9.433809e-01
   outer loop
     vertex  1.265436e+01 -2.514118e+01  1.473979e+02
     vertex  1.265947e+01 -2.504215e+01  1.473963e+02
     vertex  1.297343e+01 -2.507629e+01  1.472858e+02
   endloop
 endfacet
 facet normal -6.011228e-01  7.643151e-01 -2.333961e-01
   outer loop
     vertex  1.242932e+01 -2.541654e+01  1.475245e+02
     vertex  1.230773e+01 -2.548956e+01  1.475985e+02
     vertex  1.228583e+01 -2.546289e+01  1.477422e+02
   endloop
 endfacet
 facet normal -6.490176e-01  5.711084e-01 -5.026046e-01
   outer loop
     vertex  1.242932e+01 -2.541654e+01  1.475245e+02
     vertex  1.235534e+01 -2.554753e+01  1.474712e+02
     vertex  1.230773e+01 -2.548956e+01  1.475985e+02
   endloop
 endfacet
 facet normal -4.141476e-01  5.339443e-01 -7.371467e-01
   outer loop
     vertex  1.242932e+01 -2.541654e+01  1.475245e+02
     vertex  1.242451e+01 -2.563175e+01  1.473713e+02
     vertex  1.235534e+01 -2.554753e+01  1.474712e+02
   endloop
 endfacet
 facet normal -7.599780e-01  5.198590e-01 -3.901027e-01
   outer loop
     vertex  1.242932e+01 -2.541654e+01  1.475245e+02
     vertex  1.228583e+01 -2.546289e+01  1.477422e+02
     vertex  1.243907e+01 -2.527001e+01  1.477008e+02
   endloop
 endfacet
 facet normal -6.473871e-01  4.515195e-01 -6.140196e-01
   outer loop
     vertex  1.242932e+01 -2.541654e+01  1.475245e+02
     vertex  1.258804e+01 -2.535291e+01  1.474039e+02
     vertex  1.242451e+01 -2.563175e+01  1.473713e+02
   endloop
 endfacet
 facet normal -4.669213e-01 -8.196577e-01 -3.318820e-01
   outer loop
     vertex  1.231105e+01 -2.462793e+01  1.475401e+02
     vertex  1.227230e+01 -2.467024e+01  1.476991e+02
     vertex  1.218044e+01 -2.454696e+01  1.475238e+02
   endloop
 endfacet
 facet normal -3.511296e-01 -6.925705e-01 -6.301223e-01
   outer loop
     vertex  1.231105e+01 -2.462793e+01  1.475401e+02
     vertex  1.218044e+01 -2.454696e+01  1.475238e+02
     vertex  1.238539e+01 -2.454026e+01  1.474023e+02
   endloop
 endfacet
 facet normal -6.729757e-01 -6.360827e-01 -3.774950e-01
   outer loop
     vertex  1.235096e+01 -2.465689e+01  1.475363e+02
     vertex  1.239824e+01 -2.479291e+01  1.476812e+02
     vertex  1.227230e+01 -2.467024e+01  1.476991e+02
   endloop
 endfacet
 facet normal -5.731149e-01 -7.463994e-01 -3.382710e-01
   outer loop
     vertex  1.235096e+01 -2.465689e+01  1.475363e+02
     vertex  1.227230e+01 -2.467024e+01  1.476991e+02
     vertex  1.231105e+01 -2.462793e+01  1.475401e+02
   endloop
 endfacet
 facet normal -5.082908e-01 -5.808422e-01 -6.358166e-01
   outer loop
     vertex  1.235096e+01 -2.465689e+01  1.475363e+02
     vertex  1.238539e+01 -2.454026e+01  1.474023e+02
     vertex  1.247636e+01 -2.461633e+01  1.473990e+02
   endloop
 endfacet
 facet normal -5.761484e-01 -4.736484e-01 -6.661157e-01
   outer loop
     vertex  1.235096e+01 -2.465689e+01  1.475363e+02
     vertex  1.247636e+01 -2.461633e+01  1.473990e+02
     vertex  1.253843e+01 -2.468915e+01  1.473971e+02
   endloop
 endfacet
 facet normal -4.891389e-01 -5.919586e-01 -6.405686e-01
   outer loop
     vertex  1.235096e+01 -2.465689e+01  1.475363e+02
     vertex  1.231105e+01 -2.462793e+01  1.475401e+02
     vertex  1.238539e+01 -2.454026e+01  1.474023e+02
   endloop
 endfacet
 facet normal -8.454470e-01 -3.027687e-01 -4.399438e-01
   outer loop
     vertex  1.249525e+01 -2.483768e+01  1.475256e+02
     vertex  1.248348e+01 -2.502588e+01  1.476778e+02
     vertex  1.239824e+01 -2.479291e+01  1.476812e+02
   endloop
 endfacet
 facet normal -6.987191e-01 -1.522306e-01 -6.990118e-01
   outer loop
     vertex  1.249525e+01 -2.483768e+01  1.475256e+02
     vertex  1.263770e+01 -2.489299e+01  1.473953e+02
     vertex  1.265207e+01 -2.496002e+01  1.473955e+02
   endloop
 endfacet
 facet normal -6.206957e-01 -4.019551e-01 -6.731783e-01
   outer loop
     vertex  1.249525e+01 -2.483768e+01  1.475256e+02
     vertex  1.253843e+01 -2.468915e+01  1.473971e+02
     vertex  1.257029e+01 -2.473696e+01  1.473963e+02
   endloop
 endfacet
 facet normal -7.047444e-01 -3.002946e-01 -6.427740e-01
   outer loop
     vertex  1.249525e+01 -2.483768e+01  1.475256e+02
     vertex  1.257029e+01 -2.473696e+01  1.473963e+02
     vertex  1.263770e+01 -2.489299e+01  1.473953e+02
   endloop
 endfacet
 facet normal -7.486526e-01 -3.878313e-01 -5.376859e-01
   outer loop
     vertex  1.249525e+01 -2.483768e+01  1.475256e+02
     vertex  1.265207e+01 -2.496002e+01  1.473955e+02
     vertex  1.248348e+01 -2.502588e+01  1.476778e+02
   endloop
 endfacet
 facet normal -7.537592e-01 -5.836772e-01 -3.019404e-01
   outer loop
     vertex  1.249525e+01 -2.483768e+01  1.475256e+02
     vertex  1.239824e+01 -2.479291e+01  1.476812e+02
     vertex  1.235096e+01 -2.465689e+01  1.475363e+02
   endloop
 endfacet
 facet normal -5.854189e-01 -4.263792e-01 -6.895546e-01
   outer loop
     vertex  1.249525e+01 -2.483768e+01  1.475256e+02
     vertex  1.235096e+01 -2.465689e+01  1.475363e+02
     vertex  1.253843e+01 -2.468915e+01  1.473971e+02
   endloop
 endfacet
 facet normal -1.581702e-01  6.338021e-02 -9.853756e-01
   outer loop
     vertex  1.272509e+01 -2.542783e+01  1.473145e+02
     vertex  1.292917e+01 -2.536374e+01  1.472858e+02
     vertex  1.287019e+01 -2.551093e+01  1.472858e+02
   endloop
 endfacet
 facet normal -2.047711e-01  2.265550e-01 -9.522298e-01
   outer loop
     vertex  1.272509e+01 -2.542783e+01  1.473145e+02
     vertex  1.265436e+01 -2.514118e+01  1.473979e+02
     vertex  1.292917e+01 -2.536374e+01  1.472858e+02
   endloop
 endfacet
 facet normal -5.217633e-01  1.171315e-01 -8.450108e-01
   outer loop
     vertex  1.272509e+01 -2.542783e+01  1.473145e+02
     vertex  1.261085e+01 -2.530404e+01  1.474022e+02
     vertex  1.265436e+01 -2.514118e+01  1.473979e+02
   endloop
 endfacet
 facet normal -4.641266e-01  1.853103e-01 -8.661678e-01
   outer loop
     vertex  1.272509e+01 -2.542783e+01  1.473145e+02
     vertex  1.258804e+01 -2.535291e+01  1.474039e+02
     vertex  1.261085e+01 -2.530404e+01  1.474022e+02
   endloop
 endfacet
 facet normal -1.489397e-01  9.035785e-02 -9.847093e-01
   outer loop
     vertex  1.268981e+01 -2.549073e+01  1.473150e+02
     vertex  1.287019e+01 -2.551093e+01  1.472858e+02
     vertex  1.278058e+01 -2.565863e+01  1.472858e+02
   endloop
 endfacet
 facet normal -3.383276e-01  2.771902e-01 -8.992775e-01
   outer loop
     vertex  1.268981e+01 -2.549073e+01  1.473150e+02
     vertex  1.250918e+01 -2.573484e+01  1.473077e+02
     vertex  1.242451e+01 -2.563175e+01  1.473713e+02
   endloop
 endfacet
 facet normal -3.522896e-01  3.099271e-01 -8.830839e-01
   outer loop
     vertex  1.268981e+01 -2.549073e+01  1.473150e+02
     vertex  1.242451e+01 -2.563175e+01  1.473713e+02
     vertex  1.258804e+01 -2.535291e+01  1.474039e+02
   endloop
 endfacet
 facet normal -1.108012e-01  1.114716e-01 -9.875714e-01
   outer loop
     vertex  1.268981e+01 -2.549073e+01  1.473150e+02
     vertex  1.278058e+01 -2.565863e+01  1.472858e+02
     vertex  1.250918e+01 -2.573484e+01  1.473077e+02
   endloop
 endfacet
 facet normal -1.506221e-01  7.664316e-02 -9.856159e-01
   outer loop
     vertex  1.268981e+01 -2.549073e+01  1.473150e+02
     vertex  1.272509e+01 -2.542783e+01  1.473145e+02
     vertex  1.287019e+01 -2.551093e+01  1.472858e+02
   endloop
 endfacet
 facet normal -4.363921e-01  2.379115e-01 -8.677327e-01
   outer loop
     vertex  1.268981e+01 -2.549073e+01  1.473150e+02
     vertex  1.258804e+01 -2.535291e+01  1.474039e+02
     vertex  1.272509e+01 -2.542783e+01  1.473145e+02
   endloop
 endfacet
 facet normal -9.027621e-01  1.255117e-01 -4.114213e-01
   outer loop
     vertex  1.252245e+01 -2.521283e+01  1.475352e+02
     vertex  1.243907e+01 -2.527001e+01  1.477008e+02
     vertex  1.248348e+01 -2.502588e+01  1.476778e+02
   endloop
 endfacet
 facet normal -8.191787e-01  2.298739e-01 -5.254563e-01
   outer loop
     vertex  1.252245e+01 -2.521283e+01  1.475352e+02
     vertex  1.248348e+01 -2.502588e+01  1.476778e+02
     vertex  1.265947e+01 -2.504215e+01  1.473963e+02
   endloop
 endfacet
 facet normal -7.279705e-01  2.668988e-02 -6.850887e-01
   outer loop
     vertex  1.252245e+01 -2.521283e+01  1.475352e+02
     vertex  1.265947e+01 -2.504215e+01  1.473963e+02
     vertex  1.265436e+01 -2.514118e+01  1.473979e+02
   endloop
 endfacet
 facet normal -7.553048e-01  1.852085e-01 -6.286593e-01
   outer loop
     vertex  1.252245e+01 -2.521283e+01  1.475352e+02
     vertex  1.265436e+01 -2.514118e+01  1.473979e+02
     vertex  1.261085e+01 -2.530404e+01  1.474022e+02
   endloop
 endfacet
 facet normal -8.874310e-01  3.120525e-01 -3.392483e-01
   outer loop
     vertex  1.249738e+01 -2.527841e+01  1.475405e+02
     vertex  1.243907e+01 -2.527001e+01  1.477008e+02
     vertex  1.252245e+01 -2.521283e+01  1.475352e+02
   endloop
 endfacet
 facet normal -7.071210e-01  3.070500e-01 -6.369460e-01
   outer loop
     vertex  1.249738e+01 -2.527841e+01  1.475405e+02
     vertex  1.261085e+01 -2.530404e+01  1.474022e+02
     vertex  1.258804e+01 -2.535291e+01  1.474039e+02
   endloop
 endfacet
 facet normal -8.323687e-01  4.479621e-01 -3.263317e-01
   outer loop
     vertex  1.249738e+01 -2.527841e+01  1.475405e+02
     vertex  1.242932e+01 -2.541654e+01  1.475245e+02
     vertex  1.243907e+01 -2.527001e+01  1.477008e+02
   endloop
 endfacet
 facet normal -6.508022e-01  3.957486e-01 -6.479503e-01
   outer loop
     vertex  1.249738e+01 -2.527841e+01  1.475405e+02
     vertex  1.258804e+01 -2.535291e+01  1.474039e+02
     vertex  1.242932e+01 -2.541654e+01  1.475245e+02
   endloop
 endfacet
 facet normal -7.315803e-01  2.282619e-01 -6.424070e-01
   outer loop
     vertex  1.249738e+01 -2.527841e+01  1.475405e+02
     vertex  1.252245e+01 -2.521283e+01  1.475352e+02
     vertex  1.261085e+01 -2.530404e+01  1.474022e+02
   endloop
 endfacet
 facet normal  1.697220e-02  1.468318e-01 -9.890159e-01
   outer loop
     vertex  1.117510e+01 -3.195233e+01  1.472858e+02
     vertex -3.934719e+01 -2.611249e+01  1.472858e+02
     vertex -3.933040e+01 -2.596727e+01  1.473077e+02
   endloop
 endfacet
 facet normal  1.697220e-02  1.468318e-01 -9.890159e-01
   outer loop
     vertex  1.119189e+01 -3.180711e+01  1.473077e+02
     vertex  1.117510e+01 -3.195233e+01  1.472858e+02
     vertex -3.933040e+01 -2.596727e+01  1.473077e+02
   endloop
 endfacet
 facet normal  4.943338e-02  4.276636e-01 -9.025853e-01
   outer loop
     vertex  1.120721e+01 -3.167458e+01  1.473713e+02
     vertex -3.933040e+01 -2.596727e+01  1.473077e+02
     vertex -3.931508e+01 -2.583474e+01  1.473713e+02
   endloop
 endfacet
 facet normal  4.943338e-02  4.276636e-01 -9.025853e-01
   outer loop
     vertex  1.120721e+01 -3.167458e+01  1.473713e+02
     vertex  1.119189e+01 -3.180711e+01  1.473077e+02
     vertex -3.933040e+01 -2.596727e+01  1.473077e+02
   endloop
 endfacet
 facet normal  7.757455e-02  6.711217e-01 -7.372773e-01
   outer loop
     vertex  1.121972e+01 -3.156633e+01  1.474712e+02
     vertex -3.931508e+01 -2.583474e+01  1.473713e+02
     vertex -3.930257e+01 -2.572649e+01  1.474712e+02
   endloop
 endfacet
 facet normal  7.757455e-02  6.711217e-01 -7.372773e-01
   outer loop
     vertex  1.121972e+01 -3.156633e+01  1.474712e+02
     vertex  1.120721e+01 -3.167458e+01  1.473713e+02
     vertex -3.931508e+01 -2.583474e+01  1.473713e+02
   endloop
 endfacet
 facet normal  9.893645e-02  8.559301e-01 -5.075384e-01
   outer loop
     vertex  1.122834e+01 -3.149181e+01  1.475985e+02
     vertex -3.930257e+01 -2.572649e+01  1.474712e+02
     vertex -3.929396e+01 -2.565196e+01  1.475985e+02
   endloop
 endfacet
 facet normal  9.893645e-02  8.559301e-01 -5.075384e-01
   outer loop
     vertex  1.122834e+01 -3.149181e+01  1.475985e+02
     vertex  1.121972e+01 -3.156633e+01  1.474712e+02
     vertex -3.930257e+01 -2.572649e+01  1.474712e+02
   endloop
 endfacet
 facet normal  1.116522e-01  9.659384e-01 -2.334454e-01
   outer loop
     vertex  1.123230e+01 -3.145753e+01  1.477422e+02
     vertex -3.929396e+01 -2.565196e+01  1.475985e+02
     vertex -3.929000e+01 -2.561769e+01  1.477422e+02
   endloop
 endfacet
 facet normal  1.116522e-01  9.659384e-01 -2.334454e-01
   outer loop
     vertex  1.123230e+01 -3.145753e+01  1.477422e+02
     vertex  1.122834e+01 -3.149181e+01  1.475985e+02
     vertex -3.929396e+01 -2.565196e+01  1.475985e+02
   endloop
 endfacet
 facet normal -6.730784e-01  7.019774e-01 -2.327943e-01
   outer loop
     vertex  1.230773e+01 -2.548956e+01  1.475985e+02
     vertex  1.186874e+01 -2.586281e+01  1.477422e+02
     vertex  1.228583e+01 -2.546289e+01  1.477422e+02
   endloop
 endfacet
 facet normal -9.546752e-01  1.854782e-01 -2.327943e-01
   outer loop
     vertex  1.107873e+01 -2.738202e+01  1.475985e+02
     vertex  1.096953e+01 -2.794405e+01  1.475985e+02
     vertex  1.093526e+01 -2.794009e+01  1.477422e+02
   endloop
 endfacet
 facet normal -9.546752e-01  1.854782e-01 -2.327943e-01
   outer loop
     vertex  1.107873e+01 -2.738202e+01  1.475985e+02
     vertex  1.093526e+01 -2.794009e+01  1.477422e+02
     vertex  1.104546e+01 -2.737286e+01  1.477422e+02
   endloop
 endfacet
 facet normal -8.464561e-01  1.644529e-01 -5.064260e-01
   outer loop
     vertex  1.115106e+01 -2.740193e+01  1.474712e+02
     vertex  1.104406e+01 -2.795266e+01  1.474712e+02
     vertex  1.096953e+01 -2.794405e+01  1.475985e+02
   endloop
 endfacet
 facet normal -8.464561e-01  1.644529e-01 -5.064260e-01
   outer loop
     vertex  1.115106e+01 -2.740193e+01  1.474712e+02
     vertex  1.096953e+01 -2.794405e+01  1.475985e+02
     vertex  1.107873e+01 -2.738202e+01  1.475985e+02
   endloop
 endfacet
 facet normal -6.642537e-01  1.290539e-01 -7.362826e-01
   outer loop
     vertex  1.125612e+01 -2.743087e+01  1.473713e+02
     vertex  1.115231e+01 -2.796518e+01  1.473713e+02
     vertex  1.104406e+01 -2.795266e+01  1.474712e+02
   endloop
 endfacet
 facet normal -6.642537e-01  1.290539e-01 -7.362826e-01
   outer loop
     vertex  1.125612e+01 -2.743087e+01  1.473713e+02
     vertex  1.104406e+01 -2.795266e+01  1.474712e+02
     vertex  1.115106e+01 -2.740193e+01  1.474712e+02
   endloop
 endfacet
 facet normal -4.236264e-01  8.230386e-02 -9.020902e-01
   outer loop
     vertex  1.138474e+01 -2.746628e+01  1.473077e+02
     vertex  1.128484e+01 -2.798050e+01  1.473077e+02
     vertex  1.115231e+01 -2.796518e+01  1.473713e+02
   endloop
 endfacet
 facet normal -1.455161e-01  2.827145e-02 -9.889519e-01
   outer loop
     vertex  1.138474e+01 -2.746628e+01  1.473077e+02
     vertex  1.143006e+01 -2.799728e+01  1.472858e+02
     vertex  1.128484e+01 -2.798050e+01  1.473077e+02
   endloop
 endfacet
 facet normal -1.455161e-01  2.827145e-02 -9.889519e-01
   outer loop
     vertex  1.138474e+01 -2.746628e+01  1.473077e+02
     vertex  1.152568e+01 -2.750510e+01  1.472858e+02
     vertex  1.143006e+01 -2.799728e+01  1.472858e+02
   endloop
 endfacet
 facet normal -4.236264e-01  8.230386e-02 -9.020902e-01
   outer loop
     vertex  1.138474e+01 -2.746628e+01  1.473077e+02
     vertex  1.115231e+01 -2.796518e+01  1.473713e+02
     vertex  1.125612e+01 -2.743087e+01  1.473713e+02
   endloop
 endfacet
 facet normal -9.150482e-01  3.293837e-01 -2.327943e-01
   outer loop
     vertex  1.127264e+01 -2.684332e+01  1.475985e+02
     vertex  1.104546e+01 -2.737286e+01  1.477422e+02
     vertex  1.124117e+01 -2.682917e+01  1.477422e+02
   endloop
 endfacet
 facet normal -9.150482e-01  3.293837e-01 -2.327943e-01
   outer loop
     vertex  1.127264e+01 -2.684332e+01  1.475985e+02
     vertex  1.107873e+01 -2.738202e+01  1.475985e+02
     vertex  1.104546e+01 -2.737286e+01  1.477422e+02
   endloop
 endfacet
 facet normal -8.113211e-01  2.920458e-01 -5.064260e-01
   outer loop
     vertex  1.134107e+01 -2.687407e+01  1.474712e+02
     vertex  1.107873e+01 -2.738202e+01  1.475985e+02
     vertex  1.127264e+01 -2.684332e+01  1.475985e+02
   endloop
 endfacet
 facet normal -8.113211e-01  2.920458e-01 -5.064260e-01
   outer loop
     vertex  1.134107e+01 -2.687407e+01  1.474712e+02
     vertex  1.115106e+01 -2.740193e+01  1.474712e+02
     vertex  1.107873e+01 -2.738202e+01  1.475985e+02
   endloop
 endfacet
 facet normal -6.366816e-01  2.291820e-01 -7.362826e-01
   outer loop
     vertex  1.144047e+01 -2.691873e+01  1.473713e+02
     vertex  1.115106e+01 -2.740193e+01  1.474712e+02
     vertex  1.134107e+01 -2.687407e+01  1.474712e+02
   endloop
 endfacet
 facet normal -6.366816e-01  2.291820e-01 -7.362826e-01
   outer loop
     vertex  1.144047e+01 -2.691873e+01  1.473713e+02
     vertex  1.125612e+01 -2.743087e+01  1.473713e+02
     vertex  1.115106e+01 -2.740193e+01  1.474712e+02
   endloop
 endfacet
 facet normal -1.394759e-01  5.020621e-02 -9.889519e-01
   outer loop
     vertex  1.156216e+01 -2.697342e+01  1.473077e+02
     vertex  1.169550e+01 -2.703334e+01  1.472858e+02
     vertex  1.152568e+01 -2.750510e+01  1.472858e+02
   endloop
 endfacet
 facet normal -1.394759e-01  5.020621e-02 -9.889519e-01
   outer loop
     vertex  1.156216e+01 -2.697342e+01  1.473077e+02
     vertex  1.152568e+01 -2.750510e+01  1.472858e+02
     vertex  1.138474e+01 -2.746628e+01  1.473077e+02
   endloop
 endfacet
 facet normal -4.060424e-01  1.461603e-01 -9.020902e-01
   outer loop
     vertex  1.156216e+01 -2.697342e+01  1.473077e+02
     vertex  1.125612e+01 -2.743087e+01  1.473713e+02
     vertex  1.144047e+01 -2.691873e+01  1.473713e+02
   endloop
 endfacet
 facet normal -4.060424e-01  1.461603e-01 -9.020902e-01
   outer loop
     vertex  1.156216e+01 -2.697342e+01  1.473077e+02
     vertex  1.138474e+01 -2.746628e+01  1.473077e+02
     vertex  1.125612e+01 -2.743087e+01  1.473713e+02
   endloop
 endfacet
 facet normal -8.538667e-01  4.655304e-01 -2.327943e-01
   outer loop
     vertex  1.154671e+01 -2.634063e+01  1.475985e+02
     vertex  1.124117e+01 -2.682917e+01  1.477422e+02
     vertex  1.151777e+01 -2.632184e+01  1.477422e+02
   endloop
 endfacet
 facet normal -8.538667e-01  4.655304e-01 -2.327943e-01
   outer loop
     vertex  1.154671e+01 -2.634063e+01  1.475985e+02
     vertex  1.127264e+01 -2.684332e+01  1.475985e+02
     vertex  1.124117e+01 -2.682917e+01  1.477422e+02
   endloop
 endfacet
 facet normal -7.570750e-01  4.127593e-01 -5.064260e-01
   outer loop
     vertex  1.160962e+01 -2.638149e+01  1.474712e+02
     vertex  1.127264e+01 -2.684332e+01  1.475985e+02
     vertex  1.154671e+01 -2.634063e+01  1.475985e+02
   endloop
 endfacet
 facet normal -7.570750e-01  4.127593e-01 -5.064260e-01
   outer loop
     vertex  1.160962e+01 -2.638149e+01  1.474712e+02
     vertex  1.134107e+01 -2.687407e+01  1.474712e+02
     vertex  1.127264e+01 -2.684332e+01  1.475985e+02
   endloop
 endfacet
 facet normal -5.941121e-01  3.239115e-01 -7.362826e-01
   outer loop
     vertex  1.170102e+01 -2.644084e+01  1.473713e+02
     vertex  1.134107e+01 -2.687407e+01  1.474712e+02
     vertex  1.160962e+01 -2.638149e+01  1.474712e+02
   endloop
 endfacet
 facet normal -5.941121e-01  3.239115e-01 -7.362826e-01
   outer loop
     vertex  1.170102e+01 -2.644084e+01  1.473713e+02
     vertex  1.144047e+01 -2.691873e+01  1.473713e+02
     vertex  1.134107e+01 -2.687407e+01  1.474712e+02
   endloop
 endfacet
 facet normal -1.301504e-01  7.095832e-02 -9.889519e-01
   outer loop
     vertex  1.181290e+01 -2.651351e+01  1.473077e+02
     vertex  1.193550e+01 -2.659313e+01  1.472858e+02
     vertex  1.169550e+01 -2.703334e+01  1.472858e+02
   endloop
 endfacet
 facet normal -1.301504e-01  7.095832e-02 -9.889519e-01
   outer loop
     vertex  1.181290e+01 -2.651351e+01  1.473077e+02
     vertex  1.169550e+01 -2.703334e+01  1.472858e+02
     vertex  1.156216e+01 -2.697342e+01  1.473077e+02
   endloop
 endfacet
 facet normal -3.788938e-01  2.065739e-01 -9.020902e-01
   outer loop
     vertex  1.181290e+01 -2.651351e+01  1.473077e+02
     vertex  1.156216e+01 -2.697342e+01  1.473077e+02
     vertex  1.144047e+01 -2.691873e+01  1.473713e+02
   endloop
 endfacet
 facet normal -3.788938e-01  2.065739e-01 -9.020902e-01
   outer loop
     vertex  1.181290e+01 -2.651351e+01  1.473077e+02
     vertex  1.144047e+01 -2.691873e+01  1.473713e+02
     vertex  1.170102e+01 -2.644084e+01  1.473713e+02
   endloop
 endfacet
 facet normal -7.725718e-01  5.907112e-01 -2.327943e-01
   outer loop
     vertex  1.189447e+01 -2.588581e+01  1.475985e+02
     vertex  1.151777e+01 -2.632184e+01  1.477422e+02
     vertex  1.186874e+01 -2.586281e+01  1.477422e+02
   endloop
 endfacet
 facet normal -5.967803e-01  6.224034e-01 -5.064260e-01
   outer loop
     vertex  1.189447e+01 -2.588581e+01  1.475985e+02
     vertex  1.230773e+01 -2.548956e+01  1.475985e+02
     vertex  1.235534e+01 -2.554753e+01  1.474712e+02
   endloop
 endfacet
 facet normal -7.725718e-01  5.907112e-01 -2.327943e-01
   outer loop
     vertex  1.189447e+01 -2.588581e+01  1.475985e+02
     vertex  1.154671e+01 -2.634063e+01  1.475985e+02
     vertex  1.151777e+01 -2.632184e+01  1.477422e+02
   endloop
 endfacet
 facet normal -6.730784e-01  7.019774e-01 -2.327943e-01
   outer loop
     vertex  1.189447e+01 -2.588581e+01  1.475985e+02
     vertex  1.186874e+01 -2.586281e+01  1.477422e+02
     vertex  1.230773e+01 -2.548956e+01  1.475985e+02
   endloop
 endfacet
 facet normal -5.967803e-01  6.224034e-01 -5.064260e-01
   outer loop
     vertex  1.195039e+01 -2.593581e+01  1.474712e+02
     vertex  1.189447e+01 -2.588581e+01  1.475985e+02
     vertex  1.235534e+01 -2.554753e+01  1.474712e+02
   endloop
 endfacet
 facet normal -6.849954e-01  5.237500e-01 -5.064260e-01
   outer loop
     vertex  1.195039e+01 -2.593581e+01  1.474712e+02
     vertex  1.160962e+01 -2.638149e+01  1.474712e+02
     vertex  1.154671e+01 -2.634063e+01  1.475985e+02
   endloop
 endfacet
 facet normal -6.849954e-01  5.237500e-01 -5.064260e-01
   outer loop
     vertex  1.195039e+01 -2.593581e+01  1.474712e+02
     vertex  1.154671e+01 -2.634063e+01  1.475985e+02
     vertex  1.189447e+01 -2.588581e+01  1.475985e+02
   endloop
 endfacet
 facet normal -4.683214e-01  4.884290e-01 -7.362826e-01
   outer loop
     vertex  1.203162e+01 -2.600845e+01  1.473713e+02
     vertex  1.235534e+01 -2.554753e+01  1.474712e+02
     vertex  1.242451e+01 -2.563175e+01  1.473713e+02
   endloop
 endfacet
 facet normal -4.683214e-01  4.884290e-01 -7.362826e-01
   outer loop
     vertex  1.203162e+01 -2.600845e+01  1.473713e+02
     vertex  1.195039e+01 -2.593581e+01  1.474712e+02
     vertex  1.235534e+01 -2.554753e+01  1.474712e+02
   endloop
 endfacet
 facet normal -5.375479e-01  4.110111e-01 -7.362826e-01
   outer loop
     vertex  1.203162e+01 -2.600845e+01  1.473713e+02
     vertex  1.170102e+01 -2.644084e+01  1.473713e+02
     vertex  1.160962e+01 -2.638149e+01  1.474712e+02
   endloop
 endfacet
 facet normal -5.375479e-01  4.110111e-01 -7.362826e-01
   outer loop
     vertex  1.203162e+01 -2.600845e+01  1.473713e+02
     vertex  1.160962e+01 -2.638149e+01  1.474712e+02
     vertex  1.195039e+01 -2.593581e+01  1.474712e+02
   endloop
 endfacet
 facet normal -2.986710e-01  3.114946e-01 -9.020902e-01
   outer loop
     vertex  1.213107e+01 -2.609738e+01  1.473077e+02
     vertex  1.242451e+01 -2.563175e+01  1.473713e+02
     vertex  1.250918e+01 -2.573484e+01  1.473077e+02
   endloop
 endfacet
 facet normal -1.025938e-01  1.069987e-01 -9.889519e-01
   outer loop
     vertex  1.213107e+01 -2.609738e+01  1.473077e+02
     vertex  1.250918e+01 -2.573484e+01  1.473077e+02
     vertex  1.260195e+01 -2.584782e+01  1.472858e+02
   endloop
 endfacet
 facet normal -1.177590e-01  9.003896e-02 -9.889519e-01
   outer loop
     vertex  1.213107e+01 -2.609738e+01  1.473077e+02
     vertex  1.224005e+01 -2.619482e+01  1.472858e+02
     vertex  1.193550e+01 -2.659313e+01  1.472858e+02
   endloop
 endfacet
 facet normal -1.025938e-01  1.069987e-01 -9.889519e-01
   outer loop
     vertex  1.213107e+01 -2.609738e+01  1.473077e+02
     vertex  1.260195e+01 -2.584782e+01  1.472858e+02
     vertex  1.224005e+01 -2.619482e+01  1.472858e+02
   endloop
 endfacet
 facet normal -2.986710e-01  3.114946e-01 -9.020902e-01
   outer loop
     vertex  1.213107e+01 -2.609738e+01  1.473077e+02
     vertex  1.203162e+01 -2.600845e+01  1.473713e+02
     vertex  1.242451e+01 -2.563175e+01  1.473713e+02
   endloop
 endfacet
 facet normal -1.177590e-01  9.003896e-02 -9.889519e-01
   outer loop
     vertex  1.213107e+01 -2.609738e+01  1.473077e+02
     vertex  1.193550e+01 -2.659313e+01  1.472858e+02
     vertex  1.181290e+01 -2.651351e+01  1.473077e+02
   endloop
 endfacet
 facet normal -3.428201e-01  2.621215e-01 -9.020902e-01
   outer loop
     vertex  1.213107e+01 -2.609738e+01  1.473077e+02
     vertex  1.181290e+01 -2.651351e+01  1.473077e+02
     vertex  1.170102e+01 -2.644084e+01  1.473713e+02
   endloop
 endfacet
 facet normal -3.428201e-01  2.621215e-01 -9.020902e-01
   outer loop
     vertex  1.213107e+01 -2.609738e+01  1.473077e+02
     vertex  1.170102e+01 -2.644084e+01  1.473713e+02
     vertex  1.203162e+01 -2.600845e+01  1.473713e+02
   endloop
 endfacet
 facet normal -1.296440e-01 -7.375095e-02 -9.888141e-01
   outer loop
     vertex  1.221906e+01 -3.060064e+01  1.472858e+02
     vertex  1.196459e+01 -3.044624e+01  1.473077e+02
     vertex  1.208069e+01 -3.035741e+01  1.472858e+02
   endloop
 endfacet
 facet normal -2.816451e-01 -3.370656e-01 -8.983668e-01
   outer loop
     vertex  1.185863e+01 -3.052730e+01  1.473713e+02
     vertex  1.196459e+01 -3.044624e+01  1.473077e+02
     vertex  1.221906e+01 -3.060064e+01  1.472858e+02
   endloop
 endfacet
 facet normal -1.711904e-03  1.489651e-01 -9.888410e-01
   outer loop
     vertex  1.119189e+01 -3.180711e+01  1.473077e+02
     vertex  1.143527e+01 -3.194934e+01  1.472858e+02
     vertex  1.117510e+01 -3.195233e+01  1.472858e+02
   endloop
 endfacet
 facet normal -8.600723e-01 -3.188310e-01 -3.982744e-01
   outer loop
     vertex  1.181787e+01 -3.074529e+01  1.475237e+02
     vertex  1.179303e+01 -3.089698e+01  1.476988e+02
     vertex  1.168509e+01 -3.066007e+01  1.477422e+02
   endloop
 endfacet
 facet normal -7.674231e-01 -5.971335e-01 -2.334380e-01
   outer loop
     vertex  1.181787e+01 -3.074529e+01  1.475237e+02
     vertex  1.168509e+01 -3.066007e+01  1.477422e+02
     vertex  1.171250e+01 -3.063910e+01  1.475985e+02
   endloop
 endfacet
 facet normal -7.642022e-01 -4.045617e-01 -5.023195e-01
   outer loop
     vertex  1.181787e+01 -3.074529e+01  1.475237e+02
     vertex  1.171250e+01 -3.063910e+01  1.475985e+02
     vertex  1.177208e+01 -3.059352e+01  1.474712e+02
   endloop
 endfacet
 facet normal -5.323577e-01 -4.159848e-01 -7.372597e-01
   outer loop
     vertex  1.181787e+01 -3.074529e+01  1.475237e+02
     vertex  1.177208e+01 -3.059352e+01  1.474712e+02
     vertex  1.185863e+01 -3.052730e+01  1.473713e+02
   endloop
 endfacet
 facet normal -3.360909e-01 -8.292738e-02 -9.381716e-01
   outer loop
     vertex  1.196516e+01 -3.088802e+01  1.474022e+02
     vertex  1.221906e+01 -3.060064e+01  1.472858e+02
     vertex  1.228616e+01 -3.087260e+01  1.472858e+02
   endloop
 endfacet
 facet normal -2.581625e-01 -1.578301e-01 -9.531221e-01
   outer loop
     vertex  1.196516e+01 -3.088802e+01  1.474022e+02
     vertex  1.185863e+01 -3.052730e+01  1.473713e+02
     vertex  1.221906e+01 -3.060064e+01  1.472858e+02
   endloop
 endfacet
 facet normal -7.561036e-01 -2.741573e-01 -5.942602e-01
   outer loop
     vertex  1.196516e+01 -3.088802e+01  1.474022e+02
     vertex  1.181787e+01 -3.074529e+01  1.475237e+02
     vertex  1.185863e+01 -3.052730e+01  1.473713e+02
   endloop
 endfacet
 facet normal -3.457330e-01  1.417461e-02 -9.382259e-01
   outer loop
     vertex  1.197366e+01 -3.100631e+01  1.473990e+02
     vertex  1.228616e+01 -3.087260e+01  1.472858e+02
     vertex  1.227469e+01 -3.115250e+01  1.472858e+02
   endloop
 endfacet
 facet normal -3.408346e-01  1.120737e-03 -9.401226e-01
   outer loop
     vertex  1.197366e+01 -3.100631e+01  1.473990e+02
     vertex  1.196516e+01 -3.088802e+01  1.474022e+02
     vertex  1.228616e+01 -3.087260e+01  1.472858e+02
   endloop
 endfacet
 facet normal -3.296674e-01  5.074273e-02 -9.427325e-01
   outer loop
     vertex  1.196439e+01 -3.110155e+01  1.473971e+02
     vertex  1.197366e+01 -3.100631e+01  1.473990e+02
     vertex  1.227469e+01 -3.115250e+01  1.472858e+02
   endloop
 endfacet
 facet normal -3.239125e-01  8.840434e-02 -9.419476e-01
   outer loop
     vertex  1.195213e+01 -3.115768e+01  1.473963e+02
     vertex  1.227469e+01 -3.115250e+01  1.472858e+02
     vertex  1.223026e+01 -3.131528e+01  1.472858e+02
   endloop
 endfacet
 facet normal -3.239663e-01  8.449202e-02 -9.422881e-01
   outer loop
     vertex  1.195213e+01 -3.115768e+01  1.473963e+02
     vertex  1.196439e+01 -3.110155e+01  1.473971e+02
     vertex  1.227469e+01 -3.115250e+01  1.472858e+02
   endloop
 endfacet
 facet normal -3.000034e-01  1.470770e-01 -9.425319e-01
   outer loop
     vertex  1.188669e+01 -3.131455e+01  1.473953e+02
     vertex  1.223026e+01 -3.131528e+01  1.472858e+02
     vertex  1.214156e+01 -3.149622e+01  1.472858e+02
   endloop
 endfacet
 facet normal -3.007096e-01  1.312397e-01 -9.446427e-01
   outer loop
     vertex  1.188669e+01 -3.131455e+01  1.473953e+02
     vertex  1.195213e+01 -3.115768e+01  1.473963e+02
     vertex  1.223026e+01 -3.131528e+01  1.472858e+02
   endloop
 endfacet
 facet normal -2.611919e-01  2.141501e-01 -9.412324e-01
   outer loop
     vertex  1.184844e+01 -3.137144e+01  1.473956e+02
     vertex  1.214156e+01 -3.149622e+01  1.472858e+02
     vertex  1.198808e+01 -3.168341e+01  1.472858e+02
   endloop
 endfacet
 facet normal -2.761275e-01  1.813701e-01 -9.438530e-01
   outer loop
     vertex  1.184844e+01 -3.137144e+01  1.473956e+02
     vertex  1.188669e+01 -3.131455e+01  1.473953e+02
     vertex  1.214156e+01 -3.149622e+01  1.472858e+02
   endloop
 endfacet
 facet normal -6.470551e-01  5.530491e-01 -5.248394e-01
   outer loop
     vertex  1.179449e+01 -3.143381e+01  1.473963e+02
     vertex  1.168395e+01 -3.129594e+01  1.476779e+02
     vertex  1.184844e+01 -3.137144e+01  1.473956e+02
   endloop
 endfacet
 facet normal -2.612676e-01  2.141119e-01 -9.412201e-01
   outer loop
     vertex  1.179449e+01 -3.143381e+01  1.473963e+02
     vertex  1.184844e+01 -3.137144e+01  1.473956e+02
     vertex  1.198808e+01 -3.168341e+01  1.472858e+02
   endloop
 endfacet
 facet normal -1.988393e-01  2.812764e-01 -9.388006e-01
   outer loop
     vertex  1.171969e+01 -3.149892e+01  1.473979e+02
     vertex  1.198808e+01 -3.168341e+01  1.472858e+02
     vertex  1.175059e+01 -3.185129e+01  1.472858e+02
   endloop
 endfacet
 facet normal -2.291234e-01  2.399857e-01 -9.433500e-01
   outer loop
     vertex  1.171969e+01 -3.149892e+01  1.473979e+02
     vertex  1.179449e+01 -3.143381e+01  1.473963e+02
     vertex  1.198808e+01 -3.168341e+01  1.472858e+02
   endloop
 endfacet
 facet normal  9.646204e-02  6.688154e-01 -7.371439e-01
   outer loop
     vertex  1.136534e+01 -3.152844e+01  1.475246e+02
     vertex  1.120721e+01 -3.167458e+01  1.473713e+02
     vertex  1.121972e+01 -3.156633e+01  1.474712e+02
   endloop
 endfacet
 facet normal -4.027732e-02  8.635808e-01 -5.025992e-01
   outer loop
     vertex  1.136534e+01 -3.152844e+01  1.475246e+02
     vertex  1.121972e+01 -3.156633e+01  1.474712e+02
     vertex  1.122834e+01 -3.149181e+01  1.475985e+02
   endloop
 endfacet
 facet normal  1.316704e-01  9.634253e-01 -2.333979e-01
   outer loop
     vertex  1.136534e+01 -3.152844e+01  1.475246e+02
     vertex  1.122834e+01 -3.149181e+01  1.475985e+02
     vertex  1.123230e+01 -3.145753e+01  1.477422e+02
   endloop
 endfacet
 facet normal -1.540156e-01  9.078721e-01 -3.899326e-01
   outer loop
     vertex  1.136534e+01 -3.152844e+01  1.475246e+02
     vertex  1.123230e+01 -3.145753e+01  1.477422e+02
     vertex  1.147752e+01 -3.143364e+01  1.477010e+02
   endloop
 endfacet
 facet normal -1.252740e-01  7.794187e-01 -6.138509e-01
   outer loop
     vertex  1.136534e+01 -3.152844e+01  1.475246e+02
     vertex  1.152137e+01 -3.159833e+01  1.474040e+02
     vertex  1.120721e+01 -3.167458e+01  1.473713e+02
   endloop
 endfacet
 facet normal -7.418367e-01 -2.286700e-01 -6.303875e-01
   outer loop
     vertex  1.185045e+01 -3.089546e+01  1.475399e+02
     vertex  1.181787e+01 -3.074529e+01  1.475237e+02
     vertex  1.196516e+01 -3.088802e+01  1.474022e+02
   endloop
 endfacet
 facet normal -9.136994e-01 -2.339190e-01 -3.323181e-01
   outer loop
     vertex  1.185045e+01 -3.089546e+01  1.475399e+02
     vertex  1.179303e+01 -3.089698e+01  1.476988e+02
     vertex  1.181787e+01 -3.074529e+01  1.475237e+02
   endloop
 endfacet
 facet normal -9.248772e-01  4.183314e-02 -3.779579e-01
   outer loop
     vertex  1.185736e+01 -3.094429e+01  1.475362e+02
     vertex  1.179234e+01 -3.107279e+01  1.476810e+02
     vertex  1.179303e+01 -3.089698e+01  1.476988e+02
   endloop
 endfacet
 facet normal -7.706843e-01 -3.805840e-02 -6.360797e-01
   outer loop
     vertex  1.185736e+01 -3.094429e+01  1.475362e+02
     vertex  1.196516e+01 -3.088802e+01  1.474022e+02
     vertex  1.197366e+01 -3.100631e+01  1.473990e+02
   endloop
 endfacet
 facet normal -9.348298e-01 -1.065543e-01 -3.387320e-01
   outer loop
     vertex  1.185736e+01 -3.094429e+01  1.475362e+02
     vertex  1.179303e+01 -3.089698e+01  1.476988e+02
     vertex  1.185045e+01 -3.089546e+01  1.475399e+02
   endloop
 endfacet
 facet normal -7.406991e-01  8.526179e-02 -6.664047e-01
   outer loop
     vertex  1.185736e+01 -3.094429e+01  1.475362e+02
     vertex  1.197366e+01 -3.100631e+01  1.473990e+02
     vertex  1.196439e+01 -3.110155e+01  1.473971e+02
   endloop
 endfacet
 facet normal -7.653507e-01 -5.962345e-02 -6.408459e-01
   outer loop
     vertex  1.185736e+01 -3.094429e+01  1.475362e+02
     vertex  1.185045e+01 -3.089546e+01  1.475399e+02
     vertex  1.196516e+01 -3.088802e+01  1.474022e+02
   endloop
 endfacet
 facet normal -8.052536e-01  3.973135e-01 -4.401234e-01
   outer loop
     vertex  1.182754e+01 -3.117367e+01  1.475256e+02
     vertex  1.168395e+01 -3.129594e+01  1.476779e+02
     vertex  1.179234e+01 -3.107279e+01  1.476810e+02
   endloop
 endfacet
 facet normal -7.992291e-01  2.689057e-01 -5.375152e-01
   outer loop
     vertex  1.182754e+01 -3.117367e+01  1.475256e+02
     vertex  1.184844e+01 -3.137144e+01  1.473956e+02
     vertex  1.168395e+01 -3.129594e+01  1.476779e+02
   endloop
 endfacet
 facet normal -5.948339e-01  3.967526e-01 -6.991137e-01
   outer loop
     vertex  1.182754e+01 -3.117367e+01  1.475256e+02
     vertex  1.188669e+01 -3.131455e+01  1.473953e+02
     vertex  1.184844e+01 -3.137144e+01  1.473956e+02
   endloop
 endfacet
 facet normal -7.055217e-01  2.982652e-01 -6.428662e-01
   outer loop
     vertex  1.182754e+01 -3.117367e+01  1.475256e+02
     vertex  1.195213e+01 -3.115768e+01  1.473963e+02
     vertex  1.188669e+01 -3.131455e+01  1.473953e+02
   endloop
 endfacet
 facet normal -7.202517e-01  1.671452e-01 -6.732755e-01
   outer loop
     vertex  1.182754e+01 -3.117367e+01  1.475256e+02
     vertex  1.196439e+01 -3.110155e+01  1.473971e+02
     vertex  1.195213e+01 -3.115768e+01  1.473963e+02
   endloop
 endfacet
 facet normal -9.433988e-01  1.366023e-01 -3.022225e-01
   outer loop
     vertex  1.182754e+01 -3.117367e+01  1.475256e+02
     vertex  1.179234e+01 -3.107279e+01  1.476810e+02
     vertex  1.185736e+01 -3.094429e+01  1.475362e+02
   endloop
 endfacet
 facet normal -7.132669e-01  1.245662e-01 -6.897345e-01
   outer loop
     vertex  1.182754e+01 -3.117367e+01  1.475256e+02
     vertex  1.185736e+01 -3.094429e+01  1.475362e+02
     vertex  1.196439e+01 -3.110155e+01  1.473971e+02
   endloop
 endfacet
 facet normal -6.434601e-02  1.578475e-01 -9.853648e-01
   outer loop
     vertex  1.156271e+01 -3.174900e+01  1.473145e+02
     vertex  1.175059e+01 -3.185129e+01  1.472858e+02
     vertex  1.160376e+01 -3.191115e+01  1.472858e+02
   endloop
 endfacet
 facet normal  2.071539e-02  3.047926e-01 -9.521934e-01
   outer loop
     vertex  1.156271e+01 -3.174900e+01  1.473145e+02
     vertex  1.171969e+01 -3.149892e+01  1.473979e+02
     vertex  1.175059e+01 -3.185129e+01  1.472858e+02
   endloop
 endfacet
 facet normal -2.784288e-01  4.567562e-01 -8.448971e-01
   outer loop
     vertex  1.156271e+01 -3.174900e+01  1.473145e+02
     vertex  1.157236e+01 -3.158077e+01  1.474022e+02
     vertex  1.171969e+01 -3.149892e+01  1.473979e+02
   endloop
 endfacet
 facet normal -1.893217e-01  4.626929e-01 -8.660673e-01
   outer loop
     vertex  1.156271e+01 -3.174900e+01  1.473145e+02
     vertex  1.152137e+01 -3.159833e+01  1.474040e+02
     vertex  1.157236e+01 -3.158077e+01  1.474022e+02
   endloop
 endfacet
 facet normal -3.576367e-02  4.359215e-01 -8.992738e-01
   outer loop
     vertex  1.149297e+01 -3.176734e+01  1.473150e+02
     vertex  1.119189e+01 -3.180711e+01  1.473077e+02
     vertex  1.120721e+01 -3.167458e+01  1.473713e+02
   endloop
 endfacet
 facet normal -3.852186e-02  1.699484e-01 -9.846998e-01
   outer loop
     vertex  1.149297e+01 -3.176734e+01  1.473150e+02
     vertex  1.160376e+01 -3.191115e+01  1.472858e+02
     vertex  1.143527e+01 -3.194934e+01  1.472858e+02
   endloop
 endfacet
 facet normal  3.202693e-03  1.571789e-01 -9.875649e-01
   outer loop
     vertex  1.149297e+01 -3.176734e+01  1.473150e+02
     vertex  1.143527e+01 -3.194934e+01  1.472858e+02
     vertex  1.119189e+01 -3.180711e+01  1.473077e+02
   endloop
 endfacet
 facet normal -4.955218e-02  1.616350e-01 -9.856058e-01
   outer loop
     vertex  1.149297e+01 -3.176734e+01  1.473150e+02
     vertex  1.156271e+01 -3.174900e+01  1.473145e+02
     vertex  1.160376e+01 -3.191115e+01  1.472858e+02
   endloop
 endfacet
 facet normal -2.186873e-02  4.688517e-01 -8.830062e-01
   outer loop
     vertex  1.149297e+01 -3.176734e+01  1.473150e+02
     vertex  1.120721e+01 -3.167458e+01  1.473713e+02
     vertex  1.152137e+01 -3.159833e+01  1.474040e+02
   endloop
 endfacet
 facet normal -1.322146e-01  4.792954e-01 -8.676377e-01
   outer loop
     vertex  1.149297e+01 -3.176734e+01  1.473150e+02
     vertex  1.152137e+01 -3.159833e+01  1.474040e+02
     vertex  1.156271e+01 -3.174900e+01  1.473145e+02
   endloop
 endfacet
 facet normal -5.372784e-01  7.364979e-01 -4.109777e-01
   outer loop
     vertex  1.157653e+01 -3.145381e+01  1.475354e+02
     vertex  1.147752e+01 -3.143364e+01  1.477010e+02
     vertex  1.168395e+01 -3.129594e+01  1.476779e+02
   endloop
 endfacet
 facet normal -4.867501e-01  5.423328e-01 -6.847988e-01
   outer loop
     vertex  1.157653e+01 -3.145381e+01  1.475354e+02
     vertex  1.179449e+01 -3.143381e+01  1.473963e+02
     vertex  1.171969e+01 -3.149892e+01  1.473979e+02
   endloop
 endfacet
 facet normal -4.039265e-01  7.489330e-01 -5.253025e-01
   outer loop
     vertex  1.157653e+01 -3.145381e+01  1.475354e+02
     vertex  1.168395e+01 -3.129594e+01  1.476779e+02
     vertex  1.179449e+01 -3.143381e+01  1.473963e+02
   endloop
 endfacet
 facet normal -3.917194e-01  6.720576e-01 -6.284063e-01
   outer loop
     vertex  1.157653e+01 -3.145381e+01  1.475354e+02
     vertex  1.171969e+01 -3.149892e+01  1.473979e+02
     vertex  1.157236e+01 -3.158077e+01  1.474022e+02
   endloop
 endfacet
 facet normal -3.923649e-01  8.551450e-01 -3.387874e-01
   outer loop
     vertex  1.151197e+01 -3.148135e+01  1.475407e+02
     vertex  1.147752e+01 -3.143364e+01  1.477010e+02
     vertex  1.157653e+01 -3.145381e+01  1.475354e+02
   endloop
 endfacet
 facet normal -2.706816e-01  7.220611e-01 -6.366783e-01
   outer loop
     vertex  1.151197e+01 -3.148135e+01  1.475407e+02
     vertex  1.157236e+01 -3.158077e+01  1.474022e+02
     vertex  1.152137e+01 -3.159833e+01  1.474040e+02
   endloop
 endfacet
 facet normal -2.564693e-01  9.099509e-01 -3.259032e-01
   outer loop
     vertex  1.151197e+01 -3.148135e+01  1.475407e+02
     vertex  1.136534e+01 -3.152844e+01  1.475246e+02
     vertex  1.147752e+01 -3.143364e+01  1.477010e+02
   endloop
 endfacet
 facet normal -1.676495e-01  7.432203e-01 -6.477015e-01
   outer loop
     vertex  1.151197e+01 -3.148135e+01  1.475407e+02
     vertex  1.152137e+01 -3.159833e+01  1.474040e+02
     vertex  1.136534e+01 -3.152844e+01  1.475246e+02
   endloop
 endfacet
 facet normal -3.443601e-01  6.848979e-01 -6.421301e-01
   outer loop
     vertex  1.151197e+01 -3.148135e+01  1.475407e+02
     vertex  1.157653e+01 -3.145381e+01  1.475354e+02
     vertex  1.157236e+01 -3.158077e+01  1.474022e+02
   endloop
 endfacet
endsolid
