solid 
 facet normal -7.326972e-01  6.805548e-01  0.000000e+00
   outer loop
     vertex -2.919221e+00  5.741703e+00  1.372858e+02
     vertex -2.868581e+00  5.796223e+00  1.392858e+02
     vertex -2.868581e+00  5.796223e+00  1.372858e+02
   endloop
 endfacet
 facet normal -7.326972e-01  6.805548e-01 -4.874738e-16
   outer loop
     vertex -2.919221e+00  5.741703e+00  1.372858e+02
     vertex -2.919221e+00  5.741703e+00  1.392858e+02
     vertex -2.868581e+00  5.796223e+00  1.392858e+02
   endloop
 endfacet
 facet normal -6.800643e-01  7.331525e-01 -8.027693e-17
   outer loop
     vertex -2.973774e+00  5.691100e+00  1.372858e+02
     vertex -2.973774e+00  5.691100e+00  1.392858e+02
     vertex -2.919221e+00  5.741703e+00  1.392858e+02
   endloop
 endfacet
 facet normal -6.800643e-01  7.331525e-01 -1.369656e-16
   outer loop
     vertex -2.973774e+00  5.691100e+00  1.372858e+02
     vertex -2.919221e+00  5.741703e+00  1.392858e+02
     vertex -2.919221e+00  5.741703e+00  1.372858e+02
   endloop
 endfacet
 facet normal -6.236661e-01  7.816909e-01  0.000000e+00
   outer loop
     vertex -3.031939e+00  5.644694e+00  1.372858e+02
     vertex -3.031939e+00  5.644694e+00  1.392858e+02
     vertex -2.973774e+00  5.691100e+00  1.392858e+02
   endloop
 endfacet
 facet normal -6.236661e-01  7.816909e-01  7.285403e-17
   outer loop
     vertex -3.031939e+00  5.644694e+00  1.372858e+02
     vertex -2.973774e+00  5.691100e+00  1.392858e+02
     vertex -2.973774e+00  5.691100e+00  1.372858e+02
   endloop
 endfacet
 facet normal -7.000868e-01  7.140577e-01  0.000000e+00
   outer loop
     vertex -2.182886e+01 -1.618294e+01  1.372858e+02
     vertex -2.170908e+01 -1.606551e+01  1.392858e+02
     vertex -2.170908e+01 -1.606551e+01  1.372858e+02
   endloop
 endfacet
 facet normal -7.000868e-01  7.140577e-01 -1.218787e-15
   outer loop
     vertex -2.182886e+01 -1.618294e+01  1.372858e+02
     vertex -2.182886e+01 -1.618294e+01  1.392858e+02
     vertex -2.170908e+01 -1.606551e+01  1.392858e+02
   endloop
 endfacet
 facet normal -5.708802e-01  8.210334e-01 -5.697255e-16
   outer loop
     vertex -2.196658e+01 -1.627870e+01  1.372858e+02
     vertex -2.196658e+01 -1.627870e+01  1.392858e+02
     vertex -2.182886e+01 -1.618294e+01  1.392858e+02
   endloop
 endfacet
 facet normal -5.708802e-01  8.210334e-01 -5.687810e-16
   outer loop
     vertex -2.196658e+01 -1.627870e+01  1.372858e+02
     vertex -2.182886e+01 -1.618294e+01  1.392858e+02
     vertex -2.182886e+01 -1.618294e+01  1.372858e+02
   endloop
 endfacet
 facet normal -4.256100e-01  9.049067e-01  9.536686e-17
   outer loop
     vertex -2.211838e+01 -1.635010e+01  1.372858e+02
     vertex -2.211838e+01 -1.635010e+01  1.392858e+02
     vertex -2.196658e+01 -1.627870e+01  1.392858e+02
   endloop
 endfacet
 facet normal -4.256100e-01  9.049067e-01  9.824399e-17
   outer loop
     vertex -2.211838e+01 -1.635010e+01  1.372858e+02
     vertex -2.196658e+01 -1.627870e+01  1.392858e+02
     vertex -2.196658e+01 -1.627870e+01  1.372858e+02
   endloop
 endfacet
 facet normal -2.683639e-01  9.633176e-01 -9.534201e-16
   outer loop
     vertex -2.227997e+01 -1.639511e+01  1.372858e+02
     vertex -2.227997e+01 -1.639511e+01  1.392858e+02
     vertex -2.211838e+01 -1.635010e+01  1.392858e+02
   endloop
 endfacet
 facet normal -2.683639e-01  9.633176e-01  7.575129e-16
   outer loop
     vertex -2.227997e+01 -1.639511e+01  1.372858e+02
     vertex -2.211838e+01 -1.635010e+01  1.392858e+02
     vertex -2.211838e+01 -1.635010e+01  1.372858e+02
   endloop
 endfacet
 facet normal -1.035666e-01  9.946225e-01 -1.839712e-16
   outer loop
     vertex -2.244681e+01 -1.641249e+01  1.372858e+02
     vertex -2.244681e+01 -1.641249e+01  1.392858e+02
     vertex -2.227997e+01 -1.639511e+01  1.392858e+02
   endloop
 endfacet
 facet normal -1.035666e-01  9.946225e-01 -3.684150e-16
   outer loop
     vertex -2.244681e+01 -1.641249e+01  1.372858e+02
     vertex -2.227997e+01 -1.639511e+01  1.392858e+02
     vertex -2.227997e+01 -1.639511e+01  1.372858e+02
   endloop
 endfacet
 facet normal  6.414495e-02  9.979406e-01 -1.658754e-15
   outer loop
     vertex -2.261421e+01 -1.640173e+01  1.372858e+02
     vertex -2.261421e+01 -1.640173e+01  1.392858e+02
     vertex -2.244681e+01 -1.641249e+01  1.392858e+02
   endloop
 endfacet
 facet normal  6.414495e-02  9.979406e-01  1.137562e-16
   outer loop
     vertex -2.261421e+01 -1.640173e+01  1.372858e+02
     vertex -2.244681e+01 -1.641249e+01  1.392858e+02
     vertex -2.244681e+01 -1.641249e+01  1.372858e+02
   endloop
 endfacet
 facet normal  2.300515e-01  9.731784e-01  4.086536e-16
   outer loop
     vertex -2.277745e+01 -1.636314e+01  1.372858e+02
     vertex -2.277745e+01 -1.636314e+01  1.392858e+02
     vertex -2.261421e+01 -1.640173e+01  1.392858e+02
   endloop
 endfacet
 facet normal  2.300515e-01  9.731784e-01 -1.321123e-15
   outer loop
     vertex -2.277745e+01 -1.636314e+01  1.372858e+02
     vertex -2.261421e+01 -1.640173e+01  1.392858e+02
     vertex -2.261421e+01 -1.640173e+01  1.372858e+02
   endloop
 endfacet
 facet normal  3.894849e-01  9.210329e-01 -1.636083e-15
   outer loop
     vertex -2.293195e+01 -1.629780e+01  1.372858e+02
     vertex -2.293195e+01 -1.629780e+01  1.392858e+02
     vertex -2.277745e+01 -1.636314e+01  1.392858e+02
   endloop
 endfacet
 facet normal  3.894849e-01  9.210329e-01  6.928787e-16
   outer loop
     vertex -2.293195e+01 -1.629780e+01  1.372858e+02
     vertex -2.277745e+01 -1.636314e+01  1.392858e+02
     vertex -2.277745e+01 -1.636314e+01  1.372858e+02
   endloop
 endfacet
 facet normal  5.379589e-01  8.429711e-01 -0.000000e+00
   outer loop
     vertex -2.307336e+01 -1.620756e+01  1.372858e+02
     vertex -2.307336e+01 -1.620756e+01  1.392858e+02
     vertex -2.293195e+01 -1.629780e+01  1.392858e+02
   endloop
 endfacet
 facet normal  5.379589e-01  8.429711e-01 -1.494343e-15
   outer loop
     vertex -2.307336e+01 -1.620756e+01  1.372858e+02
     vertex -2.293195e+01 -1.629780e+01  1.392858e+02
     vertex -2.293195e+01 -1.629780e+01  1.372858e+02
   endloop
 endfacet
 facet normal  6.712957e-01  7.411897e-01 -1.192461e-15
   outer loop
     vertex -2.319769e+01 -1.609496e+01  1.372858e+02
     vertex -2.319769e+01 -1.609496e+01  1.392858e+02
     vertex -2.307336e+01 -1.620756e+01  1.392858e+02
   endloop
 endfacet
 facet normal  6.712957e-01  7.411897e-01  0.000000e+00
   outer loop
     vertex -2.319769e+01 -1.609496e+01  1.372858e+02
     vertex -2.307336e+01 -1.620756e+01  1.392858e+02
     vertex -2.307336e+01 -1.620756e+01  1.372858e+02
   endloop
 endfacet
 facet normal  7.857434e-01  6.185525e-01 -0.000000e+00
   outer loop
     vertex -2.330144e+01 -1.596315e+01  1.372858e+02
     vertex -2.330144e+01 -1.596315e+01  1.392858e+02
     vertex -2.319769e+01 -1.609496e+01  1.392858e+02
   endloop
 endfacet
 facet normal  7.857434e-01  6.185525e-01 -1.396099e-15
   outer loop
     vertex -2.330144e+01 -1.596315e+01  1.372858e+02
     vertex -2.319769e+01 -1.609496e+01  1.392858e+02
     vertex -2.319769e+01 -1.609496e+01  1.372858e+02
   endloop
 endfacet
 facet normal -8.652034e-01  5.014211e-01  0.000000e+00
   outer loop
     vertex -2.146394e+01 -1.567555e+01  1.372858e+02
     vertex -2.158333e+01 -1.588157e+01  1.392858e+02
     vertex -2.146394e+01 -1.567555e+01  1.392858e+02
   endloop
 endfacet
 facet normal -8.652034e-01  5.014211e-01  0.000000e+00
   outer loop
     vertex -2.146394e+01 -1.567555e+01  1.372858e+02
     vertex -2.158333e+01 -1.588157e+01  1.372858e+02
     vertex -2.158333e+01 -1.588157e+01  1.392858e+02
   endloop
 endfacet
 facet normal -8.255237e-01  5.643675e-01  0.000000e+00
   outer loop
     vertex -2.132956e+01 -1.547899e+01  1.372858e+02
     vertex -2.146394e+01 -1.567555e+01  1.392858e+02
     vertex -2.132956e+01 -1.547899e+01  1.392858e+02
   endloop
 endfacet
 facet normal -7.812733e-01  6.241891e-01  0.000000e+00
   outer loop
     vertex -2.132956e+01 -1.547899e+01  1.372858e+02
     vertex -2.132956e+01 -1.547899e+01  1.392858e+02
     vertex -2.118093e+01 -1.529296e+01  1.392858e+02
   endloop
 endfacet
 facet normal -8.255237e-01  5.643675e-01  0.000000e+00
   outer loop
     vertex -2.132956e+01 -1.547899e+01  1.372858e+02
     vertex -2.146394e+01 -1.567555e+01  1.372858e+02
     vertex -2.146394e+01 -1.567555e+01  1.392858e+02
   endloop
 endfacet
 facet normal -7.812733e-01  6.241891e-01  0.000000e+00
   outer loop
     vertex -2.118093e+01 -1.529296e+01  1.372858e+02
     vertex -2.132956e+01 -1.547899e+01  1.372858e+02
     vertex -2.118093e+01 -1.529296e+01  1.392858e+02
   endloop
 endfacet
 facet normal -6.977297e-01  7.163611e-01  0.000000e+00
   outer loop
     vertex -2.078135e+01 -1.490377e+01  1.372858e+02
     vertex -2.118093e+01 -1.529296e+01  1.372858e+02
     vertex -2.118093e+01 -1.529296e+01  1.392858e+02
   endloop
 endfacet
 facet normal -6.977297e-01  7.163611e-01  0.000000e+00
   outer loop
     vertex -2.078135e+01 -1.490377e+01  1.372858e+02
     vertex -2.118093e+01 -1.529296e+01  1.392858e+02
     vertex -2.078135e+01 -1.490377e+01  1.392858e+02
   endloop
 endfacet
 facet normal -5.627349e-01  8.266374e-01  0.000000e+00
   outer loop
     vertex -2.032025e+01 -1.458988e+01  1.372858e+02
     vertex -2.078135e+01 -1.490377e+01  1.392858e+02
     vertex -2.032025e+01 -1.458988e+01  1.392858e+02
   endloop
 endfacet
 facet normal -5.627349e-01  8.266374e-01  0.000000e+00
   outer loop
     vertex -2.032025e+01 -1.458988e+01  1.372858e+02
     vertex -2.078135e+01 -1.490377e+01  1.372858e+02
     vertex -2.078135e+01 -1.490377e+01  1.392858e+02
   endloop
 endfacet
 facet normal -4.106416e-01  9.117969e-01  0.000000e+00
   outer loop
     vertex -1.981165e+01 -1.436082e+01  1.372858e+02
     vertex -2.032025e+01 -1.458988e+01  1.392858e+02
     vertex -1.981165e+01 -1.436082e+01  1.392858e+02
   endloop
 endfacet
 facet normal -4.106416e-01  9.117969e-01  0.000000e+00
   outer loop
     vertex -1.981165e+01 -1.436082e+01  1.372858e+02
     vertex -2.032025e+01 -1.458988e+01  1.372858e+02
     vertex -2.032025e+01 -1.458988e+01  1.392858e+02
   endloop
 endfacet
 facet normal -2.460711e-01  9.692518e-01  0.000000e+00
   outer loop
     vertex -1.927101e+01 -1.422356e+01  1.372858e+02
     vertex -1.981165e+01 -1.436082e+01  1.392858e+02
     vertex -1.927101e+01 -1.422356e+01  1.392858e+02
   endloop
 endfacet
 facet normal -2.460711e-01  9.692518e-01  0.000000e+00
   outer loop
     vertex -1.927101e+01 -1.422356e+01  1.372858e+02
     vertex -1.981165e+01 -1.436082e+01  1.372858e+02
     vertex -1.981165e+01 -1.436082e+01  1.392858e+02
   endloop
 endfacet
 facet normal -7.402397e-02  9.972565e-01  0.000000e+00
   outer loop
     vertex -1.871474e+01 -1.418227e+01  1.372858e+02
     vertex -1.927101e+01 -1.422356e+01  1.392858e+02
     vertex -1.871474e+01 -1.418227e+01  1.392858e+02
   endloop
 endfacet
 facet normal -7.402397e-02  9.972565e-01  0.000000e+00
   outer loop
     vertex -1.871474e+01 -1.418227e+01  1.372858e+02
     vertex -1.927101e+01 -1.422356e+01  1.372858e+02
     vertex -1.927101e+01 -1.422356e+01  1.392858e+02
   endloop
 endfacet
 facet normal  1.002724e-01  9.949600e-01 -0.000000e+00
   outer loop
     vertex -1.815976e+01 -1.423821e+01  1.372858e+02
     vertex -1.871474e+01 -1.418227e+01  1.392858e+02
     vertex -1.815976e+01 -1.423821e+01  1.392858e+02
   endloop
 endfacet
 facet normal  1.002724e-01  9.949600e-01  0.000000e+00
   outer loop
     vertex -1.815976e+01 -1.423821e+01  1.372858e+02
     vertex -1.871474e+01 -1.418227e+01  1.372858e+02
     vertex -1.871474e+01 -1.418227e+01  1.392858e+02
   endloop
 endfacet
 facet normal  2.715220e-01  9.624322e-01 -0.000000e+00
   outer loop
     vertex -1.762292e+01 -1.438966e+01  1.372858e+02
     vertex -1.815976e+01 -1.423821e+01  1.392858e+02
     vertex -1.762292e+01 -1.438966e+01  1.392858e+02
   endloop
 endfacet
 facet normal  2.715220e-01  9.624322e-01  0.000000e+00
   outer loop
     vertex -1.762292e+01 -1.438966e+01  1.372858e+02
     vertex -1.815976e+01 -1.423821e+01  1.372858e+02
     vertex -1.815976e+01 -1.423821e+01  1.392858e+02
   endloop
 endfacet
 facet normal  4.345216e-01  9.006614e-01 -0.000000e+00
   outer loop
     vertex -1.712053e+01 -1.463203e+01  1.372858e+02
     vertex -1.762292e+01 -1.438966e+01  1.392858e+02
     vertex -1.712053e+01 -1.463203e+01  1.392858e+02
   endloop
 endfacet
 facet normal  4.345216e-01  9.006614e-01  0.000000e+00
   outer loop
     vertex -1.712053e+01 -1.463203e+01  1.372858e+02
     vertex -1.762292e+01 -1.438966e+01  1.372858e+02
     vertex -1.762292e+01 -1.438966e+01  1.392858e+02
   endloop
 endfacet
 facet normal  5.843184e-01  8.115245e-01 -0.000000e+00
   outer loop
     vertex -1.666786e+01 -1.495797e+01  1.372858e+02
     vertex -1.712053e+01 -1.463203e+01  1.392858e+02
     vertex -1.666786e+01 -1.495797e+01  1.392858e+02
   endloop
 endfacet
 facet normal  5.843184e-01  8.115245e-01  0.000000e+00
   outer loop
     vertex -1.666786e+01 -1.495797e+01  1.372858e+02
     vertex -1.712053e+01 -1.463203e+01  1.372858e+02
     vertex -1.712053e+01 -1.463203e+01  1.392858e+02
   endloop
 endfacet
 facet normal  7.163611e-01  6.977297e-01 -0.000000e+00
   outer loop
     vertex -1.627867e+01 -1.535755e+01  1.372858e+02
     vertex -1.666786e+01 -1.495797e+01  1.392858e+02
     vertex -1.627867e+01 -1.535755e+01  1.392858e+02
   endloop
 endfacet
 facet normal  7.163611e-01  6.977297e-01  0.000000e+00
   outer loop
     vertex -1.627867e+01 -1.535755e+01  1.372858e+02
     vertex -1.666786e+01 -1.495797e+01  1.372858e+02
     vertex -1.666786e+01 -1.495797e+01  1.392858e+02
   endloop
 endfacet
 facet normal  8.266374e-01  5.627349e-01 -0.000000e+00
   outer loop
     vertex -1.596478e+01 -1.581865e+01  1.372858e+02
     vertex -1.627867e+01 -1.535755e+01  1.392858e+02
     vertex -1.596478e+01 -1.581865e+01  1.392858e+02
   endloop
 endfacet
 facet normal  8.266374e-01  5.627349e-01  0.000000e+00
   outer loop
     vertex -1.596478e+01 -1.581865e+01  1.372858e+02
     vertex -1.627867e+01 -1.535755e+01  1.372858e+02
     vertex -1.627867e+01 -1.535755e+01  1.392858e+02
   endloop
 endfacet
 facet normal  9.117969e-01  4.106416e-01 -0.000000e+00
   outer loop
     vertex -1.573573e+01 -1.632724e+01  1.372858e+02
     vertex -1.596478e+01 -1.581865e+01  1.392858e+02
     vertex -1.573573e+01 -1.632724e+01  1.392858e+02
   endloop
 endfacet
 facet normal  9.117969e-01  4.106416e-01  0.000000e+00
   outer loop
     vertex -1.573573e+01 -1.632724e+01  1.372858e+02
     vertex -1.596478e+01 -1.581865e+01  1.372858e+02
     vertex -1.596478e+01 -1.581865e+01  1.392858e+02
   endloop
 endfacet
 facet normal  9.692518e-01  2.460711e-01 -0.000000e+00
   outer loop
     vertex -1.559847e+01 -1.686789e+01  1.372858e+02
     vertex -1.573573e+01 -1.632724e+01  1.392858e+02
     vertex -1.559847e+01 -1.686789e+01  1.392858e+02
   endloop
 endfacet
 facet normal  9.692518e-01  2.460711e-01  0.000000e+00
   outer loop
     vertex -1.559847e+01 -1.686789e+01  1.372858e+02
     vertex -1.573573e+01 -1.632724e+01  1.372858e+02
     vertex -1.573573e+01 -1.632724e+01  1.392858e+02
   endloop
 endfacet
 facet normal  9.972565e-01  7.402397e-02 -0.000000e+00
   outer loop
     vertex -1.555718e+01 -1.742415e+01  1.372858e+02
     vertex -1.559847e+01 -1.686789e+01  1.392858e+02
     vertex -1.555718e+01 -1.742415e+01  1.392858e+02
   endloop
 endfacet
 facet normal  9.972565e-01  7.402397e-02  0.000000e+00
   outer loop
     vertex -1.555718e+01 -1.742415e+01  1.372858e+02
     vertex -1.559847e+01 -1.686789e+01  1.372858e+02
     vertex -1.559847e+01 -1.686789e+01  1.392858e+02
   endloop
 endfacet
 facet normal  9.949600e-01 -1.002724e-01  0.000000e+00
   outer loop
     vertex -1.561311e+01 -1.797914e+01  1.372858e+02
     vertex -1.555718e+01 -1.742415e+01  1.372858e+02
     vertex -1.555718e+01 -1.742415e+01  1.392858e+02
   endloop
 endfacet
 facet normal  9.949600e-01 -1.002724e-01  0.000000e+00
   outer loop
     vertex -1.561311e+01 -1.797914e+01  1.372858e+02
     vertex -1.555718e+01 -1.742415e+01  1.392858e+02
     vertex -1.561311e+01 -1.797914e+01  1.392858e+02
   endloop
 endfacet
 facet normal  9.624322e-01 -2.715220e-01  0.000000e+00
   outer loop
     vertex -1.576456e+01 -1.851598e+01  1.372858e+02
     vertex -1.561311e+01 -1.797914e+01  1.372858e+02
     vertex -1.561311e+01 -1.797914e+01  1.392858e+02
   endloop
 endfacet
 facet normal  9.624322e-01 -2.715220e-01  0.000000e+00
   outer loop
     vertex -1.576456e+01 -1.851598e+01  1.372858e+02
     vertex -1.561311e+01 -1.797914e+01  1.392858e+02
     vertex -1.576456e+01 -1.851598e+01  1.392858e+02
   endloop
 endfacet
 facet normal  9.006614e-01 -4.345216e-01  0.000000e+00
   outer loop
     vertex -1.600694e+01 -1.901837e+01  1.372858e+02
     vertex -1.576456e+01 -1.851598e+01  1.372858e+02
     vertex -1.576456e+01 -1.851598e+01  1.392858e+02
   endloop
 endfacet
 facet normal  9.006614e-01 -4.345216e-01  0.000000e+00
   outer loop
     vertex -1.600694e+01 -1.901837e+01  1.372858e+02
     vertex -1.576456e+01 -1.851598e+01  1.392858e+02
     vertex -1.600694e+01 -1.901837e+01  1.392858e+02
   endloop
 endfacet
 facet normal  8.115245e-01 -5.843184e-01  0.000000e+00
   outer loop
     vertex -1.633287e+01 -1.947103e+01  1.372858e+02
     vertex -1.600694e+01 -1.901837e+01  1.372858e+02
     vertex -1.600694e+01 -1.901837e+01  1.392858e+02
   endloop
 endfacet
 facet normal  8.115245e-01 -5.843184e-01  0.000000e+00
   outer loop
     vertex -1.633287e+01 -1.947103e+01  1.372858e+02
     vertex -1.600694e+01 -1.901837e+01  1.392858e+02
     vertex -1.633287e+01 -1.947103e+01  1.392858e+02
   endloop
 endfacet
 facet normal  6.977297e-01 -7.163611e-01  0.000000e+00
   outer loop
     vertex  8.937938e-01  5.925362e-01  1.372858e+02
     vertex  1.293378e+00  9.817276e-01  1.392858e+02
     vertex  8.937938e-01  5.925362e-01  1.392858e+02
   endloop
 endfacet
 facet normal  6.977297e-01 -7.163611e-01  0.000000e+00
   outer loop
     vertex  8.937938e-01  5.925362e-01  1.372858e+02
     vertex  1.293378e+00  9.817276e-01  1.372858e+02
     vertex  1.293378e+00  9.817276e-01  1.392858e+02
   endloop
 endfacet
 facet normal  5.627349e-01 -8.266374e-01  0.000000e+00
   outer loop
     vertex  4.326981e-01  2.786445e-01  1.372858e+02
     vertex  8.937938e-01  5.925362e-01  1.392858e+02
     vertex  4.326981e-01  2.786445e-01  1.392858e+02
   endloop
 endfacet
 facet normal  5.627349e-01 -8.266374e-01  0.000000e+00
   outer loop
     vertex  4.326981e-01  2.786445e-01  1.372858e+02
     vertex  8.937938e-01  5.925362e-01  1.372858e+02
     vertex  8.937938e-01  5.925362e-01  1.392858e+02
   endloop
 endfacet
 facet normal  4.106416e-01 -9.117969e-01  0.000000e+00
   outer loop
     vertex -7.589922e-02  4.958996e-02  1.372858e+02
     vertex  4.326981e-01  2.786445e-01  1.392858e+02
     vertex -7.589922e-02  4.958996e-02  1.392858e+02
   endloop
 endfacet
 facet normal  4.106416e-01 -9.117969e-01  0.000000e+00
   outer loop
     vertex -7.589922e-02  4.958996e-02  1.372858e+02
     vertex  4.326981e-01  2.786445e-01  1.372858e+02
     vertex  4.326981e-01  2.786445e-01  1.392858e+02
   endloop
 endfacet
 facet normal  2.460711e-01 -9.692518e-01  0.000000e+00
   outer loop
     vertex -6.165447e-01 -8.766772e-02  1.372858e+02
     vertex -7.589922e-02  4.958996e-02  1.392858e+02
     vertex -6.165447e-01 -8.766772e-02  1.392858e+02
   endloop
 endfacet
 facet normal  2.460711e-01 -9.692518e-01  0.000000e+00
   outer loop
     vertex -6.165447e-01 -8.766772e-02  1.372858e+02
     vertex -7.589922e-02  4.958996e-02  1.372858e+02
     vertex -7.589922e-02  4.958996e-02  1.392858e+02
   endloop
 endfacet
 facet normal  7.402397e-02 -9.972565e-01  0.000000e+00
   outer loop
     vertex -1.172811e+00 -1.289581e-01  1.372858e+02
     vertex -6.165447e-01 -8.766772e-02  1.392858e+02
     vertex -1.172811e+00 -1.289581e-01  1.392858e+02
   endloop
 endfacet
 facet normal  7.402397e-02 -9.972565e-01  0.000000e+00
   outer loop
     vertex -1.172811e+00 -1.289581e-01  1.372858e+02
     vertex -6.165447e-01 -8.766772e-02  1.372858e+02
     vertex -6.165447e-01 -8.766772e-02  1.392858e+02
   endloop
 endfacet
 facet normal -1.002724e-01 -9.949600e-01  0.000000e+00
   outer loop
     vertex -1.727797e+00 -7.302644e-02  1.372858e+02
     vertex -1.172811e+00 -1.289581e-01  1.392858e+02
     vertex -1.727797e+00 -7.302644e-02  1.392858e+02
   endloop
 endfacet
 facet normal -1.002724e-01 -9.949600e-01  0.000000e+00
   outer loop
     vertex -1.727797e+00 -7.302644e-02  1.372858e+02
     vertex -1.172811e+00 -1.289581e-01  1.372858e+02
     vertex -1.172811e+00 -1.289581e-01  1.392858e+02
   endloop
 endfacet
 facet normal -2.715220e-01 -9.624322e-01  0.000000e+00
   outer loop
     vertex -2.264638e+00  7.842766e-02  1.372858e+02
     vertex -1.727797e+00 -7.302644e-02  1.392858e+02
     vertex -2.264638e+00  7.842766e-02  1.392858e+02
   endloop
 endfacet
 facet normal -2.715220e-01 -9.624322e-01  0.000000e+00
   outer loop
     vertex -2.264638e+00  7.842766e-02  1.372858e+02
     vertex -1.727797e+00 -7.302644e-02  1.372858e+02
     vertex -1.727797e+00 -7.302644e-02  1.392858e+02
   endloop
 endfacet
 facet normal -4.345216e-01 -9.006614e-01  0.000000e+00
   outer loop
     vertex -2.767024e+00  3.208024e-01  1.372858e+02
     vertex -2.264638e+00  7.842766e-02  1.392858e+02
     vertex -2.767024e+00  3.208024e-01  1.392858e+02
   endloop
 endfacet
 facet normal -4.345216e-01 -9.006614e-01  0.000000e+00
   outer loop
     vertex -2.767024e+00  3.208024e-01  1.372858e+02
     vertex -2.264638e+00  7.842766e-02  1.372858e+02
     vertex -2.264638e+00  7.842766e-02  1.392858e+02
   endloop
 endfacet
 facet normal -5.843184e-01 -8.115245e-01  0.000000e+00
   outer loop
     vertex -3.219690e+00  6.467333e-01  1.372858e+02
     vertex -2.767024e+00  3.208024e-01  1.392858e+02
     vertex -3.219690e+00  6.467333e-01  1.392858e+02
   endloop
 endfacet
 facet normal -5.843184e-01 -8.115245e-01  0.000000e+00
   outer loop
     vertex -3.219690e+00  6.467333e-01  1.372858e+02
     vertex -2.767024e+00  3.208024e-01  1.372858e+02
     vertex -2.767024e+00  3.208024e-01  1.392858e+02
   endloop
 endfacet
 facet normal -7.163611e-01 -6.977297e-01  0.000000e+00
   outer loop
     vertex -3.608881e+00  1.046317e+00  1.372858e+02
     vertex -3.219690e+00  6.467333e-01  1.392858e+02
     vertex -3.608881e+00  1.046317e+00  1.392858e+02
   endloop
 endfacet
 facet normal -7.163611e-01 -6.977297e-01  0.000000e+00
   outer loop
     vertex -3.608881e+00  1.046317e+00  1.372858e+02
     vertex -3.219690e+00  6.467333e-01  1.372858e+02
     vertex -3.219690e+00  6.467333e-01  1.392858e+02
   endloop
 endfacet
 facet normal -8.266374e-01 -5.627349e-01  0.000000e+00
   outer loop
     vertex -3.922773e+00  1.507413e+00  1.372858e+02
     vertex -3.608881e+00  1.046317e+00  1.392858e+02
     vertex -3.922773e+00  1.507413e+00  1.392858e+02
   endloop
 endfacet
 facet normal -8.266374e-01 -5.627349e-01  0.000000e+00
   outer loop
     vertex -3.922773e+00  1.507413e+00  1.372858e+02
     vertex -3.608881e+00  1.046317e+00  1.372858e+02
     vertex -3.608881e+00  1.046317e+00  1.392858e+02
   endloop
 endfacet
 facet normal -9.117969e-01 -4.106416e-01  0.000000e+00
   outer loop
     vertex -4.151827e+00  2.016010e+00  1.372858e+02
     vertex -3.922773e+00  1.507413e+00  1.392858e+02
     vertex -4.151827e+00  2.016010e+00  1.392858e+02
   endloop
 endfacet
 facet normal -9.692518e-01 -2.460711e-01  0.000000e+00
   outer loop
     vertex -4.151827e+00  2.016010e+00  1.372858e+02
     vertex -4.151827e+00  2.016010e+00  1.392858e+02
     vertex -4.289085e+00  2.556656e+00  1.392858e+02
   endloop
 endfacet
 facet normal -9.117969e-01 -4.106416e-01  0.000000e+00
   outer loop
     vertex -4.151827e+00  2.016010e+00  1.372858e+02
     vertex -3.922773e+00  1.507413e+00  1.372858e+02
     vertex -3.922773e+00  1.507413e+00  1.392858e+02
   endloop
 endfacet
 facet normal -9.692518e-01 -2.460711e-01  0.000000e+00
   outer loop
     vertex -4.289085e+00  2.556656e+00  1.372858e+02
     vertex -4.151827e+00  2.016010e+00  1.372858e+02
     vertex -4.289085e+00  2.556656e+00  1.392858e+02
   endloop
 endfacet
 facet normal -9.972565e-01 -7.402397e-02  0.000000e+00
   outer loop
     vertex -4.330376e+00  3.112922e+00  1.372858e+02
     vertex -4.289085e+00  2.556656e+00  1.392858e+02
     vertex -4.330376e+00  3.112922e+00  1.392858e+02
   endloop
 endfacet
 facet normal -9.972565e-01 -7.402397e-02  0.000000e+00
   outer loop
     vertex -4.330376e+00  3.112922e+00  1.372858e+02
     vertex -4.289085e+00  2.556656e+00  1.372858e+02
     vertex -4.289085e+00  2.556656e+00  1.392858e+02
   endloop
 endfacet
 facet normal -9.949600e-01  1.002724e-01  0.000000e+00
   outer loop
     vertex -4.274444e+00  3.667908e+00  1.372858e+02
     vertex -4.330376e+00  3.112922e+00  1.372858e+02
     vertex -4.330376e+00  3.112922e+00  1.392858e+02
   endloop
 endfacet
 facet normal -9.949600e-01  1.002724e-01  0.000000e+00
   outer loop
     vertex -4.274444e+00  3.667908e+00  1.372858e+02
     vertex -4.330376e+00  3.112922e+00  1.392858e+02
     vertex -4.274444e+00  3.667908e+00  1.392858e+02
   endloop
 endfacet
 facet normal -9.624322e-01  2.715220e-01  0.000000e+00
   outer loop
     vertex -4.122990e+00  4.204749e+00  1.372858e+02
     vertex -4.274444e+00  3.667908e+00  1.372858e+02
     vertex -4.274444e+00  3.667908e+00  1.392858e+02
   endloop
 endfacet
 facet normal -9.624322e-01  2.715220e-01  0.000000e+00
   outer loop
     vertex -4.122990e+00  4.204749e+00  1.372858e+02
     vertex -4.274444e+00  3.667908e+00  1.392858e+02
     vertex -4.122990e+00  4.204749e+00  1.392858e+02
   endloop
 endfacet
 facet normal -9.006614e-01  4.345216e-01  0.000000e+00
   outer loop
     vertex -3.880615e+00  4.707135e+00  1.372858e+02
     vertex -4.122990e+00  4.204749e+00  1.372858e+02
     vertex -4.122990e+00  4.204749e+00  1.392858e+02
   endloop
 endfacet
 facet normal -9.006614e-01  4.345216e-01  0.000000e+00
   outer loop
     vertex -3.880615e+00  4.707135e+00  1.372858e+02
     vertex -4.122990e+00  4.204749e+00  1.392858e+02
     vertex -3.880615e+00  4.707135e+00  1.392858e+02
   endloop
 endfacet
 facet normal -8.115245e-01  5.843184e-01  0.000000e+00
   outer loop
     vertex -3.880615e+00  4.707135e+00  1.372858e+02
     vertex -3.880615e+00  4.707135e+00  1.392858e+02
     vertex -3.554684e+00  5.159801e+00  1.392858e+02
   endloop
 endfacet
 facet normal -8.115245e-01  5.843184e-01  0.000000e+00
   outer loop
     vertex -3.554684e+00  5.159801e+00  1.372858e+02
     vertex -3.880615e+00  4.707135e+00  1.372858e+02
     vertex -3.554684e+00  5.159801e+00  1.392858e+02
   endloop
 endfacet
 facet normal  8.652034e-01 -5.014211e-01  0.000000e+00
   outer loop
     vertex  1.576384e+00  1.364321e+00  1.372858e+02
     vertex  1.695777e+00  1.570334e+00  1.392858e+02
     vertex  1.576384e+00  1.364321e+00  1.392858e+02
   endloop
 endfacet
 facet normal  8.652034e-01 -5.014211e-01  0.000000e+00
   outer loop
     vertex  1.576384e+00  1.364321e+00  1.372858e+02
     vertex  1.695777e+00  1.570334e+00  1.372858e+02
     vertex  1.695777e+00  1.570334e+00  1.392858e+02
   endloop
 endfacet
 facet normal  8.255237e-01 -5.643675e-01  0.000000e+00
   outer loop
     vertex  1.442003e+00  1.167756e+00  1.372858e+02
     vertex  1.576384e+00  1.364321e+00  1.392858e+02
     vertex  1.442003e+00  1.167756e+00  1.392858e+02
   endloop
 endfacet
 facet normal  8.255237e-01 -5.643675e-01  0.000000e+00
   outer loop
     vertex  1.442003e+00  1.167756e+00  1.372858e+02
     vertex  1.576384e+00  1.364321e+00  1.372858e+02
     vertex  1.576384e+00  1.364321e+00  1.392858e+02
   endloop
 endfacet
 facet normal  7.812733e-01 -6.241891e-01  0.000000e+00
   outer loop
     vertex  1.293378e+00  9.817276e-01  1.372858e+02
     vertex  1.442003e+00  1.167756e+00  1.392858e+02
     vertex  1.293378e+00  9.817276e-01  1.392858e+02
   endloop
 endfacet
 facet normal  7.812733e-01 -6.241891e-01  0.000000e+00
   outer loop
     vertex  1.293378e+00  9.817276e-01  1.372858e+02
     vertex  1.442003e+00  1.167756e+00  1.372858e+02
     vertex  1.442003e+00  1.167756e+00  1.392858e+02
   endloop
 endfacet
 facet normal  4.943090e-01 -5.075085e-01 -7.057576e-01
   outer loop
     vertex  1.238382e+01 -2.639760e+01  1.512858e+02
     vertex  1.307787e+01 -2.641692e+01  1.517858e+02
     vertex  1.276258e+01 -2.672401e+01  1.517858e+02
   endloop
 endfacet
 facet normal  3.986715e-01 -5.856341e-01 -7.057576e-01
   outer loop
     vertex  1.276155e+01 -2.602969e+01  1.512858e+02
     vertex  1.344171e+01 -2.616924e+01  1.517858e+02
     vertex  1.307787e+01 -2.641692e+01  1.517858e+02
   endloop
 endfacet
 facet normal  4.943090e-01 -5.075085e-01 -7.057576e-01
   outer loop
     vertex  1.276155e+01 -2.602969e+01  1.512858e+02
     vertex  1.307787e+01 -2.641692e+01  1.517858e+02
     vertex  1.238382e+01 -2.639760e+01  1.512858e+02
   endloop
 endfacet
 facet normal  2.909204e-01 -6.459656e-01 -7.057576e-01
   outer loop
     vertex  1.319743e+01 -2.573297e+01  1.512858e+02
     vertex  1.384302e+01 -2.598850e+01  1.517858e+02
     vertex  1.344171e+01 -2.616924e+01  1.517858e+02
   endloop
 endfacet
 facet normal  3.986715e-01 -5.856341e-01 -7.057576e-01
   outer loop
     vertex  1.319743e+01 -2.573297e+01  1.512858e+02
     vertex  1.344171e+01 -2.616924e+01  1.517858e+02
     vertex  1.276155e+01 -2.602969e+01  1.512858e+02
   endloop
 endfacet
 facet normal  1.743299e-01 -6.866697e-01 -7.057576e-01
   outer loop
     vertex  1.367822e+01 -2.551644e+01  1.512858e+02
     vertex  1.426962e+01 -2.588019e+01  1.517858e+02
     vertex  1.384302e+01 -2.598850e+01  1.517858e+02
   endloop
 endfacet
 facet normal  2.909204e-01 -6.459656e-01 -7.057576e-01
   outer loop
     vertex  1.367822e+01 -2.551644e+01  1.512858e+02
     vertex  1.384302e+01 -2.598850e+01  1.517858e+02
     vertex  1.319743e+01 -2.573297e+01  1.512858e+02
   endloop
 endfacet
 facet normal  5.244254e-02 -7.065098e-01 -7.057576e-01
   outer loop
     vertex  1.418929e+01 -2.538669e+01  1.512858e+02
     vertex  1.470855e+01 -2.584761e+01  1.517858e+02
     vertex  1.426962e+01 -2.588019e+01  1.517858e+02
   endloop
 endfacet
 facet normal  1.743299e-01 -6.866697e-01 -7.057576e-01
   outer loop
     vertex  1.418929e+01 -2.538669e+01  1.512858e+02
     vertex  1.426962e+01 -2.588019e+01  1.517858e+02
     vertex  1.367822e+01 -2.551644e+01  1.512858e+02
   endloop
 endfacet
 facet normal -7.103832e-02 -7.048828e-01 -7.057576e-01
   outer loop
     vertex  1.471514e+01 -2.534766e+01  1.512858e+02
     vertex  1.514647e+01 -2.589175e+01  1.517858e+02
     vertex  1.470855e+01 -2.584761e+01  1.517858e+02
   endloop
 endfacet
 facet normal  5.244254e-02 -7.065098e-01 -7.057576e-01
   outer loop
     vertex  1.471514e+01 -2.534766e+01  1.512858e+02
     vertex  1.470855e+01 -2.584761e+01  1.517858e+02
     vertex  1.418929e+01 -2.538669e+01  1.512858e+02
   endloop
 endfacet
 facet normal -1.923607e-01 -6.818384e-01 -7.057576e-01
   outer loop
     vertex  1.523977e+01 -2.540053e+01  1.512858e+02
     vertex  1.557007e+01 -2.601125e+01  1.517858e+02
     vertex  1.514647e+01 -2.589175e+01  1.517858e+02
   endloop
 endfacet
 facet normal -7.103832e-02 -7.048828e-01 -7.057576e-01
   outer loop
     vertex  1.523977e+01 -2.540053e+01  1.512858e+02
     vertex  1.514647e+01 -2.589175e+01  1.517858e+02
     vertex  1.471514e+01 -2.534766e+01  1.512858e+02
   endloop
 endfacet
 facet normal -3.078383e-01 -6.380767e-01 -7.057576e-01
   outer loop
     vertex  1.574726e+01 -2.554370e+01  1.512858e+02
     vertex  1.596649e+01 -2.620250e+01  1.517858e+02
     vertex  1.557007e+01 -2.601125e+01  1.517858e+02
   endloop
 endfacet
 facet normal -1.923607e-01 -6.818384e-01 -7.057576e-01
   outer loop
     vertex  1.574726e+01 -2.554370e+01  1.512858e+02
     vertex  1.557007e+01 -2.601125e+01  1.517858e+02
     vertex  1.523977e+01 -2.540053e+01  1.512858e+02
   endloop
 endfacet
 facet normal -4.139624e-01 -5.749273e-01 -7.057576e-01
   outer loop
     vertex  1.622217e+01 -2.577282e+01  1.512858e+02
     vertex  1.632367e+01 -2.645968e+01  1.517858e+02
     vertex  1.596649e+01 -2.620250e+01  1.517858e+02
   endloop
 endfacet
 facet normal -3.078383e-01 -6.380767e-01 -7.057576e-01
   outer loop
     vertex  1.622217e+01 -2.577282e+01  1.512858e+02
     vertex  1.596649e+01 -2.620250e+01  1.517858e+02
     vertex  1.574726e+01 -2.554370e+01  1.512858e+02
   endloop
 endfacet
 facet normal -5.075085e-01 -4.943090e-01 -7.057576e-01
   outer loop
     vertex  1.665008e+01 -2.608093e+01  1.512858e+02
     vertex  1.663076e+01 -2.677498e+01  1.517858e+02
     vertex  1.632367e+01 -2.645968e+01  1.517858e+02
   endloop
 endfacet
 facet normal -4.139624e-01 -5.749273e-01 -7.057576e-01
   outer loop
     vertex  1.665008e+01 -2.608093e+01  1.512858e+02
     vertex  1.632367e+01 -2.645968e+01  1.517858e+02
     vertex  1.622217e+01 -2.577282e+01  1.512858e+02
   endloop
 endfacet
 facet normal -5.856341e-01 -3.986715e-01 -7.057576e-01
   outer loop
     vertex  1.701799e+01 -2.645866e+01  1.512858e+02
     vertex  1.687844e+01 -2.713881e+01  1.517858e+02
     vertex  1.663076e+01 -2.677498e+01  1.517858e+02
   endloop
 endfacet
 facet normal -5.075085e-01 -4.943090e-01 -7.057576e-01
   outer loop
     vertex  1.701799e+01 -2.645866e+01  1.512858e+02
     vertex  1.663076e+01 -2.677498e+01  1.517858e+02
     vertex  1.665008e+01 -2.608093e+01  1.512858e+02
   endloop
 endfacet
 facet normal -6.459656e-01 -2.909204e-01 -7.057576e-01
   outer loop
     vertex  1.731471e+01 -2.689454e+01  1.512858e+02
     vertex  1.705918e+01 -2.754013e+01  1.517858e+02
     vertex  1.687844e+01 -2.713881e+01  1.517858e+02
   endloop
 endfacet
 facet normal -5.856341e-01 -3.986715e-01 -7.057576e-01
   outer loop
     vertex  1.731471e+01 -2.689454e+01  1.512858e+02
     vertex  1.687844e+01 -2.713881e+01  1.517858e+02
     vertex  1.701799e+01 -2.645866e+01  1.512858e+02
   endloop
 endfacet
 facet normal -6.459656e-01 -2.909204e-01 -7.057576e-01
   outer loop
     vertex  1.753124e+01 -2.737532e+01  1.512858e+02
     vertex  1.705918e+01 -2.754013e+01  1.517858e+02
     vertex  1.731471e+01 -2.689454e+01  1.512858e+02
   endloop
 endfacet
 facet normal -6.866697e-01 -1.743299e-01 -7.057576e-01
   outer loop
     vertex  1.766099e+01 -2.788640e+01  1.512858e+02
     vertex  1.716749e+01 -2.796673e+01  1.517858e+02
     vertex  1.705918e+01 -2.754013e+01  1.517858e+02
   endloop
 endfacet
 facet normal -7.065098e-01 -5.244254e-02 -7.057576e-01
   outer loop
     vertex  1.766099e+01 -2.788640e+01  1.512858e+02
     vertex  1.720007e+01 -2.840566e+01  1.517858e+02
     vertex  1.716749e+01 -2.796673e+01  1.517858e+02
   endloop
 endfacet
 facet normal -6.866697e-01 -1.743299e-01 -7.057576e-01
   outer loop
     vertex  1.766099e+01 -2.788640e+01  1.512858e+02
     vertex  1.705918e+01 -2.754013e+01  1.517858e+02
     vertex  1.753124e+01 -2.737532e+01  1.512858e+02
   endloop
 endfacet
 facet normal -7.065098e-01 -5.244254e-02 -7.057576e-01
   outer loop
     vertex  1.770002e+01 -2.841225e+01  1.512858e+02
     vertex  1.720007e+01 -2.840566e+01  1.517858e+02
     vertex  1.766099e+01 -2.788640e+01  1.512858e+02
   endloop
 endfacet
 facet normal -7.048828e-01  7.103832e-02 -7.057576e-01
   outer loop
     vertex  1.764715e+01 -2.893688e+01  1.512858e+02
     vertex  1.720007e+01 -2.840566e+01  1.517858e+02
     vertex  1.770002e+01 -2.841225e+01  1.512858e+02
   endloop
 endfacet
 facet normal -7.048828e-01  7.103832e-02 -7.057576e-01
   outer loop
     vertex  1.764715e+01 -2.893688e+01  1.512858e+02
     vertex  1.715593e+01 -2.884358e+01  1.517858e+02
     vertex  1.720007e+01 -2.840566e+01  1.517858e+02
   endloop
 endfacet
 facet normal -6.818384e-01  1.923607e-01 -7.057576e-01
   outer loop
     vertex  1.750398e+01 -2.944436e+01  1.512858e+02
     vertex  1.715593e+01 -2.884358e+01  1.517858e+02
     vertex  1.764715e+01 -2.893688e+01  1.512858e+02
   endloop
 endfacet
 facet normal -6.818384e-01  1.923607e-01 -7.057576e-01
   outer loop
     vertex  1.750398e+01 -2.944436e+01  1.512858e+02
     vertex  1.703643e+01 -2.926718e+01  1.517858e+02
     vertex  1.715593e+01 -2.884358e+01  1.517858e+02
   endloop
 endfacet
 facet normal -6.380767e-01  3.078383e-01 -7.057576e-01
   outer loop
     vertex  1.750398e+01 -2.944436e+01  1.512858e+02
     vertex  1.684518e+01 -2.966359e+01  1.517858e+02
     vertex  1.703643e+01 -2.926718e+01  1.517858e+02
   endloop
 endfacet
 facet normal -6.380767e-01  3.078383e-01 -7.057576e-01
   outer loop
     vertex  1.727486e+01 -2.991928e+01  1.512858e+02
     vertex  1.684518e+01 -2.966359e+01  1.517858e+02
     vertex  1.750398e+01 -2.944436e+01  1.512858e+02
   endloop
 endfacet
 facet normal -5.749273e-01  4.139624e-01 -7.057576e-01
   outer loop
     vertex  1.696675e+01 -3.034719e+01  1.512858e+02
     vertex  1.684518e+01 -2.966359e+01  1.517858e+02
     vertex  1.727486e+01 -2.991928e+01  1.512858e+02
   endloop
 endfacet
 facet normal -5.749273e-01  4.139624e-01 -7.057576e-01
   outer loop
     vertex  1.696675e+01 -3.034719e+01  1.512858e+02
     vertex  1.658800e+01 -3.002078e+01  1.517858e+02
     vertex  1.684518e+01 -2.966359e+01  1.517858e+02
   endloop
 endfacet
 facet normal  4.943090e-01 -5.075085e-01 -7.057576e-01
   outer loop
     vertex -3.685431e+01  1.603595e+01  1.512858e+02
     vertex -3.616026e+01  1.601664e+01  1.517858e+02
     vertex -3.647555e+01  1.570954e+01  1.517858e+02
   endloop
 endfacet
 facet normal  3.986715e-01 -5.856341e-01 -7.057576e-01
   outer loop
     vertex -3.647658e+01  1.640386e+01  1.512858e+02
     vertex -3.579642e+01  1.626432e+01  1.517858e+02
     vertex -3.616026e+01  1.601664e+01  1.517858e+02
   endloop
 endfacet
 facet normal  4.943090e-01 -5.075085e-01 -7.057576e-01
   outer loop
     vertex -3.647658e+01  1.640386e+01  1.512858e+02
     vertex -3.616026e+01  1.601664e+01  1.517858e+02
     vertex -3.685431e+01  1.603595e+01  1.512858e+02
   endloop
 endfacet
 facet normal  2.909204e-01 -6.459656e-01 -7.057576e-01
   outer loop
     vertex -3.604070e+01  1.670059e+01  1.512858e+02
     vertex -3.539511e+01  1.644506e+01  1.517858e+02
     vertex -3.579642e+01  1.626432e+01  1.517858e+02
   endloop
 endfacet
 facet normal  3.986715e-01 -5.856341e-01 -7.057576e-01
   outer loop
     vertex -3.604070e+01  1.670059e+01  1.512858e+02
     vertex -3.579642e+01  1.626432e+01  1.517858e+02
     vertex -3.647658e+01  1.640386e+01  1.512858e+02
   endloop
 endfacet
 facet normal  1.743299e-01 -6.866697e-01 -7.057576e-01
   outer loop
     vertex -3.555991e+01  1.691712e+01  1.512858e+02
     vertex -3.496850e+01  1.655336e+01  1.517858e+02
     vertex -3.539511e+01  1.644506e+01  1.517858e+02
   endloop
 endfacet
 facet normal  2.909204e-01 -6.459656e-01 -7.057576e-01
   outer loop
     vertex -3.555991e+01  1.691712e+01  1.512858e+02
     vertex -3.539511e+01  1.644506e+01  1.517858e+02
     vertex -3.604070e+01  1.670059e+01  1.512858e+02
   endloop
 endfacet
 facet normal  5.244254e-02 -7.065098e-01 -7.057576e-01
   outer loop
     vertex -3.504883e+01  1.704687e+01  1.512858e+02
     vertex -3.452958e+01  1.658594e+01  1.517858e+02
     vertex -3.496850e+01  1.655336e+01  1.517858e+02
   endloop
 endfacet
 facet normal  1.743299e-01 -6.866697e-01 -7.057576e-01
   outer loop
     vertex -3.504883e+01  1.704687e+01  1.512858e+02
     vertex -3.496850e+01  1.655336e+01  1.517858e+02
     vertex -3.555991e+01  1.691712e+01  1.512858e+02
   endloop
 endfacet
 facet normal -7.103832e-02 -7.048828e-01 -7.057576e-01
   outer loop
     vertex -3.452299e+01  1.708590e+01  1.512858e+02
     vertex -3.409166e+01  1.654181e+01  1.517858e+02
     vertex -3.452958e+01  1.658594e+01  1.517858e+02
   endloop
 endfacet
 facet normal  5.244254e-02 -7.065098e-01 -7.057576e-01
   outer loop
     vertex -3.452299e+01  1.708590e+01  1.512858e+02
     vertex -3.452958e+01  1.658594e+01  1.517858e+02
     vertex -3.504883e+01  1.704687e+01  1.512858e+02
   endloop
 endfacet
 facet normal -1.923607e-01 -6.818384e-01 -7.057576e-01
   outer loop
     vertex -3.399835e+01  1.703303e+01  1.512858e+02
     vertex -3.366806e+01  1.642230e+01  1.517858e+02
     vertex -3.409166e+01  1.654181e+01  1.517858e+02
   endloop
 endfacet
 facet normal -7.103832e-02 -7.048828e-01 -7.057576e-01
   outer loop
     vertex -3.399835e+01  1.703303e+01  1.512858e+02
     vertex -3.409166e+01  1.654181e+01  1.517858e+02
     vertex -3.452299e+01  1.708590e+01  1.512858e+02
   endloop
 endfacet
 facet normal -3.078383e-01 -6.380767e-01 -7.057576e-01
   outer loop
     vertex -3.349087e+01  1.688986e+01  1.512858e+02
     vertex -3.327164e+01  1.623105e+01  1.517858e+02
     vertex -3.366806e+01  1.642230e+01  1.517858e+02
   endloop
 endfacet
 facet normal -1.923607e-01 -6.818384e-01 -7.057576e-01
   outer loop
     vertex -3.349087e+01  1.688986e+01  1.512858e+02
     vertex -3.366806e+01  1.642230e+01  1.517858e+02
     vertex -3.399835e+01  1.703303e+01  1.512858e+02
   endloop
 endfacet
 facet normal -4.139624e-01 -5.749273e-01 -7.057576e-01
   outer loop
     vertex -3.301596e+01  1.666074e+01  1.512858e+02
     vertex -3.291446e+01  1.597387e+01  1.517858e+02
     vertex -3.327164e+01  1.623105e+01  1.517858e+02
   endloop
 endfacet
 facet normal -3.078383e-01 -6.380767e-01 -7.057576e-01
   outer loop
     vertex -3.301596e+01  1.666074e+01  1.512858e+02
     vertex -3.327164e+01  1.623105e+01  1.517858e+02
     vertex -3.349087e+01  1.688986e+01  1.512858e+02
   endloop
 endfacet
 facet normal -4.139624e-01 -5.749273e-01 -7.057576e-01
   outer loop
     vertex -3.258805e+01  1.635263e+01  1.512858e+02
     vertex -3.291446e+01  1.597387e+01  1.517858e+02
     vertex -3.301596e+01  1.666074e+01  1.512858e+02
   endloop
 endfacet
 facet normal -5.075085e-01 -4.943090e-01 -7.057576e-01
   outer loop
     vertex -3.222014e+01  1.597490e+01  1.512858e+02
     vertex -3.260736e+01  1.565858e+01  1.517858e+02
     vertex -3.291446e+01  1.597387e+01  1.517858e+02
   endloop
 endfacet
 facet normal -5.856341e-01 -3.986715e-01 -7.057576e-01
   outer loop
     vertex -3.222014e+01  1.597490e+01  1.512858e+02
     vertex -3.235968e+01  1.529474e+01  1.517858e+02
     vertex -3.260736e+01  1.565858e+01  1.517858e+02
   endloop
 endfacet
 facet normal -5.075085e-01 -4.943090e-01 -7.057576e-01
   outer loop
     vertex -3.222014e+01  1.597490e+01  1.512858e+02
     vertex -3.291446e+01  1.597387e+01  1.517858e+02
     vertex -3.258805e+01  1.635263e+01  1.512858e+02
   endloop
 endfacet
 facet normal -5.856341e-01 -3.986715e-01 -7.057576e-01
   outer loop
     vertex -3.192341e+01  1.553902e+01  1.512858e+02
     vertex -3.235968e+01  1.529474e+01  1.517858e+02
     vertex -3.222014e+01  1.597490e+01  1.512858e+02
   endloop
 endfacet
 facet normal -6.459656e-01 -2.909204e-01 -7.057576e-01
   outer loop
     vertex -3.170689e+01  1.505823e+01  1.512858e+02
     vertex -3.217895e+01  1.489343e+01  1.517858e+02
     vertex -3.235968e+01  1.529474e+01  1.517858e+02
   endloop
 endfacet
 facet normal -6.866697e-01 -1.743299e-01 -7.057576e-01
   outer loop
     vertex -3.170689e+01  1.505823e+01  1.512858e+02
     vertex -3.207064e+01  1.446683e+01  1.517858e+02
     vertex -3.217895e+01  1.489343e+01  1.517858e+02
   endloop
 endfacet
 facet normal -6.459656e-01 -2.909204e-01 -7.057576e-01
   outer loop
     vertex -3.170689e+01  1.505823e+01  1.512858e+02
     vertex -3.235968e+01  1.529474e+01  1.517858e+02
     vertex -3.192341e+01  1.553902e+01  1.512858e+02
   endloop
 endfacet
 facet normal -6.866697e-01 -1.743299e-01 -7.057576e-01
   outer loop
     vertex -3.157714e+01  1.454716e+01  1.512858e+02
     vertex -3.207064e+01  1.446683e+01  1.517858e+02
     vertex -3.170689e+01  1.505823e+01  1.512858e+02
   endloop
 endfacet
 facet normal -7.065098e-01 -5.244254e-02 -7.057576e-01
   outer loop
     vertex -3.153810e+01  1.402131e+01  1.512858e+02
     vertex -3.203806e+01  1.402790e+01  1.517858e+02
     vertex -3.207064e+01  1.446683e+01  1.517858e+02
   endloop
 endfacet
 facet normal -7.065098e-01 -5.244254e-02 -7.057576e-01
   outer loop
     vertex -3.153810e+01  1.402131e+01  1.512858e+02
     vertex -3.207064e+01  1.446683e+01  1.517858e+02
     vertex -3.157714e+01  1.454716e+01  1.512858e+02
   endloop
 endfacet
 facet normal -7.048828e-01  7.103832e-02 -7.057576e-01
   outer loop
     vertex -3.159098e+01  1.349668e+01  1.512858e+02
     vertex -3.203806e+01  1.402790e+01  1.517858e+02
     vertex -3.153810e+01  1.402131e+01  1.512858e+02
   endloop
 endfacet
 facet normal -7.048828e-01  7.103832e-02 -7.057576e-01
   outer loop
     vertex -3.159098e+01  1.349668e+01  1.512858e+02
     vertex -3.208219e+01  1.358998e+01  1.517858e+02
     vertex -3.203806e+01  1.402790e+01  1.517858e+02
   endloop
 endfacet
 facet normal -6.818384e-01  1.923607e-01 -7.057576e-01
   outer loop
     vertex -3.173415e+01  1.298919e+01  1.512858e+02
     vertex -3.208219e+01  1.358998e+01  1.517858e+02
     vertex -3.159098e+01  1.349668e+01  1.512858e+02
   endloop
 endfacet
 facet normal -6.818384e-01  1.923607e-01 -7.057576e-01
   outer loop
     vertex -3.173415e+01  1.298919e+01  1.512858e+02
     vertex -3.220170e+01  1.316638e+01  1.517858e+02
     vertex -3.208219e+01  1.358998e+01  1.517858e+02
   endloop
 endfacet
 facet normal -6.380767e-01  3.078383e-01 -7.057576e-01
   outer loop
     vertex -3.196327e+01  1.251428e+01  1.512858e+02
     vertex -3.220170e+01  1.316638e+01  1.517858e+02
     vertex -3.173415e+01  1.298919e+01  1.512858e+02
   endloop
 endfacet
 facet normal -6.380767e-01  3.078383e-01 -7.057576e-01
   outer loop
     vertex -3.196327e+01  1.251428e+01  1.512858e+02
     vertex -3.239295e+01  1.276996e+01  1.517858e+02
     vertex -3.220170e+01  1.316638e+01  1.517858e+02
   endloop
 endfacet
 facet normal -5.749273e-01  4.139624e-01 -7.057576e-01
   outer loop
     vertex -3.227137e+01  1.208637e+01  1.512858e+02
     vertex -3.239295e+01  1.276996e+01  1.517858e+02
     vertex -3.196327e+01  1.251428e+01  1.512858e+02
   endloop
 endfacet
 facet normal -5.749273e-01  4.139624e-01 -7.057576e-01
   outer loop
     vertex -3.227137e+01  1.208637e+01  1.512858e+02
     vertex -3.265013e+01  1.241278e+01  1.517858e+02
     vertex -3.239295e+01  1.276996e+01  1.517858e+02
   endloop
 endfacet
 facet normal -5.749273e-01  4.139624e-01  7.057576e-01
   outer loop
     vertex -3.227137e+01  1.208637e+01  1.561858e+02
     vertex -3.239295e+01  1.276996e+01  1.556858e+02
     vertex -3.265013e+01  1.241278e+01  1.556858e+02
   endloop
 endfacet
 facet normal -6.380767e-01  3.078383e-01  7.057576e-01
   outer loop
     vertex -3.196327e+01  1.251428e+01  1.561858e+02
     vertex -3.220170e+01  1.316638e+01  1.556858e+02
     vertex -3.239295e+01  1.276996e+01  1.556858e+02
   endloop
 endfacet
 facet normal -5.749273e-01  4.139624e-01  7.057576e-01
   outer loop
     vertex -3.196327e+01  1.251428e+01  1.561858e+02
     vertex -3.239295e+01  1.276996e+01  1.556858e+02
     vertex -3.227137e+01  1.208637e+01  1.561858e+02
   endloop
 endfacet
 facet normal -6.818384e-01  1.923607e-01  7.057576e-01
   outer loop
     vertex -3.173415e+01  1.298919e+01  1.561858e+02
     vertex -3.208219e+01  1.358998e+01  1.556858e+02
     vertex -3.220170e+01  1.316638e+01  1.556858e+02
   endloop
 endfacet
 facet normal -6.380767e-01  3.078383e-01  7.057576e-01
   outer loop
     vertex -3.173415e+01  1.298919e+01  1.561858e+02
     vertex -3.220170e+01  1.316638e+01  1.556858e+02
     vertex -3.196327e+01  1.251428e+01  1.561858e+02
   endloop
 endfacet
 facet normal -7.048828e-01  7.103832e-02  7.057576e-01
   outer loop
     vertex -3.159098e+01  1.349668e+01  1.561858e+02
     vertex -3.203806e+01  1.402790e+01  1.556858e+02
     vertex -3.208219e+01  1.358998e+01  1.556858e+02
   endloop
 endfacet
 facet normal -6.818384e-01  1.923607e-01  7.057576e-01
   outer loop
     vertex -3.159098e+01  1.349668e+01  1.561858e+02
     vertex -3.208219e+01  1.358998e+01  1.556858e+02
     vertex -3.173415e+01  1.298919e+01  1.561858e+02
   endloop
 endfacet
 facet normal -7.065098e-01 -5.244254e-02  7.057576e-01
   outer loop
     vertex -3.153810e+01  1.402131e+01  1.561858e+02
     vertex -3.207064e+01  1.446683e+01  1.556858e+02
     vertex -3.203806e+01  1.402790e+01  1.556858e+02
   endloop
 endfacet
 facet normal -7.048828e-01  7.103832e-02  7.057576e-01
   outer loop
     vertex -3.153810e+01  1.402131e+01  1.561858e+02
     vertex -3.203806e+01  1.402790e+01  1.556858e+02
     vertex -3.159098e+01  1.349668e+01  1.561858e+02
   endloop
 endfacet
 facet normal -6.866697e-01 -1.743299e-01  7.057576e-01
   outer loop
     vertex -3.157714e+01  1.454716e+01  1.561858e+02
     vertex -3.217895e+01  1.489343e+01  1.556858e+02
     vertex -3.207064e+01  1.446683e+01  1.556858e+02
   endloop
 endfacet
 facet normal -7.065098e-01 -5.244254e-02  7.057576e-01
   outer loop
     vertex -3.157714e+01  1.454716e+01  1.561858e+02
     vertex -3.207064e+01  1.446683e+01  1.556858e+02
     vertex -3.153810e+01  1.402131e+01  1.561858e+02
   endloop
 endfacet
 facet normal -6.459656e-01 -2.909204e-01  7.057576e-01
   outer loop
     vertex -3.170689e+01  1.505823e+01  1.561858e+02
     vertex -3.235968e+01  1.529474e+01  1.556858e+02
     vertex -3.217895e+01  1.489343e+01  1.556858e+02
   endloop
 endfacet
 facet normal -6.866697e-01 -1.743299e-01  7.057576e-01
   outer loop
     vertex -3.170689e+01  1.505823e+01  1.561858e+02
     vertex -3.217895e+01  1.489343e+01  1.556858e+02
     vertex -3.157714e+01  1.454716e+01  1.561858e+02
   endloop
 endfacet
 facet normal -5.856341e-01 -3.986715e-01  7.057576e-01
   outer loop
     vertex -3.192341e+01  1.553902e+01  1.561858e+02
     vertex -3.260736e+01  1.565858e+01  1.556858e+02
     vertex -3.235968e+01  1.529474e+01  1.556858e+02
   endloop
 endfacet
 facet normal -6.459656e-01 -2.909204e-01  7.057576e-01
   outer loop
     vertex -3.192341e+01  1.553902e+01  1.561858e+02
     vertex -3.235968e+01  1.529474e+01  1.556858e+02
     vertex -3.170689e+01  1.505823e+01  1.561858e+02
   endloop
 endfacet
 facet normal -5.075085e-01 -4.943090e-01  7.057576e-01
   outer loop
     vertex -3.222014e+01  1.597490e+01  1.561858e+02
     vertex -3.291446e+01  1.597387e+01  1.556858e+02
     vertex -3.260736e+01  1.565858e+01  1.556858e+02
   endloop
 endfacet
 facet normal -5.856341e-01 -3.986715e-01  7.057576e-01
   outer loop
     vertex -3.222014e+01  1.597490e+01  1.561858e+02
     vertex -3.260736e+01  1.565858e+01  1.556858e+02
     vertex -3.192341e+01  1.553902e+01  1.561858e+02
   endloop
 endfacet
 facet normal -4.139624e-01 -5.749273e-01  7.057576e-01
   outer loop
     vertex -3.258805e+01  1.635263e+01  1.561858e+02
     vertex -3.327164e+01  1.623105e+01  1.556858e+02
     vertex -3.291446e+01  1.597387e+01  1.556858e+02
   endloop
 endfacet
 facet normal -5.075085e-01 -4.943090e-01  7.057576e-01
   outer loop
     vertex -3.258805e+01  1.635263e+01  1.561858e+02
     vertex -3.291446e+01  1.597387e+01  1.556858e+02
     vertex -3.222014e+01  1.597490e+01  1.561858e+02
   endloop
 endfacet
 facet normal -3.078383e-01 -6.380767e-01  7.057576e-01
   outer loop
     vertex -3.301596e+01  1.666074e+01  1.561858e+02
     vertex -3.366806e+01  1.642230e+01  1.556858e+02
     vertex -3.327164e+01  1.623105e+01  1.556858e+02
   endloop
 endfacet
 facet normal -4.139624e-01 -5.749273e-01  7.057576e-01
   outer loop
     vertex -3.301596e+01  1.666074e+01  1.561858e+02
     vertex -3.327164e+01  1.623105e+01  1.556858e+02
     vertex -3.258805e+01  1.635263e+01  1.561858e+02
   endloop
 endfacet
 facet normal -3.078383e-01 -6.380767e-01  7.057576e-01
   outer loop
     vertex -3.349087e+01  1.688986e+01  1.561858e+02
     vertex -3.366806e+01  1.642230e+01  1.556858e+02
     vertex -3.301596e+01  1.666074e+01  1.561858e+02
   endloop
 endfacet
 facet normal -1.923607e-01 -6.818384e-01  7.057576e-01
   outer loop
     vertex -3.399835e+01  1.703303e+01  1.561858e+02
     vertex -3.409166e+01  1.654181e+01  1.556858e+02
     vertex -3.366806e+01  1.642230e+01  1.556858e+02
   endloop
 endfacet
 facet normal -7.103832e-02 -7.048828e-01  7.057576e-01
   outer loop
     vertex -3.399835e+01  1.703303e+01  1.561858e+02
     vertex -3.452958e+01  1.658594e+01  1.556858e+02
     vertex -3.409166e+01  1.654181e+01  1.556858e+02
   endloop
 endfacet
 facet normal -1.923607e-01 -6.818384e-01  7.057576e-01
   outer loop
     vertex -3.399835e+01  1.703303e+01  1.561858e+02
     vertex -3.366806e+01  1.642230e+01  1.556858e+02
     vertex -3.349087e+01  1.688986e+01  1.561858e+02
   endloop
 endfacet
 facet normal -7.103832e-02 -7.048828e-01  7.057576e-01
   outer loop
     vertex -3.452299e+01  1.708590e+01  1.561858e+02
     vertex -3.452958e+01  1.658594e+01  1.556858e+02
     vertex -3.399835e+01  1.703303e+01  1.561858e+02
   endloop
 endfacet
 facet normal  5.244254e-02 -7.065098e-01  7.057576e-01
   outer loop
     vertex -3.504883e+01  1.704687e+01  1.561858e+02
     vertex -3.496850e+01  1.655336e+01  1.556858e+02
     vertex -3.452958e+01  1.658594e+01  1.556858e+02
   endloop
 endfacet
 facet normal  1.743299e-01 -6.866697e-01  7.057576e-01
   outer loop
     vertex -3.504883e+01  1.704687e+01  1.561858e+02
     vertex -3.539511e+01  1.644506e+01  1.556858e+02
     vertex -3.496850e+01  1.655336e+01  1.556858e+02
   endloop
 endfacet
 facet normal  5.244254e-02 -7.065098e-01  7.057576e-01
   outer loop
     vertex -3.504883e+01  1.704687e+01  1.561858e+02
     vertex -3.452958e+01  1.658594e+01  1.556858e+02
     vertex -3.452299e+01  1.708590e+01  1.561858e+02
   endloop
 endfacet
 facet normal  2.909204e-01 -6.459656e-01  7.057576e-01
   outer loop
     vertex -3.555991e+01  1.691712e+01  1.561858e+02
     vertex -3.579642e+01  1.626432e+01  1.556858e+02
     vertex -3.539511e+01  1.644506e+01  1.556858e+02
   endloop
 endfacet
 facet normal  1.743299e-01 -6.866697e-01  7.057576e-01
   outer loop
     vertex -3.555991e+01  1.691712e+01  1.561858e+02
     vertex -3.539511e+01  1.644506e+01  1.556858e+02
     vertex -3.504883e+01  1.704687e+01  1.561858e+02
   endloop
 endfacet
 facet normal  2.909204e-01 -6.459656e-01  7.057576e-01
   outer loop
     vertex -3.604070e+01  1.670059e+01  1.561858e+02
     vertex -3.579642e+01  1.626432e+01  1.556858e+02
     vertex -3.555991e+01  1.691712e+01  1.561858e+02
   endloop
 endfacet
 facet normal  3.986715e-01 -5.856341e-01  7.057576e-01
   outer loop
     vertex -3.604070e+01  1.670059e+01  1.561858e+02
     vertex -3.616026e+01  1.601664e+01  1.556858e+02
     vertex -3.579642e+01  1.626432e+01  1.556858e+02
   endloop
 endfacet
 facet normal  3.986715e-01 -5.856341e-01  7.057576e-01
   outer loop
     vertex -3.647658e+01  1.640386e+01  1.561858e+02
     vertex -3.616026e+01  1.601664e+01  1.556858e+02
     vertex -3.604070e+01  1.670059e+01  1.561858e+02
   endloop
 endfacet
 facet normal  4.943090e-01 -5.075085e-01  7.057576e-01
   outer loop
     vertex -3.685431e+01  1.603595e+01  1.561858e+02
     vertex -3.616026e+01  1.601664e+01  1.556858e+02
     vertex -3.647658e+01  1.640386e+01  1.561858e+02
   endloop
 endfacet
 facet normal  4.943090e-01 -5.075085e-01  7.057576e-01
   outer loop
     vertex -3.685431e+01  1.603595e+01  1.561858e+02
     vertex -3.647555e+01  1.570954e+01  1.556858e+02
     vertex -3.616026e+01  1.601664e+01  1.556858e+02
   endloop
 endfacet
 facet normal -5.749273e-01  4.139624e-01  7.057576e-01
   outer loop
     vertex  1.696675e+01 -3.034719e+01  1.561858e+02
     vertex  1.684518e+01 -2.966359e+01  1.556858e+02
     vertex  1.658800e+01 -3.002078e+01  1.556858e+02
   endloop
 endfacet
 facet normal -6.380767e-01  3.078383e-01  7.057576e-01
   outer loop
     vertex  1.727486e+01 -2.991928e+01  1.561858e+02
     vertex  1.703643e+01 -2.926718e+01  1.556858e+02
     vertex  1.684518e+01 -2.966359e+01  1.556858e+02
   endloop
 endfacet
 facet normal -5.749273e-01  4.139624e-01  7.057576e-01
   outer loop
     vertex  1.727486e+01 -2.991928e+01  1.561858e+02
     vertex  1.684518e+01 -2.966359e+01  1.556858e+02
     vertex  1.696675e+01 -3.034719e+01  1.561858e+02
   endloop
 endfacet
 facet normal -6.818384e-01  1.923607e-01  7.057576e-01
   outer loop
     vertex  1.750398e+01 -2.944436e+01  1.561858e+02
     vertex  1.715593e+01 -2.884358e+01  1.556858e+02
     vertex  1.703643e+01 -2.926718e+01  1.556858e+02
   endloop
 endfacet
 facet normal -6.380767e-01  3.078383e-01  7.057576e-01
   outer loop
     vertex  1.750398e+01 -2.944436e+01  1.561858e+02
     vertex  1.703643e+01 -2.926718e+01  1.556858e+02
     vertex  1.727486e+01 -2.991928e+01  1.561858e+02
   endloop
 endfacet
 facet normal -7.048828e-01  7.103832e-02  7.057576e-01
   outer loop
     vertex  1.764715e+01 -2.893688e+01  1.561858e+02
     vertex  1.720007e+01 -2.840566e+01  1.556858e+02
     vertex  1.715593e+01 -2.884358e+01  1.556858e+02
   endloop
 endfacet
 facet normal -6.818384e-01  1.923607e-01  7.057576e-01
   outer loop
     vertex  1.764715e+01 -2.893688e+01  1.561858e+02
     vertex  1.715593e+01 -2.884358e+01  1.556858e+02
     vertex  1.750398e+01 -2.944436e+01  1.561858e+02
   endloop
 endfacet
 facet normal -7.065098e-01 -5.244254e-02  7.057576e-01
   outer loop
     vertex  1.770002e+01 -2.841225e+01  1.561858e+02
     vertex  1.716749e+01 -2.796673e+01  1.556858e+02
     vertex  1.720007e+01 -2.840566e+01  1.556858e+02
   endloop
 endfacet
 facet normal -7.048828e-01  7.103832e-02  7.057576e-01
   outer loop
     vertex  1.770002e+01 -2.841225e+01  1.561858e+02
     vertex  1.720007e+01 -2.840566e+01  1.556858e+02
     vertex  1.764715e+01 -2.893688e+01  1.561858e+02
   endloop
 endfacet
 facet normal -6.866697e-01 -1.743299e-01  7.057576e-01
   outer loop
     vertex  1.766099e+01 -2.788640e+01  1.561858e+02
     vertex  1.705918e+01 -2.754013e+01  1.556858e+02
     vertex  1.716749e+01 -2.796673e+01  1.556858e+02
   endloop
 endfacet
 facet normal -7.065098e-01 -5.244254e-02  7.057576e-01
   outer loop
     vertex  1.766099e+01 -2.788640e+01  1.561858e+02
     vertex  1.716749e+01 -2.796673e+01  1.556858e+02
     vertex  1.770002e+01 -2.841225e+01  1.561858e+02
   endloop
 endfacet
 facet normal -6.459656e-01 -2.909204e-01  7.057576e-01
   outer loop
     vertex  1.753124e+01 -2.737532e+01  1.561858e+02
     vertex  1.687844e+01 -2.713881e+01  1.556858e+02
     vertex  1.705918e+01 -2.754013e+01  1.556858e+02
   endloop
 endfacet
 facet normal -6.866697e-01 -1.743299e-01  7.057576e-01
   outer loop
     vertex  1.753124e+01 -2.737532e+01  1.561858e+02
     vertex  1.705918e+01 -2.754013e+01  1.556858e+02
     vertex  1.766099e+01 -2.788640e+01  1.561858e+02
   endloop
 endfacet
 facet normal -5.856341e-01 -3.986715e-01  7.057576e-01
   outer loop
     vertex  1.731471e+01 -2.689454e+01  1.561858e+02
     vertex  1.663076e+01 -2.677498e+01  1.556858e+02
     vertex  1.687844e+01 -2.713881e+01  1.556858e+02
   endloop
 endfacet
 facet normal -6.459656e-01 -2.909204e-01  7.057576e-01
   outer loop
     vertex  1.731471e+01 -2.689454e+01  1.561858e+02
     vertex  1.687844e+01 -2.713881e+01  1.556858e+02
     vertex  1.753124e+01 -2.737532e+01  1.561858e+02
   endloop
 endfacet
 facet normal -5.075085e-01 -4.943090e-01  7.057576e-01
   outer loop
     vertex  1.701799e+01 -2.645866e+01  1.561858e+02
     vertex  1.632367e+01 -2.645968e+01  1.556858e+02
     vertex  1.663076e+01 -2.677498e+01  1.556858e+02
   endloop
 endfacet
 facet normal -5.856341e-01 -3.986715e-01  7.057576e-01
   outer loop
     vertex  1.701799e+01 -2.645866e+01  1.561858e+02
     vertex  1.663076e+01 -2.677498e+01  1.556858e+02
     vertex  1.731471e+01 -2.689454e+01  1.561858e+02
   endloop
 endfacet
 facet normal -4.139624e-01 -5.749273e-01  7.057576e-01
   outer loop
     vertex  1.665008e+01 -2.608093e+01  1.561858e+02
     vertex  1.596649e+01 -2.620250e+01  1.556858e+02
     vertex  1.632367e+01 -2.645968e+01  1.556858e+02
   endloop
 endfacet
 facet normal -5.075085e-01 -4.943090e-01  7.057576e-01
   outer loop
     vertex  1.665008e+01 -2.608093e+01  1.561858e+02
     vertex  1.632367e+01 -2.645968e+01  1.556858e+02
     vertex  1.701799e+01 -2.645866e+01  1.561858e+02
   endloop
 endfacet
 facet normal -4.139624e-01 -5.749273e-01  7.057576e-01
   outer loop
     vertex  1.622217e+01 -2.577282e+01  1.561858e+02
     vertex  1.596649e+01 -2.620250e+01  1.556858e+02
     vertex  1.665008e+01 -2.608093e+01  1.561858e+02
   endloop
 endfacet
 facet normal -3.078383e-01 -6.380767e-01  7.057576e-01
   outer loop
     vertex  1.574726e+01 -2.554370e+01  1.561858e+02
     vertex  1.557007e+01 -2.601125e+01  1.556858e+02
     vertex  1.596649e+01 -2.620250e+01  1.556858e+02
   endloop
 endfacet
 facet normal -3.078383e-01 -6.380767e-01  7.057576e-01
   outer loop
     vertex  1.574726e+01 -2.554370e+01  1.561858e+02
     vertex  1.596649e+01 -2.620250e+01  1.556858e+02
     vertex  1.622217e+01 -2.577282e+01  1.561858e+02
   endloop
 endfacet
 facet normal -1.923607e-01 -6.818384e-01  7.057576e-01
   outer loop
     vertex  1.523977e+01 -2.540053e+01  1.561858e+02
     vertex  1.514647e+01 -2.589175e+01  1.556858e+02
     vertex  1.557007e+01 -2.601125e+01  1.556858e+02
   endloop
 endfacet
 facet normal -7.103832e-02 -7.048828e-01  7.057576e-01
   outer loop
     vertex  1.523977e+01 -2.540053e+01  1.561858e+02
     vertex  1.470855e+01 -2.584761e+01  1.556858e+02
     vertex  1.514647e+01 -2.589175e+01  1.556858e+02
   endloop
 endfacet
 facet normal -1.923607e-01 -6.818384e-01  7.057576e-01
   outer loop
     vertex  1.523977e+01 -2.540053e+01  1.561858e+02
     vertex  1.557007e+01 -2.601125e+01  1.556858e+02
     vertex  1.574726e+01 -2.554370e+01  1.561858e+02
   endloop
 endfacet
 facet normal  5.244254e-02 -7.065098e-01  7.057576e-01
   outer loop
     vertex  1.471514e+01 -2.534766e+01  1.561858e+02
     vertex  1.426962e+01 -2.588019e+01  1.556858e+02
     vertex  1.470855e+01 -2.584761e+01  1.556858e+02
   endloop
 endfacet
 facet normal -7.103832e-02 -7.048828e-01  7.057576e-01
   outer loop
     vertex  1.471514e+01 -2.534766e+01  1.561858e+02
     vertex  1.470855e+01 -2.584761e+01  1.556858e+02
     vertex  1.523977e+01 -2.540053e+01  1.561858e+02
   endloop
 endfacet
 facet normal  1.743299e-01 -6.866697e-01  7.057576e-01
   outer loop
     vertex  1.418929e+01 -2.538669e+01  1.561858e+02
     vertex  1.384302e+01 -2.598850e+01  1.556858e+02
     vertex  1.426962e+01 -2.588019e+01  1.556858e+02
   endloop
 endfacet
 facet normal  5.244254e-02 -7.065098e-01  7.057576e-01
   outer loop
     vertex  1.418929e+01 -2.538669e+01  1.561858e+02
     vertex  1.426962e+01 -2.588019e+01  1.556858e+02
     vertex  1.471514e+01 -2.534766e+01  1.561858e+02
   endloop
 endfacet
 facet normal  1.743299e-01 -6.866697e-01  7.057576e-01
   outer loop
     vertex  1.367822e+01 -2.551644e+01  1.561858e+02
     vertex  1.384302e+01 -2.598850e+01  1.556858e+02
     vertex  1.418929e+01 -2.538669e+01  1.561858e+02
   endloop
 endfacet
 facet normal  2.909204e-01 -6.459656e-01  7.057576e-01
   outer loop
     vertex  1.319743e+01 -2.573297e+01  1.561858e+02
     vertex  1.384302e+01 -2.598850e+01  1.556858e+02
     vertex  1.367822e+01 -2.551644e+01  1.561858e+02
   endloop
 endfacet
 facet normal  2.909204e-01 -6.459656e-01  7.057576e-01
   outer loop
     vertex  1.319743e+01 -2.573297e+01  1.561858e+02
     vertex  1.344171e+01 -2.616924e+01  1.556858e+02
     vertex  1.384302e+01 -2.598850e+01  1.556858e+02
   endloop
 endfacet
 facet normal  3.986715e-01 -5.856341e-01  7.057576e-01
   outer loop
     vertex  1.319743e+01 -2.573297e+01  1.561858e+02
     vertex  1.307787e+01 -2.641692e+01  1.556858e+02
     vertex  1.344171e+01 -2.616924e+01  1.556858e+02
   endloop
 endfacet
 facet normal  3.986715e-01 -5.856341e-01  7.057576e-01
   outer loop
     vertex  1.276155e+01 -2.602969e+01  1.561858e+02
     vertex  1.307787e+01 -2.641692e+01  1.556858e+02
     vertex  1.319743e+01 -2.573297e+01  1.561858e+02
   endloop
 endfacet
 facet normal  4.943090e-01 -5.075085e-01  7.057576e-01
   outer loop
     vertex  1.276155e+01 -2.602969e+01  1.561858e+02
     vertex  1.276258e+01 -2.672401e+01  1.556858e+02
     vertex  1.307787e+01 -2.641692e+01  1.556858e+02
   endloop
 endfacet
 facet normal  4.943090e-01 -5.075085e-01  7.057576e-01
   outer loop
     vertex  1.238382e+01 -2.639760e+01  1.561858e+02
     vertex  1.276258e+01 -2.672401e+01  1.556858e+02
     vertex  1.276155e+01 -2.602969e+01  1.561858e+02
   endloop
 endfacet
 facet normal -6.977297e-01  7.163611e-01  0.000000e+00
   outer loop
     vertex -2.096548e+01 -1.221388e+00  1.512858e+02
     vertex -2.106538e+01 -1.318686e+00  1.531858e+02
     vertex -2.096548e+01 -1.221388e+00  1.531858e+02
   endloop
 endfacet
 facet normal -5.627349e-01  8.266374e-01 -1.932109e-16
   outer loop
     vertex -2.106538e+01 -1.318686e+00  1.512858e+02
     vertex -2.118065e+01 -1.397159e+00  1.531858e+02
     vertex -2.106538e+01 -1.318686e+00  1.531858e+02
   endloop
 endfacet
 facet normal -6.977297e-01  7.163611e-01 -1.674359e-16
   outer loop
     vertex -2.106538e+01 -1.318686e+00  1.512858e+02
     vertex -2.106538e+01 -1.318686e+00  1.531858e+02
     vertex -2.096548e+01 -1.221388e+00  1.512858e+02
   endloop
 endfacet
 facet normal -4.106416e-01  9.117969e-01 -2.131153e-16
   outer loop
     vertex -2.118065e+01 -1.397159e+00  1.512858e+02
     vertex -2.130780e+01 -1.454423e+00  1.531858e+02
     vertex -2.118065e+01 -1.397159e+00  1.531858e+02
   endloop
 endfacet
 facet normal -5.627349e-01  8.266374e-01 -1.932109e-16
   outer loop
     vertex -2.118065e+01 -1.397159e+00  1.512858e+02
     vertex -2.118065e+01 -1.397159e+00  1.531858e+02
     vertex -2.106538e+01 -1.318686e+00  1.512858e+02
   endloop
 endfacet
 facet normal -2.460711e-01  9.692518e-01 -2.265443e-16
   outer loop
     vertex -2.130780e+01 -1.454423e+00  1.512858e+02
     vertex -2.144297e+01 -1.488737e+00  1.531858e+02
     vertex -2.130780e+01 -1.454423e+00  1.531858e+02
   endloop
 endfacet
 facet normal -4.106416e-01  9.117969e-01 -2.131153e-16
   outer loop
     vertex -2.130780e+01 -1.454423e+00  1.512858e+02
     vertex -2.130780e+01 -1.454423e+00  1.531858e+02
     vertex -2.118065e+01 -1.397159e+00  1.512858e+02
   endloop
 endfacet
 facet normal -7.402397e-02  9.972565e-01  0.000000e+00
   outer loop
     vertex -2.144297e+01 -1.488737e+00  1.512858e+02
     vertex -2.158203e+01 -1.499060e+00  1.531858e+02
     vertex -2.144297e+01 -1.488737e+00  1.531858e+02
   endloop
 endfacet
 facet normal -2.460711e-01  9.692518e-01  0.000000e+00
   outer loop
     vertex -2.144297e+01 -1.488737e+00  1.512858e+02
     vertex -2.144297e+01 -1.488737e+00  1.531858e+02
     vertex -2.130780e+01 -1.454423e+00  1.512858e+02
   endloop
 endfacet
 facet normal  1.002724e-01  9.949600e-01 -0.000000e+00
   outer loop
     vertex -2.158203e+01 -1.499060e+00  1.512858e+02
     vertex -2.172078e+01 -1.485077e+00  1.531858e+02
     vertex -2.158203e+01 -1.499060e+00  1.531858e+02
   endloop
 endfacet
 facet normal -7.402397e-02  9.972565e-01  0.000000e+00
   outer loop
     vertex -2.158203e+01 -1.499060e+00  1.512858e+02
     vertex -2.158203e+01 -1.499060e+00  1.531858e+02
     vertex -2.144297e+01 -1.488737e+00  1.512858e+02
   endloop
 endfacet
 facet normal  2.715220e-01  9.624322e-01  2.249504e-16
   outer loop
     vertex -2.172078e+01 -1.485077e+00  1.512858e+02
     vertex -2.185499e+01 -1.447213e+00  1.531858e+02
     vertex -2.172078e+01 -1.485077e+00  1.531858e+02
   endloop
 endfacet
 facet normal  1.002724e-01  9.949600e-01  2.325532e-16
   outer loop
     vertex -2.172078e+01 -1.485077e+00  1.512858e+02
     vertex -2.172078e+01 -1.485077e+00  1.531858e+02
     vertex -2.158203e+01 -1.499060e+00  1.512858e+02
   endloop
 endfacet
 facet normal  4.345216e-01  9.006614e-01 -6.019773e-16
   outer loop
     vertex -2.185499e+01 -1.447213e+00  1.512858e+02
     vertex -2.198059e+01 -1.386619e+00  1.531858e+02
     vertex -2.185499e+01 -1.447213e+00  1.531858e+02
   endloop
 endfacet
 facet normal  2.715220e-01  9.624322e-01 -2.827549e-16
   outer loop
     vertex -2.185499e+01 -1.447213e+00  1.512858e+02
     vertex -2.185499e+01 -1.447213e+00  1.531858e+02
     vertex -2.172078e+01 -1.485077e+00  1.512858e+02
   endloop
 endfacet
 facet normal  5.843184e-01  8.115245e-01  2.845178e-16
   outer loop
     vertex -2.198059e+01 -1.386619e+00  1.512858e+02
     vertex -2.209375e+01 -1.305137e+00  1.531858e+02
     vertex -2.198059e+01 -1.386619e+00  1.531858e+02
   endloop
 endfacet
 facet normal  4.345216e-01  9.006614e-01  3.157690e-16
   outer loop
     vertex -2.198059e+01 -1.386619e+00  1.512858e+02
     vertex -2.198059e+01 -1.386619e+00  1.531858e+02
     vertex -2.185499e+01 -1.447213e+00  1.512858e+02
   endloop
 endfacet
 facet normal  5.843184e-01  8.115245e-01 -0.000000e+00
   outer loop
     vertex -2.209375e+01 -1.305137e+00  1.512858e+02
     vertex -2.209375e+01 -1.305137e+00  1.531858e+02
     vertex -2.198059e+01 -1.386619e+00  1.512858e+02
   endloop
 endfacet
 facet normal -7.348317e-01  6.782495e-01  0.000000e+00
   outer loop
     vertex -1.747720e+01  2.829113e+00  1.512858e+02
     vertex -1.744024e+01  2.869164e+00  1.531858e+02
     vertex -1.744024e+01  2.869164e+00  1.512858e+02
   endloop
 endfacet
 facet normal -7.348317e-01  6.782495e-01  1.638697e-15
   outer loop
     vertex -1.747720e+01  2.829113e+00  1.512858e+02
     vertex -1.747720e+01  2.829113e+00  1.531858e+02
     vertex -1.744024e+01  2.869164e+00  1.531858e+02
   endloop
 endfacet
 facet normal -6.869442e-01  7.267102e-01  1.645334e-15
   outer loop
     vertex -1.751681e+01  2.791672e+00  1.512858e+02
     vertex -1.751681e+01  2.791672e+00  1.531858e+02
     vertex -1.747720e+01  2.829113e+00  1.531858e+02
   endloop
 endfacet
 facet normal -6.869442e-01  7.267102e-01  8.166299e-16
   outer loop
     vertex -1.751681e+01  2.791672e+00  1.512858e+02
     vertex -1.747720e+01  2.829113e+00  1.531858e+02
     vertex -1.747720e+01  2.829113e+00  1.512858e+02
   endloop
 endfacet
 facet normal -6.358682e-01  7.717977e-01  0.000000e+00
   outer loop
     vertex -1.755888e+01  2.757015e+00  1.512858e+02
     vertex -1.755888e+01  2.757015e+00  1.531858e+02
     vertex -1.751681e+01  2.791672e+00  1.531858e+02
   endloop
 endfacet
 facet normal -6.358682e-01  7.717977e-01  1.220757e-15
   outer loop
     vertex -1.755888e+01  2.757015e+00  1.512858e+02
     vertex -1.751681e+01  2.791672e+00  1.531858e+02
     vertex -1.751681e+01  2.791672e+00  1.512858e+02
   endloop
 endfacet
 facet normal -6.977297e-01  7.163611e-01  0.000000e+00
   outer loop
     vertex  9.530307e+00 -2.768614e+01  1.512858e+02
     vertex  9.630203e+00 -2.758884e+01  1.531858e+02
     vertex  9.630203e+00 -2.758884e+01  1.512858e+02
   endloop
 endfacet
 facet normal -6.977297e-01  7.163611e-01  0.000000e+00
   outer loop
     vertex  9.530307e+00 -2.768614e+01  1.512858e+02
     vertex  9.530307e+00 -2.768614e+01  1.531858e+02
     vertex  9.630203e+00 -2.758884e+01  1.531858e+02
   endloop
 endfacet
 facet normal -5.627349e-01  8.266374e-01  0.000000e+00
   outer loop
     vertex  9.415033e+00 -2.776461e+01  1.512858e+02
     vertex  9.415033e+00 -2.776461e+01  1.531858e+02
     vertex  9.530307e+00 -2.768614e+01  1.531858e+02
   endloop
 endfacet
 facet normal -5.627349e-01  8.266374e-01  0.000000e+00
   outer loop
     vertex  9.415033e+00 -2.776461e+01  1.512858e+02
     vertex  9.530307e+00 -2.768614e+01  1.531858e+02
     vertex  9.530307e+00 -2.768614e+01  1.512858e+02
   endloop
 endfacet
 facet normal -4.106416e-01  9.117969e-01  0.000000e+00
   outer loop
     vertex  9.287883e+00 -2.782187e+01  1.512858e+02
     vertex  9.287883e+00 -2.782187e+01  1.531858e+02
     vertex  9.415033e+00 -2.776461e+01  1.531858e+02
   endloop
 endfacet
 facet normal -4.106416e-01  9.117969e-01  0.000000e+00
   outer loop
     vertex  9.287883e+00 -2.782187e+01  1.512858e+02
     vertex  9.415033e+00 -2.776461e+01  1.531858e+02
     vertex  9.415033e+00 -2.776461e+01  1.512858e+02
   endloop
 endfacet
 facet normal -2.460711e-01  9.692518e-01  0.000000e+00
   outer loop
     vertex  9.152722e+00 -2.785619e+01  1.512858e+02
     vertex  9.152722e+00 -2.785619e+01  1.531858e+02
     vertex  9.287883e+00 -2.782187e+01  1.531858e+02
   endloop
 endfacet
 facet normal -2.460711e-01  9.692518e-01  0.000000e+00
   outer loop
     vertex  9.152722e+00 -2.785619e+01  1.512858e+02
     vertex  9.287883e+00 -2.782187e+01  1.531858e+02
     vertex  9.287883e+00 -2.782187e+01  1.512858e+02
   endloop
 endfacet
 facet normal -7.402397e-02  9.972565e-01  0.000000e+00
   outer loop
     vertex  9.013655e+00 -2.786651e+01  1.512858e+02
     vertex  9.013655e+00 -2.786651e+01  1.531858e+02
     vertex  9.152722e+00 -2.785619e+01  1.531858e+02
   endloop
 endfacet
 facet normal -7.402397e-02  9.972565e-01  0.000000e+00
   outer loop
     vertex  9.013655e+00 -2.786651e+01  1.512858e+02
     vertex  9.152722e+00 -2.785619e+01  1.531858e+02
     vertex  9.152722e+00 -2.785619e+01  1.512858e+02
   endloop
 endfacet
 facet normal  1.002724e-01  9.949600e-01 -0.000000e+00
   outer loop
     vertex  8.874909e+00 -2.785253e+01  1.512858e+02
     vertex  8.874909e+00 -2.785253e+01  1.531858e+02
     vertex  9.013655e+00 -2.786651e+01  1.531858e+02
   endloop
 endfacet
 facet normal  1.002724e-01  9.949600e-01  0.000000e+00
   outer loop
     vertex  8.874909e+00 -2.785253e+01  1.512858e+02
     vertex  9.013655e+00 -2.786651e+01  1.531858e+02
     vertex  9.013655e+00 -2.786651e+01  1.512858e+02
   endloop
 endfacet
 facet normal  2.715220e-01  9.624322e-01 -0.000000e+00
   outer loop
     vertex  8.740699e+00 -2.781466e+01  1.512858e+02
     vertex  8.740699e+00 -2.781466e+01  1.531858e+02
     vertex  8.874909e+00 -2.785253e+01  1.531858e+02
   endloop
 endfacet
 facet normal  2.715220e-01  9.624322e-01  0.000000e+00
   outer loop
     vertex  8.740699e+00 -2.781466e+01  1.512858e+02
     vertex  8.874909e+00 -2.785253e+01  1.531858e+02
     vertex  8.874909e+00 -2.785253e+01  1.512858e+02
   endloop
 endfacet
 facet normal  4.345216e-01  9.006614e-01 -0.000000e+00
   outer loop
     vertex  8.615102e+00 -2.775407e+01  1.512858e+02
     vertex  8.615102e+00 -2.775407e+01  1.531858e+02
     vertex  8.740699e+00 -2.781466e+01  1.531858e+02
   endloop
 endfacet
 facet normal  4.345216e-01  9.006614e-01  0.000000e+00
   outer loop
     vertex  8.615102e+00 -2.775407e+01  1.512858e+02
     vertex  8.740699e+00 -2.781466e+01  1.531858e+02
     vertex  8.740699e+00 -2.781466e+01  1.512858e+02
   endloop
 endfacet
 facet normal  5.843184e-01  8.115245e-01 -0.000000e+00
   outer loop
     vertex  8.501936e+00 -2.767259e+01  1.512858e+02
     vertex  8.501936e+00 -2.767259e+01  1.531858e+02
     vertex  8.615102e+00 -2.775407e+01  1.531858e+02
   endloop
 endfacet
 facet normal  5.843184e-01  8.115245e-01  0.000000e+00
   outer loop
     vertex  8.501936e+00 -2.767259e+01  1.512858e+02
     vertex  8.615102e+00 -2.775407e+01  1.531858e+02
     vertex  8.615102e+00 -2.775407e+01  1.512858e+02
   endloop
 endfacet
 facet normal -7.024164e-01  7.117663e-01  0.000000e+00
   outer loop
     vertex  1.306364e+01 -2.358889e+01  1.512858e+02
     vertex  1.315545e+01 -2.349829e+01  1.531858e+02
     vertex  1.315545e+01 -2.349829e+01  1.512858e+02
   endloop
 endfacet
 facet normal -7.024164e-01  7.117663e-01  0.000000e+00
   outer loop
     vertex  1.306364e+01 -2.358889e+01  1.512858e+02
     vertex  1.306364e+01 -2.358889e+01  1.531858e+02
     vertex  1.315545e+01 -2.349829e+01  1.531858e+02
   endloop
 endfacet
 facet normal -5.789012e-01  8.153977e-01  5.412290e-16
   outer loop
     vertex  1.295847e+01 -2.366356e+01  1.512858e+02
     vertex  1.295847e+01 -2.366356e+01  1.531858e+02
     vertex  1.306364e+01 -2.358889e+01  1.531858e+02
   endloop
 endfacet
 facet normal -5.789012e-01  8.153977e-01  0.000000e+00
   outer loop
     vertex  1.295847e+01 -2.366356e+01  1.512858e+02
     vertex  1.306364e+01 -2.358889e+01  1.531858e+02
     vertex  1.306364e+01 -2.358889e+01  1.512858e+02
   endloop
 endfacet
 facet normal -4.403371e-01  8.978325e-01  0.000000e+00
   outer loop
     vertex  1.284266e+01 -2.372035e+01  1.512858e+02
     vertex  1.284266e+01 -2.372035e+01  1.531858e+02
     vertex  1.295847e+01 -2.366356e+01  1.531858e+02
   endloop
 endfacet
 facet normal -4.403371e-01  8.978325e-01  4.105496e-16
   outer loop
     vertex  1.284266e+01 -2.372035e+01  1.512858e+02
     vertex  1.295847e+01 -2.366356e+01  1.531858e+02
     vertex  1.295847e+01 -2.366356e+01  1.512858e+02
   endloop
 endfacet
 facet normal  9.530052e-01 -3.029538e-01  0.000000e+00
   outer loop
     vertex -2.993544e+01  1.216719e+01  1.512858e+02
     vertex -2.969121e+01  1.293546e+01  1.531858e+02
     vertex -2.993544e+01  1.216719e+01  1.531858e+02
   endloop
 endfacet
 facet normal  9.530052e-01 -3.029538e-01  0.000000e+00
   outer loop
     vertex -2.993544e+01  1.216719e+01  1.512858e+02
     vertex -2.969121e+01  1.293546e+01  1.512858e+02
     vertex -2.969121e+01  1.293546e+01  1.531858e+02
   endloop
 endfacet
 facet normal  8.919317e-01 -4.521702e-01  0.000000e+00
   outer loop
     vertex -3.029996e+01  1.144815e+01  1.512858e+02
     vertex -2.993544e+01  1.216719e+01  1.531858e+02
     vertex -3.029996e+01  1.144815e+01  1.531858e+02
   endloop
 endfacet
 facet normal  8.919317e-01 -4.521702e-01  0.000000e+00
   outer loop
     vertex -3.029996e+01  1.144815e+01  1.512858e+02
     vertex -2.993544e+01  1.216719e+01  1.512858e+02
     vertex -2.993544e+01  1.216719e+01  1.531858e+02
   endloop
 endfacet
 facet normal  8.076720e-01 -5.896321e-01  0.000000e+00
   outer loop
     vertex -3.077529e+01  1.079704e+01  1.512858e+02
     vertex -3.029996e+01  1.144815e+01  1.531858e+02
     vertex -3.077529e+01  1.079704e+01  1.531858e+02
   endloop
 endfacet
 facet normal  8.076720e-01 -5.896321e-01  0.000000e+00
   outer loop
     vertex -3.077529e+01  1.079704e+01  1.512858e+02
     vertex -3.029996e+01  1.144815e+01  1.512858e+02
     vertex -3.029996e+01  1.144815e+01  1.531858e+02
   endloop
 endfacet
 facet normal  8.572202e-01 -5.149501e-01  0.000000e+00
   outer loop
     vertex  5.459857e-01 -1.395377e+01  1.512858e+02
     vertex  9.845276e-01 -1.322374e+01  1.531858e+02
     vertex  5.459857e-01 -1.395377e+01  1.531858e+02
   endloop
 endfacet
 facet normal  8.572202e-01 -5.149501e-01  0.000000e+00
   outer loop
     vertex  5.459857e-01 -1.395377e+01  1.512858e+02
     vertex  9.845276e-01 -1.322374e+01  1.512858e+02
     vertex  9.845276e-01 -1.322374e+01  1.531858e+02
   endloop
 endfacet
 facet normal  8.201677e-01 -5.721232e-01  0.000000e+00
   outer loop
     vertex  5.875398e-02 -1.465224e+01  1.512858e+02
     vertex  5.459857e-01 -1.395377e+01  1.531858e+02
     vertex  5.875398e-02 -1.465224e+01  1.531858e+02
   endloop
 endfacet
 facet normal  8.201677e-01 -5.721232e-01  0.000000e+00
   outer loop
     vertex  5.875398e-02 -1.465224e+01  1.512858e+02
     vertex  5.459857e-01 -1.395377e+01  1.512858e+02
     vertex  5.459857e-01 -1.395377e+01  1.531858e+02
   endloop
 endfacet
 facet normal  7.793083e-01 -6.266407e-01  0.000000e+00
   outer loop
     vertex -4.749059e-01 -1.531592e+01  1.512858e+02
     vertex  5.875398e-02 -1.465224e+01  1.531858e+02
     vertex -4.749059e-01 -1.531592e+01  1.531858e+02
   endloop
 endfacet
 facet normal  7.793083e-01 -6.266407e-01  0.000000e+00
   outer loop
     vertex -4.749059e-01 -1.531592e+01  1.512858e+02
     vertex  5.875398e-02 -1.465224e+01  1.512858e+02
     vertex  5.875398e-02 -1.465224e+01  1.531858e+02
   endloop
 endfacet
 facet normal -7.050352e-02  5.169325e-02 -9.961712e-01
   outer loop
     vertex -1.885534e+01 -1.642486e+00  1.512402e+02
     vertex -1.827638e+01  2.544738e-02  1.512858e+02
     vertex -1.788176e+01 -3.146377e-01  1.512402e+02
   endloop
 endfacet
 facet normal -7.050352e-02  5.169325e-02 -9.961712e-01
   outer loop
     vertex -1.885534e+01 -1.642486e+00  1.512402e+02
     vertex -1.929836e+01 -1.368413e+00  1.512858e+02
     vertex -1.827638e+01  2.544738e-02  1.512858e+02
   endloop
 endfacet
 facet normal -2.093297e-01  1.534808e-01 -9.657250e-01
   outer loop
     vertex -1.842578e+01 -1.908233e+00  1.511049e+02
     vertex -1.788176e+01 -3.146377e-01  1.512402e+02
     vertex -1.749913e+01 -6.443894e-01  1.511049e+02
   endloop
 endfacet
 facet normal -2.093297e-01  1.534808e-01 -9.657250e-01
   outer loop
     vertex -1.842578e+01 -1.908233e+00  1.511049e+02
     vertex -1.885534e+01 -1.642486e+00  1.512402e+02
     vertex -1.788176e+01 -3.146377e-01  1.512402e+02
   endloop
 endfacet
 facet normal -3.447114e-01  2.469132e-01 -9.056533e-01
   outer loop
     vertex -1.809755e+01 -2.111293e+00  1.509327e+02
     vertex -1.749913e+01 -6.443894e-01  1.511049e+02
     vertex -1.714012e+01 -9.537886e-01  1.508839e+02
   endloop
 endfacet
 facet normal -3.293663e-01  2.414917e-01 -9.127977e-01
   outer loop
     vertex -1.809755e+01 -2.111293e+00  1.509327e+02
     vertex -1.842578e+01 -1.908233e+00  1.511049e+02
     vertex -1.749913e+01 -6.443894e-01  1.511049e+02
   endloop
 endfacet
 facet normal -4.683104e-01  3.339779e-01 -8.180123e-01
   outer loop
     vertex -1.780066e+01 -2.294964e+00  1.507145e+02
     vertex -1.714012e+01 -9.537886e-01  1.508839e+02
     vertex -1.681563e+01 -1.233434e+00  1.505840e+02
   endloop
 endfacet
 facet normal -4.265531e-01  3.170813e-01 -8.470607e-01
   outer loop
     vertex -1.780066e+01 -2.294964e+00  1.507145e+02
     vertex -1.809755e+01 -2.111293e+00  1.509327e+02
     vertex -1.714012e+01 -9.537886e-01  1.508839e+02
   endloop
 endfacet
 facet normal -7.773042e-02  4.001150e-02 -9.961712e-01
   outer loop
     vertex -1.960891e+01 -3.106445e+00  1.512402e+02
     vertex -2.008939e+01 -2.905149e+00  1.512858e+02
     vertex -1.929836e+01 -1.368413e+00  1.512858e+02
   endloop
 endfacet
 facet normal -7.773042e-02  4.001150e-02 -9.961712e-01
   outer loop
     vertex -1.960891e+01 -3.106445e+00  1.512402e+02
     vertex -1.929836e+01 -1.368413e+00  1.512858e+02
     vertex -1.885534e+01 -1.642486e+00  1.512402e+02
   endloop
 endfacet
 facet normal -5.759233e-01  4.126975e-01 -7.056863e-01
   outer loop
     vertex -1.753006e+01 -2.462371e+00  1.504483e+02
     vertex -1.681563e+01 -1.233434e+00  1.505840e+02
     vertex -1.653552e+01 -1.474829e+00  1.502142e+02
   endloop
 endfacet
 facet normal -5.155844e-01  3.842598e-01 -7.658440e-01
   outer loop
     vertex -1.753006e+01 -2.462371e+00  1.504483e+02
     vertex -1.780066e+01 -2.294964e+00  1.507145e+02
     vertex -1.681563e+01 -1.233434e+00  1.505840e+02
   endloop
 endfacet
 facet normal -2.307869e-01  1.187969e-01 -9.657250e-01
   outer loop
     vertex -1.914303e+01 -3.301625e+00  1.511049e+02
     vertex -1.885534e+01 -1.642486e+00  1.512402e+02
     vertex -1.842578e+01 -1.908233e+00  1.511049e+02
   endloop
 endfacet
 facet normal -2.307869e-01  1.187969e-01 -9.657250e-01
   outer loop
     vertex -1.914303e+01 -3.301625e+00  1.511049e+02
     vertex -1.960891e+01 -3.106445e+00  1.512402e+02
     vertex -1.885534e+01 -1.642486e+00  1.512402e+02
   endloop
 endfacet
 facet normal -6.645717e-01  4.805804e-01 -5.721773e-01
   outer loop
     vertex -1.728767e+01 -2.612324e+00  1.501324e+02
     vertex -1.653552e+01 -1.474829e+00  1.502142e+02
     vertex -1.630832e+01 -1.670639e+00  1.497858e+02
   endloop
 endfacet
 facet normal -5.972978e-01  4.430271e-01 -6.685524e-01
   outer loop
     vertex -1.728767e+01 -2.612324e+00  1.501324e+02
     vertex -1.753006e+01 -2.462371e+00  1.504483e+02
     vertex -1.653552e+01 -1.474829e+00  1.502142e+02
   endloop
 endfacet
 facet normal -3.631277e-01  1.869189e-01 -9.127977e-01
   outer loop
     vertex -1.878704e+01 -3.450764e+00  1.509327e+02
     vertex -1.914303e+01 -3.301625e+00  1.511049e+02
     vertex -1.842578e+01 -1.908233e+00  1.511049e+02
   endloop
 endfacet
 facet normal -3.631277e-01  1.869189e-01 -9.127977e-01
   outer loop
     vertex -1.878704e+01 -3.450764e+00  1.509327e+02
     vertex -1.842578e+01 -1.908233e+00  1.511049e+02
     vertex -1.809755e+01 -2.111293e+00  1.509327e+02
   endloop
 endfacet
 facet normal -6.692681e-01  4.907080e-01 -5.579300e-01
   outer loop
     vertex -1.708891e+01 -2.735285e+00  1.497858e+02
     vertex -1.728767e+01 -2.612324e+00  1.501324e+02
     vertex -1.630832e+01 -1.670639e+00  1.497858e+02
   endloop
 endfacet
 facet normal -4.723813e-01  2.431569e-01 -8.471899e-01
   outer loop
     vertex -1.846504e+01 -3.585663e+00  1.507145e+02
     vertex -1.878704e+01 -3.450764e+00  1.509327e+02
     vertex -1.809755e+01 -2.111293e+00  1.509327e+02
   endloop
 endfacet
 facet normal -4.723813e-01  2.431569e-01 -8.471899e-01
   outer loop
     vertex -1.846504e+01 -3.585663e+00  1.507145e+02
     vertex -1.809755e+01 -2.111293e+00  1.509327e+02
     vertex -1.780066e+01 -2.294964e+00  1.507145e+02
   endloop
 endfacet
 facet normal -8.325224e-02  2.646766e-02 -9.961770e-01
   outer loop
     vertex -2.012386e+01 -4.670371e+00  1.512402e+02
     vertex -2.016115e+01 -4.950829e+00  1.512359e+02
     vertex -2.062994e+01 -4.546822e+00  1.512858e+02
   endloop
 endfacet
 facet normal -8.303828e-02  2.734193e-02 -9.961712e-01
   outer loop
     vertex -2.012386e+01 -4.670371e+00  1.512402e+02
     vertex -2.062994e+01 -4.546822e+00  1.512858e+02
     vertex -2.008939e+01 -2.905149e+00  1.512858e+02
   endloop
 endfacet
 facet normal -8.303828e-02  2.734193e-02 -9.961712e-01
   outer loop
     vertex -2.012386e+01 -4.670371e+00  1.512402e+02
     vertex -2.008939e+01 -2.905149e+00  1.512858e+02
     vertex -1.960891e+01 -3.106445e+00  1.512402e+02
   endloop
 endfacet
 facet normal -7.335405e-01  5.332126e-01 -4.214293e-01
   outer loop
     vertex -1.691975e+01 -2.839938e+00  1.493706e+02
     vertex -1.630832e+01 -1.670639e+00  1.497858e+02
     vertex -1.614090e+01 -1.814914e+00  1.493119e+02
   endloop
 endfacet
 facet normal -7.277115e-01  5.335588e-01 -4.309885e-01
   outer loop
     vertex -1.691975e+01 -2.839938e+00  1.493706e+02
     vertex -1.708891e+01 -2.735285e+00  1.497858e+02
     vertex -1.630832e+01 -1.670639e+00  1.497858e+02
   endloop
 endfacet
 facet normal -5.715113e-01  2.941837e-01 -7.660488e-01
   outer loop
     vertex -1.817156e+01 -3.708617e+00  1.504483e+02
     vertex -1.780066e+01 -2.294964e+00  1.507145e+02
     vertex -1.753006e+01 -2.462371e+00  1.504483e+02
   endloop
 endfacet
 facet normal -5.715113e-01  2.941837e-01 -7.660488e-01
   outer loop
     vertex -1.817156e+01 -3.708617e+00  1.504483e+02
     vertex -1.846504e+01 -3.585663e+00  1.507145e+02
     vertex -1.780066e+01 -2.294964e+00  1.507145e+02
   endloop
 endfacet
 facet normal -2.583580e-01  6.297954e-02 -9.639942e-01
   outer loop
     vertex -1.963316e+01 -4.790166e+00  1.511049e+02
     vertex -1.970721e+01 -5.342040e+00  1.510887e+02
     vertex -2.016115e+01 -4.950829e+00  1.512359e+02
   endloop
 endfacet
 facet normal -2.544923e-01  4.876674e-02 -9.658444e-01
   outer loop
     vertex -1.963316e+01 -4.790166e+00  1.511049e+02
     vertex -2.016115e+01 -4.950829e+00  1.512359e+02
     vertex -2.012386e+01 -4.670371e+00  1.512402e+02
   endloop
 endfacet
 facet normal -2.465463e-01  8.118006e-02 -9.657250e-01
   outer loop
     vertex -1.963316e+01 -4.790166e+00  1.511049e+02
     vertex -1.960891e+01 -3.106445e+00  1.512402e+02
     vertex -1.914303e+01 -3.301625e+00  1.511049e+02
   endloop
 endfacet
 facet normal -2.465463e-01  8.118006e-02 -9.657250e-01
   outer loop
     vertex -1.963316e+01 -4.790166e+00  1.511049e+02
     vertex -2.012386e+01 -4.670371e+00  1.512402e+02
     vertex -1.960891e+01 -3.106445e+00  1.512402e+02
   endloop
 endfacet
 facet normal -8.033627e-01  5.819562e-01 -1.262353e-01
   outer loop
     vertex -1.681618e+01 -2.904009e+00  1.489792e+02
     vertex -1.600385e+01 -1.933024e+00  1.482858e+02
     vertex -1.679504e+01 -3.025226e+00  1.482858e+02
   endloop
 endfacet
 facet normal -7.838756e-01  5.648212e-01 -2.579070e-01
   outer loop
     vertex -1.681618e+01 -2.904009e+00  1.489792e+02
     vertex -1.614090e+01 -1.814914e+00  1.493119e+02
     vertex -1.603838e+01 -1.903271e+00  1.488068e+02
   endloop
 endfacet
 facet normal -7.937740e-01  6.019602e-01 -8.698696e-02
   outer loop
     vertex -1.681618e+01 -2.904009e+00  1.489792e+02
     vertex -1.603838e+01 -1.903271e+00  1.488068e+02
     vertex -1.600385e+01 -1.933024e+00  1.482858e+02
   endloop
 endfacet
 facet normal -7.686092e-01  5.670392e-01 -2.961528e-01
   outer loop
     vertex -1.681618e+01 -2.904009e+00  1.489792e+02
     vertex -1.691975e+01 -2.839938e+00  1.493706e+02
     vertex -1.614090e+01 -1.814914e+00  1.493119e+02
   endloop
 endfacet
 facet normal -6.610751e-01  3.402864e-01 -6.687188e-01
   outer loop
     vertex -1.790868e+01 -3.818752e+00  1.501324e+02
     vertex -1.753006e+01 -2.462371e+00  1.504483e+02
     vertex -1.728767e+01 -2.612324e+00  1.501324e+02
   endloop
 endfacet
 facet normal -6.610751e-01  3.402864e-01 -6.687188e-01
   outer loop
     vertex -1.790868e+01 -3.818752e+00  1.501324e+02
     vertex -1.817156e+01 -3.708617e+00  1.504483e+02
     vertex -1.753006e+01 -2.462371e+00  1.504483e+02
   endloop
 endfacet
 facet normal -4.007727e-01  8.176878e-02 -9.125213e-01
   outer loop
     vertex -1.925820e+01 -4.881702e+00  1.509327e+02
     vertex -1.940513e+01 -5.602372e+00  1.509327e+02
     vertex -1.970721e+01 -5.342040e+00  1.510887e+02
   endloop
 endfacet
 facet normal -3.879241e-01  1.277314e-01 -9.127977e-01
   outer loop
     vertex -1.925820e+01 -4.881702e+00  1.509327e+02
     vertex -1.914303e+01 -3.301625e+00  1.511049e+02
     vertex -1.878704e+01 -3.450764e+00  1.509327e+02
   endloop
 endfacet
 facet normal -3.996269e-01  8.044100e-02 -9.131416e-01
   outer loop
     vertex -1.925820e+01 -4.881702e+00  1.509327e+02
     vertex -1.970721e+01 -5.342040e+00  1.510887e+02
     vertex -1.963316e+01 -4.790166e+00  1.511049e+02
   endloop
 endfacet
 facet normal -3.879241e-01  1.277314e-01 -9.127977e-01
   outer loop
     vertex -1.925820e+01 -4.881702e+00  1.509327e+02
     vertex -1.963316e+01 -4.790166e+00  1.511049e+02
     vertex -1.914303e+01 -3.301625e+00  1.511049e+02
   endloop
 endfacet
 facet normal -7.378708e-01  3.798168e-01 -5.579300e-01
   outer loop
     vertex -1.769311e+01 -3.909061e+00  1.497858e+02
     vertex -1.790868e+01 -3.818752e+00  1.501324e+02
     vertex -1.728767e+01 -2.612324e+00  1.501324e+02
   endloop
 endfacet
 facet normal -7.378708e-01  3.798168e-01 -5.579300e-01
   outer loop
     vertex -1.769311e+01 -3.909061e+00  1.497858e+02
     vertex -1.728767e+01 -2.612324e+00  1.501324e+02
     vertex -1.708891e+01 -2.735285e+00  1.497858e+02
   endloop
 endfacet
 facet normal -5.046381e-01  1.661617e-01 -8.471899e-01
   outer loop
     vertex -1.891905e+01 -4.964499e+00  1.507145e+02
     vertex -1.925820e+01 -4.881702e+00  1.509327e+02
     vertex -1.878704e+01 -3.450764e+00  1.509327e+02
   endloop
 endfacet
 facet normal -5.118859e-01  9.812096e-02 -8.534314e-01
   outer loop
     vertex -1.891905e+01 -4.964499e+00  1.507145e+02
     vertex -1.909294e+01 -5.871421e+00  1.507145e+02
     vertex -1.940513e+01 -5.602372e+00  1.509327e+02
   endloop
 endfacet
 facet normal -5.046381e-01  1.661617e-01 -8.471899e-01
   outer loop
     vertex -1.891905e+01 -4.964499e+00  1.507145e+02
     vertex -1.878704e+01 -3.450764e+00  1.509327e+02
     vertex -1.846504e+01 -3.585663e+00  1.507145e+02
   endloop
 endfacet
 facet normal -5.196869e-01  1.060075e-01 -8.477546e-01
   outer loop
     vertex -1.891905e+01 -4.964499e+00  1.507145e+02
     vertex -1.940513e+01 -5.602372e+00  1.509327e+02
     vertex -1.925820e+01 -4.881702e+00  1.509327e+02
   endloop
 endfacet
 facet normal -8.023049e-01  4.129840e-01 -4.309885e-01
   outer loop
     vertex -1.750964e+01 -3.985925e+00  1.493706e+02
     vertex -1.769311e+01 -3.909061e+00  1.497858e+02
     vertex -1.708891e+01 -2.735285e+00  1.497858e+02
   endloop
 endfacet
 facet normal -8.023049e-01  4.129840e-01 -4.309885e-01
   outer loop
     vertex -1.750964e+01 -3.985925e+00  1.493706e+02
     vertex -1.708891e+01 -2.735285e+00  1.497858e+02
     vertex -1.691975e+01 -2.839938e+00  1.493706e+02
   endloop
 endfacet
 facet normal -6.105373e-01  2.010310e-01 -7.660488e-01
   outer loop
     vertex -1.860993e+01 -5.039964e+00  1.504483e+02
     vertex -1.891905e+01 -4.964499e+00  1.507145e+02
     vertex -1.846504e+01 -3.585663e+00  1.507145e+02
   endloop
 endfacet
 facet normal -6.105373e-01  2.010310e-01 -7.660488e-01
   outer loop
     vertex -1.860993e+01 -5.039964e+00  1.504483e+02
     vertex -1.846504e+01 -3.585663e+00  1.507145e+02
     vertex -1.817156e+01 -3.708617e+00  1.504483e+02
   endloop
 endfacet
 facet normal -8.492178e-01  4.371324e-01 -2.962168e-01
   outer loop
     vertex -1.739732e+01 -4.032983e+00  1.489792e+02
     vertex -1.750964e+01 -3.985925e+00  1.493706e+02
     vertex -1.691975e+01 -2.839938e+00  1.493706e+02
   endloop
 endfacet
 facet normal -8.886703e-01  4.382251e-01 -1.349962e-01
   outer loop
     vertex -1.739732e+01 -4.032983e+00  1.489792e+02
     vertex -1.679504e+01 -3.025226e+00  1.482858e+02
     vertex -1.739152e+01 -4.234813e+00  1.482858e+02
   endloop
 endfacet
 facet normal -8.840631e-01  4.550688e-01 -1.065124e-01
   outer loop
     vertex -1.739732e+01 -4.032983e+00  1.489792e+02
     vertex -1.681618e+01 -2.904009e+00  1.489792e+02
     vertex -1.679504e+01 -3.025226e+00  1.482858e+02
   endloop
 endfacet
 facet normal -8.492178e-01  4.371324e-01 -2.962168e-01
   outer loop
     vertex -1.739732e+01 -4.032983e+00  1.489792e+02
     vertex -1.691975e+01 -2.839938e+00  1.493706e+02
     vertex -1.681618e+01 -2.904009e+00  1.489792e+02
   endloop
 endfacet
 facet normal -7.062170e-01  2.325354e-01 -6.687188e-01
   outer loop
     vertex -1.833304e+01 -5.107561e+00  1.501324e+02
     vertex -1.817156e+01 -3.708617e+00  1.504483e+02
     vertex -1.790868e+01 -3.818752e+00  1.501324e+02
   endloop
 endfacet
 facet normal -7.062170e-01  2.325354e-01 -6.687188e-01
   outer loop
     vertex -1.833304e+01 -5.107561e+00  1.501324e+02
     vertex -1.860993e+01 -5.039964e+00  1.504483e+02
     vertex -1.817156e+01 -3.708617e+00  1.504483e+02
   endloop
 endfacet
 facet normal -7.882568e-01  2.595485e-01 -5.579300e-01
   outer loop
     vertex -1.810599e+01 -5.162990e+00  1.497858e+02
     vertex -1.833304e+01 -5.107561e+00  1.501324e+02
     vertex -1.790868e+01 -3.818752e+00  1.501324e+02
   endloop
 endfacet
 facet normal -7.882568e-01  2.595485e-01 -5.579300e-01
   outer loop
     vertex -1.810599e+01 -5.162990e+00  1.497858e+02
     vertex -1.790868e+01 -3.818752e+00  1.501324e+02
     vertex -1.769311e+01 -3.909061e+00  1.497858e+02
   endloop
 endfacet
 facet normal -6.364503e-01  8.185674e-02 -7.669618e-01
   outer loop
     vertex -1.877784e+01 -5.915648e+00  1.504483e+02
     vertex -1.880417e+01 -6.120284e+00  1.504483e+02
     vertex -1.909294e+01 -5.871421e+00  1.507145e+02
   endloop
 endfacet
 facet normal -6.305983e-01  1.209155e-01 -7.666324e-01
   outer loop
     vertex -1.877784e+01 -5.915648e+00  1.504483e+02
     vertex -1.891905e+01 -4.964499e+00  1.507145e+02
     vertex -1.860993e+01 -5.039964e+00  1.504483e+02
   endloop
 endfacet
 facet normal -6.306555e-01  1.208947e-01 -7.665886e-01
   outer loop
     vertex -1.877784e+01 -5.915648e+00  1.504483e+02
     vertex -1.909294e+01 -5.871421e+00  1.507145e+02
     vertex -1.891905e+01 -4.964499e+00  1.507145e+02
   endloop
 endfacet
 facet normal -8.570907e-01  2.822134e-01 -4.309885e-01
   outer loop
     vertex -1.791275e+01 -5.210166e+00  1.493706e+02
     vertex -1.769311e+01 -3.909061e+00  1.497858e+02
     vertex -1.750964e+01 -3.985925e+00  1.493706e+02
   endloop
 endfacet
 facet normal -8.570907e-01  2.822134e-01 -4.309885e-01
   outer loop
     vertex -1.791275e+01 -5.210166e+00  1.493706e+02
     vertex -1.810599e+01 -5.162990e+00  1.497858e+02
     vertex -1.769311e+01 -3.909061e+00  1.497858e+02
   endloop
 endfacet
 facet normal -7.348399e-01  8.615822e-02 -6.727459e-01
   outer loop
     vertex -1.849559e+01 -5.955266e+00  1.501324e+02
     vertex -1.854147e+01 -6.346679e+00  1.501324e+02
     vertex -1.880417e+01 -6.120284e+00  1.504483e+02
   endloop
 endfacet
 facet normal -7.296098e-01  1.399007e-01 -6.694008e-01
   outer loop
     vertex -1.849559e+01 -5.955266e+00  1.501324e+02
     vertex -1.877784e+01 -5.915648e+00  1.504483e+02
     vertex -1.860993e+01 -5.039964e+00  1.504483e+02
   endloop
 endfacet
 facet normal -7.296098e-01  1.399007e-01 -6.694008e-01
   outer loop
     vertex -1.849559e+01 -5.955266e+00  1.501324e+02
     vertex -1.860993e+01 -5.039964e+00  1.504483e+02
     vertex -1.833304e+01 -5.107561e+00  1.501324e+02
   endloop
 endfacet
 facet normal -7.364410e-01  9.471933e-02 -6.698380e-01
   outer loop
     vertex -1.849559e+01 -5.955266e+00  1.501324e+02
     vertex -1.880417e+01 -6.120284e+00  1.504483e+02
     vertex -1.877784e+01 -5.915648e+00  1.504483e+02
   endloop
 endfacet
 facet normal -9.452159e-01  3.112303e-01 -9.850152e-02
   outer loop
     vertex -1.779444e+01 -5.239049e+00  1.489792e+02
     vertex -1.739732e+01 -4.032983e+00  1.489792e+02
     vertex -1.739152e+01 -4.234813e+00  1.482858e+02
   endloop
 endfacet
 facet normal -9.486853e-01  2.824276e-01 -1.422350e-01
   outer loop
     vertex -1.779444e+01 -5.239049e+00  1.489792e+02
     vertex -1.739152e+01 -4.234813e+00  1.482858e+02
     vertex -1.777633e+01 -5.527410e+00  1.482858e+02
   endloop
 endfacet
 facet normal -9.072072e-01  2.987152e-01 -2.962168e-01
   outer loop
     vertex -1.779444e+01 -5.239049e+00  1.489792e+02
     vertex -1.750964e+01 -3.985925e+00  1.493706e+02
     vertex -1.739732e+01 -4.032983e+00  1.489792e+02
   endloop
 endfacet
 facet normal -9.072072e-01  2.987152e-01 -2.962168e-01
   outer loop
     vertex -1.779444e+01 -5.239049e+00  1.489792e+02
     vertex -1.791275e+01 -5.210166e+00  1.493706e+02
     vertex -1.750964e+01 -3.985925e+00  1.493706e+02
   endloop
 endfacet
 facet normal -8.208365e-01  8.958011e-02 -5.640947e-01
   outer loop
     vertex -1.826414e+01 -5.987753e+00  1.497858e+02
     vertex -1.831594e+01 -6.541039e+00  1.497733e+02
     vertex -1.854147e+01 -6.346679e+00  1.501324e+02
   endloop
 endfacet
 facet normal -8.145714e-01  1.561919e-01 -5.586390e-01
   outer loop
     vertex -1.826414e+01 -5.987753e+00  1.497858e+02
     vertex -1.833304e+01 -5.107561e+00  1.501324e+02
     vertex -1.810599e+01 -5.162990e+00  1.497858e+02
   endloop
 endfacet
 facet normal -8.235137e-01  9.654827e-02 -5.590202e-01
   outer loop
     vertex -1.826414e+01 -5.987753e+00  1.497858e+02
     vertex -1.854147e+01 -6.346679e+00  1.501324e+02
     vertex -1.849559e+01 -5.955266e+00  1.501324e+02
   endloop
 endfacet
 facet normal -8.145714e-01  1.561919e-01 -5.586390e-01
   outer loop
     vertex -1.826414e+01 -5.987753e+00  1.497858e+02
     vertex -1.849559e+01 -5.955266e+00  1.501324e+02
     vertex -1.833304e+01 -5.107561e+00  1.501324e+02
   endloop
 endfacet
 facet normal -8.945539e-01  8.761872e-02 -4.382879e-01
   outer loop
     vertex -1.806715e+01 -6.015403e+00  1.493706e+02
     vertex -1.813400e+01 -6.697838e+00  1.493706e+02
     vertex -1.831594e+01 -6.541039e+00  1.497733e+02
   endloop
 endfacet
 facet normal -8.859086e-01  1.698706e-01 -4.316363e-01
   outer loop
     vertex -1.806715e+01 -6.015403e+00  1.493706e+02
     vertex -1.826414e+01 -5.987753e+00  1.497858e+02
     vertex -1.810599e+01 -5.162990e+00  1.497858e+02
   endloop
 endfacet
 facet normal -8.859086e-01  1.698706e-01 -4.316363e-01
   outer loop
     vertex -1.806715e+01 -6.015403e+00  1.493706e+02
     vertex -1.810599e+01 -5.162990e+00  1.497858e+02
     vertex -1.791275e+01 -5.210166e+00  1.493706e+02
   endloop
 endfacet
 facet normal -8.970589e-01  9.373194e-02 -4.318561e-01
   outer loop
     vertex -1.806715e+01 -6.015403e+00  1.493706e+02
     vertex -1.831594e+01 -6.541039e+00  1.497733e+02
     vertex -1.826414e+01 -5.987753e+00  1.497858e+02
   endloop
 endfacet
 facet normal -9.378800e-01  1.798359e-01 -2.967157e-01
   outer loop
     vertex -1.806715e+01 -6.015403e+00  1.493706e+02
     vertex -1.791275e+01 -5.210166e+00  1.493706e+02
     vertex -1.779444e+01 -5.239049e+00  1.489792e+02
   endloop
 endfacet
 facet normal -9.481556e-01  8.730758e-02 -3.055786e-01
   outer loop
     vertex -1.794655e+01 -6.032330e+00  1.489792e+02
     vertex -1.801711e+01 -6.798574e+00  1.489792e+02
     vertex -1.813400e+01 -6.697838e+00  1.493706e+02
   endloop
 endfacet
 facet normal -9.793877e-01  9.018349e-02 -1.807395e-01
   outer loop
     vertex -1.794655e+01 -6.032330e+00  1.489792e+02
     vertex -1.795869e+01 -6.848915e+00  1.486375e+02
     vertex -1.801711e+01 -6.798574e+00  1.489792e+02
   endloop
 endfacet
 facet normal -9.974677e-01  3.956089e-02 -5.910197e-02
   outer loop
     vertex -1.794655e+01 -6.032330e+00  1.489792e+02
     vertex -1.793854e+01 -6.866280e+00  1.482858e+02
     vertex -1.795869e+01 -6.848915e+00  1.486375e+02
   endloop
 endfacet
 facet normal -9.808579e-01  1.188348e-01 -1.542596e-01
   outer loop
     vertex -1.794655e+01 -6.032330e+00  1.489792e+02
     vertex -1.777633e+01 -5.527410e+00  1.482858e+02
     vertex -1.793854e+01 -6.866280e+00  1.482858e+02
   endloop
 endfacet
 facet normal -9.768431e-01  1.873070e-01 -1.034101e-01
   outer loop
     vertex -1.794655e+01 -6.032330e+00  1.489792e+02
     vertex -1.779444e+01 -5.239049e+00  1.489792e+02
     vertex -1.777633e+01 -5.527410e+00  1.482858e+02
   endloop
 endfacet
 facet normal -9.503861e-01  9.308936e-02 -2.968175e-01
   outer loop
     vertex -1.794655e+01 -6.032330e+00  1.489792e+02
     vertex -1.813400e+01 -6.697838e+00  1.493706e+02
     vertex -1.806715e+01 -6.015403e+00  1.493706e+02
   endloop
 endfacet
 facet normal -9.378800e-01  1.798359e-01 -2.967157e-01
   outer loop
     vertex -1.794655e+01 -6.032330e+00  1.489792e+02
     vertex -1.806715e+01 -6.015403e+00  1.493706e+02
     vertex -1.779444e+01 -5.239049e+00  1.489792e+02
   endloop
 endfacet
 facet normal -5.749273e-01  4.139624e-01  7.057576e-01
   outer loop
     vertex -1.615733e+01 -1.892888e+01  1.432858e+02
     vertex -1.648437e+01 -1.934047e+01  1.432608e+02
     vertex -1.646543e+01 -1.935679e+01  1.432858e+02
   endloop
 endfacet
 facet normal -5.749273e-01  4.139624e-01  7.057576e-01
   outer loop
     vertex -1.615733e+01 -1.892888e+01  1.432858e+02
     vertex -1.617881e+01 -1.891609e+01  1.432608e+02
     vertex -1.648437e+01 -1.934047e+01  1.432608e+02
   endloop
 endfacet
 facet normal -6.380767e-01  3.078383e-01  7.057576e-01
   outer loop
     vertex -1.592821e+01 -1.845397e+01  1.432858e+02
     vertex -1.595158e+01 -1.844511e+01  1.432608e+02
     vertex -1.617881e+01 -1.891609e+01  1.432608e+02
   endloop
 endfacet
 facet normal -6.380767e-01  3.078383e-01  7.057576e-01
   outer loop
     vertex -1.592821e+01 -1.845397e+01  1.432858e+02
     vertex -1.617881e+01 -1.891609e+01  1.432608e+02
     vertex -1.615733e+01 -1.892888e+01  1.432858e+02
   endloop
 endfacet
 facet normal -6.818384e-01  1.923607e-01  7.057576e-01
   outer loop
     vertex -1.578504e+01 -1.794648e+01  1.432858e+02
     vertex -1.580960e+01 -1.794182e+01  1.432608e+02
     vertex -1.595158e+01 -1.844511e+01  1.432608e+02
   endloop
 endfacet
 facet normal -6.818384e-01  1.923607e-01  7.057576e-01
   outer loop
     vertex -1.578504e+01 -1.794648e+01  1.432858e+02
     vertex -1.595158e+01 -1.844511e+01  1.432608e+02
     vertex -1.592821e+01 -1.845397e+01  1.432858e+02
   endloop
 endfacet
 facet normal -7.048828e-01  7.103832e-02  7.057576e-01
   outer loop
     vertex -1.573216e+01 -1.742185e+01  1.432858e+02
     vertex -1.575716e+01 -1.742152e+01  1.432608e+02
     vertex -1.580960e+01 -1.794182e+01  1.432608e+02
   endloop
 endfacet
 facet normal -7.048828e-01  7.103832e-02  7.057576e-01
   outer loop
     vertex -1.573216e+01 -1.742185e+01  1.432858e+02
     vertex -1.580960e+01 -1.794182e+01  1.432608e+02
     vertex -1.578504e+01 -1.794648e+01  1.432858e+02
   endloop
 endfacet
 facet normal -7.065098e-01 -5.244254e-02  7.057576e-01
   outer loop
     vertex -1.577119e+01 -1.689600e+01  1.432858e+02
     vertex -1.579587e+01 -1.690002e+01  1.432608e+02
     vertex -1.575716e+01 -1.742152e+01  1.432608e+02
   endloop
 endfacet
 facet normal -7.065098e-01 -5.244254e-02  7.057576e-01
   outer loop
     vertex -1.577119e+01 -1.689600e+01  1.432858e+02
     vertex -1.575716e+01 -1.742152e+01  1.432608e+02
     vertex -1.573216e+01 -1.742185e+01  1.432858e+02
   endloop
 endfacet
 facet normal -6.866697e-01 -1.743299e-01  7.057576e-01
   outer loop
     vertex -1.590095e+01 -1.638492e+01  1.432858e+02
     vertex -1.592455e+01 -1.639316e+01  1.432608e+02
     vertex -1.579587e+01 -1.690002e+01  1.432608e+02
   endloop
 endfacet
 facet normal -6.866697e-01 -1.743299e-01  7.057576e-01
   outer loop
     vertex -1.590095e+01 -1.638492e+01  1.432858e+02
     vertex -1.579587e+01 -1.690002e+01  1.432608e+02
     vertex -1.577119e+01 -1.689600e+01  1.432858e+02
   endloop
 endfacet
 facet normal -6.459656e-01 -2.909204e-01  7.057576e-01
   outer loop
     vertex -1.611747e+01 -1.590414e+01  1.432858e+02
     vertex -1.613929e+01 -1.591635e+01  1.432608e+02
     vertex -1.592455e+01 -1.639316e+01  1.432608e+02
   endloop
 endfacet
 facet normal -6.459656e-01 -2.909204e-01  7.057576e-01
   outer loop
     vertex -1.611747e+01 -1.590414e+01  1.432858e+02
     vertex -1.592455e+01 -1.639316e+01  1.432608e+02
     vertex -1.590095e+01 -1.638492e+01  1.432858e+02
   endloop
 endfacet
 facet normal -5.856341e-01 -3.986715e-01  7.057576e-01
   outer loop
     vertex -1.641420e+01 -1.546826e+01  1.432858e+02
     vertex -1.643356e+01 -1.548408e+01  1.432608e+02
     vertex -1.613929e+01 -1.591635e+01  1.432608e+02
   endloop
 endfacet
 facet normal -5.856341e-01 -3.986715e-01  7.057576e-01
   outer loop
     vertex -1.641420e+01 -1.546826e+01  1.432858e+02
     vertex -1.613929e+01 -1.591635e+01  1.432608e+02
     vertex -1.611747e+01 -1.590414e+01  1.432858e+02
   endloop
 endfacet
 facet normal -5.075085e-01 -4.943090e-01  7.057576e-01
   outer loop
     vertex -1.678211e+01 -1.509053e+01  1.432858e+02
     vertex -1.679843e+01 -1.510947e+01  1.432608e+02
     vertex -1.643356e+01 -1.548408e+01  1.432608e+02
   endloop
 endfacet
 facet normal -5.075085e-01 -4.943090e-01  7.057576e-01
   outer loop
     vertex -1.678211e+01 -1.509053e+01  1.432858e+02
     vertex -1.643356e+01 -1.548408e+01  1.432608e+02
     vertex -1.641420e+01 -1.546826e+01  1.432858e+02
   endloop
 endfacet
 facet normal -4.139624e-01 -5.749273e-01  7.057576e-01
   outer loop
     vertex -1.721002e+01 -1.478242e+01  1.432858e+02
     vertex -1.722280e+01 -1.480391e+01  1.432608e+02
     vertex -1.679843e+01 -1.510947e+01  1.432608e+02
   endloop
 endfacet
 facet normal -4.139624e-01 -5.749273e-01  7.057576e-01
   outer loop
     vertex -1.721002e+01 -1.478242e+01  1.432858e+02
     vertex -1.679843e+01 -1.510947e+01  1.432608e+02
     vertex -1.678211e+01 -1.509053e+01  1.432858e+02
   endloop
 endfacet
 facet normal -3.078383e-01 -6.380767e-01  7.057576e-01
   outer loop
     vertex -1.768493e+01 -1.455330e+01  1.432858e+02
     vertex -1.769379e+01 -1.457668e+01  1.432608e+02
     vertex -1.722280e+01 -1.480391e+01  1.432608e+02
   endloop
 endfacet
 facet normal -3.078383e-01 -6.380767e-01  7.057576e-01
   outer loop
     vertex -1.768493e+01 -1.455330e+01  1.432858e+02
     vertex -1.722280e+01 -1.480391e+01  1.432608e+02
     vertex -1.721002e+01 -1.478242e+01  1.432858e+02
   endloop
 endfacet
 facet normal -1.923607e-01 -6.818384e-01  7.057576e-01
   outer loop
     vertex -1.819241e+01 -1.441013e+01  1.432858e+02
     vertex -1.819708e+01 -1.443469e+01  1.432608e+02
     vertex -1.769379e+01 -1.457668e+01  1.432608e+02
   endloop
 endfacet
 facet normal -1.923607e-01 -6.818384e-01  7.057576e-01
   outer loop
     vertex -1.819241e+01 -1.441013e+01  1.432858e+02
     vertex -1.769379e+01 -1.457668e+01  1.432608e+02
     vertex -1.768493e+01 -1.455330e+01  1.432858e+02
   endloop
 endfacet
 facet normal -7.103832e-02 -7.048828e-01  7.057576e-01
   outer loop
     vertex -1.871705e+01 -1.435726e+01  1.432858e+02
     vertex -1.871738e+01 -1.438226e+01  1.432608e+02
     vertex -1.819708e+01 -1.443469e+01  1.432608e+02
   endloop
 endfacet
 facet normal -7.103832e-02 -7.048828e-01  7.057576e-01
   outer loop
     vertex -1.871705e+01 -1.435726e+01  1.432858e+02
     vertex -1.819708e+01 -1.443469e+01  1.432608e+02
     vertex -1.819241e+01 -1.441013e+01  1.432858e+02
   endloop
 endfacet
 facet normal  5.244254e-02 -7.065098e-01  7.057576e-01
   outer loop
     vertex -1.924289e+01 -1.439629e+01  1.432858e+02
     vertex -1.923888e+01 -1.442097e+01  1.432608e+02
     vertex -1.871738e+01 -1.438226e+01  1.432608e+02
   endloop
 endfacet
 facet normal  5.244254e-02 -7.065098e-01  7.057576e-01
   outer loop
     vertex -1.924289e+01 -1.439629e+01  1.432858e+02
     vertex -1.871738e+01 -1.438226e+01  1.432608e+02
     vertex -1.871705e+01 -1.435726e+01  1.432858e+02
   endloop
 endfacet
 facet normal  1.743299e-01 -6.866697e-01  7.057576e-01
   outer loop
     vertex -1.975397e+01 -1.452604e+01  1.432858e+02
     vertex -1.974573e+01 -1.454965e+01  1.432608e+02
     vertex -1.923888e+01 -1.442097e+01  1.432608e+02
   endloop
 endfacet
 facet normal  1.743299e-01 -6.866697e-01  7.057576e-01
   outer loop
     vertex -1.975397e+01 -1.452604e+01  1.432858e+02
     vertex -1.923888e+01 -1.442097e+01  1.432608e+02
     vertex -1.924289e+01 -1.439629e+01  1.432858e+02
   endloop
 endfacet
 facet normal  2.909204e-01 -6.459656e-01  7.057576e-01
   outer loop
     vertex -2.023476e+01 -1.474257e+01  1.432858e+02
     vertex -1.974573e+01 -1.454965e+01  1.432608e+02
     vertex -1.975397e+01 -1.452604e+01  1.432858e+02
   endloop
 endfacet
 facet normal  2.909204e-01 -6.459656e-01  7.057576e-01
   outer loop
     vertex -2.023476e+01 -1.474257e+01  1.432858e+02
     vertex -2.022254e+01 -1.476438e+01  1.432608e+02
     vertex -1.974573e+01 -1.454965e+01  1.432608e+02
   endloop
 endfacet
 facet normal  3.986715e-01 -5.856341e-01  7.057576e-01
   outer loop
     vertex -2.065482e+01 -1.505866e+01  1.432608e+02
     vertex -2.022254e+01 -1.476438e+01  1.432608e+02
     vertex -2.023476e+01 -1.474257e+01  1.432858e+02
   endloop
 endfacet
 facet normal  3.986715e-01 -5.856341e-01  7.057576e-01
   outer loop
     vertex -2.067064e+01 -1.503930e+01  1.432858e+02
     vertex -2.065482e+01 -1.505866e+01  1.432608e+02
     vertex -2.023476e+01 -1.474257e+01  1.432858e+02
   endloop
 endfacet
 facet normal  4.943090e-01 -5.075085e-01  7.057576e-01
   outer loop
     vertex -2.104837e+01 -1.540720e+01  1.432858e+02
     vertex -2.065482e+01 -1.505866e+01  1.432608e+02
     vertex -2.067064e+01 -1.503930e+01  1.432858e+02
   endloop
 endfacet
 facet normal  4.943090e-01 -5.075085e-01  7.057576e-01
   outer loop
     vertex -2.104837e+01 -1.540720e+01  1.432858e+02
     vertex -2.102943e+01 -1.542352e+01  1.432608e+02
     vertex -2.065482e+01 -1.505866e+01  1.432608e+02
   endloop
 endfacet
 facet normal -8.115245e-01  5.843184e-01  0.000000e+00
   outer loop
     vertex -1.617881e+01 -1.891609e+01  1.432608e+02
     vertex -1.648437e+01 -1.934047e+01  1.398858e+02
     vertex -1.648437e+01 -1.934047e+01  1.432608e+02
   endloop
 endfacet
 facet normal -8.115245e-01  5.843184e-01  0.000000e+00
   outer loop
     vertex -1.617881e+01 -1.891609e+01  1.432608e+02
     vertex -1.617881e+01 -1.891609e+01  1.398858e+02
     vertex -1.648437e+01 -1.934047e+01  1.398858e+02
   endloop
 endfacet
 facet normal -9.006614e-01  4.345216e-01  0.000000e+00
   outer loop
     vertex -1.595158e+01 -1.844511e+01  1.432608e+02
     vertex -1.595158e+01 -1.844511e+01  1.398858e+02
     vertex -1.617881e+01 -1.891609e+01  1.398858e+02
   endloop
 endfacet
 facet normal -9.006614e-01  4.345216e-01  0.000000e+00
   outer loop
     vertex -1.595158e+01 -1.844511e+01  1.432608e+02
     vertex -1.617881e+01 -1.891609e+01  1.398858e+02
     vertex -1.617881e+01 -1.891609e+01  1.432608e+02
   endloop
 endfacet
 facet normal -9.624322e-01  2.715220e-01  0.000000e+00
   outer loop
     vertex -1.580960e+01 -1.794182e+01  1.432608e+02
     vertex -1.580960e+01 -1.794182e+01  1.398858e+02
     vertex -1.595158e+01 -1.844511e+01  1.398858e+02
   endloop
 endfacet
 facet normal -9.624322e-01  2.715220e-01  0.000000e+00
   outer loop
     vertex -1.580960e+01 -1.794182e+01  1.432608e+02
     vertex -1.595158e+01 -1.844511e+01  1.398858e+02
     vertex -1.595158e+01 -1.844511e+01  1.432608e+02
   endloop
 endfacet
 facet normal -9.949600e-01  1.002724e-01  0.000000e+00
   outer loop
     vertex -1.575716e+01 -1.742152e+01  1.432608e+02
     vertex -1.575716e+01 -1.742152e+01  1.398858e+02
     vertex -1.580960e+01 -1.794182e+01  1.398858e+02
   endloop
 endfacet
 facet normal -9.949600e-01  1.002724e-01  0.000000e+00
   outer loop
     vertex -1.575716e+01 -1.742152e+01  1.432608e+02
     vertex -1.580960e+01 -1.794182e+01  1.398858e+02
     vertex -1.580960e+01 -1.794182e+01  1.432608e+02
   endloop
 endfacet
 facet normal -9.972565e-01 -7.402397e-02 -0.000000e+00
   outer loop
     vertex -1.579587e+01 -1.690002e+01  1.432608e+02
     vertex -1.579587e+01 -1.690002e+01  1.398858e+02
     vertex -1.575716e+01 -1.742152e+01  1.398858e+02
   endloop
 endfacet
 facet normal -9.692518e-01 -2.460711e-01 -0.000000e+00
   outer loop
     vertex -1.579587e+01 -1.690002e+01  1.432608e+02
     vertex -1.592455e+01 -1.639316e+01  1.398858e+02
     vertex -1.579587e+01 -1.690002e+01  1.398858e+02
   endloop
 endfacet
 facet normal -9.972565e-01 -7.402397e-02  0.000000e+00
   outer loop
     vertex -1.579587e+01 -1.690002e+01  1.432608e+02
     vertex -1.575716e+01 -1.742152e+01  1.398858e+02
     vertex -1.575716e+01 -1.742152e+01  1.432608e+02
   endloop
 endfacet
 facet normal -9.117969e-01 -4.106416e-01 -0.000000e+00
   outer loop
     vertex -1.592455e+01 -1.639316e+01  1.432608e+02
     vertex -1.613929e+01 -1.591635e+01  1.398858e+02
     vertex -1.592455e+01 -1.639316e+01  1.398858e+02
   endloop
 endfacet
 facet normal -9.692518e-01 -2.460711e-01 -0.000000e+00
   outer loop
     vertex -1.592455e+01 -1.639316e+01  1.432608e+02
     vertex -1.592455e+01 -1.639316e+01  1.398858e+02
     vertex -1.579587e+01 -1.690002e+01  1.432608e+02
   endloop
 endfacet
 facet normal -8.266374e-01 -5.627349e-01 -0.000000e+00
   outer loop
     vertex -1.613929e+01 -1.591635e+01  1.432608e+02
     vertex -1.643356e+01 -1.548408e+01  1.398858e+02
     vertex -1.613929e+01 -1.591635e+01  1.398858e+02
   endloop
 endfacet
 facet normal -9.117969e-01 -4.106416e-01 -0.000000e+00
   outer loop
     vertex -1.613929e+01 -1.591635e+01  1.432608e+02
     vertex -1.613929e+01 -1.591635e+01  1.398858e+02
     vertex -1.592455e+01 -1.639316e+01  1.432608e+02
   endloop
 endfacet
 facet normal -8.266374e-01 -5.627349e-01 -0.000000e+00
   outer loop
     vertex -1.643356e+01 -1.548408e+01  1.432608e+02
     vertex -1.643356e+01 -1.548408e+01  1.398858e+02
     vertex -1.613929e+01 -1.591635e+01  1.432608e+02
   endloop
 endfacet
 facet normal -7.163611e-01 -6.977297e-01 -0.000000e+00
   outer loop
     vertex -1.679843e+01 -1.510947e+01  1.432608e+02
     vertex -1.679843e+01 -1.510947e+01  1.398858e+02
     vertex -1.643356e+01 -1.548408e+01  1.398858e+02
   endloop
 endfacet
 facet normal -7.163611e-01 -6.977297e-01  0.000000e+00
   outer loop
     vertex -1.679843e+01 -1.510947e+01  1.432608e+02
     vertex -1.643356e+01 -1.548408e+01  1.398858e+02
     vertex -1.643356e+01 -1.548408e+01  1.432608e+02
   endloop
 endfacet
 facet normal -5.843184e-01 -8.115245e-01 -0.000000e+00
   outer loop
     vertex -1.722280e+01 -1.480391e+01  1.432608e+02
     vertex -1.722280e+01 -1.480391e+01  1.398858e+02
     vertex -1.679843e+01 -1.510947e+01  1.398858e+02
   endloop
 endfacet
 facet normal -5.843184e-01 -8.115245e-01  0.000000e+00
   outer loop
     vertex -1.722280e+01 -1.480391e+01  1.432608e+02
     vertex -1.679843e+01 -1.510947e+01  1.398858e+02
     vertex -1.679843e+01 -1.510947e+01  1.432608e+02
   endloop
 endfacet
 facet normal -4.345216e-01 -9.006614e-01 -0.000000e+00
   outer loop
     vertex -1.769379e+01 -1.457668e+01  1.432608e+02
     vertex -1.769379e+01 -1.457668e+01  1.398858e+02
     vertex -1.722280e+01 -1.480391e+01  1.398858e+02
   endloop
 endfacet
 facet normal -4.345216e-01 -9.006614e-01  0.000000e+00
   outer loop
     vertex -1.769379e+01 -1.457668e+01  1.432608e+02
     vertex -1.722280e+01 -1.480391e+01  1.398858e+02
     vertex -1.722280e+01 -1.480391e+01  1.432608e+02
   endloop
 endfacet
 facet normal -2.715220e-01 -9.624322e-01 -0.000000e+00
   outer loop
     vertex -1.819708e+01 -1.443469e+01  1.432608e+02
     vertex -1.819708e+01 -1.443469e+01  1.398858e+02
     vertex -1.769379e+01 -1.457668e+01  1.398858e+02
   endloop
 endfacet
 facet normal -2.715220e-01 -9.624322e-01  0.000000e+00
   outer loop
     vertex -1.819708e+01 -1.443469e+01  1.432608e+02
     vertex -1.769379e+01 -1.457668e+01  1.398858e+02
     vertex -1.769379e+01 -1.457668e+01  1.432608e+02
   endloop
 endfacet
 facet normal -1.002724e-01 -9.949600e-01 -0.000000e+00
   outer loop
     vertex -1.871738e+01 -1.438226e+01  1.432608e+02
     vertex -1.871738e+01 -1.438226e+01  1.398858e+02
     vertex -1.819708e+01 -1.443469e+01  1.398858e+02
   endloop
 endfacet
 facet normal  7.402397e-02 -9.972565e-01  0.000000e+00
   outer loop
     vertex -1.871738e+01 -1.438226e+01  1.432608e+02
     vertex -1.923888e+01 -1.442097e+01  1.398858e+02
     vertex -1.871738e+01 -1.438226e+01  1.398858e+02
   endloop
 endfacet
 facet normal -1.002724e-01 -9.949600e-01  0.000000e+00
   outer loop
     vertex -1.871738e+01 -1.438226e+01  1.432608e+02
     vertex -1.819708e+01 -1.443469e+01  1.398858e+02
     vertex -1.819708e+01 -1.443469e+01  1.432608e+02
   endloop
 endfacet
 facet normal  7.402397e-02 -9.972565e-01  0.000000e+00
   outer loop
     vertex -1.923888e+01 -1.442097e+01  1.432608e+02
     vertex -1.923888e+01 -1.442097e+01  1.398858e+02
     vertex -1.871738e+01 -1.438226e+01  1.432608e+02
   endloop
 endfacet
 facet normal  2.460711e-01 -9.692518e-01  0.000000e+00
   outer loop
     vertex -1.974573e+01 -1.454965e+01  1.432608e+02
     vertex -1.923888e+01 -1.442097e+01  1.398858e+02
     vertex -1.923888e+01 -1.442097e+01  1.432608e+02
   endloop
 endfacet
 facet normal  2.460711e-01 -9.692518e-01  0.000000e+00
   outer loop
     vertex -1.974573e+01 -1.454965e+01  1.432608e+02
     vertex -1.974573e+01 -1.454965e+01  1.398858e+02
     vertex -1.923888e+01 -1.442097e+01  1.398858e+02
   endloop
 endfacet
 facet normal  4.106416e-01 -9.117969e-01  0.000000e+00
   outer loop
     vertex -1.974573e+01 -1.454965e+01  1.432608e+02
     vertex -2.022254e+01 -1.476438e+01  1.398858e+02
     vertex -1.974573e+01 -1.454965e+01  1.398858e+02
   endloop
 endfacet
 facet normal  4.106416e-01 -9.117969e-01  0.000000e+00
   outer loop
     vertex -2.022254e+01 -1.476438e+01  1.432608e+02
     vertex -2.022254e+01 -1.476438e+01  1.398858e+02
     vertex -1.974573e+01 -1.454965e+01  1.432608e+02
   endloop
 endfacet
 facet normal  5.627349e-01 -8.266374e-01  0.000000e+00
   outer loop
     vertex -2.065482e+01 -1.505866e+01  1.432608e+02
     vertex -2.022254e+01 -1.476438e+01  1.398858e+02
     vertex -2.022254e+01 -1.476438e+01  1.432608e+02
   endloop
 endfacet
 facet normal  5.627349e-01 -8.266374e-01  0.000000e+00
   outer loop
     vertex -2.065482e+01 -1.505866e+01  1.432608e+02
     vertex -2.065482e+01 -1.505866e+01  1.398858e+02
     vertex -2.022254e+01 -1.476438e+01  1.398858e+02
   endloop
 endfacet
 facet normal  6.977297e-01 -7.163611e-01  0.000000e+00
   outer loop
     vertex -2.065482e+01 -1.505866e+01  1.432608e+02
     vertex -2.102943e+01 -1.542352e+01  1.398858e+02
     vertex -2.065482e+01 -1.505866e+01  1.398858e+02
   endloop
 endfacet
 facet normal  6.977297e-01 -7.163611e-01  0.000000e+00
   outer loop
     vertex -2.102943e+01 -1.542352e+01  1.432608e+02
     vertex -2.102943e+01 -1.542352e+01  1.398858e+02
     vertex -2.065482e+01 -1.505866e+01  1.432608e+02
   endloop
 endfacet
 facet normal -8.115245e-01  5.843184e-01  0.000000e+00
   outer loop
     vertex -1.746913e+01 -1.849180e+01  1.398858e+02
     vertex -1.729598e+01 -1.825132e+01  1.372858e+02
     vertex -1.746913e+01 -1.849180e+01  1.372858e+02
   endloop
 endfacet
 facet normal -8.115245e-01  5.843184e-01  0.000000e+00
   outer loop
     vertex -1.729598e+01 -1.825132e+01  1.398858e+02
     vertex -1.729598e+01 -1.825132e+01  1.372858e+02
     vertex -1.746913e+01 -1.849180e+01  1.398858e+02
   endloop
 endfacet
 facet normal -9.006614e-01  4.345216e-01  0.000000e+00
   outer loop
     vertex -1.716722e+01 -1.798443e+01  1.398858e+02
     vertex -1.716722e+01 -1.798443e+01  1.372858e+02
     vertex -1.729598e+01 -1.825132e+01  1.372858e+02
   endloop
 endfacet
 facet normal -9.006614e-01  4.345216e-01  0.000000e+00
   outer loop
     vertex -1.716722e+01 -1.798443e+01  1.398858e+02
     vertex -1.729598e+01 -1.825132e+01  1.372858e+02
     vertex -1.729598e+01 -1.825132e+01  1.398858e+02
   endloop
 endfacet
 facet normal -9.624322e-01  2.715220e-01  0.000000e+00
   outer loop
     vertex -1.708676e+01 -1.769923e+01  1.398858e+02
     vertex -1.708676e+01 -1.769923e+01  1.372858e+02
     vertex -1.716722e+01 -1.798443e+01  1.372858e+02
   endloop
 endfacet
 facet normal -9.624322e-01  2.715220e-01  0.000000e+00
   outer loop
     vertex -1.708676e+01 -1.769923e+01  1.398858e+02
     vertex -1.716722e+01 -1.798443e+01  1.372858e+02
     vertex -1.716722e+01 -1.798443e+01  1.398858e+02
   endloop
 endfacet
 facet normal -9.949600e-01  1.002724e-01  0.000000e+00
   outer loop
     vertex -1.705705e+01 -1.740439e+01  1.398858e+02
     vertex -1.705705e+01 -1.740439e+01  1.372858e+02
     vertex -1.708676e+01 -1.769923e+01  1.372858e+02
   endloop
 endfacet
 facet normal -9.949600e-01  1.002724e-01  0.000000e+00
   outer loop
     vertex -1.705705e+01 -1.740439e+01  1.398858e+02
     vertex -1.708676e+01 -1.769923e+01  1.372858e+02
     vertex -1.708676e+01 -1.769923e+01  1.398858e+02
   endloop
 endfacet
 facet normal -9.972565e-01 -7.402397e-02 -0.000000e+00
   outer loop
     vertex -1.707898e+01 -1.710888e+01  1.398858e+02
     vertex -1.707898e+01 -1.710888e+01  1.372858e+02
     vertex -1.705705e+01 -1.740439e+01  1.372858e+02
   endloop
 endfacet
 facet normal -9.972565e-01 -7.402397e-02  0.000000e+00
   outer loop
     vertex -1.707898e+01 -1.710888e+01  1.398858e+02
     vertex -1.705705e+01 -1.740439e+01  1.372858e+02
     vertex -1.705705e+01 -1.740439e+01  1.398858e+02
   endloop
 endfacet
 facet normal -9.692518e-01 -2.460711e-01 -0.000000e+00
   outer loop
     vertex -1.715190e+01 -1.682166e+01  1.398858e+02
     vertex -1.715190e+01 -1.682166e+01  1.372858e+02
     vertex -1.707898e+01 -1.710888e+01  1.372858e+02
   endloop
 endfacet
 facet normal -9.692518e-01 -2.460711e-01  0.000000e+00
   outer loop
     vertex -1.715190e+01 -1.682166e+01  1.398858e+02
     vertex -1.707898e+01 -1.710888e+01  1.372858e+02
     vertex -1.707898e+01 -1.710888e+01  1.398858e+02
   endloop
 endfacet
 facet normal -9.117969e-01 -4.106416e-01 -0.000000e+00
   outer loop
     vertex -1.727359e+01 -1.655147e+01  1.398858e+02
     vertex -1.727359e+01 -1.655147e+01  1.372858e+02
     vertex -1.715190e+01 -1.682166e+01  1.372858e+02
   endloop
 endfacet
 facet normal -9.117969e-01 -4.106416e-01  0.000000e+00
   outer loop
     vertex -1.727359e+01 -1.655147e+01  1.398858e+02
     vertex -1.715190e+01 -1.682166e+01  1.372858e+02
     vertex -1.715190e+01 -1.682166e+01  1.398858e+02
   endloop
 endfacet
 facet normal -8.266374e-01 -5.627349e-01 -0.000000e+00
   outer loop
     vertex -1.744034e+01 -1.630651e+01  1.398858e+02
     vertex -1.744034e+01 -1.630651e+01  1.372858e+02
     vertex -1.727359e+01 -1.655147e+01  1.372858e+02
   endloop
 endfacet
 facet normal -7.163611e-01 -6.977297e-01 -0.000000e+00
   outer loop
     vertex -1.744034e+01 -1.630651e+01  1.398858e+02
     vertex -1.764710e+01 -1.609423e+01  1.372858e+02
     vertex -1.744034e+01 -1.630651e+01  1.372858e+02
   endloop
 endfacet
 facet normal -8.266374e-01 -5.627349e-01  0.000000e+00
   outer loop
     vertex -1.744034e+01 -1.630651e+01  1.398858e+02
     vertex -1.727359e+01 -1.655147e+01  1.372858e+02
     vertex -1.727359e+01 -1.655147e+01  1.398858e+02
   endloop
 endfacet
 facet normal -7.163611e-01 -6.977297e-01 -0.000000e+00
   outer loop
     vertex -1.764710e+01 -1.609423e+01  1.398858e+02
     vertex -1.764710e+01 -1.609423e+01  1.372858e+02
     vertex -1.744034e+01 -1.630651e+01  1.398858e+02
   endloop
 endfacet
 facet normal -5.843184e-01 -8.115245e-01 -0.000000e+00
   outer loop
     vertex -1.788758e+01 -1.592108e+01  1.398858e+02
     vertex -1.788758e+01 -1.592108e+01  1.372858e+02
     vertex -1.764710e+01 -1.609423e+01  1.372858e+02
   endloop
 endfacet
 facet normal -4.345216e-01 -9.006614e-01 -0.000000e+00
   outer loop
     vertex -1.788758e+01 -1.592108e+01  1.398858e+02
     vertex -1.815447e+01 -1.579232e+01  1.372858e+02
     vertex -1.788758e+01 -1.592108e+01  1.372858e+02
   endloop
 endfacet
 facet normal -5.843184e-01 -8.115245e-01  0.000000e+00
   outer loop
     vertex -1.788758e+01 -1.592108e+01  1.398858e+02
     vertex -1.764710e+01 -1.609423e+01  1.372858e+02
     vertex -1.764710e+01 -1.609423e+01  1.398858e+02
   endloop
 endfacet
 facet normal -2.715220e-01 -9.624322e-01 -0.000000e+00
   outer loop
     vertex -1.815447e+01 -1.579232e+01  1.398858e+02
     vertex -1.843967e+01 -1.571186e+01  1.372858e+02
     vertex -1.815447e+01 -1.579232e+01  1.372858e+02
   endloop
 endfacet
 facet normal -4.345216e-01 -9.006614e-01 -0.000000e+00
   outer loop
     vertex -1.815447e+01 -1.579232e+01  1.398858e+02
     vertex -1.815447e+01 -1.579232e+01  1.372858e+02
     vertex -1.788758e+01 -1.592108e+01  1.398858e+02
   endloop
 endfacet
 facet normal -2.715220e-01 -9.624322e-01 -0.000000e+00
   outer loop
     vertex -1.843967e+01 -1.571186e+01  1.398858e+02
     vertex -1.843967e+01 -1.571186e+01  1.372858e+02
     vertex -1.815447e+01 -1.579232e+01  1.398858e+02
   endloop
 endfacet
 facet normal -1.002724e-01 -9.949600e-01 -0.000000e+00
   outer loop
     vertex -1.873450e+01 -1.568214e+01  1.398858e+02
     vertex -1.873450e+01 -1.568214e+01  1.372858e+02
     vertex -1.843967e+01 -1.571186e+01  1.372858e+02
   endloop
 endfacet
 facet normal  7.402397e-02 -9.972565e-01  0.000000e+00
   outer loop
     vertex -1.873450e+01 -1.568214e+01  1.398858e+02
     vertex -1.903002e+01 -1.570408e+01  1.372858e+02
     vertex -1.873450e+01 -1.568214e+01  1.372858e+02
   endloop
 endfacet
 facet normal -1.002724e-01 -9.949600e-01  0.000000e+00
   outer loop
     vertex -1.873450e+01 -1.568214e+01  1.398858e+02
     vertex -1.843967e+01 -1.571186e+01  1.372858e+02
     vertex -1.843967e+01 -1.571186e+01  1.398858e+02
   endloop
 endfacet
 facet normal  2.460711e-01 -9.692518e-01  0.000000e+00
   outer loop
     vertex -1.903002e+01 -1.570408e+01  1.398858e+02
     vertex -1.931724e+01 -1.577700e+01  1.372858e+02
     vertex -1.903002e+01 -1.570408e+01  1.372858e+02
   endloop
 endfacet
 facet normal  7.402397e-02 -9.972565e-01  0.000000e+00
   outer loop
     vertex -1.903002e+01 -1.570408e+01  1.398858e+02
     vertex -1.903002e+01 -1.570408e+01  1.372858e+02
     vertex -1.873450e+01 -1.568214e+01  1.398858e+02
   endloop
 endfacet
 facet normal  2.460711e-01 -9.692518e-01  0.000000e+00
   outer loop
     vertex -1.931724e+01 -1.577700e+01  1.398858e+02
     vertex -1.931724e+01 -1.577700e+01  1.372858e+02
     vertex -1.903002e+01 -1.570408e+01  1.398858e+02
   endloop
 endfacet
 facet normal  4.106416e-01 -9.117969e-01  0.000000e+00
   outer loop
     vertex -1.958743e+01 -1.589868e+01  1.398858e+02
     vertex -1.931724e+01 -1.577700e+01  1.372858e+02
     vertex -1.931724e+01 -1.577700e+01  1.398858e+02
   endloop
 endfacet
 facet normal  4.106416e-01 -9.117969e-01  0.000000e+00
   outer loop
     vertex -1.958743e+01 -1.589868e+01  1.398858e+02
     vertex -1.958743e+01 -1.589868e+01  1.372858e+02
     vertex -1.931724e+01 -1.577700e+01  1.372858e+02
   endloop
 endfacet
 facet normal  5.627349e-01 -8.266374e-01  0.000000e+00
   outer loop
     vertex -1.958743e+01 -1.589868e+01  1.398858e+02
     vertex -1.983239e+01 -1.606544e+01  1.372858e+02
     vertex -1.958743e+01 -1.589868e+01  1.372858e+02
   endloop
 endfacet
 facet normal  5.627349e-01 -8.266374e-01  0.000000e+00
   outer loop
     vertex -1.983239e+01 -1.606544e+01  1.398858e+02
     vertex -1.983239e+01 -1.606544e+01  1.372858e+02
     vertex -1.958743e+01 -1.589868e+01  1.398858e+02
   endloop
 endfacet
 facet normal  6.977297e-01 -7.163611e-01  0.000000e+00
   outer loop
     vertex -2.004467e+01 -1.627220e+01  1.398858e+02
     vertex -1.983239e+01 -1.606544e+01  1.372858e+02
     vertex -1.983239e+01 -1.606544e+01  1.398858e+02
   endloop
 endfacet
 facet normal  6.977297e-01 -7.163611e-01  0.000000e+00
   outer loop
     vertex -2.004467e+01 -1.627220e+01  1.398858e+02
     vertex -2.004467e+01 -1.627220e+01  1.372858e+02
     vertex -1.983239e+01 -1.606544e+01  1.372858e+02
   endloop
 endfacet
 facet normal -5.749273e-01  4.139624e-01  7.057576e-01
   outer loop
     vertex  1.468920e+00  1.523882e+00  1.432858e+02
     vertex  1.141876e+00  1.112292e+00  1.432608e+02
     vertex  1.160813e+00  1.095972e+00  1.432858e+02
   endloop
 endfacet
 facet normal -5.749273e-01  4.139624e-01  7.057576e-01
   outer loop
     vertex  1.468920e+00  1.523882e+00  1.432858e+02
     vertex  1.447436e+00  1.536666e+00  1.432608e+02
     vertex  1.141876e+00  1.112292e+00  1.432608e+02
   endloop
 endfacet
 facet normal -6.380767e-01  3.078383e-01  7.057576e-01
   outer loop
     vertex  1.698040e+00  1.998794e+00  1.432858e+02
     vertex  1.674662e+00  2.007653e+00  1.432608e+02
     vertex  1.447436e+00  1.536666e+00  1.432608e+02
   endloop
 endfacet
 facet normal -6.380767e-01  3.078383e-01  7.057576e-01
   outer loop
     vertex  1.698040e+00  1.998794e+00  1.432858e+02
     vertex  1.447436e+00  1.536666e+00  1.432608e+02
     vertex  1.468920e+00  1.523882e+00  1.432858e+02
   endloop
 endfacet
 facet normal -6.818384e-01  1.923607e-01  7.057576e-01
   outer loop
     vertex  1.841211e+00  2.506277e+00  1.432858e+02
     vertex  1.816651e+00  2.510942e+00  1.432608e+02
     vertex  1.674662e+00  2.007653e+00  1.432608e+02
   endloop
 endfacet
 facet normal -6.818384e-01  1.923607e-01  7.057576e-01
   outer loop
     vertex  1.841211e+00  2.506277e+00  1.432858e+02
     vertex  1.674662e+00  2.007653e+00  1.432608e+02
     vertex  1.698040e+00  1.998794e+00  1.432858e+02
   endloop
 endfacet
 facet normal -7.048828e-01  7.103832e-02  7.057576e-01
   outer loop
     vertex  1.894084e+00  3.030912e+00  1.432858e+02
     vertex  1.869086e+00  3.031241e+00  1.432608e+02
     vertex  1.816651e+00  2.510942e+00  1.432608e+02
   endloop
 endfacet
 facet normal -7.048828e-01  7.103832e-02  7.057576e-01
   outer loop
     vertex  1.894084e+00  3.030912e+00  1.432858e+02
     vertex  1.816651e+00  2.510942e+00  1.432608e+02
     vertex  1.841211e+00  2.506277e+00  1.432858e+02
   endloop
 endfacet
 facet normal -7.065098e-01 -5.244254e-02  7.057576e-01
   outer loop
     vertex  1.855052e+00  3.556757e+00  1.432858e+02
     vertex  1.830377e+00  3.552741e+00  1.432608e+02
     vertex  1.869086e+00  3.031241e+00  1.432608e+02
   endloop
 endfacet
 facet normal -7.065098e-01 -5.244254e-02  7.057576e-01
   outer loop
     vertex  1.855052e+00  3.556757e+00  1.432858e+02
     vertex  1.869086e+00  3.031241e+00  1.432608e+02
     vertex  1.894084e+00  3.030912e+00  1.432858e+02
   endloop
 endfacet
 facet normal -6.866697e-01 -1.743299e-01  7.057576e-01
   outer loop
     vertex  1.725301e+00  4.067836e+00  1.432858e+02
     vertex  1.701698e+00  4.059596e+00  1.432608e+02
     vertex  1.830377e+00  3.552741e+00  1.432608e+02
   endloop
 endfacet
 facet normal -6.866697e-01 -1.743299e-01  7.057576e-01
   outer loop
     vertex  1.725301e+00  4.067836e+00  1.432858e+02
     vertex  1.830377e+00  3.552741e+00  1.432608e+02
     vertex  1.855052e+00  3.556757e+00  1.432858e+02
   endloop
 endfacet
 facet normal -6.459656e-01 -2.909204e-01  7.057576e-01
   outer loop
     vertex  1.508772e+00  4.548620e+00  1.432858e+02
     vertex  1.486959e+00  4.536406e+00  1.432608e+02
     vertex  1.701698e+00  4.059596e+00  1.432608e+02
   endloop
 endfacet
 facet normal -6.459656e-01 -2.909204e-01  7.057576e-01
   outer loop
     vertex  1.508772e+00  4.548620e+00  1.432858e+02
     vertex  1.701698e+00  4.059596e+00  1.432608e+02
     vertex  1.725301e+00  4.067836e+00  1.432858e+02
   endloop
 endfacet
 facet normal -5.856341e-01 -3.986715e-01  7.057576e-01
   outer loop
     vertex  1.212047e+00  4.984499e+00  1.432858e+02
     vertex  1.192686e+00  4.968683e+00  1.432608e+02
     vertex  1.486959e+00  4.536406e+00  1.432608e+02
   endloop
 endfacet
 facet normal -5.856341e-01 -3.986715e-01  7.057576e-01
   outer loop
     vertex  1.212047e+00  4.984499e+00  1.432858e+02
     vertex  1.486959e+00  4.536406e+00  1.432608e+02
     vertex  1.508772e+00  4.548620e+00  1.432858e+02
   endloop
 endfacet
 facet normal -5.075085e-01 -4.943090e-01  7.057576e-01
   outer loop
     vertex  8.441392e-01  5.362231e+00  1.432858e+02
     vertex  8.278186e-01  5.343293e+00  1.432608e+02
     vertex  1.192686e+00  4.968683e+00  1.432608e+02
   endloop
 endfacet
 facet normal -5.075085e-01 -4.943090e-01  7.057576e-01
   outer loop
     vertex  8.441392e-01  5.362231e+00  1.432858e+02
     vertex  1.192686e+00  4.968683e+00  1.432608e+02
     vertex  1.212047e+00  4.984499e+00  1.432858e+02
   endloop
 endfacet
 facet normal -4.139624e-01 -5.749273e-01  7.057576e-01
   outer loop
     vertex  4.162287e-01  5.670338e+00  1.432858e+02
     vertex  4.034445e-01  5.648853e+00  1.432608e+02
     vertex  8.278186e-01  5.343293e+00  1.432608e+02
   endloop
 endfacet
 facet normal -4.139624e-01 -5.749273e-01  7.057576e-01
   outer loop
     vertex  4.162287e-01  5.670338e+00  1.432858e+02
     vertex  8.278186e-01  5.343293e+00  1.432608e+02
     vertex  8.441392e-01  5.362231e+00  1.432858e+02
   endloop
 endfacet
 facet normal -3.078383e-01 -6.380767e-01  7.057576e-01
   outer loop
     vertex -5.868309e-02  5.899457e+00  1.432858e+02
     vertex -6.754235e-02  5.876080e+00  1.432608e+02
     vertex  4.034445e-01  5.648853e+00  1.432608e+02
   endloop
 endfacet
 facet normal -3.078383e-01 -6.380767e-01  7.057576e-01
   outer loop
     vertex -5.868309e-02  5.899457e+00  1.432858e+02
     vertex  4.034445e-01  5.648853e+00  1.432608e+02
     vertex  4.162287e-01  5.670338e+00  1.432858e+02
   endloop
 endfacet
 facet normal -1.923607e-01 -6.818384e-01  7.057576e-01
   outer loop
     vertex -5.661661e-01  6.042629e+00  1.432858e+02
     vertex -5.708313e-01  6.018068e+00  1.432608e+02
     vertex -6.754235e-02  5.876080e+00  1.432608e+02
   endloop
 endfacet
 facet normal -1.923607e-01 -6.818384e-01  7.057576e-01
   outer loop
     vertex -5.661661e-01  6.042629e+00  1.432858e+02
     vertex -6.754235e-02  5.876080e+00  1.432608e+02
     vertex -5.868309e-02  5.899457e+00  1.432858e+02
   endloop
 endfacet
 facet normal -7.103832e-02 -7.048828e-01  7.057576e-01
   outer loop
     vertex -1.090801e+00  6.095502e+00  1.432858e+02
     vertex -1.091130e+00  6.070504e+00  1.432608e+02
     vertex -5.708313e-01  6.018068e+00  1.432608e+02
   endloop
 endfacet
 facet normal -7.103832e-02 -7.048828e-01  7.057576e-01
   outer loop
     vertex -1.090801e+00  6.095502e+00  1.432858e+02
     vertex -5.708313e-01  6.018068e+00  1.432608e+02
     vertex -5.661661e-01  6.042629e+00  1.432858e+02
   endloop
 endfacet
 facet normal  5.244254e-02 -7.065098e-01  7.057576e-01
   outer loop
     vertex -1.616646e+00  6.056469e+00  1.432858e+02
     vertex -1.612630e+00  6.031794e+00  1.432608e+02
     vertex -1.091130e+00  6.070504e+00  1.432608e+02
   endloop
 endfacet
 facet normal  5.244254e-02 -7.065098e-01  7.057576e-01
   outer loop
     vertex -1.616646e+00  6.056469e+00  1.432858e+02
     vertex -1.091130e+00  6.070504e+00  1.432608e+02
     vertex -1.090801e+00  6.095502e+00  1.432858e+02
   endloop
 endfacet
 facet normal  1.743299e-01 -6.866697e-01  7.057576e-01
   outer loop
     vertex -2.127725e+00  5.926718e+00  1.432858e+02
     vertex -2.119485e+00  5.903115e+00  1.432608e+02
     vertex -1.612630e+00  6.031794e+00  1.432608e+02
   endloop
 endfacet
 facet normal  1.743299e-01 -6.866697e-01  7.057576e-01
   outer loop
     vertex -2.127725e+00  5.926718e+00  1.432858e+02
     vertex -1.612630e+00  6.031794e+00  1.432608e+02
     vertex -1.616646e+00  6.056469e+00  1.432858e+02
   endloop
 endfacet
 facet normal  2.909204e-01 -6.459656e-01  7.057576e-01
   outer loop
     vertex -2.596295e+00  5.688376e+00  1.432608e+02
     vertex -2.119485e+00  5.903115e+00  1.432608e+02
     vertex -2.127725e+00  5.926718e+00  1.432858e+02
   endloop
 endfacet
 facet normal  2.909204e-01 -6.459656e-01  7.057576e-01
   outer loop
     vertex -2.608509e+00  5.710190e+00  1.432858e+02
     vertex -2.596295e+00  5.688376e+00  1.432608e+02
     vertex -2.127725e+00  5.926718e+00  1.432858e+02
   endloop
 endfacet
 facet normal  3.986715e-01 -5.856341e-01  7.057576e-01
   outer loop
     vertex -3.028572e+00  5.394103e+00  1.432608e+02
     vertex -2.596295e+00  5.688376e+00  1.432608e+02
     vertex -2.608509e+00  5.710190e+00  1.432858e+02
   endloop
 endfacet
 facet normal  3.986715e-01 -5.856341e-01  7.057576e-01
   outer loop
     vertex -3.044388e+00  5.413464e+00  1.432858e+02
     vertex -3.028572e+00  5.394103e+00  1.432608e+02
     vertex -2.608509e+00  5.710190e+00  1.432858e+02
   endloop
 endfacet
 facet normal  4.943090e-01 -5.075085e-01  7.057576e-01
   outer loop
     vertex -3.422120e+00  5.045557e+00  1.432858e+02
     vertex -3.028572e+00  5.394103e+00  1.432608e+02
     vertex -3.044388e+00  5.413464e+00  1.432858e+02
   endloop
 endfacet
 facet normal  4.943090e-01 -5.075085e-01  7.057576e-01
   outer loop
     vertex -3.422120e+00  5.045557e+00  1.432858e+02
     vertex -3.403182e+00  5.029236e+00  1.432608e+02
     vertex -3.028572e+00  5.394103e+00  1.432608e+02
   endloop
 endfacet
 facet normal -8.115245e-01  5.843184e-01  0.000000e+00
   outer loop
     vertex  1.447436e+00  1.536666e+00  1.432608e+02
     vertex  1.141876e+00  1.112292e+00  1.398858e+02
     vertex  1.141876e+00  1.112292e+00  1.432608e+02
   endloop
 endfacet
 facet normal -8.115245e-01  5.843184e-01  0.000000e+00
   outer loop
     vertex  1.447436e+00  1.536666e+00  1.432608e+02
     vertex  1.447436e+00  1.536666e+00  1.398858e+02
     vertex  1.141876e+00  1.112292e+00  1.398858e+02
   endloop
 endfacet
 facet normal -9.006614e-01  4.345216e-01  0.000000e+00
   outer loop
     vertex  1.674662e+00  2.007653e+00  1.432608e+02
     vertex  1.674662e+00  2.007653e+00  1.398858e+02
     vertex  1.447436e+00  1.536666e+00  1.398858e+02
   endloop
 endfacet
 facet normal -9.006614e-01  4.345216e-01  0.000000e+00
   outer loop
     vertex  1.674662e+00  2.007653e+00  1.432608e+02
     vertex  1.447436e+00  1.536666e+00  1.398858e+02
     vertex  1.447436e+00  1.536666e+00  1.432608e+02
   endloop
 endfacet
 facet normal -9.624322e-01  2.715220e-01  0.000000e+00
   outer loop
     vertex  1.816651e+00  2.510942e+00  1.432608e+02
     vertex  1.816651e+00  2.510942e+00  1.398858e+02
     vertex  1.674662e+00  2.007653e+00  1.398858e+02
   endloop
 endfacet
 facet normal -9.624322e-01  2.715220e-01  0.000000e+00
   outer loop
     vertex  1.816651e+00  2.510942e+00  1.432608e+02
     vertex  1.674662e+00  2.007653e+00  1.398858e+02
     vertex  1.674662e+00  2.007653e+00  1.432608e+02
   endloop
 endfacet
 facet normal -9.949600e-01  1.002724e-01  0.000000e+00
   outer loop
     vertex  1.869086e+00  3.031241e+00  1.432608e+02
     vertex  1.869086e+00  3.031241e+00  1.398858e+02
     vertex  1.816651e+00  2.510942e+00  1.398858e+02
   endloop
 endfacet
 facet normal -9.949600e-01  1.002724e-01  0.000000e+00
   outer loop
     vertex  1.869086e+00  3.031241e+00  1.432608e+02
     vertex  1.816651e+00  2.510942e+00  1.398858e+02
     vertex  1.816651e+00  2.510942e+00  1.432608e+02
   endloop
 endfacet
 facet normal -9.972565e-01 -7.402397e-02 -0.000000e+00
   outer loop
     vertex  1.830377e+00  3.552741e+00  1.432608e+02
     vertex  1.830377e+00  3.552741e+00  1.398858e+02
     vertex  1.869086e+00  3.031241e+00  1.398858e+02
   endloop
 endfacet
 facet normal -9.692518e-01 -2.460711e-01 -0.000000e+00
   outer loop
     vertex  1.830377e+00  3.552741e+00  1.432608e+02
     vertex  1.701698e+00  4.059596e+00  1.398858e+02
     vertex  1.830377e+00  3.552741e+00  1.398858e+02
   endloop
 endfacet
 facet normal -9.972565e-01 -7.402397e-02  0.000000e+00
   outer loop
     vertex  1.830377e+00  3.552741e+00  1.432608e+02
     vertex  1.869086e+00  3.031241e+00  1.398858e+02
     vertex  1.869086e+00  3.031241e+00  1.432608e+02
   endloop
 endfacet
 facet normal -9.117969e-01 -4.106416e-01 -0.000000e+00
   outer loop
     vertex  1.701698e+00  4.059596e+00  1.432608e+02
     vertex  1.486959e+00  4.536406e+00  1.398858e+02
     vertex  1.701698e+00  4.059596e+00  1.398858e+02
   endloop
 endfacet
 facet normal -9.692518e-01 -2.460711e-01 -0.000000e+00
   outer loop
     vertex  1.701698e+00  4.059596e+00  1.432608e+02
     vertex  1.701698e+00  4.059596e+00  1.398858e+02
     vertex  1.830377e+00  3.552741e+00  1.432608e+02
   endloop
 endfacet
 facet normal -8.266374e-01 -5.627349e-01 -0.000000e+00
   outer loop
     vertex  1.486959e+00  4.536406e+00  1.432608e+02
     vertex  1.192686e+00  4.968683e+00  1.398858e+02
     vertex  1.486959e+00  4.536406e+00  1.398858e+02
   endloop
 endfacet
 facet normal -9.117969e-01 -4.106416e-01 -0.000000e+00
   outer loop
     vertex  1.486959e+00  4.536406e+00  1.432608e+02
     vertex  1.486959e+00  4.536406e+00  1.398858e+02
     vertex  1.701698e+00  4.059596e+00  1.432608e+02
   endloop
 endfacet
 facet normal -8.266374e-01 -5.627349e-01 -0.000000e+00
   outer loop
     vertex  1.192686e+00  4.968683e+00  1.432608e+02
     vertex  1.192686e+00  4.968683e+00  1.398858e+02
     vertex  1.486959e+00  4.536406e+00  1.432608e+02
   endloop
 endfacet
 facet normal -7.163611e-01 -6.977297e-01 -0.000000e+00
   outer loop
     vertex  8.278186e-01  5.343293e+00  1.432608e+02
     vertex  8.278186e-01  5.343293e+00  1.398858e+02
     vertex  1.192686e+00  4.968683e+00  1.398858e+02
   endloop
 endfacet
 facet normal -7.163611e-01 -6.977297e-01  0.000000e+00
   outer loop
     vertex  8.278186e-01  5.343293e+00  1.432608e+02
     vertex  1.192686e+00  4.968683e+00  1.398858e+02
     vertex  1.192686e+00  4.968683e+00  1.432608e+02
   endloop
 endfacet
 facet normal -5.843184e-01 -8.115245e-01 -0.000000e+00
   outer loop
     vertex  4.034445e-01  5.648853e+00  1.432608e+02
     vertex  4.034445e-01  5.648853e+00  1.398858e+02
     vertex  8.278186e-01  5.343293e+00  1.398858e+02
   endloop
 endfacet
 facet normal -5.843184e-01 -8.115245e-01  0.000000e+00
   outer loop
     vertex  4.034445e-01  5.648853e+00  1.432608e+02
     vertex  8.278186e-01  5.343293e+00  1.398858e+02
     vertex  8.278186e-01  5.343293e+00  1.432608e+02
   endloop
 endfacet
 facet normal -4.345216e-01 -9.006614e-01 -0.000000e+00
   outer loop
     vertex -6.754235e-02  5.876080e+00  1.432608e+02
     vertex -6.754235e-02  5.876080e+00  1.398858e+02
     vertex  4.034445e-01  5.648853e+00  1.398858e+02
   endloop
 endfacet
 facet normal -4.345216e-01 -9.006614e-01  0.000000e+00
   outer loop
     vertex -6.754235e-02  5.876080e+00  1.432608e+02
     vertex  4.034445e-01  5.648853e+00  1.398858e+02
     vertex  4.034445e-01  5.648853e+00  1.432608e+02
   endloop
 endfacet
 facet normal -2.715220e-01 -9.624322e-01 -0.000000e+00
   outer loop
     vertex -5.708313e-01  6.018068e+00  1.432608e+02
     vertex -5.708313e-01  6.018068e+00  1.398858e+02
     vertex -6.754235e-02  5.876080e+00  1.398858e+02
   endloop
 endfacet
 facet normal -2.715220e-01 -9.624322e-01  0.000000e+00
   outer loop
     vertex -5.708313e-01  6.018068e+00  1.432608e+02
     vertex -6.754235e-02  5.876080e+00  1.398858e+02
     vertex -6.754235e-02  5.876080e+00  1.432608e+02
   endloop
 endfacet
 facet normal -1.002724e-01 -9.949600e-01 -0.000000e+00
   outer loop
     vertex -1.091130e+00  6.070504e+00  1.432608e+02
     vertex -1.091130e+00  6.070504e+00  1.398858e+02
     vertex -5.708313e-01  6.018068e+00  1.398858e+02
   endloop
 endfacet
 facet normal  7.402397e-02 -9.972565e-01  0.000000e+00
   outer loop
     vertex -1.091130e+00  6.070504e+00  1.432608e+02
     vertex -1.612630e+00  6.031794e+00  1.398858e+02
     vertex -1.091130e+00  6.070504e+00  1.398858e+02
   endloop
 endfacet
 facet normal -1.002724e-01 -9.949600e-01  0.000000e+00
   outer loop
     vertex -1.091130e+00  6.070504e+00  1.432608e+02
     vertex -5.708313e-01  6.018068e+00  1.398858e+02
     vertex -5.708313e-01  6.018068e+00  1.432608e+02
   endloop
 endfacet
 facet normal  7.402397e-02 -9.972565e-01  0.000000e+00
   outer loop
     vertex -1.612630e+00  6.031794e+00  1.432608e+02
     vertex -1.612630e+00  6.031794e+00  1.398858e+02
     vertex -1.091130e+00  6.070504e+00  1.432608e+02
   endloop
 endfacet
 facet normal  2.460711e-01 -9.692518e-01  0.000000e+00
   outer loop
     vertex -2.119485e+00  5.903115e+00  1.432608e+02
     vertex -1.612630e+00  6.031794e+00  1.398858e+02
     vertex -1.612630e+00  6.031794e+00  1.432608e+02
   endloop
 endfacet
 facet normal  2.460711e-01 -9.692518e-01  0.000000e+00
   outer loop
     vertex -2.119485e+00  5.903115e+00  1.432608e+02
     vertex -2.119485e+00  5.903115e+00  1.398858e+02
     vertex -1.612630e+00  6.031794e+00  1.398858e+02
   endloop
 endfacet
 facet normal  4.106416e-01 -9.117969e-01  0.000000e+00
   outer loop
     vertex -2.119485e+00  5.903115e+00  1.432608e+02
     vertex -2.596295e+00  5.688376e+00  1.398858e+02
     vertex -2.119485e+00  5.903115e+00  1.398858e+02
   endloop
 endfacet
 facet normal  4.106416e-01 -9.117969e-01  0.000000e+00
   outer loop
     vertex -2.596295e+00  5.688376e+00  1.432608e+02
     vertex -2.596295e+00  5.688376e+00  1.398858e+02
     vertex -2.119485e+00  5.903115e+00  1.432608e+02
   endloop
 endfacet
 facet normal  5.627349e-01 -8.266374e-01  0.000000e+00
   outer loop
     vertex -3.028572e+00  5.394103e+00  1.432608e+02
     vertex -2.596295e+00  5.688376e+00  1.398858e+02
     vertex -2.596295e+00  5.688376e+00  1.432608e+02
   endloop
 endfacet
 facet normal  5.627349e-01 -8.266374e-01  0.000000e+00
   outer loop
     vertex -3.028572e+00  5.394103e+00  1.432608e+02
     vertex -3.028572e+00  5.394103e+00  1.398858e+02
     vertex -2.596295e+00  5.688376e+00  1.398858e+02
   endloop
 endfacet
 facet normal  6.977297e-01 -7.163611e-01  0.000000e+00
   outer loop
     vertex -3.028572e+00  5.394103e+00  1.432608e+02
     vertex -3.403182e+00  5.029236e+00  1.398858e+02
     vertex -3.028572e+00  5.394103e+00  1.398858e+02
   endloop
 endfacet
 facet normal  6.977297e-01 -7.163611e-01  0.000000e+00
   outer loop
     vertex -3.403182e+00  5.029236e+00  1.432608e+02
     vertex -3.403182e+00  5.029236e+00  1.398858e+02
     vertex -3.028572e+00  5.394103e+00  1.432608e+02
   endloop
 endfacet
 facet normal -8.115245e-01  5.843184e-01  4.052794e-16
   outer loop
     vertex  3.302640e-01  2.201442e+00  1.398858e+02
     vertex  1.571132e-01  1.960964e+00  1.372858e+02
     vertex  1.571132e-01  1.960964e+00  1.398858e+02
   endloop
 endfacet
 facet normal -8.115245e-01  5.843184e-01  3.770262e-16
   outer loop
     vertex  3.302640e-01  2.201442e+00  1.398858e+02
     vertex  3.302640e-01  2.201442e+00  1.372858e+02
     vertex  1.571132e-01  1.960964e+00  1.372858e+02
   endloop
 endfacet
 facet normal -9.006614e-01  4.345216e-01  3.845904e-16
   outer loop
     vertex  4.590256e-01  2.468335e+00  1.398858e+02
     vertex  4.590256e-01  2.468335e+00  1.372858e+02
     vertex  3.302640e-01  2.201442e+00  1.372858e+02
   endloop
 endfacet
 facet normal -9.006614e-01  4.345216e-01  3.782607e-16
   outer loop
     vertex  4.590256e-01  2.468335e+00  1.398858e+02
     vertex  3.302640e-01  2.201442e+00  1.372858e+02
     vertex  3.302640e-01  2.201442e+00  1.398858e+02
   endloop
 endfacet
 facet normal -9.624322e-01  2.715220e-01  4.109671e-16
   outer loop
     vertex  5.394856e-01  2.753532e+00  1.398858e+02
     vertex  5.394856e-01  2.753532e+00  1.372858e+02
     vertex  4.590256e-01  2.468335e+00  1.372858e+02
   endloop
 endfacet
 facet normal -9.624322e-01  2.715220e-01  4.097825e-16
   outer loop
     vertex  5.394856e-01  2.753532e+00  1.398858e+02
     vertex  4.590256e-01  2.468335e+00  1.372858e+02
     vertex  4.590256e-01  2.468335e+00  1.398858e+02
   endloop
 endfacet
 facet normal -9.949600e-01  1.002724e-01  4.248567e-16
   outer loop
     vertex  5.691992e-01  3.048368e+00  1.398858e+02
     vertex  5.691992e-01  3.048368e+00  1.372858e+02
     vertex  5.394856e-01  2.753532e+00  1.372858e+02
   endloop
 endfacet
 facet normal -9.949600e-01  1.002724e-01  4.232918e-16
   outer loop
     vertex  5.691992e-01  3.048368e+00  1.398858e+02
     vertex  5.394856e-01  2.753532e+00  1.372858e+02
     vertex  5.394856e-01  2.753532e+00  1.398858e+02
   endloop
 endfacet
 facet normal -9.972565e-01 -7.402397e-02  3.406699e-16
   outer loop
     vertex  5.472637e-01  3.343884e+00  1.398858e+02
     vertex  5.472637e-01  3.343884e+00  1.372858e+02
     vertex  5.691992e-01  3.048368e+00  1.372858e+02
   endloop
 endfacet
 facet normal -9.972565e-01 -7.402397e-02  4.255433e-16
   outer loop
     vertex  5.472637e-01  3.343884e+00  1.398858e+02
     vertex  5.691992e-01  3.048368e+00  1.372858e+02
     vertex  5.691992e-01  3.048368e+00  1.398858e+02
   endloop
 endfacet
 facet normal -9.692518e-01 -2.460711e-01  5.807146e-16
   outer loop
     vertex  4.743456e-01  3.631102e+00  1.398858e+02
     vertex  4.743456e-01  3.631102e+00  1.372858e+02
     vertex  5.472637e-01  3.343884e+00  1.372858e+02
   endloop
 endfacet
 facet normal -9.692518e-01 -2.460711e-01  3.287266e-16
   outer loop
     vertex  4.743456e-01  3.631102e+00  1.398858e+02
     vertex  5.472637e-01  3.343884e+00  1.372858e+02
     vertex  5.472637e-01  3.343884e+00  1.398858e+02
   endloop
 endfacet
 facet normal -9.117969e-01 -4.106416e-01  4.594844e-16
   outer loop
     vertex  3.526604e-01  3.901295e+00  1.398858e+02
     vertex  3.526604e-01  3.901295e+00  1.372858e+02
     vertex  4.743456e-01  3.631102e+00  1.372858e+02
   endloop
 endfacet
 facet normal -9.117969e-01 -4.106416e-01  6.124221e-16
   outer loop
     vertex  3.526604e-01  3.901295e+00  1.398858e+02
     vertex  4.743456e-01  3.631102e+00  1.372858e+02
     vertex  4.743456e-01  3.631102e+00  1.398858e+02
   endloop
 endfacet
 facet normal -8.266374e-01 -5.627349e-01  2.117889e-16
   outer loop
     vertex  1.859054e-01  4.146252e+00  1.398858e+02
     vertex  1.859054e-01  4.146252e+00  1.372858e+02
     vertex  3.526604e-01  3.901295e+00  1.372858e+02
   endloop
 endfacet
 facet normal -7.163611e-01 -6.977297e-01  1.835355e-16
   outer loop
     vertex  1.859054e-01  4.146252e+00  1.398858e+02
     vertex -2.085250e-02  4.358531e+00  1.372858e+02
     vertex  1.859054e-01  4.146252e+00  1.372858e+02
   endloop
 endfacet
 facet normal -8.266374e-01 -5.627349e-01  4.503104e-16
   outer loop
     vertex  1.859054e-01  4.146252e+00  1.398858e+02
     vertex  3.526604e-01  3.901295e+00  1.372858e+02
     vertex  3.526604e-01  3.901295e+00  1.398858e+02
   endloop
 endfacet
 facet normal -7.163611e-01 -6.977297e-01  4.830634e-16
   outer loop
     vertex -2.085250e-02  4.358531e+00  1.398858e+02
     vertex -2.085250e-02  4.358531e+00  1.372858e+02
     vertex  1.859054e-01  4.146252e+00  1.398858e+02
   endloop
 endfacet
 facet normal -5.843184e-01 -8.115245e-01  4.019771e-16
   outer loop
     vertex -2.613312e-01  4.531681e+00  1.398858e+02
     vertex -2.613312e-01  4.531681e+00  1.372858e+02
     vertex -2.085250e-02  4.358531e+00  1.372858e+02
   endloop
 endfacet
 facet normal -4.345216e-01 -9.006614e-01  4.004446e-16
   outer loop
     vertex -2.613312e-01  4.531681e+00  1.398858e+02
     vertex -5.282237e-01  4.660443e+00  1.372858e+02
     vertex -2.613312e-01  4.531681e+00  1.372858e+02
   endloop
 endfacet
 facet normal -5.843184e-01 -8.115245e-01  4.773290e-16
   outer loop
     vertex -2.613312e-01  4.531681e+00  1.398858e+02
     vertex -2.085250e-02  4.358531e+00  1.372858e+02
     vertex -2.085250e-02  4.358531e+00  1.398858e+02
   endloop
 endfacet
 facet normal -2.715220e-01 -9.624322e-01  3.519621e-16
   outer loop
     vertex -5.282237e-01  4.660443e+00  1.398858e+02
     vertex -8.134208e-01  4.740903e+00  1.372858e+02
     vertex -5.282237e-01  4.660443e+00  1.372858e+02
   endloop
 endfacet
 facet normal -4.345216e-01 -9.006614e-01  3.447812e-16
   outer loop
     vertex -5.282237e-01  4.660443e+00  1.398858e+02
     vertex -5.282237e-01  4.660443e+00  1.372858e+02
     vertex -2.613312e-01  4.531681e+00  1.398858e+02
   endloop
 endfacet
 facet normal -2.715220e-01 -9.624322e-01  6.691416e-16
   outer loop
     vertex -8.134208e-01  4.740903e+00  1.398858e+02
     vertex -8.134208e-01  4.740903e+00  1.372858e+02
     vertex -5.282237e-01  4.660443e+00  1.398858e+02
   endloop
 endfacet
 facet normal -1.002724e-01 -9.949600e-01  3.398854e-16
   outer loop
     vertex -1.108257e+00  4.770617e+00  1.398858e+02
     vertex -1.108257e+00  4.770617e+00  1.372858e+02
     vertex -8.134208e-01  4.740903e+00  1.372858e+02
   endloop
 endfacet
 facet normal  7.402397e-02 -9.972565e-01  3.406699e-16
   outer loop
     vertex -1.108257e+00  4.770617e+00  1.398858e+02
     vertex -1.403773e+00  4.748681e+00  1.372858e+02
     vertex -1.108257e+00  4.770617e+00  1.372858e+02
   endloop
 endfacet
 facet normal -1.002724e-01 -9.949600e-01  6.844718e-16
   outer loop
     vertex -1.108257e+00  4.770617e+00  1.398858e+02
     vertex -8.134208e-01  4.740903e+00  1.372858e+02
     vertex -8.134208e-01  4.740903e+00  1.398858e+02
   endloop
 endfacet
 facet normal  2.460711e-01 -9.692518e-01  3.521182e-16
   outer loop
     vertex -1.403773e+00  4.748681e+00  1.398858e+02
     vertex -1.690991e+00  4.675763e+00  1.372858e+02
     vertex -1.403773e+00  4.748681e+00  1.372858e+02
   endloop
 endfacet
 facet normal  7.402397e-02 -9.972565e-01  3.469917e-16
   outer loop
     vertex -1.403773e+00  4.748681e+00  1.398858e+02
     vertex -1.403773e+00  4.748681e+00  1.372858e+02
     vertex -1.108257e+00  4.770617e+00  1.398858e+02
   endloop
 endfacet
 facet normal  2.460711e-01 -9.692518e-01  3.941480e-16
   outer loop
     vertex -1.690991e+00  4.675763e+00  1.398858e+02
     vertex -1.690991e+00  4.675763e+00  1.372858e+02
     vertex -1.403773e+00  4.748681e+00  1.398858e+02
   endloop
 endfacet
 facet normal  4.106416e-01 -9.117969e-01  4.142856e-16
   outer loop
     vertex -1.961184e+00  4.554078e+00  1.398858e+02
     vertex -1.690991e+00  4.675763e+00  1.372858e+02
     vertex -1.690991e+00  4.675763e+00  1.398858e+02
   endloop
 endfacet
 facet normal  4.106416e-01 -9.117969e-01  6.930916e-16
   outer loop
     vertex -1.961184e+00  4.554078e+00  1.398858e+02
     vertex -1.961184e+00  4.554078e+00  1.372858e+02
     vertex -1.690991e+00  4.675763e+00  1.372858e+02
   endloop
 endfacet
 facet normal  5.627349e-01 -8.266374e-01  6.608875e-16
   outer loop
     vertex -1.961184e+00  4.554078e+00  1.398858e+02
     vertex -2.206141e+00  4.387323e+00  1.372858e+02
     vertex -1.961184e+00  4.554078e+00  1.372858e+02
   endloop
 endfacet
 facet normal  5.627349e-01 -8.266374e-01  1.922342e-16
   outer loop
     vertex -2.206141e+00  4.387323e+00  1.398858e+02
     vertex -2.206141e+00  4.387323e+00  1.372858e+02
     vertex -1.961184e+00  4.554078e+00  1.398858e+02
   endloop
 endfacet
 facet normal  6.977297e-01 -7.163611e-01  2.341614e-16
   outer loop
     vertex -2.418420e+00  4.180565e+00  1.398858e+02
     vertex -2.206141e+00  4.387323e+00  1.372858e+02
     vertex -2.206141e+00  4.387323e+00  1.398858e+02
   endloop
 endfacet
 facet normal  6.977297e-01 -7.163611e-01  4.830634e-16
   outer loop
     vertex -2.418420e+00  4.180565e+00  1.398858e+02
     vertex -2.418420e+00  4.180565e+00  1.372858e+02
     vertex -2.206141e+00  4.387323e+00  1.372858e+02
   endloop
 endfacet
 facet normal -8.115245e-01  5.843184e-01  0.000000e+00
   outer loop
     vertex  1.684518e+01 -2.966359e+01  1.556858e+02
     vertex  1.658800e+01 -3.002078e+01  1.517858e+02
     vertex  1.658800e+01 -3.002078e+01  1.556858e+02
   endloop
 endfacet
 facet normal -8.115245e-01  5.843184e-01 -2.069738e-16
   outer loop
     vertex  1.684518e+01 -2.966359e+01  1.556858e+02
     vertex  1.684518e+01 -2.966359e+01  1.517858e+02
     vertex  1.658800e+01 -3.002078e+01  1.517858e+02
   endloop
 endfacet
 facet normal -9.006614e-01  4.345216e-01  3.958284e-16
   outer loop
     vertex  1.703643e+01 -2.926718e+01  1.556858e+02
     vertex  1.703643e+01 -2.926718e+01  1.517858e+02
     vertex  1.684518e+01 -2.966359e+01  1.517858e+02
   endloop
 endfacet
 facet normal -9.006614e-01  4.345216e-01 -4.204086e-16
   outer loop
     vertex  1.703643e+01 -2.926718e+01  1.556858e+02
     vertex  1.684518e+01 -2.966359e+01  1.517858e+02
     vertex  1.684518e+01 -2.966359e+01  1.556858e+02
   endloop
 endfacet
 facet normal -9.624322e-01  2.715220e-01  4.946872e-16
   outer loop
     vertex  1.715593e+01 -2.884358e+01  1.556858e+02
     vertex  1.715593e+01 -2.884358e+01  1.517858e+02
     vertex  1.703643e+01 -2.926718e+01  1.517858e+02
   endloop
 endfacet
 facet normal -9.624322e-01  2.715220e-01  2.465858e-16
   outer loop
     vertex  1.715593e+01 -2.884358e+01  1.556858e+02
     vertex  1.703643e+01 -2.926718e+01  1.517858e+02
     vertex  1.703643e+01 -2.926718e+01  1.556858e+02
   endloop
 endfacet
 facet normal -9.949600e-01  1.002724e-01  9.134336e-17
   outer loop
     vertex  1.720007e+01 -2.840566e+01  1.556858e+02
     vertex  1.720007e+01 -2.840566e+01  1.517858e+02
     vertex  1.715593e+01 -2.884358e+01  1.517858e+02
   endloop
 endfacet
 facet normal -9.949600e-01  1.002724e-01  1.819076e-16
   outer loop
     vertex  1.720007e+01 -2.840566e+01  1.556858e+02
     vertex  1.715593e+01 -2.884358e+01  1.517858e+02
     vertex  1.715593e+01 -2.884358e+01  1.556858e+02
   endloop
 endfacet
 facet normal -9.972565e-01 -7.402397e-02  8.410207e-16
   outer loop
     vertex  1.716749e+01 -2.796673e+01  1.556858e+02
     vertex  1.716749e+01 -2.796673e+01  1.517858e+02
     vertex  1.720007e+01 -2.840566e+01  1.517858e+02
   endloop
 endfacet
 facet normal -9.972565e-01 -7.402397e-02 -6.669944e-17
   outer loop
     vertex  1.716749e+01 -2.796673e+01  1.556858e+02
     vertex  1.720007e+01 -2.840566e+01  1.517858e+02
     vertex  1.720007e+01 -2.840566e+01  1.556858e+02
   endloop
 endfacet
 facet normal -9.692518e-01 -2.460711e-01  4.346239e-16
   outer loop
     vertex  1.705918e+01 -2.754013e+01  1.556858e+02
     vertex  1.705918e+01 -2.754013e+01  1.517858e+02
     vertex  1.716749e+01 -2.796673e+01  1.517858e+02
   endloop
 endfacet
 facet normal -9.692518e-01 -2.460711e-01  6.589096e-16
   outer loop
     vertex  1.705918e+01 -2.754013e+01  1.556858e+02
     vertex  1.716749e+01 -2.796673e+01  1.517858e+02
     vertex  1.716749e+01 -2.796673e+01  1.556858e+02
   endloop
 endfacet
 facet normal -9.117969e-01 -4.106416e-01  4.565285e-16
   outer loop
     vertex  1.687844e+01 -2.713881e+01  1.556858e+02
     vertex  1.687844e+01 -2.713881e+01  1.517858e+02
     vertex  1.705918e+01 -2.754013e+01  1.517858e+02
   endloop
 endfacet
 facet normal -9.117969e-01 -4.106416e-01  8.084781e-17
   outer loop
     vertex  1.687844e+01 -2.713881e+01  1.556858e+02
     vertex  1.705918e+01 -2.754013e+01  1.517858e+02
     vertex  1.705918e+01 -2.754013e+01  1.556858e+02
   endloop
 endfacet
 facet normal -8.266374e-01 -5.627349e-01  2.404026e-16
   outer loop
     vertex  1.663076e+01 -2.677498e+01  1.556858e+02
     vertex  1.663076e+01 -2.677498e+01  1.517858e+02
     vertex  1.687844e+01 -2.713881e+01  1.517858e+02
   endloop
 endfacet
 facet normal -8.266374e-01 -5.627349e-01  2.425434e-16
   outer loop
     vertex  1.663076e+01 -2.677498e+01  1.556858e+02
     vertex  1.687844e+01 -2.713881e+01  1.517858e+02
     vertex  1.687844e+01 -2.713881e+01  1.556858e+02
   endloop
 endfacet
 facet normal -7.163611e-01 -6.977297e-01  1.697225e-17
   outer loop
     vertex  1.632367e+01 -2.645968e+01  1.556858e+02
     vertex  1.632367e+01 -2.645968e+01  1.517858e+02
     vertex  1.663076e+01 -2.677498e+01  1.517858e+02
   endloop
 endfacet
 facet normal -7.163611e-01 -6.977297e-01  2.425434e-17
   outer loop
     vertex  1.632367e+01 -2.645968e+01  1.556858e+02
     vertex  1.663076e+01 -2.677498e+01  1.517858e+02
     vertex  1.663076e+01 -2.677498e+01  1.556858e+02
   endloop
 endfacet
 facet normal -5.843184e-01 -8.115245e-01  5.916927e-17
   outer loop
     vertex  1.596649e+01 -2.620250e+01  1.556858e+02
     vertex  1.596649e+01 -2.620250e+01  1.517858e+02
     vertex  1.632367e+01 -2.645968e+01  1.517858e+02
   endloop
 endfacet
 facet normal -5.843184e-01 -8.115245e-01 -2.021195e-16
   outer loop
     vertex  1.596649e+01 -2.620250e+01  1.556858e+02
     vertex  1.632367e+01 -2.645968e+01  1.517858e+02
     vertex  1.632367e+01 -2.645968e+01  1.556858e+02
   endloop
 endfacet
 facet normal -4.345216e-01 -9.006614e-01 -2.267169e-16
   outer loop
     vertex  1.557007e+01 -2.601125e+01  1.556858e+02
     vertex  1.557007e+01 -2.601125e+01  1.517858e+02
     vertex  1.596649e+01 -2.620250e+01  1.517858e+02
   endloop
 endfacet
 facet normal -4.345216e-01 -9.006614e-01 -2.263739e-16
   outer loop
     vertex  1.557007e+01 -2.601125e+01  1.556858e+02
     vertex  1.596649e+01 -2.620250e+01  1.517858e+02
     vertex  1.596649e+01 -2.620250e+01  1.556858e+02
   endloop
 endfacet
 facet normal -2.715220e-01 -9.624322e-01 -3.820426e-16
   outer loop
     vertex  1.514647e+01 -2.589175e+01  1.556858e+02
     vertex  1.514647e+01 -2.589175e+01  1.517858e+02
     vertex  1.557007e+01 -2.601125e+01  1.517858e+02
   endloop
 endfacet
 facet normal -2.715220e-01 -9.624322e-01 -5.052988e-16
   outer loop
     vertex  1.514647e+01 -2.589175e+01  1.556858e+02
     vertex  1.557007e+01 -2.601125e+01  1.517858e+02
     vertex  1.557007e+01 -2.601125e+01  1.556858e+02
   endloop
 endfacet
 facet normal  7.402397e-02 -9.972565e-01 -1.348646e-16
   outer loop
     vertex  1.470855e+01 -2.584761e+01  1.556858e+02
     vertex  1.426962e+01 -2.588019e+01  1.517858e+02
     vertex  1.470855e+01 -2.584761e+01  1.517858e+02
   endloop
 endfacet
 facet normal -1.002724e-01 -9.949600e-01  1.826867e-16
   outer loop
     vertex  1.470855e+01 -2.584761e+01  1.556858e+02
     vertex  1.470855e+01 -2.584761e+01  1.517858e+02
     vertex  1.514647e+01 -2.589175e+01  1.517858e+02
   endloop
 endfacet
 facet normal -1.002724e-01 -9.949600e-01 -7.235879e-16
   outer loop
     vertex  1.470855e+01 -2.584761e+01  1.556858e+02
     vertex  1.514647e+01 -2.589175e+01  1.517858e+02
     vertex  1.514647e+01 -2.589175e+01  1.556858e+02
   endloop
 endfacet
 facet normal  7.402397e-02 -9.972565e-01 -1.348646e-16
   outer loop
     vertex  1.426962e+01 -2.588019e+01  1.556858e+02
     vertex  1.426962e+01 -2.588019e+01  1.517858e+02
     vertex  1.470855e+01 -2.584761e+01  1.556858e+02
   endloop
 endfacet
 facet normal  2.460711e-01 -9.692518e-01 -4.487053e-16
   outer loop
     vertex  1.384302e+01 -2.598850e+01  1.556858e+02
     vertex  1.426962e+01 -2.588019e+01  1.517858e+02
     vertex  1.426962e+01 -2.588019e+01  1.556858e+02
   endloop
 endfacet
 facet normal  2.460711e-01 -9.692518e-01 -5.603976e-16
   outer loop
     vertex  1.384302e+01 -2.598850e+01  1.556858e+02
     vertex  1.384302e+01 -2.598850e+01  1.517858e+02
     vertex  1.426962e+01 -2.588019e+01  1.517858e+02
   endloop
 endfacet
 facet normal  4.106416e-01 -9.117969e-01 -9.378346e-16
   outer loop
     vertex  1.344171e+01 -2.616924e+01  1.556858e+02
     vertex  1.384302e+01 -2.598850e+01  1.517858e+02
     vertex  1.384302e+01 -2.598850e+01  1.556858e+02
   endloop
 endfacet
 facet normal  4.106416e-01 -9.117969e-01 -1.045838e-16
   outer loop
     vertex  1.344171e+01 -2.616924e+01  1.556858e+02
     vertex  1.344171e+01 -2.616924e+01  1.517858e+02
     vertex  1.384302e+01 -2.598850e+01  1.517858e+02
   endloop
 endfacet
 facet normal  5.627349e-01 -8.266374e-01 -5.255108e-16
   outer loop
     vertex  1.307787e+01 -2.641692e+01  1.556858e+02
     vertex  1.344171e+01 -2.616924e+01  1.517858e+02
     vertex  1.344171e+01 -2.616924e+01  1.556858e+02
   endloop
 endfacet
 facet normal  6.977297e-01 -7.163611e-01 -6.186262e-16
   outer loop
     vertex  1.307787e+01 -2.641692e+01  1.556858e+02
     vertex  1.276258e+01 -2.672401e+01  1.517858e+02
     vertex  1.307787e+01 -2.641692e+01  1.517858e+02
   endloop
 endfacet
 facet normal  5.627349e-01 -8.266374e-01 -2.722219e-16
   outer loop
     vertex  1.307787e+01 -2.641692e+01  1.556858e+02
     vertex  1.307787e+01 -2.641692e+01  1.517858e+02
     vertex  1.344171e+01 -2.616924e+01  1.517858e+02
   endloop
 endfacet
 facet normal  6.977297e-01 -7.163611e-01  0.000000e+00
   outer loop
     vertex  1.276258e+01 -2.672401e+01  1.556858e+02
     vertex  1.276258e+01 -2.672401e+01  1.517858e+02
     vertex  1.307787e+01 -2.641692e+01  1.556858e+02
   endloop
 endfacet
 facet normal -8.115245e-01  5.843184e-01  0.000000e+00
   outer loop
     vertex -3.239295e+01  1.276996e+01  1.556858e+02
     vertex -3.265013e+01  1.241278e+01  1.517858e+02
     vertex -3.265013e+01  1.241278e+01  1.556858e+02
   endloop
 endfacet
 facet normal -8.115245e-01  5.843184e-01  5.322862e-16
   outer loop
     vertex -3.239295e+01  1.276996e+01  1.556858e+02
     vertex -3.239295e+01  1.276996e+01  1.517858e+02
     vertex -3.265013e+01  1.241278e+01  1.517858e+02
   endloop
 endfacet
 facet normal -9.006614e-01  4.345216e-01  3.958284e-16
   outer loop
     vertex -3.220170e+01  1.316638e+01  1.556858e+02
     vertex -3.220170e+01  1.316638e+01  1.517858e+02
     vertex -3.239295e+01  1.276996e+01  1.517858e+02
   endloop
 endfacet
 facet normal -9.006614e-01  4.345216e-01  3.961543e-16
   outer loop
     vertex -3.220170e+01  1.316638e+01  1.556858e+02
     vertex -3.239295e+01  1.276996e+01  1.517858e+02
     vertex -3.239295e+01  1.276996e+01  1.556858e+02
   endloop
 endfacet
 facet normal -9.624322e-01  2.715220e-01 -1.506116e-15
   outer loop
     vertex -3.208219e+01  1.358998e+01  1.556858e+02
     vertex -3.208219e+01  1.358998e+01  1.517858e+02
     vertex -3.220170e+01  1.316638e+01  1.517858e+02
   endloop
 endfacet
 facet normal -9.624322e-01  2.715220e-01  2.465858e-16
   outer loop
     vertex -3.208219e+01  1.358998e+01  1.556858e+02
     vertex -3.220170e+01  1.316638e+01  1.517858e+02
     vertex -3.220170e+01  1.316638e+01  1.556858e+02
   endloop
 endfacet
 facet normal -9.949600e-01  1.002724e-01  9.134336e-17
   outer loop
     vertex -3.203806e+01  1.402790e+01  1.556858e+02
     vertex -3.203806e+01  1.402790e+01  1.517858e+02
     vertex -3.208219e+01  1.358998e+01  1.517858e+02
   endloop
 endfacet
 facet normal -9.949600e-01  1.002724e-01 -1.722058e-15
   outer loop
     vertex -3.203806e+01  1.402790e+01  1.556858e+02
     vertex -3.208219e+01  1.358998e+01  1.517858e+02
     vertex -3.208219e+01  1.358998e+01  1.556858e+02
   endloop
 endfacet
 facet normal -9.972565e-01 -7.402397e-02 -6.743230e-17
   outer loop
     vertex -3.207064e+01  1.446683e+01  1.556858e+02
     vertex -3.207064e+01  1.446683e+01  1.517858e+02
     vertex -3.203806e+01  1.402790e+01  1.517858e+02
   endloop
 endfacet
 facet normal -9.972565e-01 -7.402397e-02 -6.669944e-17
   outer loop
     vertex -3.207064e+01  1.446683e+01  1.556858e+02
     vertex -3.203806e+01  1.402790e+01  1.517858e+02
     vertex -3.203806e+01  1.402790e+01  1.556858e+02
   endloop
 endfacet
 facet normal -9.692518e-01 -2.460711e-01 -2.241591e-16
   outer loop
     vertex -3.217895e+01  1.489343e+01  1.556858e+02
     vertex -3.217895e+01  1.489343e+01  1.517858e+02
     vertex -3.207064e+01  1.446683e+01  1.517858e+02
   endloop
 endfacet
 facet normal -9.692518e-01 -2.460711e-01 -2.263739e-16
   outer loop
     vertex -3.217895e+01  1.489343e+01  1.556858e+02
     vertex -3.207064e+01  1.446683e+01  1.517858e+02
     vertex -3.207064e+01  1.446683e+01  1.556858e+02
   endloop
 endfacet
 facet normal -9.117969e-01 -4.106416e-01 -3.740749e-16
   outer loop
     vertex -3.235968e+01  1.529474e+01  1.556858e+02
     vertex -3.235968e+01  1.529474e+01  1.517858e+02
     vertex -3.217895e+01  1.489343e+01  1.517858e+02
   endloop
 endfacet
 facet normal -9.117969e-01 -4.106416e-01 -3.718999e-16
   outer loop
     vertex -3.235968e+01  1.529474e+01  1.556858e+02
     vertex -3.217895e+01  1.489343e+01  1.517858e+02
     vertex -3.217895e+01  1.489343e+01  1.556858e+02
   endloop
 endfacet
 facet normal -8.266374e-01 -5.627349e-01 -5.126246e-16
   outer loop
     vertex -3.260736e+01  1.565858e+01  1.556858e+02
     vertex -3.260736e+01  1.565858e+01  1.517858e+02
     vertex -3.235968e+01  1.529474e+01  1.517858e+02
   endloop
 endfacet
 facet normal -8.266374e-01 -5.627349e-01 -5.174260e-16
   outer loop
     vertex -3.260736e+01  1.565858e+01  1.556858e+02
     vertex -3.235968e+01  1.529474e+01  1.517858e+02
     vertex -3.235968e+01  1.529474e+01  1.556858e+02
   endloop
 endfacet
 facet normal -7.163611e-01 -6.977297e-01 -6.355985e-16
   outer loop
     vertex -3.291446e+01  1.597387e+01  1.556858e+02
     vertex -3.291446e+01  1.597387e+01  1.517858e+02
     vertex -3.260736e+01  1.565858e+01  1.517858e+02
   endloop
 endfacet
 facet normal -7.163611e-01 -6.977297e-01 -6.306129e-16
   outer loop
     vertex -3.291446e+01  1.597387e+01  1.556858e+02
     vertex -3.260736e+01  1.565858e+01  1.517858e+02
     vertex -3.260736e+01  1.565858e+01  1.556858e+02
   endloop
 endfacet
 facet normal -5.843184e-01 -8.115245e-01 -7.392600e-16
   outer loop
     vertex -3.327164e+01  1.623105e+01  1.556858e+02
     vertex -3.327164e+01  1.623105e+01  1.517858e+02
     vertex -3.291446e+01  1.597387e+01  1.517858e+02
   endloop
 endfacet
 facet normal -5.843184e-01 -8.115245e-01 -7.437998e-16
   outer loop
     vertex -3.327164e+01  1.623105e+01  1.556858e+02
     vertex -3.291446e+01  1.597387e+01  1.517858e+02
     vertex -3.291446e+01  1.597387e+01  1.556858e+02
   endloop
 endfacet
 facet normal -4.345216e-01 -9.006614e-01 -2.880270e-17
   outer loop
     vertex -3.366806e+01  1.642230e+01  1.556858e+02
     vertex -3.366806e+01  1.642230e+01  1.517858e+02
     vertex -3.327164e+01  1.623105e+01  1.517858e+02
   endloop
 endfacet
 facet normal -4.345216e-01 -9.006614e-01 -8.165629e-16
   outer loop
     vertex -3.366806e+01  1.642230e+01  1.556858e+02
     vertex -3.327164e+01  1.623105e+01  1.517858e+02
     vertex -3.327164e+01  1.623105e+01  1.556858e+02
   endloop
 endfacet
 facet normal -2.715220e-01 -9.624322e-01  4.946872e-16
   outer loop
     vertex -3.409166e+01  1.654181e+01  1.556858e+02
     vertex -3.409166e+01  1.654181e+01  1.517858e+02
     vertex -3.366806e+01  1.642230e+01  1.517858e+02
   endloop
 endfacet
 facet normal -2.715220e-01 -9.624322e-01 -3.799847e-16
   outer loop
     vertex -3.409166e+01  1.654181e+01  1.556858e+02
     vertex -3.366806e+01  1.642230e+01  1.517858e+02
     vertex -3.366806e+01  1.642230e+01  1.556858e+02
   endloop
 endfacet
 facet normal -1.002724e-01 -9.949600e-01  1.826867e-16
   outer loop
     vertex -3.452958e+01  1.658594e+01  1.556858e+02
     vertex -3.452958e+01  1.658594e+01  1.517858e+02
     vertex -3.409166e+01  1.654181e+01  1.517858e+02
   endloop
 endfacet
 facet normal -1.002724e-01 -9.949600e-01  1.819076e-16
   outer loop
     vertex -3.452958e+01  1.658594e+01  1.556858e+02
     vertex -3.409166e+01  1.654181e+01  1.517858e+02
     vertex -3.409166e+01  1.654181e+01  1.556858e+02
   endloop
 endfacet
 facet normal  7.402397e-02 -9.972565e-01 -1.348646e-16
   outer loop
     vertex -3.496850e+01  1.655336e+01  1.556858e+02
     vertex -3.496850e+01  1.655336e+01  1.517858e+02
     vertex -3.452958e+01  1.658594e+01  1.517858e+02
   endloop
 endfacet
 facet normal  7.402397e-02 -9.972565e-01 -1.344095e-16
   outer loop
     vertex -3.496850e+01  1.655336e+01  1.556858e+02
     vertex -3.452958e+01  1.658594e+01  1.517858e+02
     vertex -3.452958e+01  1.658594e+01  1.556858e+02
   endloop
 endfacet
 facet normal  2.460711e-01 -9.692518e-01 -4.487053e-16
   outer loop
     vertex -3.539511e+01  1.644506e+01  1.556858e+02
     vertex -3.496850e+01  1.655336e+01  1.517858e+02
     vertex -3.496850e+01  1.655336e+01  1.556858e+02
   endloop
 endfacet
 facet normal  2.460711e-01 -9.692518e-01  4.346239e-16
   outer loop
     vertex -3.539511e+01  1.644506e+01  1.556858e+02
     vertex -3.539511e+01  1.644506e+01  1.517858e+02
     vertex -3.496850e+01  1.655336e+01  1.517858e+02
   endloop
 endfacet
 facet normal  4.106416e-01 -9.117969e-01  8.084781e-17
   outer loop
     vertex -3.579642e+01  1.626432e+01  1.556858e+02
     vertex -3.539511e+01  1.644506e+01  1.517858e+02
     vertex -3.539511e+01  1.644506e+01  1.556858e+02
   endloop
 endfacet
 facet normal  4.106416e-01 -9.117969e-01  8.245366e-17
   outer loop
     vertex -3.579642e+01  1.626432e+01  1.556858e+02
     vertex -3.579642e+01  1.626432e+01  1.517858e+02
     vertex -3.539511e+01  1.644506e+01  1.517858e+02
   endloop
 endfacet
 facet normal  5.627349e-01 -8.266374e-01 -2.748825e-16
   outer loop
     vertex -3.616026e+01  1.601664e+01  1.556858e+02
     vertex -3.579642e+01  1.626432e+01  1.517858e+02
     vertex -3.579642e+01  1.626432e+01  1.556858e+02
   endloop
 endfacet
 facet normal  6.977297e-01 -7.163611e-01  3.394451e-17
   outer loop
     vertex -3.616026e+01  1.601664e+01  1.556858e+02
     vertex -3.647555e+01  1.570954e+01  1.517858e+02
     vertex -3.616026e+01  1.601664e+01  1.517858e+02
   endloop
 endfacet
 facet normal  5.627349e-01 -8.266374e-01  4.808053e-16
   outer loop
     vertex -3.616026e+01  1.601664e+01  1.556858e+02
     vertex -3.616026e+01  1.601664e+01  1.517858e+02
     vertex -3.579642e+01  1.626432e+01  1.517858e+02
   endloop
 endfacet
 facet normal  6.977297e-01 -7.163611e-01  0.000000e+00
   outer loop
     vertex -3.647555e+01  1.570954e+01  1.556858e+02
     vertex -3.647555e+01  1.570954e+01  1.517858e+02
     vertex -3.616026e+01  1.601664e+01  1.556858e+02
   endloop
 endfacet
 facet normal  7.163611e-01  6.977297e-01 -0.000000e+00
   outer loop
     vertex  1.854752e+01 -2.520920e+01  1.512858e+02
     vertex  1.793941e+01 -2.458485e+01  1.561858e+02
     vertex  1.854752e+01 -2.520920e+01  1.561858e+02
   endloop
 endfacet
 facet normal  7.163611e-01  6.977297e-01  0.000000e+00
   outer loop
     vertex  1.854752e+01 -2.520920e+01  1.512858e+02
     vertex  1.793941e+01 -2.458485e+01  1.512858e+02
     vertex  1.793941e+01 -2.458485e+01  1.561858e+02
   endloop
 endfacet
 facet normal  8.266374e-01  5.627349e-01 -0.000000e+00
   outer loop
     vertex  1.903797e+01 -2.592966e+01  1.512858e+02
     vertex  1.854752e+01 -2.520920e+01  1.561858e+02
     vertex  1.903797e+01 -2.592966e+01  1.561858e+02
   endloop
 endfacet
 facet normal  8.266374e-01  5.627349e-01  0.000000e+00
   outer loop
     vertex  1.903797e+01 -2.592966e+01  1.512858e+02
     vertex  1.854752e+01 -2.520920e+01  1.512858e+02
     vertex  1.854752e+01 -2.520920e+01  1.561858e+02
   endloop
 endfacet
 facet normal  9.692518e-01  2.460711e-01 -0.000000e+00
   outer loop
     vertex  1.939587e+01 -2.672434e+01  1.512858e+02
     vertex  1.939587e+01 -2.672434e+01  1.561858e+02
     vertex  1.961034e+01 -2.756910e+01  1.561858e+02
   endloop
 endfacet
 facet normal  9.117969e-01  4.106416e-01 -0.000000e+00
   outer loop
     vertex  1.939587e+01 -2.672434e+01  1.512858e+02
     vertex  1.903797e+01 -2.592966e+01  1.561858e+02
     vertex  1.939587e+01 -2.672434e+01  1.561858e+02
   endloop
 endfacet
 facet normal  9.117969e-01  4.106416e-01  0.000000e+00
   outer loop
     vertex  1.939587e+01 -2.672434e+01  1.512858e+02
     vertex  1.903797e+01 -2.592966e+01  1.512858e+02
     vertex  1.903797e+01 -2.592966e+01  1.561858e+02
   endloop
 endfacet
 facet normal  9.692518e-01  2.460711e-01 -0.000000e+00
   outer loop
     vertex  1.961034e+01 -2.756910e+01  1.512858e+02
     vertex  1.939587e+01 -2.672434e+01  1.512858e+02
     vertex  1.961034e+01 -2.756910e+01  1.561858e+02
   endloop
 endfacet
 facet normal  9.972565e-01  7.402397e-02 -0.000000e+00
   outer loop
     vertex  1.967485e+01 -2.843827e+01  1.512858e+02
     vertex  1.961034e+01 -2.756910e+01  1.561858e+02
     vertex  1.967485e+01 -2.843827e+01  1.561858e+02
   endloop
 endfacet
 facet normal  9.972565e-01  7.402397e-02  0.000000e+00
   outer loop
     vertex  1.967485e+01 -2.843827e+01  1.512858e+02
     vertex  1.961034e+01 -2.756910e+01  1.512858e+02
     vertex  1.961034e+01 -2.756910e+01  1.561858e+02
   endloop
 endfacet
 facet normal  9.624322e-01 -2.715220e-01  0.000000e+00
   outer loop
     vertex  1.958746e+01 -2.930543e+01  1.512858e+02
     vertex  1.958746e+01 -2.930543e+01  1.561858e+02
     vertex  1.935081e+01 -3.014425e+01  1.561858e+02
   endloop
 endfacet
 facet normal  9.949600e-01 -1.002724e-01  0.000000e+00
   outer loop
     vertex  1.958746e+01 -2.930543e+01  1.512858e+02
     vertex  1.967485e+01 -2.843827e+01  1.561858e+02
     vertex  1.958746e+01 -2.930543e+01  1.561858e+02
   endloop
 endfacet
 facet normal  9.949600e-01 -1.002724e-01  0.000000e+00
   outer loop
     vertex  1.958746e+01 -2.930543e+01  1.512858e+02
     vertex  1.967485e+01 -2.843827e+01  1.512858e+02
     vertex  1.967485e+01 -2.843827e+01  1.561858e+02
   endloop
 endfacet
 facet normal  9.006614e-01 -4.345216e-01  0.000000e+00
   outer loop
     vertex  1.935081e+01 -3.014425e+01  1.512858e+02
     vertex  1.935081e+01 -3.014425e+01  1.561858e+02
     vertex  1.897210e+01 -3.092922e+01  1.561858e+02
   endloop
 endfacet
 facet normal  9.624322e-01 -2.715220e-01  0.000000e+00
   outer loop
     vertex  1.935081e+01 -3.014425e+01  1.512858e+02
     vertex  1.958746e+01 -2.930543e+01  1.512858e+02
     vertex  1.935081e+01 -3.014425e+01  1.561858e+02
   endloop
 endfacet
 facet normal  9.006614e-01 -4.345216e-01  0.000000e+00
   outer loop
     vertex  1.897210e+01 -3.092922e+01  1.512858e+02
     vertex  1.935081e+01 -3.014425e+01  1.512858e+02
     vertex  1.897210e+01 -3.092922e+01  1.561858e+02
   endloop
 endfacet
 facet normal  8.115245e-01 -5.843184e-01  0.000000e+00
   outer loop
     vertex  1.846284e+01 -3.163651e+01  1.512858e+02
     vertex  1.897210e+01 -3.092922e+01  1.561858e+02
     vertex  1.846284e+01 -3.163651e+01  1.561858e+02
   endloop
 endfacet
 facet normal  8.115245e-01 -5.843184e-01  0.000000e+00
   outer loop
     vertex  1.846284e+01 -3.163651e+01  1.512858e+02
     vertex  1.897210e+01 -3.092922e+01  1.512858e+02
     vertex  1.897210e+01 -3.092922e+01  1.561858e+02
   endloop
 endfacet
 facet normal -2.514826e-01  9.678511e-01  4.555776e-03
   outer loop
     vertex -1.141030e+01  7.088164e-01  1.482858e+02
     vertex -1.165828e+01  6.585035e-01  1.452858e+02
     vertex -1.224834e+01  5.054040e-01  1.452392e+02
   endloop
 endfacet
 facet normal -1.884956e-01  9.820740e-01  0.000000e+00
   outer loop
     vertex -1.141030e+01  7.088164e-01  1.482858e+02
     vertex -1.141030e+01  7.088164e-01  1.452858e+02
     vertex -1.149314e+01  6.929173e-01  1.452858e+02
   endloop
 endfacet
 facet normal -1.988394e-01  9.800320e-01  2.964327e-04
   outer loop
     vertex -1.141030e+01  7.088164e-01  1.482858e+02
     vertex -1.149314e+01  6.929173e-01  1.452858e+02
     vertex -1.157580e+01  6.761457e-01  1.452858e+02
   endloop
 endfacet
 facet normal -2.091611e-01  9.778808e-01  8.892650e-04
   outer loop
     vertex -1.141030e+01  7.088164e-01  1.482858e+02
     vertex -1.157580e+01  6.761457e-01  1.452858e+02
     vertex -1.165828e+01  6.585035e-01  1.452858e+02
   endloop
 endfacet
 facet normal -3.234708e-01  9.462376e-01 -1.028931e-03
   outer loop
     vertex -1.271055e+01  3.507115e-01  1.482858e+02
     vertex -1.224834e+01  5.054040e-01  1.452392e+02
     vertex -1.281157e+01  3.127296e-01  1.451147e+02
   endloop
 endfacet
 facet normal -3.928754e-01  9.195905e-01  1.501191e-03
   outer loop
     vertex -1.271055e+01  3.507115e-01  1.482858e+02
     vertex -1.281157e+01  3.127296e-01  1.451147e+02
     vertex -1.335001e+01  8.298945e-02  1.449345e+02
   endloop
 endfacet
 facet normal -2.655164e-01  9.640674e-01  8.668668e-03
   outer loop
     vertex -1.271055e+01  3.507115e-01  1.482858e+02
     vertex -1.141030e+01  7.088164e-01  1.482858e+02
     vertex -1.224834e+01  5.054040e-01  1.452392e+02
   endloop
 endfacet
 facet normal -4.675148e-01  8.839846e-01 -1.101574e-03
   outer loop
     vertex -1.393217e+01 -2.207241e-01  1.482858e+02
     vertex -1.335001e+01  8.298945e-02  1.449345e+02
     vertex -1.401593e+01 -2.695684e-01  1.446364e+02
   endloop
 endfacet
 facet normal -4.236906e-01  9.057672e-01  8.485139e-03
   outer loop
     vertex -1.393217e+01 -2.207241e-01  1.482858e+02
     vertex -1.271055e+01  3.507115e-01  1.482858e+02
     vertex -1.335001e+01  8.298945e-02  1.449345e+02
   endloop
 endfacet
 facet normal -5.556649e-01  8.313683e-01  7.956537e-03
   outer loop
     vertex -1.504044e+01 -9.892499e-01  1.482858e+02
     vertex -1.401593e+01 -2.695684e-01  1.446364e+02
     vertex -1.470169e+01 -7.241987e-01  1.442480e+02
   endloop
 endfacet
 facet normal -6.376064e-01  7.703568e-01 -2.922797e-03
   outer loop
     vertex -1.504044e+01 -9.892499e-01  1.482858e+02
     vertex -1.470169e+01 -7.241987e-01  1.442480e+02
     vertex -1.538993e+01 -1.295631e+00  1.437767e+02
   endloop
 endfacet
 facet normal -5.698424e-01  8.217514e-01  2.079886e-03
   outer loop
     vertex -1.504044e+01 -9.892499e-01  1.482858e+02
     vertex -1.393217e+01 -2.207241e-01  1.482858e+02
     vertex -1.401593e+01 -2.695684e-01  1.446364e+02
   endloop
 endfacet
 facet normal -7.202455e-01  6.937192e-01 -1.146760e-15
   outer loop
     vertex -1.600385e+01 -1.933024e+00  1.482858e+02
     vertex -1.538993e+01 -1.295631e+00  1.437767e+02
     vertex -1.600385e+01 -1.933024e+00  1.432858e+02
   endloop
 endfacet
 facet normal -6.997750e-01  7.143405e-01  5.702070e-03
   outer loop
     vertex -1.600385e+01 -1.933024e+00  1.482858e+02
     vertex -1.504044e+01 -9.892499e-01  1.482858e+02
     vertex -1.538993e+01 -1.295631e+00  1.437767e+02
   endloop
 endfacet
 facet normal  0.000000e+00  0.000000e+00 -1.000000e+00
   outer loop
     vertex -5.148684e+00  8.087252e+00  1.372858e+02
     vertex -5.534732e+00  9.551733e+00  1.372858e+02
     vertex -5.201743e+00  9.586899e+00  1.372858e+02
   endloop
 endfacet
 facet normal  0.000000e+00  0.000000e+00 -1.000000e+00
   outer loop
     vertex -5.148684e+00  8.087252e+00  1.372858e+02
     vertex -5.201743e+00  9.586899e+00  1.372858e+02
     vertex -4.867554e+00  9.566018e+00  1.372858e+02
   endloop
 endfacet
 facet normal  0.000000e+00  0.000000e+00 -1.000000e+00
   outer loop
     vertex -5.293662e+00  8.068863e+00  1.372858e+02
     vertex -5.857188e+00  9.461507e+00  1.372858e+02
     vertex -5.534732e+00  9.551733e+00  1.372858e+02
   endloop
 endfacet
 facet normal  0.000000e+00  0.000000e+00 -1.000000e+00
   outer loop
     vertex -5.293662e+00  8.068863e+00  1.372858e+02
     vertex -5.534732e+00  9.551733e+00  1.372858e+02
     vertex -5.148684e+00  8.087252e+00  1.372858e+02
   endloop
 endfacet
 facet normal  0.000000e+00  0.000000e+00 -1.000000e+00
   outer loop
     vertex -5.004582e+00  8.062937e+00  1.372858e+02
     vertex -4.867554e+00  9.566018e+00  1.372858e+02
     vertex -4.541533e+00  9.489676e+00  1.372858e+02
   endloop
 endfacet
 facet normal  0.000000e+00  0.000000e+00 -1.000000e+00
   outer loop
     vertex -5.004582e+00  8.062937e+00  1.372858e+02
     vertex -5.148684e+00  8.087252e+00  1.372858e+02
     vertex -4.867554e+00  9.566018e+00  1.372858e+02
   endloop
 endfacet
 facet normal  0.000000e+00  0.000000e+00 -1.000000e+00
   outer loop
     vertex -5.427130e+00  8.009340e+00  1.372858e+02
     vertex -6.434894e+00  9.127461e+00  1.372858e+02
     vertex -6.160072e+00  9.318749e+00  1.372858e+02
   endloop
 endfacet
 facet normal  0.000000e+00  0.000000e+00 -1.000000e+00
   outer loop
     vertex -5.427130e+00  8.009340e+00  1.372858e+02
     vertex -6.160072e+00  9.318749e+00  1.372858e+02
     vertex -5.857188e+00  9.461507e+00  1.372858e+02
   endloop
 endfacet
 facet normal  0.000000e+00  0.000000e+00 -1.000000e+00
   outer loop
     vertex -5.427130e+00  8.009340e+00  1.372858e+02
     vertex -5.857188e+00  9.461507e+00  1.372858e+02
     vertex -5.293662e+00  8.068863e+00  1.372858e+02
   endloop
 endfacet
 facet normal  0.000000e+00  0.000000e+00 -1.000000e+00
   outer loop
     vertex -5.537687e+00  7.913769e+00  1.372858e+02
     vertex -6.673951e+00  8.893005e+00  1.372858e+02
     vertex -6.434894e+00  9.127461e+00  1.372858e+02
   endloop
 endfacet
 facet normal  0.000000e+00  0.000000e+00 -1.000000e+00
   outer loop
     vertex -5.537687e+00  7.913769e+00  1.372858e+02
     vertex -6.434894e+00  9.127461e+00  1.372858e+02
     vertex -5.427130e+00  8.009340e+00  1.372858e+02
   endloop
 endfacet
 facet normal  0.000000e+00  0.000000e+00 -1.000000e+00
   outer loop
     vertex -4.395354e+00  7.851549e+00  1.372858e+02
     vertex -5.004582e+00  8.062937e+00  1.372858e+02
     vertex -4.541533e+00  9.489676e+00  1.372858e+02
   endloop
 endfacet
 facet normal  0.000000e+00  0.000000e+00 -1.000000e+00
   outer loop
     vertex -3.795139e+00  7.615784e+00  1.372858e+02
     vertex -4.541533e+00  9.489676e+00  1.372858e+02
     vertex -1.974331e+00  8.424433e+00  1.372858e+02
   endloop
 endfacet
 facet normal  0.000000e+00  0.000000e+00 -1.000000e+00
   outer loop
     vertex -3.795139e+00  7.615784e+00  1.372858e+02
     vertex -4.395354e+00  7.851549e+00  1.372858e+02
     vertex -4.541533e+00  9.489676e+00  1.372858e+02
   endloop
 endfacet
 facet normal  0.000000e+00  0.000000e+00 -1.000000e+00
   outer loop
     vertex -3.204912e+00  7.356024e+00  1.372858e+02
     vertex -3.795139e+00  7.615784e+00  1.372858e+02
     vertex -1.974331e+00  8.424433e+00  1.372858e+02
   endloop
 endfacet
 facet normal  0.000000e+00  0.000000e+00 -1.000000e+00
   outer loop
     vertex -3.059233e+00  7.272862e+00  1.372858e+02
     vertex -3.204912e+00  7.356024e+00  1.372858e+02
     vertex -1.974331e+00  8.424433e+00  1.372858e+02
   endloop
 endfacet
 facet normal  0.000000e+00  0.000000e+00 -1.000000e+00
   outer loop
     vertex -2.929505e+00  7.166520e+00  1.372858e+02
     vertex -3.059233e+00  7.272862e+00  1.372858e+02
     vertex -1.974331e+00  8.424433e+00  1.372858e+02
   endloop
 endfacet
 facet normal  0.000000e+00  0.000000e+00 -1.000000e+00
   outer loop
     vertex -2.819377e+00  7.039989e+00  1.372858e+02
     vertex -2.929505e+00  7.166520e+00  1.372858e+02
     vertex -1.974331e+00  8.424433e+00  1.372858e+02
   endloop
 endfacet
 facet normal  0.000000e+00  0.000000e+00 -1.000000e+00
   outer loop
     vertex -2.731949e+00  6.896830e+00  1.372858e+02
     vertex -2.819377e+00  7.039989e+00  1.372858e+02
     vertex -1.974331e+00  8.424433e+00  1.372858e+02
   endloop
 endfacet
 facet normal  0.000000e+00  0.000000e+00 -1.000000e+00
   outer loop
     vertex -2.669680e+00  6.741071e+00  1.372858e+02
     vertex -2.731949e+00  6.896830e+00  1.372858e+02
     vertex -1.974331e+00  8.424433e+00  1.372858e+02
   endloop
 endfacet
 facet normal -0.000000e+00  0.000000e+00 -1.000000e+00
   outer loop
     vertex  3.918377e-01  6.966178e+00  1.372858e+02
     vertex -2.669680e+00  6.741071e+00  1.372858e+02
     vertex -1.974331e+00  8.424433e+00  1.372858e+02
   endloop
 endfacet
 facet normal  0.000000e+00  0.000000e+00 -1.000000e+00
   outer loop
     vertex -2.634323e+00  6.577096e+00  1.372858e+02
     vertex -2.669680e+00  6.741071e+00  1.372858e+02
     vertex  3.918377e-01  6.966178e+00  1.372858e+02
   endloop
 endfacet
 facet normal  0.000000e+00  0.000000e+00 -1.000000e+00
   outer loop
     vertex -2.626872e+00  6.409517e+00  1.372858e+02
     vertex -2.634323e+00  6.577096e+00  1.372858e+02
     vertex  3.918377e-01  6.966178e+00  1.372858e+02
   endloop
 endfacet
 facet normal  0.000000e+00  0.000000e+00 -1.000000e+00
   outer loop
     vertex -1.403773e+00  4.748681e+00  1.372858e+02
     vertex -2.695738e+00  6.082380e+00  1.372858e+02
     vertex -2.647538e+00  6.243050e+00  1.372858e+02
   endloop
 endfacet
 facet normal -0.000000e+00  0.000000e+00 -1.000000e+00
   outer loop
     vertex -1.108257e+00  4.770617e+00  1.372858e+02
     vertex -1.403773e+00  4.748681e+00  1.372858e+02
     vertex -2.647538e+00  6.243050e+00  1.372858e+02
   endloop
 endfacet
 facet normal  0.000000e+00  0.000000e+00 -1.000000e+00
   outer loop
     vertex -1.108257e+00  4.770617e+00  1.372858e+02
     vertex -2.647538e+00  6.243050e+00  1.372858e+02
     vertex -2.626872e+00  6.409517e+00  1.372858e+02
   endloop
 endfacet
 facet normal  0.000000e+00  0.000000e+00 -1.000000e+00
   outer loop
     vertex -1.108257e+00  4.770617e+00  1.372858e+02
     vertex -2.626872e+00  6.409517e+00  1.372858e+02
     vertex  3.918377e-01  6.966178e+00  1.372858e+02
   endloop
 endfacet
 facet normal  0.000000e+00  0.000000e+00 -1.000000e+00
   outer loop
     vertex -1.690991e+00  4.675763e+00  1.372858e+02
     vertex -2.695738e+00  6.082380e+00  1.372858e+02
     vertex -1.403773e+00  4.748681e+00  1.372858e+02
   endloop
 endfacet
 facet normal  0.000000e+00  0.000000e+00 -1.000000e+00
   outer loop
     vertex -1.690991e+00  4.675763e+00  1.372858e+02
     vertex -2.868581e+00  5.796223e+00  1.372858e+02
     vertex -2.770117e+00  5.932027e+00  1.372858e+02
   endloop
 endfacet
 facet normal  0.000000e+00  0.000000e+00 -1.000000e+00
   outer loop
     vertex -1.690991e+00  4.675763e+00  1.372858e+02
     vertex -2.770117e+00  5.932027e+00  1.372858e+02
     vertex -2.695738e+00  6.082380e+00  1.372858e+02
   endloop
 endfacet
 facet normal  0.000000e+00  0.000000e+00 -1.000000e+00
   outer loop
     vertex -8.134208e-01  4.740903e+00  1.372858e+02
     vertex -1.108257e+00  4.770617e+00  1.372858e+02
     vertex  3.918377e-01  6.966178e+00  1.372858e+02
   endloop
 endfacet
 facet normal  0.000000e+00  0.000000e+00 -1.000000e+00
   outer loop
     vertex -1.961184e+00  4.554078e+00  1.372858e+02
     vertex -2.868581e+00  5.796223e+00  1.372858e+02
     vertex -1.690991e+00  4.675763e+00  1.372858e+02
   endloop
 endfacet
 facet normal  0.000000e+00  0.000000e+00 -1.000000e+00
   outer loop
     vertex -1.961184e+00  4.554078e+00  1.372858e+02
     vertex -2.973774e+00  5.691100e+00  1.372858e+02
     vertex -2.919221e+00  5.741703e+00  1.372858e+02
   endloop
 endfacet
 facet normal  0.000000e+00  0.000000e+00 -1.000000e+00
   outer loop
     vertex -1.961184e+00  4.554078e+00  1.372858e+02
     vertex -2.919221e+00  5.741703e+00  1.372858e+02
     vertex -2.868581e+00  5.796223e+00  1.372858e+02
   endloop
 endfacet
 facet normal  0.000000e+00  0.000000e+00 -1.000000e+00
   outer loop
     vertex -5.282237e-01  4.660443e+00  1.372858e+02
     vertex -8.134208e-01  4.740903e+00  1.372858e+02
     vertex  3.918377e-01  6.966178e+00  1.372858e+02
   endloop
 endfacet
 facet normal  0.000000e+00  0.000000e+00 -1.000000e+00
   outer loop
     vertex -2.206141e+00  4.387323e+00  1.372858e+02
     vertex -2.973774e+00  5.691100e+00  1.372858e+02
     vertex -1.961184e+00  4.554078e+00  1.372858e+02
   endloop
 endfacet
 facet normal  0.000000e+00  0.000000e+00 -1.000000e+00
   outer loop
     vertex -2.206141e+00  4.387323e+00  1.372858e+02
     vertex -3.392638e+00  5.334263e+00  1.372858e+02
     vertex -3.218067e+00  5.496193e+00  1.372858e+02
   endloop
 endfacet
 facet normal  0.000000e+00  0.000000e+00 -1.000000e+00
   outer loop
     vertex -2.206141e+00  4.387323e+00  1.372858e+02
     vertex -3.218067e+00  5.496193e+00  1.372858e+02
     vertex -3.031939e+00  5.644694e+00  1.372858e+02
   endloop
 endfacet
 facet normal  0.000000e+00  0.000000e+00 -1.000000e+00
   outer loop
     vertex -2.206141e+00  4.387323e+00  1.372858e+02
     vertex -3.031939e+00  5.644694e+00  1.372858e+02
     vertex -2.973774e+00  5.691100e+00  1.372858e+02
   endloop
 endfacet
 facet normal  0.000000e+00  0.000000e+00 -1.000000e+00
   outer loop
     vertex -2.613312e-01  4.531681e+00  1.372858e+02
     vertex -5.282237e-01  4.660443e+00  1.372858e+02
     vertex  3.918377e-01  6.966178e+00  1.372858e+02
   endloop
 endfacet
 facet normal  0.000000e+00  0.000000e+00 -1.000000e+00
   outer loop
     vertex -2.418420e+00  4.180565e+00  1.372858e+02
     vertex -3.554684e+00  5.159801e+00  1.372858e+02
     vertex -3.392638e+00  5.334263e+00  1.372858e+02
   endloop
 endfacet
 facet normal  0.000000e+00  0.000000e+00 -1.000000e+00
   outer loop
     vertex -2.418420e+00  4.180565e+00  1.372858e+02
     vertex -3.392638e+00  5.334263e+00  1.372858e+02
     vertex -2.206141e+00  4.387323e+00  1.372858e+02
   endloop
 endfacet
 facet normal  0.000000e+00  0.000000e+00 -1.000000e+00
   outer loop
     vertex -2.085250e-02  4.358531e+00  1.372858e+02
     vertex  3.918377e-01  6.966178e+00  1.372858e+02
     vertex  2.497287e+00  5.151696e+00  1.372858e+02
   endloop
 endfacet
 facet normal  0.000000e+00  0.000000e+00 -1.000000e+00
   outer loop
     vertex -2.085250e-02  4.358531e+00  1.372858e+02
     vertex -2.613312e-01  4.531681e+00  1.372858e+02
     vertex  3.918377e-01  6.966178e+00  1.372858e+02
   endloop
 endfacet
 facet normal  0.000000e+00  0.000000e+00 -1.000000e+00
   outer loop
     vertex -2.591570e+00  3.940086e+00  1.372858e+02
     vertex -3.554684e+00  5.159801e+00  1.372858e+02
     vertex -2.418420e+00  4.180565e+00  1.372858e+02
   endloop
 endfacet
 facet normal  0.000000e+00  0.000000e+00 -1.000000e+00
   outer loop
     vertex -2.591570e+00  3.940086e+00  1.372858e+02
     vertex -3.880615e+00  4.707135e+00  1.372858e+02
     vertex -3.554684e+00  5.159801e+00  1.372858e+02
   endloop
 endfacet
 facet normal  0.000000e+00  0.000000e+00 -1.000000e+00
   outer loop
     vertex  1.859054e-01  4.146252e+00  1.372858e+02
     vertex -2.085250e-02  4.358531e+00  1.372858e+02
     vertex  2.497287e+00  5.151696e+00  1.372858e+02
   endloop
 endfacet
 facet normal  0.000000e+00  0.000000e+00 -1.000000e+00
   outer loop
     vertex -2.720332e+00  3.673194e+00  1.372858e+02
     vertex -3.880615e+00  4.707135e+00  1.372858e+02
     vertex -2.591570e+00  3.940086e+00  1.372858e+02
   endloop
 endfacet
 facet normal  0.000000e+00  0.000000e+00 -1.000000e+00
   outer loop
     vertex -2.720332e+00  3.673194e+00  1.372858e+02
     vertex -4.122990e+00  4.204749e+00  1.372858e+02
     vertex -3.880615e+00  4.707135e+00  1.372858e+02
   endloop
 endfacet
 facet normal  0.000000e+00  0.000000e+00 -1.000000e+00
   outer loop
     vertex  3.526604e-01  3.901295e+00  1.372858e+02
     vertex  1.859054e-01  4.146252e+00  1.372858e+02
     vertex  2.497287e+00  5.151696e+00  1.372858e+02
   endloop
 endfacet
 facet normal  0.000000e+00  0.000000e+00 -1.000000e+00
   outer loop
     vertex -2.800792e+00  3.387997e+00  1.372858e+02
     vertex -4.274444e+00  3.667908e+00  1.372858e+02
     vertex -4.122990e+00  4.204749e+00  1.372858e+02
   endloop
 endfacet
 facet normal  0.000000e+00  0.000000e+00 -1.000000e+00
   outer loop
     vertex -2.800792e+00  3.387997e+00  1.372858e+02
     vertex -4.122990e+00  4.204749e+00  1.372858e+02
     vertex -2.720332e+00  3.673194e+00  1.372858e+02
   endloop
 endfacet
 facet normal  0.000000e+00  0.000000e+00 -1.000000e+00
   outer loop
     vertex  4.743456e-01  3.631102e+00  1.372858e+02
     vertex  3.526604e-01  3.901295e+00  1.372858e+02
     vertex  2.497287e+00  5.151696e+00  1.372858e+02
   endloop
 endfacet
 facet normal  0.000000e+00  0.000000e+00 -1.000000e+00
   outer loop
     vertex -2.830506e+00  3.093161e+00  1.372858e+02
     vertex -4.330376e+00  3.112922e+00  1.372858e+02
     vertex -4.274444e+00  3.667908e+00  1.372858e+02
   endloop
 endfacet
 facet normal  0.000000e+00  0.000000e+00 -1.000000e+00
   outer loop
     vertex -2.830506e+00  3.093161e+00  1.372858e+02
     vertex -4.274444e+00  3.667908e+00  1.372858e+02
     vertex -2.800792e+00  3.387997e+00  1.372858e+02
   endloop
 endfacet
 facet normal  0.000000e+00  0.000000e+00 -1.000000e+00
   outer loop
     vertex  5.472637e-01  3.343884e+00  1.372858e+02
     vertex  4.743456e-01  3.631102e+00  1.372858e+02
     vertex  2.497287e+00  5.151696e+00  1.372858e+02
   endloop
 endfacet
 facet normal  0.000000e+00  0.000000e+00 -1.000000e+00
   outer loop
     vertex -4.289085e+00  2.556656e+00  1.372858e+02
     vertex -4.330376e+00  3.112922e+00  1.372858e+02
     vertex -2.830506e+00  3.093161e+00  1.372858e+02
   endloop
 endfacet
 facet normal  0.000000e+00  0.000000e+00 -1.000000e+00
   outer loop
     vertex -4.289085e+00  2.556656e+00  1.372858e+02
     vertex -2.830506e+00  3.093161e+00  1.372858e+02
     vertex -2.808570e+00  2.797644e+00  1.372858e+02
   endloop
 endfacet
 facet normal  0.000000e+00  0.000000e+00 -1.000000e+00
   outer loop
     vertex -4.151827e+00  2.016010e+00  1.372858e+02
     vertex -4.289085e+00  2.556656e+00  1.372858e+02
     vertex -2.808570e+00  2.797644e+00  1.372858e+02
   endloop
 endfacet
 facet normal  0.000000e+00  0.000000e+00 -1.000000e+00
   outer loop
     vertex -4.151827e+00  2.016010e+00  1.372858e+02
     vertex -2.808570e+00  2.797644e+00  1.372858e+02
     vertex -2.735652e+00  2.510426e+00  1.372858e+02
   endloop
 endfacet
 facet normal  0.000000e+00  0.000000e+00 -1.000000e+00
   outer loop
     vertex -4.151827e+00  2.016010e+00  1.372858e+02
     vertex -2.735652e+00  2.510426e+00  1.372858e+02
     vertex -2.613967e+00  2.240234e+00  1.372858e+02
   endloop
 endfacet
 facet normal  0.000000e+00  0.000000e+00 -1.000000e+00
   outer loop
     vertex  2.360804e+00  2.077347e+00  1.372858e+02
     vertex  5.472637e-01  3.343884e+00  1.372858e+02
     vertex  2.497287e+00  5.151696e+00  1.372858e+02
   endloop
 endfacet
 facet normal  0.000000e+00  0.000000e+00 -1.000000e+00
   outer loop
     vertex  2.360804e+00  2.077347e+00  1.372858e+02
     vertex  2.497287e+00  5.151696e+00  1.372858e+02
     vertex  2.531604e+00  2.100324e+00  1.372858e+02
   endloop
 endfacet
 facet normal  0.000000e+00  0.000000e+00 -1.000000e+00
   outer loop
     vertex  2.703813e+00  2.093635e+00  1.372858e+02
     vertex  2.497287e+00  5.151696e+00  1.372858e+02
     vertex  4.288907e+00  3.026757e+00  1.372858e+02
   endloop
 endfacet
 facet normal  0.000000e+00  0.000000e+00 -1.000000e+00
   outer loop
     vertex  2.703813e+00  2.093635e+00  1.372858e+02
     vertex  2.531604e+00  2.100324e+00  1.372858e+02
     vertex  2.497287e+00  5.151696e+00  1.372858e+02
   endloop
 endfacet
 facet normal  0.000000e+00  0.000000e+00 -1.000000e+00
   outer loop
     vertex  2.196485e+00  2.025384e+00  1.372858e+02
     vertex  5.472637e-01  3.343884e+00  1.372858e+02
     vertex  2.360804e+00  2.077347e+00  1.372858e+02
   endloop
 endfacet
 facet normal  0.000000e+00  0.000000e+00 -1.000000e+00
   outer loop
     vertex  2.196485e+00  2.025384e+00  1.372858e+02
     vertex  5.691992e-01  3.048368e+00  1.372858e+02
     vertex  5.472637e-01  3.343884e+00  1.372858e+02
   endloop
 endfacet
 facet normal  0.000000e+00  0.000000e+00 -1.000000e+00
   outer loop
     vertex  2.872317e+00  2.057477e+00  1.372858e+02
     vertex  2.703813e+00  2.093635e+00  1.372858e+02
     vertex  4.288907e+00  3.026757e+00  1.372858e+02
   endloop
 endfacet
 facet normal  0.000000e+00  0.000000e+00 -1.000000e+00
   outer loop
     vertex -3.922773e+00  1.507413e+00  1.372858e+02
     vertex -4.151827e+00  2.016010e+00  1.372858e+02
     vertex -2.613967e+00  2.240234e+00  1.372858e+02
   endloop
 endfacet
 facet normal  0.000000e+00  0.000000e+00 -1.000000e+00
   outer loop
     vertex  2.043528e+00  1.945980e+00  1.372858e+02
     vertex  5.691992e-01  3.048368e+00  1.372858e+02
     vertex  2.196485e+00  2.025384e+00  1.372858e+02
   endloop
 endfacet
 facet normal  0.000000e+00  0.000000e+00 -1.000000e+00
   outer loop
     vertex  2.043528e+00  1.945980e+00  1.372858e+02
     vertex  5.394856e-01  2.753532e+00  1.372858e+02
     vertex  5.691992e-01  3.048368e+00  1.372858e+02
   endloop
 endfacet
 facet normal  0.000000e+00  0.000000e+00 -1.000000e+00
   outer loop
     vertex  3.032109e+00  1.992924e+00  1.372858e+02
     vertex  2.872317e+00  2.057477e+00  1.372858e+02
     vertex  4.288907e+00  3.026757e+00  1.372858e+02
   endloop
 endfacet
 facet normal  0.000000e+00  0.000000e+00 -1.000000e+00
   outer loop
     vertex  1.906477e+00  1.841492e+00  1.372858e+02
     vertex  5.394856e-01  2.753532e+00  1.372858e+02
     vertex  2.043528e+00  1.945980e+00  1.372858e+02
   endloop
 endfacet
 facet normal  0.000000e+00  0.000000e+00 -1.000000e+00
   outer loop
     vertex  1.906477e+00  1.841492e+00  1.372858e+02
     vertex  4.590256e-01  2.468335e+00  1.372858e+02
     vertex  5.394856e-01  2.753532e+00  1.372858e+02
   endloop
 endfacet
 facet normal  0.000000e+00  0.000000e+00 -1.000000e+00
   outer loop
     vertex  3.178445e+00  1.901893e+00  1.372858e+02
     vertex  3.032109e+00  1.992924e+00  1.372858e+02
     vertex  4.288907e+00  3.026757e+00  1.372858e+02
   endloop
 endfacet
 facet normal  0.000000e+00  0.000000e+00 -1.000000e+00
   outer loop
     vertex  1.789401e+00  1.715025e+00  1.372858e+02
     vertex  4.590256e-01  2.468335e+00  1.372858e+02
     vertex  1.906477e+00  1.841492e+00  1.372858e+02
   endloop
 endfacet
 facet normal  0.000000e+00  0.000000e+00 -1.000000e+00
   outer loop
     vertex  3.306978e+00  1.787089e+00  1.372858e+02
     vertex  3.178445e+00  1.901893e+00  1.372858e+02
     vertex  4.288907e+00  3.026757e+00  1.372858e+02
   endloop
 endfacet
 facet normal  0.000000e+00  0.000000e+00 -1.000000e+00
   outer loop
     vertex  1.695777e+00  1.570334e+00  1.372858e+02
     vertex  4.590256e-01  2.468335e+00  1.372858e+02
     vertex  1.789401e+00  1.715025e+00  1.372858e+02
   endloop
 endfacet
 facet normal  0.000000e+00  0.000000e+00 -1.000000e+00
   outer loop
     vertex  1.695777e+00  1.570334e+00  1.372858e+02
     vertex  3.302640e-01  2.201442e+00  1.372858e+02
     vertex  4.590256e-01  2.468335e+00  1.372858e+02
   endloop
 endfacet
 facet normal  0.000000e+00  0.000000e+00 -1.000000e+00
   outer loop
     vertex  3.413891e+00  1.651921e+00  1.372858e+02
     vertex  3.306978e+00  1.787089e+00  1.372858e+02
     vertex  4.288907e+00  3.026757e+00  1.372858e+02
   endloop
 endfacet
 facet normal  0.000000e+00  0.000000e+00 -1.000000e+00
   outer loop
     vertex -3.608881e+00  1.046317e+00  1.372858e+02
     vertex -2.613967e+00  2.240234e+00  1.372858e+02
     vertex -2.447212e+00  1.995277e+00  1.372858e+02
   endloop
 endfacet
 facet normal  0.000000e+00  0.000000e+00 -1.000000e+00
   outer loop
     vertex -3.608881e+00  1.046317e+00  1.372858e+02
     vertex -3.922773e+00  1.507413e+00  1.372858e+02
     vertex -2.613967e+00  2.240234e+00  1.372858e+02
   endloop
 endfacet
 facet normal  0.000000e+00  0.000000e+00 -1.000000e+00
   outer loop
     vertex  1.576384e+00  1.364321e+00  1.372858e+02
     vertex  3.302640e-01  2.201442e+00  1.372858e+02
     vertex  1.695777e+00  1.570334e+00  1.372858e+02
   endloop
 endfacet
 facet normal  0.000000e+00  0.000000e+00 -1.000000e+00
   outer loop
     vertex  1.442003e+00  1.167756e+00  1.372858e+02
     vertex  3.302640e-01  2.201442e+00  1.372858e+02
     vertex  1.576384e+00  1.364321e+00  1.372858e+02
   endloop
 endfacet
 facet normal  0.000000e+00  0.000000e+00 -1.000000e+00
   outer loop
     vertex  1.442003e+00  1.167756e+00  1.372858e+02
     vertex  1.571132e-01  1.960964e+00  1.372858e+02
     vertex  3.302640e-01  2.201442e+00  1.372858e+02
   endloop
 endfacet
 facet normal  0.000000e+00  0.000000e+00 -1.000000e+00
   outer loop
     vertex  1.293378e+00  9.817276e-01  1.372858e+02
     vertex  1.571132e-01  1.960964e+00  1.372858e+02
     vertex  1.442003e+00  1.167756e+00  1.372858e+02
   endloop
 endfacet
 facet normal  0.000000e+00  0.000000e+00 -1.000000e+00
   outer loop
     vertex -3.219690e+00  6.467333e-01  1.372858e+02
     vertex -3.608881e+00  1.046317e+00  1.372858e+02
     vertex -2.447212e+00  1.995277e+00  1.372858e+02
   endloop
 endfacet
 facet normal  0.000000e+00  0.000000e+00 -1.000000e+00
   outer loop
     vertex -3.219690e+00  6.467333e-01  1.372858e+02
     vertex -2.447212e+00  1.995277e+00  1.372858e+02
     vertex -2.240454e+00  1.782998e+00  1.372858e+02
   endloop
 endfacet
 facet normal  0.000000e+00  0.000000e+00 -1.000000e+00
   outer loop
     vertex  3.757946e+00  1.106513e+00  1.372858e+02
     vertex  3.413891e+00  1.651921e+00  1.372858e+02
     vertex  4.288907e+00  3.026757e+00  1.372858e+02
   endloop
 endfacet
 facet normal  0.000000e+00  0.000000e+00 -1.000000e+00
   outer loop
     vertex -2.767024e+00  3.208024e-01  1.372858e+02
     vertex -3.219690e+00  6.467333e-01  1.372858e+02
     vertex -2.240454e+00  1.782998e+00  1.372858e+02
   endloop
 endfacet
 facet normal  0.000000e+00  0.000000e+00 -1.000000e+00
   outer loop
     vertex -2.767024e+00  3.208024e-01  1.372858e+02
     vertex -2.240454e+00  1.782998e+00  1.372858e+02
     vertex -1.999975e+00  1.609847e+00  1.372858e+02
   endloop
 endfacet
 facet normal  0.000000e+00  0.000000e+00 -1.000000e+00
   outer loop
     vertex  8.937938e-01  5.925362e-01  1.372858e+02
     vertex  1.571132e-01  1.960964e+00  1.372858e+02
     vertex  1.293378e+00  9.817276e-01  1.372858e+02
   endloop
 endfacet
 facet normal  0.000000e+00  0.000000e+00 -1.000000e+00
   outer loop
     vertex  8.937938e-01  5.925362e-01  1.372858e+02
     vertex -5.516575e-02  1.754206e+00  1.372858e+02
     vertex  1.571132e-01  1.960964e+00  1.372858e+02
   endloop
 endfacet
 facet normal  0.000000e+00  0.000000e+00 -1.000000e+00
   outer loop
     vertex -2.264638e+00  7.842766e-02  1.372858e+02
     vertex -1.999975e+00  1.609847e+00  1.372858e+02
     vertex -1.733083e+00  1.481085e+00  1.372858e+02
   endloop
 endfacet
 facet normal  0.000000e+00  0.000000e+00 -1.000000e+00
   outer loop
     vertex -2.264638e+00  7.842766e-02  1.372858e+02
     vertex -1.733083e+00  1.481085e+00  1.372858e+02
     vertex -1.447886e+00  1.400625e+00  1.372858e+02
   endloop
 endfacet
 facet normal  0.000000e+00  0.000000e+00 -1.000000e+00
   outer loop
     vertex -2.264638e+00  7.842766e-02  1.372858e+02
     vertex -2.767024e+00  3.208024e-01  1.372858e+02
     vertex -1.999975e+00  1.609847e+00  1.372858e+02
   endloop
 endfacet
 facet normal  0.000000e+00  0.000000e+00 -1.000000e+00
   outer loop
     vertex  4.326981e-01  2.786445e-01  1.372858e+02
     vertex -5.516575e-02  1.754206e+00  1.372858e+02
     vertex  8.937938e-01  5.925362e-01  1.372858e+02
   endloop
 endfacet
 facet normal  0.000000e+00  0.000000e+00 -1.000000e+00
   outer loop
     vertex  4.326981e-01  2.786445e-01  1.372858e+02
     vertex -3.001228e-01  1.587451e+00  1.372858e+02
     vertex -5.516575e-02  1.754206e+00  1.372858e+02
   endloop
 endfacet
 facet normal -0.000000e+00  0.000000e+00 -1.000000e+00
   outer loop
     vertex  5.721502e+00  6.449646e-01  1.372858e+02
     vertex  4.079745e+00  5.476850e-01  1.372858e+02
     vertex  3.757946e+00  1.106513e+00  1.372858e+02
   endloop
 endfacet
 facet normal  0.000000e+00  0.000000e+00 -1.000000e+00
   outer loop
     vertex  5.721502e+00  6.449646e-01  1.372858e+02
     vertex  3.757946e+00  1.106513e+00  1.372858e+02
     vertex  4.288907e+00  3.026757e+00  1.372858e+02
   endloop
 endfacet
 facet normal  0.000000e+00  0.000000e+00 -1.000000e+00
   outer loop
     vertex -1.727797e+00 -7.302644e-02  1.372858e+02
     vertex -2.264638e+00  7.842766e-02  1.372858e+02
     vertex -1.447886e+00  1.400625e+00  1.372858e+02
   endloop
 endfacet
 facet normal  0.000000e+00  0.000000e+00 -1.000000e+00
   outer loop
     vertex -1.727797e+00 -7.302644e-02  1.372858e+02
     vertex -1.447886e+00  1.400625e+00  1.372858e+02
     vertex -1.153050e+00  1.370912e+00  1.372858e+02
   endloop
 endfacet
 facet normal  0.000000e+00  0.000000e+00 -1.000000e+00
   outer loop
     vertex -7.589922e-02  4.958996e-02  1.372858e+02
     vertex -3.001228e-01  1.587451e+00  1.372858e+02
     vertex  4.326981e-01  2.786445e-01  1.372858e+02
   endloop
 endfacet
 facet normal  0.000000e+00  0.000000e+00 -1.000000e+00
   outer loop
     vertex -7.589922e-02  4.958996e-02  1.372858e+02
     vertex -5.703152e-01  1.465765e+00  1.372858e+02
     vertex -3.001228e-01  1.587451e+00  1.372858e+02
   endloop
 endfacet
 facet normal  0.000000e+00  0.000000e+00 -1.000000e+00
   outer loop
     vertex -6.165447e-01 -8.766772e-02  1.372858e+02
     vertex -5.703152e-01  1.465765e+00  1.372858e+02
     vertex -7.589922e-02  4.958996e-02  1.372858e+02
   endloop
 endfacet
 facet normal  0.000000e+00  0.000000e+00 -1.000000e+00
   outer loop
     vertex -6.165447e-01 -8.766772e-02  1.372858e+02
     vertex -1.153050e+00  1.370912e+00  1.372858e+02
     vertex -8.575331e-01  1.392847e+00  1.372858e+02
   endloop
 endfacet
 facet normal  0.000000e+00  0.000000e+00 -1.000000e+00
   outer loop
     vertex -6.165447e-01 -8.766772e-02  1.372858e+02
     vertex -8.575331e-01  1.392847e+00  1.372858e+02
     vertex -5.703152e-01  1.465765e+00  1.372858e+02
   endloop
 endfacet
 facet normal  0.000000e+00  0.000000e+00 -1.000000e+00
   outer loop
     vertex -1.172811e+00 -1.289581e-01  1.372858e+02
     vertex -1.727797e+00 -7.302644e-02  1.372858e+02
     vertex -1.153050e+00  1.370912e+00  1.372858e+02
   endloop
 endfacet
 facet normal  0.000000e+00  0.000000e+00 -1.000000e+00
   outer loop
     vertex -1.172811e+00 -1.289581e-01  1.372858e+02
     vertex -1.153050e+00  1.370912e+00  1.372858e+02
     vertex -6.165447e-01 -8.766772e-02  1.372858e+02
   endloop
 endfacet
 facet normal  0.000000e+00  0.000000e+00 -1.000000e+00
   outer loop
     vertex  4.378763e+00 -2.365664e-02  1.372858e+02
     vertex  5.721502e+00  6.449646e-01  1.372858e+02
     vertex  5.845141e+00  3.337869e-01  1.372858e+02
   endloop
 endfacet
 facet normal  0.000000e+00  0.000000e+00 -1.000000e+00
   outer loop
     vertex  4.378763e+00 -2.365664e-02  1.372858e+02
     vertex  4.079745e+00  5.476850e-01  1.372858e+02
     vertex  5.721502e+00  6.449646e-01  1.372858e+02
   endloop
 endfacet
 facet normal  0.000000e+00  0.000000e+00 -1.000000e+00
   outer loop
     vertex  4.424088e+00 -1.625896e-01  1.372858e+02
     vertex  5.845141e+00  3.337869e-01  1.372858e+02
     vertex  5.915133e+00  6.343173e-03  1.372858e+02
   endloop
 endfacet
 facet normal  0.000000e+00  0.000000e+00 -1.000000e+00
   outer loop
     vertex  4.424088e+00 -1.625896e-01  1.372858e+02
     vertex  4.378763e+00 -2.365664e-02  1.372858e+02
     vertex  5.845141e+00  3.337869e-01  1.372858e+02
   endloop
 endfacet
 facet normal  0.000000e+00  0.000000e+00 -1.000000e+00
   outer loop
     vertex  5.929516e+00 -3.281885e-01  1.372858e+02
     vertex  4.427305e+00 -3.086934e-01  1.372858e+02
     vertex  4.424088e+00 -1.625896e-01  1.372858e+02
   endloop
 endfacet
 facet normal  0.000000e+00  0.000000e+00 -1.000000e+00
   outer loop
     vertex  5.929516e+00 -3.281885e-01  1.372858e+02
     vertex  4.424088e+00 -1.625896e-01  1.372858e+02
     vertex  5.915133e+00  6.343173e-03  1.372858e+02
   endloop
 endfacet
 facet normal  0.000000e+00  0.000000e+00 -1.000000e+00
   outer loop
     vertex  5.887887e+00 -6.604313e-01  1.372858e+02
     vertex  4.388140e+00 -4.494868e-01  1.372858e+02
     vertex  4.427305e+00 -3.086934e-01  1.372858e+02
   endloop
 endfacet
 facet normal  0.000000e+00  0.000000e+00 -1.000000e+00
   outer loop
     vertex  5.887887e+00 -6.604313e-01  1.372858e+02
     vertex  4.427305e+00 -3.086934e-01  1.372858e+02
     vertex  5.929516e+00 -3.281885e-01  1.372858e+02
   endloop
 endfacet
 facet normal  0.000000e+00  0.000000e+00 -1.000000e+00
   outer loop
     vertex  5.791412e+00 -9.810727e-01  1.372858e+02
     vertex  4.388140e+00 -4.494868e-01  1.372858e+02
     vertex  5.887887e+00 -6.604313e-01  1.372858e+02
   endloop
 endfacet
 facet normal  0.000000e+00  0.000000e+00 -1.000000e+00
   outer loop
     vertex  5.642795e+00 -1.281125e+00  1.372858e+02
     vertex  4.309939e+00 -5.729423e-01  1.372858e+02
     vertex  4.388140e+00 -4.494868e-01  1.372858e+02
   endloop
 endfacet
 facet normal  0.000000e+00  0.000000e+00 -1.000000e+00
   outer loop
     vertex  5.642795e+00 -1.281125e+00  1.372858e+02
     vertex  4.388140e+00 -4.494868e-01  1.372858e+02
     vertex  5.791412e+00 -9.810727e-01  1.372858e+02
   endloop
 endfacet
 facet normal  0.000000e+00  0.000000e+00 -1.000000e+00
   outer loop
     vertex  5.446203e+00 -1.552178e+00  1.372858e+02
     vertex  4.309939e+00 -5.729423e-01  1.372858e+02
     vertex  5.642795e+00 -1.281125e+00  1.372858e+02
   endloop
 endfacet
 facet normal  0.000000e+00  0.000000e+00 -1.000000e+00
   outer loop
     vertex -2.419749e+01 -1.373829e+01  1.372858e+02
     vertex -2.553035e+01 -1.303011e+01  1.372858e+02
     vertex -2.533376e+01 -1.275905e+01  1.372858e+02
   endloop
 endfacet
 facet normal  0.000000e+00  0.000000e+00 -1.000000e+00
   outer loop
     vertex -2.427569e+01 -1.386175e+01  1.372858e+02
     vertex -2.553035e+01 -1.303011e+01  1.372858e+02
     vertex -2.419749e+01 -1.373829e+01  1.372858e+02
   endloop
 endfacet
 facet normal  0.000000e+00  0.000000e+00 -1.000000e+00
   outer loop
     vertex -2.427569e+01 -1.386175e+01  1.372858e+02
     vertex -2.577544e+01 -1.365080e+01  1.372858e+02
     vertex -2.567897e+01 -1.333016e+01  1.372858e+02
   endloop
 endfacet
 facet normal  0.000000e+00  0.000000e+00 -1.000000e+00
   outer loop
     vertex -2.427569e+01 -1.386175e+01  1.372858e+02
     vertex -2.567897e+01 -1.333016e+01  1.372858e+02
     vertex -2.553035e+01 -1.303011e+01  1.372858e+02
   endloop
 endfacet
 facet normal  0.000000e+00  0.000000e+00 -1.000000e+00
   outer loop
     vertex -2.431486e+01 -1.400254e+01  1.372858e+02
     vertex -2.581707e+01 -1.398304e+01  1.372858e+02
     vertex -2.577544e+01 -1.365080e+01  1.372858e+02
   endloop
 endfacet
 facet normal  0.000000e+00  0.000000e+00 -1.000000e+00
   outer loop
     vertex -2.431486e+01 -1.400254e+01  1.372858e+02
     vertex -2.577544e+01 -1.365080e+01  1.372858e+02
     vertex -2.427569e+01 -1.386175e+01  1.372858e+02
   endloop
 endfacet
 facet normal  0.000000e+00  0.000000e+00 -1.000000e+00
   outer loop
     vertex -2.431164e+01 -1.414864e+01  1.372858e+02
     vertex -2.581707e+01 -1.398304e+01  1.372858e+02
     vertex -2.431486e+01 -1.400254e+01  1.372858e+02
   endloop
 endfacet
 facet normal  0.000000e+00  0.000000e+00 -1.000000e+00
   outer loop
     vertex -2.580269e+01 -1.431758e+01  1.372858e+02
     vertex -2.581707e+01 -1.398304e+01  1.372858e+02
     vertex -2.431164e+01 -1.414864e+01  1.372858e+02
   endloop
 endfacet
 facet normal  0.000000e+00  0.000000e+00 -1.000000e+00
   outer loop
     vertex -2.573269e+01 -1.464502e+01  1.372858e+02
     vertex -2.580269e+01 -1.431758e+01  1.372858e+02
     vertex -2.431164e+01 -1.414864e+01  1.372858e+02
   endloop
 endfacet
 facet normal  0.000000e+00  0.000000e+00 -1.000000e+00
   outer loop
     vertex -2.573269e+01 -1.464502e+01  1.372858e+02
     vertex -2.431164e+01 -1.414864e+01  1.372858e+02
     vertex -2.426632e+01 -1.428758e+01  1.372858e+02
   endloop
 endfacet
 facet normal  0.000000e+00  0.000000e+00 -1.000000e+00
   outer loop
     vertex -2.560905e+01 -1.495620e+01  1.372858e+02
     vertex -2.573269e+01 -1.464502e+01  1.372858e+02
     vertex -2.426632e+01 -1.428758e+01  1.372858e+02
   endloop
 endfacet
 facet normal -0.000000e+00  0.000000e+00 -1.000000e+00
   outer loop
     vertex -2.396730e+01 -1.485892e+01  1.372858e+02
     vertex -2.560905e+01 -1.495620e+01  1.372858e+02
     vertex -2.426632e+01 -1.428758e+01  1.372858e+02
   endloop
 endfacet
 facet normal  0.000000e+00  0.000000e+00 -1.000000e+00
   outer loop
     vertex -2.364550e+01 -1.541775e+01  1.372858e+02
     vertex -2.560905e+01 -1.495620e+01  1.372858e+02
     vertex -2.396730e+01 -1.485892e+01  1.372858e+02
   endloop
 endfacet
 facet normal  0.000000e+00  0.000000e+00 -1.000000e+00
   outer loop
     vertex -1.873450e+01 -1.568214e+01  1.372858e+02
     vertex -1.927101e+01 -1.422356e+01  1.372858e+02
     vertex -1.871474e+01 -1.418227e+01  1.372858e+02
   endloop
 endfacet
 facet normal -0.000000e+00  0.000000e+00 -1.000000e+00
   outer loop
     vertex -1.873450e+01 -1.568214e+01  1.372858e+02
     vertex -1.903002e+01 -1.570408e+01  1.372858e+02
     vertex -1.927101e+01 -1.422356e+01  1.372858e+02
   endloop
 endfacet
 facet normal  0.000000e+00  0.000000e+00 -1.000000e+00
   outer loop
     vertex -1.843967e+01 -1.571186e+01  1.372858e+02
     vertex -1.871474e+01 -1.418227e+01  1.372858e+02
     vertex -1.815976e+01 -1.423821e+01  1.372858e+02
   endloop
 endfacet
 facet normal  0.000000e+00  0.000000e+00 -1.000000e+00
   outer loop
     vertex -1.843967e+01 -1.571186e+01  1.372858e+02
     vertex -1.873450e+01 -1.568214e+01  1.372858e+02
     vertex -1.871474e+01 -1.418227e+01  1.372858e+02
   endloop
 endfacet
 facet normal  0.000000e+00  0.000000e+00 -1.000000e+00
   outer loop
     vertex -1.843967e+01 -1.571186e+01  1.372858e+02
     vertex -1.815976e+01 -1.423821e+01  1.372858e+02
     vertex -1.762292e+01 -1.438966e+01  1.372858e+02
   endloop
 endfacet
 facet normal  0.000000e+00  0.000000e+00 -1.000000e+00
   outer loop
     vertex -1.931724e+01 -1.577700e+01  1.372858e+02
     vertex -1.927101e+01 -1.422356e+01  1.372858e+02
     vertex -1.903002e+01 -1.570408e+01  1.372858e+02
   endloop
 endfacet
 facet normal  0.000000e+00  0.000000e+00 -1.000000e+00
   outer loop
     vertex -1.931724e+01 -1.577700e+01  1.372858e+02
     vertex -1.981165e+01 -1.436082e+01  1.372858e+02
     vertex -1.927101e+01 -1.422356e+01  1.372858e+02
   endloop
 endfacet
 facet normal  0.000000e+00  0.000000e+00 -1.000000e+00
   outer loop
     vertex -1.958743e+01 -1.589868e+01  1.372858e+02
     vertex -1.981165e+01 -1.436082e+01  1.372858e+02
     vertex -1.931724e+01 -1.577700e+01  1.372858e+02
   endloop
 endfacet
 facet normal  0.000000e+00  0.000000e+00 -1.000000e+00
   outer loop
     vertex -1.958743e+01 -1.589868e+01  1.372858e+02
     vertex -2.032025e+01 -1.458988e+01  1.372858e+02
     vertex -1.981165e+01 -1.436082e+01  1.372858e+02
   endloop
 endfacet
 facet normal  0.000000e+00  0.000000e+00 -1.000000e+00
   outer loop
     vertex -1.815447e+01 -1.579232e+01  1.372858e+02
     vertex -1.843967e+01 -1.571186e+01  1.372858e+02
     vertex -1.762292e+01 -1.438966e+01  1.372858e+02
   endloop
 endfacet
 facet normal  0.000000e+00  0.000000e+00 -1.000000e+00
   outer loop
     vertex -1.788758e+01 -1.592108e+01  1.372858e+02
     vertex -1.762292e+01 -1.438966e+01  1.372858e+02
     vertex -1.712053e+01 -1.463203e+01  1.372858e+02
   endloop
 endfacet
 facet normal  0.000000e+00  0.000000e+00 -1.000000e+00
   outer loop
     vertex -1.788758e+01 -1.592108e+01  1.372858e+02
     vertex -1.815447e+01 -1.579232e+01  1.372858e+02
     vertex -1.762292e+01 -1.438966e+01  1.372858e+02
   endloop
 endfacet
 facet normal  0.000000e+00  0.000000e+00 -1.000000e+00
   outer loop
     vertex -1.983239e+01 -1.606544e+01  1.372858e+02
     vertex -2.032025e+01 -1.458988e+01  1.372858e+02
     vertex -1.958743e+01 -1.589868e+01  1.372858e+02
   endloop
 endfacet
 facet normal  0.000000e+00  0.000000e+00 -1.000000e+00
   outer loop
     vertex -1.983239e+01 -1.606544e+01  1.372858e+02
     vertex -2.078135e+01 -1.490377e+01  1.372858e+02
     vertex -2.032025e+01 -1.458988e+01  1.372858e+02
   endloop
 endfacet
 facet normal  0.000000e+00  0.000000e+00 -1.000000e+00
   outer loop
     vertex -2.004467e+01 -1.627220e+01  1.372858e+02
     vertex -2.078135e+01 -1.490377e+01  1.372858e+02
     vertex -1.983239e+01 -1.606544e+01  1.372858e+02
   endloop
 endfacet
 facet normal  0.000000e+00  0.000000e+00 -1.000000e+00
   outer loop
     vertex -2.004467e+01 -1.627220e+01  1.372858e+02
     vertex -2.132956e+01 -1.547899e+01  1.372858e+02
     vertex -2.118093e+01 -1.529296e+01  1.372858e+02
   endloop
 endfacet
 facet normal  0.000000e+00  0.000000e+00 -1.000000e+00
   outer loop
     vertex -2.004467e+01 -1.627220e+01  1.372858e+02
     vertex -2.118093e+01 -1.529296e+01  1.372858e+02
     vertex -2.078135e+01 -1.490377e+01  1.372858e+02
   endloop
 endfacet
 facet normal  0.000000e+00  0.000000e+00 -1.000000e+00
   outer loop
     vertex -1.764710e+01 -1.609423e+01  1.372858e+02
     vertex -1.712053e+01 -1.463203e+01  1.372858e+02
     vertex -1.666786e+01 -1.495797e+01  1.372858e+02
   endloop
 endfacet
 facet normal  0.000000e+00  0.000000e+00 -1.000000e+00
   outer loop
     vertex -1.764710e+01 -1.609423e+01  1.372858e+02
     vertex -1.788758e+01 -1.592108e+01  1.372858e+02
     vertex -1.712053e+01 -1.463203e+01  1.372858e+02
   endloop
 endfacet
 facet normal  0.000000e+00  0.000000e+00 -1.000000e+00
   outer loop
     vertex -1.744034e+01 -1.630651e+01  1.372858e+02
     vertex -1.666786e+01 -1.495797e+01  1.372858e+02
     vertex -1.627867e+01 -1.535755e+01  1.372858e+02
   endloop
 endfacet
 facet normal  0.000000e+00  0.000000e+00 -1.000000e+00
   outer loop
     vertex -1.744034e+01 -1.630651e+01  1.372858e+02
     vertex -1.764710e+01 -1.609423e+01  1.372858e+02
     vertex -1.666786e+01 -1.495797e+01  1.372858e+02
   endloop
 endfacet
 facet normal  0.000000e+00  0.000000e+00 -1.000000e+00
   outer loop
     vertex -2.021782e+01 -1.651267e+01  1.372858e+02
     vertex -2.132956e+01 -1.547899e+01  1.372858e+02
     vertex -2.004467e+01 -1.627220e+01  1.372858e+02
   endloop
 endfacet
 facet normal  0.000000e+00  0.000000e+00 -1.000000e+00
   outer loop
     vertex -2.021782e+01 -1.651267e+01  1.372858e+02
     vertex -2.162064e+01 -1.594595e+01  1.372858e+02
     vertex -2.158333e+01 -1.588157e+01  1.372858e+02
   endloop
 endfacet
 facet normal  0.000000e+00  0.000000e+00 -1.000000e+00
   outer loop
     vertex -2.021782e+01 -1.651267e+01  1.372858e+02
     vertex -2.158333e+01 -1.588157e+01  1.372858e+02
     vertex -2.146394e+01 -1.567555e+01  1.372858e+02
   endloop
 endfacet
 facet normal  0.000000e+00  0.000000e+00 -1.000000e+00
   outer loop
     vertex -2.021782e+01 -1.651267e+01  1.372858e+02
     vertex -2.146394e+01 -1.567555e+01  1.372858e+02
     vertex -2.132956e+01 -1.547899e+01  1.372858e+02
   endloop
 endfacet
 facet normal  0.000000e+00  0.000000e+00 -1.000000e+00
   outer loop
     vertex -1.727359e+01 -1.655147e+01  1.372858e+02
     vertex -1.627867e+01 -1.535755e+01  1.372858e+02
     vertex -1.596478e+01 -1.581865e+01  1.372858e+02
   endloop
 endfacet
 facet normal  0.000000e+00  0.000000e+00 -1.000000e+00
   outer loop
     vertex -1.727359e+01 -1.655147e+01  1.372858e+02
     vertex -1.744034e+01 -1.630651e+01  1.372858e+02
     vertex -1.627867e+01 -1.535755e+01  1.372858e+02
   endloop
 endfacet
 facet normal  0.000000e+00  0.000000e+00 -1.000000e+00
   outer loop
     vertex -2.034658e+01 -1.677957e+01  1.372858e+02
     vertex -2.162064e+01 -1.594595e+01  1.372858e+02
     vertex -2.021782e+01 -1.651267e+01  1.372858e+02
   endloop
 endfacet
 facet normal  0.000000e+00  0.000000e+00 -1.000000e+00
   outer loop
     vertex -2.034658e+01 -1.677957e+01  1.372858e+02
     vertex -2.170908e+01 -1.606551e+01  1.372858e+02
     vertex -2.166264e+01 -1.600737e+01  1.372858e+02
   endloop
 endfacet
 facet normal  0.000000e+00  0.000000e+00 -1.000000e+00
   outer loop
     vertex -2.034658e+01 -1.677957e+01  1.372858e+02
     vertex -2.166264e+01 -1.600737e+01  1.372858e+02
     vertex -2.162064e+01 -1.594595e+01  1.372858e+02
   endloop
 endfacet
 facet normal  0.000000e+00  0.000000e+00 -1.000000e+00
   outer loop
     vertex -2.417646e+01 -1.733799e+01  1.372858e+02
     vertex -2.560905e+01 -1.495620e+01  1.372858e+02
     vertex -2.364550e+01 -1.541775e+01  1.372858e+02
   endloop
 endfacet
 facet normal  0.000000e+00  0.000000e+00 -1.000000e+00
   outer loop
     vertex -2.417646e+01 -1.733799e+01  1.372858e+02
     vertex -2.364550e+01 -1.541775e+01  1.372858e+02
     vertex -2.330144e+01 -1.596315e+01  1.372858e+02
   endloop
 endfacet
 facet normal  0.000000e+00  0.000000e+00 -1.000000e+00
   outer loop
     vertex -2.417646e+01 -1.733799e+01  1.372858e+02
     vertex -2.330144e+01 -1.596315e+01  1.372858e+02
     vertex -2.319769e+01 -1.609496e+01  1.372858e+02
   endloop
 endfacet
 facet normal  0.000000e+00  0.000000e+00 -1.000000e+00
   outer loop
     vertex -2.417646e+01 -1.733799e+01  1.372858e+02
     vertex -2.319769e+01 -1.609496e+01  1.372858e+02
     vertex -2.307336e+01 -1.620756e+01  1.372858e+02
   endloop
 endfacet
 facet normal  0.000000e+00  0.000000e+00 -1.000000e+00
   outer loop
     vertex -2.417646e+01 -1.733799e+01  1.372858e+02
     vertex -2.307336e+01 -1.620756e+01  1.372858e+02
     vertex -2.293195e+01 -1.629780e+01  1.372858e+02
   endloop
 endfacet
 facet normal  0.000000e+00  0.000000e+00 -1.000000e+00
   outer loop
     vertex -2.417646e+01 -1.733799e+01  1.372858e+02
     vertex -2.293195e+01 -1.629780e+01  1.372858e+02
     vertex -2.277745e+01 -1.636314e+01  1.372858e+02
   endloop
 endfacet
 facet normal  0.000000e+00  0.000000e+00 -1.000000e+00
   outer loop
     vertex -2.417646e+01 -1.733799e+01  1.372858e+02
     vertex -2.277745e+01 -1.636314e+01  1.372858e+02
     vertex -2.261421e+01 -1.640173e+01  1.372858e+02
   endloop
 endfacet
 facet normal  0.000000e+00  0.000000e+00 -1.000000e+00
   outer loop
     vertex -2.042704e+01 -1.706476e+01  1.372858e+02
     vertex -2.170908e+01 -1.606551e+01  1.372858e+02
     vertex -2.034658e+01 -1.677957e+01  1.372858e+02
   endloop
 endfacet
 facet normal  0.000000e+00  0.000000e+00 -1.000000e+00
   outer loop
     vertex -2.042704e+01 -1.706476e+01  1.372858e+02
     vertex -2.196658e+01 -1.627870e+01  1.372858e+02
     vertex -2.182886e+01 -1.618294e+01  1.372858e+02
   endloop
 endfacet
 facet normal  0.000000e+00  0.000000e+00 -1.000000e+00
   outer loop
     vertex -2.042704e+01 -1.706476e+01  1.372858e+02
     vertex -2.182886e+01 -1.618294e+01  1.372858e+02
     vertex -2.170908e+01 -1.606551e+01  1.372858e+02
   endloop
 endfacet
 facet normal  0.000000e+00  0.000000e+00 -1.000000e+00
   outer loop
     vertex -1.715190e+01 -1.682166e+01  1.372858e+02
     vertex -1.596478e+01 -1.581865e+01  1.372858e+02
     vertex -1.573573e+01 -1.632724e+01  1.372858e+02
   endloop
 endfacet
 facet normal  0.000000e+00  0.000000e+00 -1.000000e+00
   outer loop
     vertex -1.715190e+01 -1.682166e+01  1.372858e+02
     vertex -1.727359e+01 -1.655147e+01  1.372858e+02
     vertex -1.596478e+01 -1.581865e+01  1.372858e+02
   endloop
 endfacet
 facet normal  0.000000e+00  0.000000e+00 -1.000000e+00
   outer loop
     vertex -1.707898e+01 -1.710888e+01  1.372858e+02
     vertex -1.715190e+01 -1.682166e+01  1.372858e+02
     vertex -1.573573e+01 -1.632724e+01  1.372858e+02
   endloop
 endfacet
 facet normal  0.000000e+00  0.000000e+00 -1.000000e+00
   outer loop
     vertex -1.707898e+01 -1.710888e+01  1.372858e+02
     vertex -1.573573e+01 -1.632724e+01  1.372858e+02
     vertex -1.559847e+01 -1.686789e+01  1.372858e+02
   endloop
 endfacet
 facet normal  0.000000e+00  0.000000e+00 -1.000000e+00
   outer loop
     vertex -2.045675e+01 -1.735960e+01  1.372858e+02
     vertex -2.196658e+01 -1.627870e+01  1.372858e+02
     vertex -2.042704e+01 -1.706476e+01  1.372858e+02
   endloop
 endfacet
 facet normal  0.000000e+00  0.000000e+00 -1.000000e+00
   outer loop
     vertex -2.045675e+01 -1.735960e+01  1.372858e+02
     vertex -2.211838e+01 -1.635010e+01  1.372858e+02
     vertex -2.196658e+01 -1.627870e+01  1.372858e+02
   endloop
 endfacet
 facet normal  0.000000e+00  0.000000e+00 -1.000000e+00
   outer loop
     vertex -2.043482e+01 -1.765512e+01  1.372858e+02
     vertex -2.211838e+01 -1.635010e+01  1.372858e+02
     vertex -2.045675e+01 -1.735960e+01  1.372858e+02
   endloop
 endfacet
 facet normal  0.000000e+00  0.000000e+00 -1.000000e+00
   outer loop
     vertex -2.043482e+01 -1.765512e+01  1.372858e+02
     vertex -2.227997e+01 -1.639511e+01  1.372858e+02
     vertex -2.211838e+01 -1.635010e+01  1.372858e+02
   endloop
 endfacet
 facet normal  0.000000e+00  0.000000e+00 -1.000000e+00
   outer loop
     vertex -1.555718e+01 -1.742415e+01  1.372858e+02
     vertex -1.705705e+01 -1.740439e+01  1.372858e+02
     vertex -1.707898e+01 -1.710888e+01  1.372858e+02
   endloop
 endfacet
 facet normal  0.000000e+00  0.000000e+00 -1.000000e+00
   outer loop
     vertex -1.555718e+01 -1.742415e+01  1.372858e+02
     vertex -1.707898e+01 -1.710888e+01  1.372858e+02
     vertex -1.559847e+01 -1.686789e+01  1.372858e+02
   endloop
 endfacet
 facet normal  0.000000e+00  0.000000e+00 -1.000000e+00
   outer loop
     vertex -1.561311e+01 -1.797914e+01  1.372858e+02
     vertex -1.705705e+01 -1.740439e+01  1.372858e+02
     vertex -1.555718e+01 -1.742415e+01  1.372858e+02
   endloop
 endfacet
 facet normal -0.000000e+00  0.000000e+00 -1.000000e+00
   outer loop
     vertex -1.561311e+01 -1.797914e+01  1.372858e+02
     vertex -1.716722e+01 -1.798443e+01  1.372858e+02
     vertex -1.708676e+01 -1.769923e+01  1.372858e+02
   endloop
 endfacet
 facet normal  0.000000e+00  0.000000e+00 -1.000000e+00
   outer loop
     vertex -1.561311e+01 -1.797914e+01  1.372858e+02
     vertex -1.708676e+01 -1.769923e+01  1.372858e+02
     vertex -1.705705e+01 -1.740439e+01  1.372858e+02
   endloop
 endfacet
 facet normal  0.000000e+00  0.000000e+00 -1.000000e+00
   outer loop
     vertex -1.576456e+01 -1.851598e+01  1.372858e+02
     vertex -1.716722e+01 -1.798443e+01  1.372858e+02
     vertex -1.561311e+01 -1.797914e+01  1.372858e+02
   endloop
 endfacet
 facet normal  0.000000e+00  0.000000e+00 -1.000000e+00
   outer loop
     vertex -2.238484e+01 -1.946293e+01  1.372858e+02
     vertex -2.417646e+01 -1.733799e+01  1.372858e+02
     vertex -2.261421e+01 -1.640173e+01  1.372858e+02
   endloop
 endfacet
 facet normal  0.000000e+00  0.000000e+00 -1.000000e+00
   outer loop
     vertex -2.238484e+01 -1.946293e+01  1.372858e+02
     vertex -2.227997e+01 -1.639511e+01  1.372858e+02
     vertex -2.043482e+01 -1.765512e+01  1.372858e+02
   endloop
 endfacet
 facet normal  0.000000e+00  0.000000e+00 -1.000000e+00
   outer loop
     vertex -2.238484e+01 -1.946293e+01  1.372858e+02
     vertex -2.043482e+01 -1.765512e+01  1.372858e+02
     vertex -2.036190e+01 -1.794233e+01  1.372858e+02
   endloop
 endfacet
 facet normal  0.000000e+00  0.000000e+00 -1.000000e+00
   outer loop
     vertex -2.238484e+01 -1.946293e+01  1.372858e+02
     vertex -2.036190e+01 -1.794233e+01  1.372858e+02
     vertex -2.024021e+01 -1.821253e+01  1.372858e+02
   endloop
 endfacet
 facet normal  0.000000e+00  0.000000e+00 -1.000000e+00
   outer loop
     vertex -2.238484e+01 -1.946293e+01  1.372858e+02
     vertex -2.024021e+01 -1.821253e+01  1.372858e+02
     vertex -2.007346e+01 -1.845748e+01  1.372858e+02
   endloop
 endfacet
 facet normal  0.000000e+00  0.000000e+00 -1.000000e+00
   outer loop
     vertex -2.238484e+01 -1.946293e+01  1.372858e+02
     vertex -2.007346e+01 -1.845748e+01  1.372858e+02
     vertex -1.986670e+01 -1.866976e+01  1.372858e+02
   endloop
 endfacet
 facet normal  0.000000e+00  0.000000e+00 -1.000000e+00
   outer loop
     vertex -2.238484e+01 -1.946293e+01  1.372858e+02
     vertex -2.261421e+01 -1.640173e+01  1.372858e+02
     vertex -2.244681e+01 -1.641249e+01  1.372858e+02
   endloop
 endfacet
 facet normal  0.000000e+00  0.000000e+00 -1.000000e+00
   outer loop
     vertex -2.238484e+01 -1.946293e+01  1.372858e+02
     vertex -2.244681e+01 -1.641249e+01  1.372858e+02
     vertex -2.227997e+01 -1.639511e+01  1.372858e+02
   endloop
 endfacet
 facet normal  0.000000e+00  0.000000e+00 -1.000000e+00
   outer loop
     vertex -1.600694e+01 -1.901837e+01  1.372858e+02
     vertex -1.716722e+01 -1.798443e+01  1.372858e+02
     vertex -1.576456e+01 -1.851598e+01  1.372858e+02
   endloop
 endfacet
 facet normal  0.000000e+00  0.000000e+00 -1.000000e+00
   outer loop
     vertex -1.600694e+01 -1.901837e+01  1.372858e+02
     vertex -1.729598e+01 -1.825132e+01  1.372858e+02
     vertex -1.716722e+01 -1.798443e+01  1.372858e+02
   endloop
 endfacet
 facet normal  0.000000e+00  0.000000e+00 -1.000000e+00
   outer loop
     vertex -1.633287e+01 -1.947103e+01  1.372858e+02
     vertex -1.746913e+01 -1.849180e+01  1.372858e+02
     vertex -1.729598e+01 -1.825132e+01  1.372858e+02
   endloop
 endfacet
 facet normal  0.000000e+00  0.000000e+00 -1.000000e+00
   outer loop
     vertex -1.633287e+01 -1.947103e+01  1.372858e+02
     vertex -1.729598e+01 -1.825132e+01  1.372858e+02
     vertex -1.600694e+01 -1.901837e+01  1.372858e+02
   endloop
 endfacet
 facet normal  0.000000e+00  0.000000e+00 -1.000000e+00
   outer loop
     vertex -1.649492e+01 -1.964550e+01  1.372858e+02
     vertex -1.768141e+01 -1.869856e+01  1.372858e+02
     vertex -1.746913e+01 -1.849180e+01  1.372858e+02
   endloop
 endfacet
 facet normal  0.000000e+00  0.000000e+00 -1.000000e+00
   outer loop
     vertex -1.649492e+01 -1.964550e+01  1.372858e+02
     vertex -1.746913e+01 -1.849180e+01  1.372858e+02
     vertex -1.633287e+01 -1.947103e+01  1.372858e+02
   endloop
 endfacet
 facet normal  0.000000e+00  0.000000e+00 -1.000000e+00
   outer loop
     vertex -1.666949e+01 -1.980743e+01  1.372858e+02
     vertex -1.768141e+01 -1.869856e+01  1.372858e+02
     vertex -1.649492e+01 -1.964550e+01  1.372858e+02
   endloop
 endfacet
 facet normal  0.000000e+00  0.000000e+00 -1.000000e+00
   outer loop
     vertex -1.685561e+01 -1.995593e+01  1.372858e+02
     vertex -1.792637e+01 -1.886531e+01  1.372858e+02
     vertex -1.768141e+01 -1.869856e+01  1.372858e+02
   endloop
 endfacet
 facet normal  0.000000e+00  0.000000e+00 -1.000000e+00
   outer loop
     vertex -1.685561e+01 -1.995593e+01  1.372858e+02
     vertex -1.768141e+01 -1.869856e+01  1.372858e+02
     vertex -1.666949e+01 -1.980743e+01  1.372858e+02
   endloop
 endfacet
 facet normal  0.000000e+00  0.000000e+00 -1.000000e+00
   outer loop
     vertex -1.698490e+01 -2.006989e+01  1.372858e+02
     vertex -1.792637e+01 -1.886531e+01  1.372858e+02
     vertex -1.685561e+01 -1.995593e+01  1.372858e+02
   endloop
 endfacet
 facet normal  0.000000e+00  0.000000e+00 -1.000000e+00
   outer loop
     vertex -1.709269e+01 -2.020435e+01  1.372858e+02
     vertex -1.792637e+01 -1.886531e+01  1.372858e+02
     vertex -1.698490e+01 -2.006989e+01  1.372858e+02
   endloop
 endfacet
 facet normal  0.000000e+00  0.000000e+00 -1.000000e+00
   outer loop
     vertex -1.709269e+01 -2.020435e+01  1.372858e+02
     vertex -1.819656e+01 -1.898700e+01  1.372858e+02
     vertex -1.792637e+01 -1.886531e+01  1.372858e+02
   endloop
 endfacet
 facet normal  0.000000e+00  0.000000e+00 -1.000000e+00
   outer loop
     vertex -1.717580e+01 -2.035533e+01  1.372858e+02
     vertex -1.848378e+01 -1.905991e+01  1.372858e+02
     vertex -1.819656e+01 -1.898700e+01  1.372858e+02
   endloop
 endfacet
 facet normal  0.000000e+00  0.000000e+00 -1.000000e+00
   outer loop
     vertex -1.717580e+01 -2.035533e+01  1.372858e+02
     vertex -1.819656e+01 -1.898700e+01  1.372858e+02
     vertex -1.709269e+01 -2.020435e+01  1.372858e+02
   endloop
 endfacet
 facet normal  0.000000e+00  0.000000e+00 -1.000000e+00
   outer loop
     vertex -1.723175e+01 -2.051833e+01  1.372858e+02
     vertex -1.848378e+01 -1.905991e+01  1.372858e+02
     vertex -1.717580e+01 -2.035533e+01  1.372858e+02
   endloop
 endfacet
 facet normal  0.000000e+00  0.000000e+00 -1.000000e+00
   outer loop
     vertex -1.723175e+01 -2.051833e+01  1.372858e+02
     vertex -1.877930e+01 -1.908185e+01  1.372858e+02
     vertex -1.848378e+01 -1.905991e+01  1.372858e+02
   endloop
 endfacet
 facet normal  0.000000e+00  0.000000e+00 -1.000000e+00
   outer loop
     vertex -1.725888e+01 -2.068852e+01  1.372858e+02
     vertex -1.877930e+01 -1.908185e+01  1.372858e+02
     vertex -1.723175e+01 -2.051833e+01  1.372858e+02
   endloop
 endfacet
 facet normal  0.000000e+00  0.000000e+00 -1.000000e+00
   outer loop
     vertex -2.027939e+01 -2.127741e+01  1.372858e+02
     vertex -1.725888e+01 -2.068852e+01  1.372858e+02
     vertex -1.725639e+01 -2.086084e+01  1.372858e+02
   endloop
 endfacet
 facet normal  0.000000e+00  0.000000e+00 -1.000000e+00
   outer loop
     vertex -2.027939e+01 -2.127741e+01  1.372858e+02
     vertex -2.238484e+01 -1.946293e+01  1.372858e+02
     vertex -1.986670e+01 -1.866976e+01  1.372858e+02
   endloop
 endfacet
 facet normal  0.000000e+00  0.000000e+00 -1.000000e+00
   outer loop
     vertex -2.027939e+01 -2.127741e+01  1.372858e+02
     vertex -1.725639e+01 -2.086084e+01  1.372858e+02
     vertex -1.722435e+01 -2.103018e+01  1.372858e+02
   endloop
 endfacet
 facet normal  0.000000e+00  0.000000e+00 -1.000000e+00
   outer loop
     vertex -2.027939e+01 -2.127741e+01  1.372858e+02
     vertex -1.986670e+01 -1.866976e+01  1.372858e+02
     vertex -1.962622e+01 -1.884291e+01  1.372858e+02
   endloop
 endfacet
 facet normal  0.000000e+00  0.000000e+00 -1.000000e+00
   outer loop
     vertex -2.027939e+01 -2.127741e+01  1.372858e+02
     vertex -1.962622e+01 -1.884291e+01  1.372858e+02
     vertex -1.935933e+01 -1.897168e+01  1.372858e+02
   endloop
 endfacet
 facet normal  0.000000e+00  0.000000e+00 -1.000000e+00
   outer loop
     vertex -2.027939e+01 -2.127741e+01  1.372858e+02
     vertex -1.935933e+01 -1.897168e+01  1.372858e+02
     vertex -1.907413e+01 -1.905214e+01  1.372858e+02
   endloop
 endfacet
 facet normal  0.000000e+00  0.000000e+00 -1.000000e+00
   outer loop
     vertex -2.027939e+01 -2.127741e+01  1.372858e+02
     vertex -1.907413e+01 -1.905214e+01  1.372858e+02
     vertex -1.877930e+01 -1.908185e+01  1.372858e+02
   endloop
 endfacet
 facet normal  0.000000e+00  0.000000e+00 -1.000000e+00
   outer loop
     vertex -2.027939e+01 -2.127741e+01  1.372858e+02
     vertex -1.877930e+01 -1.908185e+01  1.372858e+02
     vertex -1.725888e+01 -2.068852e+01  1.372858e+02
   endloop
 endfacet
 facet normal  0.000000e+00  0.000000e+00 -1.000000e+00
   outer loop
     vertex -1.791322e+01 -2.273567e+01  1.372858e+02
     vertex -1.722435e+01 -2.103018e+01  1.372858e+02
     vertex -1.716371e+01 -2.119149e+01  1.372858e+02
   endloop
 endfacet
 facet normal  0.000000e+00  0.000000e+00 -1.000000e+00
   outer loop
     vertex -1.791322e+01 -2.273567e+01  1.372858e+02
     vertex -1.716371e+01 -2.119149e+01  1.372858e+02
     vertex -1.707627e+01 -2.134000e+01  1.372858e+02
   endloop
 endfacet
 facet normal  0.000000e+00  0.000000e+00 -1.000000e+00
   outer loop
     vertex -1.791322e+01 -2.273567e+01  1.372858e+02
     vertex -1.707627e+01 -2.134000e+01  1.372858e+02
     vertex -1.696464e+01 -2.147130e+01  1.372858e+02
   endloop
 endfacet
 facet normal  0.000000e+00  0.000000e+00 -1.000000e+00
   outer loop
     vertex -1.791322e+01 -2.273567e+01  1.372858e+02
     vertex -1.696464e+01 -2.147130e+01  1.372858e+02
     vertex -1.683211e+01 -2.158147e+01  1.372858e+02
   endloop
 endfacet
 facet normal  0.000000e+00  0.000000e+00 -1.000000e+00
   outer loop
     vertex -1.791322e+01 -2.273567e+01  1.372858e+02
     vertex -1.683211e+01 -2.158147e+01  1.372858e+02
     vertex -1.668264e+01 -2.166726e+01  1.372858e+02
   endloop
 endfacet
 facet normal  0.000000e+00  0.000000e+00 -1.000000e+00
   outer loop
     vertex -1.791322e+01 -2.273567e+01  1.372858e+02
     vertex -1.668264e+01 -2.166726e+01  1.372858e+02
     vertex -1.609241e+01 -2.192702e+01  1.372858e+02
   endloop
 endfacet
 facet normal  0.000000e+00  0.000000e+00 -1.000000e+00
   outer loop
     vertex -1.791322e+01 -2.273567e+01  1.372858e+02
     vertex -2.027939e+01 -2.127741e+01  1.372858e+02
     vertex -1.722435e+01 -2.103018e+01  1.372858e+02
   endloop
 endfacet
 facet normal  0.000000e+00  0.000000e+00 -1.000000e+00
   outer loop
     vertex -1.345266e+01 -2.343869e+01  1.372858e+02
     vertex -1.446042e+01 -2.232057e+01  1.372858e+02
     vertex -1.434987e+01 -2.222500e+01  1.372858e+02
   endloop
 endfacet
 facet normal  0.000000e+00  0.000000e+00 -1.000000e+00
   outer loop
     vertex -1.345266e+01 -2.343869e+01  1.372858e+02
     vertex -1.434987e+01 -2.222500e+01  1.372858e+02
     vertex -1.321360e+01 -2.320424e+01  1.372858e+02
   endloop
 endfacet
 facet normal  0.000000e+00  0.000000e+00 -1.000000e+00
   outer loop
     vertex -1.372748e+01 -2.362998e+01  1.372858e+02
     vertex -1.446042e+01 -2.232057e+01  1.372858e+02
     vertex -1.345266e+01 -2.343869e+01  1.372858e+02
   endloop
 endfacet
 facet normal  0.000000e+00  0.000000e+00 -1.000000e+00
   outer loop
     vertex -1.534602e+01 -2.380091e+01  1.372858e+02
     vertex -1.791322e+01 -2.273567e+01  1.372858e+02
     vertex -1.609241e+01 -2.192702e+01  1.372858e+02
   endloop
 endfacet
 facet normal  0.000000e+00  0.000000e+00 -1.000000e+00
   outer loop
     vertex -1.534602e+01 -2.380091e+01  1.372858e+02
     vertex -1.549220e+01 -2.216278e+01  1.372858e+02
     vertex -1.488297e+01 -2.237417e+01  1.372858e+02
   endloop
 endfacet
 facet normal  0.000000e+00  0.000000e+00 -1.000000e+00
   outer loop
     vertex -1.534602e+01 -2.380091e+01  1.372858e+02
     vertex -1.609241e+01 -2.192702e+01  1.372858e+02
     vertex -1.549220e+01 -2.216278e+01  1.372858e+02
   endloop
 endfacet
 facet normal  0.000000e+00  0.000000e+00 -1.000000e+00
   outer loop
     vertex -1.403037e+01 -2.377274e+01  1.372858e+02
     vertex -1.446042e+01 -2.232057e+01  1.372858e+02
     vertex -1.372748e+01 -2.362998e+01  1.372858e+02
   endloop
 endfacet
 facet normal  0.000000e+00  0.000000e+00 -1.000000e+00
   outer loop
     vertex -1.403037e+01 -2.377274e+01  1.372858e+02
     vertex -1.459389e+01 -2.238010e+01  1.372858e+02
     vertex -1.446042e+01 -2.232057e+01  1.372858e+02
   endloop
 endfacet
 facet normal  0.000000e+00  0.000000e+00 -1.000000e+00
   outer loop
     vertex -1.502000e+01 -2.387725e+01  1.372858e+02
     vertex -1.534602e+01 -2.380091e+01  1.372858e+02
     vertex -1.488297e+01 -2.237417e+01  1.372858e+02
   endloop
 endfacet
 facet normal  0.000000e+00  0.000000e+00 -1.000000e+00
   outer loop
     vertex -1.502000e+01 -2.387725e+01  1.372858e+02
     vertex -1.488297e+01 -2.237417e+01  1.372858e+02
     vertex -1.473887e+01 -2.239848e+01  1.372858e+02
   endloop
 endfacet
 facet normal  0.000000e+00  0.000000e+00 -1.000000e+00
   outer loop
     vertex -1.435282e+01 -2.386297e+01  1.372858e+02
     vertex -1.459389e+01 -2.238010e+01  1.372858e+02
     vertex -1.403037e+01 -2.377274e+01  1.372858e+02
   endloop
 endfacet
 facet normal  0.000000e+00  0.000000e+00 -1.000000e+00
   outer loop
     vertex -1.435282e+01 -2.386297e+01  1.372858e+02
     vertex -1.473887e+01 -2.239848e+01  1.372858e+02
     vertex -1.459389e+01 -2.238010e+01  1.372858e+02
   endloop
 endfacet
 facet normal  0.000000e+00  0.000000e+00 -1.000000e+00
   outer loop
     vertex -1.468581e+01 -2.389813e+01  1.372858e+02
     vertex -1.502000e+01 -2.387725e+01  1.372858e+02
     vertex -1.473887e+01 -2.239848e+01  1.372858e+02
   endloop
 endfacet
 facet normal  0.000000e+00  0.000000e+00 -1.000000e+00
   outer loop
     vertex -1.468581e+01 -2.389813e+01  1.372858e+02
     vertex -1.473887e+01 -2.239848e+01  1.372858e+02
     vertex -1.435282e+01 -2.386297e+01  1.372858e+02
   endloop
 endfacet
 facet normal -0.000000e+00  0.000000e+00 -1.000000e+00
   outer loop
     vertex -5.537687e+00  7.913769e+00  1.372858e+02
     vertex -2.419749e+01 -1.373829e+01  1.372858e+02
     vertex -6.673951e+00  8.893005e+00  1.372858e+02
   endloop
 endfacet
 facet normal  0.000000e+00  0.000000e+00 -1.000000e+00
   outer loop
     vertex -6.673951e+00  8.893005e+00  1.372858e+02
     vertex -2.419749e+01 -1.373829e+01  1.372858e+02
     vertex -2.533376e+01 -1.275905e+01  1.372858e+02
   endloop
 endfacet
 facet normal  0.000000e+00  0.000000e+00 -1.000000e+00
   outer loop
     vertex -1.434987e+01 -2.222500e+01  1.372858e+02
     vertex  4.309939e+00 -5.729423e-01  1.372858e+02
     vertex -1.321360e+01 -2.320424e+01  1.372858e+02
   endloop
 endfacet
 facet normal  0.000000e+00  0.000000e+00 -1.000000e+00
   outer loop
     vertex -1.321360e+01 -2.320424e+01  1.372858e+02
     vertex  4.309939e+00 -5.729423e-01  1.372858e+02
     vertex  5.446203e+00 -1.552178e+00  1.372858e+02
   endloop
 endfacet
 facet normal  6.528240e-01  7.575097e-01  0.000000e+00
   outer loop
     vertex -1.410171e+01  3.028274e+00  1.512858e+02
     vertex -3.129872e+01  1.784871e+01  1.512858e+02
     vertex -3.129872e+01  1.784871e+01  1.561858e+02
   endloop
 endfacet
 facet normal  6.528240e-01  7.575097e-01  0.000000e+00
   outer loop
     vertex -1.949011e+00 -7.444952e+00  1.482858e+02
     vertex -1.141030e+01  7.088164e-01  1.452858e+02
     vertex -1.141030e+01  7.088164e-01  1.482858e+02
   endloop
 endfacet
 facet normal  6.528240e-01  7.575097e-01  0.000000e+00
   outer loop
     vertex -1.949011e+00 -7.444952e+00  1.482858e+02
     vertex -1.949011e+00 -7.444952e+00  1.452858e+02
     vertex -1.141030e+01  7.088164e-01  1.452858e+02
   endloop
 endfacet
 facet normal  6.528240e-01  7.575097e-01  2.364251e-14
   outer loop
     vertex -1.928860e+00 -7.462318e+00  1.486375e+02
     vertex -1.141030e+01  7.088164e-01  1.482858e+02
     vertex -1.143410e+01  7.293243e-01  1.486691e+02
   endloop
 endfacet
 facet normal  6.528240e-01  7.575097e-01  3.017711e-14
   outer loop
     vertex -1.928860e+00 -7.462318e+00  1.486375e+02
     vertex -1.949011e+00 -7.444952e+00  1.482858e+02
     vertex -1.141030e+01  7.088164e-01  1.482858e+02
   endloop
 endfacet
 facet normal  6.528240e-01  7.575097e-01  9.021612e-15
   outer loop
     vertex -1.870447e+00 -7.512659e+00  1.489792e+02
     vertex -1.143410e+01  7.293243e-01  1.486691e+02
     vertex -1.150377e+01  7.893675e-01  1.490412e+02
   endloop
 endfacet
 facet normal  6.528240e-01  7.575097e-01  3.947116e-15
   outer loop
     vertex -1.870447e+00 -7.512659e+00  1.489792e+02
     vertex -1.928860e+00 -7.462318e+00  1.486375e+02
     vertex -1.143410e+01  7.293243e-01  1.486691e+02
   endloop
 endfacet
 facet normal  6.528240e-01  7.575097e-01 -3.065454e-15
   outer loop
     vertex -1.753557e+00 -7.613394e+00  1.493706e+02
     vertex -1.150377e+01  7.893675e-01  1.490412e+02
     vertex -1.161591e+01  8.860065e-01  1.493975e+02
   endloop
 endfacet
 facet normal  6.528240e-01  7.575097e-01  3.300324e-15
   outer loop
     vertex -1.753557e+00 -7.613394e+00  1.493706e+02
     vertex -1.161591e+01  8.860065e-01  1.493975e+02
     vertex -1.176420e+01  1.013809e+00  1.497287e+02
   endloop
 endfacet
 facet normal  6.528240e-01  7.575097e-01 -4.674232e-15
   outer loop
     vertex -1.753557e+00 -7.613394e+00  1.493706e+02
     vertex -1.870447e+00 -7.512659e+00  1.489792e+02
     vertex -1.150377e+01  7.893675e-01  1.490412e+02
   endloop
 endfacet
 facet normal  6.528240e-01  7.575097e-01  6.924001e-15
   outer loop
     vertex -1.571614e+00 -7.770193e+00  1.497733e+02
     vertex -1.176420e+01  1.013809e+00  1.497287e+02
     vertex -1.194393e+01  1.168697e+00  1.500329e+02
   endloop
 endfacet
 facet normal  6.528240e-01  7.575097e-01  1.806681e-15
   outer loop
     vertex -1.571614e+00 -7.770193e+00  1.497733e+02
     vertex -1.753557e+00 -7.613394e+00  1.493706e+02
     vertex -1.176420e+01  1.013809e+00  1.497287e+02
   endloop
 endfacet
 facet normal  6.528240e-01  7.575097e-01 -7.387548e-15
   outer loop
     vertex -1.346087e+00 -7.964554e+00  1.501324e+02
     vertex -1.194393e+01  1.168697e+00  1.500329e+02
     vertex -1.214872e+01  1.345184e+00  1.503060e+02
   endloop
 endfacet
 facet normal  6.528240e-01  7.575097e-01 -3.913079e-15
   outer loop
     vertex -1.346087e+00 -7.964554e+00  1.501324e+02
     vertex -1.571614e+00 -7.770193e+00  1.497733e+02
     vertex -1.194393e+01  1.168697e+00  1.500329e+02
   endloop
 endfacet
 facet normal  6.528240e-01  7.575097e-01  0.000000e+00
   outer loop
     vertex -1.083388e+00 -8.190948e+00  1.504483e+02
     vertex -1.214872e+01  1.345184e+00  1.503060e+02
     vertex -1.237559e+01  1.540705e+00  1.505483e+02
   endloop
 endfacet
 facet normal  6.528240e-01  7.575097e-01  4.863272e-16
   outer loop
     vertex -1.083388e+00 -8.190948e+00  1.504483e+02
     vertex -1.346087e+00 -7.964554e+00  1.501324e+02
     vertex -1.214872e+01  1.345184e+00  1.503060e+02
   endloop
 endfacet
 facet normal  6.528240e-01  7.575097e-01 -8.714640e-15
   outer loop
     vertex -7.946177e-01 -8.439811e+00  1.507145e+02
     vertex -1.237559e+01  1.540705e+00  1.505483e+02
     vertex -1.262031e+01  1.751605e+00  1.507581e+02
   endloop
 endfacet
 facet normal  6.528240e-01  7.575097e-01  4.323121e-15
   outer loop
     vertex -7.946177e-01 -8.439811e+00  1.507145e+02
     vertex -1.083388e+00 -8.190948e+00  1.504483e+02
     vertex -1.237559e+01  1.540705e+00  1.505483e+02
   endloop
 endfacet
 facet normal  6.528240e-01  7.575097e-01  9.889674e-15
   outer loop
     vertex -4.824248e-01 -8.708860e+00  1.509327e+02
     vertex -1.262031e+01  1.751605e+00  1.507581e+02
     vertex -1.287852e+01  1.974126e+00  1.509338e+02
   endloop
 endfacet
 facet normal  6.528240e-01  7.575097e-01 -1.223401e-14
   outer loop
     vertex -4.824248e-01 -8.708860e+00  1.509327e+02
     vertex -1.287852e+01  1.974126e+00  1.509338e+02
     vertex -1.314975e+01  2.207877e+00  1.510757e+02
   endloop
 endfacet
 facet normal  6.528240e-01  7.575097e-01 -5.187761e-16
   outer loop
     vertex -4.824248e-01 -8.708860e+00  1.509327e+02
     vertex -7.946177e-01 -8.439811e+00  1.507145e+02
     vertex -1.262031e+01  1.751605e+00  1.507581e+02
   endloop
 endfacet
 facet normal  6.528240e-01  7.575097e-01  0.000000e+00
   outer loop
     vertex -1.803461e-01 -8.969192e+00  1.510887e+02
     vertex -1.314975e+01  2.207877e+00  1.510757e+02
     vertex -1.342977e+01  2.449195e+00  1.511824e+02
   endloop
 endfacet
 facet normal  6.528240e-01  7.575097e-01  1.665935e-16
   outer loop
     vertex -1.803461e-01 -8.969192e+00  1.510887e+02
     vertex -4.824248e-01 -8.708860e+00  1.509327e+02
     vertex -1.314975e+01  2.207877e+00  1.510757e+02
   endloop
 endfacet
 facet normal  6.528240e-01  7.575097e-01  0.000000e+00
   outer loop
     vertex  1.793941e+01 -2.458485e+01  1.561858e+02
     vertex  1.793941e+01 -2.458485e+01  1.512858e+02
     vertex  7.423917e-01 -9.764410e+00  1.512858e+02
   endloop
 endfacet
 facet normal  6.528240e-01  7.575097e-01  0.000000e+00
   outer loop
     vertex  1.793941e+01 -2.458485e+01  1.561858e+02
     vertex -1.410171e+01  3.028274e+00  1.512858e+02
     vertex -3.129872e+01  1.784871e+01  1.561858e+02
   endloop
 endfacet
 facet normal  6.528240e-01  7.575097e-01  7.021371e-14
   outer loop
     vertex  1.793941e+01 -2.458485e+01  1.561858e+02
     vertex -1.390704e+01  2.860508e+00  1.512773e+02
     vertex -1.410171e+01  3.028274e+00  1.512858e+02
   endloop
 endfacet
 facet normal  6.528240e-01  7.575097e-01 -4.908409e-14
   outer loop
     vertex  1.793941e+01 -2.458485e+01  1.561858e+02
     vertex -1.371453e+01  2.694602e+00  1.512519e+02
     vertex -1.390704e+01  2.860508e+00  1.512773e+02
   endloop
 endfacet
 facet normal  6.528240e-01  7.575097e-01  2.389047e-14
   outer loop
     vertex  1.793941e+01 -2.458485e+01  1.561858e+02
     vertex -1.342977e+01  2.449195e+00  1.511824e+02
     vertex -1.371453e+01  2.694602e+00  1.512519e+02
   endloop
 endfacet
 facet normal  6.528240e-01  7.575097e-01 -6.437821e-16
   outer loop
     vertex  1.793941e+01 -2.458485e+01  1.561858e+02
     vertex  2.735992e-01 -9.360404e+00  1.512359e+02
     vertex -1.342977e+01  2.449195e+00  1.511824e+02
   endloop
 endfacet
 facet normal  6.528240e-01  7.575097e-01  1.046450e-14
   outer loop
     vertex  2.735992e-01 -9.360404e+00  1.512359e+02
     vertex -1.803461e-01 -8.969192e+00  1.510887e+02
     vertex -1.342977e+01  2.449195e+00  1.511824e+02
   endloop
 endfacet
 facet normal  6.528240e-01  7.575097e-01  0.000000e+00
   outer loop
     vertex  1.793941e+01 -2.458485e+01  1.561858e+02
     vertex  7.423917e-01 -9.764410e+00  1.512858e+02
     vertex  2.735992e-01 -9.360404e+00  1.512359e+02
   endloop
 endfacet
 facet normal -6.528240e-01 -7.575097e-01  0.000000e+00
   outer loop
     vertex -5.785848e+00 -1.733951e+01  1.512858e+02
     vertex  1.141117e+01 -3.215994e+01  1.512858e+02
     vertex  1.141117e+01 -3.215994e+01  1.561858e+02
   endloop
 endfacet
 facet normal -6.528240e-01 -7.575097e-01  0.000000e+00
   outer loop
     vertex -1.793854e+01 -6.866280e+00  1.452858e+02
     vertex -8.477250e+00 -1.502005e+01  1.452858e+02
     vertex -8.477250e+00 -1.502005e+01  1.482858e+02
   endloop
 endfacet
 facet normal -6.528240e-01 -7.575097e-01 -0.000000e+00
   outer loop
     vertex -1.793854e+01 -6.866280e+00  1.482858e+02
     vertex -1.793854e+01 -6.866280e+00  1.452858e+02
     vertex -8.477250e+00 -1.502005e+01  1.482858e+02
   endloop
 endfacet
 facet normal -6.528240e-01 -7.575097e-01  2.955314e-15
   outer loop
     vertex -1.795869e+01 -6.848915e+00  1.486375e+02
     vertex -8.477250e+00 -1.502005e+01  1.482858e+02
     vertex -8.453454e+00 -1.504056e+01  1.486691e+02
   endloop
 endfacet
 facet normal -6.528240e-01 -7.575097e-01  2.419350e-14
   outer loop
     vertex -1.795869e+01 -6.848915e+00  1.486375e+02
     vertex -1.793854e+01 -6.866280e+00  1.482858e+02
     vertex -8.477250e+00 -1.502005e+01  1.482858e+02
   endloop
 endfacet
 facet normal -6.528240e-01 -7.575097e-01 -3.007204e-15
   outer loop
     vertex -1.801711e+01 -6.798574e+00  1.489792e+02
     vertex -8.453454e+00 -1.504056e+01  1.486691e+02
     vertex -8.383782e+00 -1.510060e+01  1.490412e+02
   endloop
 endfacet
 facet normal -6.528240e-01 -7.575097e-01  4.555360e-15
   outer loop
     vertex -1.801711e+01 -6.798574e+00  1.489792e+02
     vertex -1.795869e+01 -6.848915e+00  1.486375e+02
     vertex -8.453454e+00 -1.504056e+01  1.486691e+02
   endloop
 endfacet
 facet normal -6.528240e-01 -7.575097e-01  1.532727e-14
   outer loop
     vertex -1.813400e+01 -6.697838e+00  1.493706e+02
     vertex -8.383782e+00 -1.510060e+01  1.490412e+02
     vertex -8.271646e+00 -1.519724e+01  1.493975e+02
   endloop
 endfacet
 facet normal -6.528240e-01 -7.575097e-01 -3.300324e-15
   outer loop
     vertex -1.813400e+01 -6.697838e+00  1.493706e+02
     vertex -8.271646e+00 -1.519724e+01  1.493975e+02
     vertex -8.123350e+00 -1.532504e+01  1.497287e+02
   endloop
 endfacet
 facet normal -6.528240e-01 -7.575097e-01 -9.415239e-15
   outer loop
     vertex -1.813400e+01 -6.697838e+00  1.493706e+02
     vertex -1.801711e+01 -6.798574e+00  1.489792e+02
     vertex -8.383782e+00 -1.510060e+01  1.490412e+02
   endloop
 endfacet
 facet normal -6.528240e-01 -7.575097e-01  0.000000e+00
   outer loop
     vertex -1.831594e+01 -6.541039e+00  1.497733e+02
     vertex -8.123350e+00 -1.532504e+01  1.497287e+02
     vertex -7.943624e+00 -1.547993e+01  1.500329e+02
   endloop
 endfacet
 facet normal -6.528240e-01 -7.575097e-01 -8.212188e-16
   outer loop
     vertex -1.831594e+01 -6.541039e+00  1.497733e+02
     vertex -1.813400e+01 -6.697838e+00  1.493706e+02
     vertex -8.123350e+00 -1.532504e+01  1.497287e+02
   endloop
 endfacet
 facet normal -6.528240e-01 -7.575097e-01  3.693774e-15
   outer loop
     vertex -1.854147e+01 -6.346679e+00  1.501324e+02
     vertex -7.943624e+00 -1.547993e+01  1.500329e+02
     vertex -7.738836e+00 -1.565642e+01  1.503060e+02
   endloop
 endfacet
 facet normal -6.528240e-01 -7.575097e-01  5.424951e-15
   outer loop
     vertex -1.854147e+01 -6.346679e+00  1.501324e+02
     vertex -1.831594e+01 -6.541039e+00  1.497733e+02
     vertex -7.943624e+00 -1.547993e+01  1.500329e+02
   endloop
 endfacet
 facet normal -6.528240e-01 -7.575097e-01  0.000000e+00
   outer loop
     vertex -1.880417e+01 -6.120284e+00  1.504483e+02
     vertex -7.738836e+00 -1.565642e+01  1.503060e+02
     vertex -7.511961e+00 -1.585194e+01  1.505483e+02
   endloop
 endfacet
 facet normal -6.528240e-01 -7.575097e-01 -7.294908e-15
   outer loop
     vertex -1.880417e+01 -6.120284e+00  1.504483e+02
     vertex -1.854147e+01 -6.346679e+00  1.501324e+02
     vertex -7.738836e+00 -1.565642e+01  1.503060e+02
   endloop
 endfacet
 facet normal -6.528240e-01 -7.575097e-01  2.178660e-14
   outer loop
     vertex -1.909294e+01 -5.871421e+00  1.507145e+02
     vertex -7.511961e+00 -1.585194e+01  1.505483e+02
     vertex -7.267242e+00 -1.606284e+01  1.507581e+02
   endloop
 endfacet
 facet normal -6.528240e-01 -7.575097e-01  6.872655e-15
   outer loop
     vertex -1.909294e+01 -5.871421e+00  1.507145e+02
     vertex -1.880417e+01 -6.120284e+00  1.504483e+02
     vertex -7.511961e+00 -1.585194e+01  1.505483e+02
   endloop
 endfacet
 facet normal -6.528240e-01 -7.575097e-01 -1.977935e-14
   outer loop
     vertex -1.940513e+01 -5.602372e+00  1.509327e+02
     vertex -7.267242e+00 -1.606284e+01  1.507581e+02
     vertex -7.009038e+00 -1.628536e+01  1.509338e+02
   endloop
 endfacet
 facet normal -6.528240e-01 -7.575097e-01  0.000000e+00
   outer loop
     vertex -1.940513e+01 -5.602372e+00  1.509327e+02
     vertex -7.009038e+00 -1.628536e+01  1.509338e+02
     vertex -6.737803e+00 -1.651911e+01  1.510757e+02
   endloop
 endfacet
 facet normal -6.528240e-01 -7.575097e-01  1.180216e-14
   outer loop
     vertex -1.940513e+01 -5.602372e+00  1.509327e+02
     vertex -1.909294e+01 -5.871421e+00  1.507145e+02
     vertex -7.267242e+00 -1.606284e+01  1.507581e+02
   endloop
 endfacet
 facet normal -6.528240e-01 -7.575097e-01  0.000000e+00
   outer loop
     vertex -1.970721e+01 -5.342040e+00  1.510887e+02
     vertex -6.737803e+00 -1.651911e+01  1.510757e+02
     vertex -6.457787e+00 -1.676043e+01  1.511824e+02
   endloop
 endfacet
 facet normal -6.528240e-01 -7.575097e-01 -1.815869e-14
   outer loop
     vertex -1.970721e+01 -5.342040e+00  1.510887e+02
     vertex -1.940513e+01 -5.602372e+00  1.509327e+02
     vertex -6.737803e+00 -1.651911e+01  1.510757e+02
   endloop
 endfacet
 facet normal -6.528240e-01 -7.575097e-01 -0.000000e+00
   outer loop
     vertex -3.782696e+01  1.027361e+01  1.561858e+02
     vertex -3.782696e+01  1.027361e+01  1.512858e+02
     vertex -2.062994e+01 -4.546822e+00  1.512858e+02
   endloop
 endfacet
 facet normal -6.528240e-01 -7.575097e-01  0.000000e+00
   outer loop
     vertex -3.782696e+01  1.027361e+01  1.561858e+02
     vertex -5.785848e+00 -1.733951e+01  1.512858e+02
     vertex  1.141117e+01 -3.215994e+01  1.561858e+02
   endloop
 endfacet
 facet normal -6.528240e-01 -7.575097e-01  0.000000e+00
   outer loop
     vertex -3.782696e+01  1.027361e+01  1.561858e+02
     vertex -5.980517e+00 -1.717174e+01  1.512773e+02
     vertex -5.785848e+00 -1.733951e+01  1.512858e+02
   endloop
 endfacet
 facet normal -6.528240e-01 -7.575097e-01  0.000000e+00
   outer loop
     vertex -3.782696e+01  1.027361e+01  1.561858e+02
     vertex -6.173027e+00 -1.700583e+01  1.512519e+02
     vertex -5.980517e+00 -1.717174e+01  1.512773e+02
   endloop
 endfacet
 facet normal -6.528240e-01 -7.575097e-01  4.778094e-14
   outer loop
     vertex -3.782696e+01  1.027361e+01  1.561858e+02
     vertex -6.457787e+00 -1.676043e+01  1.511824e+02
     vertex -6.173027e+00 -1.700583e+01  1.512519e+02
   endloop
 endfacet
 facet normal -6.528240e-01 -7.575097e-01 -1.287564e-15
   outer loop
     vertex -3.782696e+01  1.027361e+01  1.561858e+02
     vertex -2.016115e+01 -4.950829e+00  1.512359e+02
     vertex -6.457787e+00 -1.676043e+01  1.511824e+02
   endloop
 endfacet
 facet normal -6.528240e-01 -7.575097e-01 -3.038082e-15
   outer loop
     vertex -2.016115e+01 -4.950829e+00  1.512359e+02
     vertex -1.970721e+01 -5.342040e+00  1.510887e+02
     vertex -6.457787e+00 -1.676043e+01  1.511824e+02
   endloop
 endfacet
 facet normal -6.528240e-01 -7.575097e-01  2.992844e-14
   outer loop
     vertex -3.782696e+01  1.027361e+01  1.561858e+02
     vertex -2.062994e+01 -4.546822e+00  1.512858e+02
     vertex -2.016115e+01 -4.950829e+00  1.512359e+02
   endloop
 endfacet
 facet normal -8.142822e-01  5.804692e-01 -1.260277e-15
   outer loop
     vertex -1.600385e+01 -1.933024e+00  1.482858e+02
     vertex -1.600385e+01 -1.933024e+00  1.432858e+02
     vertex -1.685726e+01 -3.130181e+00  1.440902e+02
   endloop
 endfacet
 facet normal -8.994218e-01  4.370750e-01  2.403292e-03
   outer loop
     vertex -1.679504e+01 -3.025226e+00  1.482858e+02
     vertex -1.685726e+01 -3.130181e+00  1.440902e+02
     vertex -1.738743e+01 -4.224390e+00  1.446735e+02
   endloop
 endfacet
 facet normal -8.098383e-01  5.866471e-01 -2.666682e-03
   outer loop
     vertex -1.679504e+01 -3.025226e+00  1.482858e+02
     vertex -1.600385e+01 -1.933024e+00  1.482858e+02
     vertex -1.685726e+01 -3.130181e+00  1.440902e+02
   endloop
 endfacet
 facet normal -9.527054e-01  3.038953e-01 -2.017299e-04
   outer loop
     vertex -1.739152e+01 -4.234813e+00  1.482858e+02
     vertex -1.738743e+01 -4.224390e+00  1.446735e+02
     vertex -1.770956e+01 -5.233982e+00  1.450609e+02
   endloop
 endfacet
 facet normal -8.968802e-01  4.422736e-01  2.607432e-04
   outer loop
     vertex -1.739152e+01 -4.234813e+00  1.482858e+02
     vertex -1.679504e+01 -3.025226e+00  1.482858e+02
     vertex -1.738743e+01 -4.224390e+00  1.446735e+02
   endloop
 endfacet
 facet normal -9.802409e-01  1.977942e-01 -2.300918e-03
   outer loop
     vertex -1.777633e+01 -5.527410e+00  1.482858e+02
     vertex -1.770956e+01 -5.233982e+00  1.450609e+02
     vertex -1.784640e+01 -5.910261e+00  1.452235e+02
   endloop
 endfacet
 facet normal -9.909399e-01  1.341764e-01  5.897421e-03
   outer loop
     vertex -1.777633e+01 -5.527410e+00  1.482858e+02
     vertex -1.784640e+01 -5.910261e+00  1.452235e+02
     vertex -1.789402e+01 -6.264029e+00  1.452700e+02
   endloop
 endfacet
 facet normal -9.584118e-01  2.853232e-01  6.115192e-03
   outer loop
     vertex -1.777633e+01 -5.527410e+00  1.482858e+02
     vertex -1.739152e+01 -4.234813e+00  1.482858e+02
     vertex -1.770956e+01 -5.233982e+00  1.450609e+02
   endloop
 endfacet
 facet normal -9.959792e-01  8.952840e-02  3.175537e-03
   outer loop
     vertex -1.793854e+01 -6.866280e+00  1.482858e+02
     vertex -1.789402e+01 -6.264029e+00  1.452700e+02
     vertex -1.792539e+01 -6.613589e+00  1.452858e+02
   endloop
 endfacet
 facet normal -9.980450e-01  6.249281e-02  8.892650e-04
   outer loop
     vertex -1.793854e+01 -6.866280e+00  1.482858e+02
     vertex -1.792539e+01 -6.613589e+00  1.452858e+02
     vertex -1.793066e+01 -6.697772e+00  1.452858e+02
   endloop
 endfacet
 facet normal -9.986488e-01  5.196668e-02  2.964327e-04
   outer loop
     vertex -1.793854e+01 -6.866280e+00  1.482858e+02
     vertex -1.793066e+01 -6.697772e+00  1.452858e+02
     vertex -1.793505e+01 -6.782005e+00  1.452858e+02
   endloop
 endfacet
 facet normal -9.991412e-01  4.143476e-02  0.000000e+00
   outer loop
     vertex -1.793854e+01 -6.866280e+00  1.482858e+02
     vertex -1.793505e+01 -6.782005e+00  1.452858e+02
     vertex -1.793854e+01 -6.866280e+00  1.452858e+02
   endloop
 endfacet
 facet normal -9.926972e-01  1.202692e-01  9.362873e-03
   outer loop
     vertex -1.793854e+01 -6.866280e+00  1.482858e+02
     vertex -1.777633e+01 -5.527410e+00  1.482858e+02
     vertex -1.789402e+01 -6.264029e+00  1.452700e+02
   endloop
 endfacet
 facet normal  1.884956e-01 -9.820740e-01  0.000000e+00
   outer loop
     vertex -8.477250e+00 -1.502005e+01  1.482858e+02
     vertex -8.477250e+00 -1.502005e+01  1.452858e+02
     vertex -8.394415e+00 -1.500415e+01  1.452858e+02
   endloop
 endfacet
 facet normal  1.988394e-01 -9.800320e-01  2.964327e-04
   outer loop
     vertex -8.477250e+00 -1.502005e+01  1.482858e+02
     vertex -8.394415e+00 -1.500415e+01  1.452858e+02
     vertex -8.311752e+00 -1.498738e+01  1.452858e+02
   endloop
 endfacet
 facet normal  2.091611e-01 -9.778808e-01  8.892650e-04
   outer loop
     vertex -8.477250e+00 -1.502005e+01  1.482858e+02
     vertex -8.311752e+00 -1.498738e+01  1.452858e+02
     vertex -8.229270e+00 -1.496974e+01  1.452858e+02
   endloop
 endfacet
 facet normal  2.514826e-01 -9.678511e-01  4.555776e-03
   outer loop
     vertex -8.477250e+00 -1.502005e+01  1.482858e+02
     vertex -8.229270e+00 -1.496974e+01  1.452858e+02
     vertex -7.639209e+00 -1.481664e+01  1.452392e+02
   endloop
 endfacet
 facet normal  3.234708e-01 -9.462376e-01 -1.028931e-03
   outer loop
     vertex -7.177001e+00 -1.466194e+01  1.482858e+02
     vertex -7.639209e+00 -1.481664e+01  1.452392e+02
     vertex -7.075981e+00 -1.462396e+01  1.451147e+02
   endloop
 endfacet
 facet normal  3.928754e-01 -9.195905e-01  1.501191e-03
   outer loop
     vertex -7.177001e+00 -1.466194e+01  1.482858e+02
     vertex -7.075981e+00 -1.462396e+01  1.451147e+02
     vertex -6.537548e+00 -1.439422e+01  1.449345e+02
   endloop
 endfacet
 facet normal  2.655164e-01 -9.640674e-01  8.668668e-03
   outer loop
     vertex -7.177001e+00 -1.466194e+01  1.482858e+02
     vertex -8.477250e+00 -1.502005e+01  1.482858e+02
     vertex -7.639209e+00 -1.481664e+01  1.452392e+02
   endloop
 endfacet
 facet normal  4.675148e-01 -8.839846e-01 -1.101574e-03
   outer loop
     vertex -5.955384e+00 -1.409051e+01  1.482858e+02
     vertex -6.537548e+00 -1.439422e+01  1.449345e+02
     vertex -5.871628e+00 -1.404166e+01  1.446364e+02
   endloop
 endfacet
 facet normal  4.236906e-01 -9.057672e-01  8.485139e-03
   outer loop
     vertex -5.955384e+00 -1.409051e+01  1.482858e+02
     vertex -7.177001e+00 -1.466194e+01  1.482858e+02
     vertex -6.537548e+00 -1.439422e+01  1.449345e+02
   endloop
 endfacet
 facet normal  5.556649e-01 -8.313683e-01  7.956537e-03
   outer loop
     vertex -4.847118e+00 -1.332198e+01  1.482858e+02
     vertex -5.871628e+00 -1.404166e+01  1.446364e+02
     vertex -5.185863e+00 -1.358703e+01  1.442480e+02
   endloop
 endfacet
 facet normal  6.376064e-01 -7.703568e-01 -2.922797e-03
   outer loop
     vertex -4.847118e+00 -1.332198e+01  1.482858e+02
     vertex -5.185863e+00 -1.358703e+01  1.442480e+02
     vertex -4.497618e+00 -1.301560e+01  1.437767e+02
   endloop
 endfacet
 facet normal  5.698424e-01 -8.217514e-01  2.079886e-03
   outer loop
     vertex -4.847118e+00 -1.332198e+01  1.482858e+02
     vertex -5.955384e+00 -1.409051e+01  1.482858e+02
     vertex -5.871628e+00 -1.404166e+01  1.446364e+02
   endloop
 endfacet
 facet normal  7.202455e-01 -6.937192e-01 -4.929172e-16
   outer loop
     vertex -3.883699e+00 -1.237821e+01  1.482858e+02
     vertex -4.497618e+00 -1.301560e+01  1.437767e+02
     vertex -3.883699e+00 -1.237821e+01  1.432858e+02
   endloop
 endfacet
 facet normal  8.142822e-01 -5.804692e-01 -4.124481e-16
   outer loop
     vertex -3.883699e+00 -1.237821e+01  1.482858e+02
     vertex -3.883699e+00 -1.237821e+01  1.432858e+02
     vertex -3.030294e+00 -1.118105e+01  1.440902e+02
   endloop
 endfacet
 facet normal  6.997750e-01 -7.143405e-01  5.702070e-03
   outer loop
     vertex -3.883699e+00 -1.237821e+01  1.482858e+02
     vertex -4.847118e+00 -1.332198e+01  1.482858e+02
     vertex -4.497618e+00 -1.301560e+01  1.437767e+02
   endloop
 endfacet
 facet normal  8.994218e-01 -4.370750e-01  2.403292e-03
   outer loop
     vertex -3.092509e+00 -1.128601e+01  1.482858e+02
     vertex -3.030294e+00 -1.118105e+01  1.440902e+02
     vertex -2.500121e+00 -1.008684e+01  1.446735e+02
   endloop
 endfacet
 facet normal  8.098383e-01 -5.866471e-01 -2.666682e-03
   outer loop
     vertex -3.092509e+00 -1.128601e+01  1.482858e+02
     vertex -3.883699e+00 -1.237821e+01  1.482858e+02
     vertex -3.030294e+00 -1.118105e+01  1.440902e+02
   endloop
 endfacet
 facet normal  9.527054e-01 -3.038953e-01 -2.017299e-04
   outer loop
     vertex -2.496031e+00 -1.007642e+01  1.482858e+02
     vertex -2.500121e+00 -1.008684e+01  1.446735e+02
     vertex -2.177998e+00 -9.077250e+00  1.450609e+02
   endloop
 endfacet
 facet normal  8.968802e-01 -4.422736e-01  2.607432e-04
   outer loop
     vertex -2.496031e+00 -1.007642e+01  1.482858e+02
     vertex -3.092509e+00 -1.128601e+01  1.482858e+02
     vertex -2.500121e+00 -1.008684e+01  1.446735e+02
   endloop
 endfacet
 facet normal  9.802409e-01 -1.977942e-01 -2.300918e-03
   outer loop
     vertex -2.111220e+00 -8.783823e+00  1.482858e+02
     vertex -2.177998e+00 -9.077250e+00  1.450609e+02
     vertex -2.041156e+00 -8.400971e+00  1.452235e+02
   endloop
 endfacet
 facet normal  9.909399e-01 -1.341764e-01  5.897421e-03
   outer loop
     vertex -2.111220e+00 -8.783823e+00  1.482858e+02
     vertex -2.041156e+00 -8.400971e+00  1.452235e+02
     vertex -1.993531e+00 -8.047203e+00  1.452700e+02
   endloop
 endfacet
 facet normal  9.584118e-01 -2.853232e-01  6.115192e-03
   outer loop
     vertex -2.111220e+00 -8.783823e+00  1.482858e+02
     vertex -2.496031e+00 -1.007642e+01  1.482858e+02
     vertex -2.177998e+00 -9.077250e+00  1.450609e+02
   endloop
 endfacet
 facet normal  9.959792e-01 -8.952840e-02  3.175537e-03
   outer loop
     vertex -1.949011e+00 -7.444952e+00  1.482858e+02
     vertex -1.993531e+00 -8.047203e+00  1.452700e+02
     vertex -1.962160e+00 -7.697643e+00  1.452858e+02
   endloop
 endfacet
 facet normal  9.980450e-01 -6.249281e-02  8.892650e-04
   outer loop
     vertex -1.949011e+00 -7.444952e+00  1.482858e+02
     vertex -1.962160e+00 -7.697643e+00  1.452858e+02
     vertex -1.956889e+00 -7.613461e+00  1.452858e+02
   endloop
 endfacet
 facet normal  9.986488e-01 -5.196668e-02  2.964327e-04
   outer loop
     vertex -1.949011e+00 -7.444952e+00  1.482858e+02
     vertex -1.956889e+00 -7.613461e+00  1.452858e+02
     vertex -1.952505e+00 -7.529227e+00  1.452858e+02
   endloop
 endfacet
 facet normal  9.991412e-01 -4.143476e-02  0.000000e+00
   outer loop
     vertex -1.949011e+00 -7.444952e+00  1.482858e+02
     vertex -1.952505e+00 -7.529227e+00  1.452858e+02
     vertex -1.949011e+00 -7.444952e+00  1.452858e+02
   endloop
 endfacet
 facet normal  9.926972e-01 -1.202692e-01  9.362873e-03
   outer loop
     vertex -1.949011e+00 -7.444952e+00  1.482858e+02
     vertex -2.111220e+00 -8.783823e+00  1.482858e+02
     vertex -1.993531e+00 -8.047203e+00  1.452700e+02
   endloop
 endfacet
 facet normal  0.000000e+00  0.000000e+00 -1.000000e+00
   outer loop
     vertex -1.725664e+01  3.519950e+00  1.512858e+02
     vertex -1.410171e+01  3.028274e+00  1.512858e+02
     vertex -1.564558e+01  2.251267e+00  1.512858e+02
   endloop
 endfacet
 facet normal  0.000000e+00  0.000000e+00 -1.000000e+00
   outer loop
     vertex -1.725664e+01  3.519950e+00  1.512858e+02
     vertex -1.564558e+01  2.251267e+00  1.512858e+02
     vertex -1.724631e+01  3.380884e+00  1.512858e+02
   endloop
 endfacet
 facet normal  0.000000e+00  0.000000e+00 -1.000000e+00
   outer loop
     vertex -1.729095e+01  3.655112e+00  1.512858e+02
     vertex -1.410171e+01  3.028274e+00  1.512858e+02
     vertex -1.725664e+01  3.519950e+00  1.512858e+02
   endloop
 endfacet
 facet normal  0.000000e+00  0.000000e+00 -1.000000e+00
   outer loop
     vertex -1.726030e+01  3.242137e+00  1.512858e+02
     vertex -1.724631e+01  3.380884e+00  1.512858e+02
     vertex -1.564558e+01  2.251267e+00  1.512858e+02
   endloop
 endfacet
 facet normal  0.000000e+00  0.000000e+00 -1.000000e+00
   outer loop
     vertex -1.734821e+01  3.782261e+00  1.512858e+02
     vertex -1.410171e+01  3.028274e+00  1.512858e+02
     vertex -1.729095e+01  3.655112e+00  1.512858e+02
   endloop
 endfacet
 facet normal  0.000000e+00  0.000000e+00 -1.000000e+00
   outer loop
     vertex -1.729816e+01  3.107927e+00  1.512858e+02
     vertex -1.726030e+01  3.242137e+00  1.512858e+02
     vertex -1.564558e+01  2.251267e+00  1.512858e+02
   endloop
 endfacet
 facet normal  0.000000e+00  0.000000e+00 -1.000000e+00
   outer loop
     vertex -1.735875e+01  2.982330e+00  1.512858e+02
     vertex -1.729816e+01  3.107927e+00  1.512858e+02
     vertex -1.564558e+01  2.251267e+00  1.512858e+02
   endloop
 endfacet
 facet normal  0.000000e+00  0.000000e+00 -1.000000e+00
   outer loop
     vertex -1.742669e+01  3.897535e+00  1.512858e+02
     vertex -1.410171e+01  3.028274e+00  1.512858e+02
     vertex -1.734821e+01  3.782261e+00  1.512858e+02
   endloop
 endfacet
 facet normal  0.000000e+00  0.000000e+00 -1.000000e+00
   outer loop
     vertex -1.752398e+01  3.997431e+00  1.512858e+02
     vertex -1.410171e+01  3.028274e+00  1.512858e+02
     vertex -1.742669e+01  3.897535e+00  1.512858e+02
   endloop
 endfacet
 facet normal  0.000000e+00  0.000000e+00 -1.000000e+00
   outer loop
     vertex -1.744024e+01  2.869164e+00  1.512858e+02
     vertex -1.564558e+01  2.251267e+00  1.512858e+02
     vertex -1.704869e+01  1.242019e+00  1.512858e+02
   endloop
 endfacet
 facet normal  0.000000e+00  0.000000e+00 -1.000000e+00
   outer loop
     vertex -1.744024e+01  2.869164e+00  1.512858e+02
     vertex -1.735875e+01  2.982330e+00  1.512858e+02
     vertex -1.564558e+01  2.251267e+00  1.512858e+02
   endloop
 endfacet
 facet normal  0.000000e+00  0.000000e+00 -1.000000e+00
   outer loop
     vertex -1.747720e+01  2.829113e+00  1.512858e+02
     vertex -1.744024e+01  2.869164e+00  1.512858e+02
     vertex -1.704869e+01  1.242019e+00  1.512858e+02
   endloop
 endfacet
 facet normal  0.000000e+00  0.000000e+00 -1.000000e+00
   outer loop
     vertex -1.751681e+01  2.791672e+00  1.512858e+02
     vertex -1.747720e+01  2.829113e+00  1.512858e+02
     vertex -1.704869e+01  1.242019e+00  1.512858e+02
   endloop
 endfacet
 facet normal  0.000000e+00  0.000000e+00 -1.000000e+00
   outer loop
     vertex -1.755888e+01  2.757015e+00  1.512858e+02
     vertex -1.751681e+01  2.791672e+00  1.512858e+02
     vertex -1.704869e+01  1.242019e+00  1.512858e+02
   endloop
 endfacet
 facet normal  0.000000e+00  0.000000e+00 -1.000000e+00
   outer loop
     vertex -1.883504e+01  1.630481e+00  1.512858e+02
     vertex -1.704869e+01  1.242019e+00  1.512858e+02
     vertex -1.827638e+01  2.544738e-02  1.512858e+02
   endloop
 endfacet
 facet normal  0.000000e+00  0.000000e+00 -1.000000e+00
   outer loop
     vertex -1.883504e+01  1.630481e+00  1.512858e+02
     vertex -1.755888e+01  2.757015e+00  1.512858e+02
     vertex -1.704869e+01  1.242019e+00  1.512858e+02
   endloop
 endfacet
 facet normal  0.000000e+00  0.000000e+00 -1.000000e+00
   outer loop
     vertex -1.994631e+01  3.410085e-01  1.512858e+02
     vertex -1.827638e+01  2.544738e-02  1.512858e+02
     vertex -1.929836e+01 -1.368413e+00  1.512858e+02
   endloop
 endfacet
 facet normal  0.000000e+00  0.000000e+00 -1.000000e+00
   outer loop
     vertex -1.994631e+01  3.410085e-01  1.512858e+02
     vertex -1.883504e+01  1.630481e+00  1.512858e+02
     vertex -1.827638e+01  2.544738e-02  1.512858e+02
   endloop
 endfacet
 facet normal  0.000000e+00  0.000000e+00 -1.000000e+00
   outer loop
     vertex -2.087208e+01 -1.087489e+00  1.512858e+02
     vertex -1.994631e+01  3.410085e-01  1.512858e+02
     vertex -1.929836e+01 -1.368413e+00  1.512858e+02
   endloop
 endfacet
 facet normal  0.000000e+00  0.000000e+00 -1.000000e+00
   outer loop
     vertex -2.090015e+01 -1.134211e+00  1.512858e+02
     vertex -2.087208e+01 -1.087489e+00  1.512858e+02
     vertex -1.929836e+01 -1.368413e+00  1.512858e+02
   endloop
 endfacet
 facet normal  0.000000e+00  0.000000e+00 -1.000000e+00
   outer loop
     vertex -2.093133e+01 -1.178913e+00  1.512858e+02
     vertex -2.090015e+01 -1.134211e+00  1.512858e+02
     vertex -1.929836e+01 -1.368413e+00  1.512858e+02
   endloop
 endfacet
 facet normal  0.000000e+00  0.000000e+00 -1.000000e+00
   outer loop
     vertex -2.096548e+01 -1.221388e+00  1.512858e+02
     vertex -1.929836e+01 -1.368413e+00  1.512858e+02
     vertex -2.008939e+01 -2.905149e+00  1.512858e+02
   endloop
 endfacet
 facet normal  0.000000e+00  0.000000e+00 -1.000000e+00
   outer loop
     vertex -2.096548e+01 -1.221388e+00  1.512858e+02
     vertex -2.093133e+01 -1.178913e+00  1.512858e+02
     vertex -1.929836e+01 -1.368413e+00  1.512858e+02
   endloop
 endfacet
 facet normal  0.000000e+00  0.000000e+00 -1.000000e+00
   outer loop
     vertex -2.106538e+01 -1.318686e+00  1.512858e+02
     vertex -2.096548e+01 -1.221388e+00  1.512858e+02
     vertex -2.008939e+01 -2.905149e+00  1.512858e+02
   endloop
 endfacet
 facet normal  0.000000e+00  0.000000e+00 -1.000000e+00
   outer loop
     vertex -2.118065e+01 -1.397159e+00  1.512858e+02
     vertex -2.106538e+01 -1.318686e+00  1.512858e+02
     vertex -2.008939e+01 -2.905149e+00  1.512858e+02
   endloop
 endfacet
 facet normal  0.000000e+00  0.000000e+00 -1.000000e+00
   outer loop
     vertex -2.130780e+01 -1.454423e+00  1.512858e+02
     vertex -2.118065e+01 -1.397159e+00  1.512858e+02
     vertex -2.008939e+01 -2.905149e+00  1.512858e+02
   endloop
 endfacet
 facet normal  0.000000e+00  0.000000e+00 -1.000000e+00
   outer loop
     vertex -2.144297e+01 -1.488737e+00  1.512858e+02
     vertex -2.130780e+01 -1.454423e+00  1.512858e+02
     vertex -2.008939e+01 -2.905149e+00  1.512858e+02
   endloop
 endfacet
 facet normal  0.000000e+00  0.000000e+00 -1.000000e+00
   outer loop
     vertex -2.158203e+01 -1.499060e+00  1.512858e+02
     vertex -2.008939e+01 -2.905149e+00  1.512858e+02
     vertex -2.062994e+01 -4.546822e+00  1.512858e+02
   endloop
 endfacet
 facet normal  0.000000e+00  0.000000e+00 -1.000000e+00
   outer loop
     vertex -2.158203e+01 -1.499060e+00  1.512858e+02
     vertex -2.144297e+01 -1.488737e+00  1.512858e+02
     vertex -2.008939e+01 -2.905149e+00  1.512858e+02
   endloop
 endfacet
 facet normal  0.000000e+00  0.000000e+00 -1.000000e+00
   outer loop
     vertex -2.172078e+01 -1.485077e+00  1.512858e+02
     vertex -2.158203e+01 -1.499060e+00  1.512858e+02
     vertex -2.062994e+01 -4.546822e+00  1.512858e+02
   endloop
 endfacet
 facet normal  0.000000e+00  0.000000e+00 -1.000000e+00
   outer loop
     vertex -2.185499e+01 -1.447213e+00  1.512858e+02
     vertex -2.172078e+01 -1.485077e+00  1.512858e+02
     vertex -2.062994e+01 -4.546822e+00  1.512858e+02
   endloop
 endfacet
 facet normal  0.000000e+00  0.000000e+00 -1.000000e+00
   outer loop
     vertex -2.198059e+01 -1.386619e+00  1.512858e+02
     vertex -2.185499e+01 -1.447213e+00  1.512858e+02
     vertex -2.062994e+01 -4.546822e+00  1.512858e+02
   endloop
 endfacet
 facet normal  0.000000e+00  0.000000e+00 -1.000000e+00
   outer loop
     vertex -2.209375e+01 -1.305137e+00  1.512858e+02
     vertex -2.198059e+01 -1.386619e+00  1.512858e+02
     vertex -2.062994e+01 -4.546822e+00  1.512858e+02
   endloop
 endfacet
 facet normal  0.000000e+00  0.000000e+00 -1.000000e+00
   outer loop
     vertex -2.838949e+01  1.336135e+01  1.512858e+02
     vertex -1.410171e+01  3.028274e+00  1.512858e+02
     vertex -1.752398e+01  3.997431e+00  1.512858e+02
   endloop
 endfacet
 facet normal  0.000000e+00  0.000000e+00 -1.000000e+00
   outer loop
     vertex -3.129872e+01  1.784871e+01  1.512858e+02
     vertex -2.838949e+01  1.336135e+01  1.512858e+02
     vertex -2.851113e+01  1.344781e+01  1.512858e+02
   endloop
 endfacet
 facet normal  0.000000e+00  0.000000e+00 -1.000000e+00
   outer loop
     vertex -3.129872e+01  1.784871e+01  1.512858e+02
     vertex -2.851113e+01  1.344781e+01  1.512858e+02
     vertex -2.864672e+01  1.351017e+01  1.512858e+02
   endloop
 endfacet
 facet normal  0.000000e+00  0.000000e+00 -1.000000e+00
   outer loop
     vertex -3.129872e+01  1.784871e+01  1.512858e+02
     vertex -2.864672e+01  1.351017e+01  1.512858e+02
     vertex -2.879153e+01  1.354626e+01  1.512858e+02
   endloop
 endfacet
 facet normal  0.000000e+00  0.000000e+00 -1.000000e+00
   outer loop
     vertex -3.129872e+01  1.784871e+01  1.512858e+02
     vertex -2.879153e+01  1.354626e+01  1.512858e+02
     vertex -2.894052e+01  1.355483e+01  1.512858e+02
   endloop
 endfacet
 facet normal  0.000000e+00  0.000000e+00 -1.000000e+00
   outer loop
     vertex -3.129872e+01  1.784871e+01  1.512858e+02
     vertex -1.410171e+01  3.028274e+00  1.512858e+02
     vertex -2.838949e+01  1.336135e+01  1.512858e+02
   endloop
 endfacet
 facet normal  0.000000e+00  0.000000e+00 -1.000000e+00
   outer loop
     vertex -3.153810e+01  1.402131e+01  1.512858e+02
     vertex -2.947622e+01  1.332225e+01  1.512858e+02
     vertex -2.957169e+01  1.320754e+01  1.512858e+02
   endloop
 endfacet
 facet normal  0.000000e+00  0.000000e+00 -1.000000e+00
   outer loop
     vertex -3.153810e+01  1.402131e+01  1.512858e+02
     vertex -2.957169e+01  1.320754e+01  1.512858e+02
     vertex -2.964419e+01  1.307710e+01  1.512858e+02
   endloop
 endfacet
 facet normal  0.000000e+00  0.000000e+00 -1.000000e+00
   outer loop
     vertex -3.157714e+01  1.454716e+01  1.512858e+02
     vertex -2.947622e+01  1.332225e+01  1.512858e+02
     vertex -3.153810e+01  1.402131e+01  1.512858e+02
   endloop
 endfacet
 facet normal  0.000000e+00  0.000000e+00 -1.000000e+00
   outer loop
     vertex -3.157714e+01  1.454716e+01  1.512858e+02
     vertex -2.923035e+01  1.348917e+01  1.512858e+02
     vertex -2.936110e+01  1.341722e+01  1.512858e+02
   endloop
 endfacet
 facet normal  0.000000e+00  0.000000e+00 -1.000000e+00
   outer loop
     vertex -3.157714e+01  1.454716e+01  1.512858e+02
     vertex -2.936110e+01  1.341722e+01  1.512858e+02
     vertex -2.947622e+01  1.332225e+01  1.512858e+02
   endloop
 endfacet
 facet normal  0.000000e+00  0.000000e+00 -1.000000e+00
   outer loop
     vertex -3.170689e+01  1.505823e+01  1.512858e+02
     vertex -3.129872e+01  1.784871e+01  1.512858e+02
     vertex -2.894052e+01  1.355483e+01  1.512858e+02
   endloop
 endfacet
 facet normal  0.000000e+00  0.000000e+00 -1.000000e+00
   outer loop
     vertex -3.170689e+01  1.505823e+01  1.512858e+02
     vertex -2.923035e+01  1.348917e+01  1.512858e+02
     vertex -3.157714e+01  1.454716e+01  1.512858e+02
   endloop
 endfacet
 facet normal  0.000000e+00  0.000000e+00 -1.000000e+00
   outer loop
     vertex -3.170689e+01  1.505823e+01  1.512858e+02
     vertex -2.894052e+01  1.355483e+01  1.512858e+02
     vertex -2.908851e+01  1.353557e+01  1.512858e+02
   endloop
 endfacet
 facet normal  0.000000e+00  0.000000e+00 -1.000000e+00
   outer loop
     vertex -3.170689e+01  1.505823e+01  1.512858e+02
     vertex -2.908851e+01  1.353557e+01  1.512858e+02
     vertex -2.923035e+01  1.348917e+01  1.512858e+02
   endloop
 endfacet
 facet normal  0.000000e+00  0.000000e+00 -1.000000e+00
   outer loop
     vertex -3.159098e+01  1.349668e+01  1.512858e+02
     vertex -3.153810e+01  1.402131e+01  1.512858e+02
     vertex -2.964419e+01  1.307710e+01  1.512858e+02
   endloop
 endfacet
 facet normal  0.000000e+00  0.000000e+00 -1.000000e+00
   outer loop
     vertex -3.159098e+01  1.349668e+01  1.512858e+02
     vertex -2.964419e+01  1.307710e+01  1.512858e+02
     vertex -2.969121e+01  1.293546e+01  1.512858e+02
   endloop
 endfacet
 facet normal  0.000000e+00  0.000000e+00 -1.000000e+00
   outer loop
     vertex -3.173415e+01  1.298919e+01  1.512858e+02
     vertex -3.159098e+01  1.349668e+01  1.512858e+02
     vertex -2.969121e+01  1.293546e+01  1.512858e+02
   endloop
 endfacet
 facet normal  0.000000e+00  0.000000e+00 -1.000000e+00
   outer loop
     vertex -3.173415e+01  1.298919e+01  1.512858e+02
     vertex -2.969121e+01  1.293546e+01  1.512858e+02
     vertex -2.993544e+01  1.216719e+01  1.512858e+02
   endloop
 endfacet
 facet normal  0.000000e+00  0.000000e+00 -1.000000e+00
   outer loop
     vertex -3.192341e+01  1.553902e+01  1.512858e+02
     vertex -3.129872e+01  1.784871e+01  1.512858e+02
     vertex -3.170689e+01  1.505823e+01  1.512858e+02
   endloop
 endfacet
 facet normal  0.000000e+00  0.000000e+00 -1.000000e+00
   outer loop
     vertex -3.222014e+01  1.597490e+01  1.512858e+02
     vertex -3.129872e+01  1.784871e+01  1.512858e+02
     vertex -3.192341e+01  1.553902e+01  1.512858e+02
   endloop
 endfacet
 facet normal  0.000000e+00  0.000000e+00 -1.000000e+00
   outer loop
     vertex -3.196327e+01  1.251428e+01  1.512858e+02
     vertex -3.173415e+01  1.298919e+01  1.512858e+02
     vertex -2.993544e+01  1.216719e+01  1.512858e+02
   endloop
 endfacet
 facet normal  0.000000e+00  0.000000e+00 -1.000000e+00
   outer loop
     vertex -3.196327e+01  1.251428e+01  1.512858e+02
     vertex -2.993544e+01  1.216719e+01  1.512858e+02
     vertex -3.029996e+01  1.144815e+01  1.512858e+02
   endloop
 endfacet
 facet normal  0.000000e+00  0.000000e+00 -1.000000e+00
   outer loop
     vertex -3.258805e+01  1.635263e+01  1.512858e+02
     vertex -3.200601e+01  1.835798e+01  1.512858e+02
     vertex -3.129872e+01  1.784871e+01  1.512858e+02
   endloop
 endfacet
 facet normal  0.000000e+00  0.000000e+00 -1.000000e+00
   outer loop
     vertex -3.258805e+01  1.635263e+01  1.512858e+02
     vertex -3.129872e+01  1.784871e+01  1.512858e+02
     vertex -3.222014e+01  1.597490e+01  1.512858e+02
   endloop
 endfacet
 facet normal  0.000000e+00  0.000000e+00 -1.000000e+00
   outer loop
     vertex -3.227137e+01  1.208637e+01  1.512858e+02
     vertex -3.196327e+01  1.251428e+01  1.512858e+02
     vertex -3.029996e+01  1.144815e+01  1.512858e+02
   endloop
 endfacet
 facet normal  0.000000e+00  0.000000e+00 -1.000000e+00
   outer loop
     vertex -3.227137e+01  1.208637e+01  1.512858e+02
     vertex -3.077529e+01  1.079704e+01  1.512858e+02
     vertex -3.134909e+01  1.023079e+01  1.512858e+02
   endloop
 endfacet
 facet normal  0.000000e+00  0.000000e+00 -1.000000e+00
   outer loop
     vertex -3.227137e+01  1.208637e+01  1.512858e+02
     vertex -3.029996e+01  1.144815e+01  1.512858e+02
     vertex -3.077529e+01  1.079704e+01  1.512858e+02
   endloop
 endfacet
 facet normal  0.000000e+00  0.000000e+00 -1.000000e+00
   outer loop
     vertex -3.301596e+01  1.666074e+01  1.512858e+02
     vertex -3.200601e+01  1.835798e+01  1.512858e+02
     vertex -3.258805e+01  1.635263e+01  1.512858e+02
   endloop
 endfacet
 facet normal  0.000000e+00  0.000000e+00 -1.000000e+00
   outer loop
     vertex -3.264911e+01  1.171846e+01  1.512858e+02
     vertex -3.227137e+01  1.208637e+01  1.512858e+02
     vertex -3.134909e+01  1.023079e+01  1.512858e+02
   endloop
 endfacet
 facet normal  0.000000e+00  0.000000e+00 -1.000000e+00
   outer loop
     vertex -3.264911e+01  1.171846e+01  1.512858e+02
     vertex -3.134909e+01  1.023079e+01  1.512858e+02
     vertex -3.200642e+01  9.764101e+00  1.512858e+02
   endloop
 endfacet
 facet normal  0.000000e+00  0.000000e+00 -1.000000e+00
   outer loop
     vertex -3.349087e+01  1.688986e+01  1.512858e+02
     vertex -3.279099e+01  1.873669e+01  1.512858e+02
     vertex -3.200601e+01  1.835798e+01  1.512858e+02
   endloop
 endfacet
 facet normal  0.000000e+00  0.000000e+00 -1.000000e+00
   outer loop
     vertex -3.349087e+01  1.688986e+01  1.512858e+02
     vertex -3.200601e+01  1.835798e+01  1.512858e+02
     vertex -3.301596e+01  1.666074e+01  1.512858e+02
   endloop
 endfacet
 facet normal  0.000000e+00  0.000000e+00 -1.000000e+00
   outer loop
     vertex -3.308498e+01  1.142174e+01  1.512858e+02
     vertex -3.264911e+01  1.171846e+01  1.512858e+02
     vertex -3.200642e+01  9.764101e+00  1.512858e+02
   endloop
 endfacet
 facet normal  0.000000e+00  0.000000e+00 -1.000000e+00
   outer loop
     vertex -3.308498e+01  1.142174e+01  1.512858e+02
     vertex -3.200642e+01  9.764101e+00  1.512858e+02
     vertex -3.273022e+01  9.409121e+00  1.512858e+02
   endloop
 endfacet
 facet normal  0.000000e+00  0.000000e+00 -1.000000e+00
   outer loop
     vertex -3.399835e+01  1.703303e+01  1.512858e+02
     vertex -3.362980e+01  1.897334e+01  1.512858e+02
     vertex -3.279099e+01  1.873669e+01  1.512858e+02
   endloop
 endfacet
 facet normal  0.000000e+00  0.000000e+00 -1.000000e+00
   outer loop
     vertex -3.399835e+01  1.703303e+01  1.512858e+02
     vertex -3.279099e+01  1.873669e+01  1.512858e+02
     vertex -3.349087e+01  1.688986e+01  1.512858e+02
   endloop
 endfacet
 facet normal  0.000000e+00  0.000000e+00 -1.000000e+00
   outer loop
     vertex -3.356577e+01  1.120521e+01  1.512858e+02
     vertex -3.273022e+01  9.409121e+00  1.512858e+02
     vertex -3.286336e+01  9.341708e+00  1.512858e+02
   endloop
 endfacet
 facet normal  0.000000e+00  0.000000e+00 -1.000000e+00
   outer loop
     vertex -3.356577e+01  1.120521e+01  1.512858e+02
     vertex -3.308498e+01  1.142174e+01  1.512858e+02
     vertex -3.273022e+01  9.409121e+00  1.512858e+02
   endloop
 endfacet
 facet normal  0.000000e+00  0.000000e+00 -1.000000e+00
   outer loop
     vertex -3.449697e+01  1.906073e+01  1.512858e+02
     vertex -3.362980e+01  1.897334e+01  1.512858e+02
     vertex -3.399835e+01  1.703303e+01  1.512858e+02
   endloop
 endfacet
 facet normal  0.000000e+00  0.000000e+00 -1.000000e+00
   outer loop
     vertex -3.452299e+01  1.708590e+01  1.512858e+02
     vertex -3.449697e+01  1.906073e+01  1.512858e+02
     vertex -3.399835e+01  1.703303e+01  1.512858e+02
   endloop
 endfacet
 facet normal  0.000000e+00  0.000000e+00 -1.000000e+00
   outer loop
     vertex -3.407685e+01  1.107546e+01  1.512858e+02
     vertex -3.286336e+01  9.341708e+00  1.512858e+02
     vertex -3.298167e+01  9.250739e+00  1.512858e+02
   endloop
 endfacet
 facet normal  0.000000e+00  0.000000e+00 -1.000000e+00
   outer loop
     vertex -3.407685e+01  1.107546e+01  1.512858e+02
     vertex -3.298167e+01  9.250739e+00  1.512858e+02
     vertex -3.308102e+01  9.139379e+00  1.512858e+02
   endloop
 endfacet
 facet normal  0.000000e+00  0.000000e+00 -1.000000e+00
   outer loop
     vertex -3.407685e+01  1.107546e+01  1.512858e+02
     vertex -3.356577e+01  1.120521e+01  1.512858e+02
     vertex -3.286336e+01  9.341708e+00  1.512858e+02
   endloop
 endfacet
 facet normal  0.000000e+00  0.000000e+00 -1.000000e+00
   outer loop
     vertex -3.460269e+01  1.103642e+01  1.512858e+02
     vertex -3.308102e+01  9.139379e+00  1.512858e+02
     vertex -3.315796e+01  9.011503e+00  1.512858e+02
   endloop
 endfacet
 facet normal  0.000000e+00  0.000000e+00 -1.000000e+00
   outer loop
     vertex -3.460269e+01  1.103642e+01  1.512858e+02
     vertex -3.315796e+01  9.011503e+00  1.512858e+02
     vertex -3.320982e+01  8.871562e+00  1.512858e+02
   endloop
 endfacet
 facet normal  0.000000e+00  0.000000e+00 -1.000000e+00
   outer loop
     vertex -3.460269e+01  1.103642e+01  1.512858e+02
     vertex -3.407685e+01  1.107546e+01  1.512858e+02
     vertex -3.308102e+01  9.139379e+00  1.512858e+02
   endloop
 endfacet
 facet normal  0.000000e+00  0.000000e+00 -1.000000e+00
   outer loop
     vertex -3.536614e+01  1.899621e+01  1.512858e+02
     vertex -3.452299e+01  1.708590e+01  1.512858e+02
     vertex -3.504883e+01  1.704687e+01  1.512858e+02
   endloop
 endfacet
 facet normal  0.000000e+00  0.000000e+00 -1.000000e+00
   outer loop
     vertex -3.536614e+01  1.899621e+01  1.512858e+02
     vertex -3.449697e+01  1.906073e+01  1.512858e+02
     vertex -3.452299e+01  1.708590e+01  1.512858e+02
   endloop
 endfacet
 facet normal  0.000000e+00  0.000000e+00 -1.000000e+00
   outer loop
     vertex -3.555991e+01  1.691712e+01  1.512858e+02
     vertex -3.536614e+01  1.899621e+01  1.512858e+02
     vertex -3.504883e+01  1.704687e+01  1.512858e+02
   endloop
 endfacet
 facet normal  0.000000e+00  0.000000e+00 -1.000000e+00
   outer loop
     vertex -3.512733e+01  1.108930e+01  1.512858e+02
     vertex -3.460269e+01  1.103642e+01  1.512858e+02
     vertex -3.320982e+01  8.871562e+00  1.512858e+02
   endloop
 endfacet
 facet normal  0.000000e+00  0.000000e+00 -1.000000e+00
   outer loop
     vertex -3.512733e+01  1.108930e+01  1.512858e+02
     vertex -3.320982e+01  8.871562e+00  1.512858e+02
     vertex -3.323477e+01  8.724425e+00  1.512858e+02
   endloop
 endfacet
 facet normal  0.000000e+00  0.000000e+00 -1.000000e+00
   outer loop
     vertex -3.512733e+01  1.108930e+01  1.512858e+02
     vertex -3.323477e+01  8.724425e+00  1.512858e+02
     vertex -3.323197e+01  8.575213e+00  1.512858e+02
   endloop
 endfacet
 facet normal  0.000000e+00  0.000000e+00 -1.000000e+00
   outer loop
     vertex -3.621089e+01  1.878175e+01  1.512858e+02
     vertex -3.536614e+01  1.899621e+01  1.512858e+02
     vertex -3.555991e+01  1.691712e+01  1.512858e+02
   endloop
 endfacet
 facet normal  0.000000e+00  0.000000e+00 -1.000000e+00
   outer loop
     vertex -3.700558e+01  1.842385e+01  1.512858e+02
     vertex -3.621089e+01  1.878175e+01  1.512858e+02
     vertex -3.555991e+01  1.691712e+01  1.512858e+02
   endloop
 endfacet
 facet normal  0.000000e+00  0.000000e+00 -1.000000e+00
   outer loop
     vertex -3.700558e+01  1.842385e+01  1.512858e+02
     vertex -3.555991e+01  1.691712e+01  1.512858e+02
     vertex -3.604070e+01  1.670059e+01  1.512858e+02
   endloop
 endfacet
 facet normal  0.000000e+00  0.000000e+00 -1.000000e+00
   outer loop
     vertex -3.772604e+01  1.793339e+01  1.512858e+02
     vertex -3.700558e+01  1.842385e+01  1.512858e+02
     vertex -3.604070e+01  1.670059e+01  1.512858e+02
   endloop
 endfacet
 facet normal  0.000000e+00  0.000000e+00 -1.000000e+00
   outer loop
     vertex -3.772604e+01  1.793339e+01  1.512858e+02
     vertex -3.604070e+01  1.670059e+01  1.512858e+02
     vertex -3.647658e+01  1.640386e+01  1.512858e+02
   endloop
 endfacet
 facet normal  0.000000e+00  0.000000e+00 -1.000000e+00
   outer loop
     vertex -3.835039e+01  1.732528e+01  1.512858e+02
     vertex -3.685431e+01  1.603595e+01  1.512858e+02
     vertex -3.716241e+01  1.560804e+01  1.512858e+02
   endloop
 endfacet
 facet normal  0.000000e+00  0.000000e+00 -1.000000e+00
   outer loop
     vertex -3.835039e+01  1.732528e+01  1.512858e+02
     vertex -3.772604e+01  1.793339e+01  1.512858e+02
     vertex -3.647658e+01  1.640386e+01  1.512858e+02
   endloop
 endfacet
 facet normal  0.000000e+00  0.000000e+00 -1.000000e+00
   outer loop
     vertex -3.835039e+01  1.732528e+01  1.512858e+02
     vertex -3.647658e+01  1.640386e+01  1.512858e+02
     vertex -3.685431e+01  1.603595e+01  1.512858e+02
   endloop
 endfacet
 facet normal  0.000000e+00  0.000000e+00 -1.000000e+00
   outer loop
     vertex -3.782696e+01  1.027361e+01  1.512858e+02
     vertex -3.653763e+01  1.176970e+01  1.512858e+02
     vertex -3.610972e+01  1.146159e+01  1.512858e+02
   endloop
 endfacet
 facet normal  0.000000e+00  0.000000e+00 -1.000000e+00
   outer loop
     vertex -3.782696e+01  1.027361e+01  1.512858e+02
     vertex -3.610972e+01  1.146159e+01  1.512858e+02
     vertex -3.563481e+01  1.123247e+01  1.512858e+02
   endloop
 endfacet
 facet normal  0.000000e+00  0.000000e+00 -1.000000e+00
   outer loop
     vertex -3.782696e+01  1.027361e+01  1.512858e+02
     vertex -3.563481e+01  1.123247e+01  1.512858e+02
     vertex -3.512733e+01  1.108930e+01  1.512858e+02
   endloop
 endfacet
 facet normal  0.000000e+00  0.000000e+00 -1.000000e+00
   outer loop
     vertex -3.782696e+01  1.027361e+01  1.512858e+02
     vertex -3.323197e+01  8.575213e+00  1.512858e+02
     vertex -3.320150e+01  8.429118e+00  1.512858e+02
   endloop
 endfacet
 facet normal  0.000000e+00  0.000000e+00 -1.000000e+00
   outer loop
     vertex -3.782696e+01  1.027361e+01  1.512858e+02
     vertex -3.320150e+01  8.429118e+00  1.512858e+02
     vertex -3.314442e+01  8.291225e+00  1.512858e+02
   endloop
 endfacet
 facet normal  0.000000e+00  0.000000e+00 -1.000000e+00
   outer loop
     vertex -3.782696e+01  1.027361e+01  1.512858e+02
     vertex -3.314442e+01  8.291225e+00  1.512858e+02
     vertex -3.306273e+01  8.166333e+00  1.512858e+02
   endloop
 endfacet
 facet normal  0.000000e+00  0.000000e+00 -1.000000e+00
   outer loop
     vertex -3.782696e+01  1.027361e+01  1.512858e+02
     vertex -3.306273e+01  8.166333e+00  1.512858e+02
     vertex -3.295926e+01  8.058786e+00  1.512858e+02
   endloop
 endfacet
 facet normal  0.000000e+00  0.000000e+00 -1.000000e+00
   outer loop
     vertex -3.782696e+01  1.027361e+01  1.512858e+02
     vertex -3.512733e+01  1.108930e+01  1.512858e+02
     vertex -3.323197e+01  8.575213e+00  1.512858e+02
   endloop
 endfacet
 facet normal  0.000000e+00  0.000000e+00 -1.000000e+00
   outer loop
     vertex -3.885966e+01  1.661799e+01  1.512858e+02
     vertex -3.716241e+01  1.560804e+01  1.512858e+02
     vertex -3.739153e+01  1.513313e+01  1.512858e+02
   endloop
 endfacet
 facet normal  0.000000e+00  0.000000e+00 -1.000000e+00
   outer loop
     vertex -3.885966e+01  1.661799e+01  1.512858e+02
     vertex -3.835039e+01  1.732528e+01  1.512858e+02
     vertex -3.716241e+01  1.560804e+01  1.512858e+02
   endloop
 endfacet
 facet normal  0.000000e+00  0.000000e+00 -1.000000e+00
   outer loop
     vertex -3.843507e+01  1.089796e+01  1.512858e+02
     vertex -3.690554e+01  1.214743e+01  1.512858e+02
     vertex -3.653763e+01  1.176970e+01  1.512858e+02
   endloop
 endfacet
 facet normal  0.000000e+00  0.000000e+00 -1.000000e+00
   outer loop
     vertex -3.843507e+01  1.089796e+01  1.512858e+02
     vertex -3.653763e+01  1.176970e+01  1.512858e+02
     vertex -3.782696e+01  1.027361e+01  1.512858e+02
   endloop
 endfacet
 facet normal  0.000000e+00  0.000000e+00 -1.000000e+00
   outer loop
     vertex -3.923837e+01  1.583301e+01  1.512858e+02
     vertex -3.885966e+01  1.661799e+01  1.512858e+02
     vertex -3.739153e+01  1.513313e+01  1.512858e+02
   endloop
 endfacet
 facet normal  0.000000e+00  0.000000e+00 -1.000000e+00
   outer loop
     vertex -3.892553e+01  1.161843e+01  1.512858e+02
     vertex -3.690554e+01  1.214743e+01  1.512858e+02
     vertex -3.843507e+01  1.089796e+01  1.512858e+02
   endloop
 endfacet
 facet normal  0.000000e+00  0.000000e+00 -1.000000e+00
   outer loop
     vertex -3.892553e+01  1.161843e+01  1.512858e+02
     vertex -3.741879e+01  1.306409e+01  1.512858e+02
     vertex -3.720227e+01  1.258331e+01  1.512858e+02
   endloop
 endfacet
 facet normal  0.000000e+00  0.000000e+00 -1.000000e+00
   outer loop
     vertex -3.892553e+01  1.161843e+01  1.512858e+02
     vertex -3.720227e+01  1.258331e+01  1.512858e+02
     vertex -3.690554e+01  1.214743e+01  1.512858e+02
   endloop
 endfacet
 facet normal  0.000000e+00  0.000000e+00 -1.000000e+00
   outer loop
     vertex -3.947501e+01  1.499420e+01  1.512858e+02
     vertex -3.923837e+01  1.583301e+01  1.512858e+02
     vertex -3.739153e+01  1.513313e+01  1.512858e+02
   endloop
 endfacet
 facet normal  0.000000e+00  0.000000e+00 -1.000000e+00
   outer loop
     vertex -3.947501e+01  1.499420e+01  1.512858e+02
     vertex -3.739153e+01  1.513313e+01  1.512858e+02
     vertex -3.753471e+01  1.462565e+01  1.512858e+02
   endloop
 endfacet
 facet normal  0.000000e+00  0.000000e+00 -1.000000e+00
   outer loop
     vertex -3.928343e+01  1.241311e+01  1.512858e+02
     vertex -3.741879e+01  1.306409e+01  1.512858e+02
     vertex -3.892553e+01  1.161843e+01  1.512858e+02
   endloop
 endfacet
 facet normal  0.000000e+00  0.000000e+00 -1.000000e+00
   outer loop
     vertex -3.956241e+01  1.412703e+01  1.512858e+02
     vertex -3.753471e+01  1.462565e+01  1.512858e+02
     vertex -3.758758e+01  1.410101e+01  1.512858e+02
   endloop
 endfacet
 facet normal  0.000000e+00  0.000000e+00 -1.000000e+00
   outer loop
     vertex -3.956241e+01  1.412703e+01  1.512858e+02
     vertex -3.947501e+01  1.499420e+01  1.512858e+02
     vertex -3.753471e+01  1.462565e+01  1.512858e+02
   endloop
 endfacet
 facet normal  0.000000e+00  0.000000e+00 -1.000000e+00
   outer loop
     vertex -3.949789e+01  1.325787e+01  1.512858e+02
     vertex -3.758758e+01  1.410101e+01  1.512858e+02
     vertex -3.754855e+01  1.357517e+01  1.512858e+02
   endloop
 endfacet
 facet normal  0.000000e+00  0.000000e+00 -1.000000e+00
   outer loop
     vertex -3.949789e+01  1.325787e+01  1.512858e+02
     vertex -3.754855e+01  1.357517e+01  1.512858e+02
     vertex -3.741879e+01  1.306409e+01  1.512858e+02
   endloop
 endfacet
 facet normal  0.000000e+00  0.000000e+00 -1.000000e+00
   outer loop
     vertex -3.949789e+01  1.325787e+01  1.512858e+02
     vertex -3.956241e+01  1.412703e+01  1.512858e+02
     vertex -3.758758e+01  1.410101e+01  1.512858e+02
   endloop
 endfacet
 facet normal  0.000000e+00  0.000000e+00 -1.000000e+00
   outer loop
     vertex -3.949789e+01  1.325787e+01  1.512858e+02
     vertex -3.741879e+01  1.306409e+01  1.512858e+02
     vertex -3.928343e+01  1.241311e+01  1.512858e+02
   endloop
 endfacet
 facet normal  0.000000e+00  0.000000e+00 -1.000000e+00
   outer loop
     vertex -3.782696e+01  1.027361e+01  1.512858e+02
     vertex -3.295926e+01  8.058786e+00  1.512858e+02
     vertex -2.062994e+01 -4.546822e+00  1.512858e+02
   endloop
 endfacet
 facet normal  0.000000e+00  0.000000e+00 -1.000000e+00
   outer loop
     vertex -3.295926e+01  8.058786e+00  1.512858e+02
     vertex -2.209375e+01 -1.305137e+00  1.512858e+02
     vertex -2.062994e+01 -4.546822e+00  1.512858e+02
   endloop
 endfacet
 facet normal  6.977297e-01 -7.163611e-01  0.000000e+00
   outer loop
     vertex  1.783849e+01 -3.224463e+01  1.512858e+02
     vertex  1.846284e+01 -3.163651e+01  1.512858e+02
     vertex  1.846284e+01 -3.163651e+01  1.561858e+02
   endloop
 endfacet
 facet normal  6.977297e-01 -7.163611e-01  0.000000e+00
   outer loop
     vertex  1.783849e+01 -3.224463e+01  1.512858e+02
     vertex  1.846284e+01 -3.163651e+01  1.561858e+02
     vertex  1.783849e+01 -3.224463e+01  1.561858e+02
   endloop
 endfacet
 facet normal  5.627349e-01 -8.266374e-01  0.000000e+00
   outer loop
     vertex  1.711802e+01 -3.273508e+01  1.512858e+02
     vertex  1.783849e+01 -3.224463e+01  1.561858e+02
     vertex  1.711802e+01 -3.273508e+01  1.561858e+02
   endloop
 endfacet
 facet normal  5.627349e-01 -8.266374e-01  0.000000e+00
   outer loop
     vertex  1.711802e+01 -3.273508e+01  1.512858e+02
     vertex  1.783849e+01 -3.224463e+01  1.512858e+02
     vertex  1.783849e+01 -3.224463e+01  1.561858e+02
   endloop
 endfacet
 facet normal  2.460711e-01 -9.692518e-01  0.000000e+00
   outer loop
     vertex  1.632334e+01 -3.309298e+01  1.512858e+02
     vertex  1.632334e+01 -3.309298e+01  1.561858e+02
     vertex  1.547858e+01 -3.330744e+01  1.561858e+02
   endloop
 endfacet
 facet normal  4.106416e-01 -9.117969e-01  0.000000e+00
   outer loop
     vertex  1.632334e+01 -3.309298e+01  1.512858e+02
     vertex  1.711802e+01 -3.273508e+01  1.561858e+02
     vertex  1.632334e+01 -3.309298e+01  1.561858e+02
   endloop
 endfacet
 facet normal  4.106416e-01 -9.117969e-01  0.000000e+00
   outer loop
     vertex  1.632334e+01 -3.309298e+01  1.512858e+02
     vertex  1.711802e+01 -3.273508e+01  1.512858e+02
     vertex  1.711802e+01 -3.273508e+01  1.561858e+02
   endloop
 endfacet
 facet normal  2.460711e-01 -9.692518e-01  0.000000e+00
   outer loop
     vertex  1.547858e+01 -3.330744e+01  1.512858e+02
     vertex  1.632334e+01 -3.309298e+01  1.512858e+02
     vertex  1.547858e+01 -3.330744e+01  1.561858e+02
   endloop
 endfacet
 facet normal  7.402397e-02 -9.972565e-01  0.000000e+00
   outer loop
     vertex  1.460942e+01 -3.337196e+01  1.512858e+02
     vertex  1.547858e+01 -3.330744e+01  1.561858e+02
     vertex  1.460942e+01 -3.337196e+01  1.561858e+02
   endloop
 endfacet
 facet normal  7.402397e-02 -9.972565e-01  0.000000e+00
   outer loop
     vertex  1.460942e+01 -3.337196e+01  1.512858e+02
     vertex  1.547858e+01 -3.330744e+01  1.512858e+02
     vertex  1.547858e+01 -3.330744e+01  1.561858e+02
   endloop
 endfacet
 facet normal -1.002724e-01 -9.949600e-01  0.000000e+00
   outer loop
     vertex  1.374225e+01 -3.328457e+01  1.512858e+02
     vertex  1.460942e+01 -3.337196e+01  1.561858e+02
     vertex  1.374225e+01 -3.328457e+01  1.561858e+02
   endloop
 endfacet
 facet normal -1.002724e-01 -9.949600e-01  0.000000e+00
   outer loop
     vertex  1.374225e+01 -3.328457e+01  1.512858e+02
     vertex  1.460942e+01 -3.337196e+01  1.512858e+02
     vertex  1.460942e+01 -3.337196e+01  1.561858e+02
   endloop
 endfacet
 facet normal -4.345216e-01 -9.006614e-01  0.000000e+00
   outer loop
     vertex  1.290344e+01 -3.304792e+01  1.512858e+02
     vertex  1.290344e+01 -3.304792e+01  1.561858e+02
     vertex  1.211846e+01 -3.266921e+01  1.561858e+02
   endloop
 endfacet
 facet normal -2.715220e-01 -9.624322e-01  0.000000e+00
   outer loop
     vertex  1.290344e+01 -3.304792e+01  1.512858e+02
     vertex  1.374225e+01 -3.328457e+01  1.561858e+02
     vertex  1.290344e+01 -3.304792e+01  1.561858e+02
   endloop
 endfacet
 facet normal -2.715220e-01 -9.624322e-01  0.000000e+00
   outer loop
     vertex  1.290344e+01 -3.304792e+01  1.512858e+02
     vertex  1.374225e+01 -3.328457e+01  1.512858e+02
     vertex  1.374225e+01 -3.328457e+01  1.561858e+02
   endloop
 endfacet
 facet normal -4.345216e-01 -9.006614e-01  0.000000e+00
   outer loop
     vertex  1.211846e+01 -3.266921e+01  1.512858e+02
     vertex  1.290344e+01 -3.304792e+01  1.512858e+02
     vertex  1.211846e+01 -3.266921e+01  1.561858e+02
   endloop
 endfacet
 facet normal -5.843184e-01 -8.115245e-01  0.000000e+00
   outer loop
     vertex  1.141117e+01 -3.215994e+01  1.512858e+02
     vertex  1.211846e+01 -3.266921e+01  1.561858e+02
     vertex  1.141117e+01 -3.215994e+01  1.561858e+02
   endloop
 endfacet
 facet normal -5.843184e-01 -8.115245e-01  0.000000e+00
   outer loop
     vertex  1.141117e+01 -3.215994e+01  1.512858e+02
     vertex  1.211846e+01 -3.266921e+01  1.512858e+02
     vertex  1.211846e+01 -3.266921e+01  1.561858e+02
   endloop
 endfacet
 facet normal -7.163611e-01 -6.977297e-01  0.000000e+00
   outer loop
     vertex -3.843507e+01  1.089796e+01  1.512858e+02
     vertex -3.782696e+01  1.027361e+01  1.512858e+02
     vertex -3.782696e+01  1.027361e+01  1.561858e+02
   endloop
 endfacet
 facet normal -7.163611e-01 -6.977297e-01  0.000000e+00
   outer loop
     vertex -3.843507e+01  1.089796e+01  1.512858e+02
     vertex -3.782696e+01  1.027361e+01  1.561858e+02
     vertex -3.843507e+01  1.089796e+01  1.561858e+02
   endloop
 endfacet
 facet normal -8.266374e-01 -5.627349e-01  0.000000e+00
   outer loop
     vertex -3.892553e+01  1.161843e+01  1.512858e+02
     vertex -3.843507e+01  1.089796e+01  1.561858e+02
     vertex -3.892553e+01  1.161843e+01  1.561858e+02
   endloop
 endfacet
 facet normal -8.266374e-01 -5.627349e-01  0.000000e+00
   outer loop
     vertex -3.892553e+01  1.161843e+01  1.512858e+02
     vertex -3.843507e+01  1.089796e+01  1.512858e+02
     vertex -3.843507e+01  1.089796e+01  1.561858e+02
   endloop
 endfacet
 facet normal -9.117969e-01 -4.106416e-01  0.000000e+00
   outer loop
     vertex -3.928343e+01  1.241311e+01  1.512858e+02
     vertex -3.892553e+01  1.161843e+01  1.561858e+02
     vertex -3.928343e+01  1.241311e+01  1.561858e+02
   endloop
 endfacet
 facet normal -9.117969e-01 -4.106416e-01  0.000000e+00
   outer loop
     vertex -3.928343e+01  1.241311e+01  1.512858e+02
     vertex -3.892553e+01  1.161843e+01  1.512858e+02
     vertex -3.892553e+01  1.161843e+01  1.561858e+02
   endloop
 endfacet
 facet normal -9.972565e-01 -7.402397e-02  0.000000e+00
   outer loop
     vertex -3.949789e+01  1.325787e+01  1.512858e+02
     vertex -3.949789e+01  1.325787e+01  1.561858e+02
     vertex -3.956241e+01  1.412703e+01  1.561858e+02
   endloop
 endfacet
 facet normal -9.692518e-01 -2.460711e-01  0.000000e+00
   outer loop
     vertex -3.949789e+01  1.325787e+01  1.512858e+02
     vertex -3.928343e+01  1.241311e+01  1.561858e+02
     vertex -3.949789e+01  1.325787e+01  1.561858e+02
   endloop
 endfacet
 facet normal -9.692518e-01 -2.460711e-01  0.000000e+00
   outer loop
     vertex -3.949789e+01  1.325787e+01  1.512858e+02
     vertex -3.928343e+01  1.241311e+01  1.512858e+02
     vertex -3.928343e+01  1.241311e+01  1.561858e+02
   endloop
 endfacet
 facet normal -9.972565e-01 -7.402397e-02  0.000000e+00
   outer loop
     vertex -3.956241e+01  1.412703e+01  1.512858e+02
     vertex -3.949789e+01  1.325787e+01  1.512858e+02
     vertex -3.956241e+01  1.412703e+01  1.561858e+02
   endloop
 endfacet
 facet normal -9.624322e-01  2.715220e-01  0.000000e+00
   outer loop
     vertex -3.947501e+01  1.499420e+01  1.512858e+02
     vertex -3.947501e+01  1.499420e+01  1.561858e+02
     vertex -3.923837e+01  1.583301e+01  1.561858e+02
   endloop
 endfacet
 facet normal -9.949600e-01  1.002724e-01  0.000000e+00
   outer loop
     vertex -3.947501e+01  1.499420e+01  1.512858e+02
     vertex -3.956241e+01  1.412703e+01  1.561858e+02
     vertex -3.947501e+01  1.499420e+01  1.561858e+02
   endloop
 endfacet
 facet normal -9.949600e-01  1.002724e-01  0.000000e+00
   outer loop
     vertex -3.947501e+01  1.499420e+01  1.512858e+02
     vertex -3.956241e+01  1.412703e+01  1.512858e+02
     vertex -3.956241e+01  1.412703e+01  1.561858e+02
   endloop
 endfacet
 facet normal -9.006614e-01  4.345216e-01  0.000000e+00
   outer loop
     vertex -3.923837e+01  1.583301e+01  1.512858e+02
     vertex -3.923837e+01  1.583301e+01  1.561858e+02
     vertex -3.885966e+01  1.661799e+01  1.561858e+02
   endloop
 endfacet
 facet normal -9.624322e-01  2.715220e-01  0.000000e+00
   outer loop
     vertex -3.923837e+01  1.583301e+01  1.512858e+02
     vertex -3.947501e+01  1.499420e+01  1.512858e+02
     vertex -3.923837e+01  1.583301e+01  1.561858e+02
   endloop
 endfacet
 facet normal -9.006614e-01  4.345216e-01  0.000000e+00
   outer loop
     vertex -3.885966e+01  1.661799e+01  1.512858e+02
     vertex -3.923837e+01  1.583301e+01  1.512858e+02
     vertex -3.885966e+01  1.661799e+01  1.561858e+02
   endloop
 endfacet
 facet normal -6.977297e-01  7.163611e-01  0.000000e+00
   outer loop
     vertex -3.835039e+01  1.732528e+01  1.512858e+02
     vertex -3.835039e+01  1.732528e+01  1.561858e+02
     vertex -3.772604e+01  1.793339e+01  1.561858e+02
   endloop
 endfacet
 facet normal -8.115245e-01  5.843184e-01  0.000000e+00
   outer loop
     vertex -3.835039e+01  1.732528e+01  1.512858e+02
     vertex -3.885966e+01  1.661799e+01  1.561858e+02
     vertex -3.835039e+01  1.732528e+01  1.561858e+02
   endloop
 endfacet
 facet normal -8.115245e-01  5.843184e-01  0.000000e+00
   outer loop
     vertex -3.835039e+01  1.732528e+01  1.512858e+02
     vertex -3.885966e+01  1.661799e+01  1.512858e+02
     vertex -3.885966e+01  1.661799e+01  1.561858e+02
   endloop
 endfacet
 facet normal -6.977297e-01  7.163611e-01  0.000000e+00
   outer loop
     vertex -3.772604e+01  1.793339e+01  1.512858e+02
     vertex -3.835039e+01  1.732528e+01  1.512858e+02
     vertex -3.772604e+01  1.793339e+01  1.561858e+02
   endloop
 endfacet
 facet normal -4.106416e-01  9.117969e-01  0.000000e+00
   outer loop
     vertex -3.700558e+01  1.842385e+01  1.512858e+02
     vertex -3.700558e+01  1.842385e+01  1.561858e+02
     vertex -3.621089e+01  1.878175e+01  1.561858e+02
   endloop
 endfacet
 facet normal -5.627349e-01  8.266374e-01  0.000000e+00
   outer loop
     vertex -3.700558e+01  1.842385e+01  1.512858e+02
     vertex -3.772604e+01  1.793339e+01  1.561858e+02
     vertex -3.700558e+01  1.842385e+01  1.561858e+02
   endloop
 endfacet
 facet normal -5.627349e-01  8.266374e-01  0.000000e+00
   outer loop
     vertex -3.700558e+01  1.842385e+01  1.512858e+02
     vertex -3.772604e+01  1.793339e+01  1.512858e+02
     vertex -3.772604e+01  1.793339e+01  1.561858e+02
   endloop
 endfacet
 facet normal -4.106416e-01  9.117969e-01  0.000000e+00
   outer loop
     vertex -3.621089e+01  1.878175e+01  1.512858e+02
     vertex -3.700558e+01  1.842385e+01  1.512858e+02
     vertex -3.621089e+01  1.878175e+01  1.561858e+02
   endloop
 endfacet
 facet normal -2.460711e-01  9.692518e-01  0.000000e+00
   outer loop
     vertex -3.536614e+01  1.899621e+01  1.512858e+02
     vertex -3.621089e+01  1.878175e+01  1.561858e+02
     vertex -3.536614e+01  1.899621e+01  1.561858e+02
   endloop
 endfacet
 facet normal -2.460711e-01  9.692518e-01  0.000000e+00
   outer loop
     vertex -3.536614e+01  1.899621e+01  1.512858e+02
     vertex -3.621089e+01  1.878175e+01  1.512858e+02
     vertex -3.621089e+01  1.878175e+01  1.561858e+02
   endloop
 endfacet
 facet normal  1.002724e-01  9.949600e-01 -0.000000e+00
   outer loop
     vertex -3.449697e+01  1.906073e+01  1.512858e+02
     vertex -3.449697e+01  1.906073e+01  1.561858e+02
     vertex -3.362980e+01  1.897334e+01  1.561858e+02
   endloop
 endfacet
 facet normal -7.402397e-02  9.972565e-01  0.000000e+00
   outer loop
     vertex -3.449697e+01  1.906073e+01  1.512858e+02
     vertex -3.536614e+01  1.899621e+01  1.561858e+02
     vertex -3.449697e+01  1.906073e+01  1.561858e+02
   endloop
 endfacet
 facet normal -7.402397e-02  9.972565e-01  0.000000e+00
   outer loop
     vertex -3.449697e+01  1.906073e+01  1.512858e+02
     vertex -3.536614e+01  1.899621e+01  1.512858e+02
     vertex -3.536614e+01  1.899621e+01  1.561858e+02
   endloop
 endfacet
 facet normal  1.002724e-01  9.949600e-01 -0.000000e+00
   outer loop
     vertex -3.362980e+01  1.897334e+01  1.512858e+02
     vertex -3.449697e+01  1.906073e+01  1.512858e+02
     vertex -3.362980e+01  1.897334e+01  1.561858e+02
   endloop
 endfacet
 facet normal  2.715220e-01  9.624322e-01  0.000000e+00
   outer loop
     vertex -3.279099e+01  1.873669e+01  1.512858e+02
     vertex -3.362980e+01  1.897334e+01  1.512858e+02
     vertex -3.362980e+01  1.897334e+01  1.561858e+02
   endloop
 endfacet
 facet normal  4.345216e-01  9.006614e-01 -0.000000e+00
   outer loop
     vertex -3.279099e+01  1.873669e+01  1.512858e+02
     vertex -3.279099e+01  1.873669e+01  1.561858e+02
     vertex -3.200601e+01  1.835798e+01  1.561858e+02
   endloop
 endfacet
 facet normal  2.715220e-01  9.624322e-01 -0.000000e+00
   outer loop
     vertex -3.279099e+01  1.873669e+01  1.512858e+02
     vertex -3.362980e+01  1.897334e+01  1.561858e+02
     vertex -3.279099e+01  1.873669e+01  1.561858e+02
   endloop
 endfacet
 facet normal  4.345216e-01  9.006614e-01 -0.000000e+00
   outer loop
     vertex -3.200601e+01  1.835798e+01  1.512858e+02
     vertex -3.279099e+01  1.873669e+01  1.512858e+02
     vertex -3.200601e+01  1.835798e+01  1.561858e+02
   endloop
 endfacet
 facet normal  5.843184e-01  8.115245e-01  0.000000e+00
   outer loop
     vertex -3.129872e+01  1.784871e+01  1.512858e+02
     vertex -3.200601e+01  1.835798e+01  1.512858e+02
     vertex -3.200601e+01  1.835798e+01  1.561858e+02
   endloop
 endfacet
 facet normal  5.843184e-01  8.115245e-01 -0.000000e+00
   outer loop
     vertex -3.129872e+01  1.784871e+01  1.512858e+02
     vertex -3.200601e+01  1.835798e+01  1.561858e+02
     vertex -3.129872e+01  1.784871e+01  1.561858e+02
   endloop
 endfacet
 facet normal  0.000000e+00  0.000000e+00  1.000000e+00
   outer loop
     vertex  1.766099e+01 -2.788640e+01  1.561858e+02
     vertex  1.961034e+01 -2.756910e+01  1.561858e+02
     vertex  1.939587e+01 -2.672434e+01  1.561858e+02
   endloop
 endfacet
 facet normal -0.000000e+00  0.000000e+00  1.000000e+00
   outer loop
     vertex  1.770002e+01 -2.841225e+01  1.561858e+02
     vertex  1.967485e+01 -2.843827e+01  1.561858e+02
     vertex  1.961034e+01 -2.756910e+01  1.561858e+02
   endloop
 endfacet
 facet normal  0.000000e+00 -0.000000e+00  1.000000e+00
   outer loop
     vertex  1.770002e+01 -2.841225e+01  1.561858e+02
     vertex  1.961034e+01 -2.756910e+01  1.561858e+02
     vertex  1.766099e+01 -2.788640e+01  1.561858e+02
   endloop
 endfacet
 facet normal -0.000000e+00  0.000000e+00  1.000000e+00
   outer loop
     vertex  1.764715e+01 -2.893688e+01  1.561858e+02
     vertex  1.958746e+01 -2.930543e+01  1.561858e+02
     vertex  1.967485e+01 -2.843827e+01  1.561858e+02
   endloop
 endfacet
 facet normal  0.000000e+00  0.000000e+00  1.000000e+00
   outer loop
     vertex  1.764715e+01 -2.893688e+01  1.561858e+02
     vertex  1.967485e+01 -2.843827e+01  1.561858e+02
     vertex  1.770002e+01 -2.841225e+01  1.561858e+02
   endloop
 endfacet
 facet normal  0.000000e+00  0.000000e+00  1.000000e+00
   outer loop
     vertex  1.753124e+01 -2.737532e+01  1.561858e+02
     vertex  1.939587e+01 -2.672434e+01  1.561858e+02
     vertex  1.903797e+01 -2.592966e+01  1.561858e+02
   endloop
 endfacet
 facet normal -0.000000e+00  0.000000e+00  1.000000e+00
   outer loop
     vertex  1.753124e+01 -2.737532e+01  1.561858e+02
     vertex  1.766099e+01 -2.788640e+01  1.561858e+02
     vertex  1.939587e+01 -2.672434e+01  1.561858e+02
   endloop
 endfacet
 facet normal -0.000000e+00  0.000000e+00  1.000000e+00
   outer loop
     vertex  1.750398e+01 -2.944436e+01  1.561858e+02
     vertex  1.935081e+01 -3.014425e+01  1.561858e+02
     vertex  1.958746e+01 -2.930543e+01  1.561858e+02
   endloop
 endfacet
 facet normal  0.000000e+00  0.000000e+00  1.000000e+00
   outer loop
     vertex  1.750398e+01 -2.944436e+01  1.561858e+02
     vertex  1.958746e+01 -2.930543e+01  1.561858e+02
     vertex  1.764715e+01 -2.893688e+01  1.561858e+02
   endloop
 endfacet
 facet normal  0.000000e+00  0.000000e+00  1.000000e+00
   outer loop
     vertex  1.731471e+01 -2.689454e+01  1.561858e+02
     vertex  1.903797e+01 -2.592966e+01  1.561858e+02
     vertex  1.854752e+01 -2.520920e+01  1.561858e+02
   endloop
 endfacet
 facet normal -0.000000e+00  0.000000e+00  1.000000e+00
   outer loop
     vertex  1.731471e+01 -2.689454e+01  1.561858e+02
     vertex  1.753124e+01 -2.737532e+01  1.561858e+02
     vertex  1.903797e+01 -2.592966e+01  1.561858e+02
   endloop
 endfacet
 facet normal  0.000000e+00  0.000000e+00  1.000000e+00
   outer loop
     vertex  1.727486e+01 -2.991928e+01  1.561858e+02
     vertex  1.897210e+01 -3.092922e+01  1.561858e+02
     vertex  1.935081e+01 -3.014425e+01  1.561858e+02
   endloop
 endfacet
 facet normal -0.000000e+00  0.000000e+00  1.000000e+00
   outer loop
     vertex  1.727486e+01 -2.991928e+01  1.561858e+02
     vertex  1.935081e+01 -3.014425e+01  1.561858e+02
     vertex  1.750398e+01 -2.944436e+01  1.561858e+02
   endloop
 endfacet
 facet normal -0.000000e+00  0.000000e+00  1.000000e+00
   outer loop
     vertex  1.701799e+01 -2.645866e+01  1.561858e+02
     vertex  1.731471e+01 -2.689454e+01  1.561858e+02
     vertex  1.854752e+01 -2.520920e+01  1.561858e+02
   endloop
 endfacet
 facet normal  0.000000e+00  0.000000e+00  1.000000e+00
   outer loop
     vertex  1.665008e+01 -2.608093e+01  1.561858e+02
     vertex  1.854752e+01 -2.520920e+01  1.561858e+02
     vertex  1.793941e+01 -2.458485e+01  1.561858e+02
   endloop
 endfacet
 facet normal -0.000000e+00  0.000000e+00  1.000000e+00
   outer loop
     vertex  1.665008e+01 -2.608093e+01  1.561858e+02
     vertex  1.701799e+01 -2.645866e+01  1.561858e+02
     vertex  1.854752e+01 -2.520920e+01  1.561858e+02
   endloop
 endfacet
 facet normal  0.000000e+00  0.000000e+00  1.000000e+00
   outer loop
     vertex  1.696675e+01 -3.034719e+01  1.561858e+02
     vertex  1.846284e+01 -3.163651e+01  1.561858e+02
     vertex  1.897210e+01 -3.092922e+01  1.561858e+02
   endloop
 endfacet
 facet normal -0.000000e+00  0.000000e+00  1.000000e+00
   outer loop
     vertex  1.696675e+01 -3.034719e+01  1.561858e+02
     vertex  1.897210e+01 -3.092922e+01  1.561858e+02
     vertex  1.727486e+01 -2.991928e+01  1.561858e+02
   endloop
 endfacet
 facet normal  0.000000e+00  0.000000e+00  1.000000e+00
   outer loop
     vertex  1.658902e+01 -3.071509e+01  1.561858e+02
     vertex  1.783849e+01 -3.224463e+01  1.561858e+02
     vertex  1.846284e+01 -3.163651e+01  1.561858e+02
   endloop
 endfacet
 facet normal -0.000000e+00  0.000000e+00  1.000000e+00
   outer loop
     vertex  1.658902e+01 -3.071509e+01  1.561858e+02
     vertex  1.846284e+01 -3.163651e+01  1.561858e+02
     vertex  1.696675e+01 -3.034719e+01  1.561858e+02
   endloop
 endfacet
 facet normal -0.000000e+00  0.000000e+00  1.000000e+00
   outer loop
     vertex  1.622217e+01 -2.577282e+01  1.561858e+02
     vertex  1.665008e+01 -2.608093e+01  1.561858e+02
     vertex  1.793941e+01 -2.458485e+01  1.561858e+02
   endloop
 endfacet
 facet normal  0.000000e+00  0.000000e+00  1.000000e+00
   outer loop
     vertex  1.615314e+01 -3.101182e+01  1.561858e+02
     vertex  1.711802e+01 -3.273508e+01  1.561858e+02
     vertex  1.783849e+01 -3.224463e+01  1.561858e+02
   endloop
 endfacet
 facet normal -0.000000e+00  0.000000e+00  1.000000e+00
   outer loop
     vertex  1.615314e+01 -3.101182e+01  1.561858e+02
     vertex  1.783849e+01 -3.224463e+01  1.561858e+02
     vertex  1.658902e+01 -3.071509e+01  1.561858e+02
   endloop
 endfacet
 facet normal -0.000000e+00  0.000000e+00  1.000000e+00
   outer loop
     vertex  1.574726e+01 -2.554370e+01  1.561858e+02
     vertex  1.622217e+01 -2.577282e+01  1.561858e+02
     vertex  1.793941e+01 -2.458485e+01  1.561858e+02
   endloop
 endfacet
 facet normal  0.000000e+00  0.000000e+00  1.000000e+00
   outer loop
     vertex  1.567236e+01 -3.122835e+01  1.561858e+02
     vertex  1.632334e+01 -3.309298e+01  1.561858e+02
     vertex  1.711802e+01 -3.273508e+01  1.561858e+02
   endloop
 endfacet
 facet normal -0.000000e+00  0.000000e+00  1.000000e+00
   outer loop
     vertex  1.567236e+01 -3.122835e+01  1.561858e+02
     vertex  1.711802e+01 -3.273508e+01  1.561858e+02
     vertex  1.615314e+01 -3.101182e+01  1.561858e+02
   endloop
 endfacet
 facet normal -0.000000e+00  0.000000e+00  1.000000e+00
   outer loop
     vertex  1.523977e+01 -2.540053e+01  1.561858e+02
     vertex  1.574726e+01 -2.554370e+01  1.561858e+02
     vertex  1.793941e+01 -2.458485e+01  1.561858e+02
   endloop
 endfacet
 facet normal  0.000000e+00  0.000000e+00  1.000000e+00
   outer loop
     vertex  1.516128e+01 -3.135810e+01  1.561858e+02
     vertex  1.547858e+01 -3.330744e+01  1.561858e+02
     vertex  1.632334e+01 -3.309298e+01  1.561858e+02
   endloop
 endfacet
 facet normal -0.000000e+00  0.000000e+00  1.000000e+00
   outer loop
     vertex  1.516128e+01 -3.135810e+01  1.561858e+02
     vertex  1.632334e+01 -3.309298e+01  1.561858e+02
     vertex  1.567236e+01 -3.122835e+01  1.561858e+02
   endloop
 endfacet
 facet normal -0.000000e+00  0.000000e+00  1.000000e+00
   outer loop
     vertex  1.471514e+01 -2.534766e+01  1.561858e+02
     vertex  1.523977e+01 -2.540053e+01  1.561858e+02
     vertex  1.793941e+01 -2.458485e+01  1.561858e+02
   endloop
 endfacet
 facet normal  0.000000e+00  0.000000e+00  1.000000e+00
   outer loop
     vertex  1.418929e+01 -2.538669e+01  1.561858e+02
     vertex  1.471514e+01 -2.534766e+01  1.561858e+02
     vertex  1.793941e+01 -2.458485e+01  1.561858e+02
   endloop
 endfacet
 facet normal  0.000000e+00  0.000000e+00  1.000000e+00
   outer loop
     vertex  1.460942e+01 -3.337196e+01  1.561858e+02
     vertex  1.516128e+01 -3.135810e+01  1.561858e+02
     vertex  1.463543e+01 -3.139713e+01  1.561858e+02
   endloop
 endfacet
 facet normal  0.000000e+00  0.000000e+00  1.000000e+00
   outer loop
     vertex  1.460942e+01 -3.337196e+01  1.561858e+02
     vertex  1.547858e+01 -3.330744e+01  1.561858e+02
     vertex  1.516128e+01 -3.135810e+01  1.561858e+02
   endloop
 endfacet
 facet normal  0.000000e+00  0.000000e+00  1.000000e+00
   outer loop
     vertex  1.411080e+01 -3.134426e+01  1.561858e+02
     vertex  1.460942e+01 -3.337196e+01  1.561858e+02
     vertex  1.463543e+01 -3.139713e+01  1.561858e+02
   endloop
 endfacet
 facet normal  0.000000e+00 -0.000000e+00  1.000000e+00
   outer loop
     vertex  1.374225e+01 -3.328457e+01  1.561858e+02
     vertex  1.411080e+01 -3.134426e+01  1.561858e+02
     vertex  1.360332e+01 -3.120109e+01  1.561858e+02
   endloop
 endfacet
 facet normal -0.000000e+00  0.000000e+00  1.000000e+00
   outer loop
     vertex  1.374225e+01 -3.328457e+01  1.561858e+02
     vertex  1.460942e+01 -3.337196e+01  1.561858e+02
     vertex  1.411080e+01 -3.134426e+01  1.561858e+02
   endloop
 endfacet
 facet normal -0.000000e+00  0.000000e+00  1.000000e+00
   outer loop
     vertex  1.290344e+01 -3.304792e+01  1.561858e+02
     vertex  1.374225e+01 -3.328457e+01  1.561858e+02
     vertex  1.360332e+01 -3.120109e+01  1.561858e+02
   endloop
 endfacet
 facet normal  0.000000e+00  0.000000e+00  1.000000e+00
   outer loop
     vertex  1.211846e+01 -3.266921e+01  1.561858e+02
     vertex  1.360332e+01 -3.120109e+01  1.561858e+02
     vertex  1.312841e+01 -3.097197e+01  1.561858e+02
   endloop
 endfacet
 facet normal  0.000000e+00  0.000000e+00  1.000000e+00
   outer loop
     vertex  1.211846e+01 -3.266921e+01  1.561858e+02
     vertex  1.312841e+01 -3.097197e+01  1.561858e+02
     vertex  1.270049e+01 -3.066386e+01  1.561858e+02
   endloop
 endfacet
 facet normal -0.000000e+00  0.000000e+00  1.000000e+00
   outer loop
     vertex  1.211846e+01 -3.266921e+01  1.561858e+02
     vertex  1.290344e+01 -3.304792e+01  1.561858e+02
     vertex  1.360332e+01 -3.120109e+01  1.561858e+02
   endloop
 endfacet
 facet normal -0.000000e+00  0.000000e+00  1.000000e+00
   outer loop
     vertex  1.141117e+01 -3.215994e+01  1.561858e+02
     vertex  1.211846e+01 -3.266921e+01  1.561858e+02
     vertex  1.270049e+01 -3.066386e+01  1.561858e+02
   endloop
 endfacet
 facet normal  0.000000e+00  0.000000e+00  1.000000e+00
   outer loop
     vertex  1.141117e+01 -3.215994e+01  1.561858e+02
     vertex  1.270049e+01 -3.066386e+01  1.561858e+02
     vertex  1.233259e+01 -3.028613e+01  1.561858e+02
   endloop
 endfacet
 facet normal  0.000000e+00  0.000000e+00  1.000000e+00
   outer loop
     vertex  1.141117e+01 -3.215994e+01  1.561858e+02
     vertex  1.233259e+01 -3.028613e+01  1.561858e+02
     vertex  1.203586e+01 -2.985025e+01  1.561858e+02
   endloop
 endfacet
 facet normal  0.000000e+00  0.000000e+00  1.000000e+00
   outer loop
     vertex  1.141117e+01 -3.215994e+01  1.561858e+02
     vertex  1.203586e+01 -2.985025e+01  1.561858e+02
     vertex  1.181933e+01 -2.936947e+01  1.561858e+02
   endloop
 endfacet
 facet normal  0.000000e+00  0.000000e+00  1.000000e+00
   outer loop
     vertex  1.141117e+01 -3.215994e+01  1.561858e+02
     vertex  1.181933e+01 -2.936947e+01  1.561858e+02
     vertex  1.168958e+01 -2.885839e+01  1.561858e+02
   endloop
 endfacet
 facet normal  0.000000e+00  0.000000e+00  1.000000e+00
   outer loop
     vertex  1.141117e+01 -3.215994e+01  1.561858e+02
     vertex  1.168958e+01 -2.885839e+01  1.561858e+02
     vertex  1.165055e+01 -2.833254e+01  1.561858e+02
   endloop
 endfacet
 facet normal -0.000000e+00  0.000000e+00  1.000000e+00
   outer loop
     vertex -3.153810e+01  1.402131e+01  1.561858e+02
     vertex  1.793941e+01 -2.458485e+01  1.561858e+02
     vertex -3.129872e+01  1.784871e+01  1.561858e+02
   endloop
 endfacet
 facet normal  0.000000e+00  0.000000e+00  1.000000e+00
   outer loop
     vertex -3.153810e+01  1.402131e+01  1.561858e+02
     vertex  1.367822e+01 -2.551644e+01  1.561858e+02
     vertex  1.418929e+01 -2.538669e+01  1.561858e+02
   endloop
 endfacet
 facet normal  0.000000e+00  0.000000e+00  1.000000e+00
   outer loop
     vertex -3.153810e+01  1.402131e+01  1.561858e+02
     vertex  1.418929e+01 -2.538669e+01  1.561858e+02
     vertex  1.793941e+01 -2.458485e+01  1.561858e+02
   endloop
 endfacet
 facet normal -0.000000e+00  0.000000e+00  1.000000e+00
   outer loop
     vertex -3.157714e+01  1.454716e+01  1.561858e+02
     vertex -3.153810e+01  1.402131e+01  1.561858e+02
     vertex -3.129872e+01  1.784871e+01  1.561858e+02
   endloop
 endfacet
 facet normal -0.000000e+00  0.000000e+00  1.000000e+00
   outer loop
     vertex -3.159098e+01  1.349668e+01  1.561858e+02
     vertex  1.367822e+01 -2.551644e+01  1.561858e+02
     vertex -3.153810e+01  1.402131e+01  1.561858e+02
   endloop
 endfacet
 facet normal -0.000000e+00  0.000000e+00  1.000000e+00
   outer loop
     vertex -3.170689e+01  1.505823e+01  1.561858e+02
     vertex -3.157714e+01  1.454716e+01  1.561858e+02
     vertex -3.129872e+01  1.784871e+01  1.561858e+02
   endloop
 endfacet
 facet normal -0.000000e+00  0.000000e+00  1.000000e+00
   outer loop
     vertex -3.192341e+01  1.553902e+01  1.561858e+02
     vertex -3.170689e+01  1.505823e+01  1.561858e+02
     vertex -3.129872e+01  1.784871e+01  1.561858e+02
   endloop
 endfacet
 facet normal -0.000000e+00  0.000000e+00  1.000000e+00
   outer loop
     vertex -3.173415e+01  1.298919e+01  1.561858e+02
     vertex  1.367822e+01 -2.551644e+01  1.561858e+02
     vertex -3.159098e+01  1.349668e+01  1.561858e+02
   endloop
 endfacet
 facet normal  0.000000e+00  0.000000e+00  1.000000e+00
   outer loop
     vertex -3.173415e+01  1.298919e+01  1.561858e+02
     vertex  1.319743e+01 -2.573297e+01  1.561858e+02
     vertex  1.367822e+01 -2.551644e+01  1.561858e+02
   endloop
 endfacet
 facet normal -0.000000e+00  0.000000e+00  1.000000e+00
   outer loop
     vertex -3.196327e+01  1.251428e+01  1.561858e+02
     vertex  1.319743e+01 -2.573297e+01  1.561858e+02
     vertex -3.173415e+01  1.298919e+01  1.561858e+02
   endloop
 endfacet
 facet normal  0.000000e+00  0.000000e+00  1.000000e+00
   outer loop
     vertex -3.196327e+01  1.251428e+01  1.561858e+02
     vertex  1.238382e+01 -2.639760e+01  1.561858e+02
     vertex  1.276155e+01 -2.602969e+01  1.561858e+02
   endloop
 endfacet
 facet normal  0.000000e+00  0.000000e+00  1.000000e+00
   outer loop
     vertex -3.196327e+01  1.251428e+01  1.561858e+02
     vertex  1.276155e+01 -2.602969e+01  1.561858e+02
     vertex  1.319743e+01 -2.573297e+01  1.561858e+02
   endloop
 endfacet
 facet normal -0.000000e+00  0.000000e+00  1.000000e+00
   outer loop
     vertex -3.222014e+01  1.597490e+01  1.561858e+02
     vertex -3.192341e+01  1.553902e+01  1.561858e+02
     vertex -3.129872e+01  1.784871e+01  1.561858e+02
   endloop
 endfacet
 facet normal -0.000000e+00  0.000000e+00  1.000000e+00
   outer loop
     vertex -3.258805e+01  1.635263e+01  1.561858e+02
     vertex -3.222014e+01  1.597490e+01  1.561858e+02
     vertex -3.129872e+01  1.784871e+01  1.561858e+02
   endloop
 endfacet
 facet normal -0.000000e+00  0.000000e+00  1.000000e+00
   outer loop
     vertex -3.227137e+01  1.208637e+01  1.561858e+02
     vertex  1.238382e+01 -2.639760e+01  1.561858e+02
     vertex -3.196327e+01  1.251428e+01  1.561858e+02
   endloop
 endfacet
 facet normal -0.000000e+00  0.000000e+00  1.000000e+00
   outer loop
     vertex -3.264911e+01  1.171846e+01  1.561858e+02
     vertex  1.238382e+01 -2.639760e+01  1.561858e+02
     vertex -3.227137e+01  1.208637e+01  1.561858e+02
   endloop
 endfacet
 facet normal  0.000000e+00  0.000000e+00  1.000000e+00
   outer loop
     vertex -3.264911e+01  1.171846e+01  1.561858e+02
     vertex  1.207571e+01 -2.682551e+01  1.561858e+02
     vertex  1.238382e+01 -2.639760e+01  1.561858e+02
   endloop
 endfacet
 facet normal  0.000000e+00  0.000000e+00  1.000000e+00
   outer loop
     vertex -3.301596e+01  1.666074e+01  1.561858e+02
     vertex -3.129872e+01  1.784871e+01  1.561858e+02
     vertex -3.200601e+01  1.835798e+01  1.561858e+02
   endloop
 endfacet
 facet normal -0.000000e+00  0.000000e+00  1.000000e+00
   outer loop
     vertex -3.301596e+01  1.666074e+01  1.561858e+02
     vertex -3.258805e+01  1.635263e+01  1.561858e+02
     vertex -3.129872e+01  1.784871e+01  1.561858e+02
   endloop
 endfacet
 facet normal -0.000000e+00  0.000000e+00  1.000000e+00
   outer loop
     vertex -3.308498e+01  1.142174e+01  1.561858e+02
     vertex  1.207571e+01 -2.682551e+01  1.561858e+02
     vertex -3.264911e+01  1.171846e+01  1.561858e+02
   endloop
 endfacet
 facet normal  0.000000e+00  0.000000e+00  1.000000e+00
   outer loop
     vertex -3.308498e+01  1.142174e+01  1.561858e+02
     vertex  1.184659e+01 -2.730042e+01  1.561858e+02
     vertex  1.207571e+01 -2.682551e+01  1.561858e+02
   endloop
 endfacet
 facet normal  0.000000e+00  0.000000e+00  1.000000e+00
   outer loop
     vertex -3.349087e+01  1.688986e+01  1.561858e+02
     vertex -3.200601e+01  1.835798e+01  1.561858e+02
     vertex -3.279099e+01  1.873669e+01  1.561858e+02
   endloop
 endfacet
 facet normal -0.000000e+00  0.000000e+00  1.000000e+00
   outer loop
     vertex -3.349087e+01  1.688986e+01  1.561858e+02
     vertex -3.301596e+01  1.666074e+01  1.561858e+02
     vertex -3.200601e+01  1.835798e+01  1.561858e+02
   endloop
 endfacet
 facet normal -0.000000e+00  0.000000e+00  1.000000e+00
   outer loop
     vertex -3.356577e+01  1.120521e+01  1.561858e+02
     vertex  1.184659e+01 -2.730042e+01  1.561858e+02
     vertex -3.308498e+01  1.142174e+01  1.561858e+02
   endloop
 endfacet
 facet normal  0.000000e+00  0.000000e+00  1.000000e+00
   outer loop
     vertex -3.356577e+01  1.120521e+01  1.561858e+02
     vertex  1.170342e+01 -2.780791e+01  1.561858e+02
     vertex  1.184659e+01 -2.730042e+01  1.561858e+02
   endloop
 endfacet
 facet normal  0.000000e+00  0.000000e+00  1.000000e+00
   outer loop
     vertex -3.399835e+01  1.703303e+01  1.561858e+02
     vertex -3.279099e+01  1.873669e+01  1.561858e+02
     vertex -3.362980e+01  1.897334e+01  1.561858e+02
   endloop
 endfacet
 facet normal -0.000000e+00  0.000000e+00  1.000000e+00
   outer loop
     vertex -3.399835e+01  1.703303e+01  1.561858e+02
     vertex -3.349087e+01  1.688986e+01  1.561858e+02
     vertex -3.279099e+01  1.873669e+01  1.561858e+02
   endloop
 endfacet
 facet normal  0.000000e+00  0.000000e+00  1.000000e+00
   outer loop
     vertex -3.407685e+01  1.107546e+01  1.561858e+02
     vertex  1.141117e+01 -3.215994e+01  1.561858e+02
     vertex  1.165055e+01 -2.833254e+01  1.561858e+02
   endloop
 endfacet
 facet normal -0.000000e+00  0.000000e+00  1.000000e+00
   outer loop
     vertex -3.407685e+01  1.107546e+01  1.561858e+02
     vertex  1.170342e+01 -2.780791e+01  1.561858e+02
     vertex -3.356577e+01  1.120521e+01  1.561858e+02
   endloop
 endfacet
 facet normal  0.000000e+00  0.000000e+00  1.000000e+00
   outer loop
     vertex -3.407685e+01  1.107546e+01  1.561858e+02
     vertex  1.165055e+01 -2.833254e+01  1.561858e+02
     vertex  1.170342e+01 -2.780791e+01  1.561858e+02
   endloop
 endfacet
 facet normal  0.000000e+00  0.000000e+00  1.000000e+00
   outer loop
     vertex -3.452299e+01  1.708590e+01  1.561858e+02
     vertex -3.362980e+01  1.897334e+01  1.561858e+02
     vertex -3.449697e+01  1.906073e+01  1.561858e+02
   endloop
 endfacet
 facet normal -0.000000e+00  0.000000e+00  1.000000e+00
   outer loop
     vertex -3.452299e+01  1.708590e+01  1.561858e+02
     vertex -3.399835e+01  1.703303e+01  1.561858e+02
     vertex -3.362980e+01  1.897334e+01  1.561858e+02
   endloop
 endfacet
 facet normal  0.000000e+00  0.000000e+00  1.000000e+00
   outer loop
     vertex -3.504883e+01  1.704687e+01  1.561858e+02
     vertex -3.452299e+01  1.708590e+01  1.561858e+02
     vertex -3.449697e+01  1.906073e+01  1.561858e+02
   endloop
 endfacet
 facet normal -0.000000e+00  0.000000e+00  1.000000e+00
   outer loop
     vertex -3.536614e+01  1.899621e+01  1.561858e+02
     vertex -3.504883e+01  1.704687e+01  1.561858e+02
     vertex -3.449697e+01  1.906073e+01  1.561858e+02
   endloop
 endfacet
 facet normal -0.000000e+00  0.000000e+00  1.000000e+00
   outer loop
     vertex -3.621089e+01  1.878175e+01  1.561858e+02
     vertex -3.504883e+01  1.704687e+01  1.561858e+02
     vertex -3.536614e+01  1.899621e+01  1.561858e+02
   endloop
 endfacet
 facet normal  0.000000e+00  0.000000e+00  1.000000e+00
   outer loop
     vertex -3.621089e+01  1.878175e+01  1.561858e+02
     vertex -3.604070e+01  1.670059e+01  1.561858e+02
     vertex -3.555991e+01  1.691712e+01  1.561858e+02
   endloop
 endfacet
 facet normal  0.000000e+00  0.000000e+00  1.000000e+00
   outer loop
     vertex -3.621089e+01  1.878175e+01  1.561858e+02
     vertex -3.555991e+01  1.691712e+01  1.561858e+02
     vertex -3.504883e+01  1.704687e+01  1.561858e+02
   endloop
 endfacet
 facet normal  0.000000e+00  0.000000e+00  1.000000e+00
   outer loop
     vertex -3.700558e+01  1.842385e+01  1.561858e+02
     vertex -3.647658e+01  1.640386e+01  1.561858e+02
     vertex -3.604070e+01  1.670059e+01  1.561858e+02
   endloop
 endfacet
 facet normal -0.000000e+00  0.000000e+00  1.000000e+00
   outer loop
     vertex -3.700558e+01  1.842385e+01  1.561858e+02
     vertex -3.604070e+01  1.670059e+01  1.561858e+02
     vertex -3.621089e+01  1.878175e+01  1.561858e+02
   endloop
 endfacet
 facet normal -0.000000e+00  0.000000e+00  1.000000e+00
   outer loop
     vertex -3.772604e+01  1.793339e+01  1.561858e+02
     vertex -3.647658e+01  1.640386e+01  1.561858e+02
     vertex -3.700558e+01  1.842385e+01  1.561858e+02
   endloop
 endfacet
 facet normal  0.000000e+00  0.000000e+00  1.000000e+00
   outer loop
     vertex -3.782696e+01  1.027361e+01  1.561858e+02
     vertex -3.610972e+01  1.146159e+01  1.561858e+02
     vertex -3.653763e+01  1.176970e+01  1.561858e+02
   endloop
 endfacet
 facet normal  0.000000e+00  0.000000e+00  1.000000e+00
   outer loop
     vertex -3.782696e+01  1.027361e+01  1.561858e+02
     vertex -3.653763e+01  1.176970e+01  1.561858e+02
     vertex -3.690554e+01  1.214743e+01  1.561858e+02
   endloop
 endfacet
 facet normal -0.000000e+00  0.000000e+00  1.000000e+00
   outer loop
     vertex -3.782696e+01  1.027361e+01  1.561858e+02
     vertex  1.141117e+01 -3.215994e+01  1.561858e+02
     vertex -3.407685e+01  1.107546e+01  1.561858e+02
   endloop
 endfacet
 facet normal  0.000000e+00  0.000000e+00  1.000000e+00
   outer loop
     vertex -3.782696e+01  1.027361e+01  1.561858e+02
     vertex -3.407685e+01  1.107546e+01  1.561858e+02
     vertex -3.460269e+01  1.103642e+01  1.561858e+02
   endloop
 endfacet
 facet normal  0.000000e+00  0.000000e+00  1.000000e+00
   outer loop
     vertex -3.782696e+01  1.027361e+01  1.561858e+02
     vertex -3.460269e+01  1.103642e+01  1.561858e+02
     vertex -3.512733e+01  1.108930e+01  1.561858e+02
   endloop
 endfacet
 facet normal  0.000000e+00  0.000000e+00  1.000000e+00
   outer loop
     vertex -3.782696e+01  1.027361e+01  1.561858e+02
     vertex -3.512733e+01  1.108930e+01  1.561858e+02
     vertex -3.563481e+01  1.123247e+01  1.561858e+02
   endloop
 endfacet
 facet normal  0.000000e+00  0.000000e+00  1.000000e+00
   outer loop
     vertex -3.782696e+01  1.027361e+01  1.561858e+02
     vertex -3.563481e+01  1.123247e+01  1.561858e+02
     vertex -3.610972e+01  1.146159e+01  1.561858e+02
   endloop
 endfacet
 facet normal -0.000000e+00  0.000000e+00  1.000000e+00
   outer loop
     vertex -3.835039e+01  1.732528e+01  1.561858e+02
     vertex -3.647658e+01  1.640386e+01  1.561858e+02
     vertex -3.772604e+01  1.793339e+01  1.561858e+02
   endloop
 endfacet
 facet normal  0.000000e+00  0.000000e+00  1.000000e+00
   outer loop
     vertex -3.835039e+01  1.732528e+01  1.561858e+02
     vertex -3.685431e+01  1.603595e+01  1.561858e+02
     vertex -3.647658e+01  1.640386e+01  1.561858e+02
   endloop
 endfacet
 facet normal  0.000000e+00  0.000000e+00  1.000000e+00
   outer loop
     vertex -3.885966e+01  1.661799e+01  1.561858e+02
     vertex -3.716241e+01  1.560804e+01  1.561858e+02
     vertex -3.685431e+01  1.603595e+01  1.561858e+02
   endloop
 endfacet
 facet normal -0.000000e+00  0.000000e+00  1.000000e+00
   outer loop
     vertex -3.885966e+01  1.661799e+01  1.561858e+02
     vertex -3.685431e+01  1.603595e+01  1.561858e+02
     vertex -3.835039e+01  1.732528e+01  1.561858e+02
   endloop
 endfacet
 facet normal  0.000000e+00  0.000000e+00  1.000000e+00
   outer loop
     vertex -3.843507e+01  1.089796e+01  1.561858e+02
     vertex -3.690554e+01  1.214743e+01  1.561858e+02
     vertex -3.720227e+01  1.258331e+01  1.561858e+02
   endloop
 endfacet
 facet normal -0.000000e+00  0.000000e+00  1.000000e+00
   outer loop
     vertex -3.843507e+01  1.089796e+01  1.561858e+02
     vertex -3.782696e+01  1.027361e+01  1.561858e+02
     vertex -3.690554e+01  1.214743e+01  1.561858e+02
   endloop
 endfacet
 facet normal  0.000000e+00  0.000000e+00  1.000000e+00
   outer loop
     vertex -3.923837e+01  1.583301e+01  1.561858e+02
     vertex -3.739153e+01  1.513313e+01  1.561858e+02
     vertex -3.716241e+01  1.560804e+01  1.561858e+02
   endloop
 endfacet
 facet normal -0.000000e+00  0.000000e+00  1.000000e+00
   outer loop
     vertex -3.923837e+01  1.583301e+01  1.561858e+02
     vertex -3.716241e+01  1.560804e+01  1.561858e+02
     vertex -3.885966e+01  1.661799e+01  1.561858e+02
   endloop
 endfacet
 facet normal -0.000000e+00  0.000000e+00  1.000000e+00
   outer loop
     vertex -3.892553e+01  1.161843e+01  1.561858e+02
     vertex -3.843507e+01  1.089796e+01  1.561858e+02
     vertex -3.720227e+01  1.258331e+01  1.561858e+02
   endloop
 endfacet
 facet normal  0.000000e+00  0.000000e+00  1.000000e+00
   outer loop
     vertex -3.947501e+01  1.499420e+01  1.561858e+02
     vertex -3.758758e+01  1.410101e+01  1.561858e+02
     vertex -3.753471e+01  1.462565e+01  1.561858e+02
   endloop
 endfacet
 facet normal -0.000000e+00  0.000000e+00  1.000000e+00
   outer loop
     vertex -3.947501e+01  1.499420e+01  1.561858e+02
     vertex -3.753471e+01  1.462565e+01  1.561858e+02
     vertex -3.739153e+01  1.513313e+01  1.561858e+02
   endloop
 endfacet
 facet normal  0.000000e+00  0.000000e+00  1.000000e+00
   outer loop
     vertex -3.947501e+01  1.499420e+01  1.561858e+02
     vertex -3.739153e+01  1.513313e+01  1.561858e+02
     vertex -3.923837e+01  1.583301e+01  1.561858e+02
   endloop
 endfacet
 facet normal  0.000000e+00  0.000000e+00  1.000000e+00
   outer loop
     vertex -3.928343e+01  1.241311e+01  1.561858e+02
     vertex -3.720227e+01  1.258331e+01  1.561858e+02
     vertex -3.741879e+01  1.306409e+01  1.561858e+02
   endloop
 endfacet
 facet normal  0.000000e+00  0.000000e+00  1.000000e+00
   outer loop
     vertex -3.928343e+01  1.241311e+01  1.561858e+02
     vertex -3.741879e+01  1.306409e+01  1.561858e+02
     vertex -3.754855e+01  1.357517e+01  1.561858e+02
   endloop
 endfacet
 facet normal -0.000000e+00  0.000000e+00  1.000000e+00
   outer loop
     vertex -3.928343e+01  1.241311e+01  1.561858e+02
     vertex -3.892553e+01  1.161843e+01  1.561858e+02
     vertex -3.720227e+01  1.258331e+01  1.561858e+02
   endloop
 endfacet
 facet normal -0.000000e+00  0.000000e+00  1.000000e+00
   outer loop
     vertex -3.956241e+01  1.412703e+01  1.561858e+02
     vertex -3.758758e+01  1.410101e+01  1.561858e+02
     vertex -3.947501e+01  1.499420e+01  1.561858e+02
   endloop
 endfacet
 facet normal  0.000000e+00  0.000000e+00  1.000000e+00
   outer loop
     vertex -3.949789e+01  1.325787e+01  1.561858e+02
     vertex -3.754855e+01  1.357517e+01  1.561858e+02
     vertex -3.758758e+01  1.410101e+01  1.561858e+02
   endloop
 endfacet
 facet normal  0.000000e+00 -0.000000e+00  1.000000e+00
   outer loop
     vertex -3.949789e+01  1.325787e+01  1.561858e+02
     vertex -3.758758e+01  1.410101e+01  1.561858e+02
     vertex -3.956241e+01  1.412703e+01  1.561858e+02
   endloop
 endfacet
 facet normal -0.000000e+00  0.000000e+00  1.000000e+00
   outer loop
     vertex -3.949789e+01  1.325787e+01  1.561858e+02
     vertex -3.928343e+01  1.241311e+01  1.561858e+02
     vertex -3.754855e+01  1.357517e+01  1.561858e+02
   endloop
 endfacet
 facet normal  0.000000e+00  0.000000e+00 -1.000000e+00
   outer loop
     vertex  1.770002e+01 -2.841225e+01  1.512858e+02
     vertex  1.961034e+01 -2.756910e+01  1.512858e+02
     vertex  1.967485e+01 -2.843827e+01  1.512858e+02
   endloop
 endfacet
 facet normal  0.000000e+00  0.000000e+00 -1.000000e+00
   outer loop
     vertex  1.766099e+01 -2.788640e+01  1.512858e+02
     vertex  1.961034e+01 -2.756910e+01  1.512858e+02
     vertex  1.770002e+01 -2.841225e+01  1.512858e+02
   endloop
 endfacet
 facet normal  0.000000e+00  0.000000e+00 -1.000000e+00
   outer loop
     vertex  1.753124e+01 -2.737532e+01  1.512858e+02
     vertex  1.939587e+01 -2.672434e+01  1.512858e+02
     vertex  1.961034e+01 -2.756910e+01  1.512858e+02
   endloop
 endfacet
 facet normal  0.000000e+00  0.000000e+00 -1.000000e+00
   outer loop
     vertex  1.753124e+01 -2.737532e+01  1.512858e+02
     vertex  1.961034e+01 -2.756910e+01  1.512858e+02
     vertex  1.766099e+01 -2.788640e+01  1.512858e+02
   endloop
 endfacet
 facet normal  0.000000e+00  0.000000e+00 -1.000000e+00
   outer loop
     vertex  1.764715e+01 -2.893688e+01  1.512858e+02
     vertex  1.967485e+01 -2.843827e+01  1.512858e+02
     vertex  1.958746e+01 -2.930543e+01  1.512858e+02
   endloop
 endfacet
 facet normal  0.000000e+00  0.000000e+00 -1.000000e+00
   outer loop
     vertex  1.764715e+01 -2.893688e+01  1.512858e+02
     vertex  1.770002e+01 -2.841225e+01  1.512858e+02
     vertex  1.967485e+01 -2.843827e+01  1.512858e+02
   endloop
 endfacet
 facet normal  0.000000e+00  0.000000e+00 -1.000000e+00
   outer loop
     vertex  1.731471e+01 -2.689454e+01  1.512858e+02
     vertex  1.903797e+01 -2.592966e+01  1.512858e+02
     vertex  1.939587e+01 -2.672434e+01  1.512858e+02
   endloop
 endfacet
 facet normal  0.000000e+00  0.000000e+00 -1.000000e+00
   outer loop
     vertex  1.731471e+01 -2.689454e+01  1.512858e+02
     vertex  1.939587e+01 -2.672434e+01  1.512858e+02
     vertex  1.753124e+01 -2.737532e+01  1.512858e+02
   endloop
 endfacet
 facet normal  0.000000e+00  0.000000e+00 -1.000000e+00
   outer loop
     vertex  1.750398e+01 -2.944436e+01  1.512858e+02
     vertex  1.958746e+01 -2.930543e+01  1.512858e+02
     vertex  1.935081e+01 -3.014425e+01  1.512858e+02
   endloop
 endfacet
 facet normal  0.000000e+00  0.000000e+00 -1.000000e+00
   outer loop
     vertex  1.750398e+01 -2.944436e+01  1.512858e+02
     vertex  1.764715e+01 -2.893688e+01  1.512858e+02
     vertex  1.958746e+01 -2.930543e+01  1.512858e+02
   endloop
 endfacet
 facet normal  0.000000e+00  0.000000e+00 -1.000000e+00
   outer loop
     vertex  1.701799e+01 -2.645866e+01  1.512858e+02
     vertex  1.854752e+01 -2.520920e+01  1.512858e+02
     vertex  1.903797e+01 -2.592966e+01  1.512858e+02
   endloop
 endfacet
 facet normal  0.000000e+00  0.000000e+00 -1.000000e+00
   outer loop
     vertex  1.701799e+01 -2.645866e+01  1.512858e+02
     vertex  1.903797e+01 -2.592966e+01  1.512858e+02
     vertex  1.731471e+01 -2.689454e+01  1.512858e+02
   endloop
 endfacet
 facet normal  0.000000e+00  0.000000e+00 -1.000000e+00
   outer loop
     vertex  1.727486e+01 -2.991928e+01  1.512858e+02
     vertex  1.935081e+01 -3.014425e+01  1.512858e+02
     vertex  1.897210e+01 -3.092922e+01  1.512858e+02
   endloop
 endfacet
 facet normal  0.000000e+00  0.000000e+00 -1.000000e+00
   outer loop
     vertex  1.727486e+01 -2.991928e+01  1.512858e+02
     vertex  1.750398e+01 -2.944436e+01  1.512858e+02
     vertex  1.935081e+01 -3.014425e+01  1.512858e+02
   endloop
 endfacet
 facet normal  0.000000e+00  0.000000e+00 -1.000000e+00
   outer loop
     vertex  1.665008e+01 -2.608093e+01  1.512858e+02
     vertex  1.793941e+01 -2.458485e+01  1.512858e+02
     vertex  1.854752e+01 -2.520920e+01  1.512858e+02
   endloop
 endfacet
 facet normal  0.000000e+00  0.000000e+00 -1.000000e+00
   outer loop
     vertex  1.665008e+01 -2.608093e+01  1.512858e+02
     vertex  1.854752e+01 -2.520920e+01  1.512858e+02
     vertex  1.701799e+01 -2.645866e+01  1.512858e+02
   endloop
 endfacet
 facet normal  0.000000e+00  0.000000e+00 -1.000000e+00
   outer loop
     vertex  1.696675e+01 -3.034719e+01  1.512858e+02
     vertex  1.897210e+01 -3.092922e+01  1.512858e+02
     vertex  1.846284e+01 -3.163651e+01  1.512858e+02
   endloop
 endfacet
 facet normal  0.000000e+00  0.000000e+00 -1.000000e+00
   outer loop
     vertex  1.696675e+01 -3.034719e+01  1.512858e+02
     vertex  1.727486e+01 -2.991928e+01  1.512858e+02
     vertex  1.897210e+01 -3.092922e+01  1.512858e+02
   endloop
 endfacet
 facet normal  0.000000e+00  0.000000e+00 -1.000000e+00
   outer loop
     vertex  1.622217e+01 -2.577282e+01  1.512858e+02
     vertex  1.793941e+01 -2.458485e+01  1.512858e+02
     vertex  1.665008e+01 -2.608093e+01  1.512858e+02
   endloop
 endfacet
 facet normal  0.000000e+00  0.000000e+00 -1.000000e+00
   outer loop
     vertex  1.658902e+01 -3.071509e+01  1.512858e+02
     vertex  1.846284e+01 -3.163651e+01  1.512858e+02
     vertex  1.783849e+01 -3.224463e+01  1.512858e+02
   endloop
 endfacet
 facet normal  0.000000e+00  0.000000e+00 -1.000000e+00
   outer loop
     vertex  1.658902e+01 -3.071509e+01  1.512858e+02
     vertex  1.696675e+01 -3.034719e+01  1.512858e+02
     vertex  1.846284e+01 -3.163651e+01  1.512858e+02
   endloop
 endfacet
 facet normal  0.000000e+00  0.000000e+00 -1.000000e+00
   outer loop
     vertex  1.574726e+01 -2.554370e+01  1.512858e+02
     vertex  1.793941e+01 -2.458485e+01  1.512858e+02
     vertex  1.622217e+01 -2.577282e+01  1.512858e+02
   endloop
 endfacet
 facet normal  0.000000e+00  0.000000e+00 -1.000000e+00
   outer loop
     vertex  1.615314e+01 -3.101182e+01  1.512858e+02
     vertex  1.783849e+01 -3.224463e+01  1.512858e+02
     vertex  1.711802e+01 -3.273508e+01  1.512858e+02
   endloop
 endfacet
 facet normal  0.000000e+00  0.000000e+00 -1.000000e+00
   outer loop
     vertex  1.615314e+01 -3.101182e+01  1.512858e+02
     vertex  1.658902e+01 -3.071509e+01  1.512858e+02
     vertex  1.783849e+01 -3.224463e+01  1.512858e+02
   endloop
 endfacet
 facet normal  0.000000e+00  0.000000e+00 -1.000000e+00
   outer loop
     vertex  1.523977e+01 -2.540053e+01  1.512858e+02
     vertex  1.793941e+01 -2.458485e+01  1.512858e+02
     vertex  1.574726e+01 -2.554370e+01  1.512858e+02
   endloop
 endfacet
 facet normal  0.000000e+00  0.000000e+00 -1.000000e+00
   outer loop
     vertex  1.567236e+01 -3.122835e+01  1.512858e+02
     vertex  1.711802e+01 -3.273508e+01  1.512858e+02
     vertex  1.632334e+01 -3.309298e+01  1.512858e+02
   endloop
 endfacet
 facet normal  0.000000e+00  0.000000e+00 -1.000000e+00
   outer loop
     vertex  1.567236e+01 -3.122835e+01  1.512858e+02
     vertex  1.615314e+01 -3.101182e+01  1.512858e+02
     vertex  1.711802e+01 -3.273508e+01  1.512858e+02
   endloop
 endfacet
 facet normal  0.000000e+00  0.000000e+00 -1.000000e+00
   outer loop
     vertex  1.547858e+01 -3.330744e+01  1.512858e+02
     vertex  1.567236e+01 -3.122835e+01  1.512858e+02
     vertex  1.632334e+01 -3.309298e+01  1.512858e+02
   endloop
 endfacet
 facet normal  0.000000e+00  0.000000e+00 -1.000000e+00
   outer loop
     vertex  1.516128e+01 -3.135810e+01  1.512858e+02
     vertex  1.567236e+01 -3.122835e+01  1.512858e+02
     vertex  1.547858e+01 -3.330744e+01  1.512858e+02
   endloop
 endfacet
 facet normal  0.000000e+00  0.000000e+00 -1.000000e+00
   outer loop
     vertex  1.460942e+01 -3.337196e+01  1.512858e+02
     vertex  1.463543e+01 -3.139713e+01  1.512858e+02
     vertex  1.516128e+01 -3.135810e+01  1.512858e+02
   endloop
 endfacet
 facet normal  0.000000e+00  0.000000e+00 -1.000000e+00
   outer loop
     vertex  1.460942e+01 -3.337196e+01  1.512858e+02
     vertex  1.516128e+01 -3.135810e+01  1.512858e+02
     vertex  1.547858e+01 -3.330744e+01  1.512858e+02
   endloop
 endfacet
 facet normal  0.000000e+00  0.000000e+00 -1.000000e+00
   outer loop
     vertex  1.411080e+01 -3.134426e+01  1.512858e+02
     vertex  1.463543e+01 -3.139713e+01  1.512858e+02
     vertex  1.460942e+01 -3.337196e+01  1.512858e+02
   endloop
 endfacet
 facet normal  0.000000e+00  0.000000e+00 -1.000000e+00
   outer loop
     vertex  1.334937e+01 -2.298657e+01  1.512858e+02
     vertex  1.793941e+01 -2.458485e+01  1.512858e+02
     vertex  1.523977e+01 -2.540053e+01  1.512858e+02
   endloop
 endfacet
 facet normal  0.000000e+00  0.000000e+00 -1.000000e+00
   outer loop
     vertex  1.333905e+01 -2.284750e+01  1.512858e+02
     vertex  1.793941e+01 -2.458485e+01  1.512858e+02
     vertex  1.334937e+01 -2.298657e+01  1.512858e+02
   endloop
 endfacet
 facet normal  0.000000e+00  0.000000e+00 -1.000000e+00
   outer loop
     vertex  1.333539e+01 -2.312531e+01  1.512858e+02
     vertex  1.523977e+01 -2.540053e+01  1.512858e+02
     vertex  1.471514e+01 -2.534766e+01  1.512858e+02
   endloop
 endfacet
 facet normal  0.000000e+00  0.000000e+00 -1.000000e+00
   outer loop
     vertex  1.333539e+01 -2.312531e+01  1.512858e+02
     vertex  1.334937e+01 -2.298657e+01  1.512858e+02
     vertex  1.523977e+01 -2.540053e+01  1.512858e+02
   endloop
 endfacet
 facet normal  0.000000e+00  0.000000e+00 -1.000000e+00
   outer loop
     vertex  1.330474e+01 -2.271234e+01  1.512858e+02
     vertex  1.793941e+01 -2.458485e+01  1.512858e+02
     vertex  1.333905e+01 -2.284750e+01  1.512858e+02
   endloop
 endfacet
 facet normal  0.000000e+00  0.000000e+00 -1.000000e+00
   outer loop
     vertex  1.329753e+01 -2.325952e+01  1.512858e+02
     vertex  1.333539e+01 -2.312531e+01  1.512858e+02
     vertex  1.471514e+01 -2.534766e+01  1.512858e+02
   endloop
 endfacet
 facet normal  0.000000e+00  0.000000e+00 -1.000000e+00
   outer loop
     vertex  1.324747e+01 -2.258519e+01  1.512858e+02
     vertex  1.793941e+01 -2.458485e+01  1.512858e+02
     vertex  1.330474e+01 -2.271234e+01  1.512858e+02
   endloop
 endfacet
 facet normal  0.000000e+00  0.000000e+00 -1.000000e+00
   outer loop
     vertex  1.323693e+01 -2.338512e+01  1.512858e+02
     vertex  1.329753e+01 -2.325952e+01  1.512858e+02
     vertex  1.471514e+01 -2.534766e+01  1.512858e+02
   endloop
 endfacet
 facet normal  0.000000e+00  0.000000e+00 -1.000000e+00
   outer loop
     vertex  1.323693e+01 -2.338512e+01  1.512858e+02
     vertex  1.471514e+01 -2.534766e+01  1.512858e+02
     vertex  1.418929e+01 -2.538669e+01  1.512858e+02
   endloop
 endfacet
 facet normal  0.000000e+00  0.000000e+00 -1.000000e+00
   outer loop
     vertex  1.316900e+01 -2.246991e+01  1.512858e+02
     vertex  1.793941e+01 -2.458485e+01  1.512858e+02
     vertex  1.324747e+01 -2.258519e+01  1.512858e+02
   endloop
 endfacet
 facet normal  0.000000e+00  0.000000e+00 -1.000000e+00
   outer loop
     vertex  1.307170e+01 -2.237002e+01  1.512858e+02
     vertex  1.793941e+01 -2.458485e+01  1.512858e+02
     vertex  1.316900e+01 -2.246991e+01  1.512858e+02
   endloop
 endfacet
 facet normal  0.000000e+00  0.000000e+00 -1.000000e+00
   outer loop
     vertex  1.315545e+01 -2.349829e+01  1.512858e+02
     vertex  1.323693e+01 -2.338512e+01  1.512858e+02
     vertex  1.418929e+01 -2.538669e+01  1.512858e+02
   endloop
 endfacet
 facet normal  0.000000e+00  0.000000e+00 -1.000000e+00
   outer loop
     vertex  1.306364e+01 -2.358889e+01  1.512858e+02
     vertex  1.315545e+01 -2.349829e+01  1.512858e+02
     vertex  1.418929e+01 -2.538669e+01  1.512858e+02
   endloop
 endfacet
 facet normal  0.000000e+00  0.000000e+00 -1.000000e+00
   outer loop
     vertex  1.306364e+01 -2.358889e+01  1.512858e+02
     vertex  1.418929e+01 -2.538669e+01  1.512858e+02
     vertex  1.367822e+01 -2.551644e+01  1.512858e+02
   endloop
 endfacet
 facet normal  0.000000e+00  0.000000e+00 -1.000000e+00
   outer loop
     vertex  1.374225e+01 -3.328457e+01  1.512858e+02
     vertex  1.411080e+01 -3.134426e+01  1.512858e+02
     vertex  1.460942e+01 -3.337196e+01  1.512858e+02
   endloop
 endfacet
 facet normal  0.000000e+00  0.000000e+00 -1.000000e+00
   outer loop
     vertex  1.295847e+01 -2.366356e+01  1.512858e+02
     vertex  1.306364e+01 -2.358889e+01  1.512858e+02
     vertex  1.367822e+01 -2.551644e+01  1.512858e+02
   endloop
 endfacet
 facet normal  0.000000e+00  0.000000e+00 -1.000000e+00
   outer loop
     vertex  1.284266e+01 -2.372035e+01  1.512858e+02
     vertex  1.295847e+01 -2.366356e+01  1.512858e+02
     vertex  1.367822e+01 -2.551644e+01  1.512858e+02
   endloop
 endfacet
 facet normal  0.000000e+00  0.000000e+00 -1.000000e+00
   outer loop
     vertex  1.284266e+01 -2.372035e+01  1.512858e+02
     vertex  1.367822e+01 -2.551644e+01  1.512858e+02
     vertex  1.319743e+01 -2.573297e+01  1.512858e+02
   endloop
 endfacet
 facet normal  0.000000e+00  0.000000e+00 -1.000000e+00
   outer loop
     vertex  1.290344e+01 -3.304792e+01  1.512858e+02
     vertex  1.411080e+01 -3.134426e+01  1.512858e+02
     vertex  1.374225e+01 -3.328457e+01  1.512858e+02
   endloop
 endfacet
 facet normal  0.000000e+00  0.000000e+00 -1.000000e+00
   outer loop
     vertex  1.290344e+01 -3.304792e+01  1.512858e+02
     vertex  1.360332e+01 -3.120109e+01  1.512858e+02
     vertex  1.411080e+01 -3.134426e+01  1.512858e+02
   endloop
 endfacet
 facet normal  0.000000e+00  0.000000e+00 -1.000000e+00
   outer loop
     vertex  1.211887e+01 -2.407533e+01  1.512858e+02
     vertex  1.284266e+01 -2.372035e+01  1.512858e+02
     vertex  1.319743e+01 -2.573297e+01  1.512858e+02
   endloop
 endfacet
 facet normal  0.000000e+00  0.000000e+00 -1.000000e+00
   outer loop
     vertex  1.211887e+01 -2.407533e+01  1.512858e+02
     vertex  1.319743e+01 -2.573297e+01  1.512858e+02
     vertex  1.276155e+01 -2.602969e+01  1.512858e+02
   endloop
 endfacet
 facet normal  0.000000e+00  0.000000e+00 -1.000000e+00
   outer loop
     vertex  1.211846e+01 -3.266921e+01  1.512858e+02
     vertex  1.360332e+01 -3.120109e+01  1.512858e+02
     vertex  1.290344e+01 -3.304792e+01  1.512858e+02
   endloop
 endfacet
 facet normal  0.000000e+00  0.000000e+00 -1.000000e+00
   outer loop
     vertex  1.211846e+01 -3.266921e+01  1.512858e+02
     vertex  1.312841e+01 -3.097197e+01  1.512858e+02
     vertex  1.360332e+01 -3.120109e+01  1.512858e+02
   endloop
 endfacet
 facet normal  0.000000e+00  0.000000e+00 -1.000000e+00
   outer loop
     vertex  1.146153e+01 -2.454202e+01  1.512858e+02
     vertex  1.211887e+01 -2.407533e+01  1.512858e+02
     vertex  1.276155e+01 -2.602969e+01  1.512858e+02
   endloop
 endfacet
 facet normal  0.000000e+00  0.000000e+00 -1.000000e+00
   outer loop
     vertex  1.146153e+01 -2.454202e+01  1.512858e+02
     vertex  1.276155e+01 -2.602969e+01  1.512858e+02
     vertex  1.238382e+01 -2.639760e+01  1.512858e+02
   endloop
 endfacet
 facet normal  0.000000e+00  0.000000e+00 -1.000000e+00
   outer loop
     vertex  1.141117e+01 -3.215994e+01  1.512858e+02
     vertex  1.181933e+01 -2.936947e+01  1.512858e+02
     vertex  1.203586e+01 -2.985025e+01  1.512858e+02
   endloop
 endfacet
 facet normal  0.000000e+00  0.000000e+00 -1.000000e+00
   outer loop
     vertex  1.141117e+01 -3.215994e+01  1.512858e+02
     vertex  1.203586e+01 -2.985025e+01  1.512858e+02
     vertex  1.233259e+01 -3.028613e+01  1.512858e+02
   endloop
 endfacet
 facet normal  0.000000e+00  0.000000e+00 -1.000000e+00
   outer loop
     vertex  1.141117e+01 -3.215994e+01  1.512858e+02
     vertex  1.233259e+01 -3.028613e+01  1.512858e+02
     vertex  1.270049e+01 -3.066386e+01  1.512858e+02
   endloop
 endfacet
 facet normal  0.000000e+00  0.000000e+00 -1.000000e+00
   outer loop
     vertex  1.141117e+01 -3.215994e+01  1.512858e+02
     vertex  1.270049e+01 -3.066386e+01  1.512858e+02
     vertex  1.312841e+01 -3.097197e+01  1.512858e+02
   endloop
 endfacet
 facet normal  0.000000e+00  0.000000e+00 -1.000000e+00
   outer loop
     vertex  1.141117e+01 -3.215994e+01  1.512858e+02
     vertex  1.312841e+01 -3.097197e+01  1.512858e+02
     vertex  1.211846e+01 -3.266921e+01  1.512858e+02
   endloop
 endfacet
 facet normal  0.000000e+00  0.000000e+00 -1.000000e+00
   outer loop
     vertex  1.088774e+01 -2.510827e+01  1.512858e+02
     vertex  1.146153e+01 -2.454202e+01  1.512858e+02
     vertex  1.238382e+01 -2.639760e+01  1.512858e+02
   endloop
 endfacet
 facet normal  0.000000e+00  0.000000e+00 -1.000000e+00
   outer loop
     vertex  1.041240e+01 -2.575938e+01  1.512858e+02
     vertex  1.238382e+01 -2.639760e+01  1.512858e+02
     vertex  1.207571e+01 -2.682551e+01  1.512858e+02
   endloop
 endfacet
 facet normal  0.000000e+00  0.000000e+00 -1.000000e+00
   outer loop
     vertex  1.041240e+01 -2.575938e+01  1.512858e+02
     vertex  1.088774e+01 -2.510827e+01  1.512858e+02
     vertex  1.238382e+01 -2.639760e+01  1.512858e+02
   endloop
 endfacet
 facet normal  0.000000e+00  0.000000e+00 -1.000000e+00
   outer loop
     vertex  1.004788e+01 -2.647842e+01  1.512858e+02
     vertex  1.207571e+01 -2.682551e+01  1.512858e+02
     vertex  1.184659e+01 -2.730042e+01  1.512858e+02
   endloop
 endfacet
 facet normal  0.000000e+00  0.000000e+00 -1.000000e+00
   outer loop
     vertex  1.004788e+01 -2.647842e+01  1.512858e+02
     vertex  1.041240e+01 -2.575938e+01  1.512858e+02
     vertex  1.207571e+01 -2.682551e+01  1.512858e+02
   endloop
 endfacet
 facet normal  0.000000e+00  0.000000e+00 -1.000000e+00
   outer loop
     vertex  9.803656e+00 -2.724669e+01  1.512858e+02
     vertex  1.184659e+01 -2.730042e+01  1.512858e+02
     vertex  1.170342e+01 -2.780791e+01  1.512858e+02
   endloop
 endfacet
 facet normal  0.000000e+00  0.000000e+00 -1.000000e+00
   outer loop
     vertex  9.803656e+00 -2.724669e+01  1.512858e+02
     vertex  1.004788e+01 -2.647842e+01  1.512858e+02
     vertex  1.184659e+01 -2.730042e+01  1.512858e+02
   endloop
 endfacet
 facet normal  0.000000e+00  0.000000e+00 -1.000000e+00
   outer loop
     vertex  9.764579e+00 -2.736961e+01  1.512858e+02
     vertex  9.803656e+00 -2.724669e+01  1.512858e+02
     vertex  1.170342e+01 -2.780791e+01  1.512858e+02
   endloop
 endfacet
 facet normal  0.000000e+00  0.000000e+00 -1.000000e+00
   outer loop
     vertex  9.706256e+00 -2.748466e+01  1.512858e+02
     vertex  9.764579e+00 -2.736961e+01  1.512858e+02
     vertex  1.170342e+01 -2.780791e+01  1.512858e+02
   endloop
 endfacet
 facet normal  0.000000e+00  0.000000e+00 -1.000000e+00
   outer loop
     vertex  9.706256e+00 -2.748466e+01  1.512858e+02
     vertex  1.170342e+01 -2.780791e+01  1.512858e+02
     vertex  1.165055e+01 -2.833254e+01  1.512858e+02
   endloop
 endfacet
 facet normal  0.000000e+00  0.000000e+00 -1.000000e+00
   outer loop
     vertex  9.630203e+00 -2.758884e+01  1.512858e+02
     vertex  9.706256e+00 -2.748466e+01  1.512858e+02
     vertex  1.165055e+01 -2.833254e+01  1.512858e+02
   endloop
 endfacet
 facet normal  0.000000e+00  0.000000e+00 -1.000000e+00
   outer loop
     vertex  9.530307e+00 -2.768614e+01  1.512858e+02
     vertex  1.165055e+01 -2.833254e+01  1.512858e+02
     vertex  1.168958e+01 -2.885839e+01  1.512858e+02
   endloop
 endfacet
 facet normal  0.000000e+00  0.000000e+00 -1.000000e+00
   outer loop
     vertex  9.530307e+00 -2.768614e+01  1.512858e+02
     vertex  9.630203e+00 -2.758884e+01  1.512858e+02
     vertex  1.165055e+01 -2.833254e+01  1.512858e+02
   endloop
 endfacet
 facet normal  0.000000e+00  0.000000e+00 -1.000000e+00
   outer loop
     vertex  9.415033e+00 -2.776461e+01  1.512858e+02
     vertex  9.530307e+00 -2.768614e+01  1.512858e+02
     vertex  1.168958e+01 -2.885839e+01  1.512858e+02
   endloop
 endfacet
 facet normal  0.000000e+00  0.000000e+00 -1.000000e+00
   outer loop
     vertex  9.287883e+00 -2.782187e+01  1.512858e+02
     vertex  1.168958e+01 -2.885839e+01  1.512858e+02
     vertex  1.181933e+01 -2.936947e+01  1.512858e+02
   endloop
 endfacet
 facet normal  0.000000e+00  0.000000e+00 -1.000000e+00
   outer loop
     vertex  9.287883e+00 -2.782187e+01  1.512858e+02
     vertex  9.415033e+00 -2.776461e+01  1.512858e+02
     vertex  1.168958e+01 -2.885839e+01  1.512858e+02
   endloop
 endfacet
 facet normal  0.000000e+00  0.000000e+00 -1.000000e+00
   outer loop
     vertex  9.152722e+00 -2.785619e+01  1.512858e+02
     vertex  1.181933e+01 -2.936947e+01  1.512858e+02
     vertex  1.141117e+01 -3.215994e+01  1.512858e+02
   endloop
 endfacet
 facet normal  0.000000e+00  0.000000e+00 -1.000000e+00
   outer loop
     vertex  9.152722e+00 -2.785619e+01  1.512858e+02
     vertex  9.287883e+00 -2.782187e+01  1.512858e+02
     vertex  1.181933e+01 -2.936947e+01  1.512858e+02
   endloop
 endfacet
 facet normal  0.000000e+00  0.000000e+00 -1.000000e+00
   outer loop
     vertex  9.013655e+00 -2.786651e+01  1.512858e+02
     vertex  9.152722e+00 -2.785619e+01  1.512858e+02
     vertex  1.141117e+01 -3.215994e+01  1.512858e+02
   endloop
 endfacet
 facet normal  0.000000e+00  0.000000e+00 -1.000000e+00
   outer loop
     vertex  8.874909e+00 -2.785253e+01  1.512858e+02
     vertex  9.013655e+00 -2.786651e+01  1.512858e+02
     vertex  1.141117e+01 -3.215994e+01  1.512858e+02
   endloop
 endfacet
 facet normal  0.000000e+00  0.000000e+00 -1.000000e+00
   outer loop
     vertex  8.740699e+00 -2.781466e+01  1.512858e+02
     vertex  8.874909e+00 -2.785253e+01  1.512858e+02
     vertex  1.141117e+01 -3.215994e+01  1.512858e+02
   endloop
 endfacet
 facet normal  0.000000e+00  0.000000e+00 -1.000000e+00
   outer loop
     vertex  8.615102e+00 -2.775407e+01  1.512858e+02
     vertex  8.740699e+00 -2.781466e+01  1.512858e+02
     vertex  1.141117e+01 -3.215994e+01  1.512858e+02
   endloop
 endfacet
 facet normal  0.000000e+00  0.000000e+00 -1.000000e+00
   outer loop
     vertex  8.501936e+00 -2.767259e+01  1.512858e+02
     vertex  8.615102e+00 -2.775407e+01  1.512858e+02
     vertex  1.141117e+01 -3.215994e+01  1.512858e+02
   endloop
 endfacet
 facet normal  0.000000e+00  0.000000e+00 -1.000000e+00
   outer loop
     vertex  7.423917e-01 -9.764410e+00  1.512858e+02
     vertex  2.206198e+00 -1.300610e+01  1.512858e+02
     vertex  2.090975e+00 -1.292339e+01  1.512858e+02
   endloop
 endfacet
 facet normal  0.000000e+00  0.000000e+00 -1.000000e+00
   outer loop
     vertex  7.423917e-01 -9.764410e+00  1.512858e+02
     vertex  2.090975e+00 -1.292339e+01  1.512858e+02
     vertex  1.962957e+00 -1.286234e+01  1.512858e+02
   endloop
 endfacet
 facet normal  0.000000e+00  0.000000e+00 -1.000000e+00
   outer loop
     vertex  7.423917e-01 -9.764410e+00  1.512858e+02
     vertex  1.962957e+00 -1.286234e+01  1.512858e+02
     vertex  1.826170e+00 -1.282485e+01  1.512858e+02
   endloop
 endfacet
 facet normal  0.000000e+00  0.000000e+00 -1.000000e+00
   outer loop
     vertex  7.423917e-01 -9.764410e+00  1.512858e+02
     vertex  1.793941e+01 -2.458485e+01  1.512858e+02
     vertex  1.307170e+01 -2.237002e+01  1.512858e+02
   endloop
 endfacet
 facet normal  0.000000e+00  0.000000e+00 -1.000000e+00
   outer loop
     vertex  7.423917e-01 -9.764410e+00  1.512858e+02
     vertex  1.307170e+01 -2.237002e+01  1.512858e+02
     vertex  2.206198e+00 -1.300610e+01  1.512858e+02
   endloop
 endfacet
 facet normal  0.000000e+00  0.000000e+00 -1.000000e+00
   outer loop
     vertex  2.018395e-01 -1.140608e+01  1.512858e+02
     vertex  1.826170e+00 -1.282485e+01  1.512858e+02
     vertex  1.684912e+00 -1.281210e+01  1.512858e+02
   endloop
 endfacet
 facet normal  0.000000e+00  0.000000e+00 -1.000000e+00
   outer loop
     vertex  2.018395e-01 -1.140608e+01  1.512858e+02
     vertex  1.684912e+00 -1.281210e+01  1.512858e+02
     vertex  1.543624e+00 -1.282450e+01  1.512858e+02
   endloop
 endfacet
 facet normal  0.000000e+00  0.000000e+00 -1.000000e+00
   outer loop
     vertex  2.018395e-01 -1.140608e+01  1.512858e+02
     vertex  1.543624e+00 -1.282450e+01  1.512858e+02
     vertex  1.406746e+00 -1.286166e+01  1.512858e+02
   endloop
 endfacet
 facet normal  0.000000e+00  0.000000e+00 -1.000000e+00
   outer loop
     vertex  2.018395e-01 -1.140608e+01  1.512858e+02
     vertex  1.406746e+00 -1.286166e+01  1.512858e+02
     vertex  1.278580e+00 -1.292240e+01  1.512858e+02
   endloop
 endfacet
 facet normal  0.000000e+00  0.000000e+00 -1.000000e+00
   outer loop
     vertex  2.018395e-01 -1.140608e+01  1.512858e+02
     vertex  1.278580e+00 -1.292240e+01  1.512858e+02
     vertex  1.163156e+00 -1.300483e+01  1.512858e+02
   endloop
 endfacet
 facet normal  0.000000e+00  0.000000e+00 -1.000000e+00
   outer loop
     vertex  2.018395e-01 -1.140608e+01  1.512858e+02
     vertex  1.163156e+00 -1.300483e+01  1.512858e+02
     vertex  1.064101e+00 -1.310634e+01  1.512858e+02
   endloop
 endfacet
 facet normal  0.000000e+00  0.000000e+00 -1.000000e+00
   outer loop
     vertex  2.018395e-01 -1.140608e+01  1.512858e+02
     vertex  7.423917e-01 -9.764410e+00  1.512858e+02
     vertex  1.826170e+00 -1.282485e+01  1.512858e+02
   endloop
 endfacet
 facet normal  0.000000e+00  0.000000e+00 -1.000000e+00
   outer loop
     vertex -5.891909e-01 -1.294282e+01  1.512858e+02
     vertex  5.459857e-01 -1.395377e+01  1.512858e+02
     vertex  5.875398e-02 -1.465224e+01  1.512858e+02
   endloop
 endfacet
 facet normal  0.000000e+00  0.000000e+00 -1.000000e+00
   outer loop
     vertex -5.891909e-01 -1.294282e+01  1.512858e+02
     vertex  9.845276e-01 -1.322374e+01  1.512858e+02
     vertex  5.459857e-01 -1.395377e+01  1.512858e+02
   endloop
 endfacet
 facet normal  0.000000e+00  0.000000e+00 -1.000000e+00
   outer loop
     vertex -5.891909e-01 -1.294282e+01  1.512858e+02
     vertex  1.064101e+00 -1.310634e+01  1.512858e+02
     vertex  9.845276e-01 -1.322374e+01  1.512858e+02
   endloop
 endfacet
 facet normal  0.000000e+00  0.000000e+00 -1.000000e+00
   outer loop
     vertex -5.891909e-01 -1.294282e+01  1.512858e+02
     vertex  2.018395e-01 -1.140608e+01  1.512858e+02
     vertex  1.064101e+00 -1.310634e+01  1.512858e+02
   endloop
 endfacet
 facet normal  0.000000e+00  0.000000e+00 -1.000000e+00
   outer loop
     vertex -1.611170e+00 -1.433668e+01  1.512858e+02
     vertex -4.749059e-01 -1.531592e+01  1.512858e+02
     vertex -1.052517e+00 -1.594171e+01  1.512858e+02
   endloop
 endfacet
 facet normal  0.000000e+00  0.000000e+00 -1.000000e+00
   outer loop
     vertex -1.611170e+00 -1.433668e+01  1.512858e+02
     vertex  5.875398e-02 -1.465224e+01  1.512858e+02
     vertex -4.749059e-01 -1.531592e+01  1.512858e+02
   endloop
 endfacet
 facet normal  0.000000e+00  0.000000e+00 -1.000000e+00
   outer loop
     vertex -1.611170e+00 -1.433668e+01  1.512858e+02
     vertex -5.891909e-01 -1.294282e+01  1.512858e+02
     vertex  5.875398e-02 -1.465224e+01  1.512858e+02
   endloop
 endfacet
 facet normal  0.000000e+00  0.000000e+00 -1.000000e+00
   outer loop
     vertex -2.838868e+00 -1.555325e+01  1.512858e+02
     vertex -1.671398e+00 -1.652673e+01  1.512858e+02
     vertex -2.328677e+00 -1.706825e+01  1.512858e+02
   endloop
 endfacet
 facet normal  0.000000e+00  0.000000e+00 -1.000000e+00
   outer loop
     vertex -2.838868e+00 -1.555325e+01  1.512858e+02
     vertex -1.052517e+00 -1.594171e+01  1.512858e+02
     vertex -1.671398e+00 -1.652673e+01  1.512858e+02
   endloop
 endfacet
 facet normal  0.000000e+00  0.000000e+00 -1.000000e+00
   outer loop
     vertex -2.838868e+00 -1.555325e+01  1.512858e+02
     vertex -1.611170e+00 -1.433668e+01  1.512858e+02
     vertex -1.052517e+00 -1.594171e+01  1.512858e+02
   endloop
 endfacet
 facet normal  0.000000e+00  0.000000e+00 -1.000000e+00
   outer loop
     vertex -2.838868e+00 -1.555325e+01  1.512858e+02
     vertex -2.328677e+00 -1.706825e+01  1.512858e+02
     vertex -2.433048e+00 -1.716428e+01  1.512858e+02
   endloop
 endfacet
 facet normal  0.000000e+00  0.000000e+00 -1.000000e+00
   outer loop
     vertex -4.241974e+00 -1.656250e+01  1.512858e+02
     vertex -2.838868e+00 -1.555325e+01  1.512858e+02
     vertex -2.433048e+00 -1.716428e+01  1.512858e+02
   endloop
 endfacet
 facet normal  0.000000e+00  0.000000e+00 -1.000000e+00
   outer loop
     vertex -4.241974e+00 -1.656250e+01  1.512858e+02
     vertex -2.433048e+00 -1.716428e+01  1.512858e+02
     vertex -2.518821e+00 -1.727724e+01  1.512858e+02
   endloop
 endfacet
 facet normal  0.000000e+00  0.000000e+00 -1.000000e+00
   outer loop
     vertex -4.241974e+00 -1.656250e+01  1.512858e+02
     vertex -2.518821e+00 -1.727724e+01  1.512858e+02
     vertex -2.583298e+00 -1.740357e+01  1.512858e+02
   endloop
 endfacet
 facet normal  0.000000e+00  0.000000e+00 -1.000000e+00
   outer loop
     vertex -4.241974e+00 -1.656250e+01  1.512858e+02
     vertex -2.583298e+00 -1.740357e+01  1.512858e+02
     vertex -2.624454e+00 -1.753930e+01  1.512858e+02
   endloop
 endfacet
 facet normal  0.000000e+00  0.000000e+00 -1.000000e+00
   outer loop
     vertex -4.241974e+00 -1.656250e+01  1.512858e+02
     vertex -2.624454e+00 -1.753930e+01  1.512858e+02
     vertex -2.640994e+00 -1.768016e+01  1.512858e+02
   endloop
 endfacet
 facet normal  0.000000e+00  0.000000e+00 -1.000000e+00
   outer loop
     vertex -4.241974e+00 -1.656250e+01  1.512858e+02
     vertex -2.640994e+00 -1.768016e+01  1.512858e+02
     vertex -2.632399e+00 -1.782173e+01  1.512858e+02
   endloop
 endfacet
 facet normal  0.000000e+00  0.000000e+00 -1.000000e+00
   outer loop
     vertex -4.241974e+00 -1.656250e+01  1.512858e+02
     vertex -2.632399e+00 -1.782173e+01  1.512858e+02
     vertex -2.598938e+00 -1.795956e+01  1.512858e+02
   endloop
 endfacet
 facet normal  0.000000e+00  0.000000e+00 -1.000000e+00
   outer loop
     vertex -5.785848e+00 -1.733951e+01  1.512858e+02
     vertex -2.598938e+00 -1.795956e+01  1.512858e+02
     vertex -2.541665e+00 -1.808931e+01  1.512858e+02
   endloop
 endfacet
 facet normal  0.000000e+00  0.000000e+00 -1.000000e+00
   outer loop
     vertex -5.785848e+00 -1.733951e+01  1.512858e+02
     vertex -2.541665e+00 -1.808931e+01  1.512858e+02
     vertex -2.462378e+00 -1.820691e+01  1.512858e+02
   endloop
 endfacet
 facet normal  0.000000e+00  0.000000e+00 -1.000000e+00
   outer loop
     vertex -5.785848e+00 -1.733951e+01  1.512858e+02
     vertex -2.462378e+00 -1.820691e+01  1.512858e+02
     vertex -2.363569e+00 -1.830866e+01  1.512858e+02
   endloop
 endfacet
 facet normal  0.000000e+00  0.000000e+00 -1.000000e+00
   outer loop
     vertex -5.785848e+00 -1.733951e+01  1.512858e+02
     vertex -4.241974e+00 -1.656250e+01  1.512858e+02
     vertex -2.598938e+00 -1.795956e+01  1.512858e+02
   endloop
 endfacet
 facet normal  0.000000e+00  0.000000e+00 -1.000000e+00
   outer loop
     vertex -5.785848e+00 -1.733951e+01  1.512858e+02
     vertex  8.501936e+00 -2.767259e+01  1.512858e+02
     vertex  1.141117e+01 -3.215994e+01  1.512858e+02
   endloop
 endfacet
 facet normal  0.000000e+00  0.000000e+00 -1.000000e+00
   outer loop
     vertex -5.785848e+00 -1.733951e+01  1.512858e+02
     vertex -2.363569e+00 -1.830866e+01  1.512858e+02
     vertex  8.501936e+00 -2.767259e+01  1.512858e+02
   endloop
 endfacet
 facet normal  8.115245e-01 -5.843184e-01  0.000000e+00
   outer loop
     vertex -3.673273e+01  1.535236e+01  1.556858e+02
     vertex -3.647555e+01  1.570954e+01  1.517858e+02
     vertex -3.647555e+01  1.570954e+01  1.556858e+02
   endloop
 endfacet
 facet normal  8.115245e-01 -5.843184e-01  1.064572e-15
   outer loop
     vertex -3.673273e+01  1.535236e+01  1.556858e+02
     vertex -3.673273e+01  1.535236e+01  1.517858e+02
     vertex -3.647555e+01  1.570954e+01  1.517858e+02
   endloop
 endfacet
 facet normal  9.006614e-01 -4.345216e-01  7.916568e-16
   outer loop
     vertex -3.692398e+01  1.495595e+01  1.556858e+02
     vertex -3.692398e+01  1.495595e+01  1.517858e+02
     vertex -3.673273e+01  1.535236e+01  1.517858e+02
   endloop
 endfacet
 facet normal  9.006614e-01 -4.345216e-01  7.923085e-16
   outer loop
     vertex -3.692398e+01  1.495595e+01  1.556858e+02
     vertex -3.673273e+01  1.535236e+01  1.517858e+02
     vertex -3.673273e+01  1.535236e+01  1.556858e+02
   endloop
 endfacet
 facet normal  9.624322e-01 -2.715220e-01 -1.258772e-15
   outer loop
     vertex -3.704349e+01  1.453235e+01  1.556858e+02
     vertex -3.704349e+01  1.453235e+01  1.517858e+02
     vertex -3.692398e+01  1.495595e+01  1.517858e+02
   endloop
 endfacet
 facet normal  9.624322e-01 -2.715220e-01  4.931716e-16
   outer loop
     vertex -3.704349e+01  1.453235e+01  1.556858e+02
     vertex -3.692398e+01  1.495595e+01  1.517858e+02
     vertex -3.692398e+01  1.495595e+01  1.556858e+02
   endloop
 endfacet
 facet normal  9.949600e-01 -1.002724e-01  1.826867e-16
   outer loop
     vertex -3.708762e+01  1.409443e+01  1.556858e+02
     vertex -3.708762e+01  1.409443e+01  1.517858e+02
     vertex -3.704349e+01  1.453235e+01  1.517858e+02
   endloop
 endfacet
 facet normal  9.949600e-01 -1.002724e-01 -1.631105e-15
   outer loop
     vertex -3.708762e+01  1.409443e+01  1.556858e+02
     vertex -3.704349e+01  1.453235e+01  1.517858e+02
     vertex -3.704349e+01  1.453235e+01  1.556858e+02
   endloop
 endfacet
 facet normal  9.972565e-01  7.402397e-02 -1.348646e-16
   outer loop
     vertex -3.705504e+01  1.365550e+01  1.556858e+02
     vertex -3.705504e+01  1.365550e+01  1.517858e+02
     vertex -3.708762e+01  1.409443e+01  1.517858e+02
   endloop
 endfacet
 facet normal  9.972565e-01  7.402397e-02 -1.354201e-16
   outer loop
     vertex -3.705504e+01  1.365550e+01  1.556858e+02
     vertex -3.708762e+01  1.409443e+01  1.517858e+02
     vertex -3.708762e+01  1.409443e+01  1.556858e+02
   endloop
 endfacet
 facet normal  9.692518e-01  2.460711e-01  1.429646e-15
   outer loop
     vertex -3.694674e+01  1.322890e+01  1.556858e+02
     vertex -3.694674e+01  1.322890e+01  1.517858e+02
     vertex -3.705504e+01  1.365550e+01  1.517858e+02
   endloop
 endfacet
 facet normal  9.692518e-01  2.460711e-01 -4.487053e-16
   outer loop
     vertex -3.694674e+01  1.322890e+01  1.556858e+02
     vertex -3.705504e+01  1.365550e+01  1.517858e+02
     vertex -3.705504e+01  1.365550e+01  1.556858e+02
   endloop
 endfacet
 facet normal  9.117969e-01  4.106416e-01  1.287132e-15
   outer loop
     vertex -3.676600e+01  1.282758e+01  1.556858e+02
     vertex -3.676600e+01  1.282758e+01  1.517858e+02
     vertex -3.694674e+01  1.322890e+01  1.517858e+02
   endloop
 endfacet
 facet normal  9.117969e-01  4.106416e-01  1.099530e-15
   outer loop
     vertex -3.676600e+01  1.282758e+01  1.556858e+02
     vertex -3.694674e+01  1.322890e+01  1.517858e+02
     vertex -3.694674e+01  1.322890e+01  1.556858e+02
   endloop
 endfacet
 facet normal  8.266374e-01  5.627349e-01  9.934299e-16
   outer loop
     vertex -3.651832e+01  1.246375e+01  1.556858e+02
     vertex -3.651832e+01  1.246375e+01  1.517858e+02
     vertex -3.676600e+01  1.282758e+01  1.517858e+02
   endloop
 endfacet
 facet normal  8.266374e-01  5.627349e-01  9.944280e-16
   outer loop
     vertex -3.651832e+01  1.246375e+01  1.556858e+02
     vertex -3.676600e+01  1.282758e+01  1.517858e+02
     vertex -3.676600e+01  1.282758e+01  1.556858e+02
   endloop
 endfacet
 facet normal  7.163611e-01  6.977297e-01  6.695430e-16
   outer loop
     vertex -3.621122e+01  1.214845e+01  1.556858e+02
     vertex -3.621122e+01  1.214845e+01  1.517858e+02
     vertex -3.651832e+01  1.246375e+01  1.517858e+02
   endloop
 endfacet
 facet normal  7.163611e-01  6.977297e-01  6.710368e-16
   outer loop
     vertex -3.621122e+01  1.214845e+01  1.556858e+02
     vertex -3.651832e+01  1.246375e+01  1.517858e+02
     vertex -3.651832e+01  1.246375e+01  1.556858e+02
   endloop
 endfacet
 facet normal  5.843184e-01  8.115245e-01  3.253124e-16
   outer loop
     vertex -3.585404e+01  1.189127e+01  1.556858e+02
     vertex -3.585404e+01  1.189127e+01  1.517858e+02
     vertex -3.621122e+01  1.214845e+01  1.517858e+02
   endloop
 endfacet
 facet normal  5.843184e-01  8.115245e-01  3.314760e-16
   outer loop
     vertex -3.585404e+01  1.189127e+01  1.556858e+02
     vertex -3.621122e+01  1.214845e+01  1.517858e+02
     vertex -3.621122e+01  1.214845e+01  1.556858e+02
   endloop
 endfacet
 facet normal  4.345216e-01  9.006614e-01 -4.102298e-16
   outer loop
     vertex -3.545763e+01  1.170002e+01  1.556858e+02
     vertex -3.545763e+01  1.170002e+01  1.517858e+02
     vertex -3.585404e+01  1.189127e+01  1.517858e+02
   endloop
 endfacet
 facet normal  4.345216e-01  9.006614e-01 -2.425434e-17
   outer loop
     vertex -3.545763e+01  1.170002e+01  1.556858e+02
     vertex -3.585404e+01  1.189127e+01  1.517858e+02
     vertex -3.585404e+01  1.189127e+01  1.556858e+02
   endloop
 endfacet
 facet normal  2.715220e-01  9.624322e-01  5.632229e-17
   outer loop
     vertex -3.503402e+01  1.158052e+01  1.556858e+02
     vertex -3.503402e+01  1.158052e+01  1.517858e+02
     vertex -3.545763e+01  1.170002e+01  1.517858e+02
   endloop
 endfacet
 facet normal  2.715220e-01  9.624322e-01 -4.406206e-16
   outer loop
     vertex -3.503402e+01  1.158052e+01  1.556858e+02
     vertex -3.545763e+01  1.170002e+01  1.517858e+02
     vertex -3.545763e+01  1.170002e+01  1.556858e+02
   endloop
 endfacet
 facet normal  1.002724e-01  9.949600e-01  0.000000e+00
   outer loop
     vertex -3.459611e+01  1.153638e+01  1.556858e+02
     vertex -3.459611e+01  1.153638e+01  1.517858e+02
     vertex -3.503402e+01  1.158052e+01  1.517858e+02
   endloop
 endfacet
 facet normal  1.002724e-01  9.949600e-01 -2.688190e-16
   outer loop
     vertex -3.459611e+01  1.153638e+01  1.556858e+02
     vertex -3.503402e+01  1.158052e+01  1.517858e+02
     vertex -3.503402e+01  1.158052e+01  1.556858e+02
   endloop
 endfacet
 facet normal -7.402397e-02  9.972565e-01 -1.348646e-16
   outer loop
     vertex -3.415718e+01  1.156896e+01  1.556858e+02
     vertex -3.415718e+01  1.156896e+01  1.517858e+02
     vertex -3.459611e+01  1.153638e+01  1.517858e+02
   endloop
 endfacet
 facet normal -7.402397e-02  9.972565e-01  0.000000e+00
   outer loop
     vertex -3.415718e+01  1.156896e+01  1.556858e+02
     vertex -3.459611e+01  1.153638e+01  1.517858e+02
     vertex -3.459611e+01  1.153638e+01  1.556858e+02
   endloop
 endfacet
 facet normal -2.460711e-01  9.692518e-01 -4.487053e-16
   outer loop
     vertex -3.373057e+01  1.167727e+01  1.556858e+02
     vertex -3.415718e+01  1.156896e+01  1.517858e+02
     vertex -3.415718e+01  1.156896e+01  1.556858e+02
   endloop
 endfacet
 facet normal -2.460711e-01  9.692518e-01 -4.483181e-16
   outer loop
     vertex -3.373057e+01  1.167727e+01  1.556858e+02
     vertex -3.373057e+01  1.167727e+01  1.517858e+02
     vertex -3.415718e+01  1.156896e+01  1.517858e+02
   endloop
 endfacet
 facet normal -4.106416e-01  9.117969e-01 -7.437998e-16
   outer loop
     vertex -3.332926e+01  1.185801e+01  1.556858e+02
     vertex -3.373057e+01  1.167727e+01  1.517858e+02
     vertex -3.373057e+01  1.167727e+01  1.556858e+02
   endloop
 endfacet
 facet normal -4.106416e-01  9.117969e-01  4.153017e-16
   outer loop
     vertex -3.332926e+01  1.185801e+01  1.556858e+02
     vertex -3.332926e+01  1.185801e+01  1.517858e+02
     vertex -3.373057e+01  1.167727e+01  1.517858e+02
   endloop
 endfacet
 facet normal -5.627349e-01  8.266374e-01  3.718999e-16
   outer loop
     vertex -3.296543e+01  1.210569e+01  1.556858e+02
     vertex -3.332926e+01  1.185801e+01  1.517858e+02
     vertex -3.332926e+01  1.185801e+01  1.556858e+02
   endloop
 endfacet
 facet normal -6.977297e-01  7.163611e-01 -9.449116e-16
   outer loop
     vertex -3.296543e+01  1.210569e+01  1.556858e+02
     vertex -3.265013e+01  1.241278e+01  1.517858e+02
     vertex -3.296543e+01  1.210569e+01  1.517858e+02
   endloop
 endfacet
 facet normal -5.627349e-01  8.266374e-01 -6.487356e-16
   outer loop
     vertex -3.296543e+01  1.210569e+01  1.556858e+02
     vertex -3.296543e+01  1.210569e+01  1.517858e+02
     vertex -3.332926e+01  1.185801e+01  1.517858e+02
   endloop
 endfacet
 facet normal -6.977297e-01  7.163611e-01  0.000000e+00
   outer loop
     vertex -3.265013e+01  1.241278e+01  1.556858e+02
     vertex -3.265013e+01  1.241278e+01  1.517858e+02
     vertex -3.296543e+01  1.210569e+01  1.556858e+02
   endloop
 endfacet
 facet normal  8.115245e-01 -5.843184e-01  0.000000e+00
   outer loop
     vertex  1.250540e+01 -2.708120e+01  1.556858e+02
     vertex  1.276258e+01 -2.672401e+01  1.517858e+02
     vertex  1.276258e+01 -2.672401e+01  1.556858e+02
   endloop
 endfacet
 facet normal  8.115245e-01 -5.843184e-01 -4.431764e-17
   outer loop
     vertex  1.250540e+01 -2.708120e+01  1.556858e+02
     vertex  1.250540e+01 -2.708120e+01  1.517858e+02
     vertex  1.276258e+01 -2.672401e+01  1.517858e+02
   endloop
 endfacet
 facet normal  9.006614e-01 -4.345216e-01  3.670257e-16
   outer loop
     vertex  1.231415e+01 -2.747761e+01  1.556858e+02
     vertex  1.231415e+01 -2.747761e+01  1.517858e+02
     vertex  1.250540e+01 -2.708120e+01  1.517858e+02
   endloop
 endfacet
 facet normal  9.006614e-01 -4.345216e-01 -4.365782e-16
   outer loop
     vertex  1.231415e+01 -2.747761e+01  1.556858e+02
     vertex  1.250540e+01 -2.708120e+01  1.517858e+02
     vertex  1.250540e+01 -2.708120e+01  1.556858e+02
   endloop
 endfacet
 facet normal  9.624322e-01 -2.715220e-01  4.946872e-16
   outer loop
     vertex  1.219464e+01 -2.790121e+01  1.556858e+02
     vertex  1.219464e+01 -2.790121e+01  1.517858e+02
     vertex  1.231415e+01 -2.747761e+01  1.517858e+02
   endloop
 endfacet
 facet normal  9.624322e-01 -2.715220e-01 -1.333989e-16
   outer loop
     vertex  1.219464e+01 -2.790121e+01  1.556858e+02
     vertex  1.231415e+01 -2.747761e+01  1.517858e+02
     vertex  1.231415e+01 -2.747761e+01  1.556858e+02
   endloop
 endfacet
 facet normal  9.949600e-01 -1.002724e-01  1.826867e-16
   outer loop
     vertex  1.215051e+01 -2.833913e+01  1.556858e+02
     vertex  1.215051e+01 -2.833913e+01  1.517858e+02
     vertex  1.219464e+01 -2.790121e+01  1.517858e+02
   endloop
 endfacet
 facet normal  9.949600e-01 -1.002724e-01  1.819076e-16
   outer loop
     vertex  1.215051e+01 -2.833913e+01  1.556858e+02
     vertex  1.219464e+01 -2.790121e+01  1.517858e+02
     vertex  1.219464e+01 -2.790121e+01  1.556858e+02
   endloop
 endfacet
 facet normal  9.972565e-01  7.402397e-02  3.193619e-16
   outer loop
     vertex  1.218309e+01 -2.877806e+01  1.556858e+02
     vertex  1.218309e+01 -2.877806e+01  1.517858e+02
     vertex  1.215051e+01 -2.833913e+01  1.517858e+02
   endloop
 endfacet
 facet normal  9.972565e-01  7.402397e-02 -1.344095e-16
   outer loop
     vertex  1.218309e+01 -2.877806e+01  1.556858e+02
     vertex  1.215051e+01 -2.833913e+01  1.517858e+02
     vertex  1.215051e+01 -2.833913e+01  1.556858e+02
   endloop
 endfacet
 facet normal  9.692518e-01  2.460711e-01 -6.847088e-18
   outer loop
     vertex  1.229139e+01 -2.920466e+01  1.556858e+02
     vertex  1.229139e+01 -2.920466e+01  1.517858e+02
     vertex  1.218309e+01 -2.877806e+01  1.517858e+02
   endloop
 endfacet
 facet normal  9.692518e-01  2.460711e-01 -4.042390e-18
   outer loop
     vertex  1.229139e+01 -2.920466e+01  1.556858e+02
     vertex  1.218309e+01 -2.877806e+01  1.517858e+02
     vertex  1.218309e+01 -2.877806e+01  1.556858e+02
   endloop
 endfacet
 facet normal  9.117969e-01  4.106416e-01  8.245366e-17
   outer loop
     vertex  1.247213e+01 -2.960598e+01  1.556858e+02
     vertex  1.247213e+01 -2.960598e+01  1.517858e+02
     vertex  1.229139e+01 -2.920466e+01  1.517858e+02
   endloop
 endfacet
 facet normal  9.117969e-01  4.106416e-01 -3.314760e-16
   outer loop
     vertex  1.247213e+01 -2.960598e+01  1.556858e+02
     vertex  1.229139e+01 -2.920466e+01  1.517858e+02
     vertex  1.229139e+01 -2.920466e+01  1.556858e+02
   endloop
 endfacet
 facet normal  8.266374e-01  5.627349e-01  2.404026e-16
   outer loop
     vertex  1.271981e+01 -2.996981e+01  1.556858e+02
     vertex  1.271981e+01 -2.996981e+01  1.517858e+02
     vertex  1.247213e+01 -2.960598e+01  1.517858e+02
   endloop
 endfacet
 facet normal  8.266374e-01  5.627349e-01 -2.748825e-16
   outer loop
     vertex  1.271981e+01 -2.996981e+01  1.556858e+02
     vertex  1.247213e+01 -2.960598e+01  1.517858e+02
     vertex  1.247213e+01 -2.960598e+01  1.556858e+02
   endloop
 endfacet
 facet normal  7.163611e-01  6.977297e-01  1.697225e-17
   outer loop
     vertex  1.302691e+01 -3.028511e+01  1.556858e+02
     vertex  1.302691e+01 -3.028511e+01  1.517858e+02
     vertex  1.271981e+01 -2.996981e+01  1.517858e+02
   endloop
 endfacet
 facet normal  7.163611e-01  6.977297e-01  2.425434e-17
   outer loop
     vertex  1.302691e+01 -3.028511e+01  1.556858e+02
     vertex  1.271981e+01 -2.996981e+01  1.517858e+02
     vertex  1.271981e+01 -2.996981e+01  1.556858e+02
   endloop
 endfacet
 facet normal  5.843184e-01  8.115245e-01 -2.069738e-16
   outer loop
     vertex  1.338409e+01 -3.054229e+01  1.556858e+02
     vertex  1.338409e+01 -3.054229e+01  1.517858e+02
     vertex  1.302691e+01 -3.028511e+01  1.517858e+02
   endloop
 endfacet
 facet normal  5.843184e-01  8.115245e-01 -2.102043e-16
   outer loop
     vertex  1.338409e+01 -3.054229e+01  1.556858e+02
     vertex  1.302691e+01 -3.028511e+01  1.517858e+02
     vertex  1.302691e+01 -3.028511e+01  1.556858e+02
   endloop
 endfacet
 facet normal  4.345216e-01  9.006614e-01  3.958284e-16
   outer loop
     vertex  1.378050e+01 -3.073354e+01  1.556858e+02
     vertex  1.378050e+01 -3.073354e+01  1.517858e+02
     vertex  1.338409e+01 -3.054229e+01  1.517858e+02
   endloop
 endfacet
 facet normal  4.345216e-01  9.006614e-01 -4.284934e-16
   outer loop
     vertex  1.378050e+01 -3.073354e+01  1.556858e+02
     vertex  1.338409e+01 -3.054229e+01  1.517858e+02
     vertex  1.338409e+01 -3.054229e+01  1.556858e+02
   endloop
 endfacet
 facet normal  2.715220e-01  9.624322e-01  2.473436e-16
   outer loop
     vertex  1.420410e+01 -3.085304e+01  1.556858e+02
     vertex  1.420410e+01 -3.085304e+01  1.517858e+02
     vertex  1.378050e+01 -3.073354e+01  1.517858e+02
   endloop
 endfacet
 facet normal  2.715220e-01  9.624322e-01  2.465858e-16
   outer loop
     vertex  1.420410e+01 -3.085304e+01  1.556858e+02
     vertex  1.378050e+01 -3.073354e+01  1.517858e+02
     vertex  1.378050e+01 -3.073354e+01  1.556858e+02
   endloop
 endfacet
 facet normal  1.002724e-01  9.949600e-01  9.134336e-17
   outer loop
     vertex  1.464202e+01 -3.089718e+01  1.556858e+02
     vertex  1.464202e+01 -3.089718e+01  1.517858e+02
     vertex  1.420410e+01 -3.085304e+01  1.517858e+02
   endloop
 endfacet
 facet normal  1.002724e-01  9.949600e-01  9.297498e-17
   outer loop
     vertex  1.464202e+01 -3.089718e+01  1.556858e+02
     vertex  1.420410e+01 -3.085304e+01  1.517858e+02
     vertex  1.420410e+01 -3.085304e+01  1.556858e+02
   endloop
 endfacet
 facet normal -7.402397e-02  9.972565e-01  8.410207e-16
   outer loop
     vertex  1.508095e+01 -3.086459e+01  1.556858e+02
     vertex  1.508095e+01 -3.086459e+01  1.517858e+02
     vertex  1.464202e+01 -3.089718e+01  1.517858e+02
   endloop
 endfacet
 facet normal -7.402397e-02  9.972565e-01 -6.669944e-17
   outer loop
     vertex  1.508095e+01 -3.086459e+01  1.556858e+02
     vertex  1.464202e+01 -3.089718e+01  1.517858e+02
     vertex  1.464202e+01 -3.089718e+01  1.556858e+02
   endloop
 endfacet
 facet normal -2.460711e-01  9.692518e-01  6.589096e-16
   outer loop
     vertex  1.550755e+01 -3.075629e+01  1.556858e+02
     vertex  1.508095e+01 -3.086459e+01  1.517858e+02
     vertex  1.508095e+01 -3.086459e+01  1.556858e+02
   endloop
 endfacet
 facet normal -2.460711e-01  9.692518e-01  6.587830e-16
   outer loop
     vertex  1.550755e+01 -3.075629e+01  1.556858e+02
     vertex  1.550755e+01 -3.075629e+01  1.517858e+02
     vertex  1.508095e+01 -3.086459e+01  1.517858e+02
   endloop
 endfacet
 facet normal -4.106416e-01  9.117969e-01  4.527477e-16
   outer loop
     vertex  1.590887e+01 -3.057555e+01  1.556858e+02
     vertex  1.550755e+01 -3.075629e+01  1.517858e+02
     vertex  1.550755e+01 -3.075629e+01  1.556858e+02
   endloop
 endfacet
 facet normal -4.106416e-01  9.117969e-01  2.694911e-16
   outer loop
     vertex  1.590887e+01 -3.057555e+01  1.556858e+02
     vertex  1.590887e+01 -3.057555e+01  1.517858e+02
     vertex  1.550755e+01 -3.075629e+01  1.517858e+02
   endloop
 endfacet
 facet normal -5.627349e-01  8.266374e-01 -1.616956e-17
   outer loop
     vertex  1.627270e+01 -3.032787e+01  1.556858e+02
     vertex  1.590887e+01 -3.057555e+01  1.517858e+02
     vertex  1.590887e+01 -3.057555e+01  1.556858e+02
   endloop
 endfacet
 facet normal -6.977297e-01  7.163611e-01  1.697225e-17
   outer loop
     vertex  1.627270e+01 -3.032787e+01  1.556858e+02
     vertex  1.658800e+01 -3.002078e+01  1.517858e+02
     vertex  1.627270e+01 -3.032787e+01  1.517858e+02
   endloop
 endfacet
 facet normal -5.627349e-01  8.266374e-01  2.404026e-16
   outer loop
     vertex  1.627270e+01 -3.032787e+01  1.556858e+02
     vertex  1.627270e+01 -3.032787e+01  1.517858e+02
     vertex  1.590887e+01 -3.057555e+01  1.517858e+02
   endloop
 endfacet
 facet normal -6.977297e-01  7.163611e-01  0.000000e+00
   outer loop
     vertex  1.658800e+01 -3.002078e+01  1.556858e+02
     vertex  1.658800e+01 -3.002078e+01  1.517858e+02
     vertex  1.627270e+01 -3.032787e+01  1.556858e+02
   endloop
 endfacet
 facet normal  0.000000e+00  0.000000e+00  1.000000e+00
   outer loop
     vertex -2.533376e+01 -1.275905e+01  1.432858e+02
     vertex -1.992325e+01 -7.796088e+00  1.432858e+02
     vertex -1.994175e+01 -7.356859e+00  1.432858e+02
   endloop
 endfacet
 facet normal  0.000000e+00  0.000000e+00  1.000000e+00
   outer loop
     vertex -2.533376e+01 -1.275905e+01  1.432858e+02
     vertex -1.994175e+01 -7.356859e+00  1.432858e+02
     vertex -1.994094e+01 -6.917240e+00  1.432858e+02
   endloop
 endfacet
 facet normal  0.000000e+00  0.000000e+00  1.000000e+00
   outer loop
     vertex -2.533376e+01 -1.275905e+01  1.432858e+02
     vertex -1.994094e+01 -6.917240e+00  1.432858e+02
     vertex -1.992080e+01 -6.478082e+00  1.432858e+02
   endloop
 endfacet
 facet normal  0.000000e+00  0.000000e+00  1.000000e+00
   outer loop
     vertex -2.567897e+01 -1.333016e+01  1.432858e+02
     vertex -2.533376e+01 -1.275905e+01  1.432858e+02
     vertex -2.553035e+01 -1.303011e+01  1.432858e+02
   endloop
 endfacet
 facet normal  0.000000e+00  0.000000e+00  1.000000e+00
   outer loop
     vertex -2.577544e+01 -1.365080e+01  1.432858e+02
     vertex -2.533376e+01 -1.275905e+01  1.432858e+02
     vertex -2.567897e+01 -1.333016e+01  1.432858e+02
   endloop
 endfacet
 facet normal  0.000000e+00 -0.000000e+00  1.000000e+00
   outer loop
     vertex -2.580269e+01 -1.431758e+01  1.432858e+02
     vertex -2.577544e+01 -1.365080e+01  1.432858e+02
     vertex -2.581707e+01 -1.398304e+01  1.432858e+02
   endloop
 endfacet
 facet normal  0.000000e+00  0.000000e+00  1.000000e+00
   outer loop
     vertex -1.871705e+01 -1.435726e+01  1.432858e+02
     vertex -1.992325e+01 -7.796088e+00  1.432858e+02
     vertex -1.924289e+01 -1.439629e+01  1.432858e+02
   endloop
 endfacet
 facet normal  0.000000e+00  0.000000e+00  1.000000e+00
   outer loop
     vertex -2.560905e+01 -1.495620e+01  1.432858e+02
     vertex -2.580269e+01 -1.431758e+01  1.432858e+02
     vertex -2.573269e+01 -1.464502e+01  1.432858e+02
   endloop
 endfacet
 facet normal  0.000000e+00  0.000000e+00  1.000000e+00
   outer loop
     vertex -2.560905e+01 -1.495620e+01  1.432858e+02
     vertex -2.577544e+01 -1.365080e+01  1.432858e+02
     vertex -2.580269e+01 -1.431758e+01  1.432858e+02
   endloop
 endfacet
 facet normal  0.000000e+00 -0.000000e+00  1.000000e+00
   outer loop
     vertex -2.560905e+01 -1.495620e+01  1.432858e+02
     vertex -2.533376e+01 -1.275905e+01  1.432858e+02
     vertex -2.577544e+01 -1.365080e+01  1.432858e+02
   endloop
 endfacet
 facet normal  0.000000e+00 -0.000000e+00  1.000000e+00
   outer loop
     vertex -1.975397e+01 -1.452604e+01  1.432858e+02
     vertex -1.924289e+01 -1.439629e+01  1.432858e+02
     vertex -1.992325e+01 -7.796088e+00  1.432858e+02
   endloop
 endfacet
 facet normal  0.000000e+00  0.000000e+00  1.000000e+00
   outer loop
     vertex -1.819241e+01 -1.441013e+01  1.432858e+02
     vertex -1.992325e+01 -7.796088e+00  1.432858e+02
     vertex -1.871705e+01 -1.435726e+01  1.432858e+02
   endloop
 endfacet
 facet normal  0.000000e+00 -0.000000e+00  1.000000e+00
   outer loop
     vertex -2.023476e+01 -1.474257e+01  1.432858e+02
     vertex -1.992325e+01 -7.796088e+00  1.432858e+02
     vertex -2.533376e+01 -1.275905e+01  1.432858e+02
   endloop
 endfacet
 facet normal  0.000000e+00  0.000000e+00  1.000000e+00
   outer loop
     vertex -2.023476e+01 -1.474257e+01  1.432858e+02
     vertex -1.975397e+01 -1.452604e+01  1.432858e+02
     vertex -1.992325e+01 -7.796088e+00  1.432858e+02
   endloop
 endfacet
 facet normal  0.000000e+00  0.000000e+00  1.000000e+00
   outer loop
     vertex -1.768493e+01 -1.455330e+01  1.432858e+02
     vertex -1.992325e+01 -7.796088e+00  1.432858e+02
     vertex -1.819241e+01 -1.441013e+01  1.432858e+02
   endloop
 endfacet
 facet normal  0.000000e+00 -0.000000e+00  1.000000e+00
   outer loop
     vertex -2.067064e+01 -1.503930e+01  1.432858e+02
     vertex -2.023476e+01 -1.474257e+01  1.432858e+02
     vertex -2.533376e+01 -1.275905e+01  1.432858e+02
   endloop
 endfacet
 facet normal  0.000000e+00  0.000000e+00  1.000000e+00
   outer loop
     vertex -1.721002e+01 -1.478242e+01  1.432858e+02
     vertex -1.992325e+01 -7.796088e+00  1.432858e+02
     vertex -1.768493e+01 -1.455330e+01  1.432858e+02
   endloop
 endfacet
 facet normal  0.000000e+00 -0.000000e+00  1.000000e+00
   outer loop
     vertex -2.104837e+01 -1.540720e+01  1.432858e+02
     vertex -2.067064e+01 -1.503930e+01  1.432858e+02
     vertex -2.533376e+01 -1.275905e+01  1.432858e+02
   endloop
 endfacet
 facet normal  0.000000e+00  0.000000e+00  1.000000e+00
   outer loop
     vertex -2.104837e+01 -1.540720e+01  1.432858e+02
     vertex -2.533376e+01 -1.275905e+01  1.432858e+02
     vertex -2.560905e+01 -1.495620e+01  1.432858e+02
   endloop
 endfacet
 facet normal  0.000000e+00  0.000000e+00  1.000000e+00
   outer loop
     vertex -1.678211e+01 -1.509053e+01  1.432858e+02
     vertex -1.992325e+01 -7.796088e+00  1.432858e+02
     vertex -1.721002e+01 -1.478242e+01  1.432858e+02
   endloop
 endfacet
 facet normal  0.000000e+00 -0.000000e+00  1.000000e+00
   outer loop
     vertex -2.135647e+01 -1.583511e+01  1.432858e+02
     vertex -2.104837e+01 -1.540720e+01  1.432858e+02
     vertex -2.560905e+01 -1.495620e+01  1.432858e+02
   endloop
 endfacet
 facet normal  0.000000e+00 -0.000000e+00  1.000000e+00
   outer loop
     vertex -2.158559e+01 -1.631003e+01  1.432858e+02
     vertex -2.135647e+01 -1.583511e+01  1.432858e+02
     vertex -2.560905e+01 -1.495620e+01  1.432858e+02
   endloop
 endfacet
 facet normal  0.000000e+00 -0.000000e+00  1.000000e+00
   outer loop
     vertex -2.417646e+01 -1.733799e+01  1.432858e+02
     vertex -2.158559e+01 -1.631003e+01  1.432858e+02
     vertex -2.560905e+01 -1.495620e+01  1.432858e+02
   endloop
 endfacet
 facet normal  0.000000e+00  0.000000e+00  1.000000e+00
   outer loop
     vertex -2.417646e+01 -1.733799e+01  1.432858e+02
     vertex -2.172876e+01 -1.681751e+01  1.432858e+02
     vertex -2.158559e+01 -1.631003e+01  1.432858e+02
   endloop
 endfacet
 facet normal  0.000000e+00 -0.000000e+00  1.000000e+00
   outer loop
     vertex -2.178164e+01 -1.734214e+01  1.432858e+02
     vertex -2.172876e+01 -1.681751e+01  1.432858e+02
     vertex -2.417646e+01 -1.733799e+01  1.432858e+02
   endloop
 endfacet
 facet normal  0.000000e+00  0.000000e+00  1.000000e+00
   outer loop
     vertex -2.174261e+01 -1.786799e+01  1.432858e+02
     vertex -2.178164e+01 -1.734214e+01  1.432858e+02
     vertex -2.417646e+01 -1.733799e+01  1.432858e+02
   endloop
 endfacet
 facet normal  0.000000e+00  0.000000e+00  1.000000e+00
   outer loop
     vertex -9.103843e+00 -1.712028e+01  1.432858e+02
     vertex -1.992325e+01 -7.796088e+00  1.432858e+02
     vertex -1.678211e+01 -1.509053e+01  1.432858e+02
   endloop
 endfacet
 facet normal  0.000000e+00  0.000000e+00  1.000000e+00
   outer loop
     vertex -9.103843e+00 -1.712028e+01  1.432858e+02
     vertex -1.577119e+01 -1.689600e+01  1.432858e+02
     vertex -1.573216e+01 -1.742185e+01  1.432858e+02
   endloop
 endfacet
 facet normal  0.000000e+00  0.000000e+00  1.000000e+00
   outer loop
     vertex -9.103843e+00 -1.712028e+01  1.432858e+02
     vertex -1.590095e+01 -1.638492e+01  1.432858e+02
     vertex -1.577119e+01 -1.689600e+01  1.432858e+02
   endloop
 endfacet
 facet normal  0.000000e+00  0.000000e+00  1.000000e+00
   outer loop
     vertex -9.103843e+00 -1.712028e+01  1.432858e+02
     vertex -1.611747e+01 -1.590414e+01  1.432858e+02
     vertex -1.590095e+01 -1.638492e+01  1.432858e+02
   endloop
 endfacet
 facet normal  0.000000e+00  0.000000e+00  1.000000e+00
   outer loop
     vertex -9.103843e+00 -1.712028e+01  1.432858e+02
     vertex -1.641420e+01 -1.546826e+01  1.432858e+02
     vertex -1.611747e+01 -1.590414e+01  1.432858e+02
   endloop
 endfacet
 facet normal  0.000000e+00  0.000000e+00  1.000000e+00
   outer loop
     vertex -9.103843e+00 -1.712028e+01  1.432858e+02
     vertex -1.678211e+01 -1.509053e+01  1.432858e+02
     vertex -1.641420e+01 -1.546826e+01  1.432858e+02
   endloop
 endfacet
 facet normal  0.000000e+00  0.000000e+00  1.000000e+00
   outer loop
     vertex -1.578504e+01 -1.794648e+01  1.432858e+02
     vertex -9.103843e+00 -1.712028e+01  1.432858e+02
     vertex -1.573216e+01 -1.742185e+01  1.432858e+02
   endloop
 endfacet
 facet normal  0.000000e+00  0.000000e+00  1.000000e+00
   outer loop
     vertex -1.592821e+01 -1.845397e+01  1.432858e+02
     vertex -9.103843e+00 -1.712028e+01  1.432858e+02
     vertex -1.578504e+01 -1.794648e+01  1.432858e+02
   endloop
 endfacet
 facet normal  0.000000e+00 -0.000000e+00  1.000000e+00
   outer loop
     vertex -2.238484e+01 -1.946293e+01  1.432858e+02
     vertex -2.174261e+01 -1.786799e+01  1.432858e+02
     vertex -2.417646e+01 -1.733799e+01  1.432858e+02
   endloop
 endfacet
 facet normal  0.000000e+00  0.000000e+00  1.000000e+00
   outer loop
     vertex -2.238484e+01 -1.946293e+01  1.432858e+02
     vertex -2.161285e+01 -1.837907e+01  1.432858e+02
     vertex -2.174261e+01 -1.786799e+01  1.432858e+02
   endloop
 endfacet
 facet normal  0.000000e+00  0.000000e+00  1.000000e+00
   outer loop
     vertex -2.238484e+01 -1.946293e+01  1.432858e+02
     vertex -2.139633e+01 -1.885985e+01  1.432858e+02
     vertex -2.161285e+01 -1.837907e+01  1.432858e+02
   endloop
 endfacet
 facet normal  0.000000e+00  0.000000e+00  1.000000e+00
   outer loop
     vertex -2.238484e+01 -1.946293e+01  1.432858e+02
     vertex -2.109960e+01 -1.929573e+01  1.432858e+02
     vertex -2.139633e+01 -1.885985e+01  1.432858e+02
   endloop
 endfacet
 facet normal  0.000000e+00  0.000000e+00  1.000000e+00
   outer loop
     vertex -2.073169e+01 -1.967346e+01  1.432858e+02
     vertex -2.109960e+01 -1.929573e+01  1.432858e+02
     vertex -2.238484e+01 -1.946293e+01  1.432858e+02
   endloop
 endfacet
 facet normal  0.000000e+00  0.000000e+00  1.000000e+00
   outer loop
     vertex -2.027939e+01 -2.127741e+01  1.432858e+02
     vertex -2.073169e+01 -1.967346e+01  1.432858e+02
     vertex -2.238484e+01 -1.946293e+01  1.432858e+02
   endloop
 endfacet
 facet normal  0.000000e+00  0.000000e+00  1.000000e+00
   outer loop
     vertex -2.027939e+01 -2.127741e+01  1.432858e+02
     vertex -2.030378e+01 -1.998157e+01  1.432858e+02
     vertex -2.073169e+01 -1.967346e+01  1.432858e+02
   endloop
 endfacet
 facet normal  0.000000e+00 -0.000000e+00  1.000000e+00
   outer loop
     vertex -2.027939e+01 -2.127741e+01  1.432858e+02
     vertex -1.982887e+01 -2.021069e+01  1.432858e+02
     vertex -2.030378e+01 -1.998157e+01  1.432858e+02
   endloop
 endfacet
 facet normal  0.000000e+00  0.000000e+00  1.000000e+00
   outer loop
     vertex -2.027939e+01 -2.127741e+01  1.432858e+02
     vertex -1.932139e+01 -2.035386e+01  1.432858e+02
     vertex -1.982887e+01 -2.021069e+01  1.432858e+02
   endloop
 endfacet
 facet normal  0.000000e+00  0.000000e+00  1.000000e+00
   outer loop
     vertex -2.027939e+01 -2.127741e+01  1.432858e+02
     vertex -1.879675e+01 -2.040673e+01  1.432858e+02
     vertex -1.932139e+01 -2.035386e+01  1.432858e+02
   endloop
 endfacet
 facet normal  0.000000e+00  0.000000e+00  1.000000e+00
   outer loop
     vertex -1.791322e+01 -2.273567e+01  1.432858e+02
     vertex -1.827091e+01 -2.036770e+01  1.432858e+02
     vertex -1.879675e+01 -2.040673e+01  1.432858e+02
   endloop
 endfacet
 facet normal  0.000000e+00  0.000000e+00  1.000000e+00
   outer loop
     vertex -1.791322e+01 -2.273567e+01  1.432858e+02
     vertex -1.879675e+01 -2.040673e+01  1.432858e+02
     vertex -2.027939e+01 -2.127741e+01  1.432858e+02
   endloop
 endfacet
 facet normal  0.000000e+00 -0.000000e+00  1.000000e+00
   outer loop
     vertex -1.791322e+01 -2.273567e+01  1.432858e+02
     vertex -1.775983e+01 -2.023795e+01  1.432858e+02
     vertex -1.827091e+01 -2.036770e+01  1.432858e+02
   endloop
 endfacet
 facet normal  0.000000e+00  0.000000e+00  1.000000e+00
   outer loop
     vertex -1.791322e+01 -2.273567e+01  1.432858e+02
     vertex -1.727904e+01 -2.002142e+01  1.432858e+02
     vertex -1.775983e+01 -2.023795e+01  1.432858e+02
   endloop
 endfacet
 facet normal  0.000000e+00  0.000000e+00  1.000000e+00
   outer loop
     vertex -1.321360e+01 -2.320424e+01  1.432858e+02
     vertex -7.800643e+00 -1.692327e+01  1.432858e+02
     vertex -8.232015e+00 -1.700802e+01  1.432858e+02
   endloop
 endfacet
 facet normal  0.000000e+00  0.000000e+00  1.000000e+00
   outer loop
     vertex -1.321360e+01 -2.320424e+01  1.432858e+02
     vertex -8.232015e+00 -1.700802e+01  1.432858e+02
     vertex -8.666695e+00 -1.707373e+01  1.432858e+02
   endloop
 endfacet
 facet normal  0.000000e+00  0.000000e+00  1.000000e+00
   outer loop
     vertex -1.321360e+01 -2.320424e+01  1.432858e+02
     vertex -8.666695e+00 -1.707373e+01  1.432858e+02
     vertex -9.103843e+00 -1.712028e+01  1.432858e+02
   endloop
 endfacet
 facet normal  0.000000e+00  0.000000e+00  1.000000e+00
   outer loop
     vertex -1.321360e+01 -2.320424e+01  1.432858e+02
     vertex -1.615733e+01 -1.892888e+01  1.432858e+02
     vertex -1.646543e+01 -1.935679e+01  1.432858e+02
   endloop
 endfacet
 facet normal  0.000000e+00  0.000000e+00  1.000000e+00
   outer loop
     vertex -1.321360e+01 -2.320424e+01  1.432858e+02
     vertex -1.592821e+01 -1.845397e+01  1.432858e+02
     vertex -1.615733e+01 -1.892888e+01  1.432858e+02
   endloop
 endfacet
 facet normal  0.000000e+00 -0.000000e+00  1.000000e+00
   outer loop
     vertex -1.321360e+01 -2.320424e+01  1.432858e+02
     vertex -9.103843e+00 -1.712028e+01  1.432858e+02
     vertex -1.592821e+01 -1.845397e+01  1.432858e+02
   endloop
 endfacet
 facet normal  0.000000e+00  0.000000e+00  1.000000e+00
   outer loop
     vertex -1.534602e+01 -2.380091e+01  1.432858e+02
     vertex -1.727904e+01 -2.002142e+01  1.432858e+02
     vertex -1.791322e+01 -2.273567e+01  1.432858e+02
   endloop
 endfacet
 facet normal  0.000000e+00  0.000000e+00  1.000000e+00
   outer loop
     vertex -1.534602e+01 -2.380091e+01  1.432858e+02
     vertex -1.684316e+01 -1.972470e+01  1.432858e+02
     vertex -1.727904e+01 -2.002142e+01  1.432858e+02
   endloop
 endfacet
 facet normal  0.000000e+00  0.000000e+00  1.000000e+00
   outer loop
     vertex -1.534602e+01 -2.380091e+01  1.432858e+02
     vertex -1.646543e+01 -1.935679e+01  1.432858e+02
     vertex -1.684316e+01 -1.972470e+01  1.432858e+02
   endloop
 endfacet
 facet normal  0.000000e+00 -0.000000e+00  1.000000e+00
   outer loop
     vertex -1.534602e+01 -2.380091e+01  1.432858e+02
     vertex -1.321360e+01 -2.320424e+01  1.432858e+02
     vertex -1.646543e+01 -1.935679e+01  1.432858e+02
   endloop
 endfacet
 facet normal  0.000000e+00  0.000000e+00  1.000000e+00
   outer loop
     vertex -1.403037e+01 -2.377274e+01  1.432858e+02
     vertex -1.372748e+01 -2.362998e+01  1.432858e+02
     vertex -1.345266e+01 -2.343869e+01  1.432858e+02
   endloop
 endfacet
 facet normal  0.000000e+00  0.000000e+00  1.000000e+00
   outer loop
     vertex -1.403037e+01 -2.377274e+01  1.432858e+02
     vertex -1.345266e+01 -2.343869e+01  1.432858e+02
     vertex -1.321360e+01 -2.320424e+01  1.432858e+02
   endloop
 endfacet
 facet normal  0.000000e+00  0.000000e+00  1.000000e+00
   outer loop
     vertex -1.468581e+01 -2.389813e+01  1.432858e+02
     vertex -1.534602e+01 -2.380091e+01  1.432858e+02
     vertex -1.502000e+01 -2.387725e+01  1.432858e+02
   endloop
 endfacet
 facet normal  0.000000e+00  0.000000e+00  1.000000e+00
   outer loop
     vertex -1.468581e+01 -2.389813e+01  1.432858e+02
     vertex -1.435282e+01 -2.386297e+01  1.432858e+02
     vertex -1.403037e+01 -2.377274e+01  1.432858e+02
   endloop
 endfacet
 facet normal  0.000000e+00 -0.000000e+00  1.000000e+00
   outer loop
     vertex -1.468581e+01 -2.389813e+01  1.432858e+02
     vertex -1.321360e+01 -2.320424e+01  1.432858e+02
     vertex -1.534602e+01 -2.380091e+01  1.432858e+02
   endloop
 endfacet
 facet normal  0.000000e+00  0.000000e+00  1.000000e+00
   outer loop
     vertex -1.468581e+01 -2.389813e+01  1.432858e+02
     vertex -1.403037e+01 -2.377274e+01  1.432858e+02
     vertex -1.321360e+01 -2.320424e+01  1.432858e+02
   endloop
 endfacet
 facet normal  7.575097e-01 -6.528240e-01  0.000000e+00
   outer loop
     vertex -7.800643e+00 -1.692327e+01  1.432858e+02
     vertex -1.321360e+01 -2.320424e+01  1.432858e+02
     vertex -1.321360e+01 -2.320424e+01  1.372858e+02
   endloop
 endfacet
 facet normal  7.575097e-01 -6.528240e-01  3.947460e-16
   outer loop
     vertex -3.883699e+00 -1.237821e+01  1.432858e+02
     vertex -7.800643e+00 -1.692327e+01  1.432858e+02
     vertex -1.321360e+01 -2.320424e+01  1.372858e+02
   endloop
 endfacet
 facet normal  7.575097e-01 -6.528240e-01  0.000000e+00
   outer loop
     vertex  5.446203e+00 -1.552178e+00  1.372858e+02
     vertex  3.324436e-02 -7.833150e+00  1.432858e+02
     vertex -3.883699e+00 -1.237821e+01  1.432858e+02
   endloop
 endfacet
 facet normal  7.575097e-01 -6.528240e-01  1.657250e-16
   outer loop
     vertex  5.446203e+00 -1.552178e+00  1.372858e+02
     vertex -3.883699e+00 -1.237821e+01  1.432858e+02
     vertex -1.321360e+01 -2.320424e+01  1.372858e+02
   endloop
 endfacet
 facet normal  7.575097e-01 -6.528240e-01  0.000000e+00
   outer loop
     vertex  5.446203e+00 -1.552178e+00  1.432858e+02
     vertex  3.324436e-02 -7.833150e+00  1.432858e+02
     vertex  5.446203e+00 -1.552178e+00  1.372858e+02
   endloop
 endfacet
 facet normal -7.575097e-01  6.528240e-01  0.000000e+00
   outer loop
     vertex -1.208691e+01  2.612033e+00  1.432858e+02
     vertex -6.673951e+00  8.893005e+00  1.432858e+02
     vertex -6.673951e+00  8.893005e+00  1.372858e+02
   endloop
 endfacet
 facet normal -7.575097e-01  6.528240e-01  0.000000e+00
   outer loop
     vertex -1.600385e+01 -1.933024e+00  1.432858e+02
     vertex -1.208691e+01  2.612033e+00  1.432858e+02
     vertex -6.673951e+00  8.893005e+00  1.372858e+02
   endloop
 endfacet
 facet normal -7.575097e-01  6.528240e-01 -1.973730e-16
   outer loop
     vertex -2.533376e+01 -1.275905e+01  1.372858e+02
     vertex -1.992080e+01 -6.478082e+00  1.432858e+02
     vertex -1.600385e+01 -1.933024e+00  1.432858e+02
   endloop
 endfacet
 facet normal -7.575097e-01  6.528240e-01  0.000000e+00
   outer loop
     vertex -2.533376e+01 -1.275905e+01  1.372858e+02
     vertex -1.600385e+01 -1.933024e+00  1.432858e+02
     vertex -6.673951e+00  8.893005e+00  1.372858e+02
   endloop
 endfacet
 facet normal -7.575097e-01  6.528240e-01  0.000000e+00
   outer loop
     vertex -2.533376e+01 -1.275905e+01  1.432858e+02
     vertex -1.992080e+01 -6.478082e+00  1.432858e+02
     vertex -2.533376e+01 -1.275905e+01  1.372858e+02
   endloop
 endfacet
 facet normal  0.000000e+00  0.000000e+00  1.000000e+00
   outer loop
     vertex -4.541533e+00  9.489676e+00  1.432858e+02
     vertex -4.867554e+00  9.566018e+00  1.432858e+02
     vertex -5.201743e+00  9.586899e+00  1.432858e+02
   endloop
 endfacet
 facet normal  0.000000e+00  0.000000e+00  1.000000e+00
   outer loop
     vertex -6.160072e+00  9.318749e+00  1.432858e+02
     vertex -5.201743e+00  9.586899e+00  1.432858e+02
     vertex -5.534732e+00  9.551733e+00  1.432858e+02
   endloop
 endfacet
 facet normal  0.000000e+00  0.000000e+00  1.000000e+00
   outer loop
     vertex -6.160072e+00  9.318749e+00  1.432858e+02
     vertex -5.534732e+00  9.551733e+00  1.432858e+02
     vertex -5.857188e+00  9.461507e+00  1.432858e+02
   endloop
 endfacet
 facet normal  0.000000e+00  0.000000e+00  1.000000e+00
   outer loop
     vertex -6.160072e+00  9.318749e+00  1.432858e+02
     vertex -4.541533e+00  9.489676e+00  1.432858e+02
     vertex -5.201743e+00  9.586899e+00  1.432858e+02
   endloop
 endfacet
 facet normal  0.000000e+00  0.000000e+00  1.000000e+00
   outer loop
     vertex -6.673951e+00  8.893005e+00  1.432858e+02
     vertex -6.160072e+00  9.318749e+00  1.432858e+02
     vertex -6.434894e+00  9.127461e+00  1.432858e+02
   endloop
 endfacet
 facet normal  0.000000e+00  0.000000e+00  1.000000e+00
   outer loop
     vertex -6.673951e+00  8.893005e+00  1.432858e+02
     vertex -4.541533e+00  9.489676e+00  1.432858e+02
     vertex -6.160072e+00  9.318749e+00  1.432858e+02
   endloop
 endfacet
 facet normal  0.000000e+00 -0.000000e+00  1.000000e+00
   outer loop
     vertex -1.090801e+00  6.095502e+00  1.432858e+02
     vertex  3.918377e-01  6.966178e+00  1.432858e+02
     vertex -1.974331e+00  8.424433e+00  1.432858e+02
   endloop
 endfacet
 facet normal  0.000000e+00 -0.000000e+00  1.000000e+00
   outer loop
     vertex -1.616646e+00  6.056469e+00  1.432858e+02
     vertex -1.090801e+00  6.095502e+00  1.432858e+02
     vertex -1.974331e+00  8.424433e+00  1.432858e+02
   endloop
 endfacet
 facet normal  0.000000e+00  0.000000e+00  1.000000e+00
   outer loop
     vertex -2.127725e+00  5.926718e+00  1.432858e+02
     vertex -1.616646e+00  6.056469e+00  1.432858e+02
     vertex -1.974331e+00  8.424433e+00  1.432858e+02
   endloop
 endfacet
 facet normal  0.000000e+00 -0.000000e+00  1.000000e+00
   outer loop
     vertex -5.661661e-01  6.042629e+00  1.432858e+02
     vertex  3.918377e-01  6.966178e+00  1.432858e+02
     vertex -1.090801e+00  6.095502e+00  1.432858e+02
   endloop
 endfacet
 facet normal  0.000000e+00 -0.000000e+00  1.000000e+00
   outer loop
     vertex -2.608509e+00  5.710190e+00  1.432858e+02
     vertex -1.974331e+00  8.424433e+00  1.432858e+02
     vertex -4.541533e+00  9.489676e+00  1.432858e+02
   endloop
 endfacet
 facet normal  0.000000e+00  0.000000e+00  1.000000e+00
   outer loop
     vertex -2.608509e+00  5.710190e+00  1.432858e+02
     vertex -2.127725e+00  5.926718e+00  1.432858e+02
     vertex -1.974331e+00  8.424433e+00  1.432858e+02
   endloop
 endfacet
 facet normal  0.000000e+00 -0.000000e+00  1.000000e+00
   outer loop
     vertex -5.868309e-02  5.899457e+00  1.432858e+02
     vertex  3.918377e-01  6.966178e+00  1.432858e+02
     vertex -5.661661e-01  6.042629e+00  1.432858e+02
   endloop
 endfacet
 facet normal  0.000000e+00 -0.000000e+00  1.000000e+00
   outer loop
     vertex -3.044388e+00  5.413464e+00  1.432858e+02
     vertex -2.608509e+00  5.710190e+00  1.432858e+02
     vertex -4.541533e+00  9.489676e+00  1.432858e+02
   endloop
 endfacet
 facet normal  0.000000e+00  0.000000e+00  1.000000e+00
   outer loop
     vertex  4.162287e-01  5.670338e+00  1.432858e+02
     vertex  3.918377e-01  6.966178e+00  1.432858e+02
     vertex -5.868309e-02  5.899457e+00  1.432858e+02
   endloop
 endfacet
 facet normal  0.000000e+00 -0.000000e+00  1.000000e+00
   outer loop
     vertex -3.422120e+00  5.045557e+00  1.432858e+02
     vertex -3.044388e+00  5.413464e+00  1.432858e+02
     vertex -4.541533e+00  9.489676e+00  1.432858e+02
   endloop
 endfacet
 facet normal  0.000000e+00  0.000000e+00  1.000000e+00
   outer loop
     vertex -3.422120e+00  5.045557e+00  1.432858e+02
     vertex -4.541533e+00  9.489676e+00  1.432858e+02
     vertex -6.673951e+00  8.893005e+00  1.432858e+02
   endloop
 endfacet
 facet normal  0.000000e+00  0.000000e+00  1.000000e+00
   outer loop
     vertex  8.441392e-01  5.362231e+00  1.432858e+02
     vertex  3.918377e-01  6.966178e+00  1.432858e+02
     vertex  4.162287e-01  5.670338e+00  1.432858e+02
   endloop
 endfacet
 facet normal  0.000000e+00  0.000000e+00  1.000000e+00
   outer loop
     vertex  2.497287e+00  5.151696e+00  1.432858e+02
     vertex  3.918377e-01  6.966178e+00  1.432858e+02
     vertex  8.441392e-01  5.362231e+00  1.432858e+02
   endloop
 endfacet
 facet normal  0.000000e+00 -0.000000e+00  1.000000e+00
   outer loop
     vertex -3.730227e+00  4.617646e+00  1.432858e+02
     vertex -3.422120e+00  5.045557e+00  1.432858e+02
     vertex -6.673951e+00  8.893005e+00  1.432858e+02
   endloop
 endfacet
 facet normal  0.000000e+00 -0.000000e+00  1.000000e+00
   outer loop
     vertex  1.212047e+00  4.984499e+00  1.432858e+02
     vertex  2.497287e+00  5.151696e+00  1.432858e+02
     vertex  8.441392e-01  5.362231e+00  1.432858e+02
   endloop
 endfacet
 facet normal  0.000000e+00 -0.000000e+00  1.000000e+00
   outer loop
     vertex -3.959346e+00  4.142734e+00  1.432858e+02
     vertex -3.730227e+00  4.617646e+00  1.432858e+02
     vertex -6.673951e+00  8.893005e+00  1.432858e+02
   endloop
 endfacet
 facet normal  0.000000e+00 -0.000000e+00  1.000000e+00
   outer loop
     vertex  1.508772e+00  4.548620e+00  1.432858e+02
     vertex  2.497287e+00  5.151696e+00  1.432858e+02
     vertex  1.212047e+00  4.984499e+00  1.432858e+02
   endloop
 endfacet
 facet normal  0.000000e+00 -0.000000e+00  1.000000e+00
   outer loop
     vertex  1.725301e+00  4.067836e+00  1.432858e+02
     vertex  2.497287e+00  5.151696e+00  1.432858e+02
     vertex  1.508772e+00  4.548620e+00  1.432858e+02
   endloop
 endfacet
 facet normal  0.000000e+00  0.000000e+00  1.000000e+00
   outer loop
     vertex -1.078371e+01  2.809047e+00  1.432858e+02
     vertex -3.959346e+00  4.142734e+00  1.432858e+02
     vertex -6.673951e+00  8.893005e+00  1.432858e+02
   endloop
 endfacet
 facet normal  0.000000e+00  0.000000e+00  1.000000e+00
   outer loop
     vertex -1.078371e+01  2.809047e+00  1.432858e+02
     vertex -4.102518e+00  3.635251e+00  1.432858e+02
     vertex -3.959346e+00  4.142734e+00  1.432858e+02
   endloop
 endfacet
 facet normal  0.000000e+00  0.000000e+00  1.000000e+00
   outer loop
     vertex -1.122086e+01  2.762502e+00  1.432858e+02
     vertex -1.078371e+01  2.809047e+00  1.432858e+02
     vertex -6.673951e+00  8.893005e+00  1.432858e+02
   endloop
 endfacet
 facet normal  0.000000e+00  0.000000e+00  1.000000e+00
   outer loop
     vertex -1.165554e+01  2.696788e+00  1.432858e+02
     vertex -1.122086e+01  2.762502e+00  1.432858e+02
     vertex -6.673951e+00  8.893005e+00  1.432858e+02
   endloop
 endfacet
 facet normal  0.000000e+00  0.000000e+00  1.000000e+00
   outer loop
     vertex -1.208691e+01  2.612033e+00  1.432858e+02
     vertex -1.165554e+01  2.696788e+00  1.432858e+02
     vertex -6.673951e+00  8.893005e+00  1.432858e+02
   endloop
 endfacet
 facet normal  0.000000e+00 -0.000000e+00  1.000000e+00
   outer loop
     vertex -4.155391e+00  3.110617e+00  1.432858e+02
     vertex -4.102518e+00  3.635251e+00  1.432858e+02
     vertex -1.078371e+01  2.809047e+00  1.432858e+02
   endloop
 endfacet
 facet normal  0.000000e+00 -0.000000e+00  1.000000e+00
   outer loop
     vertex  1.855052e+00  3.556757e+00  1.432858e+02
     vertex  2.497287e+00  5.151696e+00  1.432858e+02
     vertex  1.725301e+00  4.067836e+00  1.432858e+02
   endloop
 endfacet
 facet normal  0.000000e+00  0.000000e+00  1.000000e+00
   outer loop
     vertex -4.116358e+00  2.584771e+00  1.432858e+02
     vertex -4.155391e+00  3.110617e+00  1.432858e+02
     vertex -1.078371e+01  2.809047e+00  1.432858e+02
   endloop
 endfacet
 facet normal  0.000000e+00  0.000000e+00  1.000000e+00
   outer loop
     vertex  4.288907e+00  3.026757e+00  1.432858e+02
     vertex  2.497287e+00  5.151696e+00  1.432858e+02
     vertex  1.855052e+00  3.556757e+00  1.432858e+02
   endloop
 endfacet
 facet normal  0.000000e+00  0.000000e+00  1.000000e+00
   outer loop
     vertex  4.288907e+00  3.026757e+00  1.432858e+02
     vertex  1.855052e+00  3.556757e+00  1.432858e+02
     vertex  1.894084e+00  3.030912e+00  1.432858e+02
   endloop
 endfacet
 facet normal  0.000000e+00  0.000000e+00  1.000000e+00
   outer loop
     vertex -3.986607e+00  2.073692e+00  1.432858e+02
     vertex -4.116358e+00  2.584771e+00  1.432858e+02
     vertex -1.078371e+01  2.809047e+00  1.432858e+02
   endloop
 endfacet
 facet normal  0.000000e+00  0.000000e+00  1.000000e+00
   outer loop
     vertex  1.841211e+00  2.506277e+00  1.432858e+02
     vertex  4.288907e+00  3.026757e+00  1.432858e+02
     vertex  1.894084e+00  3.030912e+00  1.432858e+02
   endloop
 endfacet
 facet normal  0.000000e+00  0.000000e+00  1.000000e+00
   outer loop
     vertex -3.770079e+00  1.592909e+00  1.432858e+02
     vertex -3.986607e+00  2.073692e+00  1.432858e+02
     vertex -1.078371e+01  2.809047e+00  1.432858e+02
   endloop
 endfacet
 facet normal  0.000000e+00  0.000000e+00  1.000000e+00
   outer loop
     vertex  1.698040e+00  1.998794e+00  1.432858e+02
     vertex  4.288907e+00  3.026757e+00  1.432858e+02
     vertex  1.841211e+00  2.506277e+00  1.432858e+02
   endloop
 endfacet
 facet normal  0.000000e+00  0.000000e+00  1.000000e+00
   outer loop
     vertex -3.473353e+00  1.157029e+00  1.432858e+02
     vertex -3.770079e+00  1.592909e+00  1.432858e+02
     vertex -1.078371e+01  2.809047e+00  1.432858e+02
   endloop
 endfacet
 facet normal  0.000000e+00  0.000000e+00  1.000000e+00
   outer loop
     vertex -3.105446e+00  7.792975e-01  1.432858e+02
     vertex -3.473353e+00  1.157029e+00  1.432858e+02
     vertex -1.078371e+01  2.809047e+00  1.432858e+02
   endloop
 endfacet
 facet normal  0.000000e+00  0.000000e+00  1.000000e+00
   outer loop
     vertex  5.721502e+00  6.449646e-01  1.432858e+02
     vertex  1.468920e+00  1.523882e+00  1.432858e+02
     vertex  1.160813e+00  1.095972e+00  1.432858e+02
   endloop
 endfacet
 facet normal  0.000000e+00  0.000000e+00  1.000000e+00
   outer loop
     vertex  5.721502e+00  6.449646e-01  1.432858e+02
     vertex  1.698040e+00  1.998794e+00  1.432858e+02
     vertex  1.468920e+00  1.523882e+00  1.432858e+02
   endloop
 endfacet
 facet normal  0.000000e+00  0.000000e+00  1.000000e+00
   outer loop
     vertex  5.721502e+00  6.449646e-01  1.432858e+02
     vertex  4.288907e+00  3.026757e+00  1.432858e+02
     vertex  1.698040e+00  1.998794e+00  1.432858e+02
   endloop
 endfacet
 facet normal  0.000000e+00  0.000000e+00  1.000000e+00
   outer loop
     vertex  5.915133e+00  6.343173e-03  1.432858e+02
     vertex  5.845141e+00  3.337869e-01  1.432858e+02
     vertex  5.721502e+00  6.449646e-01  1.432858e+02
   endloop
 endfacet
 facet normal  0.000000e+00  0.000000e+00  1.000000e+00
   outer loop
     vertex  5.929516e+00 -3.281885e-01  1.432858e+02
     vertex  5.915133e+00  6.343173e-03  1.432858e+02
     vertex  5.721502e+00  6.449646e-01  1.432858e+02
   endloop
 endfacet
 facet normal  0.000000e+00  0.000000e+00  1.000000e+00
   outer loop
     vertex  5.642795e+00 -1.281125e+00  1.432858e+02
     vertex  5.791412e+00 -9.810727e-01  1.432858e+02
     vertex  5.887887e+00 -6.604313e-01  1.432858e+02
   endloop
 endfacet
 facet normal  0.000000e+00  0.000000e+00  1.000000e+00
   outer loop
     vertex  5.642795e+00 -1.281125e+00  1.432858e+02
     vertex  5.887887e+00 -6.604313e-01  1.432858e+02
     vertex  5.929516e+00 -3.281885e-01  1.432858e+02
   endloop
 endfacet
 facet normal  0.000000e+00  0.000000e+00  1.000000e+00
   outer loop
     vertex  5.642795e+00 -1.281125e+00  1.432858e+02
     vertex  5.929516e+00 -3.281885e-01  1.432858e+02
     vertex  5.721502e+00  6.449646e-01  1.432858e+02
   endloop
 endfacet
 facet normal  0.000000e+00 -0.000000e+00  1.000000e+00
   outer loop
     vertex  5.446203e+00 -1.552178e+00  1.432858e+02
     vertex  5.721502e+00  6.449646e-01  1.432858e+02
     vertex  1.160813e+00  1.095972e+00  1.432858e+02
   endloop
 endfacet
 facet normal  0.000000e+00  0.000000e+00  1.000000e+00
   outer loop
     vertex  5.446203e+00 -1.552178e+00  1.432858e+02
     vertex  7.830818e-01  7.280643e-01  1.432858e+02
     vertex  3.472023e-01  4.313385e-01  1.432858e+02
   endloop
 endfacet
 facet normal  0.000000e+00  0.000000e+00  1.000000e+00
   outer loop
     vertex  5.446203e+00 -1.552178e+00  1.432858e+02
     vertex  1.160813e+00  1.095972e+00  1.432858e+02
     vertex  7.830818e-01  7.280643e-01  1.432858e+02
   endloop
 endfacet
 facet normal  0.000000e+00  0.000000e+00  1.000000e+00
   outer loop
     vertex  5.446203e+00 -1.552178e+00  1.432858e+02
     vertex  5.642795e+00 -1.281125e+00  1.432858e+02
     vertex  5.721502e+00  6.449646e-01  1.432858e+02
   endloop
 endfacet
 facet normal  0.000000e+00  0.000000e+00  1.000000e+00
   outer loop
     vertex  3.569206e-02 -6.515144e+00  1.432858e+02
     vertex -3.105446e+00  7.792975e-01  1.432858e+02
     vertex -1.078371e+01  2.809047e+00  1.432858e+02
   endloop
 endfacet
 facet normal  0.000000e+00  0.000000e+00  1.000000e+00
   outer loop
     vertex  3.569206e-02 -6.515144e+00  1.432858e+02
     vertex -2.677535e+00  4.711909e-01  1.432858e+02
     vertex -3.105446e+00  7.792975e-01  1.432858e+02
   endloop
 endfacet
 facet normal  0.000000e+00  0.000000e+00  1.000000e+00
   outer loop
     vertex  3.569206e-02 -6.515144e+00  1.432858e+02
     vertex -2.202623e+00  2.420711e-01  1.432858e+02
     vertex -2.677535e+00  4.711909e-01  1.432858e+02
   endloop
 endfacet
 facet normal  0.000000e+00  0.000000e+00  1.000000e+00
   outer loop
     vertex  3.569206e-02 -6.515144e+00  1.432858e+02
     vertex -1.695140e+00  9.889961e-02  1.432858e+02
     vertex -2.202623e+00  2.420711e-01  1.432858e+02
   endloop
 endfacet
 facet normal  0.000000e+00  0.000000e+00  1.000000e+00
   outer loop
     vertex  3.569206e-02 -6.515144e+00  1.432858e+02
     vertex -1.170506e+00  4.602676e-02  1.432858e+02
     vertex -1.695140e+00  9.889961e-02  1.432858e+02
   endloop
 endfacet
 facet normal  0.000000e+00  0.000000e+00  1.000000e+00
   outer loop
     vertex  3.569206e-02 -6.515144e+00  1.432858e+02
     vertex -6.446600e-01  8.505903e-02  1.432858e+02
     vertex -1.170506e+00  4.602676e-02  1.432858e+02
   endloop
 endfacet
 facet normal  0.000000e+00  0.000000e+00  1.000000e+00
   outer loop
     vertex  3.569206e-02 -6.515144e+00  1.432858e+02
     vertex -1.335811e-01  2.148104e-01  1.432858e+02
     vertex -6.446600e-01  8.505903e-02  1.432858e+02
   endloop
 endfacet
 facet normal  0.000000e+00 -0.000000e+00  1.000000e+00
   outer loop
     vertex  3.569206e-02 -6.515144e+00  1.432858e+02
     vertex  3.472023e-01  4.313385e-01  1.432858e+02
     vertex -1.335811e-01  2.148104e-01  1.432858e+02
   endloop
 endfacet
 facet normal  0.000000e+00  0.000000e+00  1.000000e+00
   outer loop
     vertex  3.569206e-02 -6.515144e+00  1.432858e+02
     vertex  5.446203e+00 -1.552178e+00  1.432858e+02
     vertex  3.472023e-01  4.313385e-01  1.432858e+02
   endloop
 endfacet
 facet normal  0.000000e+00 -0.000000e+00  1.000000e+00
   outer loop
     vertex  5.419822e-02 -6.954374e+00  1.432858e+02
     vertex  5.446203e+00 -1.552178e+00  1.432858e+02
     vertex  3.569206e-02 -6.515144e+00  1.432858e+02
   endloop
 endfacet
 facet normal  0.000000e+00  0.000000e+00  1.000000e+00
   outer loop
     vertex  5.338180e-02 -7.393992e+00  1.432858e+02
     vertex  5.446203e+00 -1.552178e+00  1.432858e+02
     vertex  5.419822e-02 -6.954374e+00  1.432858e+02
   endloop
 endfacet
 facet normal  0.000000e+00  0.000000e+00  1.000000e+00
   outer loop
     vertex  3.324436e-02 -7.833150e+00  1.432858e+02
     vertex  5.446203e+00 -1.552178e+00  1.432858e+02
     vertex  5.338180e-02 -7.393992e+00  1.432858e+02
   endloop
 endfacet
 facet normal -3.832587e-01 -9.236411e-01  0.000000e+00
   outer loop
     vertex -1.791322e+01 -2.273567e+01  1.372858e+02
     vertex -1.534602e+01 -2.380091e+01  1.372858e+02
     vertex -1.534602e+01 -2.380091e+01  1.432858e+02
   endloop
 endfacet
 facet normal -3.832587e-01 -9.236411e-01 -3.608335e-16
   outer loop
     vertex -1.791322e+01 -2.273567e+01  1.372858e+02
     vertex -1.534602e+01 -2.380091e+01  1.432858e+02
     vertex -1.791322e+01 -2.273567e+01  1.432858e+02
   endloop
 endfacet
 facet normal -5.246587e-01 -8.513127e-01  7.617575e-17
   outer loop
     vertex -2.027939e+01 -2.127741e+01  1.372858e+02
     vertex -1.791322e+01 -2.273567e+01  1.432858e+02
     vertex -2.027939e+01 -2.127741e+01  1.432858e+02
   endloop
 endfacet
 facet normal -5.246587e-01 -8.513127e-01 -7.456248e-16
   outer loop
     vertex -2.027939e+01 -2.127741e+01  1.372858e+02
     vertex -1.791322e+01 -2.273567e+01  1.372858e+02
     vertex -1.791322e+01 -2.273567e+01  1.432858e+02
   endloop
 endfacet
 facet normal -6.528240e-01 -7.575097e-01  9.590580e-16
   outer loop
     vertex -2.238484e+01 -1.946293e+01  1.372858e+02
     vertex -2.027939e+01 -2.127741e+01  1.432858e+02
     vertex -2.238484e+01 -1.946293e+01  1.432858e+02
   endloop
 endfacet
 facet normal -6.528240e-01 -7.575097e-01 -2.662946e-16
   outer loop
     vertex -2.238484e+01 -1.946293e+01  1.372858e+02
     vertex -2.027939e+01 -2.127741e+01  1.372858e+02
     vertex -2.027939e+01 -2.127741e+01  1.432858e+02
   endloop
 endfacet
 facet normal -7.645215e-01 -6.445982e-01  2.396610e-16
   outer loop
     vertex -2.417646e+01 -1.733799e+01  1.372858e+02
     vertex -2.238484e+01 -1.946293e+01  1.432858e+02
     vertex -2.417646e+01 -1.733799e+01  1.432858e+02
   endloop
 endfacet
 facet normal -7.645215e-01 -6.445982e-01  6.923659e-16
   outer loop
     vertex -2.417646e+01 -1.733799e+01  1.372858e+02
     vertex -2.238484e+01 -1.946293e+01  1.372858e+02
     vertex -2.238484e+01 -1.946293e+01  1.432858e+02
   endloop
 endfacet
 facet normal -8.569338e-01 -5.154265e-01  0.000000e+00
   outer loop
     vertex -2.560905e+01 -1.495620e+01  1.372858e+02
     vertex -2.417646e+01 -1.733799e+01  1.432858e+02
     vertex -2.560905e+01 -1.495620e+01  1.432858e+02
   endloop
 endfacet
 facet normal -8.569338e-01 -5.154265e-01 -7.988837e-17
   outer loop
     vertex -2.560905e+01 -1.495620e+01  1.372858e+02
     vertex -2.417646e+01 -1.733799e+01  1.372858e+02
     vertex -2.417646e+01 -1.733799e+01  1.432858e+02
   endloop
 endfacet
 facet normal  3.832587e-01  9.236411e-01  0.000000e+00
   outer loop
     vertex -1.974331e+00  8.424433e+00  1.372858e+02
     vertex -4.541533e+00  9.489676e+00  1.372858e+02
     vertex -4.541533e+00  9.489676e+00  1.432858e+02
   endloop
 endfacet
 facet normal  3.832587e-01  9.236411e-01  3.199707e-16
   outer loop
     vertex -1.974331e+00  8.424433e+00  1.372858e+02
     vertex -4.541533e+00  9.489676e+00  1.432858e+02
     vertex -1.974331e+00  8.424433e+00  1.432858e+02
   endloop
 endfacet
 facet normal  5.246587e-01  8.513127e-01 -5.862115e-17
   outer loop
     vertex  3.918377e-01  6.966178e+00  1.372858e+02
     vertex -1.974331e+00  8.424433e+00  1.432858e+02
     vertex  3.918377e-01  6.966178e+00  1.432858e+02
   endloop
 endfacet
 facet normal  5.246587e-01  8.513127e-01  2.130357e-16
   outer loop
     vertex  3.918377e-01  6.966178e+00  1.372858e+02
     vertex -1.974331e+00  8.424433e+00  1.372858e+02
     vertex -1.974331e+00  8.424433e+00  1.432858e+02
   endloop
 endfacet
 facet normal  6.528240e-01  7.575097e-01  6.728037e-16
   outer loop
     vertex  2.497287e+00  5.151696e+00  1.372858e+02
     vertex  3.918377e-01  6.966178e+00  1.432858e+02
     vertex  2.497287e+00  5.151696e+00  1.432858e+02
   endloop
 endfacet
 facet normal  6.528240e-01  7.575097e-01 -1.597767e-16
   outer loop
     vertex  2.497287e+00  5.151696e+00  1.372858e+02
     vertex  3.918377e-01  6.966178e+00  1.372858e+02
     vertex  3.918377e-01  6.966178e+00  1.432858e+02
   endloop
 endfacet
 facet normal  8.569338e-01  5.154265e-01  3.051938e-16
   outer loop
     vertex  4.288907e+00  3.026757e+00  1.372858e+02
     vertex  4.288907e+00  3.026757e+00  1.432858e+02
     vertex  5.721502e+00  6.449646e-01  1.432858e+02
   endloop
 endfacet
 facet normal  7.645215e-01  6.445982e-01  3.816788e-16
   outer loop
     vertex  4.288907e+00  3.026757e+00  1.372858e+02
     vertex  2.497287e+00  5.151696e+00  1.432858e+02
     vertex  4.288907e+00  3.026757e+00  1.432858e+02
   endloop
 endfacet
 facet normal  7.645215e-01  6.445982e-01  5.858480e-16
   outer loop
     vertex  4.288907e+00  3.026757e+00  1.372858e+02
     vertex  2.497287e+00  5.151696e+00  1.372858e+02
     vertex  2.497287e+00  5.151696e+00  1.432858e+02
   endloop
 endfacet
 facet normal  8.569338e-01  5.154265e-01 -0.000000e+00
   outer loop
     vertex  5.721502e+00  6.449646e-01  1.372858e+02
     vertex  4.288907e+00  3.026757e+00  1.372858e+02
     vertex  5.721502e+00  6.449646e-01  1.432858e+02
   endloop
 endfacet
 facet normal  8.115245e-01 -5.843184e-01  4.683228e-16
   outer loop
     vertex -2.591570e+00  3.940086e+00  1.398858e+02
     vertex -2.418420e+00  4.180565e+00  1.372858e+02
     vertex -2.418420e+00  4.180565e+00  1.398858e+02
   endloop
 endfacet
 facet normal  8.115245e-01 -5.843184e-01  3.770262e-16
   outer loop
     vertex -2.591570e+00  3.940086e+00  1.398858e+02
     vertex -2.591570e+00  3.940086e+00  1.372858e+02
     vertex -2.418420e+00  4.180565e+00  1.372858e+02
   endloop
 endfacet
 facet normal  9.006614e-01 -4.345216e-01  3.076723e-16
   outer loop
     vertex -2.720332e+00  3.673194e+00  1.398858e+02
     vertex -2.720332e+00  3.673194e+00  1.372858e+02
     vertex -2.591570e+00  3.940086e+00  1.372858e+02
   endloop
 endfacet
 facet normal  9.006614e-01 -4.345216e-01  3.782607e-16
   outer loop
     vertex -2.720332e+00  3.673194e+00  1.398858e+02
     vertex -2.591570e+00  3.940086e+00  1.372858e+02
     vertex -2.591570e+00  3.940086e+00  1.398858e+02
   endloop
 endfacet
 facet normal  9.624322e-01 -2.715220e-01  3.751506e-16
   outer loop
     vertex -2.800792e+00  3.387997e+00  1.398858e+02
     vertex -2.800792e+00  3.387997e+00  1.372858e+02
     vertex -2.720332e+00  3.673194e+00  1.372858e+02
   endloop
 endfacet
 facet normal  9.624322e-01 -2.715220e-01  3.287266e-16
   outer loop
     vertex -2.800792e+00  3.387997e+00  1.398858e+02
     vertex -2.720332e+00  3.673194e+00  1.372858e+02
     vertex -2.720332e+00  3.673194e+00  1.398858e+02
   endloop
 endfacet
 facet normal  9.949600e-01 -1.002724e-01  3.570123e-16
   outer loop
     vertex -2.830506e+00  3.093161e+00  1.398858e+02
     vertex -2.830506e+00  3.093161e+00  1.372858e+02
     vertex -2.800792e+00  3.387997e+00  1.372858e+02
   endloop
 endfacet
 facet normal  9.949600e-01 -1.002724e-01  3.579968e-16
   outer loop
     vertex -2.830506e+00  3.093161e+00  1.398858e+02
     vertex -2.800792e+00  3.387997e+00  1.372858e+02
     vertex -2.800792e+00  3.387997e+00  1.398858e+02
   endloop
 endfacet
 facet normal  9.972565e-01  7.402397e-02  3.406699e-16
   outer loop
     vertex -2.808570e+00  2.797644e+00  1.398858e+02
     vertex -2.808570e+00  2.797644e+00  1.372858e+02
     vertex -2.830506e+00  3.093161e+00  1.372858e+02
   endloop
 endfacet
 facet normal  9.692518e-01  2.460711e-01  3.311033e-16
   outer loop
     vertex -2.808570e+00  2.797644e+00  1.398858e+02
     vertex -2.735652e+00  2.510426e+00  1.372858e+02
     vertex -2.808570e+00  2.797644e+00  1.372858e+02
   endloop
 endfacet
 facet normal  9.972565e-01  7.402397e-02  3.287266e-16
   outer loop
     vertex -2.808570e+00  2.797644e+00  1.398858e+02
     vertex -2.830506e+00  3.093161e+00  1.372858e+02
     vertex -2.830506e+00  3.093161e+00  1.398858e+02
   endloop
 endfacet
 facet normal  9.117969e-01  4.106416e-01  3.816153e-16
   outer loop
     vertex -2.735652e+00  2.510426e+00  1.398858e+02
     vertex -2.613967e+00  2.240234e+00  1.372858e+02
     vertex -2.735652e+00  2.510426e+00  1.372858e+02
   endloop
 endfacet
 facet normal  9.692518e-01  2.460711e-01  3.731331e-16
   outer loop
     vertex -2.735652e+00  2.510426e+00  1.398858e+02
     vertex -2.735652e+00  2.510426e+00  1.372858e+02
     vertex -2.808570e+00  2.797644e+00  1.398858e+02
   endloop
 endfacet
 facet normal  9.117969e-01  4.106416e-01  5.373534e-16
   outer loop
     vertex -2.613967e+00  2.240234e+00  1.398858e+02
     vertex -2.613967e+00  2.240234e+00  1.372858e+02
     vertex -2.735652e+00  2.510426e+00  1.398858e+02
   endloop
 endfacet
 facet normal  8.266374e-01  5.627349e-01  2.853683e-16
   outer loop
     vertex -2.447212e+00  1.995277e+00  1.398858e+02
     vertex -2.447212e+00  1.995277e+00  1.372858e+02
     vertex -2.613967e+00  2.240234e+00  1.372858e+02
   endloop
 endfacet
 facet normal  8.266374e-01  5.627349e-01  5.133539e-16
   outer loop
     vertex -2.447212e+00  1.995277e+00  1.398858e+02
     vertex -2.613967e+00  2.240234e+00  1.372858e+02
     vertex -2.613967e+00  2.240234e+00  1.398858e+02
   endloop
 endfacet
 facet normal  7.163611e-01  6.977297e-01  4.830634e-16
   outer loop
     vertex -2.240454e+00  1.782998e+00  1.398858e+02
     vertex -2.240454e+00  1.782998e+00  1.372858e+02
     vertex -2.447212e+00  1.995277e+00  1.372858e+02
   endloop
 endfacet
 facet normal  7.163611e-01  6.977297e-01  2.972049e-16
   outer loop
     vertex -2.240454e+00  1.782998e+00  1.398858e+02
     vertex -2.447212e+00  1.995277e+00  1.372858e+02
     vertex -2.447212e+00  1.995277e+00  1.398858e+02
   endloop
 endfacet
 facet normal  5.843184e-01  8.115245e-01  4.463318e-16
   outer loop
     vertex -1.999975e+00  1.609847e+00  1.398858e+02
     vertex -1.999975e+00  1.609847e+00  1.372858e+02
     vertex -2.240454e+00  1.782998e+00  1.372858e+02
   endloop
 endfacet
 facet normal  5.843184e-01  8.115245e-01  4.773290e-16
   outer loop
     vertex -1.999975e+00  1.609847e+00  1.398858e+02
     vertex -2.240454e+00  1.782998e+00  1.372858e+02
     vertex -2.240454e+00  1.782998e+00  1.398858e+02
   endloop
 endfacet
 facet normal  4.345216e-01  9.006614e-01  3.447812e-16
   outer loop
     vertex -1.733083e+00  1.481085e+00  1.398858e+02
     vertex -1.733083e+00  1.481085e+00  1.372858e+02
     vertex -1.999975e+00  1.609847e+00  1.372858e+02
   endloop
 endfacet
 facet normal  2.715220e-01  9.624322e-01  3.519621e-16
   outer loop
     vertex -1.733083e+00  1.481085e+00  1.398858e+02
     vertex -1.447886e+00  1.400625e+00  1.372858e+02
     vertex -1.733083e+00  1.481085e+00  1.372858e+02
   endloop
 endfacet
 facet normal  4.345216e-01  9.006614e-01  4.593166e-16
   outer loop
     vertex -1.733083e+00  1.481085e+00  1.398858e+02
     vertex -1.999975e+00  1.609847e+00  1.372858e+02
     vertex -1.999975e+00  1.609847e+00  1.398858e+02
   endloop
 endfacet
 facet normal  2.715220e-01  9.624322e-01  5.395374e-16
   outer loop
     vertex -1.447886e+00  1.400625e+00  1.398858e+02
     vertex -1.447886e+00  1.400625e+00  1.372858e+02
     vertex -1.733083e+00  1.481085e+00  1.398858e+02
   endloop
 endfacet
 facet normal  1.002724e-01  9.949600e-01  4.248567e-16
   outer loop
     vertex -1.153050e+00  1.370912e+00  1.398858e+02
     vertex -1.153050e+00  1.370912e+00  1.372858e+02
     vertex -1.447886e+00  1.400625e+00  1.372858e+02
   endloop
 endfacet
 facet normal  1.002724e-01  9.949600e-01  5.268632e-16
   outer loop
     vertex -1.153050e+00  1.370912e+00  1.398858e+02
     vertex -1.447886e+00  1.400625e+00  1.372858e+02
     vertex -1.447886e+00  1.400625e+00  1.398858e+02
   endloop
 endfacet
 facet normal -7.402397e-02  9.972565e-01  4.353200e-16
   outer loop
     vertex -8.575331e-01  1.392847e+00  1.398858e+02
     vertex -8.575331e-01  1.392847e+00  1.372858e+02
     vertex -1.153050e+00  1.370912e+00  1.372858e+02
   endloop
 endfacet
 facet normal -2.460711e-01  9.692518e-01  4.454015e-16
   outer loop
     vertex -8.575331e-01  1.392847e+00  1.398858e+02
     vertex -5.703152e-01  1.465765e+00  1.372858e+02
     vertex -8.575331e-01  1.392847e+00  1.372858e+02
   endloop
 endfacet
 facet normal -7.402397e-02  9.972565e-01  4.255433e-16
   outer loop
     vertex -8.575331e-01  1.392847e+00  1.398858e+02
     vertex -1.153050e+00  1.370912e+00  1.372858e+02
     vertex -1.153050e+00  1.370912e+00  1.398858e+02
   endloop
 endfacet
 facet normal -2.460711e-01  9.692518e-01  3.626256e-16
   outer loop
     vertex -5.703152e-01  1.465765e+00  1.398858e+02
     vertex -5.703152e-01  1.465765e+00  1.372858e+02
     vertex -8.575331e-01  1.392847e+00  1.398858e+02
   endloop
 endfacet
 facet normal -4.106416e-01  9.117969e-01  3.640805e-16
   outer loop
     vertex -5.703152e-01  1.465765e+00  1.398858e+02
     vertex -3.001228e-01  1.587451e+00  1.372858e+02
     vertex -5.703152e-01  1.465765e+00  1.372858e+02
   endloop
 endfacet
 facet normal -4.106416e-01  9.117969e-01  4.166848e-16
   outer loop
     vertex -3.001228e-01  1.587451e+00  1.398858e+02
     vertex -3.001228e-01  1.587451e+00  1.372858e+02
     vertex -5.703152e-01  1.465765e+00  1.398858e+02
   endloop
 endfacet
 facet normal -5.627349e-01  8.266374e-01  4.232918e-16
   outer loop
     vertex -5.516575e-02  1.754206e+00  1.398858e+02
     vertex -3.001228e-01  1.587451e+00  1.372858e+02
     vertex -3.001228e-01  1.587451e+00  1.398858e+02
   endloop
 endfacet
 facet normal -5.627349e-01  8.266374e-01  3.559646e-16
   outer loop
     vertex -5.516575e-02  1.754206e+00  1.398858e+02
     vertex -5.516575e-02  1.754206e+00  1.372858e+02
     vertex -3.001228e-01  1.587451e+00  1.372858e+02
   endloop
 endfacet
 facet normal -6.977297e-01  7.163611e-01  3.622976e-16
   outer loop
     vertex -5.516575e-02  1.754206e+00  1.398858e+02
     vertex  1.571132e-01  1.960964e+00  1.372858e+02
     vertex -5.516575e-02  1.754206e+00  1.372858e+02
   endloop
 endfacet
 facet normal -6.977297e-01  7.163611e-01  4.234761e-16
   outer loop
     vertex  1.571132e-01  1.960964e+00  1.398858e+02
     vertex  1.571132e-01  1.960964e+00  1.372858e+02
     vertex -5.516575e-02  1.754206e+00  1.398858e+02
   endloop
 endfacet
 facet normal  0.000000e+00 -0.000000e+00  1.000000e+00
   outer loop
     vertex -1.108257e+00  4.770617e+00  1.398858e+02
     vertex -1.091130e+00  6.070504e+00  1.398858e+02
     vertex -1.612630e+00  6.031794e+00  1.398858e+02
   endloop
 endfacet
 facet normal  0.000000e+00  0.000000e+00  1.000000e+00
   outer loop
     vertex -1.108257e+00  4.770617e+00  1.398858e+02
     vertex -1.612630e+00  6.031794e+00  1.398858e+02
     vertex -1.403773e+00  4.748681e+00  1.398858e+02
   endloop
 endfacet
 facet normal  0.000000e+00 -0.000000e+00  1.000000e+00
   outer loop
     vertex -1.690991e+00  4.675763e+00  1.398858e+02
     vertex -1.612630e+00  6.031794e+00  1.398858e+02
     vertex -2.119485e+00  5.903115e+00  1.398858e+02
   endloop
 endfacet
 facet normal  0.000000e+00  0.000000e+00  1.000000e+00
   outer loop
     vertex -1.690991e+00  4.675763e+00  1.398858e+02
     vertex -1.403773e+00  4.748681e+00  1.398858e+02
     vertex -1.612630e+00  6.031794e+00  1.398858e+02
   endloop
 endfacet
 facet normal  0.000000e+00  0.000000e+00  1.000000e+00
   outer loop
     vertex -8.134208e-01  4.740903e+00  1.398858e+02
     vertex -1.091130e+00  6.070504e+00  1.398858e+02
     vertex -1.108257e+00  4.770617e+00  1.398858e+02
   endloop
 endfacet
 facet normal  0.000000e+00 -0.000000e+00  1.000000e+00
   outer loop
     vertex -8.134208e-01  4.740903e+00  1.398858e+02
     vertex -5.708313e-01  6.018068e+00  1.398858e+02
     vertex -1.091130e+00  6.070504e+00  1.398858e+02
   endloop
 endfacet
 facet normal  0.000000e+00 -0.000000e+00  1.000000e+00
   outer loop
     vertex -1.961184e+00  4.554078e+00  1.398858e+02
     vertex -1.690991e+00  4.675763e+00  1.398858e+02
     vertex -2.119485e+00  5.903115e+00  1.398858e+02
   endloop
 endfacet
 facet normal  0.000000e+00  0.000000e+00  1.000000e+00
   outer loop
     vertex -1.961184e+00  4.554078e+00  1.398858e+02
     vertex -2.119485e+00  5.903115e+00  1.398858e+02
     vertex -2.596295e+00  5.688376e+00  1.398858e+02
   endloop
 endfacet
 facet normal  0.000000e+00  0.000000e+00  1.000000e+00
   outer loop
     vertex -5.282237e-01  4.660443e+00  1.398858e+02
     vertex -5.708313e-01  6.018068e+00  1.398858e+02
     vertex -8.134208e-01  4.740903e+00  1.398858e+02
   endloop
 endfacet
 facet normal  0.000000e+00 -0.000000e+00  1.000000e+00
   outer loop
     vertex -5.282237e-01  4.660443e+00  1.398858e+02
     vertex -6.754235e-02  5.876080e+00  1.398858e+02
     vertex -5.708313e-01  6.018068e+00  1.398858e+02
   endloop
 endfacet
 facet normal  0.000000e+00  0.000000e+00  1.000000e+00
   outer loop
     vertex -2.206141e+00  4.387323e+00  1.398858e+02
     vertex -2.596295e+00  5.688376e+00  1.398858e+02
     vertex -3.028572e+00  5.394103e+00  1.398858e+02
   endloop
 endfacet
 facet normal  0.000000e+00 -0.000000e+00  1.000000e+00
   outer loop
     vertex -2.206141e+00  4.387323e+00  1.398858e+02
     vertex -1.961184e+00  4.554078e+00  1.398858e+02
     vertex -2.596295e+00  5.688376e+00  1.398858e+02
   endloop
 endfacet
 facet normal  0.000000e+00  0.000000e+00  1.000000e+00
   outer loop
     vertex -2.613312e-01  4.531681e+00  1.398858e+02
     vertex  4.034445e-01  5.648853e+00  1.398858e+02
     vertex -6.754235e-02  5.876080e+00  1.398858e+02
   endloop
 endfacet
 facet normal  0.000000e+00 -0.000000e+00  1.000000e+00
   outer loop
     vertex -2.613312e-01  4.531681e+00  1.398858e+02
     vertex -6.754235e-02  5.876080e+00  1.398858e+02
     vertex -5.282237e-01  4.660443e+00  1.398858e+02
   endloop
 endfacet
 facet normal  0.000000e+00 -0.000000e+00  1.000000e+00
   outer loop
     vertex -2.418420e+00  4.180565e+00  1.398858e+02
     vertex -2.206141e+00  4.387323e+00  1.398858e+02
     vertex -3.028572e+00  5.394103e+00  1.398858e+02
   endloop
 endfacet
 facet normal  0.000000e+00  0.000000e+00  1.000000e+00
   outer loop
     vertex -2.418420e+00  4.180565e+00  1.398858e+02
     vertex -3.028572e+00  5.394103e+00  1.398858e+02
     vertex -3.403182e+00  5.029236e+00  1.398858e+02
   endloop
 endfacet
 facet normal  0.000000e+00  0.000000e+00  1.000000e+00
   outer loop
     vertex -2.085250e-02  4.358531e+00  1.398858e+02
     vertex  8.278186e-01  5.343293e+00  1.398858e+02
     vertex  4.034445e-01  5.648853e+00  1.398858e+02
   endloop
 endfacet
 facet normal  0.000000e+00 -0.000000e+00  1.000000e+00
   outer loop
     vertex -2.085250e-02  4.358531e+00  1.398858e+02
     vertex  4.034445e-01  5.648853e+00  1.398858e+02
     vertex -2.613312e-01  4.531681e+00  1.398858e+02
   endloop
 endfacet
 facet normal  0.000000e+00  0.000000e+00  1.000000e+00
   outer loop
     vertex -2.591570e+00  3.940086e+00  1.398858e+02
     vertex -3.403182e+00  5.029236e+00  1.398858e+02
     vertex -3.708742e+00  4.604862e+00  1.398858e+02
   endloop
 endfacet
 facet normal  0.000000e+00 -0.000000e+00  1.000000e+00
   outer loop
     vertex -2.591570e+00  3.940086e+00  1.398858e+02
     vertex -2.418420e+00  4.180565e+00  1.398858e+02
     vertex -3.403182e+00  5.029236e+00  1.398858e+02
   endloop
 endfacet
 facet normal  0.000000e+00  0.000000e+00  1.000000e+00
   outer loop
     vertex  1.859054e-01  4.146252e+00  1.398858e+02
     vertex  1.192686e+00  4.968683e+00  1.398858e+02
     vertex  8.278186e-01  5.343293e+00  1.398858e+02
   endloop
 endfacet
 facet normal  0.000000e+00 -0.000000e+00  1.000000e+00
   outer loop
     vertex  1.859054e-01  4.146252e+00  1.398858e+02
     vertex  8.278186e-01  5.343293e+00  1.398858e+02
     vertex -2.085250e-02  4.358531e+00  1.398858e+02
   endloop
 endfacet
 facet normal  0.000000e+00  0.000000e+00  1.000000e+00
   outer loop
     vertex -2.720332e+00  3.673194e+00  1.398858e+02
     vertex -3.708742e+00  4.604862e+00  1.398858e+02
     vertex -3.935969e+00  4.133875e+00  1.398858e+02
   endloop
 endfacet
 facet normal  0.000000e+00  0.000000e+00  1.000000e+00
   outer loop
     vertex -2.720332e+00  3.673194e+00  1.398858e+02
     vertex -3.935969e+00  4.133875e+00  1.398858e+02
     vertex -4.077957e+00  3.630586e+00  1.398858e+02
   endloop
 endfacet
 facet normal  0.000000e+00 -0.000000e+00  1.000000e+00
   outer loop
     vertex -2.720332e+00  3.673194e+00  1.398858e+02
     vertex -2.591570e+00  3.940086e+00  1.398858e+02
     vertex -3.708742e+00  4.604862e+00  1.398858e+02
   endloop
 endfacet
 facet normal  0.000000e+00  0.000000e+00  1.000000e+00
   outer loop
     vertex  3.526604e-01  3.901295e+00  1.398858e+02
     vertex  1.486959e+00  4.536406e+00  1.398858e+02
     vertex  1.192686e+00  4.968683e+00  1.398858e+02
   endloop
 endfacet
 facet normal  0.000000e+00 -0.000000e+00  1.000000e+00
   outer loop
     vertex  3.526604e-01  3.901295e+00  1.398858e+02
     vertex  1.192686e+00  4.968683e+00  1.398858e+02
     vertex  1.859054e-01  4.146252e+00  1.398858e+02
   endloop
 endfacet
 facet normal  0.000000e+00 -0.000000e+00  1.000000e+00
   outer loop
     vertex -2.800792e+00  3.387997e+00  1.398858e+02
     vertex -2.720332e+00  3.673194e+00  1.398858e+02
     vertex -4.077957e+00  3.630586e+00  1.398858e+02
   endloop
 endfacet
 facet normal  0.000000e+00  0.000000e+00  1.000000e+00
   outer loop
     vertex  4.743456e-01  3.631102e+00  1.398858e+02
     vertex  1.701698e+00  4.059596e+00  1.398858e+02
     vertex  1.486959e+00  4.536406e+00  1.398858e+02
   endloop
 endfacet
 facet normal  0.000000e+00 -0.000000e+00  1.000000e+00
   outer loop
     vertex  4.743456e-01  3.631102e+00  1.398858e+02
     vertex  1.486959e+00  4.536406e+00  1.398858e+02
     vertex  3.526604e-01  3.901295e+00  1.398858e+02
   endloop
 endfacet
 facet normal  0.000000e+00  0.000000e+00  1.000000e+00
   outer loop
     vertex -2.830506e+00  3.093161e+00  1.398858e+02
     vertex -4.077957e+00  3.630586e+00  1.398858e+02
     vertex -4.130393e+00  3.110287e+00  1.398858e+02
   endloop
 endfacet
 facet normal  0.000000e+00 -0.000000e+00  1.000000e+00
   outer loop
     vertex -2.830506e+00  3.093161e+00  1.398858e+02
     vertex -2.800792e+00  3.387997e+00  1.398858e+02
     vertex -4.077957e+00  3.630586e+00  1.398858e+02
   endloop
 endfacet
 facet normal  0.000000e+00  0.000000e+00  1.000000e+00
   outer loop
     vertex  5.472637e-01  3.343884e+00  1.398858e+02
     vertex  1.830377e+00  3.552741e+00  1.398858e+02
     vertex  1.701698e+00  4.059596e+00  1.398858e+02
   endloop
 endfacet
 facet normal  0.000000e+00 -0.000000e+00  1.000000e+00
   outer loop
     vertex  5.472637e-01  3.343884e+00  1.398858e+02
     vertex  1.701698e+00  4.059596e+00  1.398858e+02
     vertex  4.743456e-01  3.631102e+00  1.398858e+02
   endloop
 endfacet
 facet normal  0.000000e+00 -0.000000e+00  1.000000e+00
   outer loop
     vertex  5.691992e-01  3.048368e+00  1.398858e+02
     vertex  1.830377e+00  3.552741e+00  1.398858e+02
     vertex  5.472637e-01  3.343884e+00  1.398858e+02
   endloop
 endfacet
 facet normal  0.000000e+00 -0.000000e+00  1.000000e+00
   outer loop
     vertex -4.091683e+00  2.588787e+00  1.398858e+02
     vertex -2.830506e+00  3.093161e+00  1.398858e+02
     vertex -4.130393e+00  3.110287e+00  1.398858e+02
   endloop
 endfacet
 facet normal  0.000000e+00  0.000000e+00  1.000000e+00
   outer loop
     vertex -4.091683e+00  2.588787e+00  1.398858e+02
     vertex -2.808570e+00  2.797644e+00  1.398858e+02
     vertex -2.830506e+00  3.093161e+00  1.398858e+02
   endloop
 endfacet
 facet normal  0.000000e+00  0.000000e+00  1.000000e+00
   outer loop
     vertex  1.869086e+00  3.031241e+00  1.398858e+02
     vertex  1.830377e+00  3.552741e+00  1.398858e+02
     vertex  5.691992e-01  3.048368e+00  1.398858e+02
   endloop
 endfacet
 facet normal  0.000000e+00  0.000000e+00  1.000000e+00
   outer loop
     vertex  5.394856e-01  2.753532e+00  1.398858e+02
     vertex  1.869086e+00  3.031241e+00  1.398858e+02
     vertex  5.691992e-01  3.048368e+00  1.398858e+02
   endloop
 endfacet
 facet normal  0.000000e+00 -0.000000e+00  1.000000e+00
   outer loop
     vertex -3.963004e+00  2.081932e+00  1.398858e+02
     vertex -2.808570e+00  2.797644e+00  1.398858e+02
     vertex -4.091683e+00  2.588787e+00  1.398858e+02
   endloop
 endfacet
 facet normal  0.000000e+00  0.000000e+00  1.000000e+00
   outer loop
     vertex -3.963004e+00  2.081932e+00  1.398858e+02
     vertex -2.735652e+00  2.510426e+00  1.398858e+02
     vertex -2.808570e+00  2.797644e+00  1.398858e+02
   endloop
 endfacet
 facet normal  0.000000e+00 -0.000000e+00  1.000000e+00
   outer loop
     vertex  1.816651e+00  2.510942e+00  1.398858e+02
     vertex  1.869086e+00  3.031241e+00  1.398858e+02
     vertex  5.394856e-01  2.753532e+00  1.398858e+02
   endloop
 endfacet
 facet normal  0.000000e+00  0.000000e+00  1.000000e+00
   outer loop
     vertex -3.748265e+00  1.605122e+00  1.398858e+02
     vertex -2.613967e+00  2.240234e+00  1.398858e+02
     vertex -2.735652e+00  2.510426e+00  1.398858e+02
   endloop
 endfacet
 facet normal  0.000000e+00 -0.000000e+00  1.000000e+00
   outer loop
     vertex -3.748265e+00  1.605122e+00  1.398858e+02
     vertex -2.735652e+00  2.510426e+00  1.398858e+02
     vertex -3.963004e+00  2.081932e+00  1.398858e+02
   endloop
 endfacet
 facet normal  0.000000e+00  0.000000e+00  1.000000e+00
   outer loop
     vertex  1.674662e+00  2.007653e+00  1.398858e+02
     vertex  4.590256e-01  2.468335e+00  1.398858e+02
     vertex  3.302640e-01  2.201442e+00  1.398858e+02
   endloop
 endfacet
 facet normal  0.000000e+00  0.000000e+00  1.000000e+00
   outer loop
     vertex  1.674662e+00  2.007653e+00  1.398858e+02
     vertex  5.394856e-01  2.753532e+00  1.398858e+02
     vertex  4.590256e-01  2.468335e+00  1.398858e+02
   endloop
 endfacet
 facet normal  0.000000e+00 -0.000000e+00  1.000000e+00
   outer loop
     vertex  1.674662e+00  2.007653e+00  1.398858e+02
     vertex  1.816651e+00  2.510942e+00  1.398858e+02
     vertex  5.394856e-01  2.753532e+00  1.398858e+02
   endloop
 endfacet
 facet normal  0.000000e+00  0.000000e+00  1.000000e+00
   outer loop
     vertex -3.453992e+00  1.172845e+00  1.398858e+02
     vertex -2.447212e+00  1.995277e+00  1.398858e+02
     vertex -2.613967e+00  2.240234e+00  1.398858e+02
   endloop
 endfacet
 facet normal  0.000000e+00  0.000000e+00  1.000000e+00
   outer loop
     vertex -3.453992e+00  1.172845e+00  1.398858e+02
     vertex -2.240454e+00  1.782998e+00  1.398858e+02
     vertex -2.447212e+00  1.995277e+00  1.398858e+02
   endloop
 endfacet
 facet normal  0.000000e+00 -0.000000e+00  1.000000e+00
   outer loop
     vertex -3.453992e+00  1.172845e+00  1.398858e+02
     vertex -2.613967e+00  2.240234e+00  1.398858e+02
     vertex -3.748265e+00  1.605122e+00  1.398858e+02
   endloop
 endfacet
 facet normal  0.000000e+00 -0.000000e+00  1.000000e+00
   outer loop
     vertex  1.447436e+00  1.536666e+00  1.398858e+02
     vertex  1.674662e+00  2.007653e+00  1.398858e+02
     vertex  3.302640e-01  2.201442e+00  1.398858e+02
   endloop
 endfacet
 facet normal  0.000000e+00 -0.000000e+00  1.000000e+00
   outer loop
     vertex -3.089125e+00  7.982353e-01  1.398858e+02
     vertex -2.240454e+00  1.782998e+00  1.398858e+02
     vertex -3.453992e+00  1.172845e+00  1.398858e+02
   endloop
 endfacet
 facet normal  0.000000e+00  0.000000e+00  1.000000e+00
   outer loop
     vertex  1.141876e+00  1.112292e+00  1.398858e+02
     vertex  3.302640e-01  2.201442e+00  1.398858e+02
     vertex  1.571132e-01  1.960964e+00  1.398858e+02
   endloop
 endfacet
 facet normal  0.000000e+00 -0.000000e+00  1.000000e+00
   outer loop
     vertex  1.141876e+00  1.112292e+00  1.398858e+02
     vertex  1.447436e+00  1.536666e+00  1.398858e+02
     vertex  3.302640e-01  2.201442e+00  1.398858e+02
   endloop
 endfacet
 facet normal  0.000000e+00  0.000000e+00  1.000000e+00
   outer loop
     vertex -2.664751e+00  4.926750e-01  1.398858e+02
     vertex -1.999975e+00  1.609847e+00  1.398858e+02
     vertex -2.240454e+00  1.782998e+00  1.398858e+02
   endloop
 endfacet
 facet normal  0.000000e+00 -0.000000e+00  1.000000e+00
   outer loop
     vertex -2.664751e+00  4.926750e-01  1.398858e+02
     vertex -2.240454e+00  1.782998e+00  1.398858e+02
     vertex -3.089125e+00  7.982353e-01  1.398858e+02
   endloop
 endfacet
 facet normal  0.000000e+00  0.000000e+00  1.000000e+00
   outer loop
     vertex  7.672659e-01  7.474254e-01  1.398858e+02
     vertex  1.571132e-01  1.960964e+00  1.398858e+02
     vertex -5.516575e-02  1.754206e+00  1.398858e+02
   endloop
 endfacet
 facet normal  0.000000e+00 -0.000000e+00  1.000000e+00
   outer loop
     vertex  7.672659e-01  7.474254e-01  1.398858e+02
     vertex  1.141876e+00  1.112292e+00  1.398858e+02
     vertex  1.571132e-01  1.960964e+00  1.398858e+02
   endloop
 endfacet
 facet normal  0.000000e+00  0.000000e+00  1.000000e+00
   outer loop
     vertex  3.349886e-01  4.531520e-01  1.398858e+02
     vertex -3.001228e-01  1.587451e+00  1.398858e+02
     vertex -5.703152e-01  1.465765e+00  1.398858e+02
   endloop
 endfacet
 facet normal  0.000000e+00  0.000000e+00  1.000000e+00
   outer loop
     vertex  3.349886e-01  4.531520e-01  1.398858e+02
     vertex -5.516575e-02  1.754206e+00  1.398858e+02
     vertex -3.001228e-01  1.587451e+00  1.398858e+02
   endloop
 endfacet
 facet normal  0.000000e+00 -0.000000e+00  1.000000e+00
   outer loop
     vertex  3.349886e-01  4.531520e-01  1.398858e+02
     vertex  7.672659e-01  7.474254e-01  1.398858e+02
     vertex -5.516575e-02  1.754206e+00  1.398858e+02
   endloop
 endfacet
 facet normal  0.000000e+00  0.000000e+00  1.000000e+00
   outer loop
     vertex -2.193764e+00  2.654487e-01  1.398858e+02
     vertex -1.733083e+00  1.481085e+00  1.398858e+02
     vertex -1.999975e+00  1.609847e+00  1.398858e+02
   endloop
 endfacet
 facet normal  0.000000e+00 -0.000000e+00  1.000000e+00
   outer loop
     vertex -2.193764e+00  2.654487e-01  1.398858e+02
     vertex -1.999975e+00  1.609847e+00  1.398858e+02
     vertex -2.664751e+00  4.926750e-01  1.398858e+02
   endloop
 endfacet
 facet normal  0.000000e+00  0.000000e+00  1.000000e+00
   outer loop
     vertex -1.690475e+00  1.234605e-01  1.398858e+02
     vertex -1.733083e+00  1.481085e+00  1.398858e+02
     vertex -2.193764e+00  2.654487e-01  1.398858e+02
   endloop
 endfacet
 facet normal  0.000000e+00 -0.000000e+00  1.000000e+00
   outer loop
     vertex -1.690475e+00  1.234605e-01  1.398858e+02
     vertex -1.447886e+00  1.400625e+00  1.398858e+02
     vertex -1.733083e+00  1.481085e+00  1.398858e+02
   endloop
 endfacet
 facet normal  0.000000e+00  0.000000e+00  1.000000e+00
   outer loop
     vertex -1.690475e+00  1.234605e-01  1.398858e+02
     vertex -1.153050e+00  1.370912e+00  1.398858e+02
     vertex -1.447886e+00  1.400625e+00  1.398858e+02
   endloop
 endfacet
 facet normal  0.000000e+00 -0.000000e+00  1.000000e+00
   outer loop
     vertex -1.418213e-01  2.384134e-01  1.398858e+02
     vertex  3.349886e-01  4.531520e-01  1.398858e+02
     vertex -5.703152e-01  1.465765e+00  1.398858e+02
   endloop
 endfacet
 facet normal  0.000000e+00 -0.000000e+00  1.000000e+00
   outer loop
     vertex -1.170176e+00  7.102459e-02  1.398858e+02
     vertex -1.153050e+00  1.370912e+00  1.398858e+02
     vertex -1.690475e+00  1.234605e-01  1.398858e+02
   endloop
 endfacet
 facet normal  0.000000e+00  0.000000e+00  1.000000e+00
   outer loop
     vertex -6.486765e-01  1.097343e-01  1.398858e+02
     vertex -1.153050e+00  1.370912e+00  1.398858e+02
     vertex -1.170176e+00  7.102459e-02  1.398858e+02
   endloop
 endfacet
 facet normal  0.000000e+00  0.000000e+00  1.000000e+00
   outer loop
     vertex -6.486765e-01  1.097343e-01  1.398858e+02
     vertex -1.418213e-01  2.384134e-01  1.398858e+02
     vertex -5.703152e-01  1.465765e+00  1.398858e+02
   endloop
 endfacet
 facet normal  0.000000e+00  0.000000e+00  1.000000e+00
   outer loop
     vertex -6.486765e-01  1.097343e-01  1.398858e+02
     vertex -8.575331e-01  1.392847e+00  1.398858e+02
     vertex -1.153050e+00  1.370912e+00  1.398858e+02
   endloop
 endfacet
 facet normal  0.000000e+00 -0.000000e+00  1.000000e+00
   outer loop
     vertex -6.486765e-01  1.097343e-01  1.398858e+02
     vertex -5.703152e-01  1.465765e+00  1.398858e+02
     vertex -8.575331e-01  1.392847e+00  1.398858e+02
   endloop
 endfacet
 facet normal  8.115245e-01 -5.843184e-01  0.000000e+00
   outer loop
     vertex -3.708742e+00  4.604862e+00  1.432608e+02
     vertex -3.403182e+00  5.029236e+00  1.398858e+02
     vertex -3.403182e+00  5.029236e+00  1.432608e+02
   endloop
 endfacet
 facet normal  8.115245e-01 -5.843184e-01  0.000000e+00
   outer loop
     vertex -3.708742e+00  4.604862e+00  1.432608e+02
     vertex -3.708742e+00  4.604862e+00  1.398858e+02
     vertex -3.403182e+00  5.029236e+00  1.398858e+02
   endloop
 endfacet
 facet normal  9.006614e-01 -4.345216e-01  0.000000e+00
   outer loop
     vertex -3.935969e+00  4.133875e+00  1.432608e+02
     vertex -3.935969e+00  4.133875e+00  1.398858e+02
     vertex -3.708742e+00  4.604862e+00  1.398858e+02
   endloop
 endfacet
 facet normal  9.006614e-01 -4.345216e-01  0.000000e+00
   outer loop
     vertex -3.935969e+00  4.133875e+00  1.432608e+02
     vertex -3.708742e+00  4.604862e+00  1.398858e+02
     vertex -3.708742e+00  4.604862e+00  1.432608e+02
   endloop
 endfacet
 facet normal  9.624322e-01 -2.715220e-01  0.000000e+00
   outer loop
     vertex -4.077957e+00  3.630586e+00  1.432608e+02
     vertex -4.077957e+00  3.630586e+00  1.398858e+02
     vertex -3.935969e+00  4.133875e+00  1.398858e+02
   endloop
 endfacet
 facet normal  9.624322e-01 -2.715220e-01  0.000000e+00
   outer loop
     vertex -4.077957e+00  3.630586e+00  1.432608e+02
     vertex -3.935969e+00  4.133875e+00  1.398858e+02
     vertex -3.935969e+00  4.133875e+00  1.432608e+02
   endloop
 endfacet
 facet normal  9.949600e-01 -1.002724e-01  0.000000e+00
   outer loop
     vertex -4.130393e+00  3.110287e+00  1.432608e+02
     vertex -4.130393e+00  3.110287e+00  1.398858e+02
     vertex -4.077957e+00  3.630586e+00  1.398858e+02
   endloop
 endfacet
 facet normal  9.972565e-01  7.402397e-02  0.000000e+00
   outer loop
     vertex -4.130393e+00  3.110287e+00  1.432608e+02
     vertex -4.091683e+00  2.588787e+00  1.398858e+02
     vertex -4.130393e+00  3.110287e+00  1.398858e+02
   endloop
 endfacet
 facet normal  9.949600e-01 -1.002724e-01  0.000000e+00
   outer loop
     vertex -4.130393e+00  3.110287e+00  1.432608e+02
     vertex -4.077957e+00  3.630586e+00  1.398858e+02
     vertex -4.077957e+00  3.630586e+00  1.432608e+02
   endloop
 endfacet
 facet normal  9.692518e-01  2.460711e-01  0.000000e+00
   outer loop
     vertex -4.091683e+00  2.588787e+00  1.432608e+02
     vertex -3.963004e+00  2.081932e+00  1.398858e+02
     vertex -4.091683e+00  2.588787e+00  1.398858e+02
   endloop
 endfacet
 facet normal  9.972565e-01  7.402397e-02  0.000000e+00
   outer loop
     vertex -4.091683e+00  2.588787e+00  1.432608e+02
     vertex -4.091683e+00  2.588787e+00  1.398858e+02
     vertex -4.130393e+00  3.110287e+00  1.432608e+02
   endloop
 endfacet
 facet normal  9.692518e-01  2.460711e-01  0.000000e+00
   outer loop
     vertex -3.963004e+00  2.081932e+00  1.432608e+02
     vertex -3.963004e+00  2.081932e+00  1.398858e+02
     vertex -4.091683e+00  2.588787e+00  1.432608e+02
   endloop
 endfacet
 facet normal  9.117969e-01  4.106416e-01  0.000000e+00
   outer loop
     vertex -3.748265e+00  1.605122e+00  1.432608e+02
     vertex -3.748265e+00  1.605122e+00  1.398858e+02
     vertex -3.963004e+00  2.081932e+00  1.398858e+02
   endloop
 endfacet
 facet normal  9.117969e-01  4.106416e-01  0.000000e+00
   outer loop
     vertex -3.748265e+00  1.605122e+00  1.432608e+02
     vertex -3.963004e+00  2.081932e+00  1.398858e+02
     vertex -3.963004e+00  2.081932e+00  1.432608e+02
   endloop
 endfacet
 facet normal  8.266374e-01  5.627349e-01  0.000000e+00
   outer loop
     vertex -3.453992e+00  1.172845e+00  1.432608e+02
     vertex -3.453992e+00  1.172845e+00  1.398858e+02
     vertex -3.748265e+00  1.605122e+00  1.398858e+02
   endloop
 endfacet
 facet normal  7.163611e-01  6.977297e-01  0.000000e+00
   outer loop
     vertex -3.453992e+00  1.172845e+00  1.432608e+02
     vertex -3.089125e+00  7.982353e-01  1.398858e+02
     vertex -3.453992e+00  1.172845e+00  1.398858e+02
   endloop
 endfacet
 facet normal  8.266374e-01  5.627349e-01  0.000000e+00
   outer loop
     vertex -3.453992e+00  1.172845e+00  1.432608e+02
     vertex -3.748265e+00  1.605122e+00  1.398858e+02
     vertex -3.748265e+00  1.605122e+00  1.432608e+02
   endloop
 endfacet
 facet normal  7.163611e-01  6.977297e-01  0.000000e+00
   outer loop
     vertex -3.089125e+00  7.982353e-01  1.432608e+02
     vertex -3.089125e+00  7.982353e-01  1.398858e+02
     vertex -3.453992e+00  1.172845e+00  1.432608e+02
   endloop
 endfacet
 facet normal  5.843184e-01  8.115245e-01  0.000000e+00
   outer loop
     vertex -2.664751e+00  4.926750e-01  1.432608e+02
     vertex -2.664751e+00  4.926750e-01  1.398858e+02
     vertex -3.089125e+00  7.982353e-01  1.398858e+02
   endloop
 endfacet
 facet normal  5.843184e-01  8.115245e-01  0.000000e+00
   outer loop
     vertex -2.664751e+00  4.926750e-01  1.432608e+02
     vertex -3.089125e+00  7.982353e-01  1.398858e+02
     vertex -3.089125e+00  7.982353e-01  1.432608e+02
   endloop
 endfacet
 facet normal  4.345216e-01  9.006614e-01  0.000000e+00
   outer loop
     vertex -2.193764e+00  2.654487e-01  1.432608e+02
     vertex -2.193764e+00  2.654487e-01  1.398858e+02
     vertex -2.664751e+00  4.926750e-01  1.398858e+02
   endloop
 endfacet
 facet normal  4.345216e-01  9.006614e-01  0.000000e+00
   outer loop
     vertex -2.193764e+00  2.654487e-01  1.432608e+02
     vertex -2.664751e+00  4.926750e-01  1.398858e+02
     vertex -2.664751e+00  4.926750e-01  1.432608e+02
   endloop
 endfacet
 facet normal  2.715220e-01  9.624322e-01  0.000000e+00
   outer loop
     vertex -1.690475e+00  1.234605e-01  1.432608e+02
     vertex -1.690475e+00  1.234605e-01  1.398858e+02
     vertex -2.193764e+00  2.654487e-01  1.398858e+02
   endloop
 endfacet
 facet normal  2.715220e-01  9.624322e-01  0.000000e+00
   outer loop
     vertex -1.690475e+00  1.234605e-01  1.432608e+02
     vertex -2.193764e+00  2.654487e-01  1.398858e+02
     vertex -2.193764e+00  2.654487e-01  1.432608e+02
   endloop
 endfacet
 facet normal  1.002724e-01  9.949600e-01  0.000000e+00
   outer loop
     vertex -1.170176e+00  7.102459e-02  1.432608e+02
     vertex -1.170176e+00  7.102459e-02  1.398858e+02
     vertex -1.690475e+00  1.234605e-01  1.398858e+02
   endloop
 endfacet
 facet normal  1.002724e-01  9.949600e-01  0.000000e+00
   outer loop
     vertex -1.170176e+00  7.102459e-02  1.432608e+02
     vertex -1.690475e+00  1.234605e-01  1.398858e+02
     vertex -1.690475e+00  1.234605e-01  1.432608e+02
   endloop
 endfacet
 facet normal -7.402397e-02  9.972565e-01  0.000000e+00
   outer loop
     vertex -6.486765e-01  1.097343e-01  1.432608e+02
     vertex -6.486765e-01  1.097343e-01  1.398858e+02
     vertex -1.170176e+00  7.102459e-02  1.398858e+02
   endloop
 endfacet
 facet normal -2.460711e-01  9.692518e-01  0.000000e+00
   outer loop
     vertex -6.486765e-01  1.097343e-01  1.432608e+02
     vertex -1.418213e-01  2.384134e-01  1.398858e+02
     vertex -6.486765e-01  1.097343e-01  1.398858e+02
   endloop
 endfacet
 facet normal -7.402397e-02  9.972565e-01  0.000000e+00
   outer loop
     vertex -6.486765e-01  1.097343e-01  1.432608e+02
     vertex -1.170176e+00  7.102459e-02  1.398858e+02
     vertex -1.170176e+00  7.102459e-02  1.432608e+02
   endloop
 endfacet
 facet normal -2.460711e-01  9.692518e-01  0.000000e+00
   outer loop
     vertex -1.418213e-01  2.384134e-01  1.432608e+02
     vertex -1.418213e-01  2.384134e-01  1.398858e+02
     vertex -6.486765e-01  1.097343e-01  1.432608e+02
   endloop
 endfacet
 facet normal -4.106416e-01  9.117969e-01  0.000000e+00
   outer loop
     vertex -1.418213e-01  2.384134e-01  1.432608e+02
     vertex  3.349886e-01  4.531520e-01  1.398858e+02
     vertex -1.418213e-01  2.384134e-01  1.398858e+02
   endloop
 endfacet
 facet normal -4.106416e-01  9.117969e-01  0.000000e+00
   outer loop
     vertex  3.349886e-01  4.531520e-01  1.432608e+02
     vertex  3.349886e-01  4.531520e-01  1.398858e+02
     vertex -1.418213e-01  2.384134e-01  1.432608e+02
   endloop
 endfacet
 facet normal -5.627349e-01  8.266374e-01  0.000000e+00
   outer loop
     vertex  7.672659e-01  7.474254e-01  1.432608e+02
     vertex  3.349886e-01  4.531520e-01  1.398858e+02
     vertex  3.349886e-01  4.531520e-01  1.432608e+02
   endloop
 endfacet
 facet normal -5.627349e-01  8.266374e-01  0.000000e+00
   outer loop
     vertex  7.672659e-01  7.474254e-01  1.432608e+02
     vertex  7.672659e-01  7.474254e-01  1.398858e+02
     vertex  3.349886e-01  4.531520e-01  1.398858e+02
   endloop
 endfacet
 facet normal -6.977297e-01  7.163611e-01  0.000000e+00
   outer loop
     vertex  1.141876e+00  1.112292e+00  1.432608e+02
     vertex  7.672659e-01  7.474254e-01  1.398858e+02
     vertex  7.672659e-01  7.474254e-01  1.432608e+02
   endloop
 endfacet
 facet normal -6.977297e-01  7.163611e-01  0.000000e+00
   outer loop
     vertex  1.141876e+00  1.112292e+00  1.432608e+02
     vertex  1.141876e+00  1.112292e+00  1.398858e+02
     vertex  7.672659e-01  7.474254e-01  1.398858e+02
   endloop
 endfacet
 facet normal  5.749273e-01 -4.139624e-01  7.057576e-01
   outer loop
     vertex -3.730227e+00  4.617646e+00  1.432858e+02
     vertex -3.403182e+00  5.029236e+00  1.432608e+02
     vertex -3.422120e+00  5.045557e+00  1.432858e+02
   endloop
 endfacet
 facet normal  5.749273e-01 -4.139624e-01  7.057576e-01
   outer loop
     vertex -3.730227e+00  4.617646e+00  1.432858e+02
     vertex -3.708742e+00  4.604862e+00  1.432608e+02
     vertex -3.403182e+00  5.029236e+00  1.432608e+02
   endloop
 endfacet
 facet normal  6.380767e-01 -3.078383e-01  7.057576e-01
   outer loop
     vertex -3.959346e+00  4.142734e+00  1.432858e+02
     vertex -3.935969e+00  4.133875e+00  1.432608e+02
     vertex -3.708742e+00  4.604862e+00  1.432608e+02
   endloop
 endfacet
 facet normal  6.380767e-01 -3.078383e-01  7.057576e-01
   outer loop
     vertex -3.959346e+00  4.142734e+00  1.432858e+02
     vertex -3.708742e+00  4.604862e+00  1.432608e+02
     vertex -3.730227e+00  4.617646e+00  1.432858e+02
   endloop
 endfacet
 facet normal  6.818384e-01 -1.923607e-01  7.057576e-01
   outer loop
     vertex -4.102518e+00  3.635251e+00  1.432858e+02
     vertex -4.077957e+00  3.630586e+00  1.432608e+02
     vertex -3.935969e+00  4.133875e+00  1.432608e+02
   endloop
 endfacet
 facet normal  6.818384e-01 -1.923607e-01  7.057576e-01
   outer loop
     vertex -4.102518e+00  3.635251e+00  1.432858e+02
     vertex -3.935969e+00  4.133875e+00  1.432608e+02
     vertex -3.959346e+00  4.142734e+00  1.432858e+02
   endloop
 endfacet
 facet normal  7.048828e-01 -7.103832e-02  7.057576e-01
   outer loop
     vertex -4.155391e+00  3.110617e+00  1.432858e+02
     vertex -4.130393e+00  3.110287e+00  1.432608e+02
     vertex -4.077957e+00  3.630586e+00  1.432608e+02
   endloop
 endfacet
 facet normal  7.048828e-01 -7.103832e-02  7.057576e-01
   outer loop
     vertex -4.155391e+00  3.110617e+00  1.432858e+02
     vertex -4.077957e+00  3.630586e+00  1.432608e+02
     vertex -4.102518e+00  3.635251e+00  1.432858e+02
   endloop
 endfacet
 facet normal  7.065098e-01  5.244254e-02  7.057576e-01
   outer loop
     vertex -4.091683e+00  2.588787e+00  1.432608e+02
     vertex -4.130393e+00  3.110287e+00  1.432608e+02
     vertex -4.155391e+00  3.110617e+00  1.432858e+02
   endloop
 endfacet
 facet normal  7.065098e-01  5.244254e-02  7.057576e-01
   outer loop
     vertex -4.116358e+00  2.584771e+00  1.432858e+02
     vertex -4.091683e+00  2.588787e+00  1.432608e+02
     vertex -4.155391e+00  3.110617e+00  1.432858e+02
   endloop
 endfacet
 facet normal  6.866697e-01  1.743299e-01  7.057576e-01
   outer loop
     vertex -3.963004e+00  2.081932e+00  1.432608e+02
     vertex -4.091683e+00  2.588787e+00  1.432608e+02
     vertex -4.116358e+00  2.584771e+00  1.432858e+02
   endloop
 endfacet
 facet normal  6.866697e-01  1.743299e-01  7.057576e-01
   outer loop
     vertex -3.986607e+00  2.073692e+00  1.432858e+02
     vertex -3.963004e+00  2.081932e+00  1.432608e+02
     vertex -4.116358e+00  2.584771e+00  1.432858e+02
   endloop
 endfacet
 facet normal  6.459656e-01  2.909204e-01  7.057576e-01
   outer loop
     vertex -3.770079e+00  1.592909e+00  1.432858e+02
     vertex -3.748265e+00  1.605122e+00  1.432608e+02
     vertex -3.963004e+00  2.081932e+00  1.432608e+02
   endloop
 endfacet
 facet normal  6.459656e-01  2.909204e-01  7.057576e-01
   outer loop
     vertex -3.770079e+00  1.592909e+00  1.432858e+02
     vertex -3.963004e+00  2.081932e+00  1.432608e+02
     vertex -3.986607e+00  2.073692e+00  1.432858e+02
   endloop
 endfacet
 facet normal  5.856341e-01  3.986715e-01  7.057576e-01
   outer loop
     vertex -3.473353e+00  1.157029e+00  1.432858e+02
     vertex -3.453992e+00  1.172845e+00  1.432608e+02
     vertex -3.748265e+00  1.605122e+00  1.432608e+02
   endloop
 endfacet
 facet normal  5.856341e-01  3.986715e-01  7.057576e-01
   outer loop
     vertex -3.473353e+00  1.157029e+00  1.432858e+02
     vertex -3.748265e+00  1.605122e+00  1.432608e+02
     vertex -3.770079e+00  1.592909e+00  1.432858e+02
   endloop
 endfacet
 facet normal  5.075085e-01  4.943090e-01  7.057576e-01
   outer loop
     vertex -3.105446e+00  7.792975e-01  1.432858e+02
     vertex -3.089125e+00  7.982353e-01  1.432608e+02
     vertex -3.453992e+00  1.172845e+00  1.432608e+02
   endloop
 endfacet
 facet normal  5.075085e-01  4.943090e-01  7.057576e-01
   outer loop
     vertex -3.105446e+00  7.792975e-01  1.432858e+02
     vertex -3.453992e+00  1.172845e+00  1.432608e+02
     vertex -3.473353e+00  1.157029e+00  1.432858e+02
   endloop
 endfacet
 facet normal  4.139624e-01  5.749273e-01  7.057576e-01
   outer loop
     vertex -2.677535e+00  4.711909e-01  1.432858e+02
     vertex -2.664751e+00  4.926750e-01  1.432608e+02
     vertex -3.089125e+00  7.982353e-01  1.432608e+02
   endloop
 endfacet
 facet normal  4.139624e-01  5.749273e-01  7.057576e-01
   outer loop
     vertex -2.677535e+00  4.711909e-01  1.432858e+02
     vertex -3.089125e+00  7.982353e-01  1.432608e+02
     vertex -3.105446e+00  7.792975e-01  1.432858e+02
   endloop
 endfacet
 facet normal  3.078383e-01  6.380767e-01  7.057576e-01
   outer loop
     vertex -2.202623e+00  2.420711e-01  1.432858e+02
     vertex -2.193764e+00  2.654487e-01  1.432608e+02
     vertex -2.664751e+00  4.926750e-01  1.432608e+02
   endloop
 endfacet
 facet normal  3.078383e-01  6.380767e-01  7.057576e-01
   outer loop
     vertex -2.202623e+00  2.420711e-01  1.432858e+02
     vertex -2.664751e+00  4.926750e-01  1.432608e+02
     vertex -2.677535e+00  4.711909e-01  1.432858e+02
   endloop
 endfacet
 facet normal  1.923607e-01  6.818384e-01  7.057576e-01
   outer loop
     vertex -1.695140e+00  9.889961e-02  1.432858e+02
     vertex -1.690475e+00  1.234605e-01  1.432608e+02
     vertex -2.193764e+00  2.654487e-01  1.432608e+02
   endloop
 endfacet
 facet normal  1.923607e-01  6.818384e-01  7.057576e-01
   outer loop
     vertex -1.695140e+00  9.889961e-02  1.432858e+02
     vertex -2.193764e+00  2.654487e-01  1.432608e+02
     vertex -2.202623e+00  2.420711e-01  1.432858e+02
   endloop
 endfacet
 facet normal  7.103832e-02  7.048828e-01  7.057576e-01
   outer loop
     vertex -1.170506e+00  4.602676e-02  1.432858e+02
     vertex -1.170176e+00  7.102459e-02  1.432608e+02
     vertex -1.690475e+00  1.234605e-01  1.432608e+02
   endloop
 endfacet
 facet normal  7.103832e-02  7.048828e-01  7.057576e-01
   outer loop
     vertex -1.170506e+00  4.602676e-02  1.432858e+02
     vertex -1.690475e+00  1.234605e-01  1.432608e+02
     vertex -1.695140e+00  9.889961e-02  1.432858e+02
   endloop
 endfacet
 facet normal -5.244254e-02  7.065098e-01  7.057576e-01
   outer loop
     vertex -6.446600e-01  8.505903e-02  1.432858e+02
     vertex -6.486765e-01  1.097343e-01  1.432608e+02
     vertex -1.170176e+00  7.102459e-02  1.432608e+02
   endloop
 endfacet
 facet normal -5.244254e-02  7.065098e-01  7.057576e-01
   outer loop
     vertex -6.446600e-01  8.505903e-02  1.432858e+02
     vertex -1.170176e+00  7.102459e-02  1.432608e+02
     vertex -1.170506e+00  4.602676e-02  1.432858e+02
   endloop
 endfacet
 facet normal -1.743299e-01  6.866697e-01  7.057576e-01
   outer loop
     vertex -1.335811e-01  2.148104e-01  1.432858e+02
     vertex -1.418213e-01  2.384134e-01  1.432608e+02
     vertex -6.486765e-01  1.097343e-01  1.432608e+02
   endloop
 endfacet
 facet normal -1.743299e-01  6.866697e-01  7.057576e-01
   outer loop
     vertex -1.335811e-01  2.148104e-01  1.432858e+02
     vertex -6.486765e-01  1.097343e-01  1.432608e+02
     vertex -6.446600e-01  8.505903e-02  1.432858e+02
   endloop
 endfacet
 facet normal -2.909204e-01  6.459656e-01  7.057576e-01
   outer loop
     vertex  3.349886e-01  4.531520e-01  1.432608e+02
     vertex -1.418213e-01  2.384134e-01  1.432608e+02
     vertex -1.335811e-01  2.148104e-01  1.432858e+02
   endloop
 endfacet
 facet normal -2.909204e-01  6.459656e-01  7.057576e-01
   outer loop
     vertex  3.472023e-01  4.313385e-01  1.432858e+02
     vertex  3.349886e-01  4.531520e-01  1.432608e+02
     vertex -1.335811e-01  2.148104e-01  1.432858e+02
   endloop
 endfacet
 facet normal -3.986715e-01  5.856341e-01  7.057576e-01
   outer loop
     vertex  7.672659e-01  7.474254e-01  1.432608e+02
     vertex  3.349886e-01  4.531520e-01  1.432608e+02
     vertex  3.472023e-01  4.313385e-01  1.432858e+02
   endloop
 endfacet
 facet normal -3.986715e-01  5.856341e-01  7.057576e-01
   outer loop
     vertex  7.830818e-01  7.280643e-01  1.432858e+02
     vertex  7.672659e-01  7.474254e-01  1.432608e+02
     vertex  3.472023e-01  4.313385e-01  1.432858e+02
   endloop
 endfacet
 facet normal -4.943090e-01  5.075085e-01  7.057576e-01
   outer loop
     vertex  1.141876e+00  1.112292e+00  1.432608e+02
     vertex  7.672659e-01  7.474254e-01  1.432608e+02
     vertex  7.830818e-01  7.280643e-01  1.432858e+02
   endloop
 endfacet
 facet normal -4.943090e-01  5.075085e-01  7.057576e-01
   outer loop
     vertex  1.160813e+00  1.095972e+00  1.432858e+02
     vertex  1.141876e+00  1.112292e+00  1.432608e+02
     vertex  7.830818e-01  7.280643e-01  1.432858e+02
   endloop
 endfacet
 facet normal  8.115245e-01 -5.843184e-01  0.000000e+00
   outer loop
     vertex -2.021782e+01 -1.651267e+01  1.398858e+02
     vertex -2.004467e+01 -1.627220e+01  1.372858e+02
     vertex -2.004467e+01 -1.627220e+01  1.398858e+02
   endloop
 endfacet
 facet normal  8.115245e-01 -5.843184e-01  0.000000e+00
   outer loop
     vertex -2.021782e+01 -1.651267e+01  1.398858e+02
     vertex -2.021782e+01 -1.651267e+01  1.372858e+02
     vertex -2.004467e+01 -1.627220e+01  1.372858e+02
   endloop
 endfacet
 facet normal  9.006614e-01 -4.345216e-01  0.000000e+00
   outer loop
     vertex -2.034658e+01 -1.677957e+01  1.398858e+02
     vertex -2.034658e+01 -1.677957e+01  1.372858e+02
     vertex -2.021782e+01 -1.651267e+01  1.372858e+02
   endloop
 endfacet
 facet normal  9.006614e-01 -4.345216e-01  0.000000e+00
   outer loop
     vertex -2.034658e+01 -1.677957e+01  1.398858e+02
     vertex -2.021782e+01 -1.651267e+01  1.372858e+02
     vertex -2.021782e+01 -1.651267e+01  1.398858e+02
   endloop
 endfacet
 facet normal  9.624322e-01 -2.715220e-01  0.000000e+00
   outer loop
     vertex -2.042704e+01 -1.706476e+01  1.398858e+02
     vertex -2.042704e+01 -1.706476e+01  1.372858e+02
     vertex -2.034658e+01 -1.677957e+01  1.372858e+02
   endloop
 endfacet
 facet normal  9.624322e-01 -2.715220e-01  0.000000e+00
   outer loop
     vertex -2.042704e+01 -1.706476e+01  1.398858e+02
     vertex -2.034658e+01 -1.677957e+01  1.372858e+02
     vertex -2.034658e+01 -1.677957e+01  1.398858e+02
   endloop
 endfacet
 facet normal  9.949600e-01 -1.002724e-01  0.000000e+00
   outer loop
     vertex -2.045675e+01 -1.735960e+01  1.398858e+02
     vertex -2.045675e+01 -1.735960e+01  1.372858e+02
     vertex -2.042704e+01 -1.706476e+01  1.372858e+02
   endloop
 endfacet
 facet normal  9.949600e-01 -1.002724e-01  0.000000e+00
   outer loop
     vertex -2.045675e+01 -1.735960e+01  1.398858e+02
     vertex -2.042704e+01 -1.706476e+01  1.372858e+02
     vertex -2.042704e+01 -1.706476e+01  1.398858e+02
   endloop
 endfacet
 facet normal  9.972565e-01  7.402397e-02  0.000000e+00
   outer loop
     vertex -2.043482e+01 -1.765512e+01  1.398858e+02
     vertex -2.043482e+01 -1.765512e+01  1.372858e+02
     vertex -2.045675e+01 -1.735960e+01  1.372858e+02
   endloop
 endfacet
 facet normal  9.692518e-01  2.460711e-01  0.000000e+00
   outer loop
     vertex -2.043482e+01 -1.765512e+01  1.398858e+02
     vertex -2.036190e+01 -1.794233e+01  1.372858e+02
     vertex -2.043482e+01 -1.765512e+01  1.372858e+02
   endloop
 endfacet
 facet normal  9.972565e-01  7.402397e-02  0.000000e+00
   outer loop
     vertex -2.043482e+01 -1.765512e+01  1.398858e+02
     vertex -2.045675e+01 -1.735960e+01  1.372858e+02
     vertex -2.045675e+01 -1.735960e+01  1.398858e+02
   endloop
 endfacet
 facet normal  9.117969e-01  4.106416e-01  0.000000e+00
   outer loop
     vertex -2.036190e+01 -1.794233e+01  1.398858e+02
     vertex -2.024021e+01 -1.821253e+01  1.372858e+02
     vertex -2.036190e+01 -1.794233e+01  1.372858e+02
   endloop
 endfacet
 facet normal  9.692518e-01  2.460711e-01  0.000000e+00
   outer loop
     vertex -2.036190e+01 -1.794233e+01  1.398858e+02
     vertex -2.036190e+01 -1.794233e+01  1.372858e+02
     vertex -2.043482e+01 -1.765512e+01  1.398858e+02
   endloop
 endfacet
 facet normal  9.117969e-01  4.106416e-01  0.000000e+00
   outer loop
     vertex -2.024021e+01 -1.821253e+01  1.398858e+02
     vertex -2.024021e+01 -1.821253e+01  1.372858e+02
     vertex -2.036190e+01 -1.794233e+01  1.398858e+02
   endloop
 endfacet
 facet normal  8.266374e-01  5.627349e-01  0.000000e+00
   outer loop
     vertex -2.007346e+01 -1.845748e+01  1.398858e+02
     vertex -2.007346e+01 -1.845748e+01  1.372858e+02
     vertex -2.024021e+01 -1.821253e+01  1.372858e+02
   endloop
 endfacet
 facet normal  8.266374e-01  5.627349e-01  0.000000e+00
   outer loop
     vertex -2.007346e+01 -1.845748e+01  1.398858e+02
     vertex -2.024021e+01 -1.821253e+01  1.372858e+02
     vertex -2.024021e+01 -1.821253e+01  1.398858e+02
   endloop
 endfacet
 facet normal  7.163611e-01  6.977297e-01  0.000000e+00
   outer loop
     vertex -1.986670e+01 -1.866976e+01  1.398858e+02
     vertex -1.986670e+01 -1.866976e+01  1.372858e+02
     vertex -2.007346e+01 -1.845748e+01  1.372858e+02
   endloop
 endfacet
 facet normal  7.163611e-01  6.977297e-01  0.000000e+00
   outer loop
     vertex -1.986670e+01 -1.866976e+01  1.398858e+02
     vertex -2.007346e+01 -1.845748e+01  1.372858e+02
     vertex -2.007346e+01 -1.845748e+01  1.398858e+02
   endloop
 endfacet
 facet normal  5.843184e-01  8.115245e-01  0.000000e+00
   outer loop
     vertex -1.962622e+01 -1.884291e+01  1.398858e+02
     vertex -1.962622e+01 -1.884291e+01  1.372858e+02
     vertex -1.986670e+01 -1.866976e+01  1.372858e+02
   endloop
 endfacet
 facet normal  5.843184e-01  8.115245e-01  0.000000e+00
   outer loop
     vertex -1.962622e+01 -1.884291e+01  1.398858e+02
     vertex -1.986670e+01 -1.866976e+01  1.372858e+02
     vertex -1.986670e+01 -1.866976e+01  1.398858e+02
   endloop
 endfacet
 facet normal  4.345216e-01  9.006614e-01  0.000000e+00
   outer loop
     vertex -1.935933e+01 -1.897168e+01  1.398858e+02
     vertex -1.935933e+01 -1.897168e+01  1.372858e+02
     vertex -1.962622e+01 -1.884291e+01  1.372858e+02
   endloop
 endfacet
 facet normal  2.715220e-01  9.624322e-01  0.000000e+00
   outer loop
     vertex -1.935933e+01 -1.897168e+01  1.398858e+02
     vertex -1.907413e+01 -1.905214e+01  1.372858e+02
     vertex -1.935933e+01 -1.897168e+01  1.372858e+02
   endloop
 endfacet
 facet normal  4.345216e-01  9.006614e-01  0.000000e+00
   outer loop
     vertex -1.935933e+01 -1.897168e+01  1.398858e+02
     vertex -1.962622e+01 -1.884291e+01  1.372858e+02
     vertex -1.962622e+01 -1.884291e+01  1.398858e+02
   endloop
 endfacet
 facet normal  2.715220e-01  9.624322e-01  0.000000e+00
   outer loop
     vertex -1.907413e+01 -1.905214e+01  1.398858e+02
     vertex -1.907413e+01 -1.905214e+01  1.372858e+02
     vertex -1.935933e+01 -1.897168e+01  1.398858e+02
   endloop
 endfacet
 facet normal  1.002724e-01  9.949600e-01  0.000000e+00
   outer loop
     vertex -1.877930e+01 -1.908185e+01  1.398858e+02
     vertex -1.877930e+01 -1.908185e+01  1.372858e+02
     vertex -1.907413e+01 -1.905214e+01  1.372858e+02
   endloop
 endfacet
 facet normal  1.002724e-01  9.949600e-01  0.000000e+00
   outer loop
     vertex -1.877930e+01 -1.908185e+01  1.398858e+02
     vertex -1.907413e+01 -1.905214e+01  1.372858e+02
     vertex -1.907413e+01 -1.905214e+01  1.398858e+02
   endloop
 endfacet
 facet normal -7.402397e-02  9.972565e-01  0.000000e+00
   outer loop
     vertex -1.848378e+01 -1.905991e+01  1.398858e+02
     vertex -1.848378e+01 -1.905991e+01  1.372858e+02
     vertex -1.877930e+01 -1.908185e+01  1.372858e+02
   endloop
 endfacet
 facet normal -2.460711e-01  9.692518e-01  0.000000e+00
   outer loop
     vertex -1.848378e+01 -1.905991e+01  1.398858e+02
     vertex -1.819656e+01 -1.898700e+01  1.372858e+02
     vertex -1.848378e+01 -1.905991e+01  1.372858e+02
   endloop
 endfacet
 facet normal -7.402397e-02  9.972565e-01  0.000000e+00
   outer loop
     vertex -1.848378e+01 -1.905991e+01  1.398858e+02
     vertex -1.877930e+01 -1.908185e+01  1.372858e+02
     vertex -1.877930e+01 -1.908185e+01  1.398858e+02
   endloop
 endfacet
 facet normal -2.460711e-01  9.692518e-01  0.000000e+00
   outer loop
     vertex -1.819656e+01 -1.898700e+01  1.398858e+02
     vertex -1.819656e+01 -1.898700e+01  1.372858e+02
     vertex -1.848378e+01 -1.905991e+01  1.398858e+02
   endloop
 endfacet
 facet normal -4.106416e-01  9.117969e-01  0.000000e+00
   outer loop
     vertex -1.819656e+01 -1.898700e+01  1.398858e+02
     vertex -1.792637e+01 -1.886531e+01  1.372858e+02
     vertex -1.819656e+01 -1.898700e+01  1.372858e+02
   endloop
 endfacet
 facet normal -4.106416e-01  9.117969e-01  0.000000e+00
   outer loop
     vertex -1.792637e+01 -1.886531e+01  1.398858e+02
     vertex -1.792637e+01 -1.886531e+01  1.372858e+02
     vertex -1.819656e+01 -1.898700e+01  1.398858e+02
   endloop
 endfacet
 facet normal -5.627349e-01  8.266374e-01  0.000000e+00
   outer loop
     vertex -1.768141e+01 -1.869856e+01  1.398858e+02
     vertex -1.792637e+01 -1.886531e+01  1.372858e+02
     vertex -1.792637e+01 -1.886531e+01  1.398858e+02
   endloop
 endfacet
 facet normal -5.627349e-01  8.266374e-01  0.000000e+00
   outer loop
     vertex -1.768141e+01 -1.869856e+01  1.398858e+02
     vertex -1.768141e+01 -1.869856e+01  1.372858e+02
     vertex -1.792637e+01 -1.886531e+01  1.372858e+02
   endloop
 endfacet
 facet normal -6.977297e-01  7.163611e-01  0.000000e+00
   outer loop
     vertex -1.768141e+01 -1.869856e+01  1.398858e+02
     vertex -1.746913e+01 -1.849180e+01  1.372858e+02
     vertex -1.768141e+01 -1.869856e+01  1.372858e+02
   endloop
 endfacet
 facet normal -6.977297e-01  7.163611e-01  0.000000e+00
   outer loop
     vertex -1.746913e+01 -1.849180e+01  1.398858e+02
     vertex -1.746913e+01 -1.849180e+01  1.372858e+02
     vertex -1.768141e+01 -1.869856e+01  1.398858e+02
   endloop
 endfacet
 facet normal  0.000000e+00 -0.000000e+00  1.000000e+00
   outer loop
     vertex -1.873450e+01 -1.568214e+01  1.398858e+02
     vertex -1.871738e+01 -1.438226e+01  1.398858e+02
     vertex -1.923888e+01 -1.442097e+01  1.398858e+02
   endloop
 endfacet
 facet normal  0.000000e+00  0.000000e+00  1.000000e+00
   outer loop
     vertex -1.873450e+01 -1.568214e+01  1.398858e+02
     vertex -1.923888e+01 -1.442097e+01  1.398858e+02
     vertex -1.903002e+01 -1.570408e+01  1.398858e+02
   endloop
 endfacet
 facet normal  0.000000e+00 -0.000000e+00  1.000000e+00
   outer loop
     vertex -1.931724e+01 -1.577700e+01  1.398858e+02
     vertex -1.923888e+01 -1.442097e+01  1.398858e+02
     vertex -1.974573e+01 -1.454965e+01  1.398858e+02
   endloop
 endfacet
 facet normal  0.000000e+00  0.000000e+00  1.000000e+00
   outer loop
     vertex -1.931724e+01 -1.577700e+01  1.398858e+02
     vertex -1.974573e+01 -1.454965e+01  1.398858e+02
     vertex -2.022254e+01 -1.476438e+01  1.398858e+02
   endloop
 endfacet
 facet normal  0.000000e+00  0.000000e+00  1.000000e+00
   outer loop
     vertex -1.931724e+01 -1.577700e+01  1.398858e+02
     vertex -1.903002e+01 -1.570408e+01  1.398858e+02
     vertex -1.923888e+01 -1.442097e+01  1.398858e+02
   endloop
 endfacet
 facet normal  0.000000e+00  0.000000e+00  1.000000e+00
   outer loop
     vertex -1.843967e+01 -1.571186e+01  1.398858e+02
     vertex -1.871738e+01 -1.438226e+01  1.398858e+02
     vertex -1.873450e+01 -1.568214e+01  1.398858e+02
   endloop
 endfacet
 facet normal  0.000000e+00 -0.000000e+00  1.000000e+00
   outer loop
     vertex -1.843967e+01 -1.571186e+01  1.398858e+02
     vertex -1.819708e+01 -1.443469e+01  1.398858e+02
     vertex -1.871738e+01 -1.438226e+01  1.398858e+02
   endloop
 endfacet
 facet normal  0.000000e+00 -0.000000e+00  1.000000e+00
   outer loop
     vertex -1.958743e+01 -1.589868e+01  1.398858e+02
     vertex -1.931724e+01 -1.577700e+01  1.398858e+02
     vertex -2.022254e+01 -1.476438e+01  1.398858e+02
   endloop
 endfacet
 facet normal  0.000000e+00  0.000000e+00  1.000000e+00
   outer loop
     vertex -1.815447e+01 -1.579232e+01  1.398858e+02
     vertex -1.819708e+01 -1.443469e+01  1.398858e+02
     vertex -1.843967e+01 -1.571186e+01  1.398858e+02
   endloop
 endfacet
 facet normal  0.000000e+00 -0.000000e+00  1.000000e+00
   outer loop
     vertex -1.815447e+01 -1.579232e+01  1.398858e+02
     vertex -1.769379e+01 -1.457668e+01  1.398858e+02
     vertex -1.819708e+01 -1.443469e+01  1.398858e+02
   endloop
 endfacet
 facet normal  0.000000e+00 -0.000000e+00  1.000000e+00
   outer loop
     vertex -1.983239e+01 -1.606544e+01  1.398858e+02
     vertex -1.958743e+01 -1.589868e+01  1.398858e+02
     vertex -2.022254e+01 -1.476438e+01  1.398858e+02
   endloop
 endfacet
 facet normal  0.000000e+00  0.000000e+00  1.000000e+00
   outer loop
     vertex -1.983239e+01 -1.606544e+01  1.398858e+02
     vertex -2.022254e+01 -1.476438e+01  1.398858e+02
     vertex -2.065482e+01 -1.505866e+01  1.398858e+02
   endloop
 endfacet
 facet normal  0.000000e+00  0.000000e+00  1.000000e+00
   outer loop
     vertex -1.983239e+01 -1.606544e+01  1.398858e+02
     vertex -2.065482e+01 -1.505866e+01  1.398858e+02
     vertex -2.102943e+01 -1.542352e+01  1.398858e+02
   endloop
 endfacet
 facet normal  0.000000e+00  0.000000e+00  1.000000e+00
   outer loop
     vertex -1.788758e+01 -1.592108e+01  1.398858e+02
     vertex -1.722280e+01 -1.480391e+01  1.398858e+02
     vertex -1.769379e+01 -1.457668e+01  1.398858e+02
   endloop
 endfacet
 facet normal  0.000000e+00 -0.000000e+00  1.000000e+00
   outer loop
     vertex -1.788758e+01 -1.592108e+01  1.398858e+02
     vertex -1.769379e+01 -1.457668e+01  1.398858e+02
     vertex -1.815447e+01 -1.579232e+01  1.398858e+02
   endloop
 endfacet
 facet normal  0.000000e+00 -0.000000e+00  1.000000e+00
   outer loop
     vertex -2.004467e+01 -1.627220e+01  1.398858e+02
     vertex -1.983239e+01 -1.606544e+01  1.398858e+02
     vertex -2.102943e+01 -1.542352e+01  1.398858e+02
   endloop
 endfacet
 facet normal  0.000000e+00  0.000000e+00  1.000000e+00
   outer loop
     vertex -1.764710e+01 -1.609423e+01  1.398858e+02
     vertex -1.679843e+01 -1.510947e+01  1.398858e+02
     vertex -1.722280e+01 -1.480391e+01  1.398858e+02
   endloop
 endfacet
 facet normal  0.000000e+00 -0.000000e+00  1.000000e+00
   outer loop
     vertex -1.764710e+01 -1.609423e+01  1.398858e+02
     vertex -1.722280e+01 -1.480391e+01  1.398858e+02
     vertex -1.788758e+01 -1.592108e+01  1.398858e+02
   endloop
 endfacet
 facet normal  0.000000e+00  0.000000e+00  1.000000e+00
   outer loop
     vertex -2.021782e+01 -1.651267e+01  1.398858e+02
     vertex -2.102943e+01 -1.542352e+01  1.398858e+02
     vertex -2.133499e+01 -1.584790e+01  1.398858e+02
   endloop
 endfacet
 facet normal  0.000000e+00 -0.000000e+00  1.000000e+00
   outer loop
     vertex -2.021782e+01 -1.651267e+01  1.398858e+02
     vertex -2.004467e+01 -1.627220e+01  1.398858e+02
     vertex -2.102943e+01 -1.542352e+01  1.398858e+02
   endloop
 endfacet
 facet normal  0.000000e+00  0.000000e+00  1.000000e+00
   outer loop
     vertex -1.744034e+01 -1.630651e+01  1.398858e+02
     vertex -1.643356e+01 -1.548408e+01  1.398858e+02
     vertex -1.679843e+01 -1.510947e+01  1.398858e+02
   endloop
 endfacet
 facet normal  0.000000e+00 -0.000000e+00  1.000000e+00
   outer loop
     vertex -1.744034e+01 -1.630651e+01  1.398858e+02
     vertex -1.679843e+01 -1.510947e+01  1.398858e+02
     vertex -1.764710e+01 -1.609423e+01  1.398858e+02
   endloop
 endfacet
 facet normal  0.000000e+00 -0.000000e+00  1.000000e+00
   outer loop
     vertex -2.034658e+01 -1.677957e+01  1.398858e+02
     vertex -2.021782e+01 -1.651267e+01  1.398858e+02
     vertex -2.133499e+01 -1.584790e+01  1.398858e+02
   endloop
 endfacet
 facet normal  0.000000e+00  0.000000e+00  1.000000e+00
   outer loop
     vertex -2.034658e+01 -1.677957e+01  1.398858e+02
     vertex -2.133499e+01 -1.584790e+01  1.398858e+02
     vertex -2.156222e+01 -1.631889e+01  1.398858e+02
   endloop
 endfacet
 facet normal  0.000000e+00  0.000000e+00  1.000000e+00
   outer loop
     vertex -1.727359e+01 -1.655147e+01  1.398858e+02
     vertex -1.613929e+01 -1.591635e+01  1.398858e+02
     vertex -1.643356e+01 -1.548408e+01  1.398858e+02
   endloop
 endfacet
 facet normal  0.000000e+00 -0.000000e+00  1.000000e+00
   outer loop
     vertex -1.727359e+01 -1.655147e+01  1.398858e+02
     vertex -1.643356e+01 -1.548408e+01  1.398858e+02
     vertex -1.744034e+01 -1.630651e+01  1.398858e+02
   endloop
 endfacet
 facet normal  0.000000e+00 -0.000000e+00  1.000000e+00
   outer loop
     vertex -2.042704e+01 -1.706476e+01  1.398858e+02
     vertex -2.034658e+01 -1.677957e+01  1.398858e+02
     vertex -2.156222e+01 -1.631889e+01  1.398858e+02
   endloop
 endfacet
 facet normal  0.000000e+00  0.000000e+00  1.000000e+00
   outer loop
     vertex -2.042704e+01 -1.706476e+01  1.398858e+02
     vertex -2.156222e+01 -1.631889e+01  1.398858e+02
     vertex -2.170420e+01 -1.682217e+01  1.398858e+02
   endloop
 endfacet
 facet normal  0.000000e+00  0.000000e+00  1.000000e+00
   outer loop
     vertex -1.715190e+01 -1.682166e+01  1.398858e+02
     vertex -1.592455e+01 -1.639316e+01  1.398858e+02
     vertex -1.613929e+01 -1.591635e+01  1.398858e+02
   endloop
 endfacet
 facet normal  0.000000e+00 -0.000000e+00  1.000000e+00
   outer loop
     vertex -1.715190e+01 -1.682166e+01  1.398858e+02
     vertex -1.613929e+01 -1.591635e+01  1.398858e+02
     vertex -1.727359e+01 -1.655147e+01  1.398858e+02
   endloop
 endfacet
 facet normal  0.000000e+00  0.000000e+00  1.000000e+00
   outer loop
     vertex -2.045675e+01 -1.735960e+01  1.398858e+02
     vertex -2.170420e+01 -1.682217e+01  1.398858e+02
     vertex -2.175664e+01 -1.734247e+01  1.398858e+02
   endloop
 endfacet
 facet normal  0.000000e+00 -0.000000e+00  1.000000e+00
   outer loop
     vertex -2.045675e+01 -1.735960e+01  1.398858e+02
     vertex -2.042704e+01 -1.706476e+01  1.398858e+02
     vertex -2.170420e+01 -1.682217e+01  1.398858e+02
   endloop
 endfacet
 facet normal  0.000000e+00  0.000000e+00  1.000000e+00
   outer loop
     vertex -1.707898e+01 -1.710888e+01  1.398858e+02
     vertex -1.579587e+01 -1.690002e+01  1.398858e+02
     vertex -1.592455e+01 -1.639316e+01  1.398858e+02
   endloop
 endfacet
 facet normal  0.000000e+00 -0.000000e+00  1.000000e+00
   outer loop
     vertex -1.707898e+01 -1.710888e+01  1.398858e+02
     vertex -1.592455e+01 -1.639316e+01  1.398858e+02
     vertex -1.715190e+01 -1.682166e+01  1.398858e+02
   endloop
 endfacet
 facet normal  0.000000e+00 -0.000000e+00  1.000000e+00
   outer loop
     vertex -2.171793e+01 -1.786397e+01  1.398858e+02
     vertex -2.045675e+01 -1.735960e+01  1.398858e+02
     vertex -2.175664e+01 -1.734247e+01  1.398858e+02
   endloop
 endfacet
 facet normal  0.000000e+00  0.000000e+00  1.000000e+00
   outer loop
     vertex -2.171793e+01 -1.786397e+01  1.398858e+02
     vertex -2.043482e+01 -1.765512e+01  1.398858e+02
     vertex -2.045675e+01 -1.735960e+01  1.398858e+02
   endloop
 endfacet
 facet normal  0.000000e+00  0.000000e+00  1.000000e+00
   outer loop
     vertex -1.575716e+01 -1.742152e+01  1.398858e+02
     vertex -1.579587e+01 -1.690002e+01  1.398858e+02
     vertex -1.707898e+01 -1.710888e+01  1.398858e+02
   endloop
 endfacet
 facet normal  0.000000e+00  0.000000e+00  1.000000e+00
   outer loop
     vertex -1.575716e+01 -1.742152e+01  1.398858e+02
     vertex -1.707898e+01 -1.710888e+01  1.398858e+02
     vertex -1.705705e+01 -1.740439e+01  1.398858e+02
   endloop
 endfacet
 facet normal  0.000000e+00  0.000000e+00  1.000000e+00
   outer loop
     vertex -1.708676e+01 -1.769923e+01  1.398858e+02
     vertex -1.575716e+01 -1.742152e+01  1.398858e+02
     vertex -1.705705e+01 -1.740439e+01  1.398858e+02
   endloop
 endfacet
 facet normal  0.000000e+00 -0.000000e+00  1.000000e+00
   outer loop
     vertex -2.158925e+01 -1.837083e+01  1.398858e+02
     vertex -2.043482e+01 -1.765512e+01  1.398858e+02
     vertex -2.171793e+01 -1.786397e+01  1.398858e+02
   endloop
 endfacet
 facet normal  0.000000e+00  0.000000e+00  1.000000e+00
   outer loop
     vertex -2.158925e+01 -1.837083e+01  1.398858e+02
     vertex -2.036190e+01 -1.794233e+01  1.398858e+02
     vertex -2.043482e+01 -1.765512e+01  1.398858e+02
   endloop
 endfacet
 facet normal  0.000000e+00  0.000000e+00  1.000000e+00
   outer loop
     vertex -2.158925e+01 -1.837083e+01  1.398858e+02
     vertex -2.024021e+01 -1.821253e+01  1.398858e+02
     vertex -2.036190e+01 -1.794233e+01  1.398858e+02
   endloop
 endfacet
 facet normal  0.000000e+00 -0.000000e+00  1.000000e+00
   outer loop
     vertex -1.580960e+01 -1.794182e+01  1.398858e+02
     vertex -1.575716e+01 -1.742152e+01  1.398858e+02
     vertex -1.708676e+01 -1.769923e+01  1.398858e+02
   endloop
 endfacet
 facet normal  0.000000e+00 -0.000000e+00  1.000000e+00
   outer loop
     vertex -2.137451e+01 -1.884764e+01  1.398858e+02
     vertex -2.024021e+01 -1.821253e+01  1.398858e+02
     vertex -2.158925e+01 -1.837083e+01  1.398858e+02
   endloop
 endfacet
 facet normal  0.000000e+00  0.000000e+00  1.000000e+00
   outer loop
     vertex -1.595158e+01 -1.844511e+01  1.398858e+02
     vertex -1.716722e+01 -1.798443e+01  1.398858e+02
     vertex -1.729598e+01 -1.825132e+01  1.398858e+02
   endloop
 endfacet
 facet normal  0.000000e+00  0.000000e+00  1.000000e+00
   outer loop
     vertex -1.595158e+01 -1.844511e+01  1.398858e+02
     vertex -1.708676e+01 -1.769923e+01  1.398858e+02
     vertex -1.716722e+01 -1.798443e+01  1.398858e+02
   endloop
 endfacet
 facet normal  0.000000e+00 -0.000000e+00  1.000000e+00
   outer loop
     vertex -1.595158e+01 -1.844511e+01  1.398858e+02
     vertex -1.580960e+01 -1.794182e+01  1.398858e+02
     vertex -1.708676e+01 -1.769923e+01  1.398858e+02
   endloop
 endfacet
 facet normal  0.000000e+00 -0.000000e+00  1.000000e+00
   outer loop
     vertex -1.617881e+01 -1.891609e+01  1.398858e+02
     vertex -1.595158e+01 -1.844511e+01  1.398858e+02
     vertex -1.729598e+01 -1.825132e+01  1.398858e+02
   endloop
 endfacet
 facet normal  0.000000e+00 -0.000000e+00  1.000000e+00
   outer loop
     vertex -2.108024e+01 -1.927992e+01  1.398858e+02
     vertex -2.024021e+01 -1.821253e+01  1.398858e+02
     vertex -2.137451e+01 -1.884764e+01  1.398858e+02
   endloop
 endfacet
 facet normal  0.000000e+00  0.000000e+00  1.000000e+00
   outer loop
     vertex -2.108024e+01 -1.927992e+01  1.398858e+02
     vertex -2.007346e+01 -1.845748e+01  1.398858e+02
     vertex -2.024021e+01 -1.821253e+01  1.398858e+02
   endloop
 endfacet
 facet normal  0.000000e+00 -0.000000e+00  1.000000e+00
   outer loop
     vertex -2.071537e+01 -1.965453e+01  1.398858e+02
     vertex -2.007346e+01 -1.845748e+01  1.398858e+02
     vertex -2.108024e+01 -1.927992e+01  1.398858e+02
   endloop
 endfacet
 facet normal  0.000000e+00  0.000000e+00  1.000000e+00
   outer loop
     vertex -2.071537e+01 -1.965453e+01  1.398858e+02
     vertex -1.986670e+01 -1.866976e+01  1.398858e+02
     vertex -2.007346e+01 -1.845748e+01  1.398858e+02
   endloop
 endfacet
 facet normal  0.000000e+00  0.000000e+00  1.000000e+00
   outer loop
     vertex -1.648437e+01 -1.934047e+01  1.398858e+02
     vertex -1.729598e+01 -1.825132e+01  1.398858e+02
     vertex -1.746913e+01 -1.849180e+01  1.398858e+02
   endloop
 endfacet
 facet normal  0.000000e+00 -0.000000e+00  1.000000e+00
   outer loop
     vertex -1.648437e+01 -1.934047e+01  1.398858e+02
     vertex -1.617881e+01 -1.891609e+01  1.398858e+02
     vertex -1.729598e+01 -1.825132e+01  1.398858e+02
   endloop
 endfacet
 facet normal  0.000000e+00  0.000000e+00  1.000000e+00
   outer loop
     vertex -2.029100e+01 -1.996009e+01  1.398858e+02
     vertex -1.962622e+01 -1.884291e+01  1.398858e+02
     vertex -1.986670e+01 -1.866976e+01  1.398858e+02
   endloop
 endfacet
 facet normal  0.000000e+00 -0.000000e+00  1.000000e+00
   outer loop
     vertex -2.029100e+01 -1.996009e+01  1.398858e+02
     vertex -1.986670e+01 -1.866976e+01  1.398858e+02
     vertex -2.071537e+01 -1.965453e+01  1.398858e+02
   endloop
 endfacet
 facet normal  0.000000e+00  0.000000e+00  1.000000e+00
   outer loop
     vertex -1.685898e+01 -1.970534e+01  1.398858e+02
     vertex -1.746913e+01 -1.849180e+01  1.398858e+02
     vertex -1.768141e+01 -1.869856e+01  1.398858e+02
   endloop
 endfacet
 facet normal  0.000000e+00 -0.000000e+00  1.000000e+00
   outer loop
     vertex -1.685898e+01 -1.970534e+01  1.398858e+02
     vertex -1.648437e+01 -1.934047e+01  1.398858e+02
     vertex -1.746913e+01 -1.849180e+01  1.398858e+02
   endloop
 endfacet
 facet normal  0.000000e+00 -0.000000e+00  1.000000e+00
   outer loop
     vertex -1.729126e+01 -1.999961e+01  1.398858e+02
     vertex -1.685898e+01 -1.970534e+01  1.398858e+02
     vertex -1.768141e+01 -1.869856e+01  1.398858e+02
   endloop
 endfacet
 facet normal  0.000000e+00  0.000000e+00  1.000000e+00
   outer loop
     vertex -1.729126e+01 -1.999961e+01  1.398858e+02
     vertex -1.792637e+01 -1.886531e+01  1.398858e+02
     vertex -1.819656e+01 -1.898700e+01  1.398858e+02
   endloop
 endfacet
 facet normal  0.000000e+00  0.000000e+00  1.000000e+00
   outer loop
     vertex -1.729126e+01 -1.999961e+01  1.398858e+02
     vertex -1.768141e+01 -1.869856e+01  1.398858e+02
     vertex -1.792637e+01 -1.886531e+01  1.398858e+02
   endloop
 endfacet
 facet normal  0.000000e+00  0.000000e+00  1.000000e+00
   outer loop
     vertex -1.982001e+01 -2.018731e+01  1.398858e+02
     vertex -1.935933e+01 -1.897168e+01  1.398858e+02
     vertex -1.962622e+01 -1.884291e+01  1.398858e+02
   endloop
 endfacet
 facet normal  0.000000e+00  0.000000e+00  1.000000e+00
   outer loop
     vertex -1.982001e+01 -2.018731e+01  1.398858e+02
     vertex -1.907413e+01 -1.905214e+01  1.398858e+02
     vertex -1.935933e+01 -1.897168e+01  1.398858e+02
   endloop
 endfacet
 facet normal  0.000000e+00 -0.000000e+00  1.000000e+00
   outer loop
     vertex -1.982001e+01 -2.018731e+01  1.398858e+02
     vertex -1.962622e+01 -1.884291e+01  1.398858e+02
     vertex -2.029100e+01 -1.996009e+01  1.398858e+02
   endloop
 endfacet
 facet normal  0.000000e+00  0.000000e+00  1.000000e+00
   outer loop
     vertex -1.931672e+01 -2.032930e+01  1.398858e+02
     vertex -1.877930e+01 -1.908185e+01  1.398858e+02
     vertex -1.907413e+01 -1.905214e+01  1.398858e+02
   endloop
 endfacet
 facet normal  0.000000e+00 -0.000000e+00  1.000000e+00
   outer loop
     vertex -1.931672e+01 -2.032930e+01  1.398858e+02
     vertex -1.907413e+01 -1.905214e+01  1.398858e+02
     vertex -1.982001e+01 -2.018731e+01  1.398858e+02
   endloop
 endfacet
 facet normal  0.000000e+00 -0.000000e+00  1.000000e+00
   outer loop
     vertex -1.776807e+01 -2.021435e+01  1.398858e+02
     vertex -1.729126e+01 -1.999961e+01  1.398858e+02
     vertex -1.819656e+01 -1.898700e+01  1.398858e+02
   endloop
 endfacet
 facet normal  0.000000e+00 -0.000000e+00  1.000000e+00
   outer loop
     vertex -1.879642e+01 -2.038174e+01  1.398858e+02
     vertex -1.877930e+01 -1.908185e+01  1.398858e+02
     vertex -1.931672e+01 -2.032930e+01  1.398858e+02
   endloop
 endfacet
 facet normal  0.000000e+00  0.000000e+00  1.000000e+00
   outer loop
     vertex -1.827492e+01 -2.034303e+01  1.398858e+02
     vertex -1.776807e+01 -2.021435e+01  1.398858e+02
     vertex -1.819656e+01 -1.898700e+01  1.398858e+02
   endloop
 endfacet
 facet normal  0.000000e+00  0.000000e+00  1.000000e+00
   outer loop
     vertex -1.827492e+01 -2.034303e+01  1.398858e+02
     vertex -1.877930e+01 -1.908185e+01  1.398858e+02
     vertex -1.879642e+01 -2.038174e+01  1.398858e+02
   endloop
 endfacet
 facet normal  0.000000e+00  0.000000e+00  1.000000e+00
   outer loop
     vertex -1.827492e+01 -2.034303e+01  1.398858e+02
     vertex -1.848378e+01 -1.905991e+01  1.398858e+02
     vertex -1.877930e+01 -1.908185e+01  1.398858e+02
   endloop
 endfacet
 facet normal  0.000000e+00 -0.000000e+00  1.000000e+00
   outer loop
     vertex -1.827492e+01 -2.034303e+01  1.398858e+02
     vertex -1.819656e+01 -1.898700e+01  1.398858e+02
     vertex -1.848378e+01 -1.905991e+01  1.398858e+02
   endloop
 endfacet
 facet normal  8.115245e-01 -5.843184e-01  0.000000e+00
   outer loop
     vertex -2.133499e+01 -1.584790e+01  1.432608e+02
     vertex -2.102943e+01 -1.542352e+01  1.398858e+02
     vertex -2.102943e+01 -1.542352e+01  1.432608e+02
   endloop
 endfacet
 facet normal  8.115245e-01 -5.843184e-01  0.000000e+00
   outer loop
     vertex -2.133499e+01 -1.584790e+01  1.432608e+02
     vertex -2.133499e+01 -1.584790e+01  1.398858e+02
     vertex -2.102943e+01 -1.542352e+01  1.398858e+02
   endloop
 endfacet
 facet normal  9.006614e-01 -4.345216e-01  0.000000e+00
   outer loop
     vertex -2.156222e+01 -1.631889e+01  1.432608e+02
     vertex -2.156222e+01 -1.631889e+01  1.398858e+02
     vertex -2.133499e+01 -1.584790e+01  1.398858e+02
   endloop
 endfacet
 facet normal  9.006614e-01 -4.345216e-01  0.000000e+00
   outer loop
     vertex -2.156222e+01 -1.631889e+01  1.432608e+02
     vertex -2.133499e+01 -1.584790e+01  1.398858e+02
     vertex -2.133499e+01 -1.584790e+01  1.432608e+02
   endloop
 endfacet
 facet normal  9.624322e-01 -2.715220e-01  0.000000e+00
   outer loop
     vertex -2.170420e+01 -1.682217e+01  1.432608e+02
     vertex -2.170420e+01 -1.682217e+01  1.398858e+02
     vertex -2.156222e+01 -1.631889e+01  1.398858e+02
   endloop
 endfacet
 facet normal  9.624322e-01 -2.715220e-01  0.000000e+00
   outer loop
     vertex -2.170420e+01 -1.682217e+01  1.432608e+02
     vertex -2.156222e+01 -1.631889e+01  1.398858e+02
     vertex -2.156222e+01 -1.631889e+01  1.432608e+02
   endloop
 endfacet
 facet normal  9.949600e-01 -1.002724e-01  0.000000e+00
   outer loop
     vertex -2.175664e+01 -1.734247e+01  1.432608e+02
     vertex -2.175664e+01 -1.734247e+01  1.398858e+02
     vertex -2.170420e+01 -1.682217e+01  1.398858e+02
   endloop
 endfacet
 facet normal  9.972565e-01  7.402397e-02  0.000000e+00
   outer loop
     vertex -2.175664e+01 -1.734247e+01  1.432608e+02
     vertex -2.171793e+01 -1.786397e+01  1.398858e+02
     vertex -2.175664e+01 -1.734247e+01  1.398858e+02
   endloop
 endfacet
 facet normal  9.949600e-01 -1.002724e-01  0.000000e+00
   outer loop
     vertex -2.175664e+01 -1.734247e+01  1.432608e+02
     vertex -2.170420e+01 -1.682217e+01  1.398858e+02
     vertex -2.170420e+01 -1.682217e+01  1.432608e+02
   endloop
 endfacet
 facet normal  9.692518e-01  2.460711e-01  0.000000e+00
   outer loop
     vertex -2.171793e+01 -1.786397e+01  1.432608e+02
     vertex -2.158925e+01 -1.837083e+01  1.398858e+02
     vertex -2.171793e+01 -1.786397e+01  1.398858e+02
   endloop
 endfacet
 facet normal  9.972565e-01  7.402397e-02  0.000000e+00
   outer loop
     vertex -2.171793e+01 -1.786397e+01  1.432608e+02
     vertex -2.171793e+01 -1.786397e+01  1.398858e+02
     vertex -2.175664e+01 -1.734247e+01  1.432608e+02
   endloop
 endfacet
 facet normal  9.692518e-01  2.460711e-01  0.000000e+00
   outer loop
     vertex -2.158925e+01 -1.837083e+01  1.432608e+02
     vertex -2.158925e+01 -1.837083e+01  1.398858e+02
     vertex -2.171793e+01 -1.786397e+01  1.432608e+02
   endloop
 endfacet
 facet normal  9.117969e-01  4.106416e-01  0.000000e+00
   outer loop
     vertex -2.137451e+01 -1.884764e+01  1.432608e+02
     vertex -2.137451e+01 -1.884764e+01  1.398858e+02
     vertex -2.158925e+01 -1.837083e+01  1.398858e+02
   endloop
 endfacet
 facet normal  9.117969e-01  4.106416e-01  0.000000e+00
   outer loop
     vertex -2.137451e+01 -1.884764e+01  1.432608e+02
     vertex -2.158925e+01 -1.837083e+01  1.398858e+02
     vertex -2.158925e+01 -1.837083e+01  1.432608e+02
   endloop
 endfacet
 facet normal  8.266374e-01  5.627349e-01  0.000000e+00
   outer loop
     vertex -2.108024e+01 -1.927992e+01  1.432608e+02
     vertex -2.108024e+01 -1.927992e+01  1.398858e+02
     vertex -2.137451e+01 -1.884764e+01  1.398858e+02
   endloop
 endfacet
 facet normal  7.163611e-01  6.977297e-01  0.000000e+00
   outer loop
     vertex -2.108024e+01 -1.927992e+01  1.432608e+02
     vertex -2.071537e+01 -1.965453e+01  1.398858e+02
     vertex -2.108024e+01 -1.927992e+01  1.398858e+02
   endloop
 endfacet
 facet normal  8.266374e-01  5.627349e-01  0.000000e+00
   outer loop
     vertex -2.108024e+01 -1.927992e+01  1.432608e+02
     vertex -2.137451e+01 -1.884764e+01  1.398858e+02
     vertex -2.137451e+01 -1.884764e+01  1.432608e+02
   endloop
 endfacet
 facet normal  7.163611e-01  6.977297e-01  0.000000e+00
   outer loop
     vertex -2.071537e+01 -1.965453e+01  1.432608e+02
     vertex -2.071537e+01 -1.965453e+01  1.398858e+02
     vertex -2.108024e+01 -1.927992e+01  1.432608e+02
   endloop
 endfacet
 facet normal  5.843184e-01  8.115245e-01  0.000000e+00
   outer loop
     vertex -2.029100e+01 -1.996009e+01  1.432608e+02
     vertex -2.029100e+01 -1.996009e+01  1.398858e+02
     vertex -2.071537e+01 -1.965453e+01  1.398858e+02
   endloop
 endfacet
 facet normal  5.843184e-01  8.115245e-01  0.000000e+00
   outer loop
     vertex -2.029100e+01 -1.996009e+01  1.432608e+02
     vertex -2.071537e+01 -1.965453e+01  1.398858e+02
     vertex -2.071537e+01 -1.965453e+01  1.432608e+02
   endloop
 endfacet
 facet normal  4.345216e-01  9.006614e-01  0.000000e+00
   outer loop
     vertex -1.982001e+01 -2.018731e+01  1.432608e+02
     vertex -1.982001e+01 -2.018731e+01  1.398858e+02
     vertex -2.029100e+01 -1.996009e+01  1.398858e+02
   endloop
 endfacet
 facet normal  4.345216e-01  9.006614e-01  0.000000e+00
   outer loop
     vertex -1.982001e+01 -2.018731e+01  1.432608e+02
     vertex -2.029100e+01 -1.996009e+01  1.398858e+02
     vertex -2.029100e+01 -1.996009e+01  1.432608e+02
   endloop
 endfacet
 facet normal  2.715220e-01  9.624322e-01  0.000000e+00
   outer loop
     vertex -1.931672e+01 -2.032930e+01  1.432608e+02
     vertex -1.931672e+01 -2.032930e+01  1.398858e+02
     vertex -1.982001e+01 -2.018731e+01  1.398858e+02
   endloop
 endfacet
 facet normal  2.715220e-01  9.624322e-01  0.000000e+00
   outer loop
     vertex -1.931672e+01 -2.032930e+01  1.432608e+02
     vertex -1.982001e+01 -2.018731e+01  1.398858e+02
     vertex -1.982001e+01 -2.018731e+01  1.432608e+02
   endloop
 endfacet
 facet normal  1.002724e-01  9.949600e-01  0.000000e+00
   outer loop
     vertex -1.879642e+01 -2.038174e+01  1.432608e+02
     vertex -1.879642e+01 -2.038174e+01  1.398858e+02
     vertex -1.931672e+01 -2.032930e+01  1.398858e+02
   endloop
 endfacet
 facet normal  1.002724e-01  9.949600e-01  0.000000e+00
   outer loop
     vertex -1.879642e+01 -2.038174e+01  1.432608e+02
     vertex -1.931672e+01 -2.032930e+01  1.398858e+02
     vertex -1.931672e+01 -2.032930e+01  1.432608e+02
   endloop
 endfacet
 facet normal -7.402397e-02  9.972565e-01  0.000000e+00
   outer loop
     vertex -1.827492e+01 -2.034303e+01  1.432608e+02
     vertex -1.827492e+01 -2.034303e+01  1.398858e+02
     vertex -1.879642e+01 -2.038174e+01  1.398858e+02
   endloop
 endfacet
 facet normal -2.460711e-01  9.692518e-01  0.000000e+00
   outer loop
     vertex -1.827492e+01 -2.034303e+01  1.432608e+02
     vertex -1.776807e+01 -2.021435e+01  1.398858e+02
     vertex -1.827492e+01 -2.034303e+01  1.398858e+02
   endloop
 endfacet
 facet normal -7.402397e-02  9.972565e-01  0.000000e+00
   outer loop
     vertex -1.827492e+01 -2.034303e+01  1.432608e+02
     vertex -1.879642e+01 -2.038174e+01  1.398858e+02
     vertex -1.879642e+01 -2.038174e+01  1.432608e+02
   endloop
 endfacet
 facet normal -2.460711e-01  9.692518e-01  0.000000e+00
   outer loop
     vertex -1.776807e+01 -2.021435e+01  1.432608e+02
     vertex -1.776807e+01 -2.021435e+01  1.398858e+02
     vertex -1.827492e+01 -2.034303e+01  1.432608e+02
   endloop
 endfacet
 facet normal -4.106416e-01  9.117969e-01  0.000000e+00
   outer loop
     vertex -1.776807e+01 -2.021435e+01  1.432608e+02
     vertex -1.729126e+01 -1.999961e+01  1.398858e+02
     vertex -1.776807e+01 -2.021435e+01  1.398858e+02
   endloop
 endfacet
 facet normal -4.106416e-01  9.117969e-01  0.000000e+00
   outer loop
     vertex -1.729126e+01 -1.999961e+01  1.432608e+02
     vertex -1.729126e+01 -1.999961e+01  1.398858e+02
     vertex -1.776807e+01 -2.021435e+01  1.432608e+02
   endloop
 endfacet
 facet normal -5.627349e-01  8.266374e-01  0.000000e+00
   outer loop
     vertex -1.685898e+01 -1.970534e+01  1.432608e+02
     vertex -1.729126e+01 -1.999961e+01  1.398858e+02
     vertex -1.729126e+01 -1.999961e+01  1.432608e+02
   endloop
 endfacet
 facet normal -5.627349e-01  8.266374e-01  0.000000e+00
   outer loop
     vertex -1.685898e+01 -1.970534e+01  1.432608e+02
     vertex -1.685898e+01 -1.970534e+01  1.398858e+02
     vertex -1.729126e+01 -1.999961e+01  1.398858e+02
   endloop
 endfacet
 facet normal -6.977297e-01  7.163611e-01  0.000000e+00
   outer loop
     vertex -1.648437e+01 -1.934047e+01  1.432608e+02
     vertex -1.685898e+01 -1.970534e+01  1.398858e+02
     vertex -1.685898e+01 -1.970534e+01  1.432608e+02
   endloop
 endfacet
 facet normal -6.977297e-01  7.163611e-01  0.000000e+00
   outer loop
     vertex -1.648437e+01 -1.934047e+01  1.432608e+02
     vertex -1.648437e+01 -1.934047e+01  1.398858e+02
     vertex -1.685898e+01 -1.970534e+01  1.398858e+02
   endloop
 endfacet
 facet normal  5.749273e-01 -4.139624e-01  7.057576e-01
   outer loop
     vertex -2.135647e+01 -1.583511e+01  1.432858e+02
     vertex -2.102943e+01 -1.542352e+01  1.432608e+02
     vertex -2.104837e+01 -1.540720e+01  1.432858e+02
   endloop
 endfacet
 facet normal  5.749273e-01 -4.139624e-01  7.057576e-01
   outer loop
     vertex -2.135647e+01 -1.583511e+01  1.432858e+02
     vertex -2.133499e+01 -1.584790e+01  1.432608e+02
     vertex -2.102943e+01 -1.542352e+01  1.432608e+02
   endloop
 endfacet
 facet normal  6.380767e-01 -3.078383e-01  7.057576e-01
   outer loop
     vertex -2.158559e+01 -1.631003e+01  1.432858e+02
     vertex -2.156222e+01 -1.631889e+01  1.432608e+02
     vertex -2.133499e+01 -1.584790e+01  1.432608e+02
   endloop
 endfacet
 facet normal  6.380767e-01 -3.078383e-01  7.057576e-01
   outer loop
     vertex -2.158559e+01 -1.631003e+01  1.432858e+02
     vertex -2.133499e+01 -1.584790e+01  1.432608e+02
     vertex -2.135647e+01 -1.583511e+01  1.432858e+02
   endloop
 endfacet
 facet normal  6.818384e-01 -1.923607e-01  7.057576e-01
   outer loop
     vertex -2.172876e+01 -1.681751e+01  1.432858e+02
     vertex -2.170420e+01 -1.682217e+01  1.432608e+02
     vertex -2.156222e+01 -1.631889e+01  1.432608e+02
   endloop
 endfacet
 facet normal  6.818384e-01 -1.923607e-01  7.057576e-01
   outer loop
     vertex -2.172876e+01 -1.681751e+01  1.432858e+02
     vertex -2.156222e+01 -1.631889e+01  1.432608e+02
     vertex -2.158559e+01 -1.631003e+01  1.432858e+02
   endloop
 endfacet
 facet normal  7.048828e-01 -7.103832e-02  7.057576e-01
   outer loop
     vertex -2.178164e+01 -1.734214e+01  1.432858e+02
     vertex -2.175664e+01 -1.734247e+01  1.432608e+02
     vertex -2.170420e+01 -1.682217e+01  1.432608e+02
   endloop
 endfacet
 facet normal  7.048828e-01 -7.103832e-02  7.057576e-01
   outer loop
     vertex -2.178164e+01 -1.734214e+01  1.432858e+02
     vertex -2.170420e+01 -1.682217e+01  1.432608e+02
     vertex -2.172876e+01 -1.681751e+01  1.432858e+02
   endloop
 endfacet
 facet normal  7.065098e-01  5.244254e-02  7.057576e-01
   outer loop
     vertex -2.174261e+01 -1.786799e+01  1.432858e+02
     vertex -2.171793e+01 -1.786397e+01  1.432608e+02
     vertex -2.175664e+01 -1.734247e+01  1.432608e+02
   endloop
 endfacet
 facet normal  7.065098e-01  5.244254e-02  7.057576e-01
   outer loop
     vertex -2.174261e+01 -1.786799e+01  1.432858e+02
     vertex -2.175664e+01 -1.734247e+01  1.432608e+02
     vertex -2.178164e+01 -1.734214e+01  1.432858e+02
   endloop
 endfacet
 facet normal  6.866697e-01  1.743299e-01  7.057576e-01
   outer loop
     vertex -2.161285e+01 -1.837907e+01  1.432858e+02
     vertex -2.158925e+01 -1.837083e+01  1.432608e+02
     vertex -2.171793e+01 -1.786397e+01  1.432608e+02
   endloop
 endfacet
 facet normal  6.866697e-01  1.743299e-01  7.057576e-01
   outer loop
     vertex -2.161285e+01 -1.837907e+01  1.432858e+02
     vertex -2.171793e+01 -1.786397e+01  1.432608e+02
     vertex -2.174261e+01 -1.786799e+01  1.432858e+02
   endloop
 endfacet
 facet normal  6.459656e-01  2.909204e-01  7.057576e-01
   outer loop
     vertex -2.139633e+01 -1.885985e+01  1.432858e+02
     vertex -2.137451e+01 -1.884764e+01  1.432608e+02
     vertex -2.158925e+01 -1.837083e+01  1.432608e+02
   endloop
 endfacet
 facet normal  6.459656e-01  2.909204e-01  7.057576e-01
   outer loop
     vertex -2.139633e+01 -1.885985e+01  1.432858e+02
     vertex -2.158925e+01 -1.837083e+01  1.432608e+02
     vertex -2.161285e+01 -1.837907e+01  1.432858e+02
   endloop
 endfacet
 facet normal  5.856341e-01  3.986715e-01  7.057576e-01
   outer loop
     vertex -2.109960e+01 -1.929573e+01  1.432858e+02
     vertex -2.108024e+01 -1.927992e+01  1.432608e+02
     vertex -2.137451e+01 -1.884764e+01  1.432608e+02
   endloop
 endfacet
 facet normal  5.856341e-01  3.986715e-01  7.057576e-01
   outer loop
     vertex -2.109960e+01 -1.929573e+01  1.432858e+02
     vertex -2.137451e+01 -1.884764e+01  1.432608e+02
     vertex -2.139633e+01 -1.885985e+01  1.432858e+02
   endloop
 endfacet
 facet normal  5.075085e-01  4.943090e-01  7.057576e-01
   outer loop
     vertex -2.073169e+01 -1.967346e+01  1.432858e+02
     vertex -2.071537e+01 -1.965453e+01  1.432608e+02
     vertex -2.108024e+01 -1.927992e+01  1.432608e+02
   endloop
 endfacet
 facet normal  5.075085e-01  4.943090e-01  7.057576e-01
   outer loop
     vertex -2.073169e+01 -1.967346e+01  1.432858e+02
     vertex -2.108024e+01 -1.927992e+01  1.432608e+02
     vertex -2.109960e+01 -1.929573e+01  1.432858e+02
   endloop
 endfacet
 facet normal  4.139624e-01  5.749273e-01  7.057576e-01
   outer loop
     vertex -2.030378e+01 -1.998157e+01  1.432858e+02
     vertex -2.029100e+01 -1.996009e+01  1.432608e+02
     vertex -2.071537e+01 -1.965453e+01  1.432608e+02
   endloop
 endfacet
 facet normal  4.139624e-01  5.749273e-01  7.057576e-01
   outer loop
     vertex -2.030378e+01 -1.998157e+01  1.432858e+02
     vertex -2.071537e+01 -1.965453e+01  1.432608e+02
     vertex -2.073169e+01 -1.967346e+01  1.432858e+02
   endloop
 endfacet
 facet normal  3.078383e-01  6.380767e-01  7.057576e-01
   outer loop
     vertex -1.982887e+01 -2.021069e+01  1.432858e+02
     vertex -1.982001e+01 -2.018731e+01  1.432608e+02
     vertex -2.029100e+01 -1.996009e+01  1.432608e+02
   endloop
 endfacet
 facet normal  3.078383e-01  6.380767e-01  7.057576e-01
   outer loop
     vertex -1.982887e+01 -2.021069e+01  1.432858e+02
     vertex -2.029100e+01 -1.996009e+01  1.432608e+02
     vertex -2.030378e+01 -1.998157e+01  1.432858e+02
   endloop
 endfacet
 facet normal  1.923607e-01  6.818384e-01  7.057576e-01
   outer loop
     vertex -1.931672e+01 -2.032930e+01  1.432608e+02
     vertex -1.982001e+01 -2.018731e+01  1.432608e+02
     vertex -1.982887e+01 -2.021069e+01  1.432858e+02
   endloop
 endfacet
 facet normal  1.923607e-01  6.818384e-01  7.057576e-01
   outer loop
     vertex -1.932139e+01 -2.035386e+01  1.432858e+02
     vertex -1.931672e+01 -2.032930e+01  1.432608e+02
     vertex -1.982887e+01 -2.021069e+01  1.432858e+02
   endloop
 endfacet
 facet normal  7.103832e-02  7.048828e-01  7.057576e-01
   outer loop
     vertex -1.879675e+01 -2.040673e+01  1.432858e+02
     vertex -1.879642e+01 -2.038174e+01  1.432608e+02
     vertex -1.931672e+01 -2.032930e+01  1.432608e+02
   endloop
 endfacet
 facet normal  7.103832e-02  7.048828e-01  7.057576e-01
   outer loop
     vertex -1.879675e+01 -2.040673e+01  1.432858e+02
     vertex -1.931672e+01 -2.032930e+01  1.432608e+02
     vertex -1.932139e+01 -2.035386e+01  1.432858e+02
   endloop
 endfacet
 facet normal -5.244254e-02  7.065098e-01  7.057576e-01
   outer loop
     vertex -1.827492e+01 -2.034303e+01  1.432608e+02
     vertex -1.879642e+01 -2.038174e+01  1.432608e+02
     vertex -1.879675e+01 -2.040673e+01  1.432858e+02
   endloop
 endfacet
 facet normal -5.244254e-02  7.065098e-01  7.057576e-01
   outer loop
     vertex -1.827091e+01 -2.036770e+01  1.432858e+02
     vertex -1.827492e+01 -2.034303e+01  1.432608e+02
     vertex -1.879675e+01 -2.040673e+01  1.432858e+02
   endloop
 endfacet
 facet normal -1.743299e-01  6.866697e-01  7.057576e-01
   outer loop
     vertex -1.775983e+01 -2.023795e+01  1.432858e+02
     vertex -1.827492e+01 -2.034303e+01  1.432608e+02
     vertex -1.827091e+01 -2.036770e+01  1.432858e+02
   endloop
 endfacet
 facet normal -1.743299e-01  6.866697e-01  7.057576e-01
   outer loop
     vertex -1.775983e+01 -2.023795e+01  1.432858e+02
     vertex -1.776807e+01 -2.021435e+01  1.432608e+02
     vertex -1.827492e+01 -2.034303e+01  1.432608e+02
   endloop
 endfacet
 facet normal -2.909204e-01  6.459656e-01  7.057576e-01
   outer loop
     vertex -1.727904e+01 -2.002142e+01  1.432858e+02
     vertex -1.776807e+01 -2.021435e+01  1.432608e+02
     vertex -1.775983e+01 -2.023795e+01  1.432858e+02
   endloop
 endfacet
 facet normal -2.909204e-01  6.459656e-01  7.057576e-01
   outer loop
     vertex -1.727904e+01 -2.002142e+01  1.432858e+02
     vertex -1.729126e+01 -1.999961e+01  1.432608e+02
     vertex -1.776807e+01 -2.021435e+01  1.432608e+02
   endloop
 endfacet
 facet normal -3.986715e-01  5.856341e-01  7.057576e-01
   outer loop
     vertex -1.684316e+01 -1.972470e+01  1.432858e+02
     vertex -1.729126e+01 -1.999961e+01  1.432608e+02
     vertex -1.727904e+01 -2.002142e+01  1.432858e+02
   endloop
 endfacet
 facet normal -3.986715e-01  5.856341e-01  7.057576e-01
   outer loop
     vertex -1.684316e+01 -1.972470e+01  1.432858e+02
     vertex -1.685898e+01 -1.970534e+01  1.432608e+02
     vertex -1.729126e+01 -1.999961e+01  1.432608e+02
   endloop
 endfacet
 facet normal -4.943090e-01  5.075085e-01  7.057576e-01
   outer loop
     vertex -1.646543e+01 -1.935679e+01  1.432858e+02
     vertex -1.685898e+01 -1.970534e+01  1.432608e+02
     vertex -1.684316e+01 -1.972470e+01  1.432858e+02
   endloop
 endfacet
 facet normal -4.943090e-01  5.075085e-01  7.057576e-01
   outer loop
     vertex -1.646543e+01 -1.935679e+01  1.432858e+02
     vertex -1.648437e+01 -1.934047e+01  1.432608e+02
     vertex -1.685898e+01 -1.970534e+01  1.432608e+02
   endloop
 endfacet
 facet normal -9.918511e-01  9.295317e-02  8.712732e-02
   outer loop
     vertex -1.789402e+01 -6.264029e+00  1.452700e+02
     vertex -1.795571e+01 -6.611531e+00  1.449385e+02
     vertex -1.792539e+01 -6.613589e+00  1.452858e+02
   endloop
 endfacet
 facet normal -5.089477e-01 -1.997664e-01 -8.372966e-01
   outer loop
     vertex -1.600385e+01 -1.933024e+00  1.432858e+02
     vertex -1.738743e+01 -4.224390e+00  1.446735e+02
     vertex -1.685726e+01 -3.130181e+00  1.440902e+02
   endloop
 endfacet
 facet normal  0.000000e+00  0.000000e+00  0.000000e+00
   outer loop
     vertex -1.600385e+01 -1.933024e+00  1.432858e+02
     vertex -1.600385e+01 -1.933024e+00  1.432858e+02
     vertex -1.685726e+01 -3.130181e+00  1.440902e+02
   endloop
 endfacet
 facet normal -8.170832e-01  5.820232e-02  5.735743e-01
   outer loop
     vertex -1.811808e+01 -6.300976e+00  1.443623e+02
     vertex -1.839223e+01 -6.581887e+00  1.440002e+02
     vertex -1.819273e+01 -6.595435e+00  1.442858e+02
   endloop
 endfacet
 facet normal -7.004009e-01 -1.996208e-01  6.852665e-01
   outer loop
     vertex -1.811808e+01 -6.300976e+00  1.443623e+02
     vertex -1.863818e+01 -6.565184e+00  1.437537e+02
     vertex -1.839223e+01 -6.581887e+00  1.440002e+02
   endloop
 endfacet
 facet normal -8.990987e-01  1.164509e-01  4.219724e-01
   outer loop
     vertex -1.805068e+01 -6.297902e+00  1.445064e+02
     vertex -1.819273e+01 -6.595435e+00  1.442858e+02
     vertex -1.804573e+01 -6.605417e+00  1.446018e+02
   endloop
 endfacet
 facet normal -9.002867e-01  1.195478e-01  4.185596e-01
   outer loop
     vertex -1.805068e+01 -6.297902e+00  1.445064e+02
     vertex -1.811808e+01 -6.300976e+00  1.443623e+02
     vertex -1.819273e+01 -6.595435e+00  1.442858e+02
   endloop
 endfacet
 facet normal -9.595485e-01  1.114549e-01  2.585428e-01
   outer loop
     vertex -1.799591e+01 -6.293281e+00  1.446521e+02
     vertex -1.804573e+01 -6.605417e+00  1.446018e+02
     vertex -1.795571e+01 -6.611531e+00  1.449385e+02
   endloop
 endfacet
 facet normal -9.763902e-01  1.516617e-01  1.538212e-01
   outer loop
     vertex -1.799591e+01 -6.293281e+00  1.446521e+02
     vertex -1.789402e+01 -6.264029e+00  1.452700e+02
     vertex -1.784640e+01 -5.910261e+00  1.452235e+02
   endloop
 endfacet
 facet normal -9.866191e-01  2.088802e-02  1.616989e-01
   outer loop
     vertex -1.799591e+01 -6.293281e+00  1.446521e+02
     vertex -1.795571e+01 -6.611531e+00  1.449385e+02
     vertex -1.789402e+01 -6.264029e+00  1.452700e+02
   endloop
 endfacet
 facet normal -9.330185e-01  9.284497e-02  3.476438e-01
   outer loop
     vertex -1.799591e+01 -6.293281e+00  1.446521e+02
     vertex -1.805068e+01 -6.297902e+00  1.445064e+02
     vertex -1.804573e+01 -6.605417e+00  1.446018e+02
   endloop
 endfacet
 facet normal -7.725405e-01  2.552546e-01  5.814002e-01
   outer loop
     vertex -1.820934e+01 -6.008515e+00  1.441126e+02
     vertex -1.831118e+01 -6.010890e+00  1.439783e+02
     vertex -1.811808e+01 -6.300976e+00  1.443623e+02
   endloop
 endfacet
 facet normal -8.306794e-01  1.881162e-01  5.240077e-01
   outer loop
     vertex -1.812378e+01 -6.003636e+00  1.442465e+02
     vertex -1.820934e+01 -6.008515e+00  1.441126e+02
     vertex -1.811808e+01 -6.300976e+00  1.443623e+02
   endloop
 endfacet
 facet normal -9.481780e-01  2.415039e-01  2.064809e-01
   outer loop
     vertex -1.805203e+01 -5.996605e+00  1.443802e+02
     vertex -1.784640e+01 -5.910261e+00  1.452235e+02
     vertex -1.770956e+01 -5.233982e+00  1.450609e+02
   endloop
 endfacet
 facet normal -8.730299e-01  1.623223e-01  4.598589e-01
   outer loop
     vertex -1.805203e+01 -5.996605e+00  1.443802e+02
     vertex -1.812378e+01 -6.003636e+00  1.442465e+02
     vertex -1.811808e+01 -6.300976e+00  1.443623e+02
   endloop
 endfacet
 facet normal -8.940734e-01  1.695604e-01  4.145865e-01
   outer loop
     vertex -1.805203e+01 -5.996605e+00  1.443802e+02
     vertex -1.811808e+01 -6.300976e+00  1.443623e+02
     vertex -1.805068e+01 -6.297902e+00  1.445064e+02
   endloop
 endfacet
 facet normal -9.283282e-01  1.400190e-01  3.443857e-01
   outer loop
     vertex -1.805203e+01 -5.996605e+00  1.443802e+02
     vertex -1.805068e+01 -6.297902e+00  1.445064e+02
     vertex -1.799591e+01 -6.293281e+00  1.446521e+02
   endloop
 endfacet
 facet normal -9.717955e-01  3.048946e-02  2.338459e-01
   outer loop
     vertex -1.805203e+01 -5.996605e+00  1.443802e+02
     vertex -1.799591e+01 -6.293281e+00  1.446521e+02
     vertex -1.784640e+01 -5.910261e+00  1.452235e+02
   endloop
 endfacet
 facet normal -8.906821e-01  3.799689e-01  2.496177e-01
   outer loop
     vertex -1.813334e+01 -5.533583e+00  1.440048e+02
     vertex -1.770956e+01 -5.233982e+00  1.450609e+02
     vertex -1.738743e+01 -4.224390e+00  1.446735e+02
   endloop
 endfacet
 facet normal -7.724784e-01  2.555619e-01  5.813477e-01
   outer loop
     vertex -1.813334e+01 -5.533583e+00  1.440048e+02
     vertex -1.831118e+01 -6.010890e+00  1.439783e+02
     vertex -1.820934e+01 -6.008515e+00  1.441126e+02
   endloop
 endfacet
 facet normal -9.327811e-01  1.135527e-01  3.420894e-01
   outer loop
     vertex -1.813334e+01 -5.533583e+00  1.440048e+02
     vertex -1.805203e+01 -5.996605e+00  1.443802e+02
     vertex -1.770956e+01 -5.233982e+00  1.450609e+02
   endloop
 endfacet
 facet normal -8.203371e-01  2.482088e-01  5.152081e-01
   outer loop
     vertex -1.813334e+01 -5.533583e+00  1.440048e+02
     vertex -1.820934e+01 -6.008515e+00  1.441126e+02
     vertex -1.812378e+01 -6.003636e+00  1.442465e+02
   endloop
 endfacet
 facet normal -8.627256e-01  5.049863e-01 -2.633166e-02
   outer loop
     vertex -1.813334e+01 -5.533583e+00  1.440048e+02
     vertex -1.738743e+01 -4.224390e+00  1.446735e+02
     vertex -1.600385e+01 -1.933024e+00  1.432858e+02
   endloop
 endfacet
 facet normal -8.652001e-01  2.152489e-01  4.528760e-01
   outer loop
     vertex -1.813334e+01 -5.533583e+00  1.440048e+02
     vertex -1.812378e+01 -6.003636e+00  1.442465e+02
     vertex -1.805203e+01 -5.996605e+00  1.443802e+02
   endloop
 endfacet
 facet normal -2.623557e-01 -5.279144e-02  9.635261e-01
   outer loop
     vertex -1.901330e+01 -6.266509e+00  1.434818e+02
     vertex -1.957430e+01 -6.501613e+00  1.433162e+02
     vertex -1.923833e+01 -6.524428e+00  1.434064e+02
   endloop
 endfacet
 facet normal -1.066825e-01 -3.898414e-01  9.146817e-01
   outer loop
     vertex -1.901330e+01 -6.266509e+00  1.434818e+02
     vertex -1.992080e+01 -6.478082e+00  1.432858e+02
     vertex -1.957430e+01 -6.501613e+00  1.433162e+02
   endloop
 endfacet
 facet normal -5.674419e-01  9.590733e-02  8.178090e-01
   outer loop
     vertex -1.885783e+01 -6.277683e+00  1.435676e+02
     vertex -1.892310e+01 -6.545836e+00  1.435538e+02
     vertex -1.863818e+01 -6.565184e+00  1.437537e+02
   endloop
 endfacet
 facet normal -4.196776e-01  5.539090e-02  9.059815e-01
   outer loop
     vertex -1.885783e+01 -6.277683e+00  1.435676e+02
     vertex -1.923833e+01 -6.524428e+00  1.434064e+02
     vertex -1.892310e+01 -6.545836e+00  1.435538e+02
   endloop
 endfacet
 facet normal -6.672247e-01  3.931729e-01  6.326344e-01
   outer loop
     vertex -1.885783e+01 -6.277683e+00  1.435676e+02
     vertex -1.811808e+01 -6.300976e+00  1.443623e+02
     vertex -1.831118e+01 -6.010890e+00  1.439783e+02
   endloop
 endfacet
 facet normal -7.284247e-01 -1.198139e-01  6.745681e-01
   outer loop
     vertex -1.885783e+01 -6.277683e+00  1.435676e+02
     vertex -1.863818e+01 -6.565184e+00  1.437537e+02
     vertex -1.811808e+01 -6.300976e+00  1.443623e+02
   endloop
 endfacet
 facet normal -4.686840e-01  1.546461e-01  8.697240e-01
   outer loop
     vertex -1.885783e+01 -6.277683e+00  1.435676e+02
     vertex -1.901330e+01 -6.266509e+00  1.434818e+02
     vertex -1.923833e+01 -6.524428e+00  1.434064e+02
   endloop
 endfacet
 facet normal -3.116475e-01  2.685787e-01  9.114501e-01
   outer loop
     vertex -1.887682e+01 -6.051050e+00  1.435170e+02
     vertex -1.600385e+01 -1.933024e+00  1.432858e+02
     vertex -1.992080e+01 -6.478082e+00  1.432858e+02
   endloop
 endfacet
 facet normal -2.043481e-01 -2.999713e-02  9.784386e-01
   outer loop
     vertex -1.887682e+01 -6.051050e+00  1.435170e+02
     vertex -1.992080e+01 -6.478082e+00  1.432858e+02
     vertex -1.901330e+01 -6.266509e+00  1.434818e+02
   endloop
 endfacet
 facet normal -6.284461e-01  1.923350e-01  7.536994e-01
   outer loop
     vertex -1.887682e+01 -6.051050e+00  1.435170e+02
     vertex -1.831118e+01 -6.010890e+00  1.439783e+02
     vertex -1.813334e+01 -5.533583e+00  1.440048e+02
   endloop
 endfacet
 facet normal -6.910810e-01  5.108351e-01  5.113263e-01
   outer loop
     vertex -1.887682e+01 -6.051050e+00  1.435170e+02
     vertex -1.813334e+01 -5.533583e+00  1.440048e+02
     vertex -1.600385e+01 -1.933024e+00  1.432858e+02
   endloop
 endfacet
 facet normal -6.326827e-01  1.180715e-01  7.653573e-01
   outer loop
     vertex -1.887682e+01 -6.051050e+00  1.435170e+02
     vertex -1.885783e+01 -6.277683e+00  1.435676e+02
     vertex -1.831118e+01 -6.010890e+00  1.439783e+02
   endloop
 endfacet
 facet normal -4.686198e-01  1.551358e-01  8.696714e-01
   outer loop
     vertex -1.887682e+01 -6.051050e+00  1.435170e+02
     vertex -1.901330e+01 -6.266509e+00  1.434818e+02
     vertex -1.885783e+01 -6.277683e+00  1.435676e+02
   endloop
 endfacet
 facet normal -4.217687e-02 -1.777049e-03  9.991086e-01
   outer loop
     vertex -1.994175e+01 -7.356859e+00  1.432858e+02
     vertex -1.992325e+01 -7.796088e+00  1.432858e+02
     vertex -1.976254e+01 -7.716486e+00  1.432927e+02
   endloop
 endfacet
 facet normal -9.964283e-01  4.132226e-02  7.364209e-02
   outer loop
     vertex -1.793505e+01 -6.782005e+00  1.452858e+02
     vertex -1.796074e+01 -6.875977e+00  1.449910e+02
     vertex -1.793854e+01 -6.866280e+00  1.452858e+02
   endloop
 endfacet
 facet normal -2.388894e-01 -8.918195e-03  9.710058e-01
   outer loop
     vertex -1.960737e+01 -7.509062e+00  1.433132e+02
     vertex -1.960184e+01 -7.637584e+00  1.433134e+02
     vertex -1.931469e+01 -7.498357e+00  1.433853e+02
   endloop
 endfacet
 facet normal -1.255571e-01 -4.015102e-03  9.920783e-01
   outer loop
     vertex -1.960737e+01 -7.509062e+00  1.433132e+02
     vertex -1.976254e+01 -7.716486e+00  1.432927e+02
     vertex -1.960184e+01 -7.637584e+00  1.433134e+02
   endloop
 endfacet
 facet normal -9.420080e-02 -2.777739e-02  9.951656e-01
   outer loop
     vertex -1.960737e+01 -7.509062e+00  1.433132e+02
     vertex -1.994175e+01 -7.356859e+00  1.432858e+02
     vertex -1.976254e+01 -7.716486e+00  1.432927e+02
   endloop
 endfacet
 facet normal -8.319709e-02  1.545073e-04  9.965331e-01
   outer loop
     vertex -1.961332e+01 -7.254929e+00  1.433132e+02
     vertex -1.994094e+01 -6.917240e+00  1.432858e+02
     vertex -1.994175e+01 -7.356859e+00  1.432858e+02
   endloop
 endfacet
 facet normal -8.255344e-02 -1.933301e-03  9.965848e-01
   outer loop
     vertex -1.961332e+01 -7.254929e+00  1.433132e+02
     vertex -1.994175e+01 -7.356859e+00  1.432858e+02
     vertex -1.960737e+01 -7.509062e+00  1.433132e+02
   endloop
 endfacet
 facet normal -8.317889e-02  1.722932e-04  9.965346e-01
   outer loop
     vertex -1.961283e+01 -7.016246e+00  1.433132e+02
     vertex -1.994094e+01 -6.917240e+00  1.432858e+02
     vertex -1.961332e+01 -7.254929e+00  1.433132e+02
   endloop
 endfacet
 facet normal -3.828881e-01 -8.740809e-03  9.237534e-01
   outer loop
     vertex -1.932044e+01 -7.251921e+00  1.433853e+02
     vertex -1.931469e+01 -7.498357e+00  1.433853e+02
     vertex -1.903975e+01 -7.367318e+00  1.435005e+02
   endloop
 endfacet
 facet normal -2.388303e-01 -5.593116e-03  9.710452e-01
   outer loop
     vertex -1.932044e+01 -7.251921e+00  1.433853e+02
     vertex -1.961332e+01 -7.254929e+00  1.433132e+02
     vertex -1.960737e+01 -7.509062e+00  1.433132e+02
   endloop
 endfacet
 facet normal -2.390177e-01 -5.371400e-03  9.710003e-01
   outer loop
     vertex -1.932044e+01 -7.251921e+00  1.433853e+02
     vertex -1.960737e+01 -7.509062e+00  1.433132e+02
     vertex -1.931469e+01 -7.498357e+00  1.433853e+02
   endloop
 endfacet
 facet normal -8.314280e-02  3.812487e-03  9.965304e-01
   outer loop
     vertex -1.960795e+01 -6.818520e+00  1.433132e+02
     vertex -1.992080e+01 -6.478082e+00  1.432858e+02
     vertex -1.994094e+01 -6.917240e+00  1.432858e+02
   endloop
 endfacet
 facet normal -8.262018e-02  2.036168e-03  9.965790e-01
   outer loop
     vertex -1.960795e+01 -6.818520e+00  1.433132e+02
     vertex -1.994094e+01 -6.917240e+00  1.432858e+02
     vertex -1.961283e+01 -7.016246e+00  1.433132e+02
   endloop
 endfacet
 facet normal -2.388930e-01  4.948328e-04  9.710458e-01
   outer loop
     vertex -1.931996e+01 -7.020467e+00  1.433853e+02
     vertex -1.961332e+01 -7.254929e+00  1.433132e+02
     vertex -1.932044e+01 -7.251921e+00  1.433853e+02
   endloop
 endfacet
 facet normal -2.388930e-01  4.948328e-04  9.710458e-01
   outer loop
     vertex -1.931996e+01 -7.020467e+00  1.433853e+02
     vertex -1.961283e+01 -7.016246e+00  1.433132e+02
     vertex -1.961332e+01 -7.254929e+00  1.433132e+02
   endloop
 endfacet
 facet normal -8.794542e-02 -8.812363e-03  9.960863e-01
   outer loop
     vertex -1.959798e+01 -6.602194e+00  1.433132e+02
     vertex -1.957430e+01 -6.501613e+00  1.433162e+02
     vertex -1.992080e+01 -6.478082e+00  1.432858e+02
   endloop
 endfacet
 facet normal -8.312207e-02  3.831673e-03  9.965320e-01
   outer loop
     vertex -1.959798e+01 -6.602194e+00  1.433132e+02
     vertex -1.992080e+01 -6.478082e+00  1.432858e+02
     vertex -1.960795e+01 -6.818520e+00  1.433132e+02
   endloop
 endfacet
 facet normal -5.173027e-01 -8.855973e-03  8.557567e-01
   outer loop
     vertex -1.904174e+01 -7.249059e+00  1.435006e+02
     vertex -1.903975e+01 -7.367318e+00  1.435005e+02
     vertex -1.878164e+01 -7.246387e+00  1.436578e+02
   endloop
 endfacet
 facet normal -3.821382e-01 -6.588816e-03  9.240817e-01
   outer loop
     vertex -1.904174e+01 -7.249059e+00  1.435006e+02
     vertex -1.932044e+01 -7.251921e+00  1.433853e+02
     vertex -1.903975e+01 -7.367318e+00  1.435005e+02
   endloop
 endfacet
 facet normal -2.388156e-01  5.885592e-03  9.710471e-01
   outer loop
     vertex -1.931524e+01 -6.828731e+00  1.433853e+02
     vertex -1.961283e+01 -7.016246e+00  1.433132e+02
     vertex -1.931996e+01 -7.020467e+00  1.433853e+02
   endloop
 endfacet
 facet normal -2.388156e-01  5.885592e-03  9.710471e-01
   outer loop
     vertex -1.931524e+01 -6.828731e+00  1.433853e+02
     vertex -1.960795e+01 -6.818520e+00  1.433132e+02
     vertex -1.961283e+01 -7.016246e+00  1.433132e+02
   endloop
 endfacet
 facet normal -3.822112e-01  7.916961e-04  9.240747e-01
   outer loop
     vertex -1.904128e+01 -7.024484e+00  1.435006e+02
     vertex -1.931996e+01 -7.020467e+00  1.433853e+02
     vertex -1.932044e+01 -7.251921e+00  1.433853e+02
   endloop
 endfacet
 facet normal -3.822112e-01  7.916961e-04  9.240747e-01
   outer loop
     vertex -1.904128e+01 -7.024484e+00  1.435006e+02
     vertex -1.932044e+01 -7.251921e+00  1.433853e+02
     vertex -1.904174e+01 -7.249059e+00  1.435006e+02
   endloop
 endfacet
 facet normal -2.611691e-01 -3.019865e-02  9.648206e-01
   outer loop
     vertex -1.930557e+01 -6.618956e+00  1.433853e+02
     vertex -1.923833e+01 -6.524428e+00  1.434064e+02
     vertex -1.957430e+01 -6.501613e+00  1.433162e+02
   endloop
 endfacet
 facet normal -2.376878e-01  2.719099e-02  9.709609e-01
   outer loop
     vertex -1.930557e+01 -6.618956e+00  1.433853e+02
     vertex -1.957430e+01 -6.501613e+00  1.433162e+02
     vertex -1.959798e+01 -6.602194e+00  1.433132e+02
   endloop
 endfacet
 facet normal -2.386370e-01  1.100044e-02  9.710465e-01
   outer loop
     vertex -1.930557e+01 -6.618956e+00  1.433853e+02
     vertex -1.960795e+01 -6.818520e+00  1.433132e+02
     vertex -1.931524e+01 -6.828731e+00  1.433853e+02
   endloop
 endfacet
 facet normal -2.386370e-01  1.100044e-02  9.710465e-01
   outer loop
     vertex -1.930557e+01 -6.618956e+00  1.433853e+02
     vertex -1.959798e+01 -6.602194e+00  1.433132e+02
     vertex -1.960795e+01 -6.818520e+00  1.433132e+02
   endloop
 endfacet
 facet normal -3.820882e-01  9.416534e-03  9.240779e-01
   outer loop
     vertex -1.903669e+01 -6.838447e+00  1.435006e+02
     vertex -1.931996e+01 -7.020467e+00  1.433853e+02
     vertex -1.904128e+01 -7.024484e+00  1.435006e+02
   endloop
 endfacet
 facet normal -3.820882e-01  9.416534e-03  9.240779e-01
   outer loop
     vertex -1.903669e+01 -6.838447e+00  1.435006e+02
     vertex -1.931524e+01 -6.828731e+00  1.433853e+02
     vertex -1.931996e+01 -7.020467e+00  1.433853e+02
   endloop
 endfacet
 facet normal -6.429223e-01  1.433633e-03  7.659300e-01
   outer loop
     vertex -1.878117e+01 -7.028233e+00  1.436578e+02
     vertex -1.878164e+01 -7.246387e+00  1.436578e+02
     vertex -1.854560e+01 -7.137619e+00  1.438557e+02
   endloop
 endfacet
 facet normal -5.173981e-01  1.173783e-03  8.557440e-01
   outer loop
     vertex -1.878117e+01 -7.028233e+00  1.436578e+02
     vertex -1.904174e+01 -7.249059e+00  1.435006e+02
     vertex -1.878164e+01 -7.246387e+00  1.436578e+02
   endloop
 endfacet
 facet normal -5.173347e-01  1.071585e-03  8.557825e-01
   outer loop
     vertex -1.878117e+01 -7.028233e+00  1.436578e+02
     vertex -1.904128e+01 -7.024484e+00  1.435006e+02
     vertex -1.904174e+01 -7.249059e+00  1.435006e+02
   endloop
 endfacet
 facet normal -5.171697e-01  1.274561e-02  8.557879e-01
   outer loop
     vertex -1.878117e+01 -7.028233e+00  1.436578e+02
     vertex -1.903669e+01 -6.838447e+00  1.435006e+02
     vertex -1.904128e+01 -7.024484e+00  1.435006e+02
   endloop
 endfacet
 facet normal -4.253999e-01 -4.244434e-02  9.040096e-01
   outer loop
     vertex -1.902731e+01 -6.634907e+00  1.435006e+02
     vertex -1.892310e+01 -6.545836e+00  1.435538e+02
     vertex -1.923833e+01 -6.524428e+00  1.434064e+02
   endloop
 endfacet
 facet normal -3.788903e-01  6.283023e-02  9.233063e-01
   outer loop
     vertex -1.902731e+01 -6.634907e+00  1.435006e+02
     vertex -1.923833e+01 -6.524428e+00  1.434064e+02
     vertex -1.930557e+01 -6.618956e+00  1.433853e+02
   endloop
 endfacet
 facet normal -3.818021e-01  1.759991e-02  9.240765e-01
   outer loop
     vertex -1.902731e+01 -6.634907e+00  1.435006e+02
     vertex -1.930557e+01 -6.618956e+00  1.433853e+02
     vertex -1.931524e+01 -6.828731e+00  1.433853e+02
   endloop
 endfacet
 facet normal -3.818021e-01  1.759991e-02  9.240765e-01
   outer loop
     vertex -1.902731e+01 -6.634907e+00  1.435006e+02
     vertex -1.931524e+01 -6.828731e+00  1.433853e+02
     vertex -1.903669e+01 -6.838447e+00  1.435006e+02
   endloop
 endfacet
 facet normal -5.171697e-01  1.274561e-02  8.557879e-01
   outer loop
     vertex -1.877672e+01 -6.847515e+00  1.436578e+02
     vertex -1.903669e+01 -6.838447e+00  1.435006e+02
     vertex -1.878117e+01 -7.028233e+00  1.436578e+02
   endloop
 endfacet
 facet normal -7.587771e-01  6.288210e-03  6.513201e-01
   outer loop
     vertex -1.854472e+01 -7.031642e+00  1.438557e+02
     vertex -1.854560e+01 -7.137619e+00  1.438557e+02
     vertex -1.831900e+01 -7.034895e+00  1.441187e+02
   endloop
 endfacet
 facet normal -6.418583e-01  5.308009e-03  7.668049e-01
   outer loop
     vertex -1.854472e+01 -7.031642e+00  1.438557e+02
     vertex -1.878117e+01 -7.028233e+00  1.436578e+02
     vertex -1.854560e+01 -7.137619e+00  1.438557e+02
   endloop
 endfacet
 facet normal -6.416981e-01  1.581460e-02  7.667943e-01
   outer loop
     vertex -1.854472e+01 -7.031642e+00  1.438557e+02
     vertex -1.877672e+01 -6.847515e+00  1.436578e+02
     vertex -1.878117e+01 -7.028233e+00  1.436578e+02
   endloop
 endfacet
 facet normal -5.759184e-01 -4.463487e-02  8.162878e-01
   outer loop
     vertex -1.876760e+01 -6.649795e+00  1.436578e+02
     vertex -1.863818e+01 -6.565184e+00  1.437537e+02
     vertex -1.892310e+01 -6.545836e+00  1.435538e+02
   endloop
 endfacet
 facet normal -5.121557e-01  8.876467e-02  8.542935e-01
   outer loop
     vertex -1.876760e+01 -6.649795e+00  1.436578e+02
     vertex -1.892310e+01 -6.545836e+00  1.435538e+02
     vertex -1.902731e+01 -6.634907e+00  1.435006e+02
   endloop
 endfacet
 facet normal -5.167820e-01  2.382207e-02  8.557856e-01
   outer loop
     vertex -1.876760e+01 -6.649795e+00  1.436578e+02
     vertex -1.902731e+01 -6.634907e+00  1.435006e+02
     vertex -1.903669e+01 -6.838447e+00  1.435006e+02
   endloop
 endfacet
 facet normal -5.167820e-01  2.382207e-02  8.557856e-01
   outer loop
     vertex -1.876760e+01 -6.649795e+00  1.436578e+02
     vertex -1.903669e+01 -6.838447e+00  1.435006e+02
     vertex -1.877672e+01 -6.847515e+00  1.436578e+02
   endloop
 endfacet
 facet normal -6.416981e-01  1.581460e-02  7.667943e-01
   outer loop
     vertex -1.854039e+01 -6.855758e+00  1.438557e+02
     vertex -1.877672e+01 -6.847515e+00  1.436578e+02
     vertex -1.854472e+01 -7.031642e+00  1.438557e+02
   endloop
 endfacet
 facet normal -6.412159e-01  2.955809e-02  7.667910e-01
   outer loop
     vertex -1.853152e+01 -6.663328e+00  1.438557e+02
     vertex -1.877672e+01 -6.847515e+00  1.436578e+02
     vertex -1.854039e+01 -6.855758e+00  1.438557e+02
   endloop
 endfacet
 facet normal -7.086945e-01 -3.799255e-02  7.044918e-01
   outer loop
     vertex -1.853152e+01 -6.663328e+00  1.438557e+02
     vertex -1.839223e+01 -6.581887e+00  1.440002e+02
     vertex -1.863818e+01 -6.565184e+00  1.437537e+02
   endloop
 endfacet
 facet normal -7.289876e-01  3.360410e-02  6.837015e-01
   outer loop
     vertex -1.853152e+01 -6.663328e+00  1.438557e+02
     vertex -1.854039e+01 -6.855758e+00  1.438557e+02
     vertex -1.839223e+01 -6.581887e+00  1.440002e+02
   endloop
 endfacet
 facet normal -6.354462e-01  1.045382e-01  7.650359e-01
   outer loop
     vertex -1.853152e+01 -6.663328e+00  1.438557e+02
     vertex -1.863818e+01 -6.565184e+00  1.437537e+02
     vertex -1.876760e+01 -6.649795e+00  1.436578e+02
   endloop
 endfacet
 facet normal -6.412159e-01  2.955809e-02  7.667910e-01
   outer loop
     vertex -1.853152e+01 -6.663328e+00  1.438557e+02
     vertex -1.876760e+01 -6.649795e+00  1.436578e+02
     vertex -1.877672e+01 -6.847515e+00  1.436578e+02
   endloop
 endfacet
 facet normal -7.581984e-01  1.868574e-02  6.517562e-01
   outer loop
     vertex -1.831461e+01 -6.863633e+00  1.441186e+02
     vertex -1.854039e+01 -6.855758e+00  1.438557e+02
     vertex -1.854472e+01 -7.031642e+00  1.438557e+02
   endloop
 endfacet
 facet normal -8.570766e-01  2.231985e-02  5.147053e-01
   outer loop
     vertex -1.831461e+01 -6.863633e+00  1.441186e+02
     vertex -1.831900e+01 -7.034895e+00  1.441187e+02
     vertex -1.814938e+01 -6.959107e+00  1.443979e+02
   endloop
 endfacet
 facet normal -7.585587e-01  1.989153e-02  6.513010e-01
   outer loop
     vertex -1.831461e+01 -6.863633e+00  1.441186e+02
     vertex -1.854472e+01 -7.031642e+00  1.438557e+02
     vertex -1.831900e+01 -7.034895e+00  1.441187e+02
   endloop
 endfacet
 facet normal -7.560185e-01  6.533360e-02  6.512814e-01
   outer loop
     vertex -1.831461e+01 -6.863633e+00  1.441186e+02
     vertex -1.839223e+01 -6.581887e+00  1.440002e+02
     vertex -1.854039e+01 -6.855758e+00  1.438557e+02
   endloop
 endfacet
 facet normal -7.935284e-01  3.657923e-02  6.074329e-01
   outer loop
     vertex -1.830597e+01 -6.676257e+00  1.441186e+02
     vertex -1.839223e+01 -6.581887e+00  1.440002e+02
     vertex -1.831461e+01 -6.863633e+00  1.441186e+02
   endloop
 endfacet
 facet normal -8.200594e-01 -3.295283e-02  5.713289e-01
   outer loop
     vertex -1.830597e+01 -6.676257e+00  1.441186e+02
     vertex -1.819273e+01 -6.595435e+00  1.442858e+02
     vertex -1.839223e+01 -6.581887e+00  1.440002e+02
   endloop
 endfacet
 facet normal -9.271706e-01  2.771116e-02  3.736131e-01
   outer loop
     vertex -1.814671e+01 -6.869490e+00  1.443979e+02
     vertex -1.814938e+01 -6.959107e+00  1.443979e+02
     vertex -1.803345e+01 -6.907876e+00  1.446818e+02
   endloop
 endfacet
 facet normal -8.565069e-01  2.562750e-02  5.154990e-01
   outer loop
     vertex -1.814671e+01 -6.869490e+00  1.443979e+02
     vertex -1.831461e+01 -6.863633e+00  1.441186e+02
     vertex -1.814938e+01 -6.959107e+00  1.443979e+02
   endloop
 endfacet
 facet normal -8.559927e-01  3.945864e-02  5.154799e-01
   outer loop
     vertex -1.813824e+01 -6.685872e+00  1.443979e+02
     vertex -1.830597e+01 -6.676257e+00  1.441186e+02
     vertex -1.831461e+01 -6.863633e+00  1.441186e+02
   endloop
 endfacet
 facet normal -8.485542e-01  1.256244e-01  5.139789e-01
   outer loop
     vertex -1.813824e+01 -6.685872e+00  1.443979e+02
     vertex -1.819273e+01 -6.595435e+00  1.442858e+02
     vertex -1.830597e+01 -6.676257e+00  1.441186e+02
   endloop
 endfacet
 facet normal -9.067028e-01 -2.454008e-02  4.210556e-01
   outer loop
     vertex -1.813824e+01 -6.685872e+00  1.443979e+02
     vertex -1.804573e+01 -6.605417e+00  1.446018e+02
     vertex -1.819273e+01 -6.595435e+00  1.442858e+02
   endloop
 endfacet
 facet normal -8.559927e-01  3.945864e-02  5.154799e-01
   outer loop
     vertex -1.813824e+01 -6.685872e+00  1.443979e+02
     vertex -1.831461e+01 -6.863633e+00  1.441186e+02
     vertex -1.814671e+01 -6.869490e+00  1.443979e+02
   endloop
 endfacet
 facet normal -9.268246e-01  3.233317e-02  3.741000e-01
   outer loop
     vertex -1.803226e+01 -6.873482e+00  1.446818e+02
     vertex -1.814671e+01 -6.869490e+00  1.443979e+02
     vertex -1.803345e+01 -6.907876e+00  1.446818e+02
   endloop
 endfacet
 facet normal -9.208231e-01  1.123805e-01  3.734372e-01
   outer loop
     vertex -1.802392e+01 -6.692426e+00  1.446818e+02
     vertex -1.804573e+01 -6.605417e+00  1.446018e+02
     vertex -1.813824e+01 -6.685872e+00  1.443979e+02
   endloop
 endfacet
 facet normal -9.264128e-01  4.270479e-02  3.740798e-01
   outer loop
     vertex -1.802392e+01 -6.692426e+00  1.446818e+02
     vertex -1.813824e+01 -6.685872e+00  1.443979e+02
     vertex -1.814671e+01 -6.869490e+00  1.443979e+02
   endloop
 endfacet
 facet normal -9.264128e-01  4.270479e-02  3.740798e-01
   outer loop
     vertex -1.802392e+01 -6.692426e+00  1.446818e+02
     vertex -1.814671e+01 -6.869490e+00  1.443979e+02
     vertex -1.803226e+01 -6.873482e+00  1.446818e+02
   endloop
 endfacet
 facet normal -9.660850e-01 -4.909104e-03  2.581777e-01
   outer loop
     vertex -1.802392e+01 -6.692426e+00  1.446818e+02
     vertex -1.795571e+01 -6.611531e+00  1.449385e+02
     vertex -1.804573e+01 -6.605417e+00  1.446018e+02
   endloop
 endfacet
 facet normal -8.251373e-01  5.479363e-01  1.375291e-01
   outer loop
     vertex -1.796928e+01 -6.875679e+00  1.449385e+02
     vertex -1.803345e+01 -6.907876e+00  1.446818e+02
     vertex -1.796074e+01 -6.875977e+00  1.449910e+02
   endloop
 endfacet
 facet normal -9.705891e-01  3.377011e-02  2.383617e-01
   outer loop
     vertex -1.796928e+01 -6.875679e+00  1.449385e+02
     vertex -1.803226e+01 -6.873482e+00  1.446818e+02
     vertex -1.803345e+01 -6.907876e+00  1.446818e+02
   endloop
 endfacet
 facet normal -9.942477e-01  6.225503e-02  8.715454e-02
   outer loop
     vertex -1.796100e+01 -6.696033e+00  1.449385e+02
     vertex -1.793066e+01 -6.697772e+00  1.452858e+02
     vertex -1.792539e+01 -6.613589e+00  1.452858e+02
   endloop
 endfacet
 facet normal -9.948488e-01  5.176894e-02  8.715454e-02
   outer loop
     vertex -1.796100e+01 -6.696033e+00  1.449385e+02
     vertex -1.793505e+01 -6.782005e+00  1.452858e+02
     vertex -1.793066e+01 -6.697772e+00  1.452858e+02
   endloop
 endfacet
 facet normal -9.942477e-01  6.225503e-02  8.715454e-02
   outer loop
     vertex -1.796100e+01 -6.696033e+00  1.449385e+02
     vertex -1.792539e+01 -6.613589e+00  1.452858e+02
     vertex -1.795571e+01 -6.611531e+00  1.449385e+02
   endloop
 endfacet
 facet normal -9.701497e-01  4.472093e-02  2.383476e-01
   outer loop
     vertex -1.796100e+01 -6.696033e+00  1.449385e+02
     vertex -1.802392e+01 -6.692426e+00  1.446818e+02
     vertex -1.803226e+01 -6.873482e+00  1.446818e+02
   endloop
 endfacet
 facet normal -9.692790e-01  6.069161e-02  2.383585e-01
   outer loop
     vertex -1.796100e+01 -6.696033e+00  1.449385e+02
     vertex -1.795571e+01 -6.611531e+00  1.449385e+02
     vertex -1.802392e+01 -6.692426e+00  1.446818e+02
   endloop
 endfacet
 facet normal -9.859292e-01  4.544832e-02  1.608669e-01
   outer loop
     vertex -1.796100e+01 -6.696033e+00  1.449385e+02
     vertex -1.796928e+01 -6.875679e+00  1.449385e+02
     vertex -1.796074e+01 -6.875977e+00  1.449910e+02
   endloop
 endfacet
 facet normal -9.701497e-01  4.472093e-02  2.383476e-01
   outer loop
     vertex -1.796100e+01 -6.696033e+00  1.449385e+02
     vertex -1.803226e+01 -6.873482e+00  1.446818e+02
     vertex -1.796928e+01 -6.875679e+00  1.449385e+02
   endloop
 endfacet
 facet normal -9.965665e-01  2.182138e-02  7.986945e-02
   outer loop
     vertex -1.796100e+01 -6.696033e+00  1.449385e+02
     vertex -1.796074e+01 -6.875977e+00  1.449910e+02
     vertex -1.793505e+01 -6.782005e+00  1.452858e+02
   endloop
 endfacet
 facet normal -2.734217e-02 -3.172671e-02  9.991225e-01
   outer loop
     vertex -9.103843e+00 -1.712028e+01  1.432858e+02
     vertex -1.976254e+01 -7.716486e+00  1.432927e+02
     vertex -1.992325e+01 -7.796088e+00  1.432858e+02
   endloop
 endfacet
 facet normal -8.125474e-02 -9.428461e-02  9.922238e-01
   outer loop
     vertex -9.048840e+00 -1.694959e+01  1.432927e+02
     vertex -1.960184e+01 -7.637584e+00  1.433134e+02
     vertex -1.976254e+01 -7.716486e+00  1.432927e+02
   endloop
 endfacet
 facet normal -2.734217e-02 -3.172671e-02  9.991225e-01
   outer loop
     vertex -9.048840e+00 -1.694959e+01  1.432927e+02
     vertex -1.976254e+01 -7.716486e+00  1.432927e+02
     vertex -9.103843e+00 -1.712028e+01  1.432858e+02
   endloop
 endfacet
 facet normal -1.556701e-01 -1.806330e-01  9.711532e-01
   outer loop
     vertex -8.994529e+00 -1.677900e+01  1.433134e+02
     vertex -1.931469e+01 -7.498357e+00  1.433853e+02
     vertex -1.960184e+01 -7.637584e+00  1.433134e+02
   endloop
 endfacet
 facet normal -8.125474e-02 -9.428461e-02  9.922238e-01
   outer loop
     vertex -8.994529e+00 -1.677900e+01  1.433134e+02
     vertex -1.960184e+01 -7.637584e+00  1.433134e+02
     vertex -9.048840e+00 -1.694959e+01  1.432927e+02
   endloop
 endfacet
 facet normal -2.493413e-01 -2.893252e-01  9.241861e-01
   outer loop
     vertex -8.899223e+00 -1.647443e+01  1.433853e+02
     vertex -1.903975e+01 -7.367318e+00  1.435005e+02
     vertex -1.931469e+01 -7.498357e+00  1.433853e+02
   endloop
 endfacet
 facet normal -1.556701e-01 -1.806330e-01  9.711532e-01
   outer loop
     vertex -8.899223e+00 -1.647443e+01  1.433853e+02
     vertex -1.931469e+01 -7.498357e+00  1.433853e+02
     vertex -8.994529e+00 -1.677900e+01  1.433134e+02
   endloop
 endfacet
 facet normal -3.377913e-01 -3.919590e-01  8.557249e-01
   outer loop
     vertex -8.810214e+00 -1.618316e+01  1.435005e+02
     vertex -1.878164e+01 -7.246387e+00  1.436578e+02
     vertex -1.903975e+01 -7.367318e+00  1.435005e+02
   endloop
 endfacet
 facet normal -2.493413e-01 -2.893252e-01  9.241861e-01
   outer loop
     vertex -8.810214e+00 -1.618316e+01  1.435005e+02
     vertex -1.903975e+01 -7.367318e+00  1.435005e+02
     vertex -8.899223e+00 -1.647443e+01  1.433853e+02
   endloop
 endfacet
 facet normal -4.189949e-01 -4.861842e-01  7.668560e-01
   outer loop
     vertex -8.728716e+00 -1.591002e+01  1.436578e+02
     vertex -1.854560e+01 -7.137619e+00  1.438557e+02
     vertex -1.878164e+01 -7.246387e+00  1.436578e+02
   endloop
 endfacet
 facet normal -3.377913e-01 -3.919590e-01  8.557249e-01
   outer loop
     vertex -8.728716e+00 -1.591002e+01  1.436578e+02
     vertex -1.878164e+01 -7.246387e+00  1.436578e+02
     vertex -8.810214e+00 -1.618316e+01  1.435005e+02
   endloop
 endfacet
 facet normal -4.953629e-01 -5.747984e-01  6.513236e-01
   outer loop
     vertex -8.655988e+00 -1.566052e+01  1.438557e+02
     vertex -1.831900e+01 -7.034895e+00  1.441187e+02
     vertex -1.854560e+01 -7.137619e+00  1.438557e+02
   endloop
 endfacet
 facet normal -4.189949e-01 -4.861842e-01  7.668560e-01
   outer loop
     vertex -8.655988e+00 -1.566052e+01  1.438557e+02
     vertex -1.854560e+01 -7.137619e+00  1.438557e+02
     vertex -8.728716e+00 -1.591002e+01  1.436578e+02
   endloop
 endfacet
 facet normal -5.592206e-01 -6.488962e-01  5.159516e-01
   outer loop
     vertex -8.587846e+00 -1.542123e+01  1.441187e+02
     vertex -1.814938e+01 -6.959107e+00  1.443979e+02
     vertex -1.831900e+01 -7.034895e+00  1.441187e+02
   endloop
 endfacet
 facet normal -4.953629e-01 -5.747984e-01  6.513236e-01
   outer loop
     vertex -8.587846e+00 -1.542123e+01  1.441187e+02
     vertex -1.831900e+01 -7.034895e+00  1.441187e+02
     vertex -8.655988e+00 -1.566052e+01  1.438557e+02
   endloop
 endfacet
 facet normal -6.054431e-01 -7.025309e-01  3.740173e-01
   outer loop
     vertex -8.537931e+00 -1.524228e+01  1.443979e+02
     vertex -1.803345e+01 -6.907876e+00  1.446818e+02
     vertex -1.814938e+01 -6.959107e+00  1.443979e+02
   endloop
 endfacet
 facet normal -5.592206e-01 -6.488962e-01  5.159516e-01
   outer loop
     vertex -8.537931e+00 -1.524228e+01  1.443979e+02
     vertex -1.814938e+01 -6.959107e+00  1.443979e+02
     vertex -8.587846e+00 -1.542123e+01  1.441187e+02
   endloop
 endfacet
 facet normal -6.359789e-01 -7.379634e-01  2.257009e-01
   outer loop
     vertex -8.504377e+00 -1.512006e+01  1.446818e+02
     vertex -1.796074e+01 -6.875977e+00  1.449910e+02
     vertex -1.803345e+01 -6.907876e+00  1.446818e+02
   endloop
 endfacet
 facet normal -6.054431e-01 -7.025309e-01  3.740173e-01
   outer loop
     vertex -8.504377e+00 -1.512006e+01  1.446818e+02
     vertex -1.803345e+01 -6.907876e+00  1.446818e+02
     vertex -8.537931e+00 -1.524228e+01  1.443979e+02
   endloop
 endfacet
 facet normal -6.510414e-01 -7.554412e-01  7.384910e-02
   outer loop
     vertex -8.483564e+00 -1.504343e+01  1.449910e+02
     vertex -1.793854e+01 -6.866280e+00  1.452858e+02
     vertex -1.796074e+01 -6.875977e+00  1.449910e+02
   endloop
 endfacet
 facet normal -6.359789e-01 -7.379634e-01  2.257009e-01
   outer loop
     vertex -8.483564e+00 -1.504343e+01  1.449910e+02
     vertex -1.796074e+01 -6.875977e+00  1.449910e+02
     vertex -8.504377e+00 -1.512006e+01  1.446818e+02
   endloop
 endfacet
 facet normal -6.510414e-01 -7.554412e-01  7.384910e-02
   outer loop
     vertex -8.477250e+00 -1.502005e+01  1.452858e+02
     vertex -1.793854e+01 -6.866280e+00  1.452858e+02
     vertex -8.483564e+00 -1.504343e+01  1.449910e+02
   endloop
 endfacet
 facet normal  4.469494e-03 -4.197702e-02  9.991086e-01
   outer loop
     vertex -9.048840e+00 -1.694959e+01  1.432927e+02
     vertex -9.103843e+00 -1.712028e+01  1.432858e+02
     vertex -8.666695e+00 -1.707373e+01  1.432858e+02
   endloop
 endfacet
 facet normal  2.083653e-01 -9.741602e-01  8.715454e-02
   outer loop
     vertex -8.311752e+00 -1.498738e+01  1.452858e+02
     vertex -8.222758e+00 -1.499941e+01  1.449385e+02
     vertex -8.229270e+00 -1.496974e+01  1.452858e+02
   endloop
 endfacet
 facet normal  1.879838e-01 -9.794074e-01  7.364209e-02
   outer loop
     vertex -8.477250e+00 -1.502005e+01  1.452858e+02
     vertex -8.483564e+00 -1.504343e+01  1.449910e+02
     vertex -8.394415e+00 -1.500415e+01  1.452858e+02
   endloop
 endfacet
 facet normal  1.079992e-02 -8.685645e-02  9.961623e-01
   outer loop
     vertex -8.070975e+00 -1.664258e+01  1.433132e+02
     vertex -7.800643e+00 -1.692327e+01  1.432858e+02
     vertex -7.875073e+00 -1.658404e+01  1.433162e+02
   endloop
 endfacet
 facet normal  1.607410e-02 -8.181149e-02  9.965182e-01
   outer loop
     vertex -8.070975e+00 -1.664258e+01  1.433132e+02
     vertex -8.232015e+00 -1.700802e+01  1.432858e+02
     vertex -7.800643e+00 -1.692327e+01  1.432858e+02
   endloop
 endfacet
 facet normal  1.510594e-02 -8.138857e-02  9.965680e-01
   outer loop
     vertex -8.287505e+00 -1.668277e+01  1.433132e+02
     vertex -8.232015e+00 -1.700802e+01  1.432858e+02
     vertex -8.070975e+00 -1.664258e+01  1.433132e+02
   endloop
 endfacet
 facet normal  3.007446e-02 -2.582877e-01  9.655998e-01
   outer loop
     vertex -8.127700e+00 -1.635524e+01  1.433853e+02
     vertex -7.875073e+00 -1.658404e+01  1.433162e+02
     vertex -7.947242e+00 -1.625512e+01  1.434064e+02
   endloop
 endfacet
 facet normal  5.475888e-02 -2.326674e-01  9.710136e-01
   outer loop
     vertex -8.127700e+00 -1.635524e+01  1.433853e+02
     vertex -8.070975e+00 -1.664258e+01  1.433132e+02
     vertex -7.875073e+00 -1.658404e+01  1.433162e+02
   endloop
 endfacet
 facet normal  1.246298e-02 -8.243981e-02  9.965181e-01
   outer loop
     vertex -8.496062e+00 -1.671669e+01  1.433132e+02
     vertex -8.666695e+00 -1.707373e+01  1.432858e+02
     vertex -8.232015e+00 -1.700802e+01  1.432858e+02
   endloop
 endfacet
 facet normal  1.328532e-02 -8.169923e-02  9.965685e-01
   outer loop
     vertex -8.496062e+00 -1.671669e+01  1.433132e+02
     vertex -8.232015e+00 -1.700802e+01  1.432858e+02
     vertex -8.287505e+00 -1.668277e+01  1.433132e+02
   endloop
 endfacet
 facet normal  4.359429e-02 -2.348796e-01  9.710464e-01
   outer loop
     vertex -8.337672e+00 -1.639421e+01  1.433853e+02
     vertex -8.287505e+00 -1.668277e+01  1.433132e+02
     vertex -8.070975e+00 -1.664258e+01  1.433132e+02
   endloop
 endfacet
 facet normal  4.359429e-02 -2.348796e-01  9.710464e-01
   outer loop
     vertex -8.337672e+00 -1.639421e+01  1.433853e+02
     vertex -8.070975e+00 -1.664258e+01  1.433132e+02
     vertex -8.127700e+00 -1.635524e+01  1.433853e+02
   endloop
 endfacet
 facet normal  2.768316e-02 -2.379453e-01  9.708840e-01
   outer loop
     vertex -8.708832e+00 -1.674649e+01  1.433132e+02
     vertex -8.899223e+00 -1.647443e+01  1.433853e+02
     vertex -8.994529e+00 -1.677900e+01  1.433134e+02
   endloop
 endfacet
 facet normal  1.482898e-02 -1.248558e-01  9.920641e-01
   outer loop
     vertex -8.708832e+00 -1.674649e+01  1.433132e+02
     vertex -8.994529e+00 -1.677900e+01  1.433134e+02
     vertex -9.048840e+00 -1.694959e+01  1.432927e+02
   endloop
 endfacet
 facet normal  1.148244e-02 -8.197506e-02  9.965682e-01
   outer loop
     vertex -8.708832e+00 -1.674649e+01  1.433132e+02
     vertex -8.666695e+00 -1.707373e+01  1.432858e+02
     vertex -8.496062e+00 -1.671669e+01  1.433132e+02
   endloop
 endfacet
 facet normal -9.444379e-03 -8.465269e-02  9.963658e-01
   outer loop
     vertex -8.708832e+00 -1.674649e+01  1.433132e+02
     vertex -9.048840e+00 -1.694959e+01  1.432927e+02
     vertex -8.666695e+00 -1.707373e+01  1.432858e+02
   endloop
 endfacet
 facet normal  5.242047e-02 -4.208408e-01  9.056187e-01
   outer loop
     vertex -8.181679e+00 -1.608180e+01  1.435006e+02
     vertex -7.947242e+00 -1.625512e+01  1.434064e+02
     vertex -8.014956e+00 -1.594650e+01  1.435538e+02
   endloop
 endfacet
 facet normal  9.710750e-02 -3.702850e-01  9.238285e-01
   outer loop
     vertex -8.181679e+00 -1.608180e+01  1.435006e+02
     vertex -8.127700e+00 -1.635524e+01  1.433853e+02
     vertex -7.947242e+00 -1.625512e+01  1.434064e+02
   endloop
 endfacet
 facet normal  3.834284e-02 -2.357926e-01  9.710467e-01
   outer loop
     vertex -8.539912e+00 -1.642709e+01  1.433853e+02
     vertex -8.496062e+00 -1.671669e+01  1.433132e+02
     vertex -8.287505e+00 -1.668277e+01  1.433132e+02
   endloop
 endfacet
 facet normal  3.834284e-02 -2.357926e-01  9.710467e-01
   outer loop
     vertex -8.539912e+00 -1.642709e+01  1.433853e+02
     vertex -8.287505e+00 -1.668277e+01  1.433132e+02
     vertex -8.337672e+00 -1.639421e+01  1.433853e+02
   endloop
 endfacet
 facet normal  6.974772e-02 -3.757904e-01  9.240762e-01
   outer loop
     vertex -8.385410e+00 -1.611961e+01  1.435006e+02
     vertex -8.337672e+00 -1.639421e+01  1.433853e+02
     vertex -8.127700e+00 -1.635524e+01  1.433853e+02
   endloop
 endfacet
 facet normal  6.974772e-02 -3.757904e-01  9.240762e-01
   outer loop
     vertex -8.385410e+00 -1.611961e+01  1.435006e+02
     vertex -8.127700e+00 -1.635524e+01  1.433853e+02
     vertex -8.181679e+00 -1.608180e+01  1.435006e+02
   endloop
 endfacet
 facet normal  4.606713e-02 -3.795361e-01  9.240293e-01
   outer loop
     vertex -8.746237e+00 -1.645599e+01  1.433853e+02
     vertex -8.810214e+00 -1.618316e+01  1.435005e+02
     vertex -8.899223e+00 -1.647443e+01  1.433853e+02
   endloop
 endfacet
 facet normal  3.313842e-02 -2.365806e-01  9.710466e-01
   outer loop
     vertex -8.746237e+00 -1.645599e+01  1.433853e+02
     vertex -8.496062e+00 -1.671669e+01  1.433132e+02
     vertex -8.539912e+00 -1.642709e+01  1.433853e+02
   endloop
 endfacet
 facet normal  2.891836e-02 -2.371245e-01  9.710488e-01
   outer loop
     vertex -8.746237e+00 -1.645599e+01  1.433853e+02
     vertex -8.899223e+00 -1.647443e+01  1.433853e+02
     vertex -8.708832e+00 -1.674649e+01  1.433132e+02
   endloop
 endfacet
 facet normal  3.313842e-02 -2.365806e-01  9.710466e-01
   outer loop
     vertex -8.746237e+00 -1.645599e+01  1.433853e+02
     vertex -8.708832e+00 -1.674649e+01  1.433132e+02
     vertex -8.496062e+00 -1.671669e+01  1.433132e+02
   endloop
 endfacet
 facet normal  7.746003e-02 -5.695921e-01  8.182694e-01
   outer loop
     vertex -8.232059e+00 -1.582659e+01  1.436578e+02
     vertex -8.014956e+00 -1.594650e+01  1.435538e+02
     vertex -8.076159e+00 -1.566756e+01  1.437537e+02
   endloop
 endfacet
 facet normal  1.332698e-01 -5.006809e-01  8.553115e-01
   outer loop
     vertex -8.232059e+00 -1.582659e+01  1.436578e+02
     vertex -8.181679e+00 -1.608180e+01  1.435006e+02
     vertex -8.014956e+00 -1.594650e+01  1.435538e+02
   endloop
 endfacet
 facet normal  6.134581e-02 -3.772513e-01  9.240769e-01
   outer loop
     vertex -8.581639e+00 -1.615152e+01  1.435006e+02
     vertex -8.337672e+00 -1.639421e+01  1.433853e+02
     vertex -8.385410e+00 -1.611961e+01  1.435006e+02
   endloop
 endfacet
 facet normal  6.134581e-02 -3.772513e-01  9.240769e-01
   outer loop
     vertex -8.581639e+00 -1.615152e+01  1.435006e+02
     vertex -8.539912e+00 -1.642709e+01  1.433853e+02
     vertex -8.337672e+00 -1.639421e+01  1.433853e+02
   endloop
 endfacet
 facet normal  9.440584e-02 -5.086447e-01  8.557851e-01
   outer loop
     vertex -8.429965e+00 -1.586332e+01  1.436578e+02
     vertex -8.385410e+00 -1.611961e+01  1.435006e+02
     vertex -8.181679e+00 -1.608180e+01  1.435006e+02
   endloop
 endfacet
 facet normal  9.440584e-02 -5.086447e-01  8.557851e-01
   outer loop
     vertex -8.429965e+00 -1.586332e+01  1.436578e+02
     vertex -8.181679e+00 -1.608180e+01  1.435006e+02
     vertex -8.232059e+00 -1.582659e+01  1.436578e+02
   endloop
 endfacet
 facet normal  6.440107e-02 -5.123338e-01  8.563682e-01
   outer loop
     vertex -8.781831e+00 -1.617956e+01  1.435006e+02
     vertex -8.728716e+00 -1.591002e+01  1.436578e+02
     vertex -8.810214e+00 -1.618316e+01  1.435005e+02
   endloop
 endfacet
 facet normal  5.301910e-02 -3.785120e-01  9.240766e-01
   outer loop
     vertex -8.781831e+00 -1.617956e+01  1.435006e+02
     vertex -8.746237e+00 -1.645599e+01  1.433853e+02
     vertex -8.539912e+00 -1.642709e+01  1.433853e+02
   endloop
 endfacet
 facet normal  4.747578e-02 -3.792289e-01  9.240841e-01
   outer loop
     vertex -8.781831e+00 -1.617956e+01  1.435006e+02
     vertex -8.810214e+00 -1.618316e+01  1.435005e+02
     vertex -8.746237e+00 -1.645599e+01  1.433853e+02
   endloop
 endfacet
 facet normal  7.188076e-02 -5.131685e-01  8.552726e-01
   outer loop
     vertex -8.781831e+00 -1.617956e+01  1.435006e+02
     vertex -8.581639e+00 -1.615152e+01  1.435006e+02
     vertex -8.728716e+00 -1.591002e+01  1.436578e+02
   endloop
 endfacet
 facet normal  5.301910e-02 -3.785120e-01  9.240766e-01
   outer loop
     vertex -8.781831e+00 -1.617956e+01  1.435006e+02
     vertex -8.539912e+00 -1.642709e+01  1.433853e+02
     vertex -8.581639e+00 -1.615152e+01  1.435006e+02
   endloop
 endfacet
 facet normal  1.038368e-01 -7.002868e-01  7.062693e-01
   outer loop
     vertex -8.277857e+00 -1.559459e+01  1.438557e+02
     vertex -8.076159e+00 -1.566756e+01  1.437537e+02
     vertex -8.128990e+00 -1.542678e+01  1.440002e+02
   endloop
 endfacet
 facet normal  1.626023e-01 -6.216605e-01  7.662236e-01
   outer loop
     vertex -8.277857e+00 -1.559459e+01  1.438557e+02
     vertex -8.232059e+00 -1.582659e+01  1.436578e+02
     vertex -8.076159e+00 -1.566756e+01  1.437537e+02
   endloop
 endfacet
 facet normal  9.237345e-02 -6.352010e-01  7.668030e-01
   outer loop
     vertex -8.620583e+00 -1.589432e+01  1.436578e+02
     vertex -8.655988e+00 -1.566052e+01  1.438557e+02
     vertex -8.728716e+00 -1.591002e+01  1.436578e+02
   endloop
 endfacet
 facet normal  8.303364e-02 -5.106225e-01  8.557862e-01
   outer loop
     vertex -8.620583e+00 -1.589432e+01  1.436578e+02
     vertex -8.581639e+00 -1.615152e+01  1.435006e+02
     vertex -8.385410e+00 -1.611961e+01  1.435006e+02
   endloop
 endfacet
 facet normal  7.448603e-02 -5.119227e-01  8.557961e-01
   outer loop
     vertex -8.620583e+00 -1.589432e+01  1.436578e+02
     vertex -8.728716e+00 -1.591002e+01  1.436578e+02
     vertex -8.581639e+00 -1.615152e+01  1.435006e+02
   endloop
 endfacet
 facet normal  8.303364e-02 -5.106225e-01  8.557862e-01
   outer loop
     vertex -8.620583e+00 -1.589432e+01  1.436578e+02
     vertex -8.385410e+00 -1.611961e+01  1.435006e+02
     vertex -8.429965e+00 -1.586332e+01  1.436578e+02
   endloop
 endfacet
 facet normal  1.219200e-01 -7.496661e-01  6.504892e-01
   outer loop
     vertex -8.470468e+00 -1.563034e+01  1.438557e+02
     vertex -8.587846e+00 -1.542123e+01  1.441187e+02
     vertex -8.655988e+00 -1.566052e+01  1.438557e+02
   endloop
 endfacet
 facet normal  1.030334e-01 -6.335755e-01  7.667896e-01
   outer loop
     vertex -8.470468e+00 -1.563034e+01  1.438557e+02
     vertex -8.655988e+00 -1.566052e+01  1.438557e+02
     vertex -8.620583e+00 -1.589432e+01  1.436578e+02
   endloop
 endfacet
 facet normal  1.171374e-01 -6.311192e-01  7.667903e-01
   outer loop
     vertex -8.470468e+00 -1.563034e+01  1.438557e+02
     vertex -8.429965e+00 -1.586332e+01  1.436578e+02
     vertex -8.232059e+00 -1.582659e+01  1.436578e+02
   endloop
 endfacet
 facet normal  1.171374e-01 -6.311192e-01  7.667903e-01
   outer loop
     vertex -8.470468e+00 -1.563034e+01  1.438557e+02
     vertex -8.232059e+00 -1.582659e+01  1.436578e+02
     vertex -8.277857e+00 -1.559459e+01  1.438557e+02
   endloop
 endfacet
 facet normal  1.030270e-01 -6.335736e-01  7.667920e-01
   outer loop
     vertex -8.470468e+00 -1.563034e+01  1.438557e+02
     vertex -8.620583e+00 -1.589432e+01  1.436578e+02
     vertex -8.429965e+00 -1.586332e+01  1.436578e+02
   endloop
 endfacet
 facet normal  1.257011e-01 -8.099744e-01  5.728356e-01
   outer loop
     vertex -8.321609e+00 -1.537296e+01  1.441186e+02
     vertex -8.128990e+00 -1.542678e+01  1.440002e+02
     vertex -8.171845e+00 -1.523146e+01  1.442858e+02
   endloop
 endfacet
 facet normal  1.950605e-01 -7.336020e-01  6.509835e-01
   outer loop
     vertex -8.321609e+00 -1.537296e+01  1.441186e+02
     vertex -8.277857e+00 -1.559459e+01  1.438557e+02
     vertex -8.128990e+00 -1.542678e+01  1.440002e+02
   endloop
 endfacet
 facet normal  1.384035e-01 -7.456973e-01  6.517515e-01
   outer loop
     vertex -8.509161e+00 -1.540777e+01  1.441186e+02
     vertex -8.277857e+00 -1.559459e+01  1.438557e+02
     vertex -8.321609e+00 -1.537296e+01  1.441186e+02
   endloop
 endfacet
 facet normal  1.452844e-01 -8.445440e-01  5.154006e-01
   outer loop
     vertex -8.509161e+00 -1.540777e+01  1.441186e+02
     vertex -8.537931e+00 -1.524228e+01  1.443979e+02
     vertex -8.587846e+00 -1.542123e+01  1.441187e+02
   endloop
 endfacet
 facet normal  1.288687e-01 -7.473832e-01  6.517754e-01
   outer loop
     vertex -8.509161e+00 -1.540777e+01  1.441186e+02
     vertex -8.587846e+00 -1.542123e+01  1.441187e+02
     vertex -8.470468e+00 -1.563034e+01  1.438557e+02
   endloop
 endfacet
 facet normal  1.384035e-01 -7.456973e-01  6.517515e-01
   outer loop
     vertex -8.509161e+00 -1.540777e+01  1.441186e+02
     vertex -8.470468e+00 -1.563034e+01  1.438557e+02
     vertex -8.277857e+00 -1.559459e+01  1.438557e+02
   endloop
 endfacet
 facet normal  1.565889e-01 -8.425366e-01  5.153756e-01
   outer loop
     vertex -8.354147e+00 -1.520813e+01  1.443979e+02
     vertex -8.537931e+00 -1.524228e+01  1.443979e+02
     vertex -8.509161e+00 -1.540777e+01  1.441186e+02
   endloop
 endfacet
 facet normal  1.449325e-01 -8.948960e-01  4.220849e-01
   outer loop
     vertex -8.354147e+00 -1.520813e+01  1.443979e+02
     vertex -8.171845e+00 -1.523146e+01  1.442858e+02
     vertex -8.203420e+00 -1.508755e+01  1.446018e+02
   endloop
 endfacet
 facet normal  1.695431e-01 -9.123180e-01  3.727345e-01
   outer loop
     vertex -8.354147e+00 -1.520813e+01  1.443979e+02
     vertex -8.504377e+00 -1.512006e+01  1.446818e+02
     vertex -8.537931e+00 -1.524228e+01  1.443979e+02
   endloop
 endfacet
 facet normal  2.101997e-01 -8.310336e-01  5.149750e-01
   outer loop
     vertex -8.354147e+00 -1.520813e+01  1.443979e+02
     vertex -8.321609e+00 -1.537296e+01  1.441186e+02
     vertex -8.171845e+00 -1.523146e+01  1.442858e+02
   endloop
 endfacet
 facet normal  1.563728e-01 -8.425134e-01  5.154791e-01
   outer loop
     vertex -8.354147e+00 -1.520813e+01  1.443979e+02
     vertex -8.509161e+00 -1.540777e+01  1.441186e+02
     vertex -8.321609e+00 -1.537296e+01  1.441186e+02
   endloop
 endfacet
 facet normal  1.649516e-01 -9.518019e-01  2.585812e-01
   outer loop
     vertex -8.376325e+00 -1.509579e+01  1.446818e+02
     vertex -8.203420e+00 -1.508755e+01  1.446018e+02
     vertex -8.222758e+00 -1.499941e+01  1.449385e+02
   endloop
 endfacet
 facet normal  1.727894e-01 -9.111530e-01  3.740909e-01
   outer loop
     vertex -8.376325e+00 -1.509579e+01  1.446818e+02
     vertex -8.504377e+00 -1.512006e+01  1.446818e+02
     vertex -8.354147e+00 -1.520813e+01  1.443979e+02
   endloop
 endfacet
 facet normal  2.158922e-01 -9.020158e-01  3.738423e-01
   outer loop
     vertex -8.376325e+00 -1.509579e+01  1.446818e+02
     vertex -8.354147e+00 -1.520813e+01  1.443979e+02
     vertex -8.203420e+00 -1.508755e+01  1.446018e+02
   endloop
 endfacet
 facet normal  1.980828e-01 -9.763029e-01  8.715454e-02
   outer loop
     vertex -8.388530e+00 -1.503396e+01  1.449385e+02
     vertex -8.311752e+00 -1.498738e+01  1.452858e+02
     vertex -8.394415e+00 -1.500415e+01  1.452858e+02
   endloop
 endfacet
 facet normal  1.809242e-01 -9.541767e-01  2.383553e-01
   outer loop
     vertex -8.388530e+00 -1.503396e+01  1.449385e+02
     vertex -8.504377e+00 -1.512006e+01  1.446818e+02
     vertex -8.376325e+00 -1.509579e+01  1.446818e+02
   endloop
 endfacet
 facet normal  2.167813e-01 -9.508609e-01  2.210644e-01
   outer loop
     vertex -8.388530e+00 -1.503396e+01  1.449385e+02
     vertex -8.483564e+00 -1.504343e+01  1.449910e+02
     vertex -8.504377e+00 -1.512006e+01  1.446818e+02
   endloop
 endfacet
 facet normal  1.981237e-01 -9.507558e-01  2.383492e-01
   outer loop
     vertex -8.388530e+00 -1.503396e+01  1.449385e+02
     vertex -8.376325e+00 -1.509579e+01  1.446818e+02
     vertex -8.222758e+00 -1.499941e+01  1.449385e+02
   endloop
 endfacet
 facet normal  2.032494e-01 -9.753530e-01  8.588495e-02
   outer loop
     vertex -8.388530e+00 -1.503396e+01  1.449385e+02
     vertex -8.222758e+00 -1.499941e+01  1.449385e+02
     vertex -8.311752e+00 -1.498738e+01  1.452858e+02
   endloop
 endfacet
 facet normal  1.462580e-01 -9.854083e-01  8.705796e-02
   outer loop
     vertex -8.388530e+00 -1.503396e+01  1.449385e+02
     vertex -8.394415e+00 -1.500415e+01  1.452858e+02
     vertex -8.483564e+00 -1.504343e+01  1.449910e+02
   endloop
 endfacet
 facet normal -1.942448e-01 -4.742639e-01 -8.586866e-01
   outer loop
     vertex -3.883699e+00 -1.237821e+01  1.432858e+02
     vertex -4.497618e+00 -1.301560e+01  1.437767e+02
     vertex -5.185863e+00 -1.358703e+01  1.442480e+02
   endloop
 endfacet
 facet normal  0.000000e+00  0.000000e+00  0.000000e+00
   outer loop
     vertex -3.883699e+00 -1.237821e+01  1.432858e+02
     vertex -3.883699e+00 -1.237821e+01  1.432858e+02
     vertex -4.497618e+00 -1.301560e+01  1.437767e+02
   endloop
 endfacet
 facet normal  6.918020e-02 -9.938705e-01  8.622919e-02
   outer loop
     vertex -7.944864e+00 -1.500507e+01  1.446504e+02
     vertex -8.229270e+00 -1.496974e+01  1.452858e+02
     vertex -8.222758e+00 -1.499941e+01  1.449385e+02
   endloop
 endfacet
 facet normal  2.490833e-01 -9.333250e-01  2.585766e-01
   outer loop
     vertex -7.944864e+00 -1.500507e+01  1.446504e+02
     vertex -8.222758e+00 -1.499941e+01  1.449385e+02
     vertex -8.203420e+00 -1.508755e+01  1.446018e+02
   endloop
 endfacet
 facet normal  2.600380e-01 -9.506486e-01  1.692557e-01
   outer loop
     vertex -7.944864e+00 -1.500507e+01  1.446504e+02
     vertex -7.639209e+00 -1.481664e+01  1.452392e+02
     vertex -8.229270e+00 -1.496974e+01  1.452858e+02
   endloop
 endfacet
 facet normal  2.471349e-01 -8.722659e-01  4.219912e-01
   outer loop
     vertex -7.940165e+00 -1.506063e+01  1.445032e+02
     vertex -8.203420e+00 -1.508755e+01  1.446018e+02
     vertex -8.171845e+00 -1.523146e+01  1.442858e+02
   endloop
 endfacet
 facet normal  6.852532e-02 -8.186503e-01  5.701894e-01
   outer loop
     vertex -7.940165e+00 -1.506063e+01  1.445032e+02
     vertex -8.171845e+00 -1.523146e+01  1.442858e+02
     vertex -8.128990e+00 -1.542678e+01  1.440002e+02
   endloop
 endfacet
 facet normal  2.241502e-01 -9.093616e-01  3.504543e-01
   outer loop
     vertex -7.940165e+00 -1.506063e+01  1.445032e+02
     vertex -7.944864e+00 -1.500507e+01  1.446504e+02
     vertex -8.203420e+00 -1.508755e+01  1.446018e+02
   endloop
 endfacet
 facet normal  3.533869e-01 -9.185462e-01  1.771736e-01
   outer loop
     vertex -7.684546e+00 -1.497384e+01  1.445146e+02
     vertex -7.075981e+00 -1.462396e+01  1.451147e+02
     vertex -7.639209e+00 -1.481664e+01  1.452392e+02
   endloop
 endfacet
 facet normal  2.160618e-01 -9.568950e-01  1.940857e-01
   outer loop
     vertex -7.684546e+00 -1.497384e+01  1.445146e+02
     vertex -7.639209e+00 -1.481664e+01  1.452392e+02
     vertex -7.944864e+00 -1.500507e+01  1.446504e+02
   endloop
 endfacet
 facet normal  2.878123e-01 -8.928949e-01  3.462699e-01
   outer loop
     vertex -7.684546e+00 -1.497384e+01  1.445146e+02
     vertex -7.944864e+00 -1.500507e+01  1.446504e+02
     vertex -7.940165e+00 -1.506063e+01  1.445032e+02
   endloop
 endfacet
 facet normal  2.786951e-01 -8.730691e-01  4.000993e-01
   outer loop
     vertex -7.682854e+00 -1.503609e+01  1.443776e+02
     vertex -7.684546e+00 -1.497384e+01  1.445146e+02
     vertex -7.940165e+00 -1.506063e+01  1.445032e+02
   endloop
 endfacet
 facet normal  3.063809e-01 -8.305589e-01  4.650836e-01
   outer loop
     vertex -7.677440e+00 -1.511047e+01  1.442412e+02
     vertex -7.682854e+00 -1.503609e+01  1.443776e+02
     vertex -7.940165e+00 -1.506063e+01  1.445032e+02
   endloop
 endfacet
 facet normal  3.760696e-01 -7.652107e-01  5.225172e-01
   outer loop
     vertex -7.667821e+00 -1.519880e+01  1.441049e+02
     vertex -7.677440e+00 -1.511047e+01  1.442412e+02
     vertex -7.940165e+00 -1.506063e+01  1.445032e+02
   endloop
 endfacet
 facet normal  4.871238e-01 -6.665927e-01  5.642381e-01
   outer loop
     vertex -7.653272e+00 -1.530354e+01  1.439686e+02
     vertex -7.667821e+00 -1.519880e+01  1.441049e+02
     vertex -7.940165e+00 -1.506063e+01  1.445032e+02
   endloop
 endfacet
 facet normal  2.475531e-01 -8.251801e-01  5.077354e-01
   outer loop
     vertex -7.653272e+00 -1.530354e+01  1.439686e+02
     vertex -7.940165e+00 -1.506063e+01  1.445032e+02
     vertex -8.128990e+00 -1.542678e+01  1.440002e+02
   endloop
 endfacet
 facet normal  1.211958e-01 -9.031662e-01  4.118280e-01
   outer loop
     vertex -7.415950e+00 -1.517544e+01  1.439934e+02
     vertex -7.684546e+00 -1.497384e+01  1.445146e+02
     vertex -7.682854e+00 -1.503609e+01  1.443776e+02
   endloop
 endfacet
 facet normal  1.160644e-01 -9.047611e-01  4.098004e-01
   outer loop
     vertex -7.415950e+00 -1.517544e+01  1.439934e+02
     vertex -7.075981e+00 -1.462396e+01  1.451147e+02
     vertex -7.684546e+00 -1.497384e+01  1.445146e+02
   endloop
 endfacet
 facet normal  3.318964e-01 -7.305289e-01  5.968017e-01
   outer loop
     vertex -7.415950e+00 -1.517544e+01  1.439934e+02
     vertex -7.667821e+00 -1.519880e+01  1.441049e+02
     vertex -7.653272e+00 -1.530354e+01  1.439686e+02
   endloop
 endfacet
 facet normal  2.366253e-01 -8.490330e-01  4.723891e-01
   outer loop
     vertex -7.415950e+00 -1.517544e+01  1.439934e+02
     vertex -7.682854e+00 -1.503609e+01  1.443776e+02
     vertex -7.677440e+00 -1.511047e+01  1.442412e+02
   endloop
 endfacet
 facet normal  3.087978e-01 -7.880448e-01  5.325685e-01
   outer loop
     vertex -7.415950e+00 -1.517544e+01  1.439934e+02
     vertex -7.677440e+00 -1.511047e+01  1.442412e+02
     vertex -7.667821e+00 -1.519880e+01  1.441049e+02
   endloop
 endfacet
 facet normal  4.538778e-01 -8.472529e-01  2.759666e-01
   outer loop
     vertex -7.092734e+00 -1.499439e+01  1.440050e+02
     vertex -6.537548e+00 -1.439422e+01  1.449345e+02
     vertex -7.075981e+00 -1.462396e+01  1.451147e+02
   endloop
 endfacet
 facet normal  5.300018e-01 -8.207160e-01  2.133620e-01
   outer loop
     vertex -7.092734e+00 -1.499439e+01  1.440050e+02
     vertex -5.871628e+00 -1.404166e+01  1.446364e+02
     vertex -6.537548e+00 -1.439422e+01  1.449345e+02
   endloop
 endfacet
 facet normal  5.843283e-01 -8.068062e-01  8.731636e-02
   outer loop
     vertex -7.092734e+00 -1.499439e+01  1.440050e+02
     vertex -5.185863e+00 -1.358703e+01  1.442480e+02
     vertex -5.871628e+00 -1.404166e+01  1.446364e+02
   endloop
 endfacet
 facet normal  4.624489e-01 -8.431001e-01  2.744509e-01
   outer loop
     vertex -7.092734e+00 -1.499439e+01  1.440050e+02
     vertex -7.075981e+00 -1.462396e+01  1.451147e+02
     vertex -7.415950e+00 -1.517544e+01  1.439934e+02
   endloop
 endfacet
 facet normal  5.990791e-01 -7.820514e-01 -1.717550e-01
   outer loop
     vertex -7.092734e+00 -1.499439e+01  1.440050e+02
     vertex -3.883699e+00 -1.237821e+01  1.432858e+02
     vertex -5.185863e+00 -1.358703e+01  1.442480e+02
   endloop
 endfacet
 facet normal -3.677951e-02 -7.188134e-01  6.942294e-01
   outer loop
     vertex -7.793439e+00 -1.586934e+01  1.435598e+02
     vertex -8.128990e+00 -1.542678e+01  1.440002e+02
     vertex -8.076159e+00 -1.566756e+01  1.437537e+02
   endloop
 endfacet
 facet normal  1.691686e-01 -5.494406e-01  8.182280e-01
   outer loop
     vertex -7.793439e+00 -1.586934e+01  1.435598e+02
     vertex -8.076159e+00 -1.566756e+01  1.437537e+02
     vertex -8.014956e+00 -1.594650e+01  1.435538e+02
   endloop
 endfacet
 facet normal  1.171083e-01 -4.068164e-01  9.059724e-01
   outer loop
     vertex -7.793439e+00 -1.586934e+01  1.435598e+02
     vertex -8.014956e+00 -1.594650e+01  1.435538e+02
     vertex -7.947242e+00 -1.625512e+01  1.434064e+02
   endloop
 endfacet
 facet normal  2.081146e-01 -6.061766e-01  7.676186e-01
   outer loop
     vertex -7.793439e+00 -1.586934e+01  1.435598e+02
     vertex -7.653272e+00 -1.530354e+01  1.439686e+02
     vertex -8.128990e+00 -1.542678e+01  1.440002e+02
   endloop
 endfacet
 facet normal -1.994614e-02 -2.685647e-01  9.630551e-01
   outer loop
     vertex -7.758884e+00 -1.602396e+01  1.434748e+02
     vertex -7.947242e+00 -1.625512e+01  1.434064e+02
     vertex -7.875073e+00 -1.658404e+01  1.433162e+02
   endloop
 endfacet
 facet normal -4.070446e-01 -1.696997e-01  8.975058e-01
   outer loop
     vertex -7.758884e+00 -1.602396e+01  1.434748e+02
     vertex -7.875073e+00 -1.658404e+01  1.433162e+02
     vertex -7.800643e+00 -1.692327e+01  1.432858e+02
   endloop
 endfacet
 facet normal  2.140689e-01 -4.333362e-01  8.754395e-01
   outer loop
     vertex -7.758884e+00 -1.602396e+01  1.434748e+02
     vertex -7.793439e+00 -1.586934e+01  1.435598e+02
     vertex -7.947242e+00 -1.625512e+01  1.434064e+02
   endloop
 endfacet
 facet normal -1.771349e-02 -2.048270e-01  9.786379e-01
   outer loop
     vertex -7.655899e+00 -1.593391e+01  1.434955e+02
     vertex -7.758884e+00 -1.602396e+01  1.434748e+02
     vertex -7.800643e+00 -1.692327e+01  1.432858e+02
   endloop
 endfacet
 facet normal  9.139756e-02 -5.979753e-01  7.962864e-01
   outer loop
     vertex -7.655899e+00 -1.593391e+01  1.434955e+02
     vertex -7.653272e+00 -1.530354e+01  1.439686e+02
     vertex -7.793439e+00 -1.586934e+01  1.435598e+02
   endloop
 endfacet
 facet normal  2.049021e-01 -4.358926e-01  8.763634e-01
   outer loop
     vertex -7.655899e+00 -1.593391e+01  1.434955e+02
     vertex -7.793439e+00 -1.586934e+01  1.435598e+02
     vertex -7.758884e+00 -1.602396e+01  1.434748e+02
   endloop
 endfacet
 facet normal  3.161833e-01 -2.724876e-01  9.087236e-01
   outer loop
     vertex -7.516136e+00 -1.581377e+01  1.435195e+02
     vertex -7.800643e+00 -1.692327e+01  1.432858e+02
     vertex -3.883699e+00 -1.237821e+01  1.432858e+02
   endloop
 endfacet
 facet normal  1.164213e-02 -2.089560e-01  9.778557e-01
   outer loop
     vertex -7.516136e+00 -1.581377e+01  1.435195e+02
     vertex -7.655899e+00 -1.593391e+01  1.434955e+02
     vertex -7.800643e+00 -1.692327e+01  1.432858e+02
   endloop
 endfacet
 facet normal  2.457158e-01 -6.023741e-01  7.594532e-01
   outer loop
     vertex -7.516136e+00 -1.581377e+01  1.435195e+02
     vertex -7.415950e+00 -1.517544e+01  1.439934e+02
     vertex -7.653272e+00 -1.530354e+01  1.439686e+02
   endloop
 endfacet
 facet normal  6.116364e-01 -6.126351e-01  5.005788e-01
   outer loop
     vertex -7.516136e+00 -1.581377e+01  1.435195e+02
     vertex -3.883699e+00 -1.237821e+01  1.432858e+02
     vertex -7.092734e+00 -1.499439e+01  1.440050e+02
   endloop
 endfacet
 facet normal  3.083331e-01 -5.977643e-01  7.400057e-01
   outer loop
     vertex -7.516136e+00 -1.581377e+01  1.435195e+02
     vertex -7.092734e+00 -1.499439e+01  1.440050e+02
     vertex -7.415950e+00 -1.517544e+01  1.439934e+02
   endloop
 endfacet
 facet normal  3.548619e-01 -5.621249e-01  7.470533e-01
   outer loop
     vertex -7.516136e+00 -1.581377e+01  1.435195e+02
     vertex -7.653272e+00 -1.530354e+01  1.439686e+02
     vertex -7.655899e+00 -1.593391e+01  1.434955e+02
   endloop
 endfacet
 facet normal  9.918511e-01 -9.295317e-02  8.712732e-02
   outer loop
     vertex -1.993531e+00 -8.047203e+00  1.452700e+02
     vertex -1.931845e+00 -7.699702e+00  1.449385e+02
     vertex -1.962160e+00 -7.697643e+00  1.452858e+02
   endloop
 endfacet
 facet normal  5.089477e-01  1.997664e-01 -8.372966e-01
   outer loop
     vertex -3.883699e+00 -1.237821e+01  1.432858e+02
     vertex -2.500121e+00 -1.008684e+01  1.446735e+02
     vertex -3.030294e+00 -1.118105e+01  1.440902e+02
   endloop
 endfacet
 facet normal  0.000000e+00  0.000000e+00  0.000000e+00
   outer loop
     vertex -3.883699e+00 -1.237821e+01  1.432858e+02
     vertex -3.883699e+00 -1.237821e+01  1.432858e+02
     vertex -3.030294e+00 -1.118105e+01  1.440902e+02
   endloop
 endfacet
 facet normal  8.170832e-01 -5.820232e-02  5.735743e-01
   outer loop
     vertex -1.769476e+00 -8.010257e+00  1.443623e+02
     vertex -1.495324e+00 -7.729346e+00  1.440002e+02
     vertex -1.694826e+00 -7.715798e+00  1.442858e+02
   endloop
 endfacet
 facet normal  7.004009e-01  1.996208e-01  6.852665e-01
   outer loop
     vertex -1.769476e+00 -8.010257e+00  1.443623e+02
     vertex -1.249377e+00 -7.746048e+00  1.437537e+02
     vertex -1.495324e+00 -7.729346e+00  1.440002e+02
   endloop
 endfacet
 facet normal  8.990987e-01 -1.164509e-01  4.219724e-01
   outer loop
     vertex -1.836875e+00 -8.013330e+00  1.445064e+02
     vertex -1.694826e+00 -7.715798e+00  1.442858e+02
     vertex -1.841822e+00 -7.705815e+00  1.446018e+02
   endloop
 endfacet
 facet normal  9.002867e-01 -1.195478e-01  4.185596e-01
   outer loop
     vertex -1.836875e+00 -8.013330e+00  1.445064e+02
     vertex -1.769476e+00 -8.010257e+00  1.443623e+02
     vertex -1.694826e+00 -7.715798e+00  1.442858e+02
   endloop
 endfacet
 facet normal  9.595485e-01 -1.114549e-01  2.585428e-01
   outer loop
     vertex -1.891647e+00 -8.017952e+00  1.446521e+02
     vertex -1.841822e+00 -7.705815e+00  1.446018e+02
     vertex -1.931845e+00 -7.699702e+00  1.449385e+02
   endloop
 endfacet
 facet normal  9.763902e-01 -1.516617e-01  1.538212e-01
   outer loop
     vertex -1.891647e+00 -8.017952e+00  1.446521e+02
     vertex -1.993531e+00 -8.047203e+00  1.452700e+02
     vertex -2.041156e+00 -8.400971e+00  1.452235e+02
   endloop
 endfacet
 facet normal  9.866191e-01 -2.088802e-02  1.616989e-01
   outer loop
     vertex -1.891647e+00 -8.017952e+00  1.446521e+02
     vertex -1.931845e+00 -7.699702e+00  1.449385e+02
     vertex -1.993531e+00 -8.047203e+00  1.452700e+02
   endloop
 endfacet
 facet normal  9.330185e-01 -9.284497e-02  3.476438e-01
   outer loop
     vertex -1.891647e+00 -8.017952e+00  1.446521e+02
     vertex -1.836875e+00 -8.013330e+00  1.445064e+02
     vertex -1.841822e+00 -7.705815e+00  1.446018e+02
   endloop
 endfacet
 facet normal  7.725405e-01 -2.552546e-01  5.814002e-01
   outer loop
     vertex -1.678209e+00 -8.302717e+00  1.441126e+02
     vertex -1.576371e+00 -8.300342e+00  1.439783e+02
     vertex -1.769476e+00 -8.010257e+00  1.443623e+02
   endloop
 endfacet
 facet normal  8.306794e-01 -1.881162e-01  5.240077e-01
   outer loop
     vertex -1.763768e+00 -8.307597e+00  1.442465e+02
     vertex -1.678209e+00 -8.302717e+00  1.441126e+02
     vertex -1.769476e+00 -8.010257e+00  1.443623e+02
   endloop
 endfacet
 facet normal  9.481780e-01 -2.415039e-01  2.064809e-01
   outer loop
     vertex -1.835527e+00 -8.314627e+00  1.443802e+02
     vertex -2.041156e+00 -8.400971e+00  1.452235e+02
     vertex -2.177998e+00 -9.077250e+00  1.450609e+02
   endloop
 endfacet
 facet normal  8.730299e-01 -1.623223e-01  4.598589e-01
   outer loop
     vertex -1.835527e+00 -8.314627e+00  1.443802e+02
     vertex -1.763768e+00 -8.307597e+00  1.442465e+02
     vertex -1.769476e+00 -8.010257e+00  1.443623e+02
   endloop
 endfacet
 facet normal  8.940734e-01 -1.695604e-01  4.145865e-01
   outer loop
     vertex -1.835527e+00 -8.314627e+00  1.443802e+02
     vertex -1.769476e+00 -8.010257e+00  1.443623e+02
     vertex -1.836875e+00 -8.013330e+00  1.445064e+02
   endloop
 endfacet
 facet normal  9.283282e-01 -1.400190e-01  3.443857e-01
   outer loop
     vertex -1.835527e+00 -8.314627e+00  1.443802e+02
     vertex -1.836875e+00 -8.013330e+00  1.445064e+02
     vertex -1.891647e+00 -8.017952e+00  1.446521e+02
   endloop
 endfacet
 facet normal  9.717955e-01 -3.048946e-02  2.338459e-01
   outer loop
     vertex -1.835527e+00 -8.314627e+00  1.443802e+02
     vertex -1.891647e+00 -8.017952e+00  1.446521e+02
     vertex -2.041156e+00 -8.400971e+00  1.452235e+02
   endloop
 endfacet
 facet normal  8.906821e-01 -3.799689e-01  2.496177e-01
   outer loop
     vertex -1.754210e+00 -8.777649e+00  1.440048e+02
     vertex -2.177998e+00 -9.077250e+00  1.450609e+02
     vertex -2.500121e+00 -1.008684e+01  1.446735e+02
   endloop
 endfacet
 facet normal  7.724784e-01 -2.555619e-01  5.813477e-01
   outer loop
     vertex -1.754210e+00 -8.777649e+00  1.440048e+02
     vertex -1.576371e+00 -8.300342e+00  1.439783e+02
     vertex -1.678209e+00 -8.302717e+00  1.441126e+02
   endloop
 endfacet
 facet normal  9.327811e-01 -1.135527e-01  3.420894e-01
   outer loop
     vertex -1.754210e+00 -8.777649e+00  1.440048e+02
     vertex -1.835527e+00 -8.314627e+00  1.443802e+02
     vertex -2.177998e+00 -9.077250e+00  1.450609e+02
   endloop
 endfacet
 facet normal  8.203371e-01 -2.482088e-01  5.152081e-01
   outer loop
     vertex -1.754210e+00 -8.777649e+00  1.440048e+02
     vertex -1.678209e+00 -8.302717e+00  1.441126e+02
     vertex -1.763768e+00 -8.307597e+00  1.442465e+02
   endloop
 endfacet
 facet normal  8.627256e-01 -5.049863e-01 -2.633166e-02
   outer loop
     vertex -1.754210e+00 -8.777649e+00  1.440048e+02
     vertex -2.500121e+00 -1.008684e+01  1.446735e+02
     vertex -3.883699e+00 -1.237821e+01  1.432858e+02
   endloop
 endfacet
 facet normal  8.652001e-01 -2.152489e-01  4.528760e-01
   outer loop
     vertex -1.754210e+00 -8.777649e+00  1.440048e+02
     vertex -1.763768e+00 -8.307597e+00  1.442465e+02
     vertex -1.835527e+00 -8.314627e+00  1.443802e+02
   endloop
 endfacet
 facet normal  2.623557e-01  5.279144e-02  9.635261e-01
   outer loop
     vertex -8.742502e-01 -8.044723e+00  1.434818e+02
     vertex -3.132539e-01 -7.809619e+00  1.433162e+02
     vertex -6.492241e-01 -7.786804e+00  1.434064e+02
   endloop
 endfacet
 facet normal  1.066825e-01  3.898414e-01  9.146817e-01
   outer loop
     vertex -8.742502e-01 -8.044723e+00  1.434818e+02
     vertex  3.324436e-02 -7.833150e+00  1.432858e+02
     vertex -3.132539e-01 -7.809619e+00  1.433162e+02
   endloop
 endfacet
 facet normal  5.674419e-01 -9.590733e-02  8.178090e-01
   outer loop
     vertex -1.029726e+00 -8.033550e+00  1.435676e+02
     vertex -9.644577e-01 -7.765396e+00  1.435538e+02
     vertex -1.249377e+00 -7.746048e+00  1.437537e+02
   endloop
 endfacet
 facet normal  4.196776e-01 -5.539090e-02  9.059815e-01
   outer loop
     vertex -1.029726e+00 -8.033550e+00  1.435676e+02
     vertex -6.492241e-01 -7.786804e+00  1.434064e+02
     vertex -9.644577e-01 -7.765396e+00  1.435538e+02
   endloop
 endfacet
 facet normal  6.672247e-01 -3.931729e-01  6.326344e-01
   outer loop
     vertex -1.029726e+00 -8.033550e+00  1.435676e+02
     vertex -1.769476e+00 -8.010257e+00  1.443623e+02
     vertex -1.576371e+00 -8.300342e+00  1.439783e+02
   endloop
 endfacet
 facet normal  7.284247e-01  1.198139e-01  6.745681e-01
   outer loop
     vertex -1.029726e+00 -8.033550e+00  1.435676e+02
     vertex -1.249377e+00 -7.746048e+00  1.437537e+02
     vertex -1.769476e+00 -8.010257e+00  1.443623e+02
   endloop
 endfacet
 facet normal  4.686840e-01 -1.546461e-01  8.697240e-01
   outer loop
     vertex -1.029726e+00 -8.033550e+00  1.435676e+02
     vertex -8.742502e-01 -8.044723e+00  1.434818e+02
     vertex -6.492241e-01 -7.786804e+00  1.434064e+02
   endloop
 endfacet
 facet normal  3.116475e-01 -2.685787e-01  9.114501e-01
   outer loop
     vertex -1.010737e+00 -8.260182e+00  1.435170e+02
     vertex -3.883699e+00 -1.237821e+01  1.432858e+02
     vertex  3.324436e-02 -7.833150e+00  1.432858e+02
   endloop
 endfacet
 facet normal  2.043481e-01  2.999713e-02  9.784386e-01
   outer loop
     vertex -1.010737e+00 -8.260182e+00  1.435170e+02
     vertex  3.324436e-02 -7.833150e+00  1.432858e+02
     vertex -8.742502e-01 -8.044723e+00  1.434818e+02
   endloop
 endfacet
 facet normal  6.284461e-01 -1.923350e-01  7.536994e-01
   outer loop
     vertex -1.010737e+00 -8.260182e+00  1.435170e+02
     vertex -1.576371e+00 -8.300342e+00  1.439783e+02
     vertex -1.754210e+00 -8.777649e+00  1.440048e+02
   endloop
 endfacet
 facet normal  6.910810e-01 -5.108351e-01  5.113263e-01
   outer loop
     vertex -1.010737e+00 -8.260182e+00  1.435170e+02
     vertex -1.754210e+00 -8.777649e+00  1.440048e+02
     vertex -3.883699e+00 -1.237821e+01  1.432858e+02
   endloop
 endfacet
 facet normal  6.326827e-01 -1.180715e-01  7.653573e-01
   outer loop
     vertex -1.010737e+00 -8.260182e+00  1.435170e+02
     vertex -1.029726e+00 -8.033550e+00  1.435676e+02
     vertex -1.576371e+00 -8.300342e+00  1.439783e+02
   endloop
 endfacet
 facet normal  4.686198e-01 -1.551358e-01  8.696714e-01
   outer loop
     vertex -1.010737e+00 -8.260182e+00  1.435170e+02
     vertex -8.742502e-01 -8.044723e+00  1.434818e+02
     vertex -1.029726e+00 -8.033550e+00  1.435676e+02
   endloop
 endfacet
 facet normal  4.217687e-02  1.777049e-03  9.991086e-01
   outer loop
     vertex  5.419822e-02 -6.954374e+00  1.432858e+02
     vertex  3.569206e-02 -6.515144e+00  1.432858e+02
     vertex -1.250101e-01 -6.594747e+00  1.432927e+02
   endloop
 endfacet
 facet normal  9.964283e-01 -4.132226e-02  7.364209e-02
   outer loop
     vertex -1.952505e+00 -7.529227e+00  1.452858e+02
     vertex -1.926818e+00 -7.435255e+00  1.449910e+02
     vertex -1.949011e+00 -7.444952e+00  1.452858e+02
   endloop
 endfacet
 facet normal  2.388894e-01  8.918195e-03  9.710058e-01
   outer loop
     vertex -2.801831e-01 -6.802171e+00  1.433132e+02
     vertex -2.857100e-01 -6.673648e+00  1.433134e+02
     vertex -5.728650e-01 -6.812875e+00  1.433853e+02
   endloop
 endfacet
 facet normal  1.255571e-01  4.015102e-03  9.920783e-01
   outer loop
     vertex -2.801831e-01 -6.802171e+00  1.433132e+02
     vertex -1.250101e-01 -6.594747e+00  1.432927e+02
     vertex -2.857100e-01 -6.673648e+00  1.433134e+02
   endloop
 endfacet
 facet normal  9.420080e-02  2.777739e-02  9.951656e-01
   outer loop
     vertex -2.801831e-01 -6.802171e+00  1.433132e+02
     vertex  5.419822e-02 -6.954374e+00  1.432858e+02
     vertex -1.250101e-01 -6.594747e+00  1.432927e+02
   endloop
 endfacet
 facet normal  8.319709e-02 -1.545073e-04  9.965331e-01
   outer loop
     vertex -2.742316e-01 -7.056303e+00  1.433132e+02
     vertex  5.338180e-02 -7.393992e+00  1.432858e+02
     vertex  5.419822e-02 -6.954374e+00  1.432858e+02
   endloop
 endfacet
 facet normal  8.255344e-02  1.933301e-03  9.965848e-01
   outer loop
     vertex -2.742316e-01 -7.056303e+00  1.433132e+02
     vertex  5.419822e-02 -6.954374e+00  1.432858e+02
     vertex -2.801831e-01 -6.802171e+00  1.433132e+02
   endloop
 endfacet
 facet normal  8.317889e-02 -1.722932e-04  9.965346e-01
   outer loop
     vertex -2.747260e-01 -7.294986e+00  1.433132e+02
     vertex  5.338180e-02 -7.393992e+00  1.432858e+02
     vertex -2.742316e-01 -7.056303e+00  1.433132e+02
   endloop
 endfacet
 facet normal  3.828881e-01  8.740809e-03  9.237534e-01
   outer loop
     vertex -5.671110e-01 -7.059311e+00  1.433853e+02
     vertex -5.728650e-01 -6.812875e+00  1.433853e+02
     vertex -8.478061e-01 -6.943914e+00  1.435005e+02
   endloop
 endfacet
 facet normal  2.388303e-01  5.593116e-03  9.710452e-01
   outer loop
     vertex -5.671110e-01 -7.059311e+00  1.433853e+02
     vertex -2.742316e-01 -7.056303e+00  1.433132e+02
     vertex -2.801831e-01 -6.802171e+00  1.433132e+02
   endloop
 endfacet
 facet normal  2.390177e-01  5.371400e-03  9.710003e-01
   outer loop
     vertex -5.671110e-01 -7.059311e+00  1.433853e+02
     vertex -2.801831e-01 -6.802171e+00  1.433132e+02
     vertex -5.728650e-01 -6.812875e+00  1.433853e+02
   endloop
 endfacet
 facet normal  8.314280e-02 -3.812487e-03  9.965304e-01
   outer loop
     vertex -2.795990e-01 -7.492712e+00  1.433132e+02
     vertex  3.324436e-02 -7.833150e+00  1.432858e+02
     vertex  5.338180e-02 -7.393992e+00  1.432858e+02
   endloop
 endfacet
 facet normal  8.262018e-02 -2.036168e-03  9.965790e-01
   outer loop
     vertex -2.795990e-01 -7.492712e+00  1.433132e+02
     vertex  5.338180e-02 -7.393992e+00  1.432858e+02
     vertex -2.747260e-01 -7.294986e+00  1.433132e+02
   endloop
 endfacet
 facet normal  2.388930e-01 -4.948328e-04  9.710458e-01
   outer loop
     vertex -5.675905e-01 -7.290765e+00  1.433853e+02
     vertex -2.742316e-01 -7.056303e+00  1.433132e+02
     vertex -5.671110e-01 -7.059311e+00  1.433853e+02
   endloop
 endfacet
 facet normal  2.388930e-01 -4.948328e-04  9.710458e-01
   outer loop
     vertex -5.675905e-01 -7.290765e+00  1.433853e+02
     vertex -2.747260e-01 -7.294986e+00  1.433132e+02
     vertex -2.742316e-01 -7.056303e+00  1.433132e+02
   endloop
 endfacet
 facet normal  8.794542e-02  8.812363e-03  9.960863e-01
   outer loop
     vertex -2.895710e-01 -7.709039e+00  1.433132e+02
     vertex -3.132539e-01 -7.809619e+00  1.433162e+02
     vertex  3.324436e-02 -7.833150e+00  1.432858e+02
   endloop
 endfacet
 facet normal  8.312207e-02 -3.831673e-03  9.965320e-01
   outer loop
     vertex -2.895710e-01 -7.709039e+00  1.433132e+02
     vertex  3.324436e-02 -7.833150e+00  1.432858e+02
     vertex -2.795990e-01 -7.492712e+00  1.433132e+02
   endloop
 endfacet
 facet normal  5.173027e-01  8.855973e-03  8.557567e-01
   outer loop
     vertex -8.458130e-01 -7.062174e+00  1.435006e+02
     vertex -8.478061e-01 -6.943914e+00  1.435005e+02
     vertex -1.105918e+00 -7.064845e+00  1.436578e+02
   endloop
 endfacet
 facet normal  3.821382e-01  6.588816e-03  9.240817e-01
   outer loop
     vertex -8.458130e-01 -7.062174e+00  1.435006e+02
     vertex -5.671110e-01 -7.059311e+00  1.433853e+02
     vertex -8.478061e-01 -6.943914e+00  1.435005e+02
   endloop
 endfacet
 facet normal  2.388156e-01 -5.885592e-03  9.710471e-01
   outer loop
     vertex -5.723158e-01 -7.482502e+00  1.433853e+02
     vertex -2.747260e-01 -7.294986e+00  1.433132e+02
     vertex -5.675905e-01 -7.290765e+00  1.433853e+02
   endloop
 endfacet
 facet normal  2.388156e-01 -5.885592e-03  9.710471e-01
   outer loop
     vertex -5.723158e-01 -7.482502e+00  1.433853e+02
     vertex -2.795990e-01 -7.492712e+00  1.433132e+02
     vertex -2.747260e-01 -7.294986e+00  1.433132e+02
   endloop
 endfacet
 facet normal  3.822112e-01 -7.916961e-04  9.240747e-01
   outer loop
     vertex -8.462781e-01 -7.286748e+00  1.435006e+02
     vertex -5.675905e-01 -7.290765e+00  1.433853e+02
     vertex -5.671110e-01 -7.059311e+00  1.433853e+02
   endloop
 endfacet
 facet normal  3.822112e-01 -7.916961e-04  9.240747e-01
   outer loop
     vertex -8.462781e-01 -7.286748e+00  1.435006e+02
     vertex -5.671110e-01 -7.059311e+00  1.433853e+02
     vertex -8.458130e-01 -7.062174e+00  1.435006e+02
   endloop
 endfacet
 facet normal  2.611691e-01  3.019865e-02  9.648206e-01
   outer loop
     vertex -5.819858e-01 -7.692276e+00  1.433853e+02
     vertex -6.492241e-01 -7.786804e+00  1.434064e+02
     vertex -3.132539e-01 -7.809619e+00  1.433162e+02
   endloop
 endfacet
 facet normal  2.376878e-01 -2.719099e-02  9.709609e-01
   outer loop
     vertex -5.819858e-01 -7.692276e+00  1.433853e+02
     vertex -3.132539e-01 -7.809619e+00  1.433162e+02
     vertex -2.895710e-01 -7.709039e+00  1.433132e+02
   endloop
 endfacet
 facet normal  2.386370e-01 -1.100044e-02  9.710465e-01
   outer loop
     vertex -5.819858e-01 -7.692276e+00  1.433853e+02
     vertex -2.795990e-01 -7.492712e+00  1.433132e+02
     vertex -5.723158e-01 -7.482502e+00  1.433853e+02
   endloop
 endfacet
 facet normal  2.386370e-01 -1.100044e-02  9.710465e-01
   outer loop
     vertex -5.819858e-01 -7.692276e+00  1.433853e+02
     vertex -2.895710e-01 -7.709039e+00  1.433132e+02
     vertex -2.795990e-01 -7.492712e+00  1.433132e+02
   endloop
 endfacet
 facet normal  3.820882e-01 -9.416534e-03  9.240779e-01
   outer loop
     vertex -8.508630e-01 -7.472786e+00  1.435006e+02
     vertex -5.675905e-01 -7.290765e+00  1.433853e+02
     vertex -8.462781e-01 -7.286748e+00  1.435006e+02
   endloop
 endfacet
 facet normal  3.820882e-01 -9.416534e-03  9.240779e-01
   outer loop
     vertex -8.508630e-01 -7.472786e+00  1.435006e+02
     vertex -5.723158e-01 -7.482502e+00  1.433853e+02
     vertex -5.675905e-01 -7.290765e+00  1.433853e+02
   endloop
 endfacet
 facet normal  6.429223e-01 -1.433633e-03  7.659300e-01
   outer loop
     vertex -1.106383e+00 -7.282999e+00  1.436578e+02
     vertex -1.105918e+00 -7.064845e+00  1.436578e+02
     vertex -1.341950e+00 -7.173613e+00  1.438557e+02
   endloop
 endfacet
 facet normal  5.173981e-01 -1.173783e-03  8.557440e-01
   outer loop
     vertex -1.106383e+00 -7.282999e+00  1.436578e+02
     vertex -8.458130e-01 -7.062174e+00  1.435006e+02
     vertex -1.105918e+00 -7.064845e+00  1.436578e+02
   endloop
 endfacet
 facet normal  5.173347e-01 -1.071585e-03  8.557825e-01
   outer loop
     vertex -1.106383e+00 -7.282999e+00  1.436578e+02
     vertex -8.462781e-01 -7.286748e+00  1.435006e+02
     vertex -8.458130e-01 -7.062174e+00  1.435006e+02
   endloop
 endfacet
 facet normal  4.253999e-01  4.244434e-02  9.040096e-01
   outer loop
     vertex -8.602456e-01 -7.676325e+00  1.435006e+02
     vertex -9.644577e-01 -7.765396e+00  1.435538e+02
     vertex -6.492241e-01 -7.786804e+00  1.434064e+02
   endloop
 endfacet
 facet normal  3.788903e-01 -6.283023e-02  9.233063e-01
   outer loop
     vertex -8.602456e-01 -7.676325e+00  1.435006e+02
     vertex -6.492241e-01 -7.786804e+00  1.434064e+02
     vertex -5.819858e-01 -7.692276e+00  1.433853e+02
   endloop
 endfacet
 facet normal  3.818021e-01 -1.759991e-02  9.240765e-01
   outer loop
     vertex -8.602456e-01 -7.676325e+00  1.435006e+02
     vertex -5.819858e-01 -7.692276e+00  1.433853e+02
     vertex -5.723158e-01 -7.482502e+00  1.433853e+02
   endloop
 endfacet
 facet normal  3.818021e-01 -1.759991e-02  9.240765e-01
   outer loop
     vertex -8.602456e-01 -7.676325e+00  1.435006e+02
     vertex -5.723158e-01 -7.482502e+00  1.433853e+02
     vertex -8.508630e-01 -7.472786e+00  1.435006e+02
   endloop
 endfacet
 facet normal  5.171697e-01 -1.274561e-02  8.557879e-01
   outer loop
     vertex -1.110837e+00 -7.463718e+00  1.436578e+02
     vertex -8.508630e-01 -7.472786e+00  1.435006e+02
     vertex -8.462781e-01 -7.286748e+00  1.435006e+02
   endloop
 endfacet
 facet normal  5.171697e-01 -1.274561e-02  8.557879e-01
   outer loop
     vertex -1.110837e+00 -7.463718e+00  1.436578e+02
     vertex -8.462781e-01 -7.286748e+00  1.435006e+02
     vertex -1.106383e+00 -7.282999e+00  1.436578e+02
   endloop
 endfacet
 facet normal  7.587771e-01 -6.288210e-03  6.513201e-01
   outer loop
     vertex -1.342833e+00 -7.279591e+00  1.438557e+02
     vertex -1.341950e+00 -7.173613e+00  1.438557e+02
     vertex -1.568553e+00 -7.276337e+00  1.441187e+02
   endloop
 endfacet
 facet normal  6.418583e-01 -5.308009e-03  7.668049e-01
   outer loop
     vertex -1.342833e+00 -7.279591e+00  1.438557e+02
     vertex -1.106383e+00 -7.282999e+00  1.436578e+02
     vertex -1.341950e+00 -7.173613e+00  1.438557e+02
   endloop
 endfacet
 facet normal  5.759184e-01  4.463487e-02  8.162878e-01
   outer loop
     vertex -1.119951e+00 -7.661438e+00  1.436578e+02
     vertex -1.249377e+00 -7.746048e+00  1.437537e+02
     vertex -9.644577e-01 -7.765396e+00  1.435538e+02
   endloop
 endfacet
 facet normal  5.121557e-01 -8.876467e-02  8.542935e-01
   outer loop
     vertex -1.119951e+00 -7.661438e+00  1.436578e+02
     vertex -9.644577e-01 -7.765396e+00  1.435538e+02
     vertex -8.602456e-01 -7.676325e+00  1.435006e+02
   endloop
 endfacet
 facet normal  5.167820e-01 -2.382207e-02  8.557856e-01
   outer loop
     vertex -1.119951e+00 -7.661438e+00  1.436578e+02
     vertex -8.602456e-01 -7.676325e+00  1.435006e+02
     vertex -8.508630e-01 -7.472786e+00  1.435006e+02
   endloop
 endfacet
 facet normal  5.167820e-01 -2.382207e-02  8.557856e-01
   outer loop
     vertex -1.119951e+00 -7.661438e+00  1.436578e+02
     vertex -8.508630e-01 -7.472786e+00  1.435006e+02
     vertex -1.110837e+00 -7.463718e+00  1.436578e+02
   endloop
 endfacet
 facet normal  6.416981e-01 -1.581460e-02  7.667943e-01
   outer loop
     vertex -1.347167e+00 -7.455474e+00  1.438557e+02
     vertex -1.110837e+00 -7.463718e+00  1.436578e+02
     vertex -1.106383e+00 -7.282999e+00  1.436578e+02
   endloop
 endfacet
 facet normal  6.416981e-01 -1.581460e-02  7.667943e-01
   outer loop
     vertex -1.347167e+00 -7.455474e+00  1.438557e+02
     vertex -1.106383e+00 -7.282999e+00  1.436578e+02
     vertex -1.342833e+00 -7.279591e+00  1.438557e+02
   endloop
 endfacet
 facet normal  6.412159e-01 -2.955809e-02  7.667910e-01
   outer loop
     vertex -1.347167e+00 -7.455474e+00  1.438557e+02
     vertex -1.119951e+00 -7.661438e+00  1.436578e+02
     vertex -1.110837e+00 -7.463718e+00  1.436578e+02
   endloop
 endfacet
 facet normal  6.412159e-01 -2.955809e-02  7.667910e-01
   outer loop
     vertex -1.356038e+00 -7.647904e+00  1.438557e+02
     vertex -1.119951e+00 -7.661438e+00  1.436578e+02
     vertex -1.347167e+00 -7.455474e+00  1.438557e+02
   endloop
 endfacet
 facet normal  7.086945e-01  3.799255e-02  7.044918e-01
   outer loop
     vertex -1.356038e+00 -7.647904e+00  1.438557e+02
     vertex -1.495324e+00 -7.729346e+00  1.440002e+02
     vertex -1.249377e+00 -7.746048e+00  1.437537e+02
   endloop
 endfacet
 facet normal  7.289876e-01 -3.360410e-02  6.837015e-01
   outer loop
     vertex -1.356038e+00 -7.647904e+00  1.438557e+02
     vertex -1.347167e+00 -7.455474e+00  1.438557e+02
     vertex -1.495324e+00 -7.729346e+00  1.440002e+02
   endloop
 endfacet
 facet normal  6.354462e-01 -1.045382e-01  7.650359e-01
   outer loop
     vertex -1.356038e+00 -7.647904e+00  1.438557e+02
     vertex -1.249377e+00 -7.746048e+00  1.437537e+02
     vertex -1.119951e+00 -7.661438e+00  1.436578e+02
   endloop
 endfacet
 facet normal  8.570766e-01 -2.231985e-02  5.147053e-01
   outer loop
     vertex -1.572941e+00 -7.447599e+00  1.441186e+02
     vertex -1.568553e+00 -7.276337e+00  1.441187e+02
     vertex -1.738173e+00 -7.352125e+00  1.443979e+02
   endloop
 endfacet
 facet normal  7.585587e-01 -1.989153e-02  6.513010e-01
   outer loop
     vertex -1.572941e+00 -7.447599e+00  1.441186e+02
     vertex -1.342833e+00 -7.279591e+00  1.438557e+02
     vertex -1.568553e+00 -7.276337e+00  1.441187e+02
   endloop
 endfacet
 facet normal  7.560185e-01 -6.533360e-02  6.512814e-01
   outer loop
     vertex -1.572941e+00 -7.447599e+00  1.441186e+02
     vertex -1.495324e+00 -7.729346e+00  1.440002e+02
     vertex -1.347167e+00 -7.455474e+00  1.438557e+02
   endloop
 endfacet
 facet normal  7.581984e-01 -1.868574e-02  6.517562e-01
   outer loop
     vertex -1.572941e+00 -7.447599e+00  1.441186e+02
     vertex -1.347167e+00 -7.455474e+00  1.438557e+02
     vertex -1.342833e+00 -7.279591e+00  1.438557e+02
   endloop
 endfacet
 facet normal  8.200594e-01  3.295283e-02  5.713289e-01
   outer loop
     vertex -1.581579e+00 -7.634975e+00  1.441186e+02
     vertex -1.694826e+00 -7.715798e+00  1.442858e+02
     vertex -1.495324e+00 -7.729346e+00  1.440002e+02
   endloop
 endfacet
 facet normal  7.935284e-01 -3.657923e-02  6.074329e-01
   outer loop
     vertex -1.581579e+00 -7.634975e+00  1.441186e+02
     vertex -1.495324e+00 -7.729346e+00  1.440002e+02
     vertex -1.572941e+00 -7.447599e+00  1.441186e+02
   endloop
 endfacet
 facet normal  9.271706e-01 -2.771116e-02  3.736131e-01
   outer loop
     vertex -1.740845e+00 -7.441742e+00  1.443979e+02
     vertex -1.738173e+00 -7.352125e+00  1.443979e+02
     vertex -1.854099e+00 -7.403357e+00  1.446818e+02
   endloop
 endfacet
 facet normal  8.559927e-01 -3.945864e-02  5.154799e-01
   outer loop
     vertex -1.740845e+00 -7.441742e+00  1.443979e+02
     vertex -1.581579e+00 -7.634975e+00  1.441186e+02
     vertex -1.572941e+00 -7.447599e+00  1.441186e+02
   endloop
 endfacet
 facet normal  8.565069e-01 -2.562750e-02  5.154990e-01
   outer loop
     vertex -1.740845e+00 -7.441742e+00  1.443979e+02
     vertex -1.572941e+00 -7.447599e+00  1.441186e+02
     vertex -1.738173e+00 -7.352125e+00  1.443979e+02
   endloop
 endfacet
 facet normal  8.485542e-01 -1.256244e-01  5.139789e-01
   outer loop
     vertex -1.749310e+00 -7.625360e+00  1.443979e+02
     vertex -1.694826e+00 -7.715798e+00  1.442858e+02
     vertex -1.581579e+00 -7.634975e+00  1.441186e+02
   endloop
 endfacet
 facet normal  9.067028e-01  2.454008e-02  4.210556e-01
   outer loop
     vertex -1.749310e+00 -7.625360e+00  1.443979e+02
     vertex -1.841822e+00 -7.705815e+00  1.446018e+02
     vertex -1.694826e+00 -7.715798e+00  1.442858e+02
   endloop
 endfacet
 facet normal  8.559927e-01 -3.945864e-02  5.154799e-01
   outer loop
     vertex -1.749310e+00 -7.625360e+00  1.443979e+02
     vertex -1.581579e+00 -7.634975e+00  1.441186e+02
     vertex -1.740845e+00 -7.441742e+00  1.443979e+02
   endloop
 endfacet
 facet normal  9.268246e-01 -3.233317e-02  3.741000e-01
   outer loop
     vertex -1.855291e+00 -7.437750e+00  1.446818e+02
     vertex -1.740845e+00 -7.441742e+00  1.443979e+02
     vertex -1.854099e+00 -7.403357e+00  1.446818e+02
   endloop
 endfacet
 facet normal  9.208231e-01 -1.123805e-01  3.734372e-01
   outer loop
     vertex -1.863637e+00 -7.618806e+00  1.446818e+02
     vertex -1.841822e+00 -7.705815e+00  1.446018e+02
     vertex -1.749310e+00 -7.625360e+00  1.443979e+02
   endloop
 endfacet
 facet normal  9.264128e-01 -4.270479e-02  3.740798e-01
   outer loop
     vertex -1.863637e+00 -7.618806e+00  1.446818e+02
     vertex -1.749310e+00 -7.625360e+00  1.443979e+02
     vertex -1.740845e+00 -7.441742e+00  1.443979e+02
   endloop
 endfacet
 facet normal  9.264128e-01 -4.270479e-02  3.740798e-01
   outer loop
     vertex -1.863637e+00 -7.618806e+00  1.446818e+02
     vertex -1.740845e+00 -7.441742e+00  1.443979e+02
     vertex -1.855291e+00 -7.437750e+00  1.446818e+02
   endloop
 endfacet
 facet normal  9.660850e-01  4.909104e-03  2.581777e-01
   outer loop
     vertex -1.863637e+00 -7.618806e+00  1.446818e+02
     vertex -1.931845e+00 -7.699702e+00  1.449385e+02
     vertex -1.841822e+00 -7.705815e+00  1.446018e+02
   endloop
 endfacet
 facet normal  8.251373e-01 -5.479363e-01  1.375291e-01
   outer loop
     vertex -1.918273e+00 -7.435553e+00  1.449385e+02
     vertex -1.854099e+00 -7.403357e+00  1.446818e+02
     vertex -1.926818e+00 -7.435255e+00  1.449910e+02
   endloop
 endfacet
 facet normal  9.705891e-01 -3.377011e-02  2.383617e-01
   outer loop
     vertex -1.918273e+00 -7.435553e+00  1.449385e+02
     vertex -1.855291e+00 -7.437750e+00  1.446818e+02
     vertex -1.854099e+00 -7.403357e+00  1.446818e+02
   endloop
 endfacet
 facet normal  9.942477e-01 -6.225503e-02  8.715454e-02
   outer loop
     vertex -1.926554e+00 -7.615199e+00  1.449385e+02
     vertex -1.956889e+00 -7.613461e+00  1.452858e+02
     vertex -1.962160e+00 -7.697643e+00  1.452858e+02
   endloop
 endfacet
 facet normal  9.948488e-01 -5.176894e-02  8.715454e-02
   outer loop
     vertex -1.926554e+00 -7.615199e+00  1.449385e+02
     vertex -1.952505e+00 -7.529227e+00  1.452858e+02
     vertex -1.956889e+00 -7.613461e+00  1.452858e+02
   endloop
 endfacet
 facet normal  9.942477e-01 -6.225503e-02  8.715454e-02
   outer loop
     vertex -1.926554e+00 -7.615199e+00  1.449385e+02
     vertex -1.962160e+00 -7.697643e+00  1.452858e+02
     vertex -1.931845e+00 -7.699702e+00  1.449385e+02
   endloop
 endfacet
 facet normal  9.701497e-01 -4.472093e-02  2.383476e-01
   outer loop
     vertex -1.926554e+00 -7.615199e+00  1.449385e+02
     vertex -1.863637e+00 -7.618806e+00  1.446818e+02
     vertex -1.855291e+00 -7.437750e+00  1.446818e+02
   endloop
 endfacet
 facet normal  9.692790e-01 -6.069161e-02  2.383585e-01
   outer loop
     vertex -1.926554e+00 -7.615199e+00  1.449385e+02
     vertex -1.931845e+00 -7.699702e+00  1.449385e+02
     vertex -1.863637e+00 -7.618806e+00  1.446818e+02
   endloop
 endfacet
 facet normal  9.859292e-01 -4.544832e-02  1.608669e-01
   outer loop
     vertex -1.926554e+00 -7.615199e+00  1.449385e+02
     vertex -1.918273e+00 -7.435553e+00  1.449385e+02
     vertex -1.926818e+00 -7.435255e+00  1.449910e+02
   endloop
 endfacet
 facet normal  9.701497e-01 -4.472093e-02  2.383476e-01
   outer loop
     vertex -1.926554e+00 -7.615199e+00  1.449385e+02
     vertex -1.855291e+00 -7.437750e+00  1.446818e+02
     vertex -1.918273e+00 -7.435553e+00  1.449385e+02
   endloop
 endfacet
 facet normal  9.965665e-01 -2.182138e-02  7.986945e-02
   outer loop
     vertex -1.926554e+00 -7.615199e+00  1.449385e+02
     vertex -1.926818e+00 -7.435255e+00  1.449910e+02
     vertex -1.952505e+00 -7.529227e+00  1.452858e+02
   endloop
 endfacet
 facet normal  2.734217e-02  3.172671e-02  9.991225e-01
   outer loop
     vertex -1.083871e+01  2.638353e+00  1.432927e+02
     vertex  3.569206e-02 -6.515144e+00  1.432858e+02
     vertex -1.078371e+01  2.809047e+00  1.432858e+02
   endloop
 endfacet
 facet normal  2.734217e-02  3.172671e-02  9.991225e-01
   outer loop
     vertex -1.083871e+01  2.638353e+00  1.432927e+02
     vertex -1.250101e-01 -6.594747e+00  1.432927e+02
     vertex  3.569206e-02 -6.515144e+00  1.432858e+02
   endloop
 endfacet
 facet normal  8.125474e-02  9.428461e-02  9.922238e-01
   outer loop
     vertex -1.089302e+01  2.467765e+00  1.433134e+02
     vertex -2.857100e-01 -6.673648e+00  1.433134e+02
     vertex -1.250101e-01 -6.594747e+00  1.432927e+02
   endloop
 endfacet
 facet normal  8.125474e-02  9.428461e-02  9.922238e-01
   outer loop
     vertex -1.089302e+01  2.467765e+00  1.433134e+02
     vertex -1.250101e-01 -6.594747e+00  1.432927e+02
     vertex -1.083871e+01  2.638353e+00  1.432927e+02
   endloop
 endfacet
 facet normal  1.556701e-01  1.806330e-01  9.711532e-01
   outer loop
     vertex -1.098833e+01  2.163202e+00  1.433853e+02
     vertex -5.728650e-01 -6.812875e+00  1.433853e+02
     vertex -2.857100e-01 -6.673648e+00  1.433134e+02
   endloop
 endfacet
 facet normal  1.556701e-01  1.806330e-01  9.711532e-01
   outer loop
     vertex -1.098833e+01  2.163202e+00  1.433853e+02
     vertex -2.857100e-01 -6.673648e+00  1.433134e+02
     vertex -1.089302e+01  2.467765e+00  1.433134e+02
   endloop
 endfacet
 facet normal  2.493413e-01  2.893252e-01  9.241861e-01
   outer loop
     vertex -1.107734e+01  1.871927e+00  1.435005e+02
     vertex -8.478061e-01 -6.943914e+00  1.435005e+02
     vertex -5.728650e-01 -6.812875e+00  1.433853e+02
   endloop
 endfacet
 facet normal  2.493413e-01  2.893252e-01  9.241861e-01
   outer loop
     vertex -1.107734e+01  1.871927e+00  1.435005e+02
     vertex -5.728650e-01 -6.812875e+00  1.433853e+02
     vertex -1.098833e+01  2.163202e+00  1.433853e+02
   endloop
 endfacet
 facet normal  3.377913e-01  3.919590e-01  8.557249e-01
   outer loop
     vertex -1.115884e+01  1.598789e+00  1.436578e+02
     vertex -1.105918e+00 -7.064845e+00  1.436578e+02
     vertex -8.478061e-01 -6.943914e+00  1.435005e+02
   endloop
 endfacet
 facet normal  3.377913e-01  3.919590e-01  8.557249e-01
   outer loop
     vertex -1.115884e+01  1.598789e+00  1.436578e+02
     vertex -8.478061e-01 -6.943914e+00  1.435005e+02
     vertex -1.107734e+01  1.871927e+00  1.435005e+02
   endloop
 endfacet
 facet normal  4.953629e-01  5.747984e-01  6.513236e-01
   outer loop
     vertex -1.123157e+01  1.349285e+00  1.438557e+02
     vertex -1.568553e+00 -7.276337e+00  1.441187e+02
     vertex -1.341950e+00 -7.173613e+00  1.438557e+02
   endloop
 endfacet
 facet normal  4.189949e-01  4.861842e-01  7.668560e-01
   outer loop
     vertex -1.123157e+01  1.349285e+00  1.438557e+02
     vertex -1.341950e+00 -7.173613e+00  1.438557e+02
     vertex -1.105918e+00 -7.064845e+00  1.436578e+02
   endloop
 endfacet
 facet normal  4.189949e-01  4.861842e-01  7.668560e-01
   outer loop
     vertex -1.123157e+01  1.349285e+00  1.438557e+02
     vertex -1.105918e+00 -7.064845e+00  1.436578e+02
     vertex -1.115884e+01  1.598789e+00  1.436578e+02
   endloop
 endfacet
 facet normal  5.592206e-01  6.488962e-01  5.159516e-01
   outer loop
     vertex -1.129971e+01  1.109999e+00  1.441187e+02
     vertex -1.738173e+00 -7.352125e+00  1.443979e+02
     vertex -1.568553e+00 -7.276337e+00  1.441187e+02
   endloop
 endfacet
 facet normal  4.953629e-01  5.747984e-01  6.513236e-01
   outer loop
     vertex -1.129971e+01  1.109999e+00  1.441187e+02
     vertex -1.568553e+00 -7.276337e+00  1.441187e+02
     vertex -1.123157e+01  1.349285e+00  1.438557e+02
   endloop
 endfacet
 facet normal  6.054431e-01  7.025309e-01  3.740173e-01
   outer loop
     vertex -1.134962e+01  9.310486e-01  1.443979e+02
     vertex -1.854099e+00 -7.403357e+00  1.446818e+02
     vertex -1.738173e+00 -7.352125e+00  1.443979e+02
   endloop
 endfacet
 facet normal  5.592206e-01  6.488962e-01  5.159516e-01
   outer loop
     vertex -1.134962e+01  9.310486e-01  1.443979e+02
     vertex -1.738173e+00 -7.352125e+00  1.443979e+02
     vertex -1.129971e+01  1.109999e+00  1.441187e+02
   endloop
 endfacet
 facet normal  6.054431e-01  7.025309e-01  3.740173e-01
   outer loop
     vertex -1.138318e+01  8.088290e-01  1.446818e+02
     vertex -1.854099e+00 -7.403357e+00  1.446818e+02
     vertex -1.134962e+01  9.310486e-01  1.443979e+02
   endloop
 endfacet
 facet normal  6.359789e-01  7.379634e-01  2.257009e-01
   outer loop
     vertex -1.140399e+01  7.321976e-01  1.449910e+02
     vertex -1.926818e+00 -7.435255e+00  1.449910e+02
     vertex -1.854099e+00 -7.403357e+00  1.446818e+02
   endloop
 endfacet
 facet normal  6.359789e-01  7.379634e-01  2.257009e-01
   outer loop
     vertex -1.140399e+01  7.321976e-01  1.449910e+02
     vertex -1.854099e+00 -7.403357e+00  1.446818e+02
     vertex -1.138318e+01  8.088290e-01  1.446818e+02
   endloop
 endfacet
 facet normal  6.510414e-01  7.554412e-01  7.384910e-02
   outer loop
     vertex -1.141030e+01  7.088164e-01  1.452858e+02
     vertex -1.949011e+00 -7.444952e+00  1.452858e+02
     vertex -1.926818e+00 -7.435255e+00  1.449910e+02
   endloop
 endfacet
 facet normal  6.510414e-01  7.554412e-01  7.384910e-02
   outer loop
     vertex -1.141030e+01  7.088164e-01  1.452858e+02
     vertex -1.926818e+00 -7.435255e+00  1.449910e+02
     vertex -1.140399e+01  7.321976e-01  1.449910e+02
   endloop
 endfacet
 facet normal -4.469494e-03  4.197702e-02  9.991086e-01
   outer loop
     vertex -1.083871e+01  2.638353e+00  1.432927e+02
     vertex -1.078371e+01  2.809047e+00  1.432858e+02
     vertex -1.122086e+01  2.762502e+00  1.432858e+02
   endloop
 endfacet
 facet normal -2.083653e-01  9.741602e-01  8.715454e-02
   outer loop
     vertex -1.157580e+01  6.761457e-01  1.452858e+02
     vertex -1.166480e+01  6.881820e-01  1.449385e+02
     vertex -1.165828e+01  6.585035e-01  1.452858e+02
   endloop
 endfacet
 facet normal -1.879838e-01  9.794074e-01  7.364209e-02
   outer loop
     vertex -1.141030e+01  7.088164e-01  1.452858e+02
     vertex -1.140399e+01  7.321976e-01  1.449910e+02
     vertex -1.149314e+01  6.929173e-01  1.452858e+02
   endloop
 endfacet
 facet normal -1.079992e-02  8.685645e-02  9.961623e-01
   outer loop
     vertex -1.181658e+01  2.331353e+00  1.433132e+02
     vertex -1.208691e+01  2.612033e+00  1.432858e+02
     vertex -1.201248e+01  2.272807e+00  1.433162e+02
   endloop
 endfacet
 facet normal -1.607410e-02  8.181149e-02  9.965182e-01
   outer loop
     vertex -1.181658e+01  2.331353e+00  1.433132e+02
     vertex -1.165554e+01  2.696788e+00  1.432858e+02
     vertex -1.208691e+01  2.612033e+00  1.432858e+02
   endloop
 endfacet
 facet normal -1.510594e-02  8.138857e-02  9.965680e-01
   outer loop
     vertex -1.160005e+01  2.371541e+00  1.433132e+02
     vertex -1.165554e+01  2.696788e+00  1.432858e+02
     vertex -1.181658e+01  2.331353e+00  1.433132e+02
   endloop
 endfacet
 facet normal -3.007446e-02  2.582877e-01  9.655998e-01
   outer loop
     vertex -1.175985e+01  2.044003e+00  1.433853e+02
     vertex -1.201248e+01  2.272807e+00  1.433162e+02
     vertex -1.194031e+01  1.943887e+00  1.434064e+02
   endloop
 endfacet
 facet normal -5.475888e-02  2.326674e-01  9.710136e-01
   outer loop
     vertex -1.175985e+01  2.044003e+00  1.433853e+02
     vertex -1.181658e+01  2.331353e+00  1.433132e+02
     vertex -1.201248e+01  2.272807e+00  1.433162e+02
   endloop
 endfacet
 facet normal -1.246298e-02  8.243981e-02  9.965181e-01
   outer loop
     vertex -1.139149e+01  2.405455e+00  1.433132e+02
     vertex -1.122086e+01  2.762502e+00  1.432858e+02
     vertex -1.165554e+01  2.696788e+00  1.432858e+02
   endloop
 endfacet
 facet normal -1.328532e-02  8.169923e-02  9.965685e-01
   outer loop
     vertex -1.139149e+01  2.405455e+00  1.433132e+02
     vertex -1.165554e+01  2.696788e+00  1.432858e+02
     vertex -1.160005e+01  2.371541e+00  1.433132e+02
   endloop
 endfacet
 facet normal -4.359429e-02  2.348796e-01  9.710464e-01
   outer loop
     vertex -1.154988e+01  2.082975e+00  1.433853e+02
     vertex -1.160005e+01  2.371541e+00  1.433132e+02
     vertex -1.181658e+01  2.331353e+00  1.433132e+02
   endloop
 endfacet
 facet normal -4.359429e-02  2.348796e-01  9.710464e-01
   outer loop
     vertex -1.154988e+01  2.082975e+00  1.433853e+02
     vertex -1.181658e+01  2.331353e+00  1.433132e+02
     vertex -1.175985e+01  2.044003e+00  1.433853e+02
   endloop
 endfacet
 facet normal -2.768316e-02  2.379453e-01  9.708840e-01
   outer loop
     vertex -1.117872e+01  2.435258e+00  1.433132e+02
     vertex -1.098833e+01  2.163202e+00  1.433853e+02
     vertex -1.089302e+01  2.467765e+00  1.433134e+02
   endloop
 endfacet
 facet normal -1.482898e-02  1.248558e-01  9.920641e-01
   outer loop
     vertex -1.117872e+01  2.435258e+00  1.433132e+02
     vertex -1.089302e+01  2.467765e+00  1.433134e+02
     vertex -1.083871e+01  2.638353e+00  1.432927e+02
   endloop
 endfacet
 facet normal -1.148244e-02  8.197506e-02  9.965682e-01
   outer loop
     vertex -1.117872e+01  2.435258e+00  1.433132e+02
     vertex -1.122086e+01  2.762502e+00  1.432858e+02
     vertex -1.139149e+01  2.405455e+00  1.433132e+02
   endloop
 endfacet
 facet normal  9.444379e-03  8.465269e-02  9.963658e-01
   outer loop
     vertex -1.117872e+01  2.435258e+00  1.433132e+02
     vertex -1.083871e+01  2.638353e+00  1.432927e+02
     vertex -1.122086e+01  2.762502e+00  1.432858e+02
   endloop
 endfacet
 facet normal -5.242047e-02  4.208408e-01  9.056187e-01
   outer loop
     vertex -1.170587e+01  1.770564e+00  1.435006e+02
     vertex -1.194031e+01  1.943887e+00  1.434064e+02
     vertex -1.187260e+01  1.635268e+00  1.435538e+02
   endloop
 endfacet
 facet normal -9.710750e-02  3.702850e-01  9.238285e-01
   outer loop
     vertex -1.170587e+01  1.770564e+00  1.435006e+02
     vertex -1.175985e+01  2.044003e+00  1.433853e+02
     vertex -1.194031e+01  1.943887e+00  1.434064e+02
   endloop
 endfacet
 facet normal -3.834284e-02  2.357926e-01  9.710467e-01
   outer loop
     vertex -1.134764e+01  2.115861e+00  1.433853e+02
     vertex -1.139149e+01  2.405455e+00  1.433132e+02
     vertex -1.160005e+01  2.371541e+00  1.433132e+02
   endloop
 endfacet
 facet normal -3.834284e-02  2.357926e-01  9.710467e-01
   outer loop
     vertex -1.134764e+01  2.115861e+00  1.433853e+02
     vertex -1.160005e+01  2.371541e+00  1.433132e+02
     vertex -1.154988e+01  2.082975e+00  1.433853e+02
   endloop
 endfacet
 facet normal -6.974772e-02  3.757904e-01  9.240762e-01
   outer loop
     vertex -1.150214e+01  1.808377e+00  1.435006e+02
     vertex -1.154988e+01  2.082975e+00  1.433853e+02
     vertex -1.175985e+01  2.044003e+00  1.433853e+02
   endloop
 endfacet
 facet normal -6.974772e-02  3.757904e-01  9.240762e-01
   outer loop
     vertex -1.150214e+01  1.808377e+00  1.435006e+02
     vertex -1.175985e+01  2.044003e+00  1.433853e+02
     vertex -1.170587e+01  1.770564e+00  1.435006e+02
   endloop
 endfacet
 facet normal -4.606713e-02  3.795361e-01  9.240293e-01
   outer loop
     vertex -1.114132e+01  2.144762e+00  1.433853e+02
     vertex -1.107734e+01  1.871927e+00  1.435005e+02
     vertex -1.098833e+01  2.163202e+00  1.433853e+02
   endloop
 endfacet
 facet normal -3.313842e-02  2.365806e-01  9.710466e-01
   outer loop
     vertex -1.114132e+01  2.144762e+00  1.433853e+02
     vertex -1.139149e+01  2.405455e+00  1.433132e+02
     vertex -1.134764e+01  2.115861e+00  1.433853e+02
   endloop
 endfacet
 facet normal -2.891836e-02  2.371245e-01  9.710488e-01
   outer loop
     vertex -1.114132e+01  2.144762e+00  1.433853e+02
     vertex -1.098833e+01  2.163202e+00  1.433853e+02
     vertex -1.117872e+01  2.435258e+00  1.433132e+02
   endloop
 endfacet
 facet normal -3.313842e-02  2.365806e-01  9.710466e-01
   outer loop
     vertex -1.114132e+01  2.144762e+00  1.433853e+02
     vertex -1.117872e+01  2.435258e+00  1.433132e+02
     vertex -1.139149e+01  2.405455e+00  1.433132e+02
   endloop
 endfacet
 facet normal -7.746003e-02  5.695921e-01  8.182694e-01
   outer loop
     vertex -1.165549e+01  1.515357e+00  1.436578e+02
     vertex -1.187260e+01  1.635268e+00  1.435538e+02
     vertex -1.181139e+01  1.356329e+00  1.437537e+02
   endloop
 endfacet
 facet normal -1.332698e-01  5.006809e-01  8.553115e-01
   outer loop
     vertex -1.165549e+01  1.515357e+00  1.436578e+02
     vertex -1.170587e+01  1.770564e+00  1.435006e+02
     vertex -1.187260e+01  1.635268e+00  1.435538e+02
   endloop
 endfacet
 facet normal -6.134581e-02  3.772513e-01  9.240769e-01
   outer loop
     vertex -1.130591e+01  1.840286e+00  1.435006e+02
     vertex -1.154988e+01  2.082975e+00  1.433853e+02
     vertex -1.150214e+01  1.808377e+00  1.435006e+02
   endloop
 endfacet
 facet normal -6.134581e-02  3.772513e-01  9.240769e-01
   outer loop
     vertex -1.130591e+01  1.840286e+00  1.435006e+02
     vertex -1.134764e+01  2.115861e+00  1.433853e+02
     vertex -1.154988e+01  2.082975e+00  1.433853e+02
   endloop
 endfacet
 facet normal -9.440584e-02  5.086447e-01  8.557851e-01
   outer loop
     vertex -1.145759e+01  1.552089e+00  1.436578e+02
     vertex -1.150214e+01  1.808377e+00  1.435006e+02
     vertex -1.170587e+01  1.770564e+00  1.435006e+02
   endloop
 endfacet
 facet normal -9.440584e-02  5.086447e-01  8.557851e-01
   outer loop
     vertex -1.145759e+01  1.552089e+00  1.436578e+02
     vertex -1.170587e+01  1.770564e+00  1.435006e+02
     vertex -1.165549e+01  1.515357e+00  1.436578e+02
   endloop
 endfacet
 facet normal -6.440107e-02  5.123338e-01  8.563682e-01
   outer loop
     vertex -1.110572e+01  1.868327e+00  1.435006e+02
     vertex -1.115884e+01  1.598789e+00  1.436578e+02
     vertex -1.107734e+01  1.871927e+00  1.435005e+02
   endloop
 endfacet
 facet normal -5.301910e-02  3.785120e-01  9.240766e-01
   outer loop
     vertex -1.110572e+01  1.868327e+00  1.435006e+02
     vertex -1.114132e+01  2.144762e+00  1.433853e+02
     vertex -1.134764e+01  2.115861e+00  1.433853e+02
   endloop
 endfacet
 facet normal -4.747578e-02  3.792289e-01  9.240841e-01
   outer loop
     vertex -1.110572e+01  1.868327e+00  1.435006e+02
     vertex -1.107734e+01  1.871927e+00  1.435005e+02
     vertex -1.114132e+01  2.144762e+00  1.433853e+02
   endloop
 endfacet
 facet normal -7.188076e-02  5.131685e-01  8.552726e-01
   outer loop
     vertex -1.110572e+01  1.868327e+00  1.435006e+02
     vertex -1.130591e+01  1.840286e+00  1.435006e+02
     vertex -1.115884e+01  1.598789e+00  1.436578e+02
   endloop
 endfacet
 facet normal -5.301910e-02  3.785120e-01  9.240766e-01
   outer loop
     vertex -1.110572e+01  1.868327e+00  1.435006e+02
     vertex -1.134764e+01  2.115861e+00  1.433853e+02
     vertex -1.130591e+01  1.840286e+00  1.435006e+02
   endloop
 endfacet
 facet normal -1.038368e-01  7.002868e-01  7.062693e-01
   outer loop
     vertex -1.160970e+01  1.283360e+00  1.438557e+02
     vertex -1.181139e+01  1.356329e+00  1.437537e+02
     vertex -1.175856e+01  1.115543e+00  1.440002e+02
   endloop
 endfacet
 facet normal -1.626023e-01  6.216605e-01  7.662236e-01
   outer loop
     vertex -1.160970e+01  1.283360e+00  1.438557e+02
     vertex -1.165549e+01  1.515357e+00  1.436578e+02
     vertex -1.181139e+01  1.356329e+00  1.437537e+02
   endloop
 endfacet
 facet normal -9.237345e-02  6.352010e-01  7.668030e-01
   outer loop
     vertex -1.126697e+01  1.583086e+00  1.436578e+02
     vertex -1.123157e+01  1.349285e+00  1.438557e+02
     vertex -1.115884e+01  1.598789e+00  1.436578e+02
   endloop
 endfacet
 facet normal -8.303364e-02  5.106225e-01  8.557862e-01
   outer loop
     vertex -1.126697e+01  1.583086e+00  1.436578e+02
     vertex -1.130591e+01  1.840286e+00  1.435006e+02
     vertex -1.150214e+01  1.808377e+00  1.435006e+02
   endloop
 endfacet
 facet normal -7.448603e-02  5.119227e-01  8.557961e-01
   outer loop
     vertex -1.126697e+01  1.583086e+00  1.436578e+02
     vertex -1.115884e+01  1.598789e+00  1.436578e+02
     vertex -1.130591e+01  1.840286e+00  1.435006e+02
   endloop
 endfacet
 facet normal -8.303364e-02  5.106225e-01  8.557862e-01
   outer loop
     vertex -1.126697e+01  1.583086e+00  1.436578e+02
     vertex -1.150214e+01  1.808377e+00  1.435006e+02
     vertex -1.145759e+01  1.552089e+00  1.436578e+02
   endloop
 endfacet
 facet normal -1.219200e-01  7.496661e-01  6.504892e-01
   outer loop
     vertex -1.141709e+01  1.319109e+00  1.438557e+02
     vertex -1.129971e+01  1.109999e+00  1.441187e+02
     vertex -1.123157e+01  1.349285e+00  1.438557e+02
   endloop
 endfacet
 facet normal -1.030334e-01  6.335755e-01  7.667896e-01
   outer loop
     vertex -1.141709e+01  1.319109e+00  1.438557e+02
     vertex -1.123157e+01  1.349285e+00  1.438557e+02
     vertex -1.126697e+01  1.583086e+00  1.436578e+02
   endloop
 endfacet
 facet normal -1.171374e-01  6.311192e-01  7.667903e-01
   outer loop
     vertex -1.141709e+01  1.319109e+00  1.438557e+02
     vertex -1.145759e+01  1.552089e+00  1.436578e+02
     vertex -1.165549e+01  1.515357e+00  1.436578e+02
   endloop
 endfacet
 facet normal -1.171374e-01  6.311192e-01  7.667903e-01
   outer loop
     vertex -1.141709e+01  1.319109e+00  1.438557e+02
     vertex -1.165549e+01  1.515357e+00  1.436578e+02
     vertex -1.160970e+01  1.283360e+00  1.438557e+02
   endloop
 endfacet
 facet normal -1.030270e-01  6.335736e-01  7.667920e-01
   outer loop
     vertex -1.141709e+01  1.319109e+00  1.438557e+02
     vertex -1.126697e+01  1.583086e+00  1.436578e+02
     vertex -1.145759e+01  1.552089e+00  1.436578e+02
   endloop
 endfacet
 facet normal -1.257011e-01  8.099744e-01  5.728356e-01
   outer loop
     vertex -1.156594e+01  1.061726e+00  1.441186e+02
     vertex -1.175856e+01  1.115543e+00  1.440002e+02
     vertex -1.171571e+01  9.202269e-01  1.442858e+02
   endloop
 endfacet
 facet normal -1.950605e-01  7.336020e-01  6.509835e-01
   outer loop
     vertex -1.156594e+01  1.061726e+00  1.441186e+02
     vertex -1.160970e+01  1.283360e+00  1.438557e+02
     vertex -1.175856e+01  1.115543e+00  1.440002e+02
   endloop
 endfacet
 facet normal -1.384035e-01  7.456973e-01  6.517515e-01
   outer loop
     vertex -1.137839e+01  1.096536e+00  1.441186e+02
     vertex -1.160970e+01  1.283360e+00  1.438557e+02
     vertex -1.156594e+01  1.061726e+00  1.441186e+02
   endloop
 endfacet
 facet normal -1.452844e-01  8.445440e-01  5.154006e-01
   outer loop
     vertex -1.137839e+01  1.096536e+00  1.441186e+02
     vertex -1.134962e+01  9.310486e-01  1.443979e+02
     vertex -1.129971e+01  1.109999e+00  1.441187e+02
   endloop
 endfacet
 facet normal -1.288687e-01  7.473832e-01  6.517754e-01
   outer loop
     vertex -1.137839e+01  1.096536e+00  1.441186e+02
     vertex -1.129971e+01  1.109999e+00  1.441187e+02
     vertex -1.141709e+01  1.319109e+00  1.438557e+02
   endloop
 endfacet
 facet normal -1.384035e-01  7.456973e-01  6.517515e-01
   outer loop
     vertex -1.137839e+01  1.096536e+00  1.441186e+02
     vertex -1.141709e+01  1.319109e+00  1.438557e+02
     vertex -1.160970e+01  1.283360e+00  1.438557e+02
   endloop
 endfacet
 facet normal -1.565889e-01  8.425366e-01  5.153756e-01
   outer loop
     vertex -1.153341e+01  8.969006e-01  1.443979e+02
     vertex -1.134962e+01  9.310486e-01  1.443979e+02
     vertex -1.137839e+01  1.096536e+00  1.441186e+02
   endloop
 endfacet
 facet normal -1.449325e-01  8.948960e-01  4.220849e-01
   outer loop
     vertex -1.153341e+01  8.969006e-01  1.443979e+02
     vertex -1.171571e+01  9.202269e-01  1.442858e+02
     vertex -1.168413e+01  7.763158e-01  1.446018e+02
   endloop
 endfacet
 facet normal -1.695431e-01  9.123180e-01  3.727345e-01
   outer loop
     vertex -1.153341e+01  8.969006e-01  1.443979e+02
     vertex -1.138318e+01  8.088290e-01  1.446818e+02
     vertex -1.134962e+01  9.310486e-01  1.443979e+02
   endloop
 endfacet
 facet normal -2.101997e-01  8.310336e-01  5.149750e-01
   outer loop
     vertex -1.153341e+01  8.969006e-01  1.443979e+02
     vertex -1.156594e+01  1.061726e+00  1.441186e+02
     vertex -1.171571e+01  9.202269e-01  1.442858e+02
   endloop
 endfacet
 facet normal -1.563728e-01  8.425134e-01  5.154791e-01
   outer loop
     vertex -1.153341e+01  8.969006e-01  1.443979e+02
     vertex -1.137839e+01  1.096536e+00  1.441186e+02
     vertex -1.156594e+01  1.061726e+00  1.441186e+02
   endloop
 endfacet
 facet normal -1.649516e-01  9.518019e-01  2.585812e-01
   outer loop
     vertex -1.151123e+01  7.845537e-01  1.446818e+02
     vertex -1.168413e+01  7.763158e-01  1.446018e+02
     vertex -1.166480e+01  6.881820e-01  1.449385e+02
   endloop
 endfacet
 facet normal -1.727894e-01  9.111530e-01  3.740909e-01
   outer loop
     vertex -1.151123e+01  7.845537e-01  1.446818e+02
     vertex -1.138318e+01  8.088290e-01  1.446818e+02
     vertex -1.153341e+01  8.969006e-01  1.443979e+02
   endloop
 endfacet
 facet normal -2.158922e-01  9.020158e-01  3.738423e-01
   outer loop
     vertex -1.151123e+01  7.845537e-01  1.446818e+02
     vertex -1.153341e+01  8.969006e-01  1.443979e+02
     vertex -1.168413e+01  7.763158e-01  1.446018e+02
   endloop
 endfacet
 facet normal -1.980828e-01  9.763029e-01  8.715454e-02
   outer loop
     vertex -1.149902e+01  7.227265e-01  1.449385e+02
     vertex -1.157580e+01  6.761457e-01  1.452858e+02
     vertex -1.149314e+01  6.929173e-01  1.452858e+02
   endloop
 endfacet
 facet normal -1.809242e-01  9.541767e-01  2.383553e-01
   outer loop
     vertex -1.149902e+01  7.227265e-01  1.449385e+02
     vertex -1.138318e+01  8.088290e-01  1.446818e+02
     vertex -1.151123e+01  7.845537e-01  1.446818e+02
   endloop
 endfacet
 facet normal -2.167813e-01  9.508609e-01  2.210644e-01
   outer loop
     vertex -1.149902e+01  7.227265e-01  1.449385e+02
     vertex -1.140399e+01  7.321976e-01  1.449910e+02
     vertex -1.138318e+01  8.088290e-01  1.446818e+02
   endloop
 endfacet
 facet normal -1.981237e-01  9.507558e-01  2.383492e-01
   outer loop
     vertex -1.149902e+01  7.227265e-01  1.449385e+02
     vertex -1.151123e+01  7.845537e-01  1.446818e+02
     vertex -1.166480e+01  6.881820e-01  1.449385e+02
   endloop
 endfacet
 facet normal -2.032494e-01  9.753530e-01  8.588495e-02
   outer loop
     vertex -1.149902e+01  7.227265e-01  1.449385e+02
     vertex -1.166480e+01  6.881820e-01  1.449385e+02
     vertex -1.157580e+01  6.761457e-01  1.452858e+02
   endloop
 endfacet
 facet normal -1.462580e-01  9.854083e-01  8.705796e-02
   outer loop
     vertex -1.149902e+01  7.227265e-01  1.449385e+02
     vertex -1.149314e+01  6.929173e-01  1.452858e+02
     vertex -1.140399e+01  7.321976e-01  1.449910e+02
   endloop
 endfacet
 facet normal  1.942448e-01  4.742639e-01 -8.586866e-01
   outer loop
     vertex -1.600385e+01 -1.933024e+00  1.432858e+02
     vertex -1.538993e+01 -1.295631e+00  1.437767e+02
     vertex -1.470169e+01 -7.241987e-01  1.442480e+02
   endloop
 endfacet
 facet normal  0.000000e+00  0.000000e+00  0.000000e+00
   outer loop
     vertex -1.600385e+01 -1.933024e+00  1.432858e+02
     vertex -1.600385e+01 -1.933024e+00  1.432858e+02
     vertex -1.538993e+01 -1.295631e+00  1.437767e+02
   endloop
 endfacet
 facet normal -6.918020e-02  9.938705e-01  8.622919e-02
   outer loop
     vertex -1.194269e+01  6.938338e-01  1.446504e+02
     vertex -1.165828e+01  6.585035e-01  1.452858e+02
     vertex -1.166480e+01  6.881820e-01  1.449385e+02
   endloop
 endfacet
 facet normal -2.490833e-01  9.333250e-01  2.585766e-01
   outer loop
     vertex -1.194269e+01  6.938338e-01  1.446504e+02
     vertex -1.166480e+01  6.881820e-01  1.449385e+02
     vertex -1.168413e+01  7.763158e-01  1.446018e+02
   endloop
 endfacet
 facet normal -2.600380e-01  9.506486e-01  1.692557e-01
   outer loop
     vertex -1.194269e+01  6.938338e-01  1.446504e+02
     vertex -1.224834e+01  5.054040e-01  1.452392e+02
     vertex -1.165828e+01  6.585035e-01  1.452858e+02
   endloop
 endfacet
 facet normal -2.471349e-01  8.722659e-01  4.219912e-01
   outer loop
     vertex -1.194739e+01  7.494013e-01  1.445032e+02
     vertex -1.168413e+01  7.763158e-01  1.446018e+02
     vertex -1.171571e+01  9.202269e-01  1.442858e+02
   endloop
 endfacet
 facet normal -6.852532e-02  8.186503e-01  5.701894e-01
   outer loop
     vertex -1.194739e+01  7.494013e-01  1.445032e+02
     vertex -1.171571e+01  9.202269e-01  1.442858e+02
     vertex -1.175856e+01  1.115543e+00  1.440002e+02
   endloop
 endfacet
 facet normal -2.241502e-01  9.093616e-01  3.504543e-01
   outer loop
     vertex -1.194739e+01  7.494013e-01  1.445032e+02
     vertex -1.194269e+01  6.938338e-01  1.446504e+02
     vertex -1.168413e+01  7.763158e-01  1.446018e+02
   endloop
 endfacet
 facet normal -3.533869e-01  9.185462e-01  1.771736e-01
   outer loop
     vertex -1.220301e+01  6.626123e-01  1.445146e+02
     vertex -1.281157e+01  3.127296e-01  1.451147e+02
     vertex -1.224834e+01  5.054040e-01  1.452392e+02
   endloop
 endfacet
 facet normal -2.878123e-01  8.928949e-01  3.462699e-01
   outer loop
     vertex -1.220301e+01  6.626123e-01  1.445146e+02
     vertex -1.194269e+01  6.938338e-01  1.446504e+02
     vertex -1.194739e+01  7.494013e-01  1.445032e+02
   endloop
 endfacet
 facet normal -2.160618e-01  9.568950e-01  1.940857e-01
   outer loop
     vertex -1.220301e+01  6.626123e-01  1.445146e+02
     vertex -1.224834e+01  5.054040e-01  1.452392e+02
     vertex -1.194269e+01  6.938338e-01  1.446504e+02
   endloop
 endfacet
 facet normal -2.786951e-01  8.730691e-01  4.000993e-01
   outer loop
     vertex -1.220470e+01  7.248589e-01  1.443776e+02
     vertex -1.220301e+01  6.626123e-01  1.445146e+02
     vertex -1.194739e+01  7.494013e-01  1.445032e+02
   endloop
 endfacet
 facet normal -3.063809e-01  8.305589e-01  4.650836e-01
   outer loop
     vertex -1.221011e+01  7.992403e-01  1.442412e+02
     vertex -1.220470e+01  7.248589e-01  1.443776e+02
     vertex -1.194739e+01  7.494013e-01  1.445032e+02
   endloop
 endfacet
 facet normal -3.760696e-01  7.652107e-01  5.225172e-01
   outer loop
     vertex -1.221973e+01  8.875655e-01  1.441049e+02
     vertex -1.221011e+01  7.992403e-01  1.442412e+02
     vertex -1.194739e+01  7.494013e-01  1.445032e+02
   endloop
 endfacet
 facet normal -4.871238e-01  6.665927e-01  5.642381e-01
   outer loop
     vertex -1.223428e+01  9.923072e-01  1.439686e+02
     vertex -1.221973e+01  8.875655e-01  1.441049e+02
     vertex -1.194739e+01  7.494013e-01  1.445032e+02
   endloop
 endfacet
 facet normal -2.475531e-01  8.251801e-01  5.077354e-01
   outer loop
     vertex -1.223428e+01  9.923072e-01  1.439686e+02
     vertex -1.194739e+01  7.494013e-01  1.445032e+02
     vertex -1.175856e+01  1.115543e+00  1.440002e+02
   endloop
 endfacet
 facet normal -1.211958e-01  9.031662e-01  4.118280e-01
   outer loop
     vertex -1.247160e+01  8.642118e-01  1.439934e+02
     vertex -1.220301e+01  6.626123e-01  1.445146e+02
     vertex -1.220470e+01  7.248589e-01  1.443776e+02
   endloop
 endfacet
 facet normal -1.160644e-01  9.047611e-01  4.098004e-01
   outer loop
     vertex -1.247160e+01  8.642118e-01  1.439934e+02
     vertex -1.281157e+01  3.127296e-01  1.451147e+02
     vertex -1.220301e+01  6.626123e-01  1.445146e+02
   endloop
 endfacet
 facet normal -3.318964e-01  7.305289e-01  5.968017e-01
   outer loop
     vertex -1.247160e+01  8.642118e-01  1.439934e+02
     vertex -1.221973e+01  8.875655e-01  1.441049e+02
     vertex -1.223428e+01  9.923072e-01  1.439686e+02
   endloop
 endfacet
 facet normal -2.366253e-01  8.490330e-01  4.723891e-01
   outer loop
     vertex -1.247160e+01  8.642118e-01  1.439934e+02
     vertex -1.220470e+01  7.248589e-01  1.443776e+02
     vertex -1.221011e+01  7.992403e-01  1.442412e+02
   endloop
 endfacet
 facet normal -3.087978e-01  7.880448e-01  5.325685e-01
   outer loop
     vertex -1.247160e+01  8.642118e-01  1.439934e+02
     vertex -1.221011e+01  7.992403e-01  1.442412e+02
     vertex -1.221973e+01  8.875655e-01  1.441049e+02
   endloop
 endfacet
 facet normal -4.538778e-01  8.472529e-01  2.759666e-01
   outer loop
     vertex -1.279482e+01  6.831541e-01  1.440050e+02
     vertex -1.335001e+01  8.298945e-02  1.449345e+02
     vertex -1.281157e+01  3.127296e-01  1.451147e+02
   endloop
 endfacet
 facet normal -5.300018e-01  8.207160e-01  2.133620e-01
   outer loop
     vertex -1.279482e+01  6.831541e-01  1.440050e+02
     vertex -1.401593e+01 -2.695684e-01  1.446364e+02
     vertex -1.335001e+01  8.298945e-02  1.449345e+02
   endloop
 endfacet
 facet normal -5.843283e-01  8.068062e-01  8.731636e-02
   outer loop
     vertex -1.279482e+01  6.831541e-01  1.440050e+02
     vertex -1.470169e+01 -7.241987e-01  1.442480e+02
     vertex -1.401593e+01 -2.695684e-01  1.446364e+02
   endloop
 endfacet
 facet normal -4.624489e-01  8.431001e-01  2.744509e-01
   outer loop
     vertex -1.279482e+01  6.831541e-01  1.440050e+02
     vertex -1.281157e+01  3.127296e-01  1.451147e+02
     vertex -1.247160e+01  8.642118e-01  1.439934e+02
   endloop
 endfacet
 facet normal -5.990791e-01  7.820514e-01 -1.717550e-01
   outer loop
     vertex -1.279482e+01  6.831541e-01  1.440050e+02
     vertex -1.600385e+01 -1.933024e+00  1.432858e+02
     vertex -1.470169e+01 -7.241987e-01  1.442480e+02
   endloop
 endfacet
 facet normal  3.677951e-02  7.188134e-01  6.942294e-01
   outer loop
     vertex -1.209411e+01  1.558110e+00  1.435598e+02
     vertex -1.175856e+01  1.115543e+00  1.440002e+02
     vertex -1.181139e+01  1.356329e+00  1.437537e+02
   endloop
 endfacet
 facet normal -1.691686e-01  5.494406e-01  8.182280e-01
   outer loop
     vertex -1.209411e+01  1.558110e+00  1.435598e+02
     vertex -1.181139e+01  1.356329e+00  1.437537e+02
     vertex -1.187260e+01  1.635268e+00  1.435538e+02
   endloop
 endfacet
 facet normal -1.171083e-01  4.068164e-01  9.059724e-01
   outer loop
     vertex -1.209411e+01  1.558110e+00  1.435598e+02
     vertex -1.187260e+01  1.635268e+00  1.435538e+02
     vertex -1.194031e+01  1.943887e+00  1.434064e+02
   endloop
 endfacet
 facet normal -2.081146e-01  6.061766e-01  7.676186e-01
   outer loop
     vertex -1.209411e+01  1.558110e+00  1.435598e+02
     vertex -1.223428e+01  9.923072e-01  1.439686e+02
     vertex -1.175856e+01  1.115543e+00  1.440002e+02
   endloop
 endfacet
 facet normal  1.994614e-02  2.685647e-01  9.630551e-01
   outer loop
     vertex -1.212867e+01  1.712726e+00  1.434748e+02
     vertex -1.194031e+01  1.943887e+00  1.434064e+02
     vertex -1.201248e+01  2.272807e+00  1.433162e+02
   endloop
 endfacet
 facet normal  4.070446e-01  1.696997e-01  8.975058e-01
   outer loop
     vertex -1.212867e+01  1.712726e+00  1.434748e+02
     vertex -1.201248e+01  2.272807e+00  1.433162e+02
     vertex -1.208691e+01  2.612033e+00  1.432858e+02
   endloop
 endfacet
 facet normal -2.140689e-01  4.333362e-01  8.754395e-01
   outer loop
     vertex -1.212867e+01  1.712726e+00  1.434748e+02
     vertex -1.209411e+01  1.558110e+00  1.435598e+02
     vertex -1.194031e+01  1.943887e+00  1.434064e+02
   endloop
 endfacet
 facet normal  1.771349e-02  2.048270e-01  9.786379e-01
   outer loop
     vertex -1.223165e+01  1.622674e+00  1.434955e+02
     vertex -1.212867e+01  1.712726e+00  1.434748e+02
     vertex -1.208691e+01  2.612033e+00  1.432858e+02
   endloop
 endfacet
 facet normal -9.139756e-02  5.979753e-01  7.962864e-01
   outer loop
     vertex -1.223165e+01  1.622674e+00  1.434955e+02
     vertex -1.223428e+01  9.923072e-01  1.439686e+02
     vertex -1.209411e+01  1.558110e+00  1.435598e+02
   endloop
 endfacet
 facet normal -2.049021e-01  4.358926e-01  8.763634e-01
   outer loop
     vertex -1.223165e+01  1.622674e+00  1.434955e+02
     vertex -1.209411e+01  1.558110e+00  1.435598e+02
     vertex -1.212867e+01  1.712726e+00  1.434748e+02
   endloop
 endfacet
 facet normal -3.161833e-01  2.724876e-01  9.087236e-01
   outer loop
     vertex -1.237142e+01  1.502538e+00  1.435195e+02
     vertex -1.208691e+01  2.612033e+00  1.432858e+02
     vertex -1.600385e+01 -1.933024e+00  1.432858e+02
   endloop
 endfacet
 facet normal -1.164213e-02  2.089560e-01  9.778557e-01
   outer loop
     vertex -1.237142e+01  1.502538e+00  1.435195e+02
     vertex -1.223165e+01  1.622674e+00  1.434955e+02
     vertex -1.208691e+01  2.612033e+00  1.432858e+02
   endloop
 endfacet
 facet normal -2.457158e-01  6.023741e-01  7.594532e-01
   outer loop
     vertex -1.237142e+01  1.502538e+00  1.435195e+02
     vertex -1.247160e+01  8.642118e-01  1.439934e+02
     vertex -1.223428e+01  9.923072e-01  1.439686e+02
   endloop
 endfacet
 facet normal -6.116364e-01  6.126351e-01  5.005788e-01
   outer loop
     vertex -1.237142e+01  1.502538e+00  1.435195e+02
     vertex -1.600385e+01 -1.933024e+00  1.432858e+02
     vertex -1.279482e+01  6.831541e-01  1.440050e+02
   endloop
 endfacet
 facet normal -3.083331e-01  5.977643e-01  7.400057e-01
   outer loop
     vertex -1.237142e+01  1.502538e+00  1.435195e+02
     vertex -1.279482e+01  6.831541e-01  1.440050e+02
     vertex -1.247160e+01  8.642118e-01  1.439934e+02
   endloop
 endfacet
 facet normal -3.548619e-01  5.621249e-01  7.470533e-01
   outer loop
     vertex -1.237142e+01  1.502538e+00  1.435195e+02
     vertex -1.223428e+01  9.923072e-01  1.439686e+02
     vertex -1.223165e+01  1.622674e+00  1.434955e+02
   endloop
 endfacet
 facet normal  1.581515e-01 -4.921627e-01 -8.560163e-01
   outer loop
     vertex -6.931017e+00 -1.595480e+01  1.507581e+02
     vertex -7.009038e+00 -1.628536e+01  1.509338e+02
     vertex -7.267242e+00 -1.606284e+01  1.507581e+02
   endloop
 endfacet
 facet normal  4.781412e-02 -4.774568e-01 -8.773533e-01
   outer loop
     vertex -6.931017e+00 -1.595480e+01  1.507581e+02
     vertex -6.737803e+00 -1.651911e+01  1.510757e+02
     vertex -7.009038e+00 -1.628536e+01  1.509338e+02
   endloop
 endfacet
 facet normal  2.306531e-01 -7.291963e-01 -6.442607e-01
   outer loop
     vertex -7.775609e+00 -1.551464e+01  1.501324e+02
     vertex -7.738836e+00 -1.565642e+01  1.503060e+02
     vertex -7.943624e+00 -1.547993e+01  1.500329e+02
   endloop
 endfacet
 facet normal  4.648599e-02 -9.837785e-02 -9.940628e-01
   outer loop
     vertex -4.685403e+00 -1.629871e+01  1.512515e+02
     vertex -5.980517e+00 -1.717174e+01  1.512773e+02
     vertex -6.173027e+00 -1.700583e+01  1.512519e+02
   endloop
 endfacet
 facet normal  7.984191e-03 -4.141084e-02 -9.991103e-01
   outer loop
     vertex -4.685403e+00 -1.629871e+01  1.512515e+02
     vertex -5.785848e+00 -1.733951e+01  1.512858e+02
     vertex -5.980517e+00 -1.717174e+01  1.512773e+02
   endloop
 endfacet
 facet normal  3.538591e-02 -7.030997e-02 -9.968974e-01
   outer loop
     vertex -4.685403e+00 -1.629871e+01  1.512515e+02
     vertex -4.241974e+00 -1.656250e+01  1.512858e+02
     vertex -5.785848e+00 -1.733951e+01  1.512858e+02
   endloop
 endfacet
 facet normal  2.092731e-01 -6.558991e-01 -7.252594e-01
   outer loop
     vertex -7.054110e+00 -1.559529e+01  1.504483e+02
     vertex -7.511961e+00 -1.585194e+01  1.505483e+02
     vertex -7.738836e+00 -1.565642e+01  1.503060e+02
   endloop
 endfacet
 facet normal  1.617927e-01 -5.952754e-01 -7.870644e-01
   outer loop
     vertex -7.054110e+00 -1.559529e+01  1.504483e+02
     vertex -7.267242e+00 -1.606284e+01  1.507581e+02
     vertex -7.511961e+00 -1.585194e+01  1.505483e+02
   endloop
 endfacet
 facet normal  1.933339e-01 -6.016602e-01 -7.750013e-01
   outer loop
     vertex -7.054110e+00 -1.559529e+01  1.504483e+02
     vertex -6.931017e+00 -1.595480e+01  1.507581e+02
     vertex -7.267242e+00 -1.606284e+01  1.507581e+02
   endloop
 endfacet
 facet normal  2.075841e-01 -8.167474e-01 -5.383610e-01
   outer loop
     vertex -7.836093e+00 -1.528146e+01  1.497733e+02
     vertex -7.943624e+00 -1.547993e+01  1.500329e+02
     vertex -8.123350e+00 -1.532504e+01  1.497287e+02
   endloop
 endfacet
 facet normal  1.609273e-01 -8.151426e-01 -5.564575e-01
   outer loop
     vertex -7.836093e+00 -1.528146e+01  1.497733e+02
     vertex -7.775609e+00 -1.551464e+01  1.501324e+02
     vertex -7.943624e+00 -1.547993e+01  1.500329e+02
   endloop
 endfacet
 facet normal  2.389757e-01 -7.954959e-01 -5.568456e-01
   outer loop
     vertex -7.146438e+00 -1.532563e+01  1.501324e+02
     vertex -7.775609e+00 -1.551464e+01  1.501324e+02
     vertex -7.836093e+00 -1.528146e+01  1.497733e+02
   endloop
 endfacet
 facet normal  2.199814e-01 -7.322681e-01 -6.445088e-01
   outer loop
     vertex -7.146438e+00 -1.532563e+01  1.501324e+02
     vertex -7.738836e+00 -1.565642e+01  1.503060e+02
     vertex -7.775609e+00 -1.551464e+01  1.501324e+02
   endloop
 endfacet
 facet normal  2.029024e-01 -7.147145e-01 -6.693384e-01
   outer loop
     vertex -7.146438e+00 -1.532563e+01  1.501324e+02
     vertex -7.054110e+00 -1.559529e+01  1.504483e+02
     vertex -7.738836e+00 -1.565642e+01  1.503060e+02
   endloop
 endfacet
 facet normal  2.052810e-01 -8.786631e-01 -4.310579e-01
   outer loop
     vertex -7.881573e+00 -1.510612e+01  1.493976e+02
     vertex -8.123350e+00 -1.532504e+01  1.497287e+02
     vertex -8.271646e+00 -1.519724e+01  1.493975e+02
   endloop
 endfacet
 facet normal  2.007089e-01 -8.782199e-01 -4.341035e-01
   outer loop
     vertex -7.881573e+00 -1.510612e+01  1.493976e+02
     vertex -7.836093e+00 -1.528146e+01  1.497733e+02
     vertex -8.123350e+00 -1.532504e+01  1.497287e+02
   endloop
 endfacet
 facet normal  1.260703e-01 -2.749565e-01 -9.531554e-01
   outer loop
     vertex -4.992963e+00 -1.576394e+01  1.510887e+02
     vertex -6.457787e+00 -1.676043e+01  1.511824e+02
     vertex -6.737803e+00 -1.651911e+01  1.510757e+02
   endloop
 endfacet
 facet normal  7.033832e-02 -1.953867e-01 -9.782007e-01
   outer loop
     vertex -4.992963e+00 -1.576394e+01  1.510887e+02
     vertex -6.173027e+00 -1.700583e+01  1.512519e+02
     vertex -6.457787e+00 -1.676043e+01  1.511824e+02
   endloop
 endfacet
 facet normal  1.096378e-01 -2.312187e-01 -9.667044e-01
   outer loop
     vertex -4.992963e+00 -1.576394e+01  1.510887e+02
     vertex -4.685403e+00 -1.629871e+01  1.512515e+02
     vertex -6.173027e+00 -1.700583e+01  1.512519e+02
   endloop
 endfacet
 facet normal  2.389757e-01 -7.954959e-01 -5.568456e-01
   outer loop
     vertex -7.224474e+00 -1.509772e+01  1.497733e+02
     vertex -7.146438e+00 -1.532563e+01  1.501324e+02
     vertex -7.836093e+00 -1.528146e+01  1.497733e+02
   endloop
 endfacet
 facet normal  2.623171e-01 -9.524510e-01 -1.550057e-01
   outer loop
     vertex -7.914808e+00 -1.497798e+01  1.489792e+02
     vertex -8.477250e+00 -1.502005e+01  1.482858e+02
     vertex -7.177001e+00 -1.466194e+01  1.482858e+02
   endloop
 endfacet
 facet normal  1.503813e-01 -9.866740e-01 -6.212750e-02
   outer loop
     vertex -7.914808e+00 -1.497798e+01  1.489792e+02
     vertex -8.453454e+00 -1.504056e+01  1.486691e+02
     vertex -8.477250e+00 -1.502005e+01  1.482858e+02
   endloop
 endfacet
 facet normal  2.237209e-01 -9.547464e-01 -1.959804e-01
   outer loop
     vertex -7.914808e+00 -1.497798e+01  1.489792e+02
     vertex -8.383782e+00 -1.510060e+01  1.490412e+02
     vertex -8.453454e+00 -1.504056e+01  1.486691e+02
   endloop
 endfacet
 facet normal  2.009346e-01 -9.276523e-01 -3.147799e-01
   outer loop
     vertex -7.914808e+00 -1.497798e+01  1.489792e+02
     vertex -8.271646e+00 -1.519724e+01  1.493975e+02
     vertex -8.383782e+00 -1.510060e+01  1.490412e+02
   endloop
 endfacet
 facet normal  2.169040e-01 -9.284429e-01 -3.015732e-01
   outer loop
     vertex -7.914808e+00 -1.497798e+01  1.489792e+02
     vertex -7.881573e+00 -1.510612e+01  1.493976e+02
     vertex -8.271646e+00 -1.519724e+01  1.493975e+02
   endloop
 endfacet
 facet normal  2.592010e-01 -8.628214e-01 -4.339977e-01
   outer loop
     vertex -7.283152e+00 -1.492634e+01  1.493976e+02
     vertex -7.836093e+00 -1.528146e+01  1.497733e+02
     vertex -7.881573e+00 -1.510612e+01  1.493976e+02
   endloop
 endfacet
 facet normal  2.592010e-01 -8.628214e-01 -4.339977e-01
   outer loop
     vertex -7.283152e+00 -1.492634e+01  1.493976e+02
     vertex -7.224474e+00 -1.509772e+01  1.497733e+02
     vertex -7.836093e+00 -1.528146e+01  1.497733e+02
   endloop
 endfacet
 facet normal  1.908433e-01 -4.257929e-01 -8.844655e-01
   outer loop
     vertex -5.306938e+00 -1.521801e+01  1.507581e+02
     vertex -4.992963e+00 -1.576394e+01  1.510887e+02
     vertex -6.737803e+00 -1.651911e+01  1.510757e+02
   endloop
 endfacet
 facet normal  1.948858e-01 -4.295758e-01 -8.817506e-01
   outer loop
     vertex -5.306938e+00 -1.521801e+01  1.507581e+02
     vertex -6.737803e+00 -1.651911e+01  1.510757e+02
     vertex -6.931017e+00 -1.595480e+01  1.507581e+02
   endloop
 endfacet
 facet normal  4.519416e-02 -6.283114e-02 -9.970004e-01
   outer loop
     vertex -3.224244e+00 -1.528547e+01  1.512515e+02
     vertex -2.838868e+00 -1.555325e+01  1.512858e+02
     vertex -4.241974e+00 -1.656250e+01  1.512858e+02
   endloop
 endfacet
 facet normal  4.157789e-02 -5.995813e-02 -9.973346e-01
   outer loop
     vertex -3.224244e+00 -1.528547e+01  1.512515e+02
     vertex -4.241974e+00 -1.656250e+01  1.512858e+02
     vertex -4.685403e+00 -1.629871e+01  1.512515e+02
   endloop
 endfacet
 facet normal  2.743248e-01 -9.131650e-01 -3.014556e-01
   outer loop
     vertex -7.326031e+00 -1.480111e+01  1.489792e+02
     vertex -7.283152e+00 -1.492634e+01  1.493976e+02
     vertex -7.881573e+00 -1.510612e+01  1.493976e+02
   endloop
 endfacet
 facet normal  2.852941e-01 -9.496793e-01 -1.292920e-01
   outer loop
     vertex -7.326031e+00 -1.480111e+01  1.489792e+02
     vertex -7.914808e+00 -1.497798e+01  1.489792e+02
     vertex -7.177001e+00 -1.466194e+01  1.482858e+02
   endloop
 endfacet
 facet normal  2.743248e-01 -9.131650e-01 -3.014556e-01
   outer loop
     vertex -7.326031e+00 -1.480111e+01  1.489792e+02
     vertex -7.881573e+00 -1.510612e+01  1.493976e+02
     vertex -7.914808e+00 -1.497798e+01  1.489792e+02
   endloop
 endfacet
 facet normal  2.617849e-01 -5.770376e-01 -7.736254e-01
   outer loop
     vertex -5.496388e+00 -1.488860e+01  1.504483e+02
     vertex -5.306938e+00 -1.521801e+01  1.507581e+02
     vertex -6.931017e+00 -1.595480e+01  1.507581e+02
   endloop
 endfacet
 facet normal  2.617849e-01 -5.770376e-01 -7.736254e-01
   outer loop
     vertex -5.496388e+00 -1.488860e+01  1.504483e+02
     vertex -6.931017e+00 -1.595480e+01  1.507581e+02
     vertex -7.054110e+00 -1.559529e+01  1.504483e+02
   endloop
 endfacet
 facet normal  1.458790e-01 -2.103674e-01 -9.666772e-01
   outer loop
     vertex -3.617265e+00 -1.480996e+01  1.510887e+02
     vertex -3.224244e+00 -1.528547e+01  1.512515e+02
     vertex -4.685403e+00 -1.629871e+01  1.512515e+02
   endloop
 endfacet
 facet normal  1.458790e-01 -2.103674e-01 -9.666772e-01
   outer loop
     vertex -3.617265e+00 -1.480996e+01  1.510887e+02
     vertex -4.685403e+00 -1.629871e+01  1.512515e+02
     vertex -4.992963e+00 -1.576394e+01  1.510887e+02
   endloop
 endfacet
 facet normal  3.073867e-01 -6.775550e-01 -6.681562e-01
   outer loop
     vertex -5.638486e+00 -1.464152e+01  1.501324e+02
     vertex -7.054110e+00 -1.559529e+01  1.504483e+02
     vertex -7.146438e+00 -1.532563e+01  1.501324e+02
   endloop
 endfacet
 facet normal  3.073867e-01 -6.775550e-01 -6.681562e-01
   outer loop
     vertex -5.638486e+00 -1.464152e+01  1.501324e+02
     vertex -5.496388e+00 -1.488860e+01  1.504483e+02
     vertex -7.054110e+00 -1.559529e+01  1.504483e+02
   endloop
 endfacet
 facet normal  3.435761e-01 -7.573254e-01 -5.553500e-01
   outer loop
     vertex -5.758588e+00 -1.443269e+01  1.497733e+02
     vertex -7.146438e+00 -1.532563e+01  1.501324e+02
     vertex -7.224474e+00 -1.509772e+01  1.497733e+02
   endloop
 endfacet
 facet normal  3.435761e-01 -7.573254e-01 -5.553500e-01
   outer loop
     vertex -5.758588e+00 -1.443269e+01  1.497733e+02
     vertex -5.638486e+00 -1.464152e+01  1.501324e+02
     vertex -7.146438e+00 -1.532563e+01  1.501324e+02
   endloop
 endfacet
 facet normal  2.655803e-01 -3.829848e-01 -8.847540e-01
   outer loop
     vertex -4.018486e+00 -1.432453e+01  1.507581e+02
     vertex -4.992963e+00 -1.576394e+01  1.510887e+02
     vertex -5.306938e+00 -1.521801e+01  1.507581e+02
   endloop
 endfacet
 facet normal  2.655803e-01 -3.829848e-01 -8.847540e-01
   outer loop
     vertex -4.018486e+00 -1.432453e+01  1.507581e+02
     vertex -3.617265e+00 -1.480996e+01  1.510887e+02
     vertex -4.992963e+00 -1.576394e+01  1.510887e+02
   endloop
 endfacet
 facet normal  3.724780e-01 -8.210321e-01 -4.326274e-01
   outer loop
     vertex -5.848898e+00 -1.427566e+01  1.493976e+02
     vertex -7.224474e+00 -1.509772e+01  1.497733e+02
     vertex -7.283152e+00 -1.492634e+01  1.493976e+02
   endloop
 endfacet
 facet normal  3.724780e-01 -8.210321e-01 -4.326274e-01
   outer loop
     vertex -5.848898e+00 -1.427566e+01  1.493976e+02
     vertex -5.758588e+00 -1.443269e+01  1.497733e+02
     vertex -7.224474e+00 -1.509772e+01  1.497733e+02
   endloop
 endfacet
 facet normal  3.940620e-01 -8.686086e-01 -3.003901e-01
   outer loop
     vertex -5.848898e+00 -1.427566e+01  1.493976e+02
     vertex -7.283152e+00 -1.492634e+01  1.493976e+02
     vertex -7.326031e+00 -1.480111e+01  1.489792e+02
   endloop
 endfacet
 facet normal  5.341822e-02 -5.390676e-02 -9.971161e-01
   outer loop
     vertex -1.954054e+00 -1.404118e+01  1.512515e+02
     vertex -1.611170e+00 -1.433668e+01  1.512858e+02
     vertex -2.838868e+00 -1.555325e+01  1.512858e+02
   endloop
 endfacet
 facet normal  5.199363e-02 -5.307586e-02 -9.972360e-01
   outer loop
     vertex -1.954054e+00 -1.404118e+01  1.512515e+02
     vertex -2.838868e+00 -1.555325e+01  1.512858e+02
     vertex -3.224244e+00 -1.528547e+01  1.512515e+02
   endloop
 endfacet
 facet normal  3.608502e-01 -5.203704e-01 -7.739521e-01
   outer loop
     vertex -4.260579e+00 -1.403163e+01  1.504483e+02
     vertex -4.018486e+00 -1.432453e+01  1.507581e+02
     vertex -5.306938e+00 -1.521801e+01  1.507581e+02
   endloop
 endfacet
 facet normal  3.608502e-01 -5.203704e-01 -7.739521e-01
   outer loop
     vertex -4.260579e+00 -1.403163e+01  1.504483e+02
     vertex -5.306938e+00 -1.521801e+01  1.507581e+02
     vertex -5.496388e+00 -1.488860e+01  1.504483e+02
   endloop
 endfacet
 facet normal  4.208485e-01 -8.996913e-01 -1.159399e-01
   outer loop
     vertex -5.914891e+00 -1.416092e+01  1.489792e+02
     vertex -7.177001e+00 -1.466194e+01  1.482858e+02
     vertex -5.955384e+00 -1.409051e+01  1.482858e+02
   endloop
 endfacet
 facet normal  3.940620e-01 -8.686086e-01 -3.003901e-01
   outer loop
     vertex -5.914891e+00 -1.416092e+01  1.489792e+02
     vertex -5.848898e+00 -1.427566e+01  1.493976e+02
     vertex -7.326031e+00 -1.480111e+01  1.489792e+02
   endloop
 endfacet
 facet normal  4.113299e-01 -9.066711e-01 -9.356937e-02
   outer loop
     vertex -5.914891e+00 -1.416092e+01  1.489792e+02
     vertex -7.326031e+00 -1.480111e+01  1.489792e+02
     vertex -7.177001e+00 -1.466194e+01  1.482858e+02
   endloop
 endfacet
 facet normal  1.791441e-01 -1.828729e-01 -9.666772e-01
   outer loop
     vertex -2.421368e+00 -1.363845e+01  1.510887e+02
     vertex -3.224244e+00 -1.528547e+01  1.512515e+02
     vertex -3.617265e+00 -1.480996e+01  1.510887e+02
   endloop
 endfacet
 facet normal  1.791441e-01 -1.828729e-01 -9.666772e-01
   outer loop
     vertex -2.421368e+00 -1.363845e+01  1.510887e+02
     vertex -1.954054e+00 -1.404118e+01  1.512515e+02
     vertex -3.224244e+00 -1.528547e+01  1.512515e+02
   endloop
 endfacet
 facet normal  4.237765e-01 -6.111144e-01 -6.685452e-01
   outer loop
     vertex -4.442163e+00 -1.381193e+01  1.501324e+02
     vertex -5.496388e+00 -1.488860e+01  1.504483e+02
     vertex -5.638486e+00 -1.464152e+01  1.501324e+02
   endloop
 endfacet
 facet normal  4.237765e-01 -6.111144e-01 -6.685452e-01
   outer loop
     vertex -4.442163e+00 -1.381193e+01  1.501324e+02
     vertex -4.260579e+00 -1.403163e+01  1.504483e+02
     vertex -5.496388e+00 -1.488860e+01  1.504483e+02
   endloop
 endfacet
 facet normal  4.737377e-01 -6.831618e-01 -5.557541e-01
   outer loop
     vertex -4.595638e+00 -1.362624e+01  1.497733e+02
     vertex -5.638486e+00 -1.464152e+01  1.501324e+02
     vertex -5.758588e+00 -1.443269e+01  1.497733e+02
   endloop
 endfacet
 facet normal  5.136543e-01 -7.407243e-01 -4.329975e-01
   outer loop
     vertex -4.595638e+00 -1.362624e+01  1.497733e+02
     vertex -5.758588e+00 -1.443269e+01  1.497733e+02
     vertex -5.848898e+00 -1.427566e+01  1.493976e+02
   endloop
 endfacet
 facet normal  4.737377e-01 -6.831618e-01 -5.557541e-01
   outer loop
     vertex -4.595638e+00 -1.362624e+01  1.497733e+02
     vertex -4.442163e+00 -1.381193e+01  1.501324e+02
     vertex -5.638486e+00 -1.464152e+01  1.501324e+02
   endloop
 endfacet
 facet normal  3.261412e-01 -3.329297e-01 -8.847540e-01
   outer loop
     vertex -2.898432e+00 -1.322731e+01  1.507581e+02
     vertex -3.617265e+00 -1.480996e+01  1.510887e+02
     vertex -4.018486e+00 -1.432453e+01  1.507581e+02
   endloop
 endfacet
 facet normal  3.261412e-01 -3.329297e-01 -8.847540e-01
   outer loop
     vertex -2.898432e+00 -1.322731e+01  1.507581e+02
     vertex -2.421368e+00 -1.363845e+01  1.510887e+02
     vertex -3.617265e+00 -1.480996e+01  1.510887e+02
   endloop
 endfacet
 facet normal  6.120275e-02 -4.487392e-02 -9.971161e-01
   outer loop
     vertex -9.741284e-01 -1.270468e+01  1.512515e+02
     vertex -5.891909e-01 -1.294282e+01  1.512858e+02
     vertex -1.611170e+00 -1.433668e+01  1.512858e+02
   endloop
 endfacet
 facet normal  6.120275e-02 -4.487392e-02 -9.971161e-01
   outer loop
     vertex -9.741284e-01 -1.270468e+01  1.512515e+02
     vertex -1.611170e+00 -1.433668e+01  1.512858e+02
     vertex -1.954054e+00 -1.404118e+01  1.512515e+02
   endloop
 endfacet
 facet normal  5.136543e-01 -7.407243e-01 -4.329975e-01
   outer loop
     vertex -4.711042e+00 -1.348662e+01  1.493976e+02
     vertex -4.595638e+00 -1.362624e+01  1.497733e+02
     vertex -5.848898e+00 -1.427566e+01  1.493976e+02
   endloop
 endfacet
 facet normal  4.431357e-01 -4.523593e-01 -7.739521e-01
   outer loop
     vertex -3.186287e+00 -1.297924e+01  1.504483e+02
     vertex -2.898432e+00 -1.322731e+01  1.507581e+02
     vertex -4.018486e+00 -1.432453e+01  1.507581e+02
   endloop
 endfacet
 facet normal  4.431357e-01 -4.523593e-01 -7.739521e-01
   outer loop
     vertex -3.186287e+00 -1.297924e+01  1.504483e+02
     vertex -4.018486e+00 -1.432453e+01  1.507581e+02
     vertex -4.260579e+00 -1.403163e+01  1.504483e+02
   endloop
 endfacet
 facet normal  6.950672e-01 -7.095347e-01 -1.159399e-01
   outer loop
     vertex -4.795373e+00 -1.338459e+01  1.489792e+02
     vertex -4.847118e+00 -1.332198e+01  1.482858e+02
     vertex -3.883699e+00 -1.237821e+01  1.482858e+02
   endloop
 endfacet
 facet normal  5.660008e-01 -8.162114e-01 -1.159399e-01
   outer loop
     vertex -4.795373e+00 -1.338459e+01  1.489792e+02
     vertex -5.955384e+00 -1.409051e+01  1.482858e+02
     vertex -4.847118e+00 -1.332198e+01  1.482858e+02
   endloop
 endfacet
 facet normal  5.660008e-01 -8.162114e-01 -1.159399e-01
   outer loop
     vertex -4.795373e+00 -1.338459e+01  1.489792e+02
     vertex -5.914891e+00 -1.416092e+01  1.489792e+02
     vertex -5.955384e+00 -1.409051e+01  1.482858e+02
   endloop
 endfacet
 facet normal  5.434746e-01 -7.837272e-01 -3.006778e-01
   outer loop
     vertex -4.795373e+00 -1.338459e+01  1.489792e+02
     vertex -5.848898e+00 -1.427566e+01  1.493976e+02
     vertex -5.914891e+00 -1.416092e+01  1.489792e+02
   endloop
 endfacet
 facet normal  5.434746e-01 -7.837272e-01 -3.006778e-01
   outer loop
     vertex -4.795373e+00 -1.338459e+01  1.489792e+02
     vertex -4.711042e+00 -1.348662e+01  1.493976e+02
     vertex -5.848898e+00 -1.427566e+01  1.493976e+02
   endloop
 endfacet
 facet normal  2.063607e-01 -1.513039e-01 -9.667070e-01
   outer loop
     vertex -1.498758e+00 -1.238012e+01  1.510887e+02
     vertex -1.954054e+00 -1.404118e+01  1.512515e+02
     vertex -2.421368e+00 -1.363845e+01  1.510887e+02
   endloop
 endfacet
 facet normal  2.063607e-01 -1.513039e-01 -9.667070e-01
   outer loop
     vertex -1.498758e+00 -1.238012e+01  1.510887e+02
     vertex -9.741284e-01 -1.270468e+01  1.512515e+02
     vertex -1.954054e+00 -1.404118e+01  1.512515e+02
   endloop
 endfacet
 facet normal  5.817651e-01 -5.938743e-01 -5.557541e-01
   outer loop
     vertex -3.402195e+00 -1.279317e+01  1.501324e+02
     vertex -4.442163e+00 -1.381193e+01  1.501324e+02
     vertex -4.595638e+00 -1.362624e+01  1.497733e+02
   endloop
 endfacet
 facet normal  5.204112e-01 -5.312433e-01 -6.685452e-01
   outer loop
     vertex -3.402195e+00 -1.279317e+01  1.501324e+02
     vertex -4.260579e+00 -1.403163e+01  1.504483e+02
     vertex -4.442163e+00 -1.381193e+01  1.501324e+02
   endloop
 endfacet
 facet normal  5.204112e-01 -5.312433e-01 -6.685452e-01
   outer loop
     vertex -3.402195e+00 -1.279317e+01  1.501324e+02
     vertex -3.186287e+00 -1.297924e+01  1.504483e+02
     vertex -4.260579e+00 -1.403163e+01  1.504483e+02
   endloop
 endfacet
 facet normal  5.817651e-01 -5.938743e-01 -5.557541e-01
   outer loop
     vertex -3.584682e+00 -1.263590e+01  1.497733e+02
     vertex -3.402195e+00 -1.279317e+01  1.501324e+02
     vertex -4.595638e+00 -1.362624e+01  1.497733e+02
   endloop
 endfacet
 facet normal  3.757172e-01 -2.754763e-01 -8.848443e-01
   outer loop
     vertex -2.034333e+00 -1.204878e+01  1.507581e+02
     vertex -1.498758e+00 -1.238012e+01  1.510887e+02
     vertex -2.421368e+00 -1.363845e+01  1.510887e+02
   endloop
 endfacet
 facet normal  3.757172e-01 -2.754763e-01 -8.848443e-01
   outer loop
     vertex -2.034333e+00 -1.204878e+01  1.507581e+02
     vertex -2.421368e+00 -1.363845e+01  1.510887e+02
     vertex -2.898432e+00 -1.322731e+01  1.507581e+02
   endloop
 endfacet
 facet normal  6.747628e-02 -3.473321e-02 -9.971161e-01
   outer loop
     vertex -2.156485e-01 -1.123118e+01  1.512515e+02
     vertex  2.018395e-01 -1.140608e+01  1.512858e+02
     vertex -5.891909e-01 -1.294282e+01  1.512858e+02
   endloop
 endfacet
 facet normal  6.747628e-02 -3.473321e-02 -9.971161e-01
   outer loop
     vertex -2.156485e-01 -1.123118e+01  1.512515e+02
     vertex -5.891909e-01 -1.294282e+01  1.512858e+02
     vertex -9.741284e-01 -1.270468e+01  1.512515e+02
   endloop
 endfacet
 facet normal  6.307841e-01 -6.439135e-01 -4.329975e-01
   outer loop
     vertex -3.721900e+00 -1.251765e+01  1.493976e+02
     vertex -3.584682e+00 -1.263590e+01  1.497733e+02
     vertex -4.595638e+00 -1.362624e+01  1.497733e+02
   endloop
 endfacet
 facet normal  6.307841e-01 -6.439135e-01 -4.329975e-01
   outer loop
     vertex -3.721900e+00 -1.251765e+01  1.493976e+02
     vertex -4.595638e+00 -1.362624e+01  1.497733e+02
     vertex -4.711042e+00 -1.348662e+01  1.493976e+02
   endloop
 endfacet
 facet normal  6.674044e-01 -6.812961e-01 -3.006778e-01
   outer loop
     vertex -3.721900e+00 -1.251765e+01  1.493976e+02
     vertex -4.711042e+00 -1.348662e+01  1.493976e+02
     vertex -4.795373e+00 -1.338459e+01  1.489792e+02
   endloop
 endfacet
 facet normal  5.105398e-01 -3.743283e-01 -7.740978e-01
   outer loop
     vertex -2.357493e+00 -1.184886e+01  1.504483e+02
     vertex -2.898432e+00 -1.322731e+01  1.507581e+02
     vertex -3.186287e+00 -1.297924e+01  1.504483e+02
   endloop
 endfacet
 facet normal  5.105398e-01 -3.743283e-01 -7.740978e-01
   outer loop
     vertex -2.357493e+00 -1.184886e+01  1.504483e+02
     vertex -2.034333e+00 -1.204878e+01  1.507581e+02
     vertex -2.898432e+00 -1.322731e+01  1.507581e+02
   endloop
 endfacet
 facet normal  6.950672e-01 -7.095347e-01 -1.159399e-01
   outer loop
     vertex -3.822173e+00 -1.243123e+01  1.489792e+02
     vertex -4.795373e+00 -1.338459e+01  1.489792e+02
     vertex -3.883699e+00 -1.237821e+01  1.482858e+02
   endloop
 endfacet
 facet normal  6.674044e-01 -6.812961e-01 -3.006778e-01
   outer loop
     vertex -3.822173e+00 -1.243123e+01  1.489792e+02
     vertex -3.721900e+00 -1.251765e+01  1.493976e+02
     vertex -4.795373e+00 -1.338459e+01  1.489792e+02
   endloop
 endfacet
 facet normal  2.275136e-01 -1.171119e-01 -9.667070e-01
   outer loop
     vertex -7.846410e-01 -1.099280e+01  1.510887e+02
     vertex -9.741284e-01 -1.270468e+01  1.512515e+02
     vertex -1.498758e+00 -1.238012e+01  1.510887e+02
   endloop
 endfacet
 facet normal  2.275136e-01 -1.171119e-01 -9.667070e-01
   outer loop
     vertex -7.846410e-01 -1.099280e+01  1.510887e+02
     vertex -2.156485e-01 -1.123118e+01  1.512515e+02
     vertex -9.741284e-01 -1.270468e+01  1.512515e+02
   endloop
 endfacet
 facet normal  5.996124e-01 -4.396364e-01 -6.687188e-01
   outer loop
     vertex -2.599882e+00 -1.169891e+01  1.501324e+02
     vertex -2.357493e+00 -1.184886e+01  1.504483e+02
     vertex -3.186287e+00 -1.297924e+01  1.504483e+02
   endloop
 endfacet
 facet normal  5.996124e-01 -4.396364e-01 -6.687188e-01
   outer loop
     vertex -2.599882e+00 -1.169891e+01  1.501324e+02
     vertex -3.186287e+00 -1.297924e+01  1.504483e+02
     vertex -3.402195e+00 -1.279317e+01  1.501324e+02
   endloop
 endfacet
 facet normal  6.703472e-01 -4.914992e-01 -5.559345e-01
   outer loop
     vertex -2.804750e+00 -1.157217e+01  1.497733e+02
     vertex -2.599882e+00 -1.169891e+01  1.501324e+02
     vertex -3.402195e+00 -1.279317e+01  1.501324e+02
   endloop
 endfacet
 facet normal  6.703472e-01 -4.914992e-01 -5.559345e-01
   outer loop
     vertex -2.804750e+00 -1.157217e+01  1.497733e+02
     vertex -3.402195e+00 -1.279317e+01  1.501324e+02
     vertex -3.584682e+00 -1.263590e+01  1.497733e+02
   endloop
 endfacet
 facet normal  4.142298e-01 -2.132236e-01 -8.848443e-01
   outer loop
     vertex -1.365504e+00 -1.074945e+01  1.507581e+02
     vertex -1.498758e+00 -1.238012e+01  1.510887e+02
     vertex -2.034333e+00 -1.204878e+01  1.507581e+02
   endloop
 endfacet
 facet normal  4.142298e-01 -2.132236e-01 -8.848443e-01
   outer loop
     vertex -1.365504e+00 -1.074945e+01  1.507581e+02
     vertex -7.846410e-01 -1.099280e+01  1.510887e+02
     vertex -1.498758e+00 -1.238012e+01  1.510887e+02
   endloop
 endfacet
 facet normal  7.208394e-02 -2.373501e-02 -9.971161e-01
   outer loop
     vertex  3.026601e-01 -9.657059e+00  1.512515e+02
     vertex  7.423917e-01 -9.764410e+00  1.512858e+02
     vertex  2.018395e-01 -1.140608e+01  1.512858e+02
   endloop
 endfacet
 facet normal  6.667330e-02 -4.577281e-02 -9.967244e-01
   outer loop
     vertex  3.026601e-01 -9.657059e+00  1.512515e+02
     vertex  2.735992e-01 -9.360404e+00  1.512359e+02
     vertex  7.423917e-01 -9.764410e+00  1.512858e+02
   endloop
 endfacet
 facet normal  7.208394e-02 -2.373501e-02 -9.971161e-01
   outer loop
     vertex  3.026601e-01 -9.657059e+00  1.512515e+02
     vertex  2.018395e-01 -1.140608e+01  1.512858e+02
     vertex -2.156485e-01 -1.123118e+01  1.512515e+02
   endloop
 endfacet
 facet normal  7.268714e-01 -5.329428e-01 -4.331627e-01
   outer loop
     vertex -2.958798e+00 -1.147687e+01  1.493976e+02
     vertex -3.584682e+00 -1.263590e+01  1.497733e+02
     vertex -3.721900e+00 -1.251765e+01  1.493976e+02
   endloop
 endfacet
 facet normal  7.691051e-01 -5.639086e-01 -3.008062e-01
   outer loop
     vertex -2.958798e+00 -1.147687e+01  1.493976e+02
     vertex -3.721900e+00 -1.251765e+01  1.493976e+02
     vertex -3.822173e+00 -1.243123e+01  1.489792e+02
   endloop
 endfacet
 facet normal  7.268714e-01 -5.329428e-01 -4.331627e-01
   outer loop
     vertex -2.958798e+00 -1.147687e+01  1.493976e+02
     vertex -2.804750e+00 -1.157217e+01  1.497733e+02
     vertex -3.584682e+00 -1.263590e+01  1.497733e+02
   endloop
 endfacet
 facet normal  5.628723e-01 -2.897368e-01 -7.740978e-01
   outer loop
     vertex -1.715991e+00 -1.060262e+01  1.504483e+02
     vertex -1.365504e+00 -1.074945e+01  1.507581e+02
     vertex -2.034333e+00 -1.204878e+01  1.507581e+02
   endloop
 endfacet
 facet normal  5.628723e-01 -2.897368e-01 -7.740978e-01
   outer loop
     vertex -1.715991e+00 -1.060262e+01  1.504483e+02
     vertex -2.034333e+00 -1.204878e+01  1.507581e+02
     vertex -2.357493e+00 -1.184886e+01  1.504483e+02
   endloop
 endfacet
 facet normal  8.033627e-01 -5.819562e-01 -1.262353e-01
   outer loop
     vertex -3.071369e+00 -1.140722e+01  1.489792e+02
     vertex -3.883699e+00 -1.237821e+01  1.482858e+02
     vertex -3.092509e+00 -1.128601e+01  1.482858e+02
   endloop
 endfacet
 facet normal  8.010123e-01 -5.873030e-01 -1.159937e-01
   outer loop
     vertex -3.071369e+00 -1.140722e+01  1.489792e+02
     vertex -3.822173e+00 -1.243123e+01  1.489792e+02
     vertex -3.883699e+00 -1.237821e+01  1.482858e+02
   endloop
 endfacet
 facet normal  7.691051e-01 -5.639086e-01 -3.008062e-01
   outer loop
     vertex -3.071369e+00 -1.140722e+01  1.489792e+02
     vertex -2.958798e+00 -1.147687e+01  1.493976e+02
     vertex -3.822173e+00 -1.243123e+01  1.489792e+02
   endloop
 endfacet
 facet normal  4.425157e-01 -1.457067e-01 -8.848443e-01
   outer loop
     vertex -2.966480e-01 -9.510751e+00  1.510887e+02
     vertex -7.846410e-01 -1.099280e+01  1.510887e+02
     vertex -1.365504e+00 -1.074945e+01  1.507581e+02
   endloop
 endfacet
 facet normal  2.430495e-01 -8.002866e-02 -9.667070e-01
   outer loop
     vertex -2.966480e-01 -9.510751e+00  1.510887e+02
     vertex  3.026601e-01 -9.657059e+00  1.512515e+02
     vertex -2.156485e-01 -1.123118e+01  1.512515e+02
   endloop
 endfacet
 facet normal  2.635381e-01 -5.658994e-02 -9.629877e-01
   outer loop
     vertex -2.966480e-01 -9.510751e+00  1.510887e+02
     vertex -1.803461e-01 -8.969192e+00  1.510887e+02
     vertex  2.735992e-01 -9.360404e+00  1.512359e+02
   endloop
 endfacet
 facet normal  2.562192e-01 -2.560695e-02 -9.662795e-01
   outer loop
     vertex -2.966480e-01 -9.510751e+00  1.510887e+02
     vertex  2.735992e-01 -9.360404e+00  1.512359e+02
     vertex  3.026601e-01 -9.657059e+00  1.512515e+02
   endloop
 endfacet
 facet normal  2.430495e-01 -8.002866e-02 -9.667070e-01
   outer loop
     vertex -2.966480e-01 -9.510751e+00  1.510887e+02
     vertex -2.156485e-01 -1.123118e+01  1.512515e+02
     vertex -7.846410e-01 -1.099280e+01  1.510887e+02
   endloop
 endfacet
 facet normal  6.610751e-01 -3.402864e-01 -6.687188e-01
   outer loop
     vertex -1.978877e+00 -1.049248e+01  1.501324e+02
     vertex -1.715991e+00 -1.060262e+01  1.504483e+02
     vertex -2.357493e+00 -1.184886e+01  1.504483e+02
   endloop
 endfacet
 facet normal  6.610751e-01 -3.402864e-01 -6.687188e-01
   outer loop
     vertex -1.978877e+00 -1.049248e+01  1.501324e+02
     vertex -2.357493e+00 -1.184886e+01  1.504483e+02
     vertex -2.599882e+00 -1.169891e+01  1.501324e+02
   endloop
 endfacet
 facet normal  7.390605e-01 -3.804292e-01 -5.559345e-01
   outer loop
     vertex -2.201069e+00 -1.039939e+01  1.497733e+02
     vertex -1.978877e+00 -1.049248e+01  1.501324e+02
     vertex -2.599882e+00 -1.169891e+01  1.501324e+02
   endloop
 endfacet
 facet normal  7.390605e-01 -3.804292e-01 -5.559345e-01
   outer loop
     vertex -2.201069e+00 -1.039939e+01  1.497733e+02
     vertex -2.599882e+00 -1.169891e+01  1.501324e+02
     vertex -2.804750e+00 -1.157217e+01  1.497733e+02
   endloop
 endfacet
 facet normal  4.425157e-01 -1.457067e-01 -8.848443e-01
   outer loop
     vertex -9.084595e-01 -9.361391e+00  1.507581e+02
     vertex -2.966480e-01 -9.510751e+00  1.510887e+02
     vertex -1.365504e+00 -1.074945e+01  1.507581e+02
   endloop
 endfacet
 facet normal  4.545382e-01 -9.760836e-02 -8.853630e-01
   outer loop
     vertex -9.084595e-01 -9.361391e+00  1.507581e+02
     vertex -1.803461e-01 -8.969192e+00  1.510887e+02
     vertex -2.966480e-01 -9.510751e+00  1.510887e+02
   endloop
 endfacet
 facet normal  4.309243e-01 -4.017388e-02 -9.014934e-01
   outer loop
     vertex -9.084595e-01 -9.361391e+00  1.507581e+02
     vertex -4.824248e-01 -8.708860e+00  1.509327e+02
     vertex -1.803461e-01 -8.969192e+00  1.510887e+02
   endloop
 endfacet
 facet normal  8.013787e-01 -4.125073e-01 -4.331627e-01
   outer loop
     vertex -2.368143e+00 -1.032940e+01  1.493976e+02
     vertex -2.201069e+00 -1.039939e+01  1.497733e+02
     vertex -2.804750e+00 -1.157217e+01  1.497733e+02
   endloop
 endfacet
 facet normal  8.013787e-01 -4.125073e-01 -4.331627e-01
   outer loop
     vertex -2.368143e+00 -1.032940e+01  1.493976e+02
     vertex -2.804750e+00 -1.157217e+01  1.497733e+02
     vertex -2.958798e+00 -1.147687e+01  1.493976e+02
   endloop
 endfacet
 facet normal  6.013083e-01 -1.979922e-01 -7.740978e-01
   outer loop
     vertex -1.277620e+00 -9.271269e+00  1.504483e+02
     vertex -1.365504e+00 -1.074945e+01  1.507581e+02
     vertex -1.715991e+00 -1.060262e+01  1.504483e+02
   endloop
 endfacet
 facet normal  6.013083e-01 -1.979922e-01 -7.740978e-01
   outer loop
     vertex -1.277620e+00 -9.271269e+00  1.504483e+02
     vertex -9.084595e-01 -9.361391e+00  1.507581e+02
     vertex -1.365504e+00 -1.074945e+01  1.507581e+02
   endloop
 endfacet
 facet normal  5.090460e-01 -1.037613e-01 -8.544622e-01
   outer loop
     vertex -7.659629e-01 -8.662313e+00  1.507581e+02
     vertex -4.824248e-01 -8.708860e+00  1.509327e+02
     vertex -9.084595e-01 -9.361391e+00  1.507581e+02
   endloop
 endfacet
 facet normal  5.093704e-01 -1.019006e-01 -8.544929e-01
   outer loop
     vertex -7.659629e-01 -8.662313e+00  1.507581e+02
     vertex -7.946177e-01 -8.439811e+00  1.507145e+02
     vertex -4.824248e-01 -8.708860e+00  1.509327e+02
   endloop
 endfacet
 facet normal  8.886703e-01 -4.382251e-01 -1.349962e-01
   outer loop
     vertex -2.490234e+00 -1.027825e+01  1.489792e+02
     vertex -3.092509e+00 -1.128601e+01  1.482858e+02
     vertex -2.496031e+00 -1.007642e+01  1.482858e+02
   endloop
 endfacet
 facet normal  8.479415e-01 -4.364754e-01 -3.008062e-01
   outer loop
     vertex -2.490234e+00 -1.027825e+01  1.489792e+02
     vertex -2.958798e+00 -1.147687e+01  1.493976e+02
     vertex -3.071369e+00 -1.140722e+01  1.489792e+02
   endloop
 endfacet
 facet normal  8.479415e-01 -4.364754e-01 -3.008062e-01
   outer loop
     vertex -2.490234e+00 -1.027825e+01  1.489792e+02
     vertex -2.368143e+00 -1.032940e+01  1.493976e+02
     vertex -2.958798e+00 -1.147687e+01  1.493976e+02
   endloop
 endfacet
 facet normal  8.840631e-01 -4.550688e-01 -1.065124e-01
   outer loop
     vertex -2.490234e+00 -1.027825e+01  1.489792e+02
     vertex -3.071369e+00 -1.140722e+01  1.489792e+02
     vertex -3.092509e+00 -1.128601e+01  1.482858e+02
   endloop
 endfacet
 facet normal  7.062170e-01 -2.325354e-01 -6.687188e-01
   outer loop
     vertex -1.554512e+00 -9.203672e+00  1.501324e+02
     vertex -1.715991e+00 -1.060262e+01  1.504483e+02
     vertex -1.978877e+00 -1.049248e+01  1.501324e+02
   endloop
 endfacet
 facet normal  7.062170e-01 -2.325354e-01 -6.687188e-01
   outer loop
     vertex -1.554512e+00 -9.203672e+00  1.501324e+02
     vertex -1.277620e+00 -9.271269e+00  1.504483e+02
     vertex -1.715991e+00 -1.060262e+01  1.504483e+02
   endloop
 endfacet
 facet normal  6.194334e-01 -1.262621e-01 -7.748291e-01
   outer loop
     vertex -1.140946e+00 -8.600753e+00  1.504483e+02
     vertex -9.084595e-01 -9.361391e+00  1.507581e+02
     vertex -1.277620e+00 -9.271269e+00  1.504483e+02
   endloop
 endfacet
 facet normal  6.194334e-01 -1.262621e-01 -7.748291e-01
   outer loop
     vertex -1.140946e+00 -8.600753e+00  1.504483e+02
     vertex -7.659629e-01 -8.662313e+00  1.507581e+02
     vertex -9.084595e-01 -9.361391e+00  1.507581e+02
   endloop
 endfacet
 facet normal  7.277653e-01 -1.483440e-01 -6.695907e-01
   outer loop
     vertex -1.140946e+00 -8.600753e+00  1.504483e+02
     vertex -1.277620e+00 -9.271269e+00  1.504483e+02
     vertex -1.554512e+00 -9.203672e+00  1.501324e+02
   endloop
 endfacet
 facet normal  6.326231e-01 -8.884833e-02 -7.693465e-01
   outer loop
     vertex -1.140946e+00 -8.600753e+00  1.504483e+02
     vertex -1.083388e+00 -8.190948e+00  1.504483e+02
     vertex -7.946177e-01 -8.439811e+00  1.507145e+02
   endloop
 endfacet
 facet normal  6.283821e-01 -7.092565e-02 -7.746648e-01
   outer loop
     vertex -1.140946e+00 -8.600753e+00  1.504483e+02
     vertex -7.946177e-01 -8.439811e+00  1.507145e+02
     vertex -7.659629e-01 -8.662313e+00  1.507581e+02
   endloop
 endfacet
 facet normal  7.895277e-01 -2.599670e-01 -5.559345e-01
   outer loop
     vertex -1.788542e+00 -9.146538e+00  1.497733e+02
     vertex -1.978877e+00 -1.049248e+01  1.501324e+02
     vertex -2.201069e+00 -1.039939e+01  1.497733e+02
   endloop
 endfacet
 facet normal  7.895277e-01 -2.599670e-01 -5.559345e-01
   outer loop
     vertex -1.788542e+00 -9.146538e+00  1.497733e+02
     vertex -1.554512e+00 -9.203672e+00  1.501324e+02
     vertex -1.978877e+00 -1.049248e+01  1.501324e+02
   endloop
 endfacet
 facet normal  7.277653e-01 -1.483440e-01 -6.695907e-01
   outer loop
     vertex -1.422204e+00 -8.554579e+00  1.501324e+02
     vertex -1.140946e+00 -8.600753e+00  1.504483e+02
     vertex -1.554512e+00 -9.203672e+00  1.501324e+02
   endloop
 endfacet
 facet normal  7.312106e-01 -9.434670e-02 -6.755959e-01
   outer loop
     vertex -1.422204e+00 -8.554579e+00  1.501324e+02
     vertex -1.346087e+00 -7.964554e+00  1.501324e+02
     vertex -1.083388e+00 -8.190948e+00  1.504483e+02
   endloop
 endfacet
 facet normal  7.353575e-01 -1.032780e-01 -6.697633e-01
   outer loop
     vertex -1.422204e+00 -8.554579e+00  1.501324e+02
     vertex -1.083388e+00 -8.190948e+00  1.504483e+02
     vertex -1.140946e+00 -8.600753e+00  1.504483e+02
   endloop
 endfacet
 facet normal  8.561013e-01 -2.818876e-01 -4.331627e-01
   outer loop
     vertex -1.964518e+00 -9.103577e+00  1.493976e+02
     vertex -1.788542e+00 -9.146538e+00  1.497733e+02
     vertex -2.201069e+00 -1.039939e+01  1.497733e+02
   endloop
 endfacet
 facet normal  8.561013e-01 -2.818876e-01 -4.331627e-01
   outer loop
     vertex -1.964518e+00 -9.103577e+00  1.493976e+02
     vertex -2.201069e+00 -1.039939e+01  1.497733e+02
     vertex -2.368143e+00 -1.032940e+01  1.493976e+02
   endloop
 endfacet
 facet normal  8.138834e-01 -1.658978e-01 -5.568409e-01
   outer loop
     vertex -1.659925e+00 -8.515553e+00  1.497733e+02
     vertex -1.554512e+00 -9.203672e+00  1.501324e+02
     vertex -1.788542e+00 -9.146538e+00  1.497733e+02
   endloop
 endfacet
 facet normal  8.138834e-01 -1.658978e-01 -5.568409e-01
   outer loop
     vertex -1.659925e+00 -8.515553e+00  1.497733e+02
     vertex -1.422204e+00 -8.554579e+00  1.501324e+02
     vertex -1.554512e+00 -9.203672e+00  1.501324e+02
   endloop
 endfacet
 facet normal  9.486853e-01 -2.824276e-01 -1.422350e-01
   outer loop
     vertex -2.093113e+00 -9.072184e+00  1.489792e+02
     vertex -2.496031e+00 -1.007642e+01  1.482858e+02
     vertex -2.111220e+00 -8.783823e+00  1.482858e+02
   endloop
 endfacet
 facet normal  9.452159e-01 -3.112303e-01 -9.850152e-02
   outer loop
     vertex -2.093113e+00 -9.072184e+00  1.489792e+02
     vertex -2.490234e+00 -1.027825e+01  1.489792e+02
     vertex -2.496031e+00 -1.007642e+01  1.482858e+02
   endloop
 endfacet
 facet normal  9.058437e-01 -2.982663e-01 -3.008062e-01
   outer loop
     vertex -2.093113e+00 -9.072184e+00  1.489792e+02
     vertex -2.368143e+00 -1.032940e+01  1.493976e+02
     vertex -2.490234e+00 -1.027825e+01  1.489792e+02
   endloop
 endfacet
 facet normal  9.058437e-01 -2.982663e-01 -3.008062e-01
   outer loop
     vertex -2.093113e+00 -9.072184e+00  1.489792e+02
     vertex -1.964518e+00 -9.103577e+00  1.493976e+02
     vertex -2.368143e+00 -1.032940e+01  1.493976e+02
   endloop
 endfacet
 facet normal  8.827639e-01 -1.799381e-01 -4.339934e-01
   outer loop
     vertex -1.838677e+00 -8.486208e+00  1.493976e+02
     vertex -1.659925e+00 -8.515553e+00  1.497733e+02
     vertex -1.788542e+00 -9.146538e+00  1.497733e+02
   endloop
 endfacet
 facet normal  8.827639e-01 -1.799381e-01 -4.339934e-01
   outer loop
     vertex -1.838677e+00 -8.486208e+00  1.493976e+02
     vertex -1.788542e+00 -9.146538e+00  1.497733e+02
     vertex -1.964518e+00 -9.103577e+00  1.493976e+02
   endloop
 endfacet
 facet normal  8.275436e-01 -6.896704e-02 -5.571491e-01
   outer loop
     vertex -1.585951e+00 -7.941984e+00  1.497733e+02
     vertex -1.571614e+00 -7.770193e+00  1.497733e+02
     vertex -1.346087e+00 -7.964554e+00  1.501324e+02
   endloop
 endfacet
 facet normal  8.237233e-01 -1.062787e-01 -5.569423e-01
   outer loop
     vertex -1.585951e+00 -7.941984e+00  1.497733e+02
     vertex -1.346087e+00 -7.964554e+00  1.501324e+02
     vertex -1.422204e+00 -8.554579e+00  1.501324e+02
   endloop
 endfacet
 facet normal  8.237597e-01 -1.062417e-01 -5.568956e-01
   outer loop
     vertex -1.585951e+00 -7.941984e+00  1.497733e+02
     vertex -1.422204e+00 -8.554579e+00  1.501324e+02
     vertex -1.659925e+00 -8.515553e+00  1.497733e+02
   endloop
 endfacet
 facet normal  9.741182e-01 -1.985593e-01 -1.080187e-01
   outer loop
     vertex -1.969300e+00 -8.464764e+00  1.489792e+02
     vertex -2.093113e+00 -9.072184e+00  1.489792e+02
     vertex -2.111220e+00 -8.783823e+00  1.482858e+02
   endloop
 endfacet
 facet normal  9.342699e-01 -1.904368e-01 -3.014523e-01
   outer loop
     vertex -1.969300e+00 -8.464764e+00  1.489792e+02
     vertex -1.964518e+00 -9.103577e+00  1.493976e+02
     vertex -2.093113e+00 -9.072184e+00  1.489792e+02
   endloop
 endfacet
 facet normal  9.342699e-01 -1.904368e-01 -3.014523e-01
   outer loop
     vertex -1.969300e+00 -8.464764e+00  1.489792e+02
     vertex -1.838677e+00 -8.486208e+00  1.493976e+02
     vertex -1.964518e+00 -9.103577e+00  1.493976e+02
   endloop
 endfacet
 facet normal  8.976283e-01 -7.421894e-02 -4.344594e-01
   outer loop
     vertex -1.766299e+00 -7.925016e+00  1.493976e+02
     vertex -1.753557e+00 -7.613394e+00  1.493706e+02
     vertex -1.571614e+00 -7.770193e+00  1.497733e+02
   endloop
 endfacet
 facet normal  8.976862e-01 -7.484188e-02 -4.342328e-01
   outer loop
     vertex -1.766299e+00 -7.925016e+00  1.493976e+02
     vertex -1.571614e+00 -7.770193e+00  1.497733e+02
     vertex -1.585951e+00 -7.941984e+00  1.497733e+02
   endloop
 endfacet
 facet normal  8.934915e-01 -1.152351e-01 -4.340436e-01
   outer loop
     vertex -1.766299e+00 -7.925016e+00  1.493976e+02
     vertex -1.659925e+00 -8.515553e+00  1.497733e+02
     vertex -1.838677e+00 -8.486208e+00  1.493976e+02
   endloop
 endfacet
 facet normal  8.934915e-01 -1.152351e-01 -4.340436e-01
   outer loop
     vertex -1.766299e+00 -7.925016e+00  1.493976e+02
     vertex -1.585951e+00 -7.941984e+00  1.497733e+02
     vertex -1.659925e+00 -8.515553e+00  1.497733e+02
   endloop
 endfacet
 facet normal  9.811689e-01 -1.188725e-01 -1.522398e-01
   outer loop
     vertex -1.898089e+00 -7.912616e+00  1.489792e+02
     vertex -2.111220e+00 -8.783823e+00  1.482858e+02
     vertex -1.949011e+00 -7.444952e+00  1.482858e+02
   endloop
 endfacet
 facet normal  9.512322e-01 -6.493489e-02 -3.015639e-01
   outer loop
     vertex -1.898089e+00 -7.912616e+00  1.489792e+02
     vertex -1.753557e+00 -7.613394e+00  1.493706e+02
     vertex -1.766299e+00 -7.925016e+00  1.493976e+02
   endloop
 endfacet
 facet normal  9.816398e-01 -1.266037e-01 -1.426701e-01
   outer loop
     vertex -1.898089e+00 -7.912616e+00  1.489792e+02
     vertex -1.969300e+00 -8.464764e+00  1.489792e+02
     vertex -2.111220e+00 -8.783823e+00  1.482858e+02
   endloop
 endfacet
 facet normal  9.513587e-01 -6.574986e-02 -3.009876e-01
   outer loop
     vertex -1.898089e+00 -7.912616e+00  1.489792e+02
     vertex -1.870447e+00 -7.512659e+00  1.489792e+02
     vertex -1.753557e+00 -7.613394e+00  1.493706e+02
   endloop
 endfacet
 facet normal  9.817165e-01 -6.784797e-02 -1.778466e-01
   outer loop
     vertex -1.898089e+00 -7.912616e+00  1.489792e+02
     vertex -1.928860e+00 -7.462318e+00  1.486375e+02
     vertex -1.870447e+00 -7.512659e+00  1.489792e+02
   endloop
 endfacet
 facet normal  9.981027e-01  2.578545e-02 -5.591182e-02
   outer loop
     vertex -1.898089e+00 -7.912616e+00  1.489792e+02
     vertex -1.949011e+00 -7.444952e+00  1.482858e+02
     vertex -1.928860e+00 -7.462318e+00  1.486375e+02
   endloop
 endfacet
 facet normal  9.456366e-01 -1.219604e-01 -3.014914e-01
   outer loop
     vertex -1.898089e+00 -7.912616e+00  1.489792e+02
     vertex -1.838677e+00 -8.486208e+00  1.493976e+02
     vertex -1.969300e+00 -8.464764e+00  1.489792e+02
   endloop
 endfacet
 facet normal  9.456366e-01 -1.219604e-01 -3.014914e-01
   outer loop
     vertex -1.898089e+00 -7.912616e+00  1.489792e+02
     vertex -1.766299e+00 -7.925016e+00  1.493976e+02
     vertex -1.838677e+00 -8.486208e+00  1.493976e+02
   endloop
 endfacet
 facet normal -6.153600e-02  6.209878e-02 -9.961712e-01
   outer loop
     vertex -1.788176e+01 -3.146377e-01  1.512402e+02
     vertex -1.827638e+01  2.544738e-02  1.512858e+02
     vertex -1.704869e+01  1.242019e+00  1.512858e+02
   endloop
 endfacet
 facet normal -6.971423e-01  7.116530e-01 -8.684791e-02
   outer loop
     vertex -1.600385e+01 -1.933024e+00  1.482858e+02
     vertex -1.603838e+01 -1.903271e+00  1.488068e+02
     vertex -1.504044e+01 -9.892499e-01  1.482858e+02
   endloop
 endfacet
 facet normal -1.158075e-01  2.860031e-01 -9.512050e-01
   outer loop
     vertex -1.350955e+01  2.159143e+00  1.511049e+02
     vertex -1.342977e+01  2.449195e+00  1.511824e+02
     vertex -1.314975e+01  2.207877e+00  1.510757e+02
   endloop
 endfacet
 facet normal -1.075396e-02  2.608762e-01 -9.653124e-01
   outer loop
     vertex -1.350955e+01  2.159143e+00  1.511049e+02
     vertex -1.371453e+01  2.694602e+00  1.512519e+02
     vertex -1.342977e+01  2.449195e+00  1.511824e+02
   endloop
 endfacet
 facet normal -1.379808e-01  3.923122e-01 -9.094242e-01
   outer loop
     vertex -1.337223e+01  1.800432e+00  1.509337e+02
     vertex -1.314975e+01  2.207877e+00  1.510757e+02
     vertex -1.287852e+01  1.974126e+00  1.509338e+02
   endloop
 endfacet
 facet normal -1.264562e-01  3.873430e-01 -9.132219e-01
   outer loop
     vertex -1.337223e+01  1.800432e+00  1.509337e+02
     vertex -1.350955e+01  2.159143e+00  1.511049e+02
     vertex -1.314975e+01  2.207877e+00  1.510757e+02
   endloop
 endfacet
 facet normal -2.010672e-01  7.470605e-01 -6.336186e-01
   outer loop
     vertex -1.230886e+01  1.302060e+00  1.503060e+02
     vertex -1.214872e+01  1.345184e+00  1.503060e+02
     vertex -1.194393e+01  1.168697e+00  1.500329e+02
   endloop
 endfacet
 facet normal -1.816877e-01  6.751454e-01 -7.149603e-01
   outer loop
     vertex -1.230886e+01  1.302060e+00  1.503060e+02
     vertex -1.237559e+01  1.540705e+00  1.505483e+02
     vertex -1.214872e+01  1.345184e+00  1.503060e+02
   endloop
 endfacet
 facet normal -4.648599e-02  9.837785e-02 -9.940628e-01
   outer loop
     vertex -1.520215e+01  1.987479e+00  1.512515e+02
     vertex -1.390704e+01  2.860508e+00  1.512773e+02
     vertex -1.371453e+01  2.694602e+00  1.512519e+02
   endloop
 endfacet
 facet normal -7.984191e-03  4.141084e-02 -9.991103e-01
   outer loop
     vertex -1.520215e+01  1.987479e+00  1.512515e+02
     vertex -1.410171e+01  3.028274e+00  1.512858e+02
     vertex -1.390704e+01  2.860508e+00  1.512773e+02
   endloop
 endfacet
 facet normal -3.538591e-02  7.030997e-02 -9.968974e-01
   outer loop
     vertex -1.520215e+01  1.987479e+00  1.512515e+02
     vertex -1.564558e+01  2.251267e+00  1.512858e+02
     vertex -1.410171e+01  3.028274e+00  1.512858e+02
   endloop
 endfacet
 facet normal -1.927549e-01  5.705488e-01 -7.983230e-01
   outer loop
     vertex -1.318697e+01  1.316474e+00  1.505840e+02
     vertex -1.262031e+01  1.751605e+00  1.507581e+02
     vertex -1.237559e+01  1.540705e+00  1.505483e+02
   endloop
 endfacet
 facet normal -1.339006e-01  5.135960e-01 -8.475198e-01
   outer loop
     vertex -1.318697e+01  1.316474e+00  1.505840e+02
     vertex -1.287852e+01  1.974126e+00  1.509338e+02
     vertex -1.262031e+01  1.751605e+00  1.507581e+02
   endloop
 endfacet
 facet normal -1.856870e-01  5.279046e-01 -8.287564e-01
   outer loop
     vertex -1.318697e+01  1.316474e+00  1.505840e+02
     vertex -1.337223e+01  1.800432e+00  1.509337e+02
     vertex -1.287852e+01  1.974126e+00  1.509338e+02
   endloop
 endfacet
 facet normal -2.132305e-01  8.140070e-01 -5.403012e-01
   outer loop
     vertex -1.220647e+01  9.358956e-01  1.497858e+02
     vertex -1.194393e+01  1.168697e+00  1.500329e+02
     vertex -1.176420e+01  1.013809e+00  1.497287e+02
   endloop
 endfacet
 facet normal -1.501933e-01  7.942836e-01 -5.886897e-01
   outer loop
     vertex -1.220647e+01  9.358956e-01  1.497858e+02
     vertex -1.230886e+01  1.302060e+00  1.503060e+02
     vertex -1.194393e+01  1.168697e+00  1.500329e+02
   endloop
 endfacet
 facet normal -2.138656e-01  6.592526e-01 -7.208659e-01
   outer loop
     vertex -1.308347e+01  1.046106e+00  1.503060e+02
     vertex -1.318697e+01  1.316474e+00  1.505840e+02
     vertex -1.237559e+01  1.540705e+00  1.505483e+02
   endloop
 endfacet
 facet normal -2.194759e-01  6.642122e-01 -7.145995e-01
   outer loop
     vertex -1.308347e+01  1.046106e+00  1.503060e+02
     vertex -1.237559e+01  1.540705e+00  1.505483e+02
     vertex -1.230886e+01  1.302060e+00  1.503060e+02
   endloop
 endfacet
 facet normal -1.064149e-01  2.244396e-01 -9.686603e-01
   outer loop
     vertex -1.491627e+01  1.490408e+00  1.511049e+02
     vertex -1.520215e+01  1.987479e+00  1.512515e+02
     vertex -1.371453e+01  2.694602e+00  1.512519e+02
   endloop
 endfacet
 facet normal -1.069289e-01  2.249317e-01 -9.684895e-01
   outer loop
     vertex -1.491627e+01  1.490408e+00  1.511049e+02
     vertex -1.371453e+01  2.694602e+00  1.512519e+02
     vertex -1.350955e+01  2.159143e+00  1.511049e+02
   endloop
 endfacet
 facet normal -2.241967e-01  9.204569e-01 -3.201483e-01
   outer loop
     vertex -1.215575e+01  7.545233e-01  1.493976e+02
     vertex -1.161591e+01  8.860065e-01  1.493975e+02
     vertex -1.150377e+01  7.893675e-01  1.490412e+02
   endloop
 endfacet
 facet normal -2.132702e-01  8.755800e-01 -4.334460e-01
   outer loop
     vertex -1.215575e+01  7.545233e-01  1.493976e+02
     vertex -1.176420e+01  1.013809e+00  1.497287e+02
     vertex -1.161591e+01  8.860065e-01  1.493975e+02
   endloop
 endfacet
 facet normal -2.105003e-01  8.748913e-01 -4.361821e-01
   outer loop
     vertex -1.215575e+01  7.545233e-01  1.493976e+02
     vertex -1.220647e+01  9.358956e-01  1.497858e+02
     vertex -1.176420e+01  1.013809e+00  1.497287e+02
   endloop
 endfacet
 facet normal -1.752034e-01  3.685513e-01 -9.129478e-01
   outer loop
     vertex -1.472478e+01  1.157450e+00  1.509337e+02
     vertex -1.350955e+01  2.159143e+00  1.511049e+02
     vertex -1.337223e+01  1.800432e+00  1.509337e+02
   endloop
 endfacet
 facet normal -1.752034e-01  3.685513e-01 -9.129478e-01
   outer loop
     vertex -1.472478e+01  1.157450e+00  1.509337e+02
     vertex -1.491627e+01  1.490408e+00  1.511049e+02
     vertex -1.350955e+01  2.159143e+00  1.511049e+02
   endloop
 endfacet
 facet normal -2.823491e-01  8.544887e-01 -4.360368e-01
   outer loop
     vertex -1.294754e+01  6.910226e-01  1.497858e+02
     vertex -1.220647e+01  9.358956e-01  1.497858e+02
     vertex -1.215575e+01  7.545233e-01  1.493976e+02
   endloop
 endfacet
 facet normal -2.533902e-01  7.668489e-01 -5.896915e-01
   outer loop
     vertex -1.294754e+01  6.910226e-01  1.497858e+02
     vertex -1.230886e+01  1.302060e+00  1.503060e+02
     vertex -1.220647e+01  9.358956e-01  1.497858e+02
   endloop
 endfacet
 facet normal -2.533902e-01  7.668489e-01 -5.896915e-01
   outer loop
     vertex -1.294754e+01  6.910226e-01  1.497858e+02
     vertex -1.308347e+01  1.046106e+00  1.503060e+02
     vertex -1.230886e+01  1.302060e+00  1.503060e+02
   endloop
 endfacet
 facet normal -2.628883e-01  9.545252e-01 -1.406110e-01
   outer loop
     vertex -1.211050e+01  5.927140e-01  1.488068e+02
     vertex -1.141030e+01  7.088164e-01  1.482858e+02
     vertex -1.271055e+01  3.507115e-01  1.482858e+02
   endloop
 endfacet
 facet normal -2.102887e-01  9.754597e-01 -6.524678e-02
   outer loop
     vertex -1.211050e+01  5.927140e-01  1.488068e+02
     vertex -1.143410e+01  7.293243e-01  1.486691e+02
     vertex -1.141030e+01  7.088164e-01  1.482858e+02
   endloop
 endfacet
 facet normal -2.324908e-01  9.523883e-01 -1.972421e-01
   outer loop
     vertex -1.211050e+01  5.927140e-01  1.488068e+02
     vertex -1.150377e+01  7.893675e-01  1.490412e+02
     vertex -1.143410e+01  7.293243e-01  1.486691e+02
   endloop
 endfacet
 facet normal -1.995454e-01  9.410810e-01 -2.730353e-01
   outer loop
     vertex -1.211050e+01  5.927140e-01  1.488068e+02
     vertex -1.215575e+01  7.545233e-01  1.493976e+02
     vertex -1.150377e+01  7.893675e-01  1.490412e+02
   endloop
 endfacet
 facet normal -4.519416e-02  6.283114e-02 -9.970004e-01
   outer loop
     vertex -1.666331e+01  9.742401e-01  1.512515e+02
     vertex -1.704869e+01  1.242019e+00  1.512858e+02
     vertex -1.564558e+01  2.251267e+00  1.512858e+02
   endloop
 endfacet
 facet normal -4.157789e-02  5.995813e-02 -9.973346e-01
   outer loop
     vertex -1.666331e+01  9.742401e-01  1.512515e+02
     vertex -1.564558e+01  2.251267e+00  1.512858e+02
     vertex -1.520215e+01  1.987479e+00  1.512515e+02
   endloop
 endfacet
 facet normal -4.999157e-02  5.595011e-02 -9.971812e-01
   outer loop
     vertex -1.666331e+01  9.742401e-01  1.512515e+02
     vertex -1.788176e+01 -3.146377e-01  1.512402e+02
     vertex -1.704869e+01  1.242019e+00  1.512858e+02
   endloop
 endfacet
 facet normal -2.407055e-01  5.063390e-01 -8.280590e-01
   outer loop
     vertex -1.446643e+01  7.082369e-01  1.505840e+02
     vertex -1.337223e+01  1.800432e+00  1.509337e+02
     vertex -1.318697e+01  1.316474e+00  1.505840e+02
   endloop
 endfacet
 facet normal -2.407055e-01  5.063390e-01 -8.280590e-01
   outer loop
     vertex -1.446643e+01  7.082369e-01  1.505840e+02
     vertex -1.472478e+01  1.157450e+00  1.509337e+02
     vertex -1.337223e+01  1.800432e+00  1.509337e+02
   endloop
 endfacet
 facet normal -2.823491e-01  8.544887e-01 -4.360368e-01
   outer loop
     vertex -1.288021e+01  5.151391e-01  1.493976e+02
     vertex -1.294754e+01  6.910226e-01  1.497858e+02
     vertex -1.215575e+01  7.545233e-01  1.493976e+02
   endloop
 endfacet
 facet normal -2.978288e-01  6.265016e-01 -7.202734e-01
   outer loop
     vertex -1.432210e+01  4.572789e-01  1.503060e+02
     vertex -1.318697e+01  1.316474e+00  1.505840e+02
     vertex -1.308347e+01  1.046106e+00  1.503060e+02
   endloop
 endfacet
 facet normal -2.978288e-01  6.265016e-01 -7.202734e-01
   outer loop
     vertex -1.432210e+01  4.572789e-01  1.503060e+02
     vertex -1.446643e+01  7.082369e-01  1.505840e+02
     vertex -1.318697e+01  1.316474e+00  1.505840e+02
   endloop
 endfacet
 facet normal -1.817214e-01  1.855038e-01 -9.656944e-01
   outer loop
     vertex -1.629800e+01  5.322544e-01  1.511049e+02
     vertex -1.749913e+01 -6.443894e-01  1.511049e+02
     vertex -1.788176e+01 -3.146377e-01  1.512402e+02
   endloop
 endfacet
 facet normal -1.415998e-01  2.041965e-01 -9.686348e-01
   outer loop
     vertex -1.629800e+01  5.322544e-01  1.511049e+02
     vertex -1.520215e+01  1.987479e+00  1.512515e+02
     vertex -1.491627e+01  1.490408e+00  1.511049e+02
   endloop
 endfacet
 facet normal -1.765164e-01  1.753121e-01 -9.685596e-01
   outer loop
     vertex -1.629800e+01  5.322544e-01  1.511049e+02
     vertex -1.788176e+01 -3.146377e-01  1.512402e+02
     vertex -1.666331e+01  9.742401e-01  1.512515e+02
   endloop
 endfacet
 facet normal -1.415998e-01  2.041965e-01 -9.686348e-01
   outer loop
     vertex -1.629800e+01  5.322544e-01  1.511049e+02
     vertex -1.666331e+01  9.742401e-01  1.512515e+02
     vertex -1.520215e+01  1.987479e+00  1.512515e+02
   endloop
 endfacet
 facet normal -4.215103e-01  9.011061e-01 -1.016708e-01
   outer loop
     vertex -1.282014e+01  3.582266e-01  1.488068e+02
     vertex -1.271055e+01  3.507115e-01  1.482858e+02
     vertex -1.393217e+01 -2.207241e-01  1.482858e+02
   endloop
 endfacet
 facet normal -3.127543e-01  9.465056e-01 -7.944717e-02
   outer loop
     vertex -1.282014e+01  3.582266e-01  1.488068e+02
     vertex -1.211050e+01  5.927140e-01  1.488068e+02
     vertex -1.271055e+01  3.507115e-01  1.482858e+02
   endloop
 endfacet
 facet normal -3.018035e-01  9.133646e-01 -2.732760e-01
   outer loop
     vertex -1.282014e+01  3.582266e-01  1.488068e+02
     vertex -1.215575e+01  7.545233e-01  1.493976e+02
     vertex -1.211050e+01  5.927140e-01  1.488068e+02
   endloop
 endfacet
 facet normal -3.018035e-01  9.133646e-01 -2.732760e-01
   outer loop
     vertex -1.282014e+01  3.582266e-01  1.488068e+02
     vertex -1.288021e+01  5.151391e-01  1.493976e+02
     vertex -1.215575e+01  7.545233e-01  1.493976e+02
   endloop
 endfacet
 facet normal -2.936434e-01  3.061149e-01 -9.055756e-01
   outer loop
     vertex -1.605330e+01  2.361942e-01  1.509337e+02
     vertex -1.714012e+01 -9.537886e-01  1.508839e+02
     vertex -1.749913e+01 -6.443894e-01  1.511049e+02
   endloop
 endfacet
 facet normal -2.326381e-01  3.354799e-01 -9.128706e-01
   outer loop
     vertex -1.605330e+01  2.361942e-01  1.509337e+02
     vertex -1.629800e+01  5.322544e-01  1.511049e+02
     vertex -1.491627e+01  1.490408e+00  1.511049e+02
   endloop
 endfacet
 facet normal -2.326381e-01  3.354799e-01 -9.128706e-01
   outer loop
     vertex -1.605330e+01  2.361942e-01  1.509337e+02
     vertex -1.491627e+01  1.490408e+00  1.511049e+02
     vertex -1.472478e+01  1.157450e+00  1.509337e+02
   endloop
 endfacet
 facet normal -2.856871e-01  2.916335e-01 -9.128706e-01
   outer loop
     vertex -1.605330e+01  2.361942e-01  1.509337e+02
     vertex -1.749913e+01 -6.443894e-01  1.511049e+02
     vertex -1.629800e+01  5.322544e-01  1.511049e+02
   endloop
 endfacet
 facet normal -3.469853e-01  7.299054e-01 -5.889307e-01
   outer loop
     vertex -1.413255e+01  1.276882e-01  1.497858e+02
     vertex -1.432210e+01  4.572789e-01  1.503060e+02
     vertex -1.308347e+01  1.046106e+00  1.503060e+02
   endloop
 endfacet
 facet normal -3.469853e-01  7.299054e-01 -5.889307e-01
   outer loop
     vertex -1.413255e+01  1.276882e-01  1.497858e+02
     vertex -1.308347e+01  1.046106e+00  1.503060e+02
     vertex -1.294754e+01  6.910226e-01  1.497858e+02
   endloop
 endfacet
 facet normal -3.865203e-01  8.130697e-01 -4.353386e-01
   outer loop
     vertex -1.403866e+01 -3.556806e-02  1.493976e+02
     vertex -1.294754e+01  6.910226e-01  1.497858e+02
     vertex -1.288021e+01  5.151391e-01  1.493976e+02
   endloop
 endfacet
 facet normal -3.865203e-01  8.130697e-01 -4.353386e-01
   outer loop
     vertex -1.403866e+01 -3.556806e-02  1.493976e+02
     vertex -1.413255e+01  1.276882e-01  1.497858e+02
     vertex -1.294754e+01  6.910226e-01  1.497858e+02
   endloop
 endfacet
 facet normal -3.953991e-01  5.701922e-01 -7.200975e-01
   outer loop
     vertex -1.572316e+01 -1.632365e-01  1.505840e+02
     vertex -1.446643e+01  7.082369e-01  1.505840e+02
     vertex -1.432210e+01  4.572789e-01  1.503060e+02
   endloop
 endfacet
 facet normal -3.195889e-01  4.608688e-01 -8.279269e-01
   outer loop
     vertex -1.572316e+01 -1.632365e-01  1.505840e+02
     vertex -1.605330e+01  2.361942e-01  1.509337e+02
     vertex -1.472478e+01  1.157450e+00  1.509337e+02
   endloop
 endfacet
 facet normal -4.023412e-01  4.107158e-01 -8.181895e-01
   outer loop
     vertex -1.572316e+01 -1.632365e-01  1.505840e+02
     vertex -1.681563e+01 -1.233434e+00  1.505840e+02
     vertex -1.714012e+01 -9.537886e-01  1.508839e+02
   endloop
 endfacet
 facet normal -3.966743e-01  3.969523e-01 -8.276946e-01
   outer loop
     vertex -1.572316e+01 -1.632365e-01  1.505840e+02
     vertex -1.714012e+01 -9.537886e-01  1.508839e+02
     vertex -1.605330e+01  2.361942e-01  1.509337e+02
   endloop
 endfacet
 facet normal -3.195889e-01  4.608688e-01 -8.279269e-01
   outer loop
     vertex -1.572316e+01 -1.632365e-01  1.505840e+02
     vertex -1.472478e+01  1.157450e+00  1.509337e+02
     vertex -1.446643e+01  7.082369e-01  1.505840e+02
   endloop
 endfacet
 facet normal -3.953991e-01  5.701922e-01 -7.200975e-01
   outer loop
     vertex -1.553872e+01 -3.863834e-01  1.503060e+02
     vertex -1.572316e+01 -1.632365e-01  1.505840e+02
     vertex -1.432210e+01  4.572789e-01  1.503060e+02
   endloop
 endfacet
 facet normal -4.919322e-01  5.100281e-01 -7.056019e-01
   outer loop
     vertex -1.553872e+01 -3.863834e-01  1.503060e+02
     vertex -1.653552e+01 -1.474829e+00  1.502142e+02
     vertex -1.681563e+01 -1.233434e+00  1.505840e+02
   endloop
 endfacet
 facet normal -4.855628e-01  4.956696e-01 -7.200975e-01
   outer loop
     vertex -1.553872e+01 -3.863834e-01  1.503060e+02
     vertex -1.681563e+01 -1.233434e+00  1.505840e+02
     vertex -1.572316e+01 -1.632365e-01  1.505840e+02
   endloop
 endfacet
 facet normal -4.130581e-01  8.688936e-01 -2.727762e-01
   outer loop
     vertex -1.395489e+01 -1.812154e-01  1.488068e+02
     vertex -1.288021e+01  5.151391e-01  1.493976e+02
     vertex -1.282014e+01  3.582266e-01  1.488068e+02
   endloop
 endfacet
 facet normal -4.130581e-01  8.688936e-01 -2.727762e-01
   outer loop
     vertex -1.395489e+01 -1.812154e-01  1.488068e+02
     vertex -1.403866e+01 -3.556806e-02  1.493976e+02
     vertex -1.288021e+01  5.151391e-01  1.493976e+02
   endloop
 endfacet
 facet normal -4.277159e-01  8.997272e-01 -8.689166e-02
   outer loop
     vertex -1.395489e+01 -1.812154e-01  1.488068e+02
     vertex -1.282014e+01  3.582266e-01  1.488068e+02
     vertex -1.393217e+01 -2.207241e-01  1.482858e+02
   endloop
 endfacet
 facet normal -4.606193e-01  6.642442e-01 -5.887355e-01
   outer loop
     vertex -1.529649e+01 -6.794488e-01  1.497858e+02
     vertex -1.432210e+01  4.572789e-01  1.503060e+02
     vertex -1.413255e+01  1.276882e-01  1.497858e+02
   endloop
 endfacet
 facet normal -4.606193e-01  6.642442e-01 -5.887355e-01
   outer loop
     vertex -1.529649e+01 -6.794488e-01  1.497858e+02
     vertex -1.553872e+01 -3.863834e-01  1.503060e+02
     vertex -1.432210e+01  4.572789e-01  1.503060e+02
   endloop
 endfacet
 facet normal -5.709496e-01  5.725098e-01 -5.884293e-01
   outer loop
     vertex -1.529649e+01 -6.794488e-01  1.497858e+02
     vertex -1.653552e+01 -1.474829e+00  1.502142e+02
     vertex -1.553872e+01 -3.863834e-01  1.503060e+02
   endloop
 endfacet
 facet normal -5.739026e-01  5.858481e-01 -5.722043e-01
   outer loop
     vertex -1.529649e+01 -6.794488e-01  1.497858e+02
     vertex -1.630832e+01 -1.670639e+00  1.497858e+02
     vertex -1.653552e+01 -1.474829e+00  1.502142e+02
   endloop
 endfacet
 facet normal -5.130606e-01  7.398682e-01 -4.351596e-01
   outer loop
     vertex -1.529649e+01 -6.794488e-01  1.497858e+02
     vertex -1.413255e+01  1.276882e-01  1.497858e+02
     vertex -1.403866e+01 -3.556806e-02  1.493976e+02
   endloop
 endfacet
 facet normal -6.312766e-01  6.511994e-01 -4.212235e-01
   outer loop
     vertex -1.517651e+01 -8.246129e-01  1.493976e+02
     vertex -1.614090e+01 -1.814914e+00  1.493119e+02
     vertex -1.630832e+01 -1.670639e+00  1.497858e+02
   endloop
 endfacet
 facet normal -5.130606e-01  7.398682e-01 -4.351596e-01
   outer loop
     vertex -1.517651e+01 -8.246129e-01  1.493976e+02
     vertex -1.529649e+01 -6.794488e-01  1.497858e+02
     vertex -1.403866e+01 -3.556806e-02  1.493976e+02
   endloop
 endfacet
 facet normal -6.300550e-01  6.431693e-01 -4.351596e-01
   outer loop
     vertex -1.517651e+01 -8.246129e-01  1.493976e+02
     vertex -1.630832e+01 -1.670639e+00  1.497858e+02
     vertex -1.529649e+01 -6.794488e-01  1.497858e+02
   endloop
 endfacet
 facet normal -5.676905e-01  8.186482e-01 -8.684791e-02
   outer loop
     vertex -1.506947e+01 -9.541196e-01  1.488068e+02
     vertex -1.393217e+01 -2.207241e-01  1.482858e+02
     vertex -1.504044e+01 -9.892499e-01  1.482858e+02
   endloop
 endfacet
 facet normal -5.676905e-01  8.186482e-01 -8.684791e-02
   outer loop
     vertex -1.506947e+01 -9.541196e-01  1.488068e+02
     vertex -1.395489e+01 -1.812154e-01  1.488068e+02
     vertex -1.393217e+01 -2.207241e-01  1.482858e+02
   endloop
 endfacet
 facet normal -5.482544e-01  7.906200e-01 -2.726481e-01
   outer loop
     vertex -1.506947e+01 -9.541196e-01  1.488068e+02
     vertex -1.403866e+01 -3.556806e-02  1.493976e+02
     vertex -1.395489e+01 -1.812154e-01  1.488068e+02
   endloop
 endfacet
 facet normal -6.761027e-01  6.901754e-01 -2.579593e-01
   outer loop
     vertex -1.506947e+01 -9.541196e-01  1.488068e+02
     vertex -1.603838e+01 -1.903271e+00  1.488068e+02
     vertex -1.614090e+01 -1.814914e+00  1.493119e+02
   endloop
 endfacet
 facet normal -6.774117e-01  6.832632e-01 -2.725155e-01
   outer loop
     vertex -1.506947e+01 -9.541196e-01  1.488068e+02
     vertex -1.614090e+01 -1.814914e+00  1.493119e+02
     vertex -1.517651e+01 -8.246129e-01  1.493976e+02
   endloop
 endfacet
 facet normal -5.482544e-01  7.906200e-01 -2.726481e-01
   outer loop
     vertex -1.506947e+01 -9.541196e-01  1.488068e+02
     vertex -1.517651e+01 -8.246129e-01  1.493976e+02
     vertex -1.403866e+01 -3.556806e-02  1.493976e+02
   endloop
 endfacet
 facet normal -6.971423e-01  7.116530e-01 -8.684791e-02
   outer loop
     vertex -1.506947e+01 -9.541196e-01  1.488068e+02
     vertex -1.504044e+01 -9.892499e-01  1.482858e+02
     vertex -1.603838e+01 -1.903271e+00  1.488068e+02
   endloop
 endfacet
 facet normal -7.002029e-01  7.139439e-01  0.000000e+00
   outer loop
     vertex -6.673951e+00  8.893005e+00  1.372858e+02
     vertex -6.673951e+00  8.893005e+00  1.432858e+02
     vertex -6.434894e+00  9.127461e+00  1.432858e+02
   endloop
 endfacet
 facet normal -5.712805e-01  8.207549e-01  8.456650e-17
   outer loop
     vertex -6.434894e+00  9.127461e+00  1.372858e+02
     vertex -6.434894e+00  9.127461e+00  1.432858e+02
     vertex -6.160072e+00  9.318749e+00  1.432858e+02
   endloop
 endfacet
 facet normal -7.002029e-01  7.139439e-01  1.036509e-16
   outer loop
     vertex -6.434894e+00  9.127461e+00  1.372858e+02
     vertex -6.673951e+00  8.893005e+00  1.372858e+02
     vertex -6.434894e+00  9.127461e+00  1.432858e+02
   endloop
 endfacet
 facet normal -4.263453e-01  9.045605e-01  6.311179e-17
   outer loop
     vertex -6.160072e+00  9.318749e+00  1.372858e+02
     vertex -6.160072e+00  9.318749e+00  1.432858e+02
     vertex -5.857188e+00  9.461507e+00  1.432858e+02
   endloop
 endfacet
 facet normal -5.712805e-01  8.207549e-01  8.456650e-17
   outer loop
     vertex -6.160072e+00  9.318749e+00  1.372858e+02
     vertex -6.434894e+00  9.127461e+00  1.372858e+02
     vertex -6.160072e+00  9.318749e+00  1.432858e+02
   endloop
 endfacet
 facet normal -2.694599e-01  9.630116e-01 -2.053326e-16
   outer loop
     vertex -5.857188e+00  9.461507e+00  1.372858e+02
     vertex -5.857188e+00  9.461507e+00  1.432858e+02
     vertex -5.534732e+00  9.551733e+00  1.432858e+02
   endloop
 endfacet
 facet normal -4.263453e-01  9.045605e-01 -1.415801e-16
   outer loop
     vertex -5.857188e+00  9.461507e+00  1.372858e+02
     vertex -6.160072e+00  9.318749e+00  1.372858e+02
     vertex -5.857188e+00  9.461507e+00  1.432858e+02
   endloop
 endfacet
 facet normal -2.694599e-01  9.630116e-01  3.988808e-17
   outer loop
     vertex -5.534732e+00  9.551733e+00  1.372858e+02
     vertex -5.857188e+00  9.461507e+00  1.372858e+02
     vertex -5.534732e+00  9.551733e+00  1.432858e+02
   endloop
 endfacet
 facet normal  6.236038e-02  9.980537e-01 -1.846238e-17
   outer loop
     vertex -5.201743e+00  9.586899e+00  1.372858e+02
     vertex -5.201743e+00  9.586899e+00  1.432858e+02
     vertex -4.867554e+00  9.566018e+00  1.432858e+02
   endloop
 endfacet
 facet normal -1.050216e-01  9.944699e-01  3.109264e-17
   outer loop
     vertex -5.201743e+00  9.586899e+00  1.372858e+02
     vertex -5.534732e+00  9.551733e+00  1.432858e+02
     vertex -5.201743e+00  9.586899e+00  1.432858e+02
   endloop
 endfacet
 facet normal -1.050216e-01  9.944699e-01  1.554223e-17
   outer loop
     vertex -5.201743e+00  9.586899e+00  1.372858e+02
     vertex -5.534732e+00  9.551733e+00  1.372858e+02
     vertex -5.534732e+00  9.551733e+00  1.432858e+02
   endloop
 endfacet
 facet normal  6.236038e-02  9.980537e-01  2.770209e-16
   outer loop
     vertex -4.867554e+00  9.566018e+00  1.372858e+02
     vertex -5.201743e+00  9.586899e+00  1.372858e+02
     vertex -4.867554e+00  9.566018e+00  1.432858e+02
   endloop
 endfacet
 facet normal  2.279944e-01  9.736624e-01 -0.000000e+00
   outer loop
     vertex -4.541533e+00  9.489676e+00  1.372858e+02
     vertex -4.867554e+00  9.566018e+00  1.432858e+02
     vertex -4.541533e+00  9.489676e+00  1.432858e+02
   endloop
 endfacet
 facet normal  2.279944e-01  9.736624e-01  2.210450e-16
   outer loop
     vertex -4.541533e+00  9.489676e+00  1.372858e+02
     vertex -4.867554e+00  9.566018e+00  1.372858e+02
     vertex -4.867554e+00  9.566018e+00  1.432858e+02
   endloop
 endfacet
 facet normal  9.779089e-01  2.090314e-01 -0.000000e+00
   outer loop
     vertex  5.845141e+00  3.337869e-01  1.372858e+02
     vertex  5.845141e+00  3.337869e-01  1.432858e+02
     vertex  5.915133e+00  6.343173e-03  1.432858e+02
   endloop
 endfacet
 facet normal  9.293305e-01  3.692491e-01 -0.000000e+00
   outer loop
     vertex  5.845141e+00  3.337869e-01  1.372858e+02
     vertex  5.721502e+00  6.449646e-01  1.432858e+02
     vertex  5.845141e+00  3.337869e-01  1.432858e+02
   endloop
 endfacet
 facet normal  9.293305e-01  3.692491e-01  0.000000e+00
   outer loop
     vertex  5.845141e+00  3.337869e-01  1.372858e+02
     vertex  5.721502e+00  6.449646e-01  1.372858e+02
     vertex  5.721502e+00  6.449646e-01  1.432858e+02
   endloop
 endfacet
 facet normal  9.990770e-01  4.295462e-02 -3.974101e-18
   outer loop
     vertex  5.915133e+00  6.343173e-03  1.372858e+02
     vertex  5.915133e+00  6.343173e-03  1.432858e+02
     vertex  5.929516e+00 -3.281885e-01  1.432858e+02
   endloop
 endfacet
 facet normal  9.779089e-01  2.090314e-01 -1.933929e-17
   outer loop
     vertex  5.915133e+00  6.343173e-03  1.372858e+02
     vertex  5.845141e+00  3.337869e-01  1.372858e+02
     vertex  5.915133e+00  6.343173e-03  1.432858e+02
   endloop
 endfacet
 facet normal  9.922414e-01 -1.243261e-01  2.300496e-17
   outer loop
     vertex  5.929516e+00 -3.281885e-01  1.372858e+02
     vertex  5.929516e+00 -3.281885e-01  1.432858e+02
     vertex  5.887887e+00 -6.604313e-01  1.432858e+02
   endloop
 endfacet
 facet normal  9.990770e-01  4.295462e-02 -7.948202e-18
   outer loop
     vertex  5.929516e+00 -3.281885e-01  1.372858e+02
     vertex  5.915133e+00  6.343173e-03  1.372858e+02
     vertex  5.929516e+00 -3.281885e-01  1.432858e+02
   endloop
 endfacet
 facet normal  9.575937e-01 -2.881221e-01 -7.777639e-17
   outer loop
     vertex  5.887887e+00 -6.604313e-01  1.372858e+02
     vertex  5.887887e+00 -6.604313e-01  1.432858e+02
     vertex  5.791412e+00 -9.810727e-01  1.432858e+02
   endloop
 endfacet
 facet normal  9.922414e-01 -1.243261e-01 -1.192753e-16
   outer loop
     vertex  5.887887e+00 -6.604313e-01  1.372858e+02
     vertex  5.929516e+00 -3.281885e-01  1.372858e+02
     vertex  5.887887e+00 -6.604313e-01  1.432858e+02
   endloop
 endfacet
 facet normal  8.961050e-01 -4.438421e-01 -1.338967e-16
   outer loop
     vertex  5.791412e+00 -9.810727e-01  1.372858e+02
     vertex  5.791412e+00 -9.810727e-01  1.432858e+02
     vertex  5.642795e+00 -1.281125e+00  1.432858e+02
   endloop
 endfacet
 facet normal  9.575937e-01 -2.881221e-01 -1.982034e-16
   outer loop
     vertex  5.791412e+00 -9.810727e-01  1.372858e+02
     vertex  5.887887e+00 -6.604313e-01  1.372858e+02
     vertex  5.791412e+00 -9.810727e-01  1.432858e+02
   endloop
 endfacet
 facet normal  8.094989e-01 -5.871214e-01  1.191765e-16
   outer loop
     vertex  5.642795e+00 -1.281125e+00  1.372858e+02
     vertex  5.642795e+00 -1.281125e+00  1.432858e+02
     vertex  5.446203e+00 -1.552178e+00  1.432858e+02
   endloop
 endfacet
 facet normal  8.961050e-01 -4.438421e-01  4.802983e-17
   outer loop
     vertex  5.642795e+00 -1.281125e+00  1.372858e+02
     vertex  5.791412e+00 -9.810727e-01  1.372858e+02
     vertex  5.642795e+00 -1.281125e+00  1.432858e+02
   endloop
 endfacet
 facet normal  8.094989e-01 -5.871214e-01  0.000000e+00
   outer loop
     vertex  5.446203e+00 -1.552178e+00  1.372858e+02
     vertex  5.642795e+00 -1.281125e+00  1.372858e+02
     vertex  5.446203e+00 -1.552178e+00  1.432858e+02
   endloop
 endfacet
 facet normal  7.002029e-01 -7.139439e-01  0.000000e+00
   outer loop
     vertex -1.321360e+01 -2.320424e+01  1.372858e+02
     vertex -1.321360e+01 -2.320424e+01  1.432858e+02
     vertex -1.345266e+01 -2.343869e+01  1.432858e+02
   endloop
 endfacet
 facet normal  5.712805e-01 -8.207549e-01  2.954370e-16
   outer loop
     vertex -1.345266e+01 -2.343869e+01  1.372858e+02
     vertex -1.345266e+01 -2.343869e+01  1.432858e+02
     vertex -1.372748e+01 -2.362998e+01  1.432858e+02
   endloop
 endfacet
 facet normal  7.002029e-01 -7.139439e-01  1.627262e-17
   outer loop
     vertex -1.345266e+01 -2.343869e+01  1.372858e+02
     vertex -1.321360e+01 -2.320424e+01  1.372858e+02
     vertex -1.345266e+01 -2.343869e+01  1.432858e+02
   endloop
 endfacet
 facet normal  4.263453e-01 -9.045605e-01  5.663205e-16
   outer loop
     vertex -1.372748e+01 -2.362998e+01  1.372858e+02
     vertex -1.372748e+01 -2.362998e+01  1.432858e+02
     vertex -1.403037e+01 -2.377274e+01  1.432858e+02
   endloop
 endfacet
 facet normal  5.712805e-01 -8.207549e-01  2.954370e-16
   outer loop
     vertex -1.372748e+01 -2.362998e+01  1.372858e+02
     vertex -1.345266e+01 -2.343869e+01  1.372858e+02
     vertex -1.372748e+01 -2.362998e+01  1.432858e+02
   endloop
 endfacet
 facet normal  2.694599e-01 -9.630116e-01  3.308890e-16
   outer loop
     vertex -1.403037e+01 -2.377274e+01  1.372858e+02
     vertex -1.403037e+01 -2.377274e+01  1.432858e+02
     vertex -1.435282e+01 -2.386297e+01  1.432858e+02
   endloop
 endfacet
 facet normal  4.263453e-01 -9.045605e-01  1.569367e-16
   outer loop
     vertex -1.403037e+01 -2.377274e+01  1.372858e+02
     vertex -1.372748e+01 -2.362998e+01  1.372858e+02
     vertex -1.403037e+01 -2.377274e+01  1.432858e+02
   endloop
 endfacet
 facet normal  1.050216e-01 -9.944699e-01 -6.218529e-17
   outer loop
     vertex -1.435282e+01 -2.386297e+01  1.372858e+02
     vertex -1.435282e+01 -2.386297e+01  1.432858e+02
     vertex -1.468581e+01 -2.389813e+01  1.432858e+02
   endloop
 endfacet
 facet normal  2.694599e-01 -9.630116e-01 -1.595523e-16
   outer loop
     vertex -1.435282e+01 -2.386297e+01  1.372858e+02
     vertex -1.403037e+01 -2.377274e+01  1.372858e+02
     vertex -1.435282e+01 -2.386297e+01  1.432858e+02
   endloop
 endfacet
 facet normal  1.050216e-01 -9.944699e-01 -3.109264e-17
   outer loop
     vertex -1.468581e+01 -2.389813e+01  1.372858e+02
     vertex -1.435282e+01 -2.386297e+01  1.372858e+02
     vertex -1.468581e+01 -2.389813e+01  1.432858e+02
   endloop
 endfacet
 facet normal -6.236038e-02 -9.980537e-01  1.846238e-17
   outer loop
     vertex -1.502000e+01 -2.387725e+01  1.372858e+02
     vertex -1.468581e+01 -2.389813e+01  1.432858e+02
     vertex -1.502000e+01 -2.387725e+01  1.432858e+02
   endloop
 endfacet
 facet normal -6.236038e-02 -9.980537e-01  1.856433e-17
   outer loop
     vertex -1.502000e+01 -2.387725e+01  1.372858e+02
     vertex -1.468581e+01 -2.389813e+01  1.372858e+02
     vertex -1.468581e+01 -2.389813e+01  1.432858e+02
   endloop
 endfacet
 facet normal -2.279944e-01 -9.736624e-01  0.000000e+00
   outer loop
     vertex -1.534602e+01 -2.380091e+01  1.372858e+02
     vertex -1.502000e+01 -2.387725e+01  1.432858e+02
     vertex -1.534602e+01 -2.380091e+01  1.432858e+02
   endloop
 endfacet
 facet normal -2.279944e-01 -9.736624e-01  6.734965e-17
   outer loop
     vertex -1.534602e+01 -2.380091e+01  1.372858e+02
     vertex -1.502000e+01 -2.387725e+01  1.372858e+02
     vertex -1.502000e+01 -2.387725e+01  1.432858e+02
   endloop
 endfacet
 facet normal -9.293305e-01 -3.692491e-01  0.000000e+00
   outer loop
     vertex -2.560905e+01 -1.495620e+01  1.372858e+02
     vertex -2.560905e+01 -1.495620e+01  1.432858e+02
     vertex -2.573269e+01 -1.464502e+01  1.432858e+02
   endloop
 endfacet
 facet normal -9.779089e-01 -2.090314e-01  6.188572e-17
   outer loop
     vertex -2.573269e+01 -1.464502e+01  1.372858e+02
     vertex -2.573269e+01 -1.464502e+01  1.432858e+02
     vertex -2.580269e+01 -1.431758e+01  1.432858e+02
   endloop
 endfacet
 facet normal -9.293305e-01 -3.692491e-01  1.093197e-16
   outer loop
     vertex -2.573269e+01 -1.464502e+01  1.372858e+02
     vertex -2.560905e+01 -1.495620e+01  1.372858e+02
     vertex -2.573269e+01 -1.464502e+01  1.432858e+02
   endloop
 endfacet
 facet normal -9.990770e-01 -4.295462e-02  1.271712e-17
   outer loop
     vertex -2.580269e+01 -1.431758e+01  1.372858e+02
     vertex -2.580269e+01 -1.431758e+01  1.432858e+02
     vertex -2.581707e+01 -1.398304e+01  1.432858e+02
   endloop
 endfacet
 facet normal -9.779089e-01 -2.090314e-01  6.188572e-17
   outer loop
     vertex -2.580269e+01 -1.431758e+01  1.372858e+02
     vertex -2.573269e+01 -1.464502e+01  1.372858e+02
     vertex -2.580269e+01 -1.431758e+01  1.432858e+02
   endloop
 endfacet
 facet normal -9.922414e-01  1.243261e-01  0.000000e+00
   outer loop
     vertex -2.581707e+01 -1.398304e+01  1.372858e+02
     vertex -2.581707e+01 -1.398304e+01  1.432858e+02
     vertex -2.577544e+01 -1.365080e+01  1.432858e+02
   endloop
 endfacet
 facet normal -9.990770e-01 -4.295462e-02  0.000000e+00
   outer loop
     vertex -2.581707e+01 -1.398304e+01  1.372858e+02
     vertex -2.580269e+01 -1.431758e+01  1.372858e+02
     vertex -2.581707e+01 -1.398304e+01  1.432858e+02
   endloop
 endfacet
 facet normal -9.575937e-01  2.881221e-01  0.000000e+00
   outer loop
     vertex -2.577544e+01 -1.365080e+01  1.372858e+02
     vertex -2.577544e+01 -1.365080e+01  1.432858e+02
     vertex -2.567897e+01 -1.333016e+01  1.432858e+02
   endloop
 endfacet
 facet normal -9.922414e-01  1.243261e-01  0.000000e+00
   outer loop
     vertex -2.577544e+01 -1.365080e+01  1.372858e+02
     vertex -2.581707e+01 -1.398304e+01  1.372858e+02
     vertex -2.577544e+01 -1.365080e+01  1.432858e+02
   endloop
 endfacet
 facet normal -8.961050e-01  4.438421e-01  0.000000e+00
   outer loop
     vertex -2.567897e+01 -1.333016e+01  1.372858e+02
     vertex -2.567897e+01 -1.333016e+01  1.432858e+02
     vertex -2.553035e+01 -1.303011e+01  1.432858e+02
   endloop
 endfacet
 facet normal -9.575937e-01  2.881221e-01  0.000000e+00
   outer loop
     vertex -2.567897e+01 -1.333016e+01  1.372858e+02
     vertex -2.577544e+01 -1.365080e+01  1.372858e+02
     vertex -2.567897e+01 -1.333016e+01  1.432858e+02
   endloop
 endfacet
 facet normal -8.094989e-01  5.871214e-01 -1.738228e-16
   outer loop
     vertex -2.553035e+01 -1.303011e+01  1.372858e+02
     vertex -2.553035e+01 -1.303011e+01  1.432858e+02
     vertex -2.533376e+01 -1.275905e+01  1.432858e+02
   endloop
 endfacet
 facet normal -8.961050e-01  4.438421e-01 -1.314037e-16
   outer loop
     vertex -2.553035e+01 -1.303011e+01  1.372858e+02
     vertex -2.567897e+01 -1.333016e+01  1.372858e+02
     vertex -2.553035e+01 -1.303011e+01  1.432858e+02
   endloop
 endfacet
 facet normal -8.094989e-01  5.871214e-01  0.000000e+00
   outer loop
     vertex -2.533376e+01 -1.275905e+01  1.372858e+02
     vertex -2.553035e+01 -1.303011e+01  1.372858e+02
     vertex -2.533376e+01 -1.275905e+01  1.432858e+02
   endloop
 endfacet
 facet normal  7.348317e-01 -6.782495e-01  0.000000e+00
   outer loop
     vertex -1.052517e+00 -1.594171e+01  1.512858e+02
     vertex -4.749059e-01 -1.531592e+01  1.512858e+02
     vertex -4.749059e-01 -1.531592e+01  1.531858e+02
   endloop
 endfacet
 facet normal  7.348317e-01 -6.782495e-01  0.000000e+00
   outer loop
     vertex -1.052517e+00 -1.594171e+01  1.512858e+02
     vertex -4.749059e-01 -1.531592e+01  1.531858e+02
     vertex -1.052517e+00 -1.594171e+01  1.531858e+02
   endloop
 endfacet
 facet normal  6.869442e-01 -7.267102e-01  0.000000e+00
   outer loop
     vertex -1.671398e+00 -1.652673e+01  1.512858e+02
     vertex -1.052517e+00 -1.594171e+01  1.531858e+02
     vertex -1.671398e+00 -1.652673e+01  1.531858e+02
   endloop
 endfacet
 facet normal  6.869442e-01 -7.267102e-01  0.000000e+00
   outer loop
     vertex -1.671398e+00 -1.652673e+01  1.512858e+02
     vertex -1.052517e+00 -1.594171e+01  1.512858e+02
     vertex -1.052517e+00 -1.594171e+01  1.531858e+02
   endloop
 endfacet
 facet normal  6.358682e-01 -7.717977e-01  0.000000e+00
   outer loop
     vertex -2.328677e+00 -1.706825e+01  1.512858e+02
     vertex -1.671398e+00 -1.652673e+01  1.531858e+02
     vertex -2.328677e+00 -1.706825e+01  1.531858e+02
   endloop
 endfacet
 facet normal  6.358682e-01 -7.717977e-01  0.000000e+00
   outer loop
     vertex -2.328677e+00 -1.706825e+01  1.512858e+02
     vertex -1.671398e+00 -1.652673e+01  1.512858e+02
     vertex -1.671398e+00 -1.652673e+01  1.531858e+02
   endloop
 endfacet
 facet normal  6.528240e-01  7.575097e-01  0.000000e+00
   outer loop
     vertex  8.501936e+00 -2.767259e+01  1.531858e+02
     vertex -2.363569e+00 -1.830866e+01  1.512858e+02
     vertex -2.363569e+00 -1.830866e+01  1.531858e+02
   endloop
 endfacet
 facet normal  6.528240e-01  7.575097e-01  0.000000e+00
   outer loop
     vertex  8.501936e+00 -2.767259e+01  1.531858e+02
     vertex  8.501936e+00 -2.767259e+01  1.512858e+02
     vertex -2.363569e+00 -1.830866e+01  1.512858e+02
   endloop
 endfacet
 facet normal -9.530052e-01  3.029538e-01  0.000000e+00
   outer loop
     vertex  1.004788e+01 -2.647842e+01  1.512858e+02
     vertex  9.803656e+00 -2.724669e+01  1.531858e+02
     vertex  1.004788e+01 -2.647842e+01  1.531858e+02
   endloop
 endfacet
 facet normal -9.530052e-01  3.029538e-01  0.000000e+00
   outer loop
     vertex  1.004788e+01 -2.647842e+01  1.512858e+02
     vertex  9.803656e+00 -2.724669e+01  1.512858e+02
     vertex  9.803656e+00 -2.724669e+01  1.531858e+02
   endloop
 endfacet
 facet normal -8.919317e-01  4.521702e-01  0.000000e+00
   outer loop
     vertex  1.041240e+01 -2.575938e+01  1.512858e+02
     vertex  1.004788e+01 -2.647842e+01  1.531858e+02
     vertex  1.041240e+01 -2.575938e+01  1.531858e+02
   endloop
 endfacet
 facet normal -8.919317e-01  4.521702e-01  0.000000e+00
   outer loop
     vertex  1.041240e+01 -2.575938e+01  1.512858e+02
     vertex  1.004788e+01 -2.647842e+01  1.512858e+02
     vertex  1.004788e+01 -2.647842e+01  1.531858e+02
   endloop
 endfacet
 facet normal -7.024164e-01  7.117663e-01  0.000000e+00
   outer loop
     vertex  1.088774e+01 -2.510827e+01  1.512858e+02
     vertex  1.088774e+01 -2.510827e+01  1.531858e+02
     vertex  1.146153e+01 -2.454202e+01  1.531858e+02
   endloop
 endfacet
 facet normal -8.076720e-01  5.896321e-01  0.000000e+00
   outer loop
     vertex  1.088774e+01 -2.510827e+01  1.512858e+02
     vertex  1.041240e+01 -2.575938e+01  1.531858e+02
     vertex  1.088774e+01 -2.510827e+01  1.531858e+02
   endloop
 endfacet
 facet normal -8.076720e-01  5.896321e-01  0.000000e+00
   outer loop
     vertex  1.088774e+01 -2.510827e+01  1.512858e+02
     vertex  1.041240e+01 -2.575938e+01  1.512858e+02
     vertex  1.041240e+01 -2.575938e+01  1.531858e+02
   endloop
 endfacet
 facet normal -7.024164e-01  7.117663e-01  0.000000e+00
   outer loop
     vertex  1.146153e+01 -2.454202e+01  1.512858e+02
     vertex  1.088774e+01 -2.510827e+01  1.512858e+02
     vertex  1.146153e+01 -2.454202e+01  1.531858e+02
   endloop
 endfacet
 facet normal -5.789012e-01  8.153977e-01  0.000000e+00
   outer loop
     vertex  1.211887e+01 -2.407533e+01  1.512858e+02
     vertex  1.146153e+01 -2.454202e+01  1.531858e+02
     vertex  1.211887e+01 -2.407533e+01  1.531858e+02
   endloop
 endfacet
 facet normal -5.789012e-01  8.153977e-01  0.000000e+00
   outer loop
     vertex  1.211887e+01 -2.407533e+01  1.512858e+02
     vertex  1.146153e+01 -2.454202e+01  1.512858e+02
     vertex  1.146153e+01 -2.454202e+01  1.531858e+02
   endloop
 endfacet
 facet normal -4.403371e-01  8.978325e-01  0.000000e+00
   outer loop
     vertex  1.284266e+01 -2.372035e+01  1.512858e+02
     vertex  1.211887e+01 -2.407533e+01  1.531858e+02
     vertex  1.284266e+01 -2.372035e+01  1.531858e+02
   endloop
 endfacet
 facet normal -4.403371e-01  8.978325e-01  0.000000e+00
   outer loop
     vertex  1.284266e+01 -2.372035e+01  1.512858e+02
     vertex  1.211887e+01 -2.407533e+01  1.512858e+02
     vertex  1.211887e+01 -2.407533e+01  1.531858e+02
   endloop
 endfacet
 facet normal -6.528240e-01 -7.575097e-01  0.000000e+00
   outer loop
     vertex  2.206198e+00 -1.300610e+01  1.531858e+02
     vertex  1.307170e+01 -2.237002e+01  1.512858e+02
     vertex  1.307170e+01 -2.237002e+01  1.531858e+02
   endloop
 endfacet
 facet normal -6.528240e-01 -7.575097e-01 -0.000000e+00
   outer loop
     vertex  2.206198e+00 -1.300610e+01  1.531858e+02
     vertex  2.206198e+00 -1.300610e+01  1.512858e+02
     vertex  1.307170e+01 -2.237002e+01  1.512858e+02
   endloop
 endfacet
 facet normal  0.000000e+00  0.000000e+00 -1.000000e+00
   outer loop
     vertex  1.826170e+00 -1.282485e+01  1.531858e+02
     vertex  1.543624e+00 -1.282450e+01  1.531858e+02
     vertex  1.684912e+00 -1.281210e+01  1.531858e+02
   endloop
 endfacet
 facet normal  0.000000e+00  0.000000e+00 -1.000000e+00
   outer loop
     vertex  1.163156e+00 -1.300483e+01  1.531858e+02
     vertex  1.278580e+00 -1.292240e+01  1.531858e+02
     vertex  1.406746e+00 -1.286166e+01  1.531858e+02
   endloop
 endfacet
 facet normal  0.000000e+00  0.000000e+00 -1.000000e+00
   outer loop
     vertex  1.163156e+00 -1.300483e+01  1.531858e+02
     vertex  1.406746e+00 -1.286166e+01  1.531858e+02
     vertex  1.543624e+00 -1.282450e+01  1.531858e+02
   endloop
 endfacet
 facet normal  0.000000e+00  0.000000e+00 -1.000000e+00
   outer loop
     vertex  2.206198e+00 -1.300610e+01  1.531858e+02
     vertex  1.962957e+00 -1.286234e+01  1.531858e+02
     vertex  2.090975e+00 -1.292339e+01  1.531858e+02
   endloop
 endfacet
 facet normal  0.000000e+00  0.000000e+00 -1.000000e+00
   outer loop
     vertex  9.845276e-01 -1.322374e+01  1.531858e+02
     vertex  1.064101e+00 -1.310634e+01  1.531858e+02
     vertex  1.163156e+00 -1.300483e+01  1.531858e+02
   endloop
 endfacet
 facet normal  0.000000e+00  0.000000e+00 -1.000000e+00
   outer loop
     vertex  9.845276e-01 -1.322374e+01  1.531858e+02
     vertex  1.826170e+00 -1.282485e+01  1.531858e+02
     vertex  1.962957e+00 -1.286234e+01  1.531858e+02
   endloop
 endfacet
 facet normal  0.000000e+00  0.000000e+00 -1.000000e+00
   outer loop
     vertex  9.845276e-01 -1.322374e+01  1.531858e+02
     vertex  1.543624e+00 -1.282450e+01  1.531858e+02
     vertex  1.826170e+00 -1.282485e+01  1.531858e+02
   endloop
 endfacet
 facet normal  0.000000e+00  0.000000e+00 -1.000000e+00
   outer loop
     vertex  9.845276e-01 -1.322374e+01  1.531858e+02
     vertex  1.962957e+00 -1.286234e+01  1.531858e+02
     vertex  2.206198e+00 -1.300610e+01  1.531858e+02
   endloop
 endfacet
 facet normal  0.000000e+00  0.000000e+00 -1.000000e+00
   outer loop
     vertex  9.845276e-01 -1.322374e+01  1.531858e+02
     vertex  1.163156e+00 -1.300483e+01  1.531858e+02
     vertex  1.543624e+00 -1.282450e+01  1.531858e+02
   endloop
 endfacet
 facet normal  0.000000e+00  0.000000e+00 -1.000000e+00
   outer loop
     vertex  5.459857e-01 -1.395377e+01  1.531858e+02
     vertex  9.845276e-01 -1.322374e+01  1.531858e+02
     vertex  2.206198e+00 -1.300610e+01  1.531858e+02
   endloop
 endfacet
 facet normal  0.000000e+00  0.000000e+00 -1.000000e+00
   outer loop
     vertex  5.875398e-02 -1.465224e+01  1.531858e+02
     vertex  5.459857e-01 -1.395377e+01  1.531858e+02
     vertex  2.206198e+00 -1.300610e+01  1.531858e+02
   endloop
 endfacet
 facet normal  0.000000e+00  0.000000e+00 -1.000000e+00
   outer loop
     vertex -4.749059e-01 -1.531592e+01  1.531858e+02
     vertex  5.875398e-02 -1.465224e+01  1.531858e+02
     vertex  2.206198e+00 -1.300610e+01  1.531858e+02
   endloop
 endfacet
 facet normal  0.000000e+00  0.000000e+00 -1.000000e+00
   outer loop
     vertex -2.518821e+00 -1.727724e+01  1.531858e+02
     vertex -2.433048e+00 -1.716428e+01  1.531858e+02
     vertex -2.328677e+00 -1.706825e+01  1.531858e+02
   endloop
 endfacet
 facet normal  0.000000e+00  0.000000e+00 -1.000000e+00
   outer loop
     vertex -2.583298e+00 -1.740357e+01  1.531858e+02
     vertex -2.518821e+00 -1.727724e+01  1.531858e+02
     vertex -2.328677e+00 -1.706825e+01  1.531858e+02
   endloop
 endfacet
 facet normal  0.000000e+00  0.000000e+00 -1.000000e+00
   outer loop
     vertex -2.632399e+00 -1.782173e+01  1.531858e+02
     vertex -2.640994e+00 -1.768016e+01  1.531858e+02
     vertex -2.624454e+00 -1.753930e+01  1.531858e+02
   endloop
 endfacet
 facet normal  0.000000e+00  0.000000e+00 -1.000000e+00
   outer loop
     vertex -2.632399e+00 -1.782173e+01  1.531858e+02
     vertex -2.624454e+00 -1.753930e+01  1.531858e+02
     vertex -2.583298e+00 -1.740357e+01  1.531858e+02
   endloop
 endfacet
 facet normal  0.000000e+00  0.000000e+00 -1.000000e+00
   outer loop
     vertex -2.598938e+00 -1.795956e+01  1.531858e+02
     vertex -2.632399e+00 -1.782173e+01  1.531858e+02
     vertex -2.583298e+00 -1.740357e+01  1.531858e+02
   endloop
 endfacet
 facet normal  0.000000e+00  0.000000e+00 -1.000000e+00
   outer loop
     vertex -2.598938e+00 -1.795956e+01  1.531858e+02
     vertex -2.583298e+00 -1.740357e+01  1.531858e+02
     vertex -2.328677e+00 -1.706825e+01  1.531858e+02
   endloop
 endfacet
 facet normal  0.000000e+00  0.000000e+00 -1.000000e+00
   outer loop
     vertex -2.363569e+00 -1.830866e+01  1.531858e+02
     vertex -2.598938e+00 -1.795956e+01  1.531858e+02
     vertex -2.328677e+00 -1.706825e+01  1.531858e+02
   endloop
 endfacet
 facet normal  0.000000e+00  0.000000e+00 -1.000000e+00
   outer loop
     vertex -2.363569e+00 -1.830866e+01  1.531858e+02
     vertex -2.462378e+00 -1.820691e+01  1.531858e+02
     vertex -2.541665e+00 -1.808931e+01  1.531858e+02
   endloop
 endfacet
 facet normal  0.000000e+00  0.000000e+00 -1.000000e+00
   outer loop
     vertex -2.363569e+00 -1.830866e+01  1.531858e+02
     vertex -2.541665e+00 -1.808931e+01  1.531858e+02
     vertex -2.598938e+00 -1.795956e+01  1.531858e+02
   endloop
 endfacet
 facet normal  0.000000e+00  0.000000e+00 -1.000000e+00
   outer loop
     vertex -2.363569e+00 -1.830866e+01  1.531858e+02
     vertex -2.328677e+00 -1.706825e+01  1.531858e+02
     vertex -1.671398e+00 -1.652673e+01  1.531858e+02
   endloop
 endfacet
 facet normal  0.000000e+00  0.000000e+00 -1.000000e+00
   outer loop
     vertex -2.363569e+00 -1.830866e+01  1.531858e+02
     vertex -1.671398e+00 -1.652673e+01  1.531858e+02
     vertex -1.052517e+00 -1.594171e+01  1.531858e+02
   endloop
 endfacet
 facet normal  0.000000e+00  0.000000e+00 -1.000000e+00
   outer loop
     vertex -2.363569e+00 -1.830866e+01  1.531858e+02
     vertex -1.052517e+00 -1.594171e+01  1.531858e+02
     vertex -4.749059e-01 -1.531592e+01  1.531858e+02
   endloop
 endfacet
 facet normal  0.000000e+00  0.000000e+00 -1.000000e+00
   outer loop
     vertex  1.324747e+01 -2.258519e+01  1.531858e+02
     vertex  1.307170e+01 -2.237002e+01  1.531858e+02
     vertex  1.316900e+01 -2.246991e+01  1.531858e+02
   endloop
 endfacet
 facet normal  0.000000e+00  0.000000e+00 -1.000000e+00
   outer loop
     vertex  1.333905e+01 -2.284750e+01  1.531858e+02
     vertex  1.324747e+01 -2.258519e+01  1.531858e+02
     vertex  1.330474e+01 -2.271234e+01  1.531858e+02
   endloop
 endfacet
 facet normal  0.000000e+00  0.000000e+00 -1.000000e+00
   outer loop
     vertex  1.334937e+01 -2.298657e+01  1.531858e+02
     vertex  1.324747e+01 -2.258519e+01  1.531858e+02
     vertex  1.333905e+01 -2.284750e+01  1.531858e+02
   endloop
 endfacet
 facet normal  0.000000e+00  0.000000e+00 -1.000000e+00
   outer loop
     vertex  1.333539e+01 -2.312531e+01  1.531858e+02
     vertex  1.307170e+01 -2.237002e+01  1.531858e+02
     vertex  1.324747e+01 -2.258519e+01  1.531858e+02
   endloop
 endfacet
 facet normal  0.000000e+00  0.000000e+00 -1.000000e+00
   outer loop
     vertex  1.333539e+01 -2.312531e+01  1.531858e+02
     vertex  1.324747e+01 -2.258519e+01  1.531858e+02
     vertex  1.334937e+01 -2.298657e+01  1.531858e+02
   endloop
 endfacet
 facet normal  0.000000e+00  0.000000e+00 -1.000000e+00
   outer loop
     vertex  1.323693e+01 -2.338512e+01  1.531858e+02
     vertex  1.333539e+01 -2.312531e+01  1.531858e+02
     vertex  1.329753e+01 -2.325952e+01  1.531858e+02
   endloop
 endfacet
 facet normal  0.000000e+00  0.000000e+00 -1.000000e+00
   outer loop
     vertex  1.284266e+01 -2.372035e+01  1.531858e+02
     vertex  1.323693e+01 -2.338512e+01  1.531858e+02
     vertex  1.315545e+01 -2.349829e+01  1.531858e+02
   endloop
 endfacet
 facet normal  0.000000e+00  0.000000e+00 -1.000000e+00
   outer loop
     vertex  1.284266e+01 -2.372035e+01  1.531858e+02
     vertex  1.315545e+01 -2.349829e+01  1.531858e+02
     vertex  1.306364e+01 -2.358889e+01  1.531858e+02
   endloop
 endfacet
 facet normal  0.000000e+00  0.000000e+00 -1.000000e+00
   outer loop
     vertex  1.284266e+01 -2.372035e+01  1.531858e+02
     vertex  1.306364e+01 -2.358889e+01  1.531858e+02
     vertex  1.295847e+01 -2.366356e+01  1.531858e+02
   endloop
 endfacet
 facet normal  0.000000e+00  0.000000e+00 -1.000000e+00
   outer loop
     vertex  1.284266e+01 -2.372035e+01  1.531858e+02
     vertex  1.333539e+01 -2.312531e+01  1.531858e+02
     vertex  1.323693e+01 -2.338512e+01  1.531858e+02
   endloop
 endfacet
 facet normal  0.000000e+00  0.000000e+00 -1.000000e+00
   outer loop
     vertex  1.284266e+01 -2.372035e+01  1.531858e+02
     vertex  1.307170e+01 -2.237002e+01  1.531858e+02
     vertex  1.333539e+01 -2.312531e+01  1.531858e+02
   endloop
 endfacet
 facet normal  0.000000e+00  0.000000e+00 -1.000000e+00
   outer loop
     vertex  1.211887e+01 -2.407533e+01  1.531858e+02
     vertex  1.307170e+01 -2.237002e+01  1.531858e+02
     vertex  1.284266e+01 -2.372035e+01  1.531858e+02
   endloop
 endfacet
 facet normal  0.000000e+00  0.000000e+00 -1.000000e+00
   outer loop
     vertex  1.146153e+01 -2.454202e+01  1.531858e+02
     vertex  2.206198e+00 -1.300610e+01  1.531858e+02
     vertex  1.307170e+01 -2.237002e+01  1.531858e+02
   endloop
 endfacet
 facet normal  0.000000e+00  0.000000e+00 -1.000000e+00
   outer loop
     vertex  1.146153e+01 -2.454202e+01  1.531858e+02
     vertex  1.307170e+01 -2.237002e+01  1.531858e+02
     vertex  1.211887e+01 -2.407533e+01  1.531858e+02
   endloop
 endfacet
 facet normal  0.000000e+00  0.000000e+00 -1.000000e+00
   outer loop
     vertex  1.088774e+01 -2.510827e+01  1.531858e+02
     vertex -2.363569e+00 -1.830866e+01  1.531858e+02
     vertex -4.749059e-01 -1.531592e+01  1.531858e+02
   endloop
 endfacet
 facet normal  0.000000e+00  0.000000e+00 -1.000000e+00
   outer loop
     vertex  1.088774e+01 -2.510827e+01  1.531858e+02
     vertex  2.206198e+00 -1.300610e+01  1.531858e+02
     vertex  1.146153e+01 -2.454202e+01  1.531858e+02
   endloop
 endfacet
 facet normal  0.000000e+00  0.000000e+00 -1.000000e+00
   outer loop
     vertex  1.088774e+01 -2.510827e+01  1.531858e+02
     vertex -4.749059e-01 -1.531592e+01  1.531858e+02
     vertex  2.206198e+00 -1.300610e+01  1.531858e+02
   endloop
 endfacet
 facet normal  0.000000e+00  0.000000e+00 -1.000000e+00
   outer loop
     vertex  1.041240e+01 -2.575938e+01  1.531858e+02
     vertex -2.363569e+00 -1.830866e+01  1.531858e+02
     vertex  1.088774e+01 -2.510827e+01  1.531858e+02
   endloop
 endfacet
 facet normal  0.000000e+00  0.000000e+00 -1.000000e+00
   outer loop
     vertex  8.501936e+00 -2.767259e+01  1.531858e+02
     vertex -2.363569e+00 -1.830866e+01  1.531858e+02
     vertex  1.041240e+01 -2.575938e+01  1.531858e+02
   endloop
 endfacet
 facet normal  0.000000e+00  0.000000e+00 -1.000000e+00
   outer loop
     vertex  8.501936e+00 -2.767259e+01  1.531858e+02
     vertex  1.041240e+01 -2.575938e+01  1.531858e+02
     vertex  1.004788e+01 -2.647842e+01  1.531858e+02
   endloop
 endfacet
 facet normal  0.000000e+00  0.000000e+00 -1.000000e+00
   outer loop
     vertex  8.501936e+00 -2.767259e+01  1.531858e+02
     vertex  1.004788e+01 -2.647842e+01  1.531858e+02
     vertex  9.803656e+00 -2.724669e+01  1.531858e+02
   endloop
 endfacet
 facet normal  0.000000e+00  0.000000e+00 -1.000000e+00
   outer loop
     vertex  8.501936e+00 -2.767259e+01  1.531858e+02
     vertex  9.803656e+00 -2.724669e+01  1.531858e+02
     vertex  9.764579e+00 -2.736961e+01  1.531858e+02
   endloop
 endfacet
 facet normal  0.000000e+00  0.000000e+00 -1.000000e+00
   outer loop
     vertex  8.501936e+00 -2.767259e+01  1.531858e+02
     vertex  9.764579e+00 -2.736961e+01  1.531858e+02
     vertex  9.706256e+00 -2.748466e+01  1.531858e+02
   endloop
 endfacet
 facet normal  0.000000e+00  0.000000e+00 -1.000000e+00
   outer loop
     vertex  9.530307e+00 -2.768614e+01  1.531858e+02
     vertex  9.706256e+00 -2.748466e+01  1.531858e+02
     vertex  9.630203e+00 -2.758884e+01  1.531858e+02
   endloop
 endfacet
 facet normal  0.000000e+00  0.000000e+00 -1.000000e+00
   outer loop
     vertex  9.530307e+00 -2.768614e+01  1.531858e+02
     vertex  8.501936e+00 -2.767259e+01  1.531858e+02
     vertex  9.706256e+00 -2.748466e+01  1.531858e+02
   endloop
 endfacet
 facet normal  0.000000e+00  0.000000e+00 -1.000000e+00
   outer loop
     vertex  9.287883e+00 -2.782187e+01  1.531858e+02
     vertex  9.530307e+00 -2.768614e+01  1.531858e+02
     vertex  9.415033e+00 -2.776461e+01  1.531858e+02
   endloop
 endfacet
 facet normal  0.000000e+00  0.000000e+00 -1.000000e+00
   outer loop
     vertex  9.287883e+00 -2.782187e+01  1.531858e+02
     vertex  8.501936e+00 -2.767259e+01  1.531858e+02
     vertex  9.530307e+00 -2.768614e+01  1.531858e+02
   endloop
 endfacet
 facet normal  0.000000e+00  0.000000e+00 -1.000000e+00
   outer loop
     vertex  8.874909e+00 -2.785253e+01  1.531858e+02
     vertex  8.740699e+00 -2.781466e+01  1.531858e+02
     vertex  8.615102e+00 -2.775407e+01  1.531858e+02
   endloop
 endfacet
 facet normal  0.000000e+00  0.000000e+00 -1.000000e+00
   outer loop
     vertex  9.013655e+00 -2.786651e+01  1.531858e+02
     vertex  9.287883e+00 -2.782187e+01  1.531858e+02
     vertex  9.152722e+00 -2.785619e+01  1.531858e+02
   endloop
 endfacet
 facet normal  0.000000e+00  0.000000e+00 -1.000000e+00
   outer loop
     vertex  9.013655e+00 -2.786651e+01  1.531858e+02
     vertex  8.615102e+00 -2.775407e+01  1.531858e+02
     vertex  8.501936e+00 -2.767259e+01  1.531858e+02
   endloop
 endfacet
 facet normal  0.000000e+00  0.000000e+00 -1.000000e+00
   outer loop
     vertex  9.013655e+00 -2.786651e+01  1.531858e+02
     vertex  8.874909e+00 -2.785253e+01  1.531858e+02
     vertex  8.615102e+00 -2.775407e+01  1.531858e+02
   endloop
 endfacet
 facet normal  0.000000e+00  0.000000e+00 -1.000000e+00
   outer loop
     vertex  9.013655e+00 -2.786651e+01  1.531858e+02
     vertex  8.501936e+00 -2.767259e+01  1.531858e+02
     vertex  9.287883e+00 -2.782187e+01  1.531858e+02
   endloop
 endfacet
 facet normal -8.391810e-01  5.438523e-01  0.000000e+00
   outer loop
     vertex -1.994631e+01  3.410085e-01  1.512858e+02
     vertex -2.087208e+01 -1.087489e+00  1.531858e+02
     vertex -1.994631e+01  3.410085e-01  1.531858e+02
   endloop
 endfacet
 facet normal -8.391810e-01  5.438523e-01  0.000000e+00
   outer loop
     vertex -1.994631e+01  3.410085e-01  1.512858e+02
     vertex -2.087208e+01 -1.087489e+00  1.512858e+02
     vertex -2.087208e+01 -1.087489e+00  1.531858e+02
   endloop
 endfacet
 facet normal -6.617903e-01  7.496890e-01  0.000000e+00
   outer loop
     vertex -1.883504e+01  1.630481e+00  1.512858e+02
     vertex -1.883504e+01  1.630481e+00  1.531858e+02
     vertex -1.755888e+01  2.757015e+00  1.531858e+02
   endloop
 endfacet
 facet normal -7.575097e-01  6.528240e-01  0.000000e+00
   outer loop
     vertex -1.883504e+01  1.630481e+00  1.512858e+02
     vertex -1.994631e+01  3.410085e-01  1.531858e+02
     vertex -1.883504e+01  1.630481e+00  1.531858e+02
   endloop
 endfacet
 facet normal -7.575097e-01  6.528240e-01  0.000000e+00
   outer loop
     vertex -1.883504e+01  1.630481e+00  1.512858e+02
     vertex -1.994631e+01  3.410085e-01  1.512858e+02
     vertex -1.994631e+01  3.410085e-01  1.531858e+02
   endloop
 endfacet
 facet normal -6.617903e-01  7.496890e-01  0.000000e+00
   outer loop
     vertex -1.755888e+01  2.757015e+00  1.512858e+02
     vertex -1.883504e+01  1.630481e+00  1.512858e+02
     vertex -1.755888e+01  2.757015e+00  1.531858e+02
   endloop
 endfacet
 facet normal -6.528240e-01 -7.575097e-01  0.000000e+00
   outer loop
     vertex -2.838949e+01  1.336135e+01  1.531858e+02
     vertex -1.752398e+01  3.997431e+00  1.512858e+02
     vertex -1.752398e+01  3.997431e+00  1.531858e+02
   endloop
 endfacet
 facet normal -6.528240e-01 -7.575097e-01 -0.000000e+00
   outer loop
     vertex -2.838949e+01  1.336135e+01  1.531858e+02
     vertex -2.838949e+01  1.336135e+01  1.512858e+02
     vertex -1.752398e+01  3.997431e+00  1.512858e+02
   endloop
 endfacet
 facet normal  7.024164e-01 -7.117663e-01  0.000000e+00
   outer loop
     vertex -3.134909e+01  1.023079e+01  1.512858e+02
     vertex -3.077529e+01  1.079704e+01  1.512858e+02
     vertex -3.077529e+01  1.079704e+01  1.531858e+02
   endloop
 endfacet
 facet normal  7.024164e-01 -7.117663e-01  0.000000e+00
   outer loop
     vertex -3.134909e+01  1.023079e+01  1.512858e+02
     vertex -3.077529e+01  1.079704e+01  1.531858e+02
     vertex -3.134909e+01  1.023079e+01  1.531858e+02
   endloop
 endfacet
 facet normal  5.789012e-01 -8.153977e-01  0.000000e+00
   outer loop
     vertex -3.200642e+01  9.764101e+00  1.512858e+02
     vertex -3.134909e+01  1.023079e+01  1.531858e+02
     vertex -3.200642e+01  9.764101e+00  1.531858e+02
   endloop
 endfacet
 facet normal  5.789012e-01 -8.153977e-01  0.000000e+00
   outer loop
     vertex -3.200642e+01  9.764101e+00  1.512858e+02
     vertex -3.134909e+01  1.023079e+01  1.512858e+02
     vertex -3.134909e+01  1.023079e+01  1.531858e+02
   endloop
 endfacet
 facet normal  4.403371e-01 -8.978325e-01  0.000000e+00
   outer loop
     vertex -3.273022e+01  9.409121e+00  1.512858e+02
     vertex -3.200642e+01  9.764101e+00  1.531858e+02
     vertex -3.273022e+01  9.409121e+00  1.531858e+02
   endloop
 endfacet
 facet normal  4.403371e-01 -8.978325e-01  0.000000e+00
   outer loop
     vertex -3.273022e+01  9.409121e+00  1.512858e+02
     vertex -3.200642e+01  9.764101e+00  1.512858e+02
     vertex -3.200642e+01  9.764101e+00  1.531858e+02
   endloop
 endfacet
 facet normal  6.528240e-01  7.575097e-01  0.000000e+00
   outer loop
     vertex -2.209375e+01 -1.305137e+00  1.531858e+02
     vertex -3.295926e+01  8.058786e+00  1.512858e+02
     vertex -3.295926e+01  8.058786e+00  1.531858e+02
   endloop
 endfacet
 facet normal  6.528240e-01  7.575097e-01  0.000000e+00
   outer loop
     vertex -2.209375e+01 -1.305137e+00  1.531858e+02
     vertex -2.209375e+01 -1.305137e+00  1.512858e+02
     vertex -3.295926e+01  8.058786e+00  1.512858e+02
   endloop
 endfacet
 facet normal  0.000000e+00  0.000000e+00 -1.000000e+00
   outer loop
     vertex -1.726030e+01  3.242137e+00  1.531858e+02
     vertex -1.725664e+01  3.519950e+00  1.531858e+02
     vertex -1.724631e+01  3.380884e+00  1.531858e+02
   endloop
 endfacet
 facet normal  0.000000e+00  0.000000e+00 -1.000000e+00
   outer loop
     vertex -1.735875e+01  2.982330e+00  1.531858e+02
     vertex -1.742669e+01  3.897535e+00  1.531858e+02
     vertex -1.734821e+01  3.782261e+00  1.531858e+02
   endloop
 endfacet
 facet normal  0.000000e+00  0.000000e+00 -1.000000e+00
   outer loop
     vertex -1.735875e+01  2.982330e+00  1.531858e+02
     vertex -1.734821e+01  3.782261e+00  1.531858e+02
     vertex -1.729095e+01  3.655112e+00  1.531858e+02
   endloop
 endfacet
 facet normal  0.000000e+00  0.000000e+00 -1.000000e+00
   outer loop
     vertex -1.735875e+01  2.982330e+00  1.531858e+02
     vertex -1.729095e+01  3.655112e+00  1.531858e+02
     vertex -1.725664e+01  3.519950e+00  1.531858e+02
   endloop
 endfacet
 facet normal  0.000000e+00  0.000000e+00 -1.000000e+00
   outer loop
     vertex -1.735875e+01  2.982330e+00  1.531858e+02
     vertex -1.726030e+01  3.242137e+00  1.531858e+02
     vertex -1.729816e+01  3.107927e+00  1.531858e+02
   endloop
 endfacet
 facet normal  0.000000e+00  0.000000e+00 -1.000000e+00
   outer loop
     vertex -1.735875e+01  2.982330e+00  1.531858e+02
     vertex -1.725664e+01  3.519950e+00  1.531858e+02
     vertex -1.726030e+01  3.242137e+00  1.531858e+02
   endloop
 endfacet
 facet normal  0.000000e+00  0.000000e+00 -1.000000e+00
   outer loop
     vertex -1.751681e+01  2.791672e+00  1.531858e+02
     vertex -1.744024e+01  2.869164e+00  1.531858e+02
     vertex -1.747720e+01  2.829113e+00  1.531858e+02
   endloop
 endfacet
 facet normal  0.000000e+00  0.000000e+00 -1.000000e+00
   outer loop
     vertex -1.755888e+01  2.757015e+00  1.531858e+02
     vertex -1.752398e+01  3.997431e+00  1.531858e+02
     vertex -1.742669e+01  3.897535e+00  1.531858e+02
   endloop
 endfacet
 facet normal  0.000000e+00  0.000000e+00 -1.000000e+00
   outer loop
     vertex -1.755888e+01  2.757015e+00  1.531858e+02
     vertex -1.735875e+01  2.982330e+00  1.531858e+02
     vertex -1.744024e+01  2.869164e+00  1.531858e+02
   endloop
 endfacet
 facet normal  0.000000e+00  0.000000e+00 -1.000000e+00
   outer loop
     vertex -1.755888e+01  2.757015e+00  1.531858e+02
     vertex -1.742669e+01  3.897535e+00  1.531858e+02
     vertex -1.735875e+01  2.982330e+00  1.531858e+02
   endloop
 endfacet
 facet normal  0.000000e+00  0.000000e+00 -1.000000e+00
   outer loop
     vertex -1.755888e+01  2.757015e+00  1.531858e+02
     vertex -1.744024e+01  2.869164e+00  1.531858e+02
     vertex -1.751681e+01  2.791672e+00  1.531858e+02
   endloop
 endfacet
 facet normal  0.000000e+00  0.000000e+00 -1.000000e+00
   outer loop
     vertex -1.883504e+01  1.630481e+00  1.531858e+02
     vertex -1.752398e+01  3.997431e+00  1.531858e+02
     vertex -1.755888e+01  2.757015e+00  1.531858e+02
   endloop
 endfacet
 facet normal  0.000000e+00  0.000000e+00 -1.000000e+00
   outer loop
     vertex -2.106538e+01 -1.318686e+00  1.531858e+02
     vertex -2.087208e+01 -1.087489e+00  1.531858e+02
     vertex -2.090015e+01 -1.134211e+00  1.531858e+02
   endloop
 endfacet
 facet normal  0.000000e+00  0.000000e+00 -1.000000e+00
   outer loop
     vertex -2.106538e+01 -1.318686e+00  1.531858e+02
     vertex -2.090015e+01 -1.134211e+00  1.531858e+02
     vertex -2.093133e+01 -1.178913e+00  1.531858e+02
   endloop
 endfacet
 facet normal  0.000000e+00  0.000000e+00 -1.000000e+00
   outer loop
     vertex -2.106538e+01 -1.318686e+00  1.531858e+02
     vertex -2.093133e+01 -1.178913e+00  1.531858e+02
     vertex -2.096548e+01 -1.221388e+00  1.531858e+02
   endloop
 endfacet
 facet normal  0.000000e+00  0.000000e+00 -1.000000e+00
   outer loop
     vertex -2.130780e+01 -1.454423e+00  1.531858e+02
     vertex -2.106538e+01 -1.318686e+00  1.531858e+02
     vertex -2.118065e+01 -1.397159e+00  1.531858e+02
   endloop
 endfacet
 facet normal  0.000000e+00  0.000000e+00 -1.000000e+00
   outer loop
     vertex -2.144297e+01 -1.488737e+00  1.531858e+02
     vertex -2.106538e+01 -1.318686e+00  1.531858e+02
     vertex -2.130780e+01 -1.454423e+00  1.531858e+02
   endloop
 endfacet
 facet normal  0.000000e+00  0.000000e+00 -1.000000e+00
   outer loop
     vertex -2.172078e+01 -1.485077e+00  1.531858e+02
     vertex -2.106538e+01 -1.318686e+00  1.531858e+02
     vertex -2.144297e+01 -1.488737e+00  1.531858e+02
   endloop
 endfacet
 facet normal  0.000000e+00  0.000000e+00 -1.000000e+00
   outer loop
     vertex -2.172078e+01 -1.485077e+00  1.531858e+02
     vertex -2.144297e+01 -1.488737e+00  1.531858e+02
     vertex -2.158203e+01 -1.499060e+00  1.531858e+02
   endloop
 endfacet
 facet normal  0.000000e+00  0.000000e+00 -1.000000e+00
   outer loop
     vertex -2.198059e+01 -1.386619e+00  1.531858e+02
     vertex -2.172078e+01 -1.485077e+00  1.531858e+02
     vertex -2.185499e+01 -1.447213e+00  1.531858e+02
   endloop
 endfacet
 facet normal  0.000000e+00  0.000000e+00 -1.000000e+00
   outer loop
     vertex -2.209375e+01 -1.305137e+00  1.531858e+02
     vertex -2.106538e+01 -1.318686e+00  1.531858e+02
     vertex -2.172078e+01 -1.485077e+00  1.531858e+02
   endloop
 endfacet
 facet normal  0.000000e+00  0.000000e+00 -1.000000e+00
   outer loop
     vertex -2.209375e+01 -1.305137e+00  1.531858e+02
     vertex -2.172078e+01 -1.485077e+00  1.531858e+02
     vertex -2.198059e+01 -1.386619e+00  1.531858e+02
   endloop
 endfacet
 facet normal  0.000000e+00  0.000000e+00 -1.000000e+00
   outer loop
     vertex -2.209375e+01 -1.305137e+00  1.531858e+02
     vertex -1.994631e+01  3.410085e-01  1.531858e+02
     vertex -2.087208e+01 -1.087489e+00  1.531858e+02
   endloop
 endfacet
 facet normal  0.000000e+00  0.000000e+00 -1.000000e+00
   outer loop
     vertex -2.209375e+01 -1.305137e+00  1.531858e+02
     vertex -2.087208e+01 -1.087489e+00  1.531858e+02
     vertex -2.106538e+01 -1.318686e+00  1.531858e+02
   endloop
 endfacet
 facet normal  0.000000e+00  0.000000e+00 -1.000000e+00
   outer loop
     vertex -2.879153e+01  1.354626e+01  1.531858e+02
     vertex -2.864672e+01  1.351017e+01  1.531858e+02
     vertex -2.851113e+01  1.344781e+01  1.531858e+02
   endloop
 endfacet
 facet normal  0.000000e+00  0.000000e+00 -1.000000e+00
   outer loop
     vertex -2.879153e+01  1.354626e+01  1.531858e+02
     vertex -2.851113e+01  1.344781e+01  1.531858e+02
     vertex -2.838949e+01  1.336135e+01  1.531858e+02
   endloop
 endfacet
 facet normal  0.000000e+00  0.000000e+00 -1.000000e+00
   outer loop
     vertex -2.894052e+01  1.355483e+01  1.531858e+02
     vertex -2.879153e+01  1.354626e+01  1.531858e+02
     vertex -2.838949e+01  1.336135e+01  1.531858e+02
   endloop
 endfacet
 facet normal  0.000000e+00  0.000000e+00 -1.000000e+00
   outer loop
     vertex -2.908851e+01  1.353557e+01  1.531858e+02
     vertex -2.894052e+01  1.355483e+01  1.531858e+02
     vertex -2.838949e+01  1.336135e+01  1.531858e+02
   endloop
 endfacet
 facet normal  0.000000e+00  0.000000e+00 -1.000000e+00
   outer loop
     vertex -2.923035e+01  1.348917e+01  1.531858e+02
     vertex -2.908851e+01  1.353557e+01  1.531858e+02
     vertex -2.838949e+01  1.336135e+01  1.531858e+02
   endloop
 endfacet
 facet normal  0.000000e+00  0.000000e+00 -1.000000e+00
   outer loop
     vertex -2.947622e+01  1.332225e+01  1.531858e+02
     vertex -2.936110e+01  1.341722e+01  1.531858e+02
     vertex -2.923035e+01  1.348917e+01  1.531858e+02
   endloop
 endfacet
 facet normal  0.000000e+00  0.000000e+00 -1.000000e+00
   outer loop
     vertex -2.947622e+01  1.332225e+01  1.531858e+02
     vertex -2.923035e+01  1.348917e+01  1.531858e+02
     vertex -2.838949e+01  1.336135e+01  1.531858e+02
   endloop
 endfacet
 facet normal  0.000000e+00  0.000000e+00 -1.000000e+00
   outer loop
     vertex -2.964419e+01  1.307710e+01  1.531858e+02
     vertex -2.957169e+01  1.320754e+01  1.531858e+02
     vertex -2.947622e+01  1.332225e+01  1.531858e+02
   endloop
 endfacet
 facet normal  0.000000e+00  0.000000e+00 -1.000000e+00
   outer loop
     vertex -2.969121e+01  1.293546e+01  1.531858e+02
     vertex -2.947622e+01  1.332225e+01  1.531858e+02
     vertex -2.838949e+01  1.336135e+01  1.531858e+02
   endloop
 endfacet
 facet normal  0.000000e+00  0.000000e+00 -1.000000e+00
   outer loop
     vertex -2.969121e+01  1.293546e+01  1.531858e+02
     vertex -2.964419e+01  1.307710e+01  1.531858e+02
     vertex -2.947622e+01  1.332225e+01  1.531858e+02
   endloop
 endfacet
 facet normal  0.000000e+00  0.000000e+00 -1.000000e+00
   outer loop
     vertex -2.993544e+01  1.216719e+01  1.531858e+02
     vertex -2.969121e+01  1.293546e+01  1.531858e+02
     vertex -2.838949e+01  1.336135e+01  1.531858e+02
   endloop
 endfacet
 facet normal  0.000000e+00  0.000000e+00 -1.000000e+00
   outer loop
     vertex -3.029996e+01  1.144815e+01  1.531858e+02
     vertex -2.993544e+01  1.216719e+01  1.531858e+02
     vertex -2.838949e+01  1.336135e+01  1.531858e+02
   endloop
 endfacet
 facet normal  0.000000e+00  0.000000e+00 -1.000000e+00
   outer loop
     vertex -3.029996e+01  1.144815e+01  1.531858e+02
     vertex -2.838949e+01  1.336135e+01  1.531858e+02
     vertex -1.752398e+01  3.997431e+00  1.531858e+02
   endloop
 endfacet
 facet normal  0.000000e+00  0.000000e+00 -1.000000e+00
   outer loop
     vertex -3.077529e+01  1.079704e+01  1.531858e+02
     vertex -1.994631e+01  3.410085e-01  1.531858e+02
     vertex -2.209375e+01 -1.305137e+00  1.531858e+02
   endloop
 endfacet
 facet normal  0.000000e+00  0.000000e+00 -1.000000e+00
   outer loop
     vertex -3.077529e+01  1.079704e+01  1.531858e+02
     vertex -1.883504e+01  1.630481e+00  1.531858e+02
     vertex -1.994631e+01  3.410085e-01  1.531858e+02
   endloop
 endfacet
 facet normal  0.000000e+00  0.000000e+00 -1.000000e+00
   outer loop
     vertex -3.077529e+01  1.079704e+01  1.531858e+02
     vertex -3.029996e+01  1.144815e+01  1.531858e+02
     vertex -1.752398e+01  3.997431e+00  1.531858e+02
   endloop
 endfacet
 facet normal  0.000000e+00  0.000000e+00 -1.000000e+00
   outer loop
     vertex -3.077529e+01  1.079704e+01  1.531858e+02
     vertex -1.752398e+01  3.997431e+00  1.531858e+02
     vertex -1.883504e+01  1.630481e+00  1.531858e+02
   endloop
 endfacet
 facet normal  0.000000e+00  0.000000e+00 -1.000000e+00
   outer loop
     vertex -3.134909e+01  1.023079e+01  1.531858e+02
     vertex -3.077529e+01  1.079704e+01  1.531858e+02
     vertex -2.209375e+01 -1.305137e+00  1.531858e+02
   endloop
 endfacet
 facet normal  0.000000e+00  0.000000e+00 -1.000000e+00
   outer loop
     vertex -3.295926e+01  8.058786e+00  1.531858e+02
     vertex -3.273022e+01  9.409121e+00  1.531858e+02
     vertex -3.200642e+01  9.764101e+00  1.531858e+02
   endloop
 endfacet
 facet normal  0.000000e+00  0.000000e+00 -1.000000e+00
   outer loop
     vertex -3.295926e+01  8.058786e+00  1.531858e+02
     vertex -3.200642e+01  9.764101e+00  1.531858e+02
     vertex -3.134909e+01  1.023079e+01  1.531858e+02
   endloop
 endfacet
 facet normal  0.000000e+00  0.000000e+00 -1.000000e+00
   outer loop
     vertex -3.295926e+01  8.058786e+00  1.531858e+02
     vertex -3.134909e+01  1.023079e+01  1.531858e+02
     vertex -2.209375e+01 -1.305137e+00  1.531858e+02
   endloop
 endfacet
 facet normal  0.000000e+00  0.000000e+00 -1.000000e+00
   outer loop
     vertex -3.306273e+01  8.166333e+00  1.531858e+02
     vertex -3.273022e+01  9.409121e+00  1.531858e+02
     vertex -3.295926e+01  8.058786e+00  1.531858e+02
   endloop
 endfacet
 facet normal  0.000000e+00  0.000000e+00 -1.000000e+00
   outer loop
     vertex -3.315796e+01  9.011503e+00  1.531858e+02
     vertex -3.308102e+01  9.139379e+00  1.531858e+02
     vertex -3.298167e+01  9.250739e+00  1.531858e+02
   endloop
 endfacet
 facet normal  0.000000e+00  0.000000e+00 -1.000000e+00
   outer loop
     vertex -3.314442e+01  8.291225e+00  1.531858e+02
     vertex -3.298167e+01  9.250739e+00  1.531858e+02
     vertex -3.286336e+01  9.341708e+00  1.531858e+02
   endloop
 endfacet
 facet normal  0.000000e+00  0.000000e+00 -1.000000e+00
   outer loop
     vertex -3.314442e+01  8.291225e+00  1.531858e+02
     vertex -3.286336e+01  9.341708e+00  1.531858e+02
     vertex -3.273022e+01  9.409121e+00  1.531858e+02
   endloop
 endfacet
 facet normal  0.000000e+00  0.000000e+00 -1.000000e+00
   outer loop
     vertex -3.314442e+01  8.291225e+00  1.531858e+02
     vertex -3.315796e+01  9.011503e+00  1.531858e+02
     vertex -3.298167e+01  9.250739e+00  1.531858e+02
   endloop
 endfacet
 facet normal  0.000000e+00  0.000000e+00 -1.000000e+00
   outer loop
     vertex -3.314442e+01  8.291225e+00  1.531858e+02
     vertex -3.273022e+01  9.409121e+00  1.531858e+02
     vertex -3.306273e+01  8.166333e+00  1.531858e+02
   endloop
 endfacet
 facet normal  0.000000e+00  0.000000e+00 -1.000000e+00
   outer loop
     vertex -3.320150e+01  8.429118e+00  1.531858e+02
     vertex -3.315796e+01  9.011503e+00  1.531858e+02
     vertex -3.314442e+01  8.291225e+00  1.531858e+02
   endloop
 endfacet
 facet normal  0.000000e+00  0.000000e+00 -1.000000e+00
   outer loop
     vertex -3.323477e+01  8.724425e+00  1.531858e+02
     vertex -3.320982e+01  8.871562e+00  1.531858e+02
     vertex -3.315796e+01  9.011503e+00  1.531858e+02
   endloop
 endfacet
 facet normal  0.000000e+00  0.000000e+00 -1.000000e+00
   outer loop
     vertex -3.323197e+01  8.575213e+00  1.531858e+02
     vertex -3.315796e+01  9.011503e+00  1.531858e+02
     vertex -3.320150e+01  8.429118e+00  1.531858e+02
   endloop
 endfacet
 facet normal  0.000000e+00  0.000000e+00 -1.000000e+00
   outer loop
     vertex -3.323197e+01  8.575213e+00  1.531858e+02
     vertex -3.323477e+01  8.724425e+00  1.531858e+02
     vertex -3.315796e+01  9.011503e+00  1.531858e+02
   endloop
 endfacet
 facet normal -7.163611e-01 -6.977297e-01  0.000000e+00
   outer loop
     vertex  1.316900e+01 -2.246991e+01  1.512858e+02
     vertex  1.307170e+01 -2.237002e+01  1.531858e+02
     vertex  1.307170e+01 -2.237002e+01  1.512858e+02
   endloop
 endfacet
 facet normal -7.163611e-01 -6.977297e-01  6.697436e-16
   outer loop
     vertex  1.316900e+01 -2.246991e+01  1.512858e+02
     vertex  1.316900e+01 -2.246991e+01  1.531858e+02
     vertex  1.307170e+01 -2.237002e+01  1.531858e+02
   endloop
 endfacet
 facet normal -8.266374e-01 -5.627349e-01  0.000000e+00
   outer loop
     vertex  1.324747e+01 -2.258519e+01  1.512858e+02
     vertex  1.324747e+01 -2.258519e+01  1.531858e+02
     vertex  1.316900e+01 -2.246991e+01  1.531858e+02
   endloop
 endfacet
 facet normal -8.266374e-01 -5.627349e-01  7.725786e-16
   outer loop
     vertex  1.324747e+01 -2.258519e+01  1.512858e+02
     vertex  1.316900e+01 -2.246991e+01  1.531858e+02
     vertex  1.316900e+01 -2.246991e+01  1.512858e+02
   endloop
 endfacet
 facet normal -9.117969e-01 -4.106416e-01  8.524614e-16
   outer loop
     vertex  1.330474e+01 -2.271234e+01  1.512858e+02
     vertex  1.330474e+01 -2.271234e+01  1.531858e+02
     vertex  1.324747e+01 -2.258519e+01  1.531858e+02
   endloop
 endfacet
 facet normal -9.117969e-01 -4.106416e-01  0.000000e+00
   outer loop
     vertex  1.330474e+01 -2.271234e+01  1.512858e+02
     vertex  1.324747e+01 -2.258519e+01  1.531858e+02
     vertex  1.324747e+01 -2.258519e+01  1.512858e+02
   endloop
 endfacet
 facet normal -9.692518e-01 -2.460711e-01  9.061774e-16
   outer loop
     vertex  1.333905e+01 -2.284750e+01  1.512858e+02
     vertex  1.333905e+01 -2.284750e+01  1.531858e+02
     vertex  1.330474e+01 -2.271234e+01  1.531858e+02
   endloop
 endfacet
 facet normal -9.692518e-01 -2.460711e-01  9.067978e-16
   outer loop
     vertex  1.333905e+01 -2.284750e+01  1.512858e+02
     vertex  1.330474e+01 -2.271234e+01  1.531858e+02
     vertex  1.330474e+01 -2.271234e+01  1.512858e+02
   endloop
 endfacet
 facet normal -9.972565e-01 -7.402397e-02  0.000000e+00
   outer loop
     vertex  1.334937e+01 -2.298657e+01  1.512858e+02
     vertex  1.334937e+01 -2.298657e+01  1.531858e+02
     vertex  1.333905e+01 -2.284750e+01  1.531858e+02
   endloop
 endfacet
 facet normal -9.972565e-01 -7.402397e-02  9.321685e-16
   outer loop
     vertex  1.334937e+01 -2.298657e+01  1.512858e+02
     vertex  1.333905e+01 -2.284750e+01  1.531858e+02
     vertex  1.333905e+01 -2.284750e+01  1.512858e+02
   endloop
 endfacet
 facet normal -9.949600e-01  1.002724e-01  0.000000e+00
   outer loop
     vertex  1.333539e+01 -2.312531e+01  1.512858e+02
     vertex  1.333539e+01 -2.312531e+01  1.531858e+02
     vertex  1.334937e+01 -2.298657e+01  1.531858e+02
   endloop
 endfacet
 facet normal -9.949600e-01  1.002724e-01  0.000000e+00
   outer loop
     vertex  1.333539e+01 -2.312531e+01  1.512858e+02
     vertex  1.334937e+01 -2.298657e+01  1.531858e+02
     vertex  1.334937e+01 -2.298657e+01  1.512858e+02
   endloop
 endfacet
 facet normal -9.624322e-01  2.715220e-01 -8.998016e-16
   outer loop
     vertex  1.329753e+01 -2.325952e+01  1.512858e+02
     vertex  1.329753e+01 -2.325952e+01  1.531858e+02
     vertex  1.333539e+01 -2.312531e+01  1.531858e+02
   endloop
 endfacet
 facet normal -9.624322e-01  2.715220e-01  0.000000e+00
   outer loop
     vertex  1.329753e+01 -2.325952e+01  1.512858e+02
     vertex  1.333539e+01 -2.312531e+01  1.531858e+02
     vertex  1.333539e+01 -2.312531e+01  1.512858e+02
   endloop
 endfacet
 facet normal -9.006614e-01  4.345216e-01  0.000000e+00
   outer loop
     vertex  1.323693e+01 -2.338512e+01  1.512858e+02
     vertex  1.323693e+01 -2.338512e+01  1.531858e+02
     vertex  1.329753e+01 -2.325952e+01  1.531858e+02
   endloop
 endfacet
 facet normal -9.006614e-01  4.345216e-01 -8.413250e-16
   outer loop
     vertex  1.323693e+01 -2.338512e+01  1.512858e+02
     vertex  1.329753e+01 -2.325952e+01  1.531858e+02
     vertex  1.329753e+01 -2.325952e+01  1.512858e+02
   endloop
 endfacet
 facet normal -8.115245e-01  5.843184e-01  0.000000e+00
   outer loop
     vertex  1.315545e+01 -2.349829e+01  1.512858e+02
     vertex  1.315545e+01 -2.349829e+01  1.531858e+02
     vertex  1.323693e+01 -2.338512e+01  1.531858e+02
   endloop
 endfacet
 facet normal -8.115245e-01  5.843184e-01  0.000000e+00
   outer loop
     vertex  1.315545e+01 -2.349829e+01  1.512858e+02
     vertex  1.323693e+01 -2.338512e+01  1.531858e+02
     vertex  1.323693e+01 -2.338512e+01  1.512858e+02
   endloop
 endfacet
 facet normal -9.530052e-01  3.029538e-01  0.000000e+00
   outer loop
     vertex  9.764579e+00 -2.736961e+01  1.512858e+02
     vertex  9.803656e+00 -2.724669e+01  1.531858e+02
     vertex  9.803656e+00 -2.724669e+01  1.512858e+02
   endloop
 endfacet
 facet normal -9.530052e-01  3.029538e-01  0.000000e+00
   outer loop
     vertex  9.764579e+00 -2.736961e+01  1.512858e+02
     vertex  9.764579e+00 -2.736961e+01  1.531858e+02
     vertex  9.803656e+00 -2.724669e+01  1.531858e+02
   endloop
 endfacet
 facet normal -8.919317e-01  4.521702e-01  0.000000e+00
   outer loop
     vertex  9.706256e+00 -2.748466e+01  1.512858e+02
     vertex  9.706256e+00 -2.748466e+01  1.531858e+02
     vertex  9.764579e+00 -2.736961e+01  1.531858e+02
   endloop
 endfacet
 facet normal -8.919317e-01  4.521702e-01  0.000000e+00
   outer loop
     vertex  9.706256e+00 -2.748466e+01  1.512858e+02
     vertex  9.764579e+00 -2.736961e+01  1.531858e+02
     vertex  9.764579e+00 -2.736961e+01  1.512858e+02
   endloop
 endfacet
 facet normal -8.076720e-01  5.896321e-01  0.000000e+00
   outer loop
     vertex  9.630203e+00 -2.758884e+01  1.512858e+02
     vertex  9.630203e+00 -2.758884e+01  1.531858e+02
     vertex  9.706256e+00 -2.748466e+01  1.531858e+02
   endloop
 endfacet
 facet normal -8.076720e-01  5.896321e-01  0.000000e+00
   outer loop
     vertex  9.630203e+00 -2.758884e+01  1.512858e+02
     vertex  9.706256e+00 -2.748466e+01  1.531858e+02
     vertex  9.706256e+00 -2.748466e+01  1.512858e+02
   endloop
 endfacet
 facet normal  8.277900e-01 -5.610380e-01  0.000000e+00
   outer loop
     vertex  9.845276e-01 -1.322374e+01  1.512858e+02
     vertex  1.064101e+00 -1.310634e+01  1.531858e+02
     vertex  9.845276e-01 -1.322374e+01  1.531858e+02
   endloop
 endfacet
 facet normal  7.157061e-01 -6.984016e-01 -4.856700e-16
   outer loop
     vertex  1.064101e+00 -1.310634e+01  1.512858e+02
     vertex  1.163156e+00 -1.300483e+01  1.531858e+02
     vertex  1.064101e+00 -1.310634e+01  1.531858e+02
   endloop
 endfacet
 facet normal  8.277900e-01 -5.610380e-01 -3.310480e-16
   outer loop
     vertex  1.064101e+00 -1.310634e+01  1.512858e+02
     vertex  1.064101e+00 -1.310634e+01  1.531858e+02
     vertex  9.845276e-01 -1.322374e+01  1.512858e+02
   endloop
 endfacet
 facet normal  5.811264e-01 -8.138133e-01 -5.571131e-16
   outer loop
     vertex  1.163156e+00 -1.300483e+01  1.512858e+02
     vertex  1.278580e+00 -1.292240e+01  1.531858e+02
     vertex  1.163156e+00 -1.300483e+01  1.531858e+02
   endloop
 endfacet
 facet normal  7.157061e-01 -6.984016e-01 -4.020286e-16
   outer loop
     vertex  1.163156e+00 -1.300483e+01  1.512858e+02
     vertex  1.163156e+00 -1.300483e+01  1.531858e+02
     vertex  1.064101e+00 -1.310634e+01  1.512858e+02
   endloop
 endfacet
 facet normal  4.282810e-01 -9.036456e-01  2.002052e-16
   outer loop
     vertex  1.278580e+00 -1.292240e+01  1.512858e+02
     vertex  1.406746e+00 -1.286166e+01  1.531858e+02
     vertex  1.278580e+00 -1.292240e+01  1.531858e+02
   endloop
 endfacet
 facet normal  5.811264e-01 -8.138133e-01  2.716547e-16
   outer loop
     vertex  1.278580e+00 -1.292240e+01  1.512858e+02
     vertex  1.278580e+00 -1.292240e+01  1.531858e+02
     vertex  1.163156e+00 -1.300483e+01  1.512858e+02
   endloop
 endfacet
 facet normal  2.619741e-01 -9.650749e-01  1.530788e-16
   outer loop
     vertex  1.406746e+00 -1.286166e+01  1.512858e+02
     vertex  1.543624e+00 -1.282450e+01  1.531858e+02
     vertex  1.406746e+00 -1.286166e+01  1.531858e+02
   endloop
 endfacet
 facet normal  4.282810e-01 -9.036456e-01  2.502566e-16
   outer loop
     vertex  1.406746e+00 -1.286166e+01  1.512858e+02
     vertex  1.406746e+00 -1.286166e+01  1.531858e+02
     vertex  1.278580e+00 -1.292240e+01  1.512858e+02
   endloop
 endfacet
 facet normal  8.743293e-02 -9.961704e-01  4.087160e-17
   outer loop
     vertex  1.543624e+00 -1.282450e+01  1.512858e+02
     vertex  1.684912e+00 -1.281210e+01  1.531858e+02
     vertex  1.543624e+00 -1.282450e+01  1.531858e+02
   endloop
 endfacet
 facet normal  2.619741e-01 -9.650749e-01  1.224630e-16
   outer loop
     vertex  1.543624e+00 -1.282450e+01  1.512858e+02
     vertex  1.543624e+00 -1.282450e+01  1.531858e+02
     vertex  1.406746e+00 -1.286166e+01  1.512858e+02
   endloop
 endfacet
 facet normal -8.985640e-02 -9.959547e-01 -5.250560e-17
   outer loop
     vertex  1.684912e+00 -1.281210e+01  1.512858e+02
     vertex  1.826170e+00 -1.282485e+01  1.531858e+02
     vertex  1.684912e+00 -1.281210e+01  1.531858e+02
   endloop
 endfacet
 facet normal  8.743293e-02 -9.961704e-01  5.108950e-17
   outer loop
     vertex  1.684912e+00 -1.281210e+01  1.512858e+02
     vertex  1.684912e+00 -1.281210e+01  1.531858e+02
     vertex  1.543624e+00 -1.282450e+01  1.512858e+02
   endloop
 endfacet
 facet normal -2.643214e-01 -9.644346e-01 -1.235603e-16
   outer loop
     vertex  1.826170e+00 -1.282485e+01  1.512858e+02
     vertex  1.962957e+00 -1.286234e+01  1.531858e+02
     vertex  1.826170e+00 -1.282485e+01  1.531858e+02
   endloop
 endfacet
 facet normal -8.985640e-02 -9.959547e-01 -4.200448e-17
   outer loop
     vertex  1.826170e+00 -1.282485e+01  1.512858e+02
     vertex  1.826170e+00 -1.282485e+01  1.531858e+02
     vertex  1.684912e+00 -1.281210e+01  1.512858e+02
   endloop
 endfacet
 facet normal -4.304784e-01 -9.026009e-01 -2.515405e-16
   outer loop
     vertex  1.962957e+00 -1.286234e+01  1.512858e+02
     vertex  2.090975e+00 -1.292339e+01  1.531858e+02
     vertex  1.962957e+00 -1.286234e+01  1.531858e+02
   endloop
 endfacet
 facet normal -2.643214e-01 -9.644346e-01 -1.544504e-16
   outer loop
     vertex  1.962957e+00 -1.286234e+01  1.512858e+02
     vertex  1.962957e+00 -1.286234e+01  1.531858e+02
     vertex  1.826170e+00 -1.282485e+01  1.512858e+02
   endloop
 endfacet
 facet normal -5.831047e-01 -8.123970e-01 -2.725795e-16
   outer loop
     vertex  2.090975e+00 -1.292339e+01  1.512858e+02
     vertex  2.206198e+00 -1.300610e+01  1.531858e+02
     vertex  2.090975e+00 -1.292339e+01  1.531858e+02
   endloop
 endfacet
 facet normal -4.304784e-01 -9.026009e-01 -2.012324e-16
   outer loop
     vertex  2.090975e+00 -1.292339e+01  1.512858e+02
     vertex  2.090975e+00 -1.292339e+01  1.531858e+02
     vertex  1.962957e+00 -1.286234e+01  1.512858e+02
   endloop
 endfacet
 facet normal -5.831047e-01 -8.123970e-01  0.000000e+00
   outer loop
     vertex  2.206198e+00 -1.300610e+01  1.512858e+02
     vertex  2.206198e+00 -1.300610e+01  1.531858e+02
     vertex  2.090975e+00 -1.292339e+01  1.512858e+02
   endloop
 endfacet
 facet normal  7.174032e-01  6.966582e-01  0.000000e+00
   outer loop
     vertex -2.462378e+00 -1.820691e+01  1.512858e+02
     vertex -2.363569e+00 -1.830866e+01  1.531858e+02
     vertex -2.363569e+00 -1.830866e+01  1.512858e+02
   endloop
 endfacet
 facet normal  7.174032e-01  6.966582e-01  5.030385e-16
   outer loop
     vertex -2.462378e+00 -1.820691e+01  1.512858e+02
     vertex -2.462378e+00 -1.820691e+01  1.531858e+02
     vertex -2.363569e+00 -1.830866e+01  1.531858e+02
   endloop
 endfacet
 facet normal  8.291526e-01  5.590223e-01  3.875976e-16
   outer loop
     vertex -2.541665e+00 -1.808931e+01  1.512858e+02
     vertex -2.541665e+00 -1.808931e+01  1.531858e+02
     vertex -2.462378e+00 -1.820691e+01  1.531858e+02
   endloop
 endfacet
 facet normal  8.291526e-01  5.590223e-01  5.793570e-16
   outer loop
     vertex -2.541665e+00 -1.808931e+01  1.512858e+02
     vertex -2.462378e+00 -1.820691e+01  1.531858e+02
     vertex -2.462378e+00 -1.820691e+01  1.512858e+02
   endloop
 endfacet
 facet normal  9.148404e-01  4.038155e-01 -5.412474e-16
   outer loop
     vertex -2.598938e+00 -1.795956e+01  1.512858e+02
     vertex -2.598938e+00 -1.795956e+01  1.531858e+02
     vertex -2.541665e+00 -1.808931e+01  1.531858e+02
   endloop
 endfacet
 facet normal  9.148404e-01  4.038155e-01  4.280804e-16
   outer loop
     vertex -2.598938e+00 -1.795956e+01  1.512858e+02
     vertex -2.541665e+00 -1.808931e+01  1.531858e+02
     vertex -2.541665e+00 -1.808931e+01  1.512858e+02
   endloop
 endfacet
 facet normal  9.717734e-01  2.359162e-01  2.271337e-16
   outer loop
     vertex -2.632399e+00 -1.782173e+01  1.512858e+02
     vertex -2.632399e+00 -1.782173e+01  1.531858e+02
     vertex -2.598938e+00 -1.795956e+01  1.531858e+02
   endloop
 endfacet
 facet normal  9.717734e-01  2.359162e-01 -2.156495e-16
   outer loop
     vertex -2.632399e+00 -1.782173e+01  1.512858e+02
     vertex -2.598938e+00 -1.795956e+01  1.531858e+02
     vertex -2.598938e+00 -1.795956e+01  1.512858e+02
   endloop
 endfacet
 facet normal  9.981620e-01  6.060161e-02 -0.000000e+00
   outer loop
     vertex -2.640994e+00 -1.768016e+01  1.512858e+02
     vertex -2.640994e+00 -1.768016e+01  1.531858e+02
     vertex -2.632399e+00 -1.782173e+01  1.531858e+02
   endloop
 endfacet
 facet normal  9.981620e-01  6.060161e-02  2.333521e-16
   outer loop
     vertex -2.640994e+00 -1.768016e+01  1.512858e+02
     vertex -2.632399e+00 -1.782173e+01  1.531858e+02
     vertex -2.632399e+00 -1.782173e+01  1.512858e+02
   endloop
 endfacet
 facet normal  9.931769e-01 -1.166178e-01  0.000000e+00
   outer loop
     vertex -2.624454e+00 -1.753930e+01  1.512858e+02
     vertex -2.624454e+00 -1.753930e+01  1.531858e+02
     vertex -2.640994e+00 -1.768016e+01  1.531858e+02
   endloop
 endfacet
 facet normal  9.931769e-01 -1.166178e-01  0.000000e+00
   outer loop
     vertex -2.624454e+00 -1.753930e+01  1.512858e+02
     vertex -2.640994e+00 -1.768016e+01  1.531858e+02
     vertex -2.640994e+00 -1.768016e+01  1.512858e+02
   endloop
 endfacet
 facet normal  9.569746e-01 -2.901716e-01  0.000000e+00
   outer loop
     vertex -2.583298e+00 -1.740357e+01  1.512858e+02
     vertex -2.583298e+00 -1.740357e+01  1.531858e+02
     vertex -2.624454e+00 -1.753930e+01  1.531858e+02
   endloop
 endfacet
 facet normal  9.569746e-01 -2.901716e-01  0.000000e+00
   outer loop
     vertex -2.583298e+00 -1.740357e+01  1.512858e+02
     vertex -2.624454e+00 -1.753930e+01  1.531858e+02
     vertex -2.624454e+00 -1.753930e+01  1.512858e+02
   endloop
 endfacet
 facet normal  8.906932e-01 -4.546050e-01  0.000000e+00
   outer loop
     vertex -2.518821e+00 -1.727724e+01  1.512858e+02
     vertex -2.518821e+00 -1.727724e+01  1.531858e+02
     vertex -2.583298e+00 -1.740357e+01  1.531858e+02
   endloop
 endfacet
 facet normal  7.964158e-01 -6.047494e-01  0.000000e+00
   outer loop
     vertex -2.518821e+00 -1.727724e+01  1.512858e+02
     vertex -2.433048e+00 -1.716428e+01  1.531858e+02
     vertex -2.518821e+00 -1.727724e+01  1.531858e+02
   endloop
 endfacet
 facet normal  8.906932e-01 -4.546050e-01  0.000000e+00
   outer loop
     vertex -2.518821e+00 -1.727724e+01  1.512858e+02
     vertex -2.583298e+00 -1.740357e+01  1.531858e+02
     vertex -2.583298e+00 -1.740357e+01  1.512858e+02
   endloop
 endfacet
 facet normal  6.771059e-01 -7.358856e-01  1.582608e-16
   outer loop
     vertex -2.433048e+00 -1.716428e+01  1.512858e+02
     vertex -2.328677e+00 -1.706825e+01  1.531858e+02
     vertex -2.433048e+00 -1.716428e+01  1.531858e+02
   endloop
 endfacet
 facet normal  7.964158e-01 -6.047494e-01  1.861472e-16
   outer loop
     vertex -2.433048e+00 -1.716428e+01  1.512858e+02
     vertex -2.433048e+00 -1.716428e+01  1.531858e+02
     vertex -2.518821e+00 -1.727724e+01  1.512858e+02
   endloop
 endfacet
 facet normal  6.771059e-01 -7.358856e-01  0.000000e+00
   outer loop
     vertex -2.328677e+00 -1.706825e+01  1.512858e+02
     vertex -2.328677e+00 -1.706825e+01  1.531858e+02
     vertex -2.433048e+00 -1.716428e+01  1.512858e+02
   endloop
 endfacet
 facet normal -7.163611e-01 -6.977297e-01  0.000000e+00
   outer loop
     vertex -1.742669e+01  3.897535e+00  1.512858e+02
     vertex -1.752398e+01  3.997431e+00  1.531858e+02
     vertex -1.752398e+01  3.997431e+00  1.512858e+02
   endloop
 endfacet
 facet normal -7.163611e-01 -6.977297e-01  9.784871e-16
   outer loop
     vertex -1.742669e+01  3.897535e+00  1.512858e+02
     vertex -1.742669e+01  3.897535e+00  1.531858e+02
     vertex -1.752398e+01  3.997431e+00  1.531858e+02
   endloop
 endfacet
 facet normal -8.266374e-01 -5.627349e-01  2.334860e-15
   outer loop
     vertex -1.734821e+01  3.782261e+00  1.512858e+02
     vertex -1.734821e+01  3.782261e+00  1.531858e+02
     vertex -1.742669e+01  3.897535e+00  1.531858e+02
   endloop
 endfacet
 facet normal -8.266374e-01 -5.627349e-01  7.922204e-16
   outer loop
     vertex -1.734821e+01  3.782261e+00  1.512858e+02
     vertex -1.742669e+01  3.897535e+00  1.531858e+02
     vertex -1.742669e+01  3.897535e+00  1.512858e+02
   endloop
 endfacet
 facet normal -9.117969e-01 -4.106416e-01  2.280801e-15
   outer loop
     vertex -1.729095e+01  3.655112e+00  1.512858e+02
     vertex -1.729095e+01  3.655112e+00  1.531858e+02
     vertex -1.734821e+01  3.782261e+00  1.531858e+02
   endloop
 endfacet
 facet normal -9.117969e-01 -4.106416e-01  2.281726e-15
   outer loop
     vertex -1.729095e+01  3.655112e+00  1.512858e+02
     vertex -1.734821e+01  3.782261e+00  1.531858e+02
     vertex -1.734821e+01  3.782261e+00  1.512858e+02
   endloop
 endfacet
 facet normal -9.692518e-01 -2.460711e-01  3.450870e-16
   outer loop
     vertex -1.725664e+01  3.519950e+00  1.512858e+02
     vertex -1.725664e+01  3.519950e+00  1.531858e+02
     vertex -1.729095e+01  3.655112e+00  1.531858e+02
   endloop
 endfacet
 facet normal -9.692518e-01 -2.460711e-01  2.157328e-15
   outer loop
     vertex -1.725664e+01  3.519950e+00  1.512858e+02
     vertex -1.729095e+01  3.655112e+00  1.531858e+02
     vertex -1.729095e+01  3.655112e+00  1.512858e+02
   endloop
 endfacet
 facet normal -9.972565e-01 -7.402397e-02  1.968530e-15
   outer loop
     vertex -1.724631e+01  3.380884e+00  1.512858e+02
     vertex -1.724631e+01  3.380884e+00  1.531858e+02
     vertex -1.725664e+01  3.519950e+00  1.531858e+02
   endloop
 endfacet
 facet normal -9.972565e-01 -7.402397e-02  1.031196e-16
   outer loop
     vertex -1.724631e+01  3.380884e+00  1.512858e+02
     vertex -1.725664e+01  3.519950e+00  1.531858e+02
     vertex -1.725664e+01  3.519950e+00  1.512858e+02
   endloop
 endfacet
 facet normal -9.949600e-01  1.002724e-01  1.743241e-15
   outer loop
     vertex -1.726030e+01  3.242137e+00  1.512858e+02
     vertex -1.726030e+01  3.242137e+00  1.531858e+02
     vertex -1.724631e+01  3.380884e+00  1.531858e+02
   endloop
 endfacet
 facet normal -9.949600e-01  1.002724e-01  1.720297e-15
   outer loop
     vertex -1.726030e+01  3.242137e+00  1.512858e+02
     vertex -1.724631e+01  3.380884e+00  1.531858e+02
     vertex -1.724631e+01  3.380884e+00  1.512858e+02
   endloop
 endfacet
 facet normal -9.624322e-01  2.715220e-01  1.609214e-15
   outer loop
     vertex -1.729816e+01  3.107927e+00  1.512858e+02
     vertex -1.729816e+01  3.107927e+00  1.531858e+02
     vertex -1.726030e+01  3.242137e+00  1.531858e+02
   endloop
 endfacet
 facet normal -9.624322e-01  2.715220e-01  1.482958e-15
   outer loop
     vertex -1.729816e+01  3.107927e+00  1.512858e+02
     vertex -1.726030e+01  3.242137e+00  1.531858e+02
     vertex -1.726030e+01  3.242137e+00  1.512858e+02
   endloop
 endfacet
 facet normal -9.006614e-01  4.345216e-01  1.480979e-15
   outer loop
     vertex -1.735875e+01  2.982330e+00  1.512858e+02
     vertex -1.735875e+01  2.982330e+00  1.531858e+02
     vertex -1.729816e+01  3.107927e+00  1.531858e+02
   endloop
 endfacet
 facet normal -8.115245e-01  5.843184e-01  1.244282e-15
   outer loop
     vertex -1.735875e+01  2.982330e+00  1.512858e+02
     vertex -1.744024e+01  2.869164e+00  1.531858e+02
     vertex -1.735875e+01  2.982330e+00  1.531858e+02
   endloop
 endfacet
 facet normal -9.006614e-01  4.345216e-01  1.378202e-15
   outer loop
     vertex -1.735875e+01  2.982330e+00  1.512858e+02
     vertex -1.729816e+01  3.107927e+00  1.531858e+02
     vertex -1.729816e+01  3.107927e+00  1.512858e+02
   endloop
 endfacet
 facet normal -8.115245e-01  5.843184e-01  0.000000e+00
   outer loop
     vertex -1.744024e+01  2.869164e+00  1.512858e+02
     vertex -1.744024e+01  2.869164e+00  1.531858e+02
     vertex -1.735875e+01  2.982330e+00  1.512858e+02
   endloop
 endfacet
 facet normal -8.572202e-01  5.149501e-01  0.000000e+00
   outer loop
     vertex -2.090015e+01 -1.134211e+00  1.512858e+02
     vertex -2.087208e+01 -1.087489e+00  1.531858e+02
     vertex -2.087208e+01 -1.087489e+00  1.512858e+02
   endloop
 endfacet
 facet normal -8.572202e-01  5.149501e-01  8.216577e-17
   outer loop
     vertex -2.090015e+01 -1.134211e+00  1.512858e+02
     vertex -2.090015e+01 -1.134211e+00  1.531858e+02
     vertex -2.087208e+01 -1.087489e+00  1.531858e+02
   endloop
 endfacet
 facet normal -8.201677e-01  5.721232e-01  4.096182e-16
   outer loop
     vertex -2.093133e+01 -1.178913e+00  1.512858e+02
     vertex -2.093133e+01 -1.178913e+00  1.531858e+02
     vertex -2.090015e+01 -1.134211e+00  1.531858e+02
   endloop
 endfacet
 facet normal -8.201677e-01  5.721232e-01  3.392155e-16
   outer loop
     vertex -2.093133e+01 -1.178913e+00  1.512858e+02
     vertex -2.090015e+01 -1.134211e+00  1.531858e+02
     vertex -2.090015e+01 -1.134211e+00  1.512858e+02
   endloop
 endfacet
 facet normal -7.793083e-01  6.266407e-01  0.000000e+00
   outer loop
     vertex -2.096548e+01 -1.221388e+00  1.512858e+02
     vertex -2.096548e+01 -1.221388e+00  1.531858e+02
     vertex -2.093133e+01 -1.178913e+00  1.531858e+02
   endloop
 endfacet
 facet normal -7.793083e-01  6.266407e-01  8.941051e-16
   outer loop
     vertex -2.096548e+01 -1.221388e+00  1.512858e+02
     vertex -2.093133e+01 -1.178913e+00  1.531858e+02
     vertex -2.093133e+01 -1.178913e+00  1.512858e+02
   endloop
 endfacet
 facet normal  9.490789e-01 -3.150385e-01  0.000000e+00
   outer loop
     vertex -2.964419e+01  1.307710e+01  1.512858e+02
     vertex -2.969121e+01  1.293546e+01  1.531858e+02
     vertex -2.969121e+01  1.293546e+01  1.512858e+02
   endloop
 endfacet
 facet normal  9.490789e-01 -3.150385e-01  1.774634e-15
   outer loop
     vertex -2.964419e+01  1.307710e+01  1.512858e+02
     vertex -2.964419e+01  1.307710e+01  1.531858e+02
     vertex -2.969121e+01  1.293546e+01  1.531858e+02
   endloop
 endfacet
 facet normal  8.740512e-01 -4.858338e-01  0.000000e+00
   outer loop
     vertex -2.957169e+01  1.320754e+01  1.512858e+02
     vertex -2.957169e+01  1.320754e+01  1.531858e+02
     vertex -2.964419e+01  1.307710e+01  1.531858e+02
   endloop
 endfacet
 facet normal  8.740512e-01 -4.858338e-01  1.633456e-15
   outer loop
     vertex -2.957169e+01  1.320754e+01  1.512858e+02
     vertex -2.964419e+01  1.307710e+01  1.531858e+02
     vertex -2.964419e+01  1.307710e+01  1.512858e+02
   endloop
 endfacet
 facet normal  7.686065e-01 -6.397219e-01  0.000000e+00
   outer loop
     vertex -2.947622e+01  1.332225e+01  1.512858e+02
     vertex -2.947622e+01  1.332225e+01  1.531858e+02
     vertex -2.957169e+01  1.320754e+01  1.531858e+02
   endloop
 endfacet
 facet normal  7.686065e-01 -6.397219e-01  0.000000e+00
   outer loop
     vertex -2.947622e+01  1.332225e+01  1.512858e+02
     vertex -2.957169e+01  1.320754e+01  1.531858e+02
     vertex -2.957169e+01  1.320754e+01  1.512858e+02
   endloop
 endfacet
 facet normal  6.364140e-01 -7.713476e-01  0.000000e+00
   outer loop
     vertex -2.936110e+01  1.341722e+01  1.512858e+02
     vertex -2.936110e+01  1.341722e+01  1.531858e+02
     vertex -2.947622e+01  1.332225e+01  1.531858e+02
   endloop
 endfacet
 facet normal  6.364140e-01 -7.713476e-01  0.000000e+00
   outer loop
     vertex -2.936110e+01  1.341722e+01  1.512858e+02
     vertex -2.947622e+01  1.332225e+01  1.531858e+02
     vertex -2.947622e+01  1.332225e+01  1.512858e+02
   endloop
 endfacet
 facet normal  4.820743e-01 -8.761303e-01  8.191158e-16
   outer loop
     vertex -2.923035e+01  1.348917e+01  1.512858e+02
     vertex -2.923035e+01  1.348917e+01  1.531858e+02
     vertex -2.936110e+01  1.341722e+01  1.531858e+02
   endloop
 endfacet
 facet normal  4.820743e-01 -8.761303e-01  0.000000e+00
   outer loop
     vertex -2.923035e+01  1.348917e+01  1.512858e+02
     vertex -2.936110e+01  1.341722e+01  1.531858e+02
     vertex -2.936110e+01  1.341722e+01  1.512858e+02
   endloop
 endfacet
 facet normal  3.109584e-01 -9.504235e-01  8.885744e-16
   outer loop
     vertex -2.908851e+01  1.353557e+01  1.512858e+02
     vertex -2.908851e+01  1.353557e+01  1.531858e+02
     vertex -2.923035e+01  1.348917e+01  1.531858e+02
   endloop
 endfacet
 facet normal  3.109584e-01 -9.504235e-01  8.901415e-16
   outer loop
     vertex -2.908851e+01  1.353557e+01  1.512858e+02
     vertex -2.923035e+01  1.348917e+01  1.531858e+02
     vertex -2.923035e+01  1.348917e+01  1.512858e+02
   endloop
 endfacet
 facet normal  1.290210e-01 -9.916419e-01  0.000000e+00
   outer loop
     vertex -2.894052e+01  1.355483e+01  1.512858e+02
     vertex -2.894052e+01  1.355483e+01  1.531858e+02
     vertex -2.908851e+01  1.353557e+01  1.531858e+02
   endloop
 endfacet
 facet normal  1.290210e-01 -9.916419e-01  9.268483e-16
   outer loop
     vertex -2.894052e+01  1.355483e+01  1.512858e+02
     vertex -2.908851e+01  1.353557e+01  1.531858e+02
     vertex -2.908851e+01  1.353557e+01  1.512858e+02
   endloop
 endfacet
 facet normal -5.740635e-02 -9.983509e-01  9.333829e-16
   outer loop
     vertex -2.879153e+01  1.354626e+01  1.512858e+02
     vertex -2.879153e+01  1.354626e+01  1.531858e+02
     vertex -2.894052e+01  1.355483e+01  1.531858e+02
   endloop
 endfacet
 facet normal -5.740635e-02 -9.983509e-01  0.000000e+00
   outer loop
     vertex -2.879153e+01  1.354626e+01  1.512858e+02
     vertex -2.894052e+01  1.355483e+01  1.531858e+02
     vertex -2.894052e+01  1.355483e+01  1.512858e+02
   endloop
 endfacet
 facet normal -2.418359e-01 -9.703172e-01  0.000000e+00
   outer loop
     vertex -2.864672e+01  1.351017e+01  1.512858e+02
     vertex -2.864672e+01  1.351017e+01  1.531858e+02
     vertex -2.879153e+01  1.354626e+01  1.531858e+02
   endloop
 endfacet
 facet normal -2.418359e-01 -9.703172e-01  9.054360e-16
   outer loop
     vertex -2.864672e+01  1.351017e+01  1.512858e+02
     vertex -2.879153e+01  1.354626e+01  1.531858e+02
     vertex -2.879153e+01  1.354626e+01  1.512858e+02
   endloop
 endfacet
 facet normal -4.178496e-01 -9.085162e-01  1.630710e-15
   outer loop
     vertex -2.851113e+01  1.344781e+01  1.512858e+02
     vertex -2.851113e+01  1.344781e+01  1.531858e+02
     vertex -2.864672e+01  1.351017e+01  1.531858e+02
   endloop
 endfacet
 facet normal -4.178496e-01 -9.085162e-01  0.000000e+00
   outer loop
     vertex -2.851113e+01  1.344781e+01  1.512858e+02
     vertex -2.864672e+01  1.351017e+01  1.531858e+02
     vertex -2.864672e+01  1.351017e+01  1.512858e+02
   endloop
 endfacet
 facet normal -5.793220e-01 -8.150988e-01  0.000000e+00
   outer loop
     vertex -2.838949e+01  1.336135e+01  1.512858e+02
     vertex -2.838949e+01  1.336135e+01  1.531858e+02
     vertex -2.851113e+01  1.344781e+01  1.531858e+02
   endloop
 endfacet
 facet normal -5.793220e-01 -8.150988e-01  1.847579e-15
   outer loop
     vertex -2.838949e+01  1.336135e+01  1.512858e+02
     vertex -2.851113e+01  1.344781e+01  1.531858e+02
     vertex -2.851113e+01  1.344781e+01  1.512858e+02
   endloop
 endfacet
 facet normal  7.206339e-01  6.933158e-01  0.000000e+00
   outer loop
     vertex -3.306273e+01  8.166333e+00  1.512858e+02
     vertex -3.295926e+01  8.058786e+00  1.531858e+02
     vertex -3.295926e+01  8.058786e+00  1.512858e+02
   endloop
 endfacet
 facet normal  7.206339e-01  6.933158e-01 -1.944594e-15
   outer loop
     vertex -3.306273e+01  8.166333e+00  1.512858e+02
     vertex -3.306273e+01  8.166333e+00  1.531858e+02
     vertex -3.295926e+01  8.058786e+00  1.531858e+02
   endloop
 endfacet
 facet normal  8.368677e-01  5.474053e-01 -1.023565e-15
   outer loop
     vertex -3.314442e+01  8.291225e+00  1.512858e+02
     vertex -3.314442e+01  8.291225e+00  1.531858e+02
     vertex -3.306273e+01  8.166333e+00  1.531858e+02
   endloop
 endfacet
 facet normal  8.368677e-01  5.474053e-01 -1.535571e-15
   outer loop
     vertex -3.314442e+01  8.291225e+00  1.512858e+02
     vertex -3.306273e+01  8.166333e+00  1.531858e+02
     vertex -3.306273e+01  8.166333e+00  1.512858e+02
   endloop
 endfacet
 facet normal  9.239783e-01  3.824450e-01 -4.170515e-15
   outer loop
     vertex -3.320150e+01  8.429118e+00  1.512858e+02
     vertex -3.320150e+01  8.429118e+00  1.531858e+02
     vertex -3.314442e+01  8.291225e+00  1.531858e+02
   endloop
 endfacet
 facet normal  9.239783e-01  3.824450e-01 -7.157839e-16
   outer loop
     vertex -3.320150e+01  8.429118e+00  1.512858e+02
     vertex -3.314442e+01  8.291225e+00  1.531858e+02
     vertex -3.314442e+01  8.291225e+00  1.512858e+02
   endloop
 endfacet
 facet normal  9.789343e-01  2.041755e-01 -3.851808e-15
   outer loop
     vertex -3.323197e+01  8.575213e+00  1.512858e+02
     vertex -3.323197e+01  8.575213e+00  1.531858e+02
     vertex -3.320150e+01  8.429118e+00  1.531858e+02
   endloop
 endfacet
 facet normal  9.789343e-01  2.041755e-01 -4.043873e-15
   outer loop
     vertex -3.323197e+01  8.575213e+00  1.512858e+02
     vertex -3.320150e+01  8.429118e+00  1.531858e+02
     vertex -3.320150e+01  8.429118e+00  1.512858e+02
   endloop
 endfacet
 facet normal  9.998233e-01  1.880073e-02 -1.757726e-17
   outer loop
     vertex -3.323477e+01  8.724425e+00  1.512858e+02
     vertex -3.323477e+01  8.724425e+00  1.531858e+02
     vertex -3.323197e+01  8.575213e+00  1.531858e+02
   endloop
 endfacet
 facet normal  9.998233e-01  1.880073e-02 -3.756527e-15
   outer loop
     vertex -3.323477e+01  8.724425e+00  1.512858e+02
     vertex -3.323197e+01  8.575213e+00  1.531858e+02
     vertex -3.323197e+01  8.575213e+00  1.512858e+02
   endloop
 endfacet
 facet normal  9.859182e-01 -1.672283e-01  0.000000e+00
   outer loop
     vertex -3.320982e+01  8.871562e+00  1.512858e+02
     vertex -3.320982e+01  8.871562e+00  1.531858e+02
     vertex -3.323477e+01  8.724425e+00  1.531858e+02
   endloop
 endfacet
 facet normal  9.859182e-01 -1.672283e-01  1.575336e-16
   outer loop
     vertex -3.320982e+01  8.871562e+00  1.512858e+02
     vertex -3.323477e+01  8.724425e+00  1.531858e+02
     vertex -3.323477e+01  8.724425e+00  1.512858e+02
   endloop
 endfacet
 facet normal  9.377030e-01 -3.474378e-01  0.000000e+00
   outer loop
     vertex -3.315796e+01  9.011503e+00  1.512858e+02
     vertex -3.315796e+01  9.011503e+00  1.531858e+02
     vertex -3.320982e+01  8.871562e+00  1.531858e+02
   endloop
 endfacet
 facet normal  9.377030e-01 -3.474378e-01  0.000000e+00
   outer loop
     vertex -3.315796e+01  9.011503e+00  1.512858e+02
     vertex -3.320982e+01  8.871562e+00  1.531858e+02
     vertex -3.320982e+01  8.871562e+00  1.512858e+02
   endloop
 endfacet
 facet normal  8.568556e-01 -5.155564e-01 -3.204382e-15
   outer loop
     vertex -3.308102e+01  9.139379e+00  1.512858e+02
     vertex -3.308102e+01  9.139379e+00  1.531858e+02
     vertex -3.315796e+01  9.011503e+00  1.531858e+02
   endloop
 endfacet
 facet normal  8.568556e-01 -5.155564e-01  0.000000e+00
   outer loop
     vertex -3.308102e+01  9.139379e+00  1.512858e+02
     vertex -3.315796e+01  9.011503e+00  1.531858e+02
     vertex -3.315796e+01  9.011503e+00  1.512858e+02
   endloop
 endfacet
 facet normal  7.461895e-01 -6.657335e-01 -3.412935e-15
   outer loop
     vertex -3.298167e+01  9.250739e+00  1.512858e+02
     vertex -3.298167e+01  9.250739e+00  1.531858e+02
     vertex -3.308102e+01  9.139379e+00  1.531858e+02
   endloop
 endfacet
 facet normal  7.461895e-01 -6.657335e-01 -2.789722e-15
   outer loop
     vertex -3.298167e+01  9.250739e+00  1.512858e+02
     vertex -3.308102e+01  9.139379e+00  1.531858e+02
     vertex -3.308102e+01  9.139379e+00  1.512858e+02
   endloop
 endfacet
 facet normal  6.095559e-01 -7.927431e-01 -7.411550e-16
   outer loop
     vertex -3.286336e+01  9.341708e+00  1.512858e+02
     vertex -3.286336e+01  9.341708e+00  1.531858e+02
     vertex -3.298167e+01  9.250739e+00  1.531858e+02
   endloop
 endfacet
 facet normal  6.095559e-01 -7.927431e-01 -3.022199e-15
   outer loop
     vertex -3.286336e+01  9.341708e+00  1.512858e+02
     vertex -3.298167e+01  9.250739e+00  1.531858e+02
     vertex -3.298167e+01  9.250739e+00  1.512858e+02
   endloop
 endfacet
 facet normal  4.517097e-01 -8.921650e-01  0.000000e+00
   outer loop
     vertex -3.273022e+01  9.409121e+00  1.512858e+02
     vertex -3.273022e+01  9.409121e+00  1.531858e+02
     vertex -3.286336e+01  9.341708e+00  1.531858e+02
   endloop
 endfacet
 facet normal  4.517097e-01 -8.921650e-01 -8.381401e-16
   outer loop
     vertex -3.273022e+01  9.409121e+00  1.512858e+02
     vertex -3.286336e+01  9.341708e+00  1.531858e+02
     vertex -3.286336e+01  9.341708e+00  1.512858e+02
   endloop
 endfacet
 facet normal  5.749273e-01 -4.139624e-01  7.057576e-01
   outer loop
     vertex  1.238382e+01 -2.639760e+01  1.561858e+02
     vertex  1.250540e+01 -2.708120e+01  1.556858e+02
     vertex  1.276258e+01 -2.672401e+01  1.556858e+02
   endloop
 endfacet
 facet normal  6.380767e-01 -3.078383e-01  7.057576e-01
   outer loop
     vertex  1.207571e+01 -2.682551e+01  1.561858e+02
     vertex  1.231415e+01 -2.747761e+01  1.556858e+02
     vertex  1.250540e+01 -2.708120e+01  1.556858e+02
   endloop
 endfacet
 facet normal  5.749273e-01 -4.139624e-01  7.057576e-01
   outer loop
     vertex  1.207571e+01 -2.682551e+01  1.561858e+02
     vertex  1.250540e+01 -2.708120e+01  1.556858e+02
     vertex  1.238382e+01 -2.639760e+01  1.561858e+02
   endloop
 endfacet
 facet normal  6.818384e-01 -1.923607e-01  7.057576e-01
   outer loop
     vertex  1.184659e+01 -2.730042e+01  1.561858e+02
     vertex  1.219464e+01 -2.790121e+01  1.556858e+02
     vertex  1.231415e+01 -2.747761e+01  1.556858e+02
   endloop
 endfacet
 facet normal  6.380767e-01 -3.078383e-01  7.057576e-01
   outer loop
     vertex  1.184659e+01 -2.730042e+01  1.561858e+02
     vertex  1.231415e+01 -2.747761e+01  1.556858e+02
     vertex  1.207571e+01 -2.682551e+01  1.561858e+02
   endloop
 endfacet
 facet normal  7.048828e-01 -7.103832e-02  7.057576e-01
   outer loop
     vertex  1.170342e+01 -2.780791e+01  1.561858e+02
     vertex  1.215051e+01 -2.833913e+01  1.556858e+02
     vertex  1.219464e+01 -2.790121e+01  1.556858e+02
   endloop
 endfacet
 facet normal  6.818384e-01 -1.923607e-01  7.057576e-01
   outer loop
     vertex  1.170342e+01 -2.780791e+01  1.561858e+02
     vertex  1.219464e+01 -2.790121e+01  1.556858e+02
     vertex  1.184659e+01 -2.730042e+01  1.561858e+02
   endloop
 endfacet
 facet normal  7.065098e-01  5.244254e-02  7.057576e-01
   outer loop
     vertex  1.165055e+01 -2.833254e+01  1.561858e+02
     vertex  1.218309e+01 -2.877806e+01  1.556858e+02
     vertex  1.215051e+01 -2.833913e+01  1.556858e+02
   endloop
 endfacet
 facet normal  7.048828e-01 -7.103832e-02  7.057576e-01
   outer loop
     vertex  1.165055e+01 -2.833254e+01  1.561858e+02
     vertex  1.215051e+01 -2.833913e+01  1.556858e+02
     vertex  1.170342e+01 -2.780791e+01  1.561858e+02
   endloop
 endfacet
 facet normal  6.866697e-01  1.743299e-01  7.057576e-01
   outer loop
     vertex  1.168958e+01 -2.885839e+01  1.561858e+02
     vertex  1.229139e+01 -2.920466e+01  1.556858e+02
     vertex  1.218309e+01 -2.877806e+01  1.556858e+02
   endloop
 endfacet
 facet normal  7.065098e-01  5.244254e-02  7.057576e-01
   outer loop
     vertex  1.168958e+01 -2.885839e+01  1.561858e+02
     vertex  1.218309e+01 -2.877806e+01  1.556858e+02
     vertex  1.165055e+01 -2.833254e+01  1.561858e+02
   endloop
 endfacet
 facet normal  6.459656e-01  2.909204e-01  7.057576e-01
   outer loop
     vertex  1.181933e+01 -2.936947e+01  1.561858e+02
     vertex  1.247213e+01 -2.960598e+01  1.556858e+02
     vertex  1.229139e+01 -2.920466e+01  1.556858e+02
   endloop
 endfacet
 facet normal  6.866697e-01  1.743299e-01  7.057576e-01
   outer loop
     vertex  1.181933e+01 -2.936947e+01  1.561858e+02
     vertex  1.229139e+01 -2.920466e+01  1.556858e+02
     vertex  1.168958e+01 -2.885839e+01  1.561858e+02
   endloop
 endfacet
 facet normal  5.856341e-01  3.986715e-01  7.057576e-01
   outer loop
     vertex  1.203586e+01 -2.985025e+01  1.561858e+02
     vertex  1.271981e+01 -2.996981e+01  1.556858e+02
     vertex  1.247213e+01 -2.960598e+01  1.556858e+02
   endloop
 endfacet
 facet normal  6.459656e-01  2.909204e-01  7.057576e-01
   outer loop
     vertex  1.203586e+01 -2.985025e+01  1.561858e+02
     vertex  1.247213e+01 -2.960598e+01  1.556858e+02
     vertex  1.181933e+01 -2.936947e+01  1.561858e+02
   endloop
 endfacet
 facet normal  5.075085e-01  4.943090e-01  7.057576e-01
   outer loop
     vertex  1.233259e+01 -3.028613e+01  1.561858e+02
     vertex  1.302691e+01 -3.028511e+01  1.556858e+02
     vertex  1.271981e+01 -2.996981e+01  1.556858e+02
   endloop
 endfacet
 facet normal  5.856341e-01  3.986715e-01  7.057576e-01
   outer loop
     vertex  1.233259e+01 -3.028613e+01  1.561858e+02
     vertex  1.271981e+01 -2.996981e+01  1.556858e+02
     vertex  1.203586e+01 -2.985025e+01  1.561858e+02
   endloop
 endfacet
 facet normal  4.139624e-01  5.749273e-01  7.057576e-01
   outer loop
     vertex  1.270049e+01 -3.066386e+01  1.561858e+02
     vertex  1.338409e+01 -3.054229e+01  1.556858e+02
     vertex  1.302691e+01 -3.028511e+01  1.556858e+02
   endloop
 endfacet
 facet normal  5.075085e-01  4.943090e-01  7.057576e-01
   outer loop
     vertex  1.270049e+01 -3.066386e+01  1.561858e+02
     vertex  1.302691e+01 -3.028511e+01  1.556858e+02
     vertex  1.233259e+01 -3.028613e+01  1.561858e+02
   endloop
 endfacet
 facet normal  3.078383e-01  6.380767e-01  7.057576e-01
   outer loop
     vertex  1.312841e+01 -3.097197e+01  1.561858e+02
     vertex  1.378050e+01 -3.073354e+01  1.556858e+02
     vertex  1.338409e+01 -3.054229e+01  1.556858e+02
   endloop
 endfacet
 facet normal  4.139624e-01  5.749273e-01  7.057576e-01
   outer loop
     vertex  1.312841e+01 -3.097197e+01  1.561858e+02
     vertex  1.338409e+01 -3.054229e+01  1.556858e+02
     vertex  1.270049e+01 -3.066386e+01  1.561858e+02
   endloop
 endfacet
 facet normal  3.078383e-01  6.380767e-01  7.057576e-01
   outer loop
     vertex  1.360332e+01 -3.120109e+01  1.561858e+02
     vertex  1.378050e+01 -3.073354e+01  1.556858e+02
     vertex  1.312841e+01 -3.097197e+01  1.561858e+02
   endloop
 endfacet
 facet normal  1.923607e-01  6.818384e-01  7.057576e-01
   outer loop
     vertex  1.411080e+01 -3.134426e+01  1.561858e+02
     vertex  1.420410e+01 -3.085304e+01  1.556858e+02
     vertex  1.378050e+01 -3.073354e+01  1.556858e+02
   endloop
 endfacet
 facet normal  7.103832e-02  7.048828e-01  7.057576e-01
   outer loop
     vertex  1.411080e+01 -3.134426e+01  1.561858e+02
     vertex  1.464202e+01 -3.089718e+01  1.556858e+02
     vertex  1.420410e+01 -3.085304e+01  1.556858e+02
   endloop
 endfacet
 facet normal  1.923607e-01  6.818384e-01  7.057576e-01
   outer loop
     vertex  1.411080e+01 -3.134426e+01  1.561858e+02
     vertex  1.378050e+01 -3.073354e+01  1.556858e+02
     vertex  1.360332e+01 -3.120109e+01  1.561858e+02
   endloop
 endfacet
 facet normal  7.103832e-02  7.048828e-01  7.057576e-01
   outer loop
     vertex  1.463543e+01 -3.139713e+01  1.561858e+02
     vertex  1.464202e+01 -3.089718e+01  1.556858e+02
     vertex  1.411080e+01 -3.134426e+01  1.561858e+02
   endloop
 endfacet
 facet normal -5.244254e-02  7.065098e-01  7.057576e-01
   outer loop
     vertex  1.516128e+01 -3.135810e+01  1.561858e+02
     vertex  1.508095e+01 -3.086459e+01  1.556858e+02
     vertex  1.464202e+01 -3.089718e+01  1.556858e+02
   endloop
 endfacet
 facet normal -1.743299e-01  6.866697e-01  7.057576e-01
   outer loop
     vertex  1.516128e+01 -3.135810e+01  1.561858e+02
     vertex  1.550755e+01 -3.075629e+01  1.556858e+02
     vertex  1.508095e+01 -3.086459e+01  1.556858e+02
   endloop
 endfacet
 facet normal -5.244254e-02  7.065098e-01  7.057576e-01
   outer loop
     vertex  1.516128e+01 -3.135810e+01  1.561858e+02
     vertex  1.464202e+01 -3.089718e+01  1.556858e+02
     vertex  1.463543e+01 -3.139713e+01  1.561858e+02
   endloop
 endfacet
 facet normal -2.909204e-01  6.459656e-01  7.057576e-01
   outer loop
     vertex  1.567236e+01 -3.122835e+01  1.561858e+02
     vertex  1.590887e+01 -3.057555e+01  1.556858e+02
     vertex  1.550755e+01 -3.075629e+01  1.556858e+02
   endloop
 endfacet
 facet normal -1.743299e-01  6.866697e-01  7.057576e-01
   outer loop
     vertex  1.567236e+01 -3.122835e+01  1.561858e+02
     vertex  1.550755e+01 -3.075629e+01  1.556858e+02
     vertex  1.516128e+01 -3.135810e+01  1.561858e+02
   endloop
 endfacet
 facet normal -2.909204e-01  6.459656e-01  7.057576e-01
   outer loop
     vertex  1.615314e+01 -3.101182e+01  1.561858e+02
     vertex  1.590887e+01 -3.057555e+01  1.556858e+02
     vertex  1.567236e+01 -3.122835e+01  1.561858e+02
   endloop
 endfacet
 facet normal -3.986715e-01  5.856341e-01  7.057576e-01
   outer loop
     vertex  1.658902e+01 -3.071509e+01  1.561858e+02
     vertex  1.590887e+01 -3.057555e+01  1.556858e+02
     vertex  1.615314e+01 -3.101182e+01  1.561858e+02
   endloop
 endfacet
 facet normal -3.986715e-01  5.856341e-01  7.057576e-01
   outer loop
     vertex  1.658902e+01 -3.071509e+01  1.561858e+02
     vertex  1.627270e+01 -3.032787e+01  1.556858e+02
     vertex  1.590887e+01 -3.057555e+01  1.556858e+02
   endloop
 endfacet
 facet normal -4.943090e-01  5.075085e-01  7.057576e-01
   outer loop
     vertex  1.658902e+01 -3.071509e+01  1.561858e+02
     vertex  1.658800e+01 -3.002078e+01  1.556858e+02
     vertex  1.627270e+01 -3.032787e+01  1.556858e+02
   endloop
 endfacet
 facet normal -4.943090e-01  5.075085e-01  7.057576e-01
   outer loop
     vertex  1.696675e+01 -3.034719e+01  1.561858e+02
     vertex  1.658800e+01 -3.002078e+01  1.556858e+02
     vertex  1.658902e+01 -3.071509e+01  1.561858e+02
   endloop
 endfacet
 facet normal  5.749273e-01 -4.139624e-01  7.057576e-01
   outer loop
     vertex -3.685431e+01  1.603595e+01  1.561858e+02
     vertex -3.673273e+01  1.535236e+01  1.556858e+02
     vertex -3.647555e+01  1.570954e+01  1.556858e+02
   endloop
 endfacet
 facet normal  6.380767e-01 -3.078383e-01  7.057576e-01
   outer loop
     vertex -3.716241e+01  1.560804e+01  1.561858e+02
     vertex -3.692398e+01  1.495595e+01  1.556858e+02
     vertex -3.673273e+01  1.535236e+01  1.556858e+02
   endloop
 endfacet
 facet normal  5.749273e-01 -4.139624e-01  7.057576e-01
   outer loop
     vertex -3.716241e+01  1.560804e+01  1.561858e+02
     vertex -3.673273e+01  1.535236e+01  1.556858e+02
     vertex -3.685431e+01  1.603595e+01  1.561858e+02
   endloop
 endfacet
 facet normal  6.818384e-01 -1.923607e-01  7.057576e-01
   outer loop
     vertex -3.739153e+01  1.513313e+01  1.561858e+02
     vertex -3.704349e+01  1.453235e+01  1.556858e+02
     vertex -3.692398e+01  1.495595e+01  1.556858e+02
   endloop
 endfacet
 facet normal  6.380767e-01 -3.078383e-01  7.057576e-01
   outer loop
     vertex -3.739153e+01  1.513313e+01  1.561858e+02
     vertex -3.692398e+01  1.495595e+01  1.556858e+02
     vertex -3.716241e+01  1.560804e+01  1.561858e+02
   endloop
 endfacet
 facet normal  7.048828e-01 -7.103832e-02  7.057576e-01
   outer loop
     vertex -3.753471e+01  1.462565e+01  1.561858e+02
     vertex -3.708762e+01  1.409443e+01  1.556858e+02
     vertex -3.704349e+01  1.453235e+01  1.556858e+02
   endloop
 endfacet
 facet normal  6.818384e-01 -1.923607e-01  7.057576e-01
   outer loop
     vertex -3.753471e+01  1.462565e+01  1.561858e+02
     vertex -3.704349e+01  1.453235e+01  1.556858e+02
     vertex -3.739153e+01  1.513313e+01  1.561858e+02
   endloop
 endfacet
 facet normal  7.065098e-01  5.244254e-02  7.057576e-01
   outer loop
     vertex -3.758758e+01  1.410101e+01  1.561858e+02
     vertex -3.705504e+01  1.365550e+01  1.556858e+02
     vertex -3.708762e+01  1.409443e+01  1.556858e+02
   endloop
 endfacet
 facet normal  7.048828e-01 -7.103832e-02  7.057576e-01
   outer loop
     vertex -3.758758e+01  1.410101e+01  1.561858e+02
     vertex -3.708762e+01  1.409443e+01  1.556858e+02
     vertex -3.753471e+01  1.462565e+01  1.561858e+02
   endloop
 endfacet
 facet normal  6.866697e-01  1.743299e-01  7.057576e-01
   outer loop
     vertex -3.754855e+01  1.357517e+01  1.561858e+02
     vertex -3.694674e+01  1.322890e+01  1.556858e+02
     vertex -3.705504e+01  1.365550e+01  1.556858e+02
   endloop
 endfacet
 facet normal  7.065098e-01  5.244254e-02  7.057576e-01
   outer loop
     vertex -3.754855e+01  1.357517e+01  1.561858e+02
     vertex -3.705504e+01  1.365550e+01  1.556858e+02
     vertex -3.758758e+01  1.410101e+01  1.561858e+02
   endloop
 endfacet
 facet normal  6.459656e-01  2.909204e-01  7.057576e-01
   outer loop
     vertex -3.741879e+01  1.306409e+01  1.561858e+02
     vertex -3.676600e+01  1.282758e+01  1.556858e+02
     vertex -3.694674e+01  1.322890e+01  1.556858e+02
   endloop
 endfacet
 facet normal  6.866697e-01  1.743299e-01  7.057576e-01
   outer loop
     vertex -3.741879e+01  1.306409e+01  1.561858e+02
     vertex -3.694674e+01  1.322890e+01  1.556858e+02
     vertex -3.754855e+01  1.357517e+01  1.561858e+02
   endloop
 endfacet
 facet normal  5.856341e-01  3.986715e-01  7.057576e-01
   outer loop
     vertex -3.720227e+01  1.258331e+01  1.561858e+02
     vertex -3.651832e+01  1.246375e+01  1.556858e+02
     vertex -3.676600e+01  1.282758e+01  1.556858e+02
   endloop
 endfacet
 facet normal  6.459656e-01  2.909204e-01  7.057576e-01
   outer loop
     vertex -3.720227e+01  1.258331e+01  1.561858e+02
     vertex -3.676600e+01  1.282758e+01  1.556858e+02
     vertex -3.741879e+01  1.306409e+01  1.561858e+02
   endloop
 endfacet
 facet normal  5.075085e-01  4.943090e-01  7.057576e-01
   outer loop
     vertex -3.690554e+01  1.214743e+01  1.561858e+02
     vertex -3.621122e+01  1.214845e+01  1.556858e+02
     vertex -3.651832e+01  1.246375e+01  1.556858e+02
   endloop
 endfacet
 facet normal  5.856341e-01  3.986715e-01  7.057576e-01
   outer loop
     vertex -3.690554e+01  1.214743e+01  1.561858e+02
     vertex -3.651832e+01  1.246375e+01  1.556858e+02
     vertex -3.720227e+01  1.258331e+01  1.561858e+02
   endloop
 endfacet
 facet normal  4.139624e-01  5.749273e-01  7.057576e-01
   outer loop
     vertex -3.653763e+01  1.176970e+01  1.561858e+02
     vertex -3.585404e+01  1.189127e+01  1.556858e+02
     vertex -3.621122e+01  1.214845e+01  1.556858e+02
   endloop
 endfacet
 facet normal  5.075085e-01  4.943090e-01  7.057576e-01
   outer loop
     vertex -3.653763e+01  1.176970e+01  1.561858e+02
     vertex -3.621122e+01  1.214845e+01  1.556858e+02
     vertex -3.690554e+01  1.214743e+01  1.561858e+02
   endloop
 endfacet
 facet normal  3.078383e-01  6.380767e-01  7.057576e-01
   outer loop
     vertex -3.610972e+01  1.146159e+01  1.561858e+02
     vertex -3.545763e+01  1.170002e+01  1.556858e+02
     vertex -3.585404e+01  1.189127e+01  1.556858e+02
   endloop
 endfacet
 facet normal  4.139624e-01  5.749273e-01  7.057576e-01
   outer loop
     vertex -3.610972e+01  1.146159e+01  1.561858e+02
     vertex -3.585404e+01  1.189127e+01  1.556858e+02
     vertex -3.653763e+01  1.176970e+01  1.561858e+02
   endloop
 endfacet
 facet normal  1.923607e-01  6.818384e-01  7.057576e-01
   outer loop
     vertex -3.563481e+01  1.123247e+01  1.561858e+02
     vertex -3.503402e+01  1.158052e+01  1.556858e+02
     vertex -3.545763e+01  1.170002e+01  1.556858e+02
   endloop
 endfacet
 facet normal  3.078383e-01  6.380767e-01  7.057576e-01
   outer loop
     vertex -3.563481e+01  1.123247e+01  1.561858e+02
     vertex -3.545763e+01  1.170002e+01  1.556858e+02
     vertex -3.610972e+01  1.146159e+01  1.561858e+02
   endloop
 endfacet
 facet normal  7.103832e-02  7.048828e-01  7.057576e-01
   outer loop
     vertex -3.512733e+01  1.108930e+01  1.561858e+02
     vertex -3.459611e+01  1.153638e+01  1.556858e+02
     vertex -3.503402e+01  1.158052e+01  1.556858e+02
   endloop
 endfacet
 facet normal  1.923607e-01  6.818384e-01  7.057576e-01
   outer loop
     vertex -3.512733e+01  1.108930e+01  1.561858e+02
     vertex -3.503402e+01  1.158052e+01  1.556858e+02
     vertex -3.563481e+01  1.123247e+01  1.561858e+02
   endloop
 endfacet
 facet normal  7.103832e-02  7.048828e-01  7.057576e-01
   outer loop
     vertex -3.460269e+01  1.103642e+01  1.561858e+02
     vertex -3.459611e+01  1.153638e+01  1.556858e+02
     vertex -3.512733e+01  1.108930e+01  1.561858e+02
   endloop
 endfacet
 facet normal -5.244254e-02  7.065098e-01  7.057576e-01
   outer loop
     vertex -3.407685e+01  1.107546e+01  1.561858e+02
     vertex -3.415718e+01  1.156896e+01  1.556858e+02
     vertex -3.459611e+01  1.153638e+01  1.556858e+02
   endloop
 endfacet
 facet normal -1.743299e-01  6.866697e-01  7.057576e-01
   outer loop
     vertex -3.407685e+01  1.107546e+01  1.561858e+02
     vertex -3.373057e+01  1.167727e+01  1.556858e+02
     vertex -3.415718e+01  1.156896e+01  1.556858e+02
   endloop
 endfacet
 facet normal -5.244254e-02  7.065098e-01  7.057576e-01
   outer loop
     vertex -3.407685e+01  1.107546e+01  1.561858e+02
     vertex -3.459611e+01  1.153638e+01  1.556858e+02
     vertex -3.460269e+01  1.103642e+01  1.561858e+02
   endloop
 endfacet
 facet normal -2.909204e-01  6.459656e-01  7.057576e-01
   outer loop
     vertex -3.356577e+01  1.120521e+01  1.561858e+02
     vertex -3.332926e+01  1.185801e+01  1.556858e+02
     vertex -3.373057e+01  1.167727e+01  1.556858e+02
   endloop
 endfacet
 facet normal -1.743299e-01  6.866697e-01  7.057576e-01
   outer loop
     vertex -3.356577e+01  1.120521e+01  1.561858e+02
     vertex -3.373057e+01  1.167727e+01  1.556858e+02
     vertex -3.407685e+01  1.107546e+01  1.561858e+02
   endloop
 endfacet
 facet normal -2.909204e-01  6.459656e-01  7.057576e-01
   outer loop
     vertex -3.308498e+01  1.142174e+01  1.561858e+02
     vertex -3.332926e+01  1.185801e+01  1.556858e+02
     vertex -3.356577e+01  1.120521e+01  1.561858e+02
   endloop
 endfacet
 facet normal -3.986715e-01  5.856341e-01  7.057576e-01
   outer loop
     vertex -3.308498e+01  1.142174e+01  1.561858e+02
     vertex -3.296543e+01  1.210569e+01  1.556858e+02
     vertex -3.332926e+01  1.185801e+01  1.556858e+02
   endloop
 endfacet
 facet normal -3.986715e-01  5.856341e-01  7.057576e-01
   outer loop
     vertex -3.264911e+01  1.171846e+01  1.561858e+02
     vertex -3.296543e+01  1.210569e+01  1.556858e+02
     vertex -3.308498e+01  1.142174e+01  1.561858e+02
   endloop
 endfacet
 facet normal -4.943090e-01  5.075085e-01  7.057576e-01
   outer loop
     vertex -3.227137e+01  1.208637e+01  1.561858e+02
     vertex -3.296543e+01  1.210569e+01  1.556858e+02
     vertex -3.264911e+01  1.171846e+01  1.561858e+02
   endloop
 endfacet
 facet normal -4.943090e-01  5.075085e-01  7.057576e-01
   outer loop
     vertex -3.227137e+01  1.208637e+01  1.561858e+02
     vertex -3.265013e+01  1.241278e+01  1.556858e+02
     vertex -3.296543e+01  1.210569e+01  1.556858e+02
   endloop
 endfacet
 facet normal -4.943090e-01  5.075085e-01 -7.057576e-01
   outer loop
     vertex -3.227137e+01  1.208637e+01  1.512858e+02
     vertex -3.296543e+01  1.210569e+01  1.517858e+02
     vertex -3.265013e+01  1.241278e+01  1.517858e+02
   endloop
 endfacet
 facet normal -3.986715e-01  5.856341e-01 -7.057576e-01
   outer loop
     vertex -3.264911e+01  1.171846e+01  1.512858e+02
     vertex -3.332926e+01  1.185801e+01  1.517858e+02
     vertex -3.296543e+01  1.210569e+01  1.517858e+02
   endloop
 endfacet
 facet normal -4.943090e-01  5.075085e-01 -7.057576e-01
   outer loop
     vertex -3.264911e+01  1.171846e+01  1.512858e+02
     vertex -3.296543e+01  1.210569e+01  1.517858e+02
     vertex -3.227137e+01  1.208637e+01  1.512858e+02
   endloop
 endfacet
 facet normal -2.909204e-01  6.459656e-01 -7.057576e-01
   outer loop
     vertex -3.308498e+01  1.142174e+01  1.512858e+02
     vertex -3.373057e+01  1.167727e+01  1.517858e+02
     vertex -3.332926e+01  1.185801e+01  1.517858e+02
   endloop
 endfacet
 facet normal -3.986715e-01  5.856341e-01 -7.057576e-01
   outer loop
     vertex -3.308498e+01  1.142174e+01  1.512858e+02
     vertex -3.332926e+01  1.185801e+01  1.517858e+02
     vertex -3.264911e+01  1.171846e+01  1.512858e+02
   endloop
 endfacet
 facet normal -1.743299e-01  6.866697e-01 -7.057576e-01
   outer loop
     vertex -3.356577e+01  1.120521e+01  1.512858e+02
     vertex -3.415718e+01  1.156896e+01  1.517858e+02
     vertex -3.373057e+01  1.167727e+01  1.517858e+02
   endloop
 endfacet
 facet normal -2.909204e-01  6.459656e-01 -7.057576e-01
   outer loop
     vertex -3.356577e+01  1.120521e+01  1.512858e+02
     vertex -3.373057e+01  1.167727e+01  1.517858e+02
     vertex -3.308498e+01  1.142174e+01  1.512858e+02
   endloop
 endfacet
 facet normal -5.244254e-02  7.065098e-01 -7.057576e-01
   outer loop
     vertex -3.407685e+01  1.107546e+01  1.512858e+02
     vertex -3.459611e+01  1.153638e+01  1.517858e+02
     vertex -3.415718e+01  1.156896e+01  1.517858e+02
   endloop
 endfacet
 facet normal -1.743299e-01  6.866697e-01 -7.057576e-01
   outer loop
     vertex -3.407685e+01  1.107546e+01  1.512858e+02
     vertex -3.415718e+01  1.156896e+01  1.517858e+02
     vertex -3.356577e+01  1.120521e+01  1.512858e+02
   endloop
 endfacet
 facet normal  7.103832e-02  7.048828e-01 -7.057576e-01
   outer loop
     vertex -3.460269e+01  1.103642e+01  1.512858e+02
     vertex -3.503402e+01  1.158052e+01  1.517858e+02
     vertex -3.459611e+01  1.153638e+01  1.517858e+02
   endloop
 endfacet
 facet normal -5.244254e-02  7.065098e-01 -7.057576e-01
   outer loop
     vertex -3.460269e+01  1.103642e+01  1.512858e+02
     vertex -3.459611e+01  1.153638e+01  1.517858e+02
     vertex -3.407685e+01  1.107546e+01  1.512858e+02
   endloop
 endfacet
 facet normal  1.923607e-01  6.818384e-01 -7.057576e-01
   outer loop
     vertex -3.512733e+01  1.108930e+01  1.512858e+02
     vertex -3.545763e+01  1.170002e+01  1.517858e+02
     vertex -3.503402e+01  1.158052e+01  1.517858e+02
   endloop
 endfacet
 facet normal  7.103832e-02  7.048828e-01 -7.057576e-01
   outer loop
     vertex -3.512733e+01  1.108930e+01  1.512858e+02
     vertex -3.503402e+01  1.158052e+01  1.517858e+02
     vertex -3.460269e+01  1.103642e+01  1.512858e+02
   endloop
 endfacet
 facet normal  3.078383e-01  6.380767e-01 -7.057576e-01
   outer loop
     vertex -3.563481e+01  1.123247e+01  1.512858e+02
     vertex -3.585404e+01  1.189127e+01  1.517858e+02
     vertex -3.545763e+01  1.170002e+01  1.517858e+02
   endloop
 endfacet
 facet normal  1.923607e-01  6.818384e-01 -7.057576e-01
   outer loop
     vertex -3.563481e+01  1.123247e+01  1.512858e+02
     vertex -3.545763e+01  1.170002e+01  1.517858e+02
     vertex -3.512733e+01  1.108930e+01  1.512858e+02
   endloop
 endfacet
 facet normal  4.139624e-01  5.749273e-01 -7.057576e-01
   outer loop
     vertex -3.610972e+01  1.146159e+01  1.512858e+02
     vertex -3.621122e+01  1.214845e+01  1.517858e+02
     vertex -3.585404e+01  1.189127e+01  1.517858e+02
   endloop
 endfacet
 facet normal  3.078383e-01  6.380767e-01 -7.057576e-01
   outer loop
     vertex -3.610972e+01  1.146159e+01  1.512858e+02
     vertex -3.585404e+01  1.189127e+01  1.517858e+02
     vertex -3.563481e+01  1.123247e+01  1.512858e+02
   endloop
 endfacet
 facet normal  5.075085e-01  4.943090e-01 -7.057576e-01
   outer loop
     vertex -3.653763e+01  1.176970e+01  1.512858e+02
     vertex -3.651832e+01  1.246375e+01  1.517858e+02
     vertex -3.621122e+01  1.214845e+01  1.517858e+02
   endloop
 endfacet
 facet normal  4.139624e-01  5.749273e-01 -7.057576e-01
   outer loop
     vertex -3.653763e+01  1.176970e+01  1.512858e+02
     vertex -3.621122e+01  1.214845e+01  1.517858e+02
     vertex -3.610972e+01  1.146159e+01  1.512858e+02
   endloop
 endfacet
 facet normal  5.075085e-01  4.943090e-01 -7.057576e-01
   outer loop
     vertex -3.690554e+01  1.214743e+01  1.512858e+02
     vertex -3.651832e+01  1.246375e+01  1.517858e+02
     vertex -3.653763e+01  1.176970e+01  1.512858e+02
   endloop
 endfacet
 facet normal  5.856341e-01  3.986715e-01 -7.057576e-01
   outer loop
     vertex -3.720227e+01  1.258331e+01  1.512858e+02
     vertex -3.676600e+01  1.282758e+01  1.517858e+02
     vertex -3.651832e+01  1.246375e+01  1.517858e+02
   endloop
 endfacet
 facet normal  6.459656e-01  2.909204e-01 -7.057576e-01
   outer loop
     vertex -3.720227e+01  1.258331e+01  1.512858e+02
     vertex -3.694674e+01  1.322890e+01  1.517858e+02
     vertex -3.676600e+01  1.282758e+01  1.517858e+02
   endloop
 endfacet
 facet normal  5.856341e-01  3.986715e-01 -7.057576e-01
   outer loop
     vertex -3.720227e+01  1.258331e+01  1.512858e+02
     vertex -3.651832e+01  1.246375e+01  1.517858e+02
     vertex -3.690554e+01  1.214743e+01  1.512858e+02
   endloop
 endfacet
 facet normal  6.866697e-01  1.743299e-01 -7.057576e-01
   outer loop
     vertex -3.741879e+01  1.306409e+01  1.512858e+02
     vertex -3.705504e+01  1.365550e+01  1.517858e+02
     vertex -3.694674e+01  1.322890e+01  1.517858e+02
   endloop
 endfacet
 facet normal  6.459656e-01  2.909204e-01 -7.057576e-01
   outer loop
     vertex -3.741879e+01  1.306409e+01  1.512858e+02
     vertex -3.694674e+01  1.322890e+01  1.517858e+02
     vertex -3.720227e+01  1.258331e+01  1.512858e+02
   endloop
 endfacet
 facet normal  7.065098e-01  5.244254e-02 -7.057576e-01
   outer loop
     vertex -3.754855e+01  1.357517e+01  1.512858e+02
     vertex -3.708762e+01  1.409443e+01  1.517858e+02
     vertex -3.705504e+01  1.365550e+01  1.517858e+02
   endloop
 endfacet
 facet normal  6.866697e-01  1.743299e-01 -7.057576e-01
   outer loop
     vertex -3.754855e+01  1.357517e+01  1.512858e+02
     vertex -3.705504e+01  1.365550e+01  1.517858e+02
     vertex -3.741879e+01  1.306409e+01  1.512858e+02
   endloop
 endfacet
 facet normal  7.048828e-01 -7.103832e-02 -7.057576e-01
   outer loop
     vertex -3.758758e+01  1.410101e+01  1.512858e+02
     vertex -3.704349e+01  1.453235e+01  1.517858e+02
     vertex -3.708762e+01  1.409443e+01  1.517858e+02
   endloop
 endfacet
 facet normal  7.065098e-01  5.244254e-02 -7.057576e-01
   outer loop
     vertex -3.758758e+01  1.410101e+01  1.512858e+02
     vertex -3.708762e+01  1.409443e+01  1.517858e+02
     vertex -3.754855e+01  1.357517e+01  1.512858e+02
   endloop
 endfacet
 facet normal  7.048828e-01 -7.103832e-02 -7.057576e-01
   outer loop
     vertex -3.753471e+01  1.462565e+01  1.512858e+02
     vertex -3.704349e+01  1.453235e+01  1.517858e+02
     vertex -3.758758e+01  1.410101e+01  1.512858e+02
   endloop
 endfacet
 facet normal  6.818384e-01 -1.923607e-01 -7.057576e-01
   outer loop
     vertex -3.753471e+01  1.462565e+01  1.512858e+02
     vertex -3.692398e+01  1.495595e+01  1.517858e+02
     vertex -3.704349e+01  1.453235e+01  1.517858e+02
   endloop
 endfacet
 facet normal  6.818384e-01 -1.923607e-01 -7.057576e-01
   outer loop
     vertex -3.739153e+01  1.513313e+01  1.512858e+02
     vertex -3.692398e+01  1.495595e+01  1.517858e+02
     vertex -3.753471e+01  1.462565e+01  1.512858e+02
   endloop
 endfacet
 facet normal  6.380767e-01 -3.078383e-01 -7.057576e-01
   outer loop
     vertex -3.739153e+01  1.513313e+01  1.512858e+02
     vertex -3.673273e+01  1.535236e+01  1.517858e+02
     vertex -3.692398e+01  1.495595e+01  1.517858e+02
   endloop
 endfacet
 facet normal  6.380767e-01 -3.078383e-01 -7.057576e-01
   outer loop
     vertex -3.716241e+01  1.560804e+01  1.512858e+02
     vertex -3.673273e+01  1.535236e+01  1.517858e+02
     vertex -3.739153e+01  1.513313e+01  1.512858e+02
   endloop
 endfacet
 facet normal  5.749273e-01 -4.139624e-01 -7.057576e-01
   outer loop
     vertex -3.685431e+01  1.603595e+01  1.512858e+02
     vertex -3.673273e+01  1.535236e+01  1.517858e+02
     vertex -3.716241e+01  1.560804e+01  1.512858e+02
   endloop
 endfacet
 facet normal  5.749273e-01 -4.139624e-01 -7.057576e-01
   outer loop
     vertex -3.685431e+01  1.603595e+01  1.512858e+02
     vertex -3.647555e+01  1.570954e+01  1.517858e+02
     vertex -3.673273e+01  1.535236e+01  1.517858e+02
   endloop
 endfacet
 facet normal -4.943090e-01  5.075085e-01 -7.057576e-01
   outer loop
     vertex  1.696675e+01 -3.034719e+01  1.512858e+02
     vertex  1.627270e+01 -3.032787e+01  1.517858e+02
     vertex  1.658800e+01 -3.002078e+01  1.517858e+02
   endloop
 endfacet
 facet normal -3.986715e-01  5.856341e-01 -7.057576e-01
   outer loop
     vertex  1.658902e+01 -3.071509e+01  1.512858e+02
     vertex  1.590887e+01 -3.057555e+01  1.517858e+02
     vertex  1.627270e+01 -3.032787e+01  1.517858e+02
   endloop
 endfacet
 facet normal -4.943090e-01  5.075085e-01 -7.057576e-01
   outer loop
     vertex  1.658902e+01 -3.071509e+01  1.512858e+02
     vertex  1.627270e+01 -3.032787e+01  1.517858e+02
     vertex  1.696675e+01 -3.034719e+01  1.512858e+02
   endloop
 endfacet
 facet normal -2.909204e-01  6.459656e-01 -7.057576e-01
   outer loop
     vertex  1.615314e+01 -3.101182e+01  1.512858e+02
     vertex  1.550755e+01 -3.075629e+01  1.517858e+02
     vertex  1.590887e+01 -3.057555e+01  1.517858e+02
   endloop
 endfacet
 facet normal -3.986715e-01  5.856341e-01 -7.057576e-01
   outer loop
     vertex  1.615314e+01 -3.101182e+01  1.512858e+02
     vertex  1.590887e+01 -3.057555e+01  1.517858e+02
     vertex  1.658902e+01 -3.071509e+01  1.512858e+02
   endloop
 endfacet
 facet normal -1.743299e-01  6.866697e-01 -7.057576e-01
   outer loop
     vertex  1.567236e+01 -3.122835e+01  1.512858e+02
     vertex  1.508095e+01 -3.086459e+01  1.517858e+02
     vertex  1.550755e+01 -3.075629e+01  1.517858e+02
   endloop
 endfacet
 facet normal -2.909204e-01  6.459656e-01 -7.057576e-01
   outer loop
     vertex  1.567236e+01 -3.122835e+01  1.512858e+02
     vertex  1.550755e+01 -3.075629e+01  1.517858e+02
     vertex  1.615314e+01 -3.101182e+01  1.512858e+02
   endloop
 endfacet
 facet normal -5.244254e-02  7.065098e-01 -7.057576e-01
   outer loop
     vertex  1.516128e+01 -3.135810e+01  1.512858e+02
     vertex  1.464202e+01 -3.089718e+01  1.517858e+02
     vertex  1.508095e+01 -3.086459e+01  1.517858e+02
   endloop
 endfacet
 facet normal -1.743299e-01  6.866697e-01 -7.057576e-01
   outer loop
     vertex  1.516128e+01 -3.135810e+01  1.512858e+02
     vertex  1.508095e+01 -3.086459e+01  1.517858e+02
     vertex  1.567236e+01 -3.122835e+01  1.512858e+02
   endloop
 endfacet
 facet normal  7.103832e-02  7.048828e-01 -7.057576e-01
   outer loop
     vertex  1.463543e+01 -3.139713e+01  1.512858e+02
     vertex  1.420410e+01 -3.085304e+01  1.517858e+02
     vertex  1.464202e+01 -3.089718e+01  1.517858e+02
   endloop
 endfacet
 facet normal -5.244254e-02  7.065098e-01 -7.057576e-01
   outer loop
     vertex  1.463543e+01 -3.139713e+01  1.512858e+02
     vertex  1.464202e+01 -3.089718e+01  1.517858e+02
     vertex  1.516128e+01 -3.135810e+01  1.512858e+02
   endloop
 endfacet
 facet normal  1.923607e-01  6.818384e-01 -7.057576e-01
   outer loop
     vertex  1.411080e+01 -3.134426e+01  1.512858e+02
     vertex  1.378050e+01 -3.073354e+01  1.517858e+02
     vertex  1.420410e+01 -3.085304e+01  1.517858e+02
   endloop
 endfacet
 facet normal  7.103832e-02  7.048828e-01 -7.057576e-01
   outer loop
     vertex  1.411080e+01 -3.134426e+01  1.512858e+02
     vertex  1.420410e+01 -3.085304e+01  1.517858e+02
     vertex  1.463543e+01 -3.139713e+01  1.512858e+02
   endloop
 endfacet
 facet normal  1.923607e-01  6.818384e-01 -7.057576e-01
   outer loop
     vertex  1.360332e+01 -3.120109e+01  1.512858e+02
     vertex  1.378050e+01 -3.073354e+01  1.517858e+02
     vertex  1.411080e+01 -3.134426e+01  1.512858e+02
   endloop
 endfacet
 facet normal  3.078383e-01  6.380767e-01 -7.057576e-01
   outer loop
     vertex  1.312841e+01 -3.097197e+01  1.512858e+02
     vertex  1.338409e+01 -3.054229e+01  1.517858e+02
     vertex  1.378050e+01 -3.073354e+01  1.517858e+02
   endloop
 endfacet
 facet normal  4.139624e-01  5.749273e-01 -7.057576e-01
   outer loop
     vertex  1.312841e+01 -3.097197e+01  1.512858e+02
     vertex  1.302691e+01 -3.028511e+01  1.517858e+02
     vertex  1.338409e+01 -3.054229e+01  1.517858e+02
   endloop
 endfacet
 facet normal  3.078383e-01  6.380767e-01 -7.057576e-01
   outer loop
     vertex  1.312841e+01 -3.097197e+01  1.512858e+02
     vertex  1.378050e+01 -3.073354e+01  1.517858e+02
     vertex  1.360332e+01 -3.120109e+01  1.512858e+02
   endloop
 endfacet
 facet normal  5.075085e-01  4.943090e-01 -7.057576e-01
   outer loop
     vertex  1.270049e+01 -3.066386e+01  1.512858e+02
     vertex  1.271981e+01 -2.996981e+01  1.517858e+02
     vertex  1.302691e+01 -3.028511e+01  1.517858e+02
   endloop
 endfacet
 facet normal  4.139624e-01  5.749273e-01 -7.057576e-01
   outer loop
     vertex  1.270049e+01 -3.066386e+01  1.512858e+02
     vertex  1.302691e+01 -3.028511e+01  1.517858e+02
     vertex  1.312841e+01 -3.097197e+01  1.512858e+02
   endloop
 endfacet
 facet normal  5.856341e-01  3.986715e-01 -7.057576e-01
   outer loop
     vertex  1.233259e+01 -3.028613e+01  1.512858e+02
     vertex  1.247213e+01 -2.960598e+01  1.517858e+02
     vertex  1.271981e+01 -2.996981e+01  1.517858e+02
   endloop
 endfacet
 facet normal  5.075085e-01  4.943090e-01 -7.057576e-01
   outer loop
     vertex  1.233259e+01 -3.028613e+01  1.512858e+02
     vertex  1.271981e+01 -2.996981e+01  1.517858e+02
     vertex  1.270049e+01 -3.066386e+01  1.512858e+02
   endloop
 endfacet
 facet normal  6.459656e-01  2.909204e-01 -7.057576e-01
   outer loop
     vertex  1.203586e+01 -2.985025e+01  1.512858e+02
     vertex  1.229139e+01 -2.920466e+01  1.517858e+02
     vertex  1.247213e+01 -2.960598e+01  1.517858e+02
   endloop
 endfacet
 facet normal  5.856341e-01  3.986715e-01 -7.057576e-01
   outer loop
     vertex  1.203586e+01 -2.985025e+01  1.512858e+02
     vertex  1.247213e+01 -2.960598e+01  1.517858e+02
     vertex  1.233259e+01 -3.028613e+01  1.512858e+02
   endloop
 endfacet
 facet normal  6.866697e-01  1.743299e-01 -7.057576e-01
   outer loop
     vertex  1.181933e+01 -2.936947e+01  1.512858e+02
     vertex  1.218309e+01 -2.877806e+01  1.517858e+02
     vertex  1.229139e+01 -2.920466e+01  1.517858e+02
   endloop
 endfacet
 facet normal  6.459656e-01  2.909204e-01 -7.057576e-01
   outer loop
     vertex  1.181933e+01 -2.936947e+01  1.512858e+02
     vertex  1.229139e+01 -2.920466e+01  1.517858e+02
     vertex  1.203586e+01 -2.985025e+01  1.512858e+02
   endloop
 endfacet
 facet normal  7.065098e-01  5.244254e-02 -7.057576e-01
   outer loop
     vertex  1.168958e+01 -2.885839e+01  1.512858e+02
     vertex  1.215051e+01 -2.833913e+01  1.517858e+02
     vertex  1.218309e+01 -2.877806e+01  1.517858e+02
   endloop
 endfacet
 facet normal  6.866697e-01  1.743299e-01 -7.057576e-01
   outer loop
     vertex  1.168958e+01 -2.885839e+01  1.512858e+02
     vertex  1.218309e+01 -2.877806e+01  1.517858e+02
     vertex  1.181933e+01 -2.936947e+01  1.512858e+02
   endloop
 endfacet
 facet normal  7.048828e-01 -7.103832e-02 -7.057576e-01
   outer loop
     vertex  1.165055e+01 -2.833254e+01  1.512858e+02
     vertex  1.219464e+01 -2.790121e+01  1.517858e+02
     vertex  1.215051e+01 -2.833913e+01  1.517858e+02
   endloop
 endfacet
 facet normal  7.065098e-01  5.244254e-02 -7.057576e-01
   outer loop
     vertex  1.165055e+01 -2.833254e+01  1.512858e+02
     vertex  1.215051e+01 -2.833913e+01  1.517858e+02
     vertex  1.168958e+01 -2.885839e+01  1.512858e+02
   endloop
 endfacet
 facet normal  7.048828e-01 -7.103832e-02 -7.057576e-01
   outer loop
     vertex  1.170342e+01 -2.780791e+01  1.512858e+02
     vertex  1.219464e+01 -2.790121e+01  1.517858e+02
     vertex  1.165055e+01 -2.833254e+01  1.512858e+02
   endloop
 endfacet
 facet normal  6.818384e-01 -1.923607e-01 -7.057576e-01
   outer loop
     vertex  1.170342e+01 -2.780791e+01  1.512858e+02
     vertex  1.231415e+01 -2.747761e+01  1.517858e+02
     vertex  1.219464e+01 -2.790121e+01  1.517858e+02
   endloop
 endfacet
 facet normal  6.818384e-01 -1.923607e-01 -7.057576e-01
   outer loop
     vertex  1.184659e+01 -2.730042e+01  1.512858e+02
     vertex  1.231415e+01 -2.747761e+01  1.517858e+02
     vertex  1.170342e+01 -2.780791e+01  1.512858e+02
   endloop
 endfacet
 facet normal  6.380767e-01 -3.078383e-01 -7.057576e-01
   outer loop
     vertex  1.207571e+01 -2.682551e+01  1.512858e+02
     vertex  1.231415e+01 -2.747761e+01  1.517858e+02
     vertex  1.184659e+01 -2.730042e+01  1.512858e+02
   endloop
 endfacet
 facet normal  6.380767e-01 -3.078383e-01 -7.057576e-01
   outer loop
     vertex  1.207571e+01 -2.682551e+01  1.512858e+02
     vertex  1.250540e+01 -2.708120e+01  1.517858e+02
     vertex  1.231415e+01 -2.747761e+01  1.517858e+02
   endloop
 endfacet
 facet normal  5.749273e-01 -4.139624e-01 -7.057576e-01
   outer loop
     vertex  1.207571e+01 -2.682551e+01  1.512858e+02
     vertex  1.276258e+01 -2.672401e+01  1.517858e+02
     vertex  1.250540e+01 -2.708120e+01  1.517858e+02
   endloop
 endfacet
 facet normal  5.749273e-01 -4.139624e-01 -7.057576e-01
   outer loop
     vertex  1.238382e+01 -2.639760e+01  1.512858e+02
     vertex  1.276258e+01 -2.672401e+01  1.517858e+02
     vertex  1.207571e+01 -2.682551e+01  1.512858e+02
   endloop
 endfacet
 facet normal -7.326972e-01  6.805548e-01  0.000000e+00
   outer loop
     vertex -3.392638e+00  5.334263e+00  1.372858e+02
     vertex -3.554684e+00  5.159801e+00  1.372858e+02
     vertex -3.554684e+00  5.159801e+00  1.392858e+02
   endloop
 endfacet
 facet normal -7.326972e-01  6.805548e-01  0.000000e+00
   outer loop
     vertex -3.392638e+00  5.334263e+00  1.372858e+02
     vertex -3.554684e+00  5.159801e+00  1.392858e+02
     vertex -3.392638e+00  5.334263e+00  1.392858e+02
   endloop
 endfacet
 facet normal -6.800643e-01  7.331525e-01  0.000000e+00
   outer loop
     vertex -3.218067e+00  5.496193e+00  1.372858e+02
     vertex -3.392638e+00  5.334263e+00  1.392858e+02
     vertex -3.218067e+00  5.496193e+00  1.392858e+02
   endloop
 endfacet
 facet normal -6.800643e-01  7.331525e-01  0.000000e+00
   outer loop
     vertex -3.218067e+00  5.496193e+00  1.372858e+02
     vertex -3.392638e+00  5.334263e+00  1.372858e+02
     vertex -3.392638e+00  5.334263e+00  1.392858e+02
   endloop
 endfacet
 facet normal -6.236661e-01  7.816909e-01  0.000000e+00
   outer loop
     vertex -3.031939e+00  5.644694e+00  1.372858e+02
     vertex -3.218067e+00  5.496193e+00  1.392858e+02
     vertex -3.031939e+00  5.644694e+00  1.392858e+02
   endloop
 endfacet
 facet normal -6.236661e-01  7.816909e-01  0.000000e+00
   outer loop
     vertex -3.031939e+00  5.644694e+00  1.372858e+02
     vertex -3.218067e+00  5.496193e+00  1.372858e+02
     vertex -3.218067e+00  5.496193e+00  1.392858e+02
   endloop
 endfacet
 facet normal -3.278046e-01 -9.447455e-01  0.000000e+00
   outer loop
     vertex -4.395354e+00  7.851549e+00  1.372858e+02
     vertex -5.004582e+00  8.062937e+00  1.392858e+02
     vertex -5.004582e+00  8.062937e+00  1.372858e+02
   endloop
 endfacet
 facet normal -3.278046e-01 -9.447455e-01  0.000000e+00
   outer loop
     vertex -4.395354e+00  7.851549e+00  1.372858e+02
     vertex -4.395354e+00  7.851549e+00  1.392858e+02
     vertex -5.004582e+00  8.062937e+00  1.392858e+02
   endloop
 endfacet
 facet normal -3.656074e-01 -9.307692e-01  0.000000e+00
   outer loop
     vertex -3.795139e+00  7.615784e+00  1.372858e+02
     vertex -3.795139e+00  7.615784e+00  1.392858e+02
     vertex -4.395354e+00  7.851549e+00  1.392858e+02
   endloop
 endfacet
 facet normal -3.656074e-01 -9.307692e-01  0.000000e+00
   outer loop
     vertex -3.795139e+00  7.615784e+00  1.372858e+02
     vertex -4.395354e+00  7.851549e+00  1.392858e+02
     vertex -4.395354e+00  7.851549e+00  1.372858e+02
   endloop
 endfacet
 facet normal -4.028163e-01 -9.152809e-01  0.000000e+00
   outer loop
     vertex -3.204912e+00  7.356024e+00  1.372858e+02
     vertex -3.204912e+00  7.356024e+00  1.392858e+02
     vertex -3.795139e+00  7.615784e+00  1.392858e+02
   endloop
 endfacet
 facet normal -4.028163e-01 -9.152809e-01  0.000000e+00
   outer loop
     vertex -3.204912e+00  7.356024e+00  1.372858e+02
     vertex -3.795139e+00  7.615784e+00  1.392858e+02
     vertex -3.795139e+00  7.615784e+00  1.372858e+02
   endloop
 endfacet
 facet normal  6.539739e-01 -7.565171e-01  0.000000e+00
   outer loop
     vertex -5.427130e+00  8.009340e+00  1.372858e+02
     vertex -5.537687e+00  7.913769e+00  1.392858e+02
     vertex -5.537687e+00  7.913769e+00  1.372858e+02
   endloop
 endfacet
 facet normal  6.539739e-01 -7.565171e-01  0.000000e+00
   outer loop
     vertex -5.427130e+00  8.009340e+00  1.372858e+02
     vertex -5.427130e+00  8.009340e+00  1.392858e+02
     vertex -5.537687e+00  7.913769e+00  1.392858e+02
   endloop
 endfacet
 facet normal  4.073007e-01 -9.132941e-01  0.000000e+00
   outer loop
     vertex -5.293662e+00  8.068863e+00  1.372858e+02
     vertex -5.293662e+00  8.068863e+00  1.392858e+02
     vertex -5.427130e+00  8.009340e+00  1.392858e+02
   endloop
 endfacet
 facet normal  4.073007e-01 -9.132941e-01  0.000000e+00
   outer loop
     vertex -5.293662e+00  8.068863e+00  1.372858e+02
     vertex -5.427130e+00  8.009340e+00  1.392858e+02
     vertex -5.427130e+00  8.009340e+00  1.372858e+02
   endloop
 endfacet
 facet normal  1.258332e-01 -9.920514e-01  0.000000e+00
   outer loop
     vertex -5.148684e+00  8.087252e+00  1.372858e+02
     vertex -5.148684e+00  8.087252e+00  1.392858e+02
     vertex -5.293662e+00  8.068863e+00  1.392858e+02
   endloop
 endfacet
 facet normal  1.258332e-01 -9.920514e-01  0.000000e+00
   outer loop
     vertex -5.148684e+00  8.087252e+00  1.372858e+02
     vertex -5.293662e+00  8.068863e+00  1.392858e+02
     vertex -5.293662e+00  8.068863e+00  1.372858e+02
   endloop
 endfacet
 facet normal -1.663838e-01 -9.860611e-01  0.000000e+00
   outer loop
     vertex -5.004582e+00  8.062937e+00  1.372858e+02
     vertex -5.004582e+00  8.062937e+00  1.392858e+02
     vertex -5.148684e+00  8.087252e+00  1.392858e+02
   endloop
 endfacet
 facet normal -1.663838e-01 -9.860611e-01  0.000000e+00
   outer loop
     vertex -5.004582e+00  8.062937e+00  1.372858e+02
     vertex -5.148684e+00  8.087252e+00  1.392858e+02
     vertex -5.148684e+00  8.087252e+00  1.372858e+02
   endloop
 endfacet
 facet normal  7.575097e-01 -6.528240e-01  0.000000e+00
   outer loop
     vertex -2.419749e+01 -1.373829e+01  1.372858e+02
     vertex -5.537687e+00  7.913769e+00  1.392858e+02
     vertex -2.419749e+01 -1.373829e+01  1.392858e+02
   endloop
 endfacet
 facet normal  7.575097e-01 -6.528240e-01  0.000000e+00
   outer loop
     vertex -2.419749e+01 -1.373829e+01  1.372858e+02
     vertex -5.537687e+00  7.913769e+00  1.372858e+02
     vertex -5.537687e+00  7.913769e+00  1.392858e+02
   endloop
 endfacet
 facet normal  9.506895e-01  3.101442e-01  0.000000e+00
   outer loop
     vertex -2.431164e+01 -1.414864e+01  1.372858e+02
     vertex -2.426632e+01 -1.428758e+01  1.392858e+02
     vertex -2.426632e+01 -1.428758e+01  1.372858e+02
   endloop
 endfacet
 facet normal  9.506895e-01  3.101442e-01 -0.000000e+00
   outer loop
     vertex -2.431164e+01 -1.414864e+01  1.372858e+02
     vertex -2.431164e+01 -1.414864e+01  1.392858e+02
     vertex -2.426632e+01 -1.428758e+01  1.392858e+02
   endloop
 endfacet
 facet normal  9.997577e-01  2.201400e-02 -0.000000e+00
   outer loop
     vertex -2.431486e+01 -1.400254e+01  1.372858e+02
     vertex -2.431486e+01 -1.400254e+01  1.392858e+02
     vertex -2.431164e+01 -1.414864e+01  1.392858e+02
   endloop
 endfacet
 facet normal  9.997577e-01  2.201400e-02  0.000000e+00
   outer loop
     vertex -2.431486e+01 -1.400254e+01  1.372858e+02
     vertex -2.431164e+01 -1.414864e+01  1.392858e+02
     vertex -2.431164e+01 -1.414864e+01  1.372858e+02
   endloop
 endfacet
 facet normal  9.634198e-01 -2.679967e-01  0.000000e+00
   outer loop
     vertex -2.427569e+01 -1.386175e+01  1.372858e+02
     vertex -2.427569e+01 -1.386175e+01  1.392858e+02
     vertex -2.431486e+01 -1.400254e+01  1.392858e+02
   endloop
 endfacet
 facet normal  8.447802e-01 -5.351134e-01  0.000000e+00
   outer loop
     vertex -2.427569e+01 -1.386175e+01  1.372858e+02
     vertex -2.419749e+01 -1.373829e+01  1.392858e+02
     vertex -2.427569e+01 -1.386175e+01  1.392858e+02
   endloop
 endfacet
 facet normal  9.634198e-01 -2.679967e-01  0.000000e+00
   outer loop
     vertex -2.427569e+01 -1.386175e+01  1.372858e+02
     vertex -2.431486e+01 -1.400254e+01  1.392858e+02
     vertex -2.431486e+01 -1.400254e+01  1.372858e+02
   endloop
 endfacet
 facet normal  8.447802e-01 -5.351134e-01  0.000000e+00
   outer loop
     vertex -2.419749e+01 -1.373829e+01  1.372858e+02
     vertex -2.419749e+01 -1.373829e+01  1.392858e+02
     vertex -2.427569e+01 -1.386175e+01  1.372858e+02
   endloop
 endfacet
 facet normal  8.457777e-01  5.335354e-01  0.000000e+00
   outer loop
     vertex -2.364550e+01 -1.541775e+01  1.372858e+02
     vertex -2.330144e+01 -1.596315e+01  1.392858e+02
     vertex -2.330144e+01 -1.596315e+01  1.372858e+02
   endloop
 endfacet
 facet normal  8.457777e-01  5.335354e-01 -0.000000e+00
   outer loop
     vertex -2.364550e+01 -1.541775e+01  1.372858e+02
     vertex -2.364550e+01 -1.541775e+01  1.392858e+02
     vertex -2.330144e+01 -1.596315e+01  1.392858e+02
   endloop
 endfacet
 facet normal  8.665899e-01  4.990210e-01 -0.000000e+00
   outer loop
     vertex -2.396730e+01 -1.485892e+01  1.372858e+02
     vertex -2.396730e+01 -1.485892e+01  1.392858e+02
     vertex -2.364550e+01 -1.541775e+01  1.392858e+02
   endloop
 endfacet
 facet normal  8.665899e-01  4.990210e-01  0.000000e+00
   outer loop
     vertex -2.396730e+01 -1.485892e+01  1.372858e+02
     vertex -2.364550e+01 -1.541775e+01  1.392858e+02
     vertex -2.364550e+01 -1.541775e+01  1.372858e+02
   endloop
 endfacet
 facet normal  8.859943e-01  4.636961e-01 -0.000000e+00
   outer loop
     vertex -2.426632e+01 -1.428758e+01  1.372858e+02
     vertex -2.426632e+01 -1.428758e+01  1.392858e+02
     vertex -2.396730e+01 -1.485892e+01  1.392858e+02
   endloop
 endfacet
 facet normal  8.859943e-01  4.636961e-01  0.000000e+00
   outer loop
     vertex -2.426632e+01 -1.428758e+01  1.372858e+02
     vertex -2.396730e+01 -1.485892e+01  1.392858e+02
     vertex -2.396730e+01 -1.485892e+01  1.372858e+02
   endloop
 endfacet
 facet normal  7.326972e-01 -6.805548e-01  0.000000e+00
   outer loop
     vertex -1.649492e+01 -1.964550e+01  1.372858e+02
     vertex -1.633287e+01 -1.947103e+01  1.372858e+02
     vertex -1.633287e+01 -1.947103e+01  1.392858e+02
   endloop
 endfacet
 facet normal  7.326972e-01 -6.805548e-01  0.000000e+00
   outer loop
     vertex -1.649492e+01 -1.964550e+01  1.372858e+02
     vertex -1.633287e+01 -1.947103e+01  1.392858e+02
     vertex -1.649492e+01 -1.964550e+01  1.392858e+02
   endloop
 endfacet
 facet normal  6.800643e-01 -7.331525e-01  0.000000e+00
   outer loop
     vertex -1.666949e+01 -1.980743e+01  1.372858e+02
     vertex -1.649492e+01 -1.964550e+01  1.392858e+02
     vertex -1.666949e+01 -1.980743e+01  1.392858e+02
   endloop
 endfacet
 facet normal  6.800643e-01 -7.331525e-01  0.000000e+00
   outer loop
     vertex -1.666949e+01 -1.980743e+01  1.372858e+02
     vertex -1.649492e+01 -1.964550e+01  1.372858e+02
     vertex -1.649492e+01 -1.964550e+01  1.392858e+02
   endloop
 endfacet
 facet normal  6.236661e-01 -7.816909e-01  0.000000e+00
   outer loop
     vertex -1.685561e+01 -1.995593e+01  1.372858e+02
     vertex -1.666949e+01 -1.980743e+01  1.392858e+02
     vertex -1.685561e+01 -1.995593e+01  1.392858e+02
   endloop
 endfacet
 facet normal  6.236661e-01 -7.816909e-01  0.000000e+00
   outer loop
     vertex -1.685561e+01 -1.995593e+01  1.372858e+02
     vertex -1.666949e+01 -1.980743e+01  1.372858e+02
     vertex -1.666949e+01 -1.980743e+01  1.392858e+02
   endloop
 endfacet
 facet normal  3.278046e-01  9.447455e-01  0.000000e+00
   outer loop
     vertex -1.549220e+01 -2.216278e+01  1.372858e+02
     vertex -1.488297e+01 -2.237417e+01  1.392858e+02
     vertex -1.488297e+01 -2.237417e+01  1.372858e+02
   endloop
 endfacet
 facet normal  3.278046e-01  9.447455e-01 -0.000000e+00
   outer loop
     vertex -1.549220e+01 -2.216278e+01  1.372858e+02
     vertex -1.549220e+01 -2.216278e+01  1.392858e+02
     vertex -1.488297e+01 -2.237417e+01  1.392858e+02
   endloop
 endfacet
 facet normal  3.656074e-01  9.307692e-01 -0.000000e+00
   outer loop
     vertex -1.609241e+01 -2.192702e+01  1.372858e+02
     vertex -1.609241e+01 -2.192702e+01  1.392858e+02
     vertex -1.549220e+01 -2.216278e+01  1.392858e+02
   endloop
 endfacet
 facet normal  3.656074e-01  9.307692e-01  0.000000e+00
   outer loop
     vertex -1.609241e+01 -2.192702e+01  1.372858e+02
     vertex -1.549220e+01 -2.216278e+01  1.392858e+02
     vertex -1.549220e+01 -2.216278e+01  1.372858e+02
   endloop
 endfacet
 facet normal  4.028163e-01  9.152809e-01 -0.000000e+00
   outer loop
     vertex -1.668264e+01 -2.166726e+01  1.372858e+02
     vertex -1.668264e+01 -2.166726e+01  1.392858e+02
     vertex -1.609241e+01 -2.192702e+01  1.392858e+02
   endloop
 endfacet
 facet normal  4.028163e-01  9.152809e-01  0.000000e+00
   outer loop
     vertex -1.668264e+01 -2.166726e+01  1.372858e+02
     vertex -1.609241e+01 -2.192702e+01  1.392858e+02
     vertex -1.609241e+01 -2.192702e+01  1.372858e+02
   endloop
 endfacet
 facet normal -6.539739e-01  7.565171e-01  0.000000e+00
   outer loop
     vertex -1.446042e+01 -2.232057e+01  1.372858e+02
     vertex -1.434987e+01 -2.222500e+01  1.392858e+02
     vertex -1.434987e+01 -2.222500e+01  1.372858e+02
   endloop
 endfacet
 facet normal -6.539739e-01  7.565171e-01  0.000000e+00
   outer loop
     vertex -1.446042e+01 -2.232057e+01  1.372858e+02
     vertex -1.446042e+01 -2.232057e+01  1.392858e+02
     vertex -1.434987e+01 -2.222500e+01  1.392858e+02
   endloop
 endfacet
 facet normal -4.073007e-01  9.132941e-01  0.000000e+00
   outer loop
     vertex -1.459389e+01 -2.238010e+01  1.372858e+02
     vertex -1.459389e+01 -2.238010e+01  1.392858e+02
     vertex -1.446042e+01 -2.232057e+01  1.392858e+02
   endloop
 endfacet
 facet normal -4.073007e-01  9.132941e-01  0.000000e+00
   outer loop
     vertex -1.459389e+01 -2.238010e+01  1.372858e+02
     vertex -1.446042e+01 -2.232057e+01  1.392858e+02
     vertex -1.446042e+01 -2.232057e+01  1.372858e+02
   endloop
 endfacet
 facet normal -1.258332e-01  9.920514e-01  0.000000e+00
   outer loop
     vertex -1.473887e+01 -2.239848e+01  1.372858e+02
     vertex -1.473887e+01 -2.239848e+01  1.392858e+02
     vertex -1.459389e+01 -2.238010e+01  1.392858e+02
   endloop
 endfacet
 facet normal -1.258332e-01  9.920514e-01  0.000000e+00
   outer loop
     vertex -1.473887e+01 -2.239848e+01  1.372858e+02
     vertex -1.459389e+01 -2.238010e+01  1.392858e+02
     vertex -1.459389e+01 -2.238010e+01  1.372858e+02
   endloop
 endfacet
 facet normal  1.663838e-01  9.860611e-01 -0.000000e+00
   outer loop
     vertex -1.488297e+01 -2.237417e+01  1.372858e+02
     vertex -1.488297e+01 -2.237417e+01  1.392858e+02
     vertex -1.473887e+01 -2.239848e+01  1.392858e+02
   endloop
 endfacet
 facet normal  1.663838e-01  9.860611e-01  0.000000e+00
   outer loop
     vertex -1.488297e+01 -2.237417e+01  1.372858e+02
     vertex -1.473887e+01 -2.239848e+01  1.392858e+02
     vertex -1.473887e+01 -2.239848e+01  1.372858e+02
   endloop
 endfacet
 facet normal -7.575097e-01  6.528240e-01  0.000000e+00
   outer loop
     vertex -1.434987e+01 -2.222500e+01  1.372858e+02
     vertex  4.309939e+00 -5.729423e-01  1.392858e+02
     vertex  4.309939e+00 -5.729423e-01  1.372858e+02
   endloop
 endfacet
 facet normal -7.575097e-01  6.528240e-01  0.000000e+00
   outer loop
     vertex -1.434987e+01 -2.222500e+01  1.392858e+02
     vertex  4.309939e+00 -5.729423e-01  1.392858e+02
     vertex -1.434987e+01 -2.222500e+01  1.372858e+02
   endloop
 endfacet
 facet normal -9.506895e-01 -3.101442e-01  0.000000e+00
   outer loop
     vertex  4.424088e+00 -1.625896e-01  1.372858e+02
     vertex  4.378763e+00 -2.365664e-02  1.392858e+02
     vertex  4.378763e+00 -2.365664e-02  1.372858e+02
   endloop
 endfacet
 facet normal -9.506895e-01 -3.101442e-01  0.000000e+00
   outer loop
     vertex  4.424088e+00 -1.625896e-01  1.372858e+02
     vertex  4.424088e+00 -1.625896e-01  1.392858e+02
     vertex  4.378763e+00 -2.365664e-02  1.392858e+02
   endloop
 endfacet
 facet normal -9.997577e-01 -2.201400e-02  0.000000e+00
   outer loop
     vertex  4.427305e+00 -3.086934e-01  1.372858e+02
     vertex  4.427305e+00 -3.086934e-01  1.392858e+02
     vertex  4.424088e+00 -1.625896e-01  1.392858e+02
   endloop
 endfacet
 facet normal -9.997577e-01 -2.201400e-02  0.000000e+00
   outer loop
     vertex  4.427305e+00 -3.086934e-01  1.372858e+02
     vertex  4.424088e+00 -1.625896e-01  1.392858e+02
     vertex  4.424088e+00 -1.625896e-01  1.372858e+02
   endloop
 endfacet
 facet normal -9.634198e-01  2.679967e-01  0.000000e+00
   outer loop
     vertex  4.388140e+00 -4.494868e-01  1.372858e+02
     vertex  4.388140e+00 -4.494868e-01  1.392858e+02
     vertex  4.427305e+00 -3.086934e-01  1.392858e+02
   endloop
 endfacet
 facet normal -8.447802e-01  5.351134e-01  0.000000e+00
   outer loop
     vertex  4.388140e+00 -4.494868e-01  1.372858e+02
     vertex  4.309939e+00 -5.729423e-01  1.392858e+02
     vertex  4.388140e+00 -4.494868e-01  1.392858e+02
   endloop
 endfacet
 facet normal -9.634198e-01  2.679967e-01  0.000000e+00
   outer loop
     vertex  4.388140e+00 -4.494868e-01  1.372858e+02
     vertex  4.427305e+00 -3.086934e-01  1.392858e+02
     vertex  4.427305e+00 -3.086934e-01  1.372858e+02
   endloop
 endfacet
 facet normal -8.447802e-01  5.351134e-01  0.000000e+00
   outer loop
     vertex  4.309939e+00 -5.729423e-01  1.372858e+02
     vertex  4.309939e+00 -5.729423e-01  1.392858e+02
     vertex  4.388140e+00 -4.494868e-01  1.372858e+02
   endloop
 endfacet
 facet normal -8.457777e-01 -5.335354e-01  0.000000e+00
   outer loop
     vertex  3.757946e+00  1.106513e+00  1.372858e+02
     vertex  3.413891e+00  1.651921e+00  1.392858e+02
     vertex  3.413891e+00  1.651921e+00  1.372858e+02
   endloop
 endfacet
 facet normal -8.457777e-01 -5.335354e-01  0.000000e+00
   outer loop
     vertex  3.757946e+00  1.106513e+00  1.372858e+02
     vertex  3.757946e+00  1.106513e+00  1.392858e+02
     vertex  3.413891e+00  1.651921e+00  1.392858e+02
   endloop
 endfacet
 facet normal -8.665899e-01 -4.990210e-01  0.000000e+00
   outer loop
     vertex  4.079745e+00  5.476850e-01  1.372858e+02
     vertex  4.079745e+00  5.476850e-01  1.392858e+02
     vertex  3.757946e+00  1.106513e+00  1.392858e+02
   endloop
 endfacet
 facet normal -8.665899e-01 -4.990210e-01  0.000000e+00
   outer loop
     vertex  4.079745e+00  5.476850e-01  1.372858e+02
     vertex  3.757946e+00  1.106513e+00  1.392858e+02
     vertex  3.757946e+00  1.106513e+00  1.372858e+02
   endloop
 endfacet
 facet normal -8.859943e-01 -4.636961e-01  0.000000e+00
   outer loop
     vertex  4.378763e+00 -2.365664e-02  1.372858e+02
     vertex  4.378763e+00 -2.365664e-02  1.392858e+02
     vertex  4.079745e+00  5.476850e-01  1.392858e+02
   endloop
 endfacet
 facet normal -8.859943e-01 -4.636961e-01  0.000000e+00
   outer loop
     vertex  4.378763e+00 -2.365664e-02  1.372858e+02
     vertex  4.079745e+00  5.476850e-01  1.392858e+02
     vertex  4.079745e+00  5.476850e-01  1.372858e+02
   endloop
 endfacet
 facet normal  0.000000e+00  0.000000e+00 -1.000000e+00
   outer loop
     vertex -5.004582e+00  8.062937e+00  1.392858e+02
     vertex -5.293662e+00  8.068863e+00  1.392858e+02
     vertex -5.148684e+00  8.087252e+00  1.392858e+02
   endloop
 endfacet
 facet normal  0.000000e+00  0.000000e+00 -1.000000e+00
   outer loop
     vertex -5.427130e+00  8.009340e+00  1.392858e+02
     vertex -5.293662e+00  8.068863e+00  1.392858e+02
     vertex -5.004582e+00  8.062937e+00  1.392858e+02
   endloop
 endfacet
 facet normal  0.000000e+00  0.000000e+00 -1.000000e+00
   outer loop
     vertex -5.537687e+00  7.913769e+00  1.392858e+02
     vertex -5.427130e+00  8.009340e+00  1.392858e+02
     vertex -5.004582e+00  8.062937e+00  1.392858e+02
   endloop
 endfacet
 facet normal  0.000000e+00  0.000000e+00 -1.000000e+00
   outer loop
     vertex -4.395354e+00  7.851549e+00  1.392858e+02
     vertex -5.537687e+00  7.913769e+00  1.392858e+02
     vertex -5.004582e+00  8.062937e+00  1.392858e+02
   endloop
 endfacet
 facet normal  0.000000e+00  0.000000e+00 -1.000000e+00
   outer loop
     vertex -2.929505e+00  7.166520e+00  1.392858e+02
     vertex -3.204912e+00  7.356024e+00  1.392858e+02
     vertex -3.059233e+00  7.272862e+00  1.392858e+02
   endloop
 endfacet
 facet normal  0.000000e+00  0.000000e+00 -1.000000e+00
   outer loop
     vertex -2.731949e+00  6.896830e+00  1.392858e+02
     vertex -2.929505e+00  7.166520e+00  1.392858e+02
     vertex -2.819377e+00  7.039989e+00  1.392858e+02
   endloop
 endfacet
 facet normal  0.000000e+00  0.000000e+00 -1.000000e+00
   outer loop
     vertex -2.669680e+00  6.741071e+00  1.392858e+02
     vertex -3.204912e+00  7.356024e+00  1.392858e+02
     vertex -2.929505e+00  7.166520e+00  1.392858e+02
   endloop
 endfacet
 facet normal  0.000000e+00  0.000000e+00 -1.000000e+00
   outer loop
     vertex -2.669680e+00  6.741071e+00  1.392858e+02
     vertex -2.929505e+00  7.166520e+00  1.392858e+02
     vertex -2.731949e+00  6.896830e+00  1.392858e+02
   endloop
 endfacet
 facet normal  0.000000e+00  0.000000e+00 -1.000000e+00
   outer loop
     vertex -2.626872e+00  6.409517e+00  1.392858e+02
     vertex -2.669680e+00  6.741071e+00  1.392858e+02
     vertex -2.634323e+00  6.577096e+00  1.392858e+02
   endloop
 endfacet
 facet normal  0.000000e+00  0.000000e+00 -1.000000e+00
   outer loop
     vertex -2.770117e+00  5.932027e+00  1.392858e+02
     vertex -2.647538e+00  6.243050e+00  1.392858e+02
     vertex -2.695738e+00  6.082380e+00  1.392858e+02
   endloop
 endfacet
 facet normal  0.000000e+00  0.000000e+00 -1.000000e+00
   outer loop
     vertex -2.919221e+00  5.741703e+00  1.392858e+02
     vertex -2.770117e+00  5.932027e+00  1.392858e+02
     vertex -2.868581e+00  5.796223e+00  1.392858e+02
   endloop
 endfacet
 facet normal  0.000000e+00  0.000000e+00 -1.000000e+00
   outer loop
     vertex -2.973774e+00  5.691100e+00  1.392858e+02
     vertex -2.647538e+00  6.243050e+00  1.392858e+02
     vertex -2.770117e+00  5.932027e+00  1.392858e+02
   endloop
 endfacet
 facet normal  0.000000e+00  0.000000e+00 -1.000000e+00
   outer loop
     vertex -2.973774e+00  5.691100e+00  1.392858e+02
     vertex -2.770117e+00  5.932027e+00  1.392858e+02
     vertex -2.919221e+00  5.741703e+00  1.392858e+02
   endloop
 endfacet
 facet normal  0.000000e+00  0.000000e+00 -1.000000e+00
   outer loop
     vertex -3.031939e+00  5.644694e+00  1.392858e+02
     vertex -2.626872e+00  6.409517e+00  1.392858e+02
     vertex -2.647538e+00  6.243050e+00  1.392858e+02
   endloop
 endfacet
 facet normal  0.000000e+00  0.000000e+00 -1.000000e+00
   outer loop
     vertex -3.031939e+00  5.644694e+00  1.392858e+02
     vertex -3.204912e+00  7.356024e+00  1.392858e+02
     vertex -2.669680e+00  6.741071e+00  1.392858e+02
   endloop
 endfacet
 facet normal  0.000000e+00  0.000000e+00 -1.000000e+00
   outer loop
     vertex -3.031939e+00  5.644694e+00  1.392858e+02
     vertex -2.669680e+00  6.741071e+00  1.392858e+02
     vertex -2.626872e+00  6.409517e+00  1.392858e+02
   endloop
 endfacet
 facet normal  0.000000e+00  0.000000e+00 -1.000000e+00
   outer loop
     vertex -3.031939e+00  5.644694e+00  1.392858e+02
     vertex -2.647538e+00  6.243050e+00  1.392858e+02
     vertex -2.973774e+00  5.691100e+00  1.392858e+02
   endloop
 endfacet
 facet normal  0.000000e+00  0.000000e+00 -1.000000e+00
   outer loop
     vertex -3.218067e+00  5.496193e+00  1.392858e+02
     vertex -3.795139e+00  7.615784e+00  1.392858e+02
     vertex -3.204912e+00  7.356024e+00  1.392858e+02
   endloop
 endfacet
 facet normal  0.000000e+00  0.000000e+00 -1.000000e+00
   outer loop
     vertex -3.218067e+00  5.496193e+00  1.392858e+02
     vertex -3.204912e+00  7.356024e+00  1.392858e+02
     vertex -3.031939e+00  5.644694e+00  1.392858e+02
   endloop
 endfacet
 facet normal  0.000000e+00  0.000000e+00 -1.000000e+00
   outer loop
     vertex -3.392638e+00  5.334263e+00  1.392858e+02
     vertex -3.795139e+00  7.615784e+00  1.392858e+02
     vertex -3.218067e+00  5.496193e+00  1.392858e+02
   endloop
 endfacet
 facet normal  0.000000e+00  0.000000e+00 -1.000000e+00
   outer loop
     vertex -3.554684e+00  5.159801e+00  1.392858e+02
     vertex -4.395354e+00  7.851549e+00  1.392858e+02
     vertex -3.795139e+00  7.615784e+00  1.392858e+02
   endloop
 endfacet
 facet normal  0.000000e+00  0.000000e+00 -1.000000e+00
   outer loop
     vertex -3.554684e+00  5.159801e+00  1.392858e+02
     vertex -5.537687e+00  7.913769e+00  1.392858e+02
     vertex -4.395354e+00  7.851549e+00  1.392858e+02
   endloop
 endfacet
 facet normal  0.000000e+00  0.000000e+00 -1.000000e+00
   outer loop
     vertex -3.554684e+00  5.159801e+00  1.392858e+02
     vertex -3.795139e+00  7.615784e+00  1.392858e+02
     vertex -3.392638e+00  5.334263e+00  1.392858e+02
   endloop
 endfacet
 facet normal  0.000000e+00  0.000000e+00 -1.000000e+00
   outer loop
     vertex -3.880615e+00  4.707135e+00  1.392858e+02
     vertex -5.537687e+00  7.913769e+00  1.392858e+02
     vertex -3.554684e+00  5.159801e+00  1.392858e+02
   endloop
 endfacet
 facet normal  0.000000e+00  0.000000e+00 -1.000000e+00
   outer loop
     vertex -4.122990e+00  4.204749e+00  1.392858e+02
     vertex -5.537687e+00  7.913769e+00  1.392858e+02
     vertex -3.880615e+00  4.707135e+00  1.392858e+02
   endloop
 endfacet
 facet normal  0.000000e+00  0.000000e+00 -1.000000e+00
   outer loop
     vertex -4.274444e+00  3.667908e+00  1.392858e+02
     vertex -5.537687e+00  7.913769e+00  1.392858e+02
     vertex -4.122990e+00  4.204749e+00  1.392858e+02
   endloop
 endfacet
 facet normal  0.000000e+00  0.000000e+00 -1.000000e+00
   outer loop
     vertex -4.330376e+00  3.112922e+00  1.392858e+02
     vertex -5.537687e+00  7.913769e+00  1.392858e+02
     vertex -4.274444e+00  3.667908e+00  1.392858e+02
   endloop
 endfacet
 facet normal  0.000000e+00  0.000000e+00 -1.000000e+00
   outer loop
     vertex  3.032109e+00  1.992924e+00  1.392858e+02
     vertex  2.531604e+00  2.100324e+00  1.392858e+02
     vertex  2.703813e+00  2.093635e+00  1.392858e+02
   endloop
 endfacet
 facet normal  0.000000e+00  0.000000e+00 -1.000000e+00
   outer loop
     vertex  3.032109e+00  1.992924e+00  1.392858e+02
     vertex  2.703813e+00  2.093635e+00  1.392858e+02
     vertex  2.872317e+00  2.057477e+00  1.392858e+02
   endloop
 endfacet
 facet normal  0.000000e+00  0.000000e+00 -1.000000e+00
   outer loop
     vertex  3.178445e+00  1.901893e+00  1.392858e+02
     vertex  2.531604e+00  2.100324e+00  1.392858e+02
     vertex  3.032109e+00  1.992924e+00  1.392858e+02
   endloop
 endfacet
 facet normal  0.000000e+00  0.000000e+00 -1.000000e+00
   outer loop
     vertex  3.178445e+00  1.901893e+00  1.392858e+02
     vertex  2.360804e+00  2.077347e+00  1.392858e+02
     vertex  2.531604e+00  2.100324e+00  1.392858e+02
   endloop
 endfacet
 facet normal  0.000000e+00  0.000000e+00 -1.000000e+00
   outer loop
     vertex  1.789401e+00  1.715025e+00  1.392858e+02
     vertex  1.906477e+00  1.841492e+00  1.392858e+02
     vertex  2.043528e+00  1.945980e+00  1.392858e+02
   endloop
 endfacet
 facet normal  0.000000e+00  0.000000e+00 -1.000000e+00
   outer loop
     vertex  3.306978e+00  1.787089e+00  1.392858e+02
     vertex  2.360804e+00  2.077347e+00  1.392858e+02
     vertex  3.178445e+00  1.901893e+00  1.392858e+02
   endloop
 endfacet
 facet normal  0.000000e+00  0.000000e+00 -1.000000e+00
   outer loop
     vertex  3.306978e+00  1.787089e+00  1.392858e+02
     vertex  2.196485e+00  2.025384e+00  1.392858e+02
     vertex  2.360804e+00  2.077347e+00  1.392858e+02
   endloop
 endfacet
 facet normal  0.000000e+00  0.000000e+00 -1.000000e+00
   outer loop
     vertex  3.413891e+00  1.651921e+00  1.392858e+02
     vertex  1.789401e+00  1.715025e+00  1.392858e+02
     vertex  2.043528e+00  1.945980e+00  1.392858e+02
   endloop
 endfacet
 facet normal  0.000000e+00  0.000000e+00 -1.000000e+00
   outer loop
     vertex  3.413891e+00  1.651921e+00  1.392858e+02
     vertex  2.196485e+00  2.025384e+00  1.392858e+02
     vertex  3.306978e+00  1.787089e+00  1.392858e+02
   endloop
 endfacet
 facet normal -0.000000e+00  0.000000e+00 -1.000000e+00
   outer loop
     vertex  3.413891e+00  1.651921e+00  1.392858e+02
     vertex  1.695777e+00  1.570334e+00  1.392858e+02
     vertex  1.789401e+00  1.715025e+00  1.392858e+02
   endloop
 endfacet
 facet normal  0.000000e+00  0.000000e+00 -1.000000e+00
   outer loop
     vertex  3.413891e+00  1.651921e+00  1.392858e+02
     vertex  2.043528e+00  1.945980e+00  1.392858e+02
     vertex  2.196485e+00  2.025384e+00  1.392858e+02
   endloop
 endfacet
 facet normal  0.000000e+00  0.000000e+00 -1.000000e+00
   outer loop
     vertex  1.576384e+00  1.364321e+00  1.392858e+02
     vertex  1.695777e+00  1.570334e+00  1.392858e+02
     vertex  3.413891e+00  1.651921e+00  1.392858e+02
   endloop
 endfacet
 facet normal  0.000000e+00  0.000000e+00 -1.000000e+00
   outer loop
     vertex  3.757946e+00  1.106513e+00  1.392858e+02
     vertex  1.576384e+00  1.364321e+00  1.392858e+02
     vertex  3.413891e+00  1.651921e+00  1.392858e+02
   endloop
 endfacet
 facet normal  0.000000e+00  0.000000e+00 -1.000000e+00
   outer loop
     vertex  3.757946e+00  1.106513e+00  1.392858e+02
     vertex  1.442003e+00  1.167756e+00  1.392858e+02
     vertex  1.576384e+00  1.364321e+00  1.392858e+02
   endloop
 endfacet
 facet normal -0.000000e+00  0.000000e+00 -1.000000e+00
   outer loop
     vertex  3.757946e+00  1.106513e+00  1.392858e+02
     vertex  1.293378e+00  9.817276e-01  1.392858e+02
     vertex  1.442003e+00  1.167756e+00  1.392858e+02
   endloop
 endfacet
 facet normal  0.000000e+00  0.000000e+00 -1.000000e+00
   outer loop
     vertex  4.079745e+00  5.476850e-01  1.392858e+02
     vertex  1.293378e+00  9.817276e-01  1.392858e+02
     vertex  3.757946e+00  1.106513e+00  1.392858e+02
   endloop
 endfacet
 facet normal  0.000000e+00  0.000000e+00 -1.000000e+00
   outer loop
     vertex  4.427305e+00 -3.086934e-01  1.392858e+02
     vertex  4.378763e+00 -2.365664e-02  1.392858e+02
     vertex  4.424088e+00 -1.625896e-01  1.392858e+02
   endloop
 endfacet
 facet normal  0.000000e+00  0.000000e+00 -1.000000e+00
   outer loop
     vertex  4.388140e+00 -4.494868e-01  1.392858e+02
     vertex  4.378763e+00 -2.365664e-02  1.392858e+02
     vertex  4.427305e+00 -3.086934e-01  1.392858e+02
   endloop
 endfacet
 facet normal  0.000000e+00  0.000000e+00 -1.000000e+00
   outer loop
     vertex  4.309939e+00 -5.729423e-01  1.392858e+02
     vertex  1.293378e+00  9.817276e-01  1.392858e+02
     vertex  4.079745e+00  5.476850e-01  1.392858e+02
   endloop
 endfacet
 facet normal  0.000000e+00  0.000000e+00 -1.000000e+00
   outer loop
     vertex  4.309939e+00 -5.729423e-01  1.392858e+02
     vertex  8.937938e-01  5.925362e-01  1.392858e+02
     vertex  1.293378e+00  9.817276e-01  1.392858e+02
   endloop
 endfacet
 facet normal  0.000000e+00  0.000000e+00 -1.000000e+00
   outer loop
     vertex  4.309939e+00 -5.729423e-01  1.392858e+02
     vertex  4.326981e-01  2.786445e-01  1.392858e+02
     vertex  8.937938e-01  5.925362e-01  1.392858e+02
   endloop
 endfacet
 facet normal  0.000000e+00  0.000000e+00 -1.000000e+00
   outer loop
     vertex  4.309939e+00 -5.729423e-01  1.392858e+02
     vertex -7.589922e-02  4.958996e-02  1.392858e+02
     vertex  4.326981e-01  2.786445e-01  1.392858e+02
   endloop
 endfacet
 facet normal  0.000000e+00  0.000000e+00 -1.000000e+00
   outer loop
     vertex  4.309939e+00 -5.729423e-01  1.392858e+02
     vertex -6.165447e-01 -8.766772e-02  1.392858e+02
     vertex -7.589922e-02  4.958996e-02  1.392858e+02
   endloop
 endfacet
 facet normal  0.000000e+00  0.000000e+00 -1.000000e+00
   outer loop
     vertex  4.309939e+00 -5.729423e-01  1.392858e+02
     vertex  4.378763e+00 -2.365664e-02  1.392858e+02
     vertex  4.388140e+00 -4.494868e-01  1.392858e+02
   endloop
 endfacet
 facet normal  0.000000e+00  0.000000e+00 -1.000000e+00
   outer loop
     vertex  4.309939e+00 -5.729423e-01  1.392858e+02
     vertex  4.079745e+00  5.476850e-01  1.392858e+02
     vertex  4.378763e+00 -2.365664e-02  1.392858e+02
   endloop
 endfacet
 facet normal  0.000000e+00  0.000000e+00 -1.000000e+00
   outer loop
     vertex -2.431486e+01 -1.400254e+01  1.392858e+02
     vertex -2.427569e+01 -1.386175e+01  1.392858e+02
     vertex -2.419749e+01 -1.373829e+01  1.392858e+02
   endloop
 endfacet
 facet normal  0.000000e+00  0.000000e+00 -1.000000e+00
   outer loop
     vertex -2.426632e+01 -1.428758e+01  1.392858e+02
     vertex -2.431164e+01 -1.414864e+01  1.392858e+02
     vertex -2.431486e+01 -1.400254e+01  1.392858e+02
   endloop
 endfacet
 facet normal  0.000000e+00  0.000000e+00 -1.000000e+00
   outer loop
     vertex -2.426632e+01 -1.428758e+01  1.392858e+02
     vertex -2.431486e+01 -1.400254e+01  1.392858e+02
     vertex -2.419749e+01 -1.373829e+01  1.392858e+02
   endloop
 endfacet
 facet normal  0.000000e+00  0.000000e+00 -1.000000e+00
   outer loop
     vertex -1.927101e+01 -1.422356e+01  1.392858e+02
     vertex -2.419749e+01 -1.373829e+01  1.392858e+02
     vertex -5.537687e+00  7.913769e+00  1.392858e+02
   endloop
 endfacet
 facet normal  0.000000e+00  0.000000e+00 -1.000000e+00
   outer loop
     vertex -1.927101e+01 -1.422356e+01  1.392858e+02
     vertex -4.330376e+00  3.112922e+00  1.392858e+02
     vertex -4.289085e+00  2.556656e+00  1.392858e+02
   endloop
 endfacet
 facet normal  0.000000e+00  0.000000e+00 -1.000000e+00
   outer loop
     vertex -1.927101e+01 -1.422356e+01  1.392858e+02
     vertex -4.289085e+00  2.556656e+00  1.392858e+02
     vertex -1.871474e+01 -1.418227e+01  1.392858e+02
   endloop
 endfacet
 facet normal  0.000000e+00  0.000000e+00 -1.000000e+00
   outer loop
     vertex -1.927101e+01 -1.422356e+01  1.392858e+02
     vertex -5.537687e+00  7.913769e+00  1.392858e+02
     vertex -4.330376e+00  3.112922e+00  1.392858e+02
   endloop
 endfacet
 facet normal  0.000000e+00  0.000000e+00 -1.000000e+00
   outer loop
     vertex -1.981165e+01 -1.436082e+01  1.392858e+02
     vertex -2.419749e+01 -1.373829e+01  1.392858e+02
     vertex -1.927101e+01 -1.422356e+01  1.392858e+02
   endloop
 endfacet
 facet normal  0.000000e+00  0.000000e+00 -1.000000e+00
   outer loop
     vertex -1.815976e+01 -1.423821e+01  1.392858e+02
     vertex -4.289085e+00  2.556656e+00  1.392858e+02
     vertex -4.151827e+00  2.016010e+00  1.392858e+02
   endloop
 endfacet
 facet normal  0.000000e+00  0.000000e+00 -1.000000e+00
   outer loop
     vertex -1.815976e+01 -1.423821e+01  1.392858e+02
     vertex -1.871474e+01 -1.418227e+01  1.392858e+02
     vertex -4.289085e+00  2.556656e+00  1.392858e+02
   endloop
 endfacet
 facet normal  0.000000e+00  0.000000e+00 -1.000000e+00
   outer loop
     vertex -2.396730e+01 -1.485892e+01  1.392858e+02
     vertex -2.426632e+01 -1.428758e+01  1.392858e+02
     vertex -2.419749e+01 -1.373829e+01  1.392858e+02
   endloop
 endfacet
 facet normal  0.000000e+00  0.000000e+00 -1.000000e+00
   outer loop
     vertex -1.762292e+01 -1.438966e+01  1.392858e+02
     vertex -4.151827e+00  2.016010e+00  1.392858e+02
     vertex -3.922773e+00  1.507413e+00  1.392858e+02
   endloop
 endfacet
 facet normal  0.000000e+00  0.000000e+00 -1.000000e+00
   outer loop
     vertex -1.762292e+01 -1.438966e+01  1.392858e+02
     vertex -1.815976e+01 -1.423821e+01  1.392858e+02
     vertex -4.151827e+00  2.016010e+00  1.392858e+02
   endloop
 endfacet
 facet normal  0.000000e+00  0.000000e+00 -1.000000e+00
   outer loop
     vertex -2.032025e+01 -1.458988e+01  1.392858e+02
     vertex -2.419749e+01 -1.373829e+01  1.392858e+02
     vertex -1.981165e+01 -1.436082e+01  1.392858e+02
   endloop
 endfacet
 facet normal  0.000000e+00  0.000000e+00 -1.000000e+00
   outer loop
     vertex -1.712053e+01 -1.463203e+01  1.392858e+02
     vertex -1.762292e+01 -1.438966e+01  1.392858e+02
     vertex -3.922773e+00  1.507413e+00  1.392858e+02
   endloop
 endfacet
 facet normal  0.000000e+00  0.000000e+00 -1.000000e+00
   outer loop
     vertex -1.712053e+01 -1.463203e+01  1.392858e+02
     vertex -3.922773e+00  1.507413e+00  1.392858e+02
     vertex -3.608881e+00  1.046317e+00  1.392858e+02
   endloop
 endfacet
 facet normal  0.000000e+00  0.000000e+00 -1.000000e+00
   outer loop
     vertex -2.078135e+01 -1.490377e+01  1.392858e+02
     vertex -2.419749e+01 -1.373829e+01  1.392858e+02
     vertex -2.032025e+01 -1.458988e+01  1.392858e+02
   endloop
 endfacet
 facet normal -0.000000e+00  0.000000e+00 -1.000000e+00
   outer loop
     vertex -2.118093e+01 -1.529296e+01  1.392858e+02
     vertex -2.364550e+01 -1.541775e+01  1.392858e+02
     vertex -2.396730e+01 -1.485892e+01  1.392858e+02
   endloop
 endfacet
 facet normal  0.000000e+00  0.000000e+00 -1.000000e+00
   outer loop
     vertex -2.118093e+01 -1.529296e+01  1.392858e+02
     vertex -2.396730e+01 -1.485892e+01  1.392858e+02
     vertex -2.419749e+01 -1.373829e+01  1.392858e+02
   endloop
 endfacet
 facet normal  0.000000e+00  0.000000e+00 -1.000000e+00
   outer loop
     vertex -2.118093e+01 -1.529296e+01  1.392858e+02
     vertex -2.419749e+01 -1.373829e+01  1.392858e+02
     vertex -2.078135e+01 -1.490377e+01  1.392858e+02
   endloop
 endfacet
 facet normal  0.000000e+00  0.000000e+00 -1.000000e+00
   outer loop
     vertex -1.666786e+01 -1.495797e+01  1.392858e+02
     vertex -3.608881e+00  1.046317e+00  1.392858e+02
     vertex -3.219690e+00  6.467333e-01  1.392858e+02
   endloop
 endfacet
 facet normal  0.000000e+00  0.000000e+00 -1.000000e+00
   outer loop
     vertex -1.666786e+01 -1.495797e+01  1.392858e+02
     vertex -1.712053e+01 -1.463203e+01  1.392858e+02
     vertex -3.608881e+00  1.046317e+00  1.392858e+02
   endloop
 endfacet
 facet normal  0.000000e+00  0.000000e+00 -1.000000e+00
   outer loop
     vertex -2.132956e+01 -1.547899e+01  1.392858e+02
     vertex -2.364550e+01 -1.541775e+01  1.392858e+02
     vertex -2.118093e+01 -1.529296e+01  1.392858e+02
   endloop
 endfacet
 facet normal  0.000000e+00  0.000000e+00 -1.000000e+00
   outer loop
     vertex -2.146394e+01 -1.567555e+01  1.392858e+02
     vertex -2.364550e+01 -1.541775e+01  1.392858e+02
     vertex -2.132956e+01 -1.547899e+01  1.392858e+02
   endloop
 endfacet
 facet normal  0.000000e+00  0.000000e+00 -1.000000e+00
   outer loop
     vertex -1.627867e+01 -1.535755e+01  1.392858e+02
     vertex -3.219690e+00  6.467333e-01  1.392858e+02
     vertex -2.767024e+00  3.208024e-01  1.392858e+02
   endloop
 endfacet
 facet normal  0.000000e+00  0.000000e+00 -1.000000e+00
   outer loop
     vertex -1.627867e+01 -1.535755e+01  1.392858e+02
     vertex -1.666786e+01 -1.495797e+01  1.392858e+02
     vertex -3.219690e+00  6.467333e-01  1.392858e+02
   endloop
 endfacet
 facet normal  0.000000e+00  0.000000e+00 -1.000000e+00
   outer loop
     vertex -2.330144e+01 -1.596315e+01  1.392858e+02
     vertex -2.364550e+01 -1.541775e+01  1.392858e+02
     vertex -2.146394e+01 -1.567555e+01  1.392858e+02
   endloop
 endfacet
 facet normal -0.000000e+00  0.000000e+00 -1.000000e+00
   outer loop
     vertex -2.158333e+01 -1.588157e+01  1.392858e+02
     vertex -2.330144e+01 -1.596315e+01  1.392858e+02
     vertex -2.146394e+01 -1.567555e+01  1.392858e+02
   endloop
 endfacet
 facet normal  0.000000e+00  0.000000e+00 -1.000000e+00
   outer loop
     vertex -2.319769e+01 -1.609496e+01  1.392858e+02
     vertex -2.158333e+01 -1.588157e+01  1.392858e+02
     vertex -2.162064e+01 -1.594595e+01  1.392858e+02
   endloop
 endfacet
 facet normal  0.000000e+00  0.000000e+00 -1.000000e+00
   outer loop
     vertex -2.319769e+01 -1.609496e+01  1.392858e+02
     vertex -2.330144e+01 -1.596315e+01  1.392858e+02
     vertex -2.158333e+01 -1.588157e+01  1.392858e+02
   endloop
 endfacet
 facet normal  0.000000e+00  0.000000e+00 -1.000000e+00
   outer loop
     vertex -2.170908e+01 -1.606551e+01  1.392858e+02
     vertex -2.162064e+01 -1.594595e+01  1.392858e+02
     vertex -2.166264e+01 -1.600737e+01  1.392858e+02
   endloop
 endfacet
 facet normal -0.000000e+00  0.000000e+00 -1.000000e+00
   outer loop
     vertex -2.170908e+01 -1.606551e+01  1.392858e+02
     vertex -2.319769e+01 -1.609496e+01  1.392858e+02
     vertex -2.162064e+01 -1.594595e+01  1.392858e+02
   endloop
 endfacet
 facet normal  0.000000e+00  0.000000e+00 -1.000000e+00
   outer loop
     vertex -1.596478e+01 -1.581865e+01  1.392858e+02
     vertex -1.627867e+01 -1.535755e+01  1.392858e+02
     vertex -2.767024e+00  3.208024e-01  1.392858e+02
   endloop
 endfacet
 facet normal  0.000000e+00  0.000000e+00 -1.000000e+00
   outer loop
     vertex -1.596478e+01 -1.581865e+01  1.392858e+02
     vertex -2.767024e+00  3.208024e-01  1.392858e+02
     vertex -2.264638e+00  7.842766e-02  1.392858e+02
   endloop
 endfacet
 facet normal  0.000000e+00  0.000000e+00 -1.000000e+00
   outer loop
     vertex -2.277745e+01 -1.636314e+01  1.392858e+02
     vertex -2.170908e+01 -1.606551e+01  1.392858e+02
     vertex -2.182886e+01 -1.618294e+01  1.392858e+02
   endloop
 endfacet
 facet normal  0.000000e+00  0.000000e+00 -1.000000e+00
   outer loop
     vertex -2.277745e+01 -1.636314e+01  1.392858e+02
     vertex -2.182886e+01 -1.618294e+01  1.392858e+02
     vertex -2.196658e+01 -1.627870e+01  1.392858e+02
   endloop
 endfacet
 facet normal  0.000000e+00  0.000000e+00 -1.000000e+00
   outer loop
     vertex -2.277745e+01 -1.636314e+01  1.392858e+02
     vertex -2.319769e+01 -1.609496e+01  1.392858e+02
     vertex -2.170908e+01 -1.606551e+01  1.392858e+02
   endloop
 endfacet
 facet normal  0.000000e+00  0.000000e+00 -1.000000e+00
   outer loop
     vertex -2.277745e+01 -1.636314e+01  1.392858e+02
     vertex -2.293195e+01 -1.629780e+01  1.392858e+02
     vertex -2.307336e+01 -1.620756e+01  1.392858e+02
   endloop
 endfacet
 facet normal  0.000000e+00  0.000000e+00 -1.000000e+00
   outer loop
     vertex -2.277745e+01 -1.636314e+01  1.392858e+02
     vertex -2.307336e+01 -1.620756e+01  1.392858e+02
     vertex -2.319769e+01 -1.609496e+01  1.392858e+02
   endloop
 endfacet
 facet normal  0.000000e+00  0.000000e+00 -1.000000e+00
   outer loop
     vertex -2.227997e+01 -1.639511e+01  1.392858e+02
     vertex -2.196658e+01 -1.627870e+01  1.392858e+02
     vertex -2.211838e+01 -1.635010e+01  1.392858e+02
   endloop
 endfacet
 facet normal  0.000000e+00  0.000000e+00 -1.000000e+00
   outer loop
     vertex -2.244681e+01 -1.641249e+01  1.392858e+02
     vertex -2.261421e+01 -1.640173e+01  1.392858e+02
     vertex -2.277745e+01 -1.636314e+01  1.392858e+02
   endloop
 endfacet
 facet normal  0.000000e+00  0.000000e+00 -1.000000e+00
   outer loop
     vertex -2.244681e+01 -1.641249e+01  1.392858e+02
     vertex -2.277745e+01 -1.636314e+01  1.392858e+02
     vertex -2.196658e+01 -1.627870e+01  1.392858e+02
   endloop
 endfacet
 facet normal  0.000000e+00  0.000000e+00 -1.000000e+00
   outer loop
     vertex -2.244681e+01 -1.641249e+01  1.392858e+02
     vertex -2.196658e+01 -1.627870e+01  1.392858e+02
     vertex -2.227997e+01 -1.639511e+01  1.392858e+02
   endloop
 endfacet
 facet normal  0.000000e+00  0.000000e+00 -1.000000e+00
   outer loop
     vertex -1.573573e+01 -1.632724e+01  1.392858e+02
     vertex -1.596478e+01 -1.581865e+01  1.392858e+02
     vertex -2.264638e+00  7.842766e-02  1.392858e+02
   endloop
 endfacet
 facet normal  0.000000e+00  0.000000e+00 -1.000000e+00
   outer loop
     vertex -1.573573e+01 -1.632724e+01  1.392858e+02
     vertex -2.264638e+00  7.842766e-02  1.392858e+02
     vertex -1.727797e+00 -7.302644e-02  1.392858e+02
   endloop
 endfacet
 facet normal  0.000000e+00  0.000000e+00 -1.000000e+00
   outer loop
     vertex -1.559847e+01 -1.686789e+01  1.392858e+02
     vertex -1.573573e+01 -1.632724e+01  1.392858e+02
     vertex -1.727797e+00 -7.302644e-02  1.392858e+02
   endloop
 endfacet
 facet normal  0.000000e+00  0.000000e+00 -1.000000e+00
   outer loop
     vertex -1.559847e+01 -1.686789e+01  1.392858e+02
     vertex -1.727797e+00 -7.302644e-02  1.392858e+02
     vertex -1.172811e+00 -1.289581e-01  1.392858e+02
   endloop
 endfacet
 facet normal  0.000000e+00  0.000000e+00 -1.000000e+00
   outer loop
     vertex -1.555718e+01 -1.742415e+01  1.392858e+02
     vertex -1.559847e+01 -1.686789e+01  1.392858e+02
     vertex -1.172811e+00 -1.289581e-01  1.392858e+02
   endloop
 endfacet
 facet normal  0.000000e+00  0.000000e+00 -1.000000e+00
   outer loop
     vertex -1.555718e+01 -1.742415e+01  1.392858e+02
     vertex -1.172811e+00 -1.289581e-01  1.392858e+02
     vertex -6.165447e-01 -8.766772e-02  1.392858e+02
   endloop
 endfacet
 facet normal  0.000000e+00  0.000000e+00 -1.000000e+00
   outer loop
     vertex -1.717580e+01 -2.035533e+01  1.392858e+02
     vertex -1.709269e+01 -2.020435e+01  1.392858e+02
     vertex -1.698490e+01 -2.006989e+01  1.392858e+02
   endloop
 endfacet
 facet normal  0.000000e+00  0.000000e+00 -1.000000e+00
   outer loop
     vertex -1.725639e+01 -2.086084e+01  1.392858e+02
     vertex -1.725888e+01 -2.068852e+01  1.392858e+02
     vertex -1.723175e+01 -2.051833e+01  1.392858e+02
   endloop
 endfacet
 facet normal  0.000000e+00  0.000000e+00 -1.000000e+00
   outer loop
     vertex -1.725639e+01 -2.086084e+01  1.392858e+02
     vertex -1.723175e+01 -2.051833e+01  1.392858e+02
     vertex -1.717580e+01 -2.035533e+01  1.392858e+02
   endloop
 endfacet
 facet normal  0.000000e+00  0.000000e+00 -1.000000e+00
   outer loop
     vertex -1.725639e+01 -2.086084e+01  1.392858e+02
     vertex -1.717580e+01 -2.035533e+01  1.392858e+02
     vertex -1.698490e+01 -2.006989e+01  1.392858e+02
   endloop
 endfacet
 facet normal  0.000000e+00  0.000000e+00 -1.000000e+00
   outer loop
     vertex -1.722435e+01 -2.103018e+01  1.392858e+02
     vertex -1.725639e+01 -2.086084e+01  1.392858e+02
     vertex -1.698490e+01 -2.006989e+01  1.392858e+02
   endloop
 endfacet
 facet normal  0.000000e+00  0.000000e+00 -1.000000e+00
   outer loop
     vertex -1.707627e+01 -2.134000e+01  1.392858e+02
     vertex -1.716371e+01 -2.119149e+01  1.392858e+02
     vertex -1.722435e+01 -2.103018e+01  1.392858e+02
   endloop
 endfacet
 facet normal  0.000000e+00  0.000000e+00 -1.000000e+00
   outer loop
     vertex -1.707627e+01 -2.134000e+01  1.392858e+02
     vertex -1.722435e+01 -2.103018e+01  1.392858e+02
     vertex -1.698490e+01 -2.006989e+01  1.392858e+02
   endloop
 endfacet
 facet normal  0.000000e+00  0.000000e+00 -1.000000e+00
   outer loop
     vertex -1.696464e+01 -2.147130e+01  1.392858e+02
     vertex -1.707627e+01 -2.134000e+01  1.392858e+02
     vertex -1.698490e+01 -2.006989e+01  1.392858e+02
   endloop
 endfacet
 facet normal  0.000000e+00  0.000000e+00 -1.000000e+00
   outer loop
     vertex -1.683211e+01 -2.158147e+01  1.392858e+02
     vertex -1.696464e+01 -2.147130e+01  1.392858e+02
     vertex -1.698490e+01 -2.006989e+01  1.392858e+02
   endloop
 endfacet
 facet normal  0.000000e+00  0.000000e+00 -1.000000e+00
   outer loop
     vertex -1.668264e+01 -2.166726e+01  1.392858e+02
     vertex -1.698490e+01 -2.006989e+01  1.392858e+02
     vertex -1.685561e+01 -1.995593e+01  1.392858e+02
   endloop
 endfacet
 facet normal  0.000000e+00  0.000000e+00 -1.000000e+00
   outer loop
     vertex -1.668264e+01 -2.166726e+01  1.392858e+02
     vertex -1.685561e+01 -1.995593e+01  1.392858e+02
     vertex -1.666949e+01 -1.980743e+01  1.392858e+02
   endloop
 endfacet
 facet normal  0.000000e+00  0.000000e+00 -1.000000e+00
   outer loop
     vertex -1.668264e+01 -2.166726e+01  1.392858e+02
     vertex -1.683211e+01 -2.158147e+01  1.392858e+02
     vertex -1.698490e+01 -2.006989e+01  1.392858e+02
   endloop
 endfacet
 facet normal  0.000000e+00  0.000000e+00 -1.000000e+00
   outer loop
     vertex -1.609241e+01 -2.192702e+01  1.392858e+02
     vertex -1.649492e+01 -1.964550e+01  1.392858e+02
     vertex -1.633287e+01 -1.947103e+01  1.392858e+02
   endloop
 endfacet
 facet normal  0.000000e+00  0.000000e+00 -1.000000e+00
   outer loop
     vertex -1.609241e+01 -2.192702e+01  1.392858e+02
     vertex -1.666949e+01 -1.980743e+01  1.392858e+02
     vertex -1.649492e+01 -1.964550e+01  1.392858e+02
   endloop
 endfacet
 facet normal  0.000000e+00  0.000000e+00 -1.000000e+00
   outer loop
     vertex -1.609241e+01 -2.192702e+01  1.392858e+02
     vertex -1.668264e+01 -2.166726e+01  1.392858e+02
     vertex -1.666949e+01 -1.980743e+01  1.392858e+02
   endloop
 endfacet
 facet normal  0.000000e+00  0.000000e+00 -1.000000e+00
   outer loop
     vertex -1.549220e+01 -2.216278e+01  1.392858e+02
     vertex -1.609241e+01 -2.192702e+01  1.392858e+02
     vertex -1.633287e+01 -1.947103e+01  1.392858e+02
   endloop
 endfacet
 facet normal  0.000000e+00  0.000000e+00 -1.000000e+00
   outer loop
     vertex -1.434987e+01 -2.222500e+01  1.392858e+02
     vertex -1.561311e+01 -1.797914e+01  1.392858e+02
     vertex -1.555718e+01 -1.742415e+01  1.392858e+02
   endloop
 endfacet
 facet normal  0.000000e+00  0.000000e+00 -1.000000e+00
   outer loop
     vertex -1.434987e+01 -2.222500e+01  1.392858e+02
     vertex -1.576456e+01 -1.851598e+01  1.392858e+02
     vertex -1.561311e+01 -1.797914e+01  1.392858e+02
   endloop
 endfacet
 facet normal  0.000000e+00  0.000000e+00 -1.000000e+00
   outer loop
     vertex -1.434987e+01 -2.222500e+01  1.392858e+02
     vertex -1.600694e+01 -1.901837e+01  1.392858e+02
     vertex -1.576456e+01 -1.851598e+01  1.392858e+02
   endloop
 endfacet
 facet normal  0.000000e+00  0.000000e+00 -1.000000e+00
   outer loop
     vertex -1.434987e+01 -2.222500e+01  1.392858e+02
     vertex -1.633287e+01 -1.947103e+01  1.392858e+02
     vertex -1.600694e+01 -1.901837e+01  1.392858e+02
   endloop
 endfacet
 facet normal  0.000000e+00  0.000000e+00 -1.000000e+00
   outer loop
     vertex -1.434987e+01 -2.222500e+01  1.392858e+02
     vertex -1.555718e+01 -1.742415e+01  1.392858e+02
     vertex -6.165447e-01 -8.766772e-02  1.392858e+02
   endloop
 endfacet
 facet normal  0.000000e+00  0.000000e+00 -1.000000e+00
   outer loop
     vertex -1.434987e+01 -2.222500e+01  1.392858e+02
     vertex -6.165447e-01 -8.766772e-02  1.392858e+02
     vertex  4.309939e+00 -5.729423e-01  1.392858e+02
   endloop
 endfacet
 facet normal  0.000000e+00  0.000000e+00 -1.000000e+00
   outer loop
     vertex -1.434987e+01 -2.222500e+01  1.392858e+02
     vertex -1.549220e+01 -2.216278e+01  1.392858e+02
     vertex -1.633287e+01 -1.947103e+01  1.392858e+02
   endloop
 endfacet
 facet normal  0.000000e+00  0.000000e+00 -1.000000e+00
   outer loop
     vertex -1.488297e+01 -2.237417e+01  1.392858e+02
     vertex -1.549220e+01 -2.216278e+01  1.392858e+02
     vertex -1.434987e+01 -2.222500e+01  1.392858e+02
   endloop
 endfacet
 facet normal  0.000000e+00  0.000000e+00 -1.000000e+00
   outer loop
     vertex -1.459389e+01 -2.238010e+01  1.392858e+02
     vertex -1.434987e+01 -2.222500e+01  1.392858e+02
     vertex -1.446042e+01 -2.232057e+01  1.392858e+02
   endloop
 endfacet
 facet normal  0.000000e+00  0.000000e+00 -1.000000e+00
   outer loop
     vertex -1.473887e+01 -2.239848e+01  1.392858e+02
     vertex -1.488297e+01 -2.237417e+01  1.392858e+02
     vertex -1.434987e+01 -2.222500e+01  1.392858e+02
   endloop
 endfacet
 facet normal  0.000000e+00  0.000000e+00 -1.000000e+00
   outer loop
     vertex -1.473887e+01 -2.239848e+01  1.392858e+02
     vertex -1.434987e+01 -2.222500e+01  1.392858e+02
     vertex -1.459389e+01 -2.238010e+01  1.392858e+02
   endloop
 endfacet
 facet normal -8.652034e-01  5.014211e-01  0.000000e+00
   outer loop
     vertex -2.162064e+01 -1.594595e+01  1.372858e+02
     vertex -2.158333e+01 -1.588157e+01  1.392858e+02
     vertex -2.158333e+01 -1.588157e+01  1.372858e+02
   endloop
 endfacet
 facet normal -8.652034e-01  5.014211e-01  0.000000e+00
   outer loop
     vertex -2.162064e+01 -1.594595e+01  1.372858e+02
     vertex -2.162064e+01 -1.594595e+01  1.392858e+02
     vertex -2.158333e+01 -1.588157e+01  1.392858e+02
   endloop
 endfacet
 facet normal -8.255237e-01  5.643675e-01  0.000000e+00
   outer loop
     vertex -2.166264e+01 -1.600737e+01  1.372858e+02
     vertex -2.166264e+01 -1.600737e+01  1.392858e+02
     vertex -2.162064e+01 -1.594595e+01  1.392858e+02
   endloop
 endfacet
 facet normal -8.255237e-01  5.643675e-01  0.000000e+00
   outer loop
     vertex -2.166264e+01 -1.600737e+01  1.372858e+02
     vertex -2.162064e+01 -1.594595e+01  1.392858e+02
     vertex -2.162064e+01 -1.594595e+01  1.372858e+02
   endloop
 endfacet
 facet normal -7.812733e-01  6.241891e-01  0.000000e+00
   outer loop
     vertex -2.170908e+01 -1.606551e+01  1.372858e+02
     vertex -2.170908e+01 -1.606551e+01  1.392858e+02
     vertex -2.166264e+01 -1.600737e+01  1.392858e+02
   endloop
 endfacet
 facet normal -7.812733e-01  6.241891e-01  0.000000e+00
   outer loop
     vertex -2.170908e+01 -1.606551e+01  1.372858e+02
     vertex -2.166264e+01 -1.600737e+01  1.392858e+02
     vertex -2.166264e+01 -1.600737e+01  1.372858e+02
   endloop
 endfacet
 facet normal  4.977663e-01  8.673112e-01  0.000000e+00
   outer loop
     vertex -1.683211e+01 -2.158147e+01  1.372858e+02
     vertex -1.668264e+01 -2.166726e+01  1.392858e+02
     vertex -1.668264e+01 -2.166726e+01  1.372858e+02
   endloop
 endfacet
 facet normal  4.977663e-01  8.673112e-01  1.540654e-15
   outer loop
     vertex -1.683211e+01 -2.158147e+01  1.372858e+02
     vertex -1.683211e+01 -2.158147e+01  1.392858e+02
     vertex -1.668264e+01 -2.166726e+01  1.392858e+02
   endloop
 endfacet
 facet normal  6.392900e-01  7.689658e-01 -0.000000e+00
   outer loop
     vertex -1.696464e+01 -2.147130e+01  1.372858e+02
     vertex -1.696464e+01 -2.147130e+01  1.392858e+02
     vertex -1.683211e+01 -2.158147e+01  1.392858e+02
   endloop
 endfacet
 facet normal  6.392900e-01  7.689658e-01  1.363910e-15
   outer loop
     vertex -1.696464e+01 -2.147130e+01  1.372858e+02
     vertex -1.683211e+01 -2.158147e+01  1.392858e+02
     vertex -1.683211e+01 -2.158147e+01  1.372858e+02
   endloop
 endfacet
 facet normal  7.618262e-01  6.477815e-01  1.353275e-15
   outer loop
     vertex -1.707627e+01 -2.134000e+01  1.372858e+02
     vertex -1.707627e+01 -2.134000e+01  1.392858e+02
     vertex -1.696464e+01 -2.147130e+01  1.392858e+02
   endloop
 endfacet
 facet normal  7.618262e-01  6.477815e-01  0.000000e+00
   outer loop
     vertex -1.707627e+01 -2.134000e+01  1.372858e+02
     vertex -1.696464e+01 -2.147130e+01  1.392858e+02
     vertex -1.696464e+01 -2.147130e+01  1.372858e+02
   endloop
 endfacet
 facet normal  8.617356e-01  5.073576e-01  6.295019e-16
   outer loop
     vertex -1.716371e+01 -2.119149e+01  1.372858e+02
     vertex -1.716371e+01 -2.119149e+01  1.392858e+02
     vertex -1.707627e+01 -2.134000e+01  1.392858e+02
   endloop
 endfacet
 facet normal  8.617356e-01  5.073576e-01  1.535028e-15
   outer loop
     vertex -1.716371e+01 -2.119149e+01  1.372858e+02
     vertex -1.707627e+01 -2.134000e+01  1.392858e+02
     vertex -1.707627e+01 -2.134000e+01  1.372858e+02
   endloop
 endfacet
 facet normal  9.360508e-01  3.518648e-01 -0.000000e+00
   outer loop
     vertex -1.722435e+01 -2.103018e+01  1.372858e+02
     vertex -1.722435e+01 -2.103018e+01  1.392858e+02
     vertex -1.716371e+01 -2.119149e+01  1.392858e+02
   endloop
 endfacet
 facet normal  9.360508e-01  3.518648e-01  1.036773e-15
   outer loop
     vertex -1.722435e+01 -2.103018e+01  1.372858e+02
     vertex -1.716371e+01 -2.119149e+01  1.392858e+02
     vertex -1.716371e+01 -2.119149e+01  1.372858e+02
   endloop
 endfacet
 facet normal  9.825646e-01  1.859213e-01 -0.000000e+00
   outer loop
     vertex -1.725639e+01 -2.086084e+01  1.372858e+02
     vertex -1.725639e+01 -2.086084e+01  1.392858e+02
     vertex -1.722435e+01 -2.103018e+01  1.392858e+02
   endloop
 endfacet
 facet normal  9.825646e-01  1.859213e-01  0.000000e+00
   outer loop
     vertex -1.725639e+01 -2.086084e+01  1.372858e+02
     vertex -1.722435e+01 -2.103018e+01  1.392858e+02
     vertex -1.722435e+01 -2.103018e+01  1.372858e+02
   endloop
 endfacet
 facet normal  9.998955e-01  1.445587e-02 -0.000000e+00
   outer loop
     vertex -1.725888e+01 -2.068852e+01  1.372858e+02
     vertex -1.725888e+01 -2.068852e+01  1.392858e+02
     vertex -1.725639e+01 -2.086084e+01  1.392858e+02
   endloop
 endfacet
 facet normal  9.998955e-01  1.445587e-02  0.000000e+00
   outer loop
     vertex -1.725888e+01 -2.068852e+01  1.372858e+02
     vertex -1.725639e+01 -2.086084e+01  1.392858e+02
     vertex -1.725639e+01 -2.086084e+01  1.372858e+02
   endloop
 endfacet
 facet normal  9.875287e-01 -1.574389e-01  0.000000e+00
   outer loop
     vertex -1.723175e+01 -2.051833e+01  1.372858e+02
     vertex -1.723175e+01 -2.051833e+01  1.392858e+02
     vertex -1.725888e+01 -2.068852e+01  1.392858e+02
   endloop
 endfacet
 facet normal  9.875287e-01 -1.574389e-01  0.000000e+00
   outer loop
     vertex -1.723175e+01 -2.051833e+01  1.372858e+02
     vertex -1.725888e+01 -2.068852e+01  1.392858e+02
     vertex -1.725888e+01 -2.068852e+01  1.372858e+02
   endloop
 endfacet
 facet normal  9.458316e-01 -3.246577e-01  0.000000e+00
   outer loop
     vertex -1.717580e+01 -2.035533e+01  1.372858e+02
     vertex -1.717580e+01 -2.035533e+01  1.392858e+02
     vertex -1.723175e+01 -2.051833e+01  1.392858e+02
   endloop
 endfacet
 facet normal  9.458316e-01 -3.246577e-01  0.000000e+00
   outer loop
     vertex -1.717580e+01 -2.035533e+01  1.372858e+02
     vertex -1.723175e+01 -2.051833e+01  1.392858e+02
     vertex -1.723175e+01 -2.051833e+01  1.372858e+02
   endloop
 endfacet
 facet normal  8.760425e-01 -4.822339e-01  8.566194e-16
   outer loop
     vertex -1.709269e+01 -2.020435e+01  1.372858e+02
     vertex -1.709269e+01 -2.020435e+01  1.392858e+02
     vertex -1.717580e+01 -2.035533e+01  1.392858e+02
   endloop
 endfacet
 facet normal  8.760425e-01 -4.822339e-01  0.000000e+00
   outer loop
     vertex -1.709269e+01 -2.020435e+01  1.372858e+02
     vertex -1.717580e+01 -2.035533e+01  1.392858e+02
     vertex -1.717580e+01 -2.035533e+01  1.372858e+02
   endloop
 endfacet
 facet normal  7.802343e-01 -6.254873e-01  0.000000e+00
   outer loop
     vertex -1.698490e+01 -2.006989e+01  1.372858e+02
     vertex -1.698490e+01 -2.006989e+01  1.392858e+02
     vertex -1.709269e+01 -2.020435e+01  1.392858e+02
   endloop
 endfacet
 facet normal  7.802343e-01 -6.254873e-01  1.112266e-15
   outer loop
     vertex -1.698490e+01 -2.006989e+01  1.372858e+02
     vertex -1.709269e+01 -2.020435e+01  1.392858e+02
     vertex -1.709269e+01 -2.020435e+01  1.372858e+02
   endloop
 endfacet
 facet normal  6.612526e-01 -7.501633e-01  0.000000e+00
   outer loop
     vertex -1.685561e+01 -1.995593e+01  1.372858e+02
     vertex -1.685561e+01 -1.995593e+01  1.392858e+02
     vertex -1.698490e+01 -2.006989e+01  1.392858e+02
   endloop
 endfacet
 facet normal  6.612526e-01 -7.501633e-01  0.000000e+00
   outer loop
     vertex -1.685561e+01 -1.995593e+01  1.372858e+02
     vertex -1.698490e+01 -2.006989e+01  1.392858e+02
     vertex -1.698490e+01 -2.006989e+01  1.372858e+02
   endloop
 endfacet
 facet normal  8.395707e-01 -5.432504e-01  0.000000e+00
   outer loop
     vertex  1.695777e+00  1.570334e+00  1.372858e+02
     vertex  1.789401e+00  1.715025e+00  1.392858e+02
     vertex  1.695777e+00  1.570334e+00  1.392858e+02
   endloop
 endfacet
 facet normal  8.395707e-01 -5.432504e-01  6.031291e-17
   outer loop
     vertex  1.789401e+00  1.715025e+00  1.372858e+02
     vertex  1.789401e+00  1.715025e+00  1.392858e+02
     vertex  1.695777e+00  1.570334e+00  1.372858e+02
   endloop
 endfacet
 facet normal  7.338277e-01 -6.793356e-01 -8.147124e-17
   outer loop
     vertex  1.906477e+00  1.841492e+00  1.372858e+02
     vertex  1.906477e+00  1.841492e+00  1.392858e+02
     vertex  1.789401e+00  1.715025e+00  1.392858e+02
   endloop
 endfacet
 facet normal  7.338277e-01 -6.793356e-01  7.549318e-17
   outer loop
     vertex  1.906477e+00  1.841492e+00  1.372858e+02
     vertex  1.789401e+00  1.715025e+00  1.392858e+02
     vertex  1.789401e+00  1.715025e+00  1.372858e+02
   endloop
 endfacet
 facet normal  6.062895e-01 -7.952440e-01  0.000000e+00
   outer loop
     vertex  2.043528e+00  1.945980e+00  1.372858e+02
     vertex  2.043528e+00  1.945980e+00  1.392858e+02
     vertex  1.906477e+00  1.841492e+00  1.392858e+02
   endloop
 endfacet
 facet normal  6.062895e-01 -7.952440e-01 -6.542742e-17
   outer loop
     vertex  2.043528e+00  1.945980e+00  1.372858e+02
     vertex  1.906477e+00  1.841492e+00  1.392858e+02
     vertex  1.906477e+00  1.841492e+00  1.372858e+02
   endloop
 endfacet
 facet normal  4.607440e-01 -8.875331e-01 -1.023057e-16
   outer loop
     vertex  2.196485e+00  2.025384e+00  1.372858e+02
     vertex  2.196485e+00  2.025384e+00  1.392858e+02
     vertex  2.043528e+00  1.945980e+00  1.392858e+02
   endloop
 endfacet
 facet normal  4.607440e-01 -8.875331e-01  0.000000e+00
   outer loop
     vertex  2.196485e+00  2.025384e+00  1.372858e+02
     vertex  2.043528e+00  1.945980e+00  1.392858e+02
     vertex  2.043528e+00  1.945980e+00  1.372858e+02
   endloop
 endfacet
 facet normal  3.015140e-01 -9.534617e-01  0.000000e+00
   outer loop
     vertex  2.360804e+00  2.077347e+00  1.372858e+02
     vertex  2.360804e+00  2.077347e+00  1.392858e+02
     vertex  2.196485e+00  2.025384e+00  1.392858e+02
   endloop
 endfacet
 facet normal  3.015140e-01 -9.534617e-01 -6.542742e-17
   outer loop
     vertex  2.360804e+00  2.077347e+00  1.372858e+02
     vertex  2.196485e+00  2.025384e+00  1.392858e+02
     vertex  2.196485e+00  2.025384e+00  1.372858e+02
   endloop
 endfacet
 facet normal  1.333289e-01 -9.910718e-01  1.904572e-16
   outer loop
     vertex  2.531604e+00  2.100324e+00  1.372858e+02
     vertex  2.531604e+00  2.100324e+00  1.392858e+02
     vertex  2.360804e+00  2.077347e+00  1.392858e+02
   endloop
 endfacet
 facet normal  1.333289e-01 -9.910718e-01  0.000000e+00
   outer loop
     vertex  2.531604e+00  2.100324e+00  1.372858e+02
     vertex  2.360804e+00  2.077347e+00  1.392858e+02
     vertex  2.360804e+00  2.077347e+00  1.372858e+02
   endloop
 endfacet
 facet normal -3.881622e-02 -9.992464e-01 -8.618933e-18
   outer loop
     vertex  2.703813e+00  2.093635e+00  1.372858e+02
     vertex  2.703813e+00  2.093635e+00  1.392858e+02
     vertex  2.531604e+00  2.100324e+00  1.392858e+02
   endloop
 endfacet
 facet normal -2.098085e-01 -9.777425e-01 -4.658684e-17
   outer loop
     vertex  2.703813e+00  2.093635e+00  1.372858e+02
     vertex  2.872317e+00  2.057477e+00  1.392858e+02
     vertex  2.703813e+00  2.093635e+00  1.392858e+02
   endloop
 endfacet
 facet normal -3.881622e-02 -9.992464e-01  2.302542e-16
   outer loop
     vertex  2.703813e+00  2.093635e+00  1.372858e+02
     vertex  2.531604e+00  2.100324e+00  1.392858e+02
     vertex  2.531604e+00  2.100324e+00  1.372858e+02
   endloop
 endfacet
 facet normal -3.745692e-01 -9.271989e-01 -1.663422e-16
   outer loop
     vertex  2.872317e+00  2.057477e+00  1.372858e+02
     vertex  3.032109e+00  1.992924e+00  1.392858e+02
     vertex  2.872317e+00  2.057477e+00  1.392858e+02
   endloop
 endfacet
 facet normal -2.098085e-01 -9.777425e-01 -9.317368e-17
   outer loop
     vertex  2.872317e+00  2.057477e+00  1.372858e+02
     vertex  2.872317e+00  2.057477e+00  1.392858e+02
     vertex  2.703813e+00  2.093635e+00  1.372858e+02
   endloop
 endfacet
 facet normal -3.745692e-01 -9.271989e-01  2.454169e-16
   outer loop
     vertex  3.032109e+00  1.992924e+00  1.372858e+02
     vertex  3.032109e+00  1.992924e+00  1.392858e+02
     vertex  2.872317e+00  2.057477e+00  1.372858e+02
   endloop
 endfacet
 facet normal -5.282050e-01 -8.491169e-01  1.194993e-16
   outer loop
     vertex  3.178445e+00  1.901893e+00  1.372858e+02
     vertex  3.178445e+00  1.901893e+00  1.392858e+02
     vertex  3.032109e+00  1.992924e+00  1.392858e+02
   endloop
 endfacet
 facet normal -6.661527e-01 -7.458154e-01 -2.973614e-17
   outer loop
     vertex  3.178445e+00  1.901893e+00  1.372858e+02
     vertex  3.306978e+00  1.787089e+00  1.392858e+02
     vertex  3.178445e+00  1.901893e+00  1.392858e+02
   endloop
 endfacet
 facet normal -5.282050e-01 -8.491169e-01  1.409206e-16
   outer loop
     vertex  3.178445e+00  1.901893e+00  1.372858e+02
     vertex  3.032109e+00  1.992924e+00  1.392858e+02
     vertex  3.032109e+00  1.992924e+00  1.372858e+02
   endloop
 endfacet
 facet normal -7.843151e-01 -6.203626e-01 -1.456191e-16
   outer loop
     vertex  3.306978e+00  1.787089e+00  1.372858e+02
     vertex  3.413891e+00  1.651921e+00  1.392858e+02
     vertex  3.306978e+00  1.787089e+00  1.392858e+02
   endloop
 endfacet
 facet normal -6.661527e-01 -7.458154e-01  7.075467e-17
   outer loop
     vertex  3.306978e+00  1.787089e+00  1.372858e+02
     vertex  3.306978e+00  1.787089e+00  1.392858e+02
     vertex  3.178445e+00  1.901893e+00  1.372858e+02
   endloop
 endfacet
 facet normal -7.843151e-01 -6.203626e-01  0.000000e+00
   outer loop
     vertex  3.413891e+00  1.651921e+00  1.372858e+02
     vertex  3.413891e+00  1.651921e+00  1.392858e+02
     vertex  3.306978e+00  1.787089e+00  1.372858e+02
   endloop
 endfacet
 facet normal -4.957652e-01 -8.684566e-01  0.000000e+00
   outer loop
     vertex -3.204912e+00  7.356024e+00  1.372858e+02
     vertex -3.059233e+00  7.272862e+00  1.392858e+02
     vertex -3.204912e+00  7.356024e+00  1.392858e+02
   endloop
 endfacet
 facet normal -4.957652e-01 -8.684566e-01 -1.100820e-16
   outer loop
     vertex -3.059233e+00  7.272862e+00  1.372858e+02
     vertex -3.059233e+00  7.272862e+00  1.392858e+02
     vertex -3.204912e+00  7.356024e+00  1.372858e+02
   endloop
 endfacet
 facet normal -6.339556e-01 -7.733694e-01 -1.407664e-16
   outer loop
     vertex -2.929505e+00  7.166520e+00  1.372858e+02
     vertex -2.929505e+00  7.166520e+00  1.392858e+02
     vertex -3.059233e+00  7.272862e+00  1.392858e+02
   endloop
 endfacet
 facet normal -6.339556e-01 -7.733694e-01 -1.447806e-16
   outer loop
     vertex -2.929505e+00  7.166520e+00  1.372858e+02
     vertex -3.059233e+00  7.272862e+00  1.392858e+02
     vertex -3.059233e+00  7.272862e+00  1.372858e+02
   endloop
 endfacet
 facet normal -7.543077e-01 -6.565211e-01  0.000000e+00
   outer loop
     vertex -2.819377e+00  7.039989e+00  1.372858e+02
     vertex -2.819377e+00  7.039989e+00  1.392858e+02
     vertex -2.929505e+00  7.166520e+00  1.392858e+02
   endloop
 endfacet
 facet normal -7.543077e-01 -6.565211e-01 -1.654636e-16
   outer loop
     vertex -2.819377e+00  7.039989e+00  1.372858e+02
     vertex -2.929505e+00  7.166520e+00  1.392858e+02
     vertex -2.929505e+00  7.166520e+00  1.372858e+02
   endloop
 endfacet
 facet normal -8.534349e-01 -5.211994e-01  0.000000e+00
   outer loop
     vertex -2.731949e+00  6.896830e+00  1.372858e+02
     vertex -2.731949e+00  6.896830e+00  1.392858e+02
     vertex -2.819377e+00  7.039989e+00  1.392858e+02
   endloop
 endfacet
 facet normal -8.534349e-01 -5.211994e-01  0.000000e+00
   outer loop
     vertex -2.731949e+00  6.896830e+00  1.372858e+02
     vertex -2.819377e+00  7.039989e+00  1.392858e+02
     vertex -2.819377e+00  7.039989e+00  1.372858e+02
   endloop
 endfacet
 facet normal -9.285481e-01 -3.712122e-01  1.648513e-16
   outer loop
     vertex -2.669680e+00  6.741071e+00  1.372858e+02
     vertex -2.669680e+00  6.741071e+00  1.392858e+02
     vertex -2.731949e+00  6.896830e+00  1.392858e+02
   endloop
 endfacet
 facet normal -9.285481e-01 -3.712122e-01  0.000000e+00
   outer loop
     vertex -2.669680e+00  6.741071e+00  1.372858e+02
     vertex -2.731949e+00  6.896830e+00  1.392858e+02
     vertex -2.731949e+00  6.896830e+00  1.372858e+02
   endloop
 endfacet
 facet normal -9.775336e-01 -2.107797e-01  9.360498e-17
   outer loop
     vertex -2.634323e+00  6.577096e+00  1.372858e+02
     vertex -2.634323e+00  6.577096e+00  1.392858e+02
     vertex -2.669680e+00  6.741071e+00  1.392858e+02
   endloop
 endfacet
 facet normal -9.775336e-01 -2.107797e-01  9.565863e-17
   outer loop
     vertex -2.634323e+00  6.577096e+00  1.372858e+02
     vertex -2.669680e+00  6.741071e+00  1.392858e+02
     vertex -2.669680e+00  6.741071e+00  1.372858e+02
   endloop
 endfacet
 facet normal -9.990131e-01 -4.441626e-02  1.972478e-17
   outer loop
     vertex -2.626872e+00  6.409517e+00  1.372858e+02
     vertex -2.626872e+00  6.409517e+00  1.392858e+02
     vertex -2.634323e+00  6.577096e+00  1.392858e+02
   endloop
 endfacet
 facet normal -9.923822e-01  1.231970e-01 -5.471044e-17
   outer loop
     vertex -2.626872e+00  6.409517e+00  1.372858e+02
     vertex -2.647538e+00  6.243050e+00  1.392858e+02
     vertex -2.626872e+00  6.409517e+00  1.392858e+02
   endloop
 endfacet
 facet normal -9.990131e-01 -4.441626e-02  2.003660e-17
   outer loop
     vertex -2.626872e+00  6.409517e+00  1.372858e+02
     vertex -2.634323e+00  6.577096e+00  1.392858e+02
     vertex -2.634323e+00  6.577096e+00  1.372858e+02
   endloop
 endfacet
 facet normal -9.923822e-01  1.231970e-01 -5.471044e-17
   outer loop
     vertex -2.647538e+00  6.243050e+00  1.372858e+02
     vertex -2.647538e+00  6.243050e+00  1.392858e+02
     vertex -2.626872e+00  6.409517e+00  1.372858e+02
   endloop
 endfacet
 facet normal -9.578276e-01  2.873436e-01  0.000000e+00
   outer loop
     vertex -2.695738e+00  6.082380e+00  1.372858e+02
     vertex -2.695738e+00  6.082380e+00  1.392858e+02
     vertex -2.647538e+00  6.243050e+00  1.392858e+02
   endloop
 endfacet
 facet normal -9.578276e-01  2.873436e-01 -1.266830e-16
   outer loop
     vertex -2.695738e+00  6.082380e+00  1.372858e+02
     vertex -2.647538e+00  6.243050e+00  1.392858e+02
     vertex -2.647538e+00  6.243050e+00  1.372858e+02
   endloop
 endfacet
 facet normal -8.963214e-01  4.434050e-01  0.000000e+00
   outer loop
     vertex -2.770117e+00  5.932027e+00  1.372858e+02
     vertex -2.770117e+00  5.932027e+00  1.392858e+02
     vertex -2.695738e+00  6.082380e+00  1.392858e+02
   endloop
 endfacet
 facet normal -8.963214e-01  4.434050e-01  0.000000e+00
   outer loop
     vertex -2.770117e+00  5.932027e+00  1.372858e+02
     vertex -2.695738e+00  6.082380e+00  1.392858e+02
     vertex -2.695738e+00  6.082380e+00  1.372858e+02
   endloop
 endfacet
 facet normal -8.095943e-01  5.869898e-01  0.000000e+00
   outer loop
     vertex -2.868581e+00  5.796223e+00  1.372858e+02
     vertex -2.868581e+00  5.796223e+00  1.392858e+02
     vertex -2.770117e+00  5.932027e+00  1.392858e+02
   endloop
 endfacet
 facet normal -8.095943e-01  5.869898e-01  0.000000e+00
   outer loop
     vertex -2.868581e+00  5.796223e+00  1.372858e+02
     vertex -2.770117e+00  5.932027e+00  1.392858e+02
     vertex -2.770117e+00  5.932027e+00  1.372858e+02
   endloop
 endfacet
endsolid
