solid 
 facet normal  8.868280e-01 -4.620996e-01 -5.956552e-15
   outer loop
     vertex  2.218927e+01  7.952395e+00  1.589858e+02
     vertex  2.210671e+01  7.793946e+00  1.629858e+02
     vertex  2.210671e+01  7.793946e+00  1.589858e+02
   endloop
 endfacet
 facet normal  8.868280e-01 -4.620996e-01 -6.678527e-15
   outer loop
     vertex  2.218927e+01  7.952395e+00  1.589858e+02
     vertex  2.218927e+01  7.952395e+00  1.629858e+02
     vertex  2.210671e+01  7.793946e+00  1.629858e+02
   endloop
 endfacet
 facet normal  7.931124e-01 -6.090753e-01 -5.798860e-15
   outer loop
     vertex  2.229810e+01  8.094099e+00  1.589858e+02
     vertex  2.229810e+01  8.094099e+00  1.629858e+02
     vertex  2.218927e+01  7.952395e+00  1.629858e+02
   endloop
 endfacet
 facet normal  7.931124e-01 -6.090753e-01 -5.798779e-15
   outer loop
     vertex  2.229810e+01  8.094099e+00  1.589858e+02
     vertex  2.218927e+01  7.952395e+00  1.629858e+02
     vertex  2.218927e+01  7.952395e+00  1.589858e+02
   endloop
 endfacet
 facet normal  6.752984e-01 -7.375446e-01 -5.070534e-15
   outer loop
     vertex  2.242987e+01  8.214754e+00  1.589858e+02
     vertex  2.242987e+01  8.214754e+00  1.629858e+02
     vertex  2.229810e+01  8.094099e+00  1.629858e+02
   endloop
 endfacet
 facet normal  6.752984e-01 -7.375446e-01 -4.742911e-15
   outer loop
     vertex  2.242987e+01  8.214754e+00  1.589858e+02
     vertex  2.229810e+01  8.094099e+00  1.629858e+02
     vertex  2.229810e+01  8.094099e+00  1.589858e+02
   endloop
 endfacet
 facet normal  5.369658e-01 -8.436040e-01 -3.543022e-15
   outer loop
     vertex  2.258060e+01  8.310694e+00  1.589858e+02
     vertex  2.258060e+01  8.310694e+00  1.629858e+02
     vertex  2.242987e+01  8.214754e+00  1.629858e+02
   endloop
 endfacet
 facet normal  5.369658e-01 -8.436040e-01 -3.917635e-15
   outer loop
     vertex  2.258060e+01  8.310694e+00  1.589858e+02
     vertex  2.242987e+01  8.214754e+00  1.629858e+02
     vertex  2.242987e+01  8.214754e+00  1.589858e+02
   endloop
 endfacet
 facet normal  3.823178e-01 -9.240309e-01 -2.645746e-15
   outer loop
     vertex  2.274570e+01  8.379002e+00  1.589858e+02
     vertex  2.274570e+01  8.379002e+00  1.629858e+02
     vertex  2.258060e+01  8.310694e+00  1.629858e+02
   endloop
 endfacet
 facet normal  3.823178e-01 -9.240309e-01 -2.235528e-15
   outer loop
     vertex  2.274570e+01  8.379002e+00  1.589858e+02
     vertex  2.258060e+01  8.310694e+00  1.629858e+02
     vertex  2.258060e+01  8.310694e+00  1.589858e+02
   endloop
 endfacet
 facet normal  2.160532e-01 -9.763816e-01 -1.727044e-15
   outer loop
     vertex  2.292015e+01  8.417604e+00  1.589858e+02
     vertex  2.292015e+01  8.417604e+00  1.629858e+02
     vertex  2.274570e+01  8.379002e+00  1.629858e+02
   endloop
 endfacet
 facet normal  2.160532e-01 -9.763816e-01 -1.293742e-15
   outer loop
     vertex  2.292015e+01  8.417604e+00  1.589858e+02
     vertex  2.274570e+01  8.379002e+00  1.629858e+02
     vertex  2.274570e+01  8.379002e+00  1.589858e+02
   endloop
 endfacet
 facet normal  4.322403e-02 -9.990654e-01 -3.455159e-16
   outer loop
     vertex  2.309865e+01  8.425327e+00  1.589858e+02
     vertex  2.309865e+01  8.425327e+00  1.629858e+02
     vertex  2.292015e+01  8.417604e+00  1.629858e+02
   endloop
 endfacet
 facet normal  4.322403e-02 -9.990654e-01 -3.455844e-16
   outer loop
     vertex  2.309865e+01  8.425327e+00  1.589858e+02
     vertex  2.292015e+01  8.417604e+00  1.629858e+02
     vertex  2.292015e+01  8.417604e+00  1.589858e+02
   endloop
 endfacet
 facet normal -1.309185e-01 -9.913931e-01  6.062441e-16
   outer loop
     vertex  2.327578e+01  8.401936e+00  1.589858e+02
     vertex  2.327578e+01  8.401936e+00  1.629858e+02
     vertex  2.309865e+01  8.425327e+00  1.629858e+02
   endloop
 endfacet
 facet normal -1.309185e-01 -9.913931e-01  1.046159e-15
   outer loop
     vertex  2.327578e+01  8.401936e+00  1.589858e+02
     vertex  2.309865e+01  8.425327e+00  1.629858e+02
     vertex  2.309865e+01  8.425327e+00  1.589858e+02
   endloop
 endfacet
 facet normal -3.010832e-01 -9.535979e-01  1.983258e-15
   outer loop
     vertex  2.344616e+01  8.348142e+00  1.589858e+02
     vertex  2.344616e+01  8.348142e+00  1.629858e+02
     vertex  2.327578e+01  8.401936e+00  1.629858e+02
   endloop
 endfacet
 facet normal -3.010832e-01 -9.535979e-01  1.985517e-15
   outer loop
     vertex  2.344616e+01  8.348142e+00  1.589858e+02
     vertex  2.327578e+01  8.401936e+00  1.629858e+02
     vertex  2.327578e+01  8.401936e+00  1.589858e+02
   endloop
 endfacet
 facet normal -4.620996e-01 -8.868280e-01  2.906180e-15
   outer loop
     vertex  2.360461e+01  8.265579e+00  1.589858e+02
     vertex  2.360461e+01  8.265579e+00  1.629858e+02
     vertex  2.344616e+01  8.348142e+00  1.629858e+02
   endloop
 endfacet
 facet normal -4.620996e-01 -8.868280e-01  3.301105e-15
   outer loop
     vertex  2.360461e+01  8.265579e+00  1.589858e+02
     vertex  2.344616e+01  8.348142e+00  1.629858e+02
     vertex  2.344616e+01  8.348142e+00  1.589858e+02
   endloop
 endfacet
 facet normal -6.090753e-01 -7.931124e-01  4.516495e-15
   outer loop
     vertex  2.374631e+01  8.156756e+00  1.589858e+02
     vertex  2.374631e+01  8.156756e+00  1.629858e+02
     vertex  2.360461e+01  8.265579e+00  1.629858e+02
   endloop
 endfacet
 facet normal -6.090753e-01 -7.931124e-01  4.162790e-15
   outer loop
     vertex  2.374631e+01  8.156756e+00  1.589858e+02
     vertex  2.360461e+01  8.265579e+00  1.629858e+02
     vertex  2.360461e+01  8.265579e+00  1.589858e+02
   endloop
 endfacet
 facet normal -7.375446e-01 -6.752984e-01  5.595748e-15
   outer loop
     vertex  2.386697e+01  8.024979e+00  1.589858e+02
     vertex  2.386697e+01  8.024979e+00  1.629858e+02
     vertex  2.374631e+01  8.156756e+00  1.629858e+02
   endloop
 endfacet
 facet normal -7.375446e-01 -6.752984e-01  5.592460e-15
   outer loop
     vertex  2.386697e+01  8.024979e+00  1.589858e+02
     vertex  2.374631e+01  8.156756e+00  1.629858e+02
     vertex  2.374631e+01  8.156756e+00  1.589858e+02
   endloop
 endfacet
 facet normal -8.436040e-01 -5.369658e-01  5.517246e-15
   outer loop
     vertex  2.396291e+01  7.874253e+00  1.589858e+02
     vertex  2.396291e+01  7.874253e+00  1.629858e+02
     vertex  2.386697e+01  8.024979e+00  1.629858e+02
   endloop
 endfacet
 facet normal -8.436040e-01 -5.369658e-01  6.505118e-15
   outer loop
     vertex  2.396291e+01  7.874253e+00  1.589858e+02
     vertex  2.386697e+01  8.024979e+00  1.629858e+02
     vertex  2.386697e+01  8.024979e+00  1.589858e+02
   endloop
 endfacet
 facet normal -9.763816e-01 -2.160532e-01  6.745715e-15
   outer loop
     vertex  2.403121e+01  7.709157e+00  1.589858e+02
     vertex  2.406982e+01  7.534708e+00  1.629858e+02
     vertex  2.403121e+01  7.709157e+00  1.629858e+02
   endloop
 endfacet
 facet normal -9.240309e-01 -3.823178e-01  6.226068e-15
   outer loop
     vertex  2.403121e+01  7.709157e+00  1.589858e+02
     vertex  2.403121e+01  7.709157e+00  1.629858e+02
     vertex  2.396291e+01  7.874253e+00  1.629858e+02
   endloop
 endfacet
 facet normal -9.240309e-01 -3.823178e-01  6.225981e-15
   outer loop
     vertex  2.403121e+01  7.709157e+00  1.589858e+02
     vertex  2.396291e+01  7.874253e+00  1.629858e+02
     vertex  2.396291e+01  7.874253e+00  1.589858e+02
   endloop
 endfacet
 facet normal -9.763816e-01 -2.160532e-01  6.697741e-15
   outer loop
     vertex  2.406982e+01  7.534708e+00  1.589858e+02
     vertex  2.406982e+01  7.534708e+00  1.629858e+02
     vertex  2.403121e+01  7.709157e+00  1.589858e+02
   endloop
 endfacet
 facet normal -9.990654e-01 -4.322403e-02  7.050953e-15
   outer loop
     vertex  2.407754e+01  7.356205e+00  1.589858e+02
     vertex  2.406982e+01  7.534708e+00  1.629858e+02
     vertex  2.406982e+01  7.534708e+00  1.589858e+02
   endloop
 endfacet
 facet normal -9.990654e-01 -4.322403e-02  7.060396e-15
   outer loop
     vertex  2.407754e+01  7.356205e+00  1.589858e+02
     vertex  2.407754e+01  7.356205e+00  1.629858e+02
     vertex  2.406982e+01  7.534708e+00  1.629858e+02
   endloop
 endfacet
 facet normal -9.913931e-01  1.309185e-01  7.160485e-15
   outer loop
     vertex  2.405415e+01  7.179074e+00  1.589858e+02
     vertex  2.407754e+01  7.356205e+00  1.629858e+02
     vertex  2.407754e+01  7.356205e+00  1.589858e+02
   endloop
 endfacet
 facet normal -9.913931e-01  1.309185e-01  7.189621e-15
   outer loop
     vertex  2.405415e+01  7.179074e+00  1.589858e+02
     vertex  2.405415e+01  7.179074e+00  1.629858e+02
     vertex  2.407754e+01  7.356205e+00  1.629858e+02
   endloop
 endfacet
 facet normal -9.535979e-01  3.010832e-01  7.109512e-15
   outer loop
     vertex  2.400035e+01  7.008695e+00  1.589858e+02
     vertex  2.405415e+01  7.179074e+00  1.629858e+02
     vertex  2.405415e+01  7.179074e+00  1.589858e+02
   endloop
 endfacet
 facet normal -9.535979e-01  3.010832e-01  6.329879e-15
   outer loop
     vertex  2.400035e+01  7.008695e+00  1.589858e+02
     vertex  2.400035e+01  7.008695e+00  1.629858e+02
     vertex  2.405415e+01  7.179074e+00  1.629858e+02
   endloop
 endfacet
 facet normal -9.535979e-01  3.010832e-01  6.775720e-15
   outer loop
     vertex  2.157557e+01  8.014199e+00  1.629858e+02
     vertex  2.157557e+01  8.014199e+00  1.619858e+02
     vertex  2.149160e+01  7.748242e+00  1.619858e+02
   endloop
 endfacet
 facet normal -9.913931e-01  1.309185e-01  7.044272e-15
   outer loop
     vertex  2.149160e+01  7.748242e+00  1.629858e+02
     vertex  2.149160e+01  7.748242e+00  1.619858e+02
     vertex  2.145508e+01  7.471744e+00  1.619858e+02
   endloop
 endfacet
 facet normal -9.535979e-01  3.010832e-01  6.775720e-15
   outer loop
     vertex  2.149160e+01  7.748242e+00  1.629858e+02
     vertex  2.157557e+01  8.014199e+00  1.629858e+02
     vertex  2.149160e+01  7.748242e+00  1.619858e+02
   endloop
 endfacet
 facet normal -9.990654e-01 -4.322403e-02  7.098787e-15
   outer loop
     vertex  2.145508e+01  7.471744e+00  1.629858e+02
     vertex  2.145508e+01  7.471744e+00  1.619858e+02
     vertex  2.146714e+01  7.193106e+00  1.619858e+02
   endloop
 endfacet
 facet normal -9.913931e-01  1.309185e-01  7.044272e-15
   outer loop
     vertex  2.145508e+01  7.471744e+00  1.629858e+02
     vertex  2.149160e+01  7.748242e+00  1.629858e+02
     vertex  2.145508e+01  7.471744e+00  1.619858e+02
   endloop
 endfacet
 facet normal -9.763816e-01 -2.160532e-01  6.937608e-15
   outer loop
     vertex  2.146714e+01  7.193106e+00  1.629858e+02
     vertex  2.146714e+01  7.193106e+00  1.619858e+02
     vertex  2.152740e+01  6.920795e+00  1.619858e+02
   endloop
 endfacet
 facet normal -9.990654e-01 -4.322403e-02  7.098787e-15
   outer loop
     vertex  2.146714e+01  7.193106e+00  1.629858e+02
     vertex  2.145508e+01  7.471744e+00  1.629858e+02
     vertex  2.146714e+01  7.193106e+00  1.619858e+02
   endloop
 endfacet
 facet normal -9.240309e-01 -3.823178e-01  6.565634e-15
   outer loop
     vertex  2.152740e+01  6.920795e+00  1.629858e+02
     vertex  2.152740e+01  6.920795e+00  1.619858e+02
     vertex  2.163402e+01  6.663084e+00  1.619858e+02
   endloop
 endfacet
 facet normal -9.763816e-01 -2.160532e-01  6.937608e-15
   outer loop
     vertex  2.152740e+01  6.920795e+00  1.629858e+02
     vertex  2.146714e+01  7.193106e+00  1.629858e+02
     vertex  2.152740e+01  6.920795e+00  1.619858e+02
   endloop
 endfacet
 facet normal -9.240309e-01 -3.823178e-01  6.565634e-15
   outer loop
     vertex  2.163402e+01  6.663084e+00  1.629858e+02
     vertex  2.152740e+01  6.920795e+00  1.629858e+02
     vertex  2.163402e+01  6.663084e+00  1.619858e+02
   endloop
 endfacet
 facet normal -8.436040e-01 -5.369658e-01  5.994167e-15
   outer loop
     vertex  2.178378e+01  6.427805e+00  1.629858e+02
     vertex  2.163402e+01  6.663084e+00  1.619858e+02
     vertex  2.178378e+01  6.427805e+00  1.619858e+02
   endloop
 endfacet
 facet normal -7.375446e-01 -6.752984e-01  5.240570e-15
   outer loop
     vertex  2.178378e+01  6.427805e+00  1.629858e+02
     vertex  2.178378e+01  6.427805e+00  1.619858e+02
     vertex  2.197212e+01  6.222105e+00  1.619858e+02
   endloop
 endfacet
 facet normal -8.436040e-01 -5.369658e-01  5.995996e-15
   outer loop
     vertex  2.178378e+01  6.427805e+00  1.629858e+02
     vertex  2.163402e+01  6.663084e+00  1.629858e+02
     vertex  2.163402e+01  6.663084e+00  1.619858e+02
   endloop
 endfacet
 facet normal -6.090753e-01 -7.931124e-01  4.327741e-15
   outer loop
     vertex  2.197212e+01  6.222105e+00  1.629858e+02
     vertex  2.197212e+01  6.222105e+00  1.619858e+02
     vertex  2.219332e+01  6.052234e+00  1.619858e+02
   endloop
 endfacet
 facet normal -7.375446e-01 -6.752984e-01  5.240570e-15
   outer loop
     vertex  2.197212e+01  6.222105e+00  1.629858e+02
     vertex  2.178378e+01  6.427805e+00  1.629858e+02
     vertex  2.197212e+01  6.222105e+00  1.619858e+02
   endloop
 endfacet
 facet normal -4.620996e-01 -8.868280e-01  3.283415e-15
   outer loop
     vertex  2.219332e+01  6.052234e+00  1.629858e+02
     vertex  2.219332e+01  6.052234e+00  1.619858e+02
     vertex  2.244065e+01  5.923356e+00  1.619858e+02
   endloop
 endfacet
 facet normal -6.090753e-01 -7.931124e-01  4.327741e-15
   outer loop
     vertex  2.219332e+01  6.052234e+00  1.629858e+02
     vertex  2.197212e+01  6.222105e+00  1.629858e+02
     vertex  2.219332e+01  6.052234e+00  1.619858e+02
   endloop
 endfacet
 facet normal -3.010832e-01 -9.535979e-01  2.139325e-15
   outer loop
     vertex  2.244065e+01  5.923356e+00  1.629858e+02
     vertex  2.244065e+01  5.923356e+00  1.619858e+02
     vertex  2.270661e+01  5.839384e+00  1.619858e+02
   endloop
 endfacet
 facet normal -4.620996e-01 -8.868280e-01  3.283415e-15
   outer loop
     vertex  2.244065e+01  5.923356e+00  1.629858e+02
     vertex  2.219332e+01  6.052234e+00  1.629858e+02
     vertex  2.244065e+01  5.923356e+00  1.619858e+02
   endloop
 endfacet
 facet normal -3.010832e-01 -9.535979e-01  2.139325e-15
   outer loop
     vertex  2.270661e+01  5.839384e+00  1.629858e+02
     vertex  2.244065e+01  5.923356e+00  1.629858e+02
     vertex  2.270661e+01  5.839384e+00  1.619858e+02
   endloop
 endfacet
 facet normal -1.309185e-01 -9.913931e-01  9.302321e-16
   outer loop
     vertex  2.298311e+01  5.802871e+00  1.629858e+02
     vertex  2.270661e+01  5.839384e+00  1.619858e+02
     vertex  2.298311e+01  5.802871e+00  1.619858e+02
   endloop
 endfacet
 facet normal -1.309185e-01 -9.913931e-01  9.329869e-16
   outer loop
     vertex  2.298311e+01  5.802871e+00  1.629858e+02
     vertex  2.270661e+01  5.839384e+00  1.629858e+02
     vertex  2.270661e+01  5.839384e+00  1.619858e+02
   endloop
 endfacet
 facet normal  4.322403e-02 -9.990654e-01 -3.071252e-16
   outer loop
     vertex  2.326175e+01  5.814926e+00  1.629858e+02
     vertex  2.298311e+01  5.802871e+00  1.619858e+02
     vertex  2.326175e+01  5.814926e+00  1.619858e+02
   endloop
 endfacet
 facet normal  2.160532e-01 -9.763816e-01 -1.535151e-15
   outer loop
     vertex  2.326175e+01  5.814926e+00  1.629858e+02
     vertex  2.326175e+01  5.814926e+00  1.619858e+02
     vertex  2.353406e+01  5.875183e+00  1.619858e+02
   endloop
 endfacet
 facet normal  4.322403e-02 -9.990654e-01 -3.078857e-16
   outer loop
     vertex  2.326175e+01  5.814926e+00  1.629858e+02
     vertex  2.298311e+01  5.802871e+00  1.629858e+02
     vertex  2.298311e+01  5.802871e+00  1.619858e+02
   endloop
 endfacet
 facet normal  2.160532e-01 -9.763816e-01 -1.535151e-15
   outer loop
     vertex  2.353406e+01  5.875183e+00  1.629858e+02
     vertex  2.326175e+01  5.814926e+00  1.629858e+02
     vertex  2.353406e+01  5.875183e+00  1.619858e+02
   endloop
 endfacet
 facet normal  3.823178e-01 -9.240309e-01 -2.716531e-15
   outer loop
     vertex  2.379177e+01  5.981811e+00  1.629858e+02
     vertex  2.353406e+01  5.875183e+00  1.619858e+02
     vertex  2.379177e+01  5.981811e+00  1.619858e+02
   endloop
 endfacet
 facet normal  3.823178e-01 -9.240309e-01 -2.724322e-15
   outer loop
     vertex  2.379177e+01  5.981811e+00  1.629858e+02
     vertex  2.353406e+01  5.875183e+00  1.629858e+02
     vertex  2.353406e+01  5.875183e+00  1.619858e+02
   endloop
 endfacet
 facet normal  5.369658e-01 -8.436040e-01 -3.831466e-15
   outer loop
     vertex  2.402705e+01  6.131570e+00  1.629858e+02
     vertex  2.379177e+01  5.981811e+00  1.629858e+02
     vertex  2.379177e+01  5.981811e+00  1.619858e+02
   endloop
 endfacet
 facet normal  5.369658e-01 -8.436040e-01 -3.815372e-15
   outer loop
     vertex  2.402705e+01  6.131570e+00  1.629858e+02
     vertex  2.379177e+01  5.981811e+00  1.619858e+02
     vertex  2.402705e+01  6.131570e+00  1.619858e+02
   endloop
 endfacet
 facet normal  6.752984e-01 -7.375446e-01 -4.798284e-15
   outer loop
     vertex  2.402705e+01  6.131570e+00  1.629858e+02
     vertex  2.402705e+01  6.131570e+00  1.619858e+02
     vertex  2.423275e+01  6.319909e+00  1.619858e+02
   endloop
 endfacet
 facet normal  6.752984e-01 -7.375446e-01 -4.798284e-15
   outer loop
     vertex  2.423275e+01  6.319909e+00  1.629858e+02
     vertex  2.402705e+01  6.131570e+00  1.629858e+02
     vertex  2.423275e+01  6.319909e+00  1.619858e+02
   endloop
 endfacet
 facet normal  7.931124e-01 -6.090753e-01 -5.647680e-15
   outer loop
     vertex  2.440262e+01  6.541107e+00  1.629858e+02
     vertex  2.423275e+01  6.319909e+00  1.629858e+02
     vertex  2.423275e+01  6.319909e+00  1.619858e+02
   endloop
 endfacet
 facet normal  7.931124e-01 -6.090753e-01 -5.635402e-15
   outer loop
     vertex  2.440262e+01  6.541107e+00  1.629858e+02
     vertex  2.423275e+01  6.319909e+00  1.619858e+02
     vertex  2.440262e+01  6.541107e+00  1.619858e+02
   endloop
 endfacet
 facet normal  8.868280e-01 -4.620996e-01 -6.294551e-15
   outer loop
     vertex  2.453150e+01  6.788442e+00  1.629858e+02
     vertex  2.440262e+01  6.541107e+00  1.629858e+02
     vertex  2.440262e+01  6.541107e+00  1.619858e+02
   endloop
 endfacet
 facet normal  8.868280e-01 -4.620996e-01 -7.122146e-15
   outer loop
     vertex  2.453150e+01  6.788442e+00  1.629858e+02
     vertex  2.440262e+01  6.541107e+00  1.619858e+02
     vertex  2.453150e+01  6.788442e+00  1.619858e+02
   endloop
 endfacet
 facet normal  8.868280e-01 -4.620996e-01 -6.301292e-15
   outer loop
     vertex  2.452910e+01  6.460462e+00  1.589858e+02
     vertex  2.467006e+01  6.730985e+00  1.619858e+02
     vertex  2.452910e+01  6.460462e+00  1.619858e+02
   endloop
 endfacet
 facet normal  8.868280e-01 -4.620996e-01 -6.482926e-15
   outer loop
     vertex  2.452910e+01  6.460462e+00  1.589858e+02
     vertex  2.467006e+01  6.730985e+00  1.589858e+02
     vertex  2.467006e+01  6.730985e+00  1.619858e+02
   endloop
 endfacet
 facet normal  7.931124e-01 -6.090753e-01 -5.635402e-15
   outer loop
     vertex  2.434330e+01  6.218527e+00  1.589858e+02
     vertex  2.452910e+01  6.460462e+00  1.619858e+02
     vertex  2.434330e+01  6.218527e+00  1.619858e+02
   endloop
 endfacet
 facet normal  7.931124e-01 -6.090753e-01 -5.633700e-15
   outer loop
     vertex  2.434330e+01  6.218527e+00  1.589858e+02
     vertex  2.452910e+01  6.460462e+00  1.589858e+02
     vertex  2.452910e+01  6.460462e+00  1.619858e+02
   endloop
 endfacet
 facet normal  6.752984e-01 -7.375446e-01 -4.798284e-15
   outer loop
     vertex  2.411832e+01  6.012531e+00  1.589858e+02
     vertex  2.434330e+01  6.218527e+00  1.619858e+02
     vertex  2.411832e+01  6.012531e+00  1.619858e+02
   endloop
 endfacet
 facet normal  6.752984e-01 -7.375446e-01 -4.799640e-15
   outer loop
     vertex  2.411832e+01  6.012531e+00  1.589858e+02
     vertex  2.434330e+01  6.218527e+00  1.589858e+02
     vertex  2.434330e+01  6.218527e+00  1.619858e+02
   endloop
 endfacet
 facet normal  5.369658e-01 -8.436040e-01 -3.815372e-15
   outer loop
     vertex  2.386098e+01  5.848732e+00  1.589858e+02
     vertex  2.411832e+01  6.012531e+00  1.619858e+02
     vertex  2.386098e+01  5.848732e+00  1.619858e+02
   endloop
 endfacet
 facet normal  5.369658e-01 -8.436040e-01 -3.821514e-15
   outer loop
     vertex  2.386098e+01  5.848732e+00  1.589858e+02
     vertex  2.411832e+01  6.012531e+00  1.589858e+02
     vertex  2.411832e+01  6.012531e+00  1.619858e+02
   endloop
 endfacet
 facet normal  3.823178e-01 -9.240309e-01 -2.716531e-15
   outer loop
     vertex  2.357911e+01  5.732108e+00  1.589858e+02
     vertex  2.386098e+01  5.848732e+00  1.619858e+02
     vertex  2.357911e+01  5.732108e+00  1.619858e+02
   endloop
 endfacet
 facet normal  3.823178e-01 -9.240309e-01 -2.714488e-15
   outer loop
     vertex  2.357911e+01  5.732108e+00  1.589858e+02
     vertex  2.386098e+01  5.848732e+00  1.589858e+02
     vertex  2.386098e+01  5.848732e+00  1.619858e+02
   endloop
 endfacet
 facet normal  2.160532e-01 -9.763816e-01 -1.535151e-15
   outer loop
     vertex  2.328127e+01  5.666202e+00  1.589858e+02
     vertex  2.357911e+01  5.732108e+00  1.619858e+02
     vertex  2.328127e+01  5.666202e+00  1.619858e+02
   endloop
 endfacet
 facet normal  2.160532e-01 -9.763816e-01 -1.535430e-15
   outer loop
     vertex  2.328127e+01  5.666202e+00  1.589858e+02
     vertex  2.357911e+01  5.732108e+00  1.589858e+02
     vertex  2.357911e+01  5.732108e+00  1.619858e+02
   endloop
 endfacet
 facet normal  4.322403e-02 -9.990654e-01 -3.071252e-16
   outer loop
     vertex  2.297651e+01  5.653016e+00  1.589858e+02
     vertex  2.328127e+01  5.666202e+00  1.619858e+02
     vertex  2.297651e+01  5.653016e+00  1.619858e+02
   endloop
 endfacet
 facet normal  4.322403e-02 -9.990654e-01 -3.070860e-16
   outer loop
     vertex  2.297651e+01  5.653016e+00  1.589858e+02
     vertex  2.328127e+01  5.666202e+00  1.589858e+02
     vertex  2.328127e+01  5.666202e+00  1.619858e+02
   endloop
 endfacet
 facet normal -1.309185e-01 -9.913931e-01  9.302321e-16
   outer loop
     vertex  2.267409e+01  5.692952e+00  1.589858e+02
     vertex  2.297651e+01  5.653016e+00  1.619858e+02
     vertex  2.267409e+01  5.692952e+00  1.619858e+02
   endloop
 endfacet
 facet normal -1.309185e-01 -9.913931e-01  9.307358e-16
   outer loop
     vertex  2.267409e+01  5.692952e+00  1.589858e+02
     vertex  2.297651e+01  5.653016e+00  1.589858e+02
     vertex  2.297651e+01  5.653016e+00  1.619858e+02
   endloop
 endfacet
 facet normal -3.010832e-01 -9.535979e-01  2.139325e-15
   outer loop
     vertex  2.238320e+01  5.784796e+00  1.589858e+02
     vertex  2.267409e+01  5.692952e+00  1.619858e+02
     vertex  2.238320e+01  5.784796e+00  1.619858e+02
   endloop
 endfacet
 facet normal -3.010832e-01 -9.535979e-01  2.138228e-15
   outer loop
     vertex  2.238320e+01  5.784796e+00  1.589858e+02
     vertex  2.267409e+01  5.692952e+00  1.589858e+02
     vertex  2.267409e+01  5.692952e+00  1.619858e+02
   endloop
 endfacet
 facet normal -6.090753e-01 -7.931124e-01  4.327741e-15
   outer loop
     vertex  2.211267e+01  5.925758e+00  1.589858e+02
     vertex  2.211267e+01  5.925758e+00  1.619858e+02
     vertex  2.187074e+01  6.111553e+00  1.619858e+02
   endloop
 endfacet
 facet normal -4.620996e-01 -8.868280e-01  3.283415e-15
   outer loop
     vertex  2.211267e+01  5.925758e+00  1.589858e+02
     vertex  2.238320e+01  5.784796e+00  1.619858e+02
     vertex  2.211267e+01  5.925758e+00  1.619858e+02
   endloop
 endfacet
 facet normal -4.620996e-01 -8.868280e-01  3.283166e-15
   outer loop
     vertex  2.211267e+01  5.925758e+00  1.589858e+02
     vertex  2.238320e+01  5.784796e+00  1.589858e+02
     vertex  2.238320e+01  5.784796e+00  1.619858e+02
   endloop
 endfacet
 facet normal -6.090753e-01 -7.931124e-01  4.327741e-15
   outer loop
     vertex  2.187074e+01  6.111553e+00  1.589858e+02
     vertex  2.211267e+01  5.925758e+00  1.589858e+02
     vertex  2.187074e+01  6.111553e+00  1.619858e+02
   endloop
 endfacet
 facet normal -7.375446e-01 -6.752984e-01  5.240570e-15
   outer loop
     vertex  2.166474e+01  6.336537e+00  1.589858e+02
     vertex  2.187074e+01  6.111553e+00  1.619858e+02
     vertex  2.166474e+01  6.336537e+00  1.619858e+02
   endloop
 endfacet
 facet normal -7.375446e-01 -6.752984e-01  5.239417e-15
   outer loop
     vertex  2.166474e+01  6.336537e+00  1.589858e+02
     vertex  2.187074e+01  6.111553e+00  1.589858e+02
     vertex  2.187074e+01  6.111553e+00  1.619858e+02
   endloop
 endfacet
 facet normal -8.436040e-01 -5.369658e-01  5.994167e-15
   outer loop
     vertex  2.150094e+01  6.593875e+00  1.589858e+02
     vertex  2.166474e+01  6.336537e+00  1.619858e+02
     vertex  2.150094e+01  6.593875e+00  1.619858e+02
   endloop
 endfacet
 facet normal -8.436040e-01 -5.369658e-01  5.997654e-15
   outer loop
     vertex  2.150094e+01  6.593875e+00  1.589858e+02
     vertex  2.166474e+01  6.336537e+00  1.589858e+02
     vertex  2.166474e+01  6.336537e+00  1.619858e+02
   endloop
 endfacet
 facet normal -9.240309e-01 -3.823178e-01  6.565634e-15
   outer loop
     vertex  2.138432e+01  6.875746e+00  1.589858e+02
     vertex  2.150094e+01  6.593875e+00  1.619858e+02
     vertex  2.138432e+01  6.875746e+00  1.619858e+02
   endloop
 endfacet
 facet normal -9.240309e-01 -3.823178e-01  6.566332e-15
   outer loop
     vertex  2.138432e+01  6.875746e+00  1.589858e+02
     vertex  2.150094e+01  6.593875e+00  1.589858e+02
     vertex  2.150094e+01  6.593875e+00  1.619858e+02
   endloop
 endfacet
 facet normal -9.990654e-01 -4.322403e-02  7.098787e-15
   outer loop
     vertex  2.131841e+01  7.173586e+00  1.589858e+02
     vertex  2.131841e+01  7.173586e+00  1.619858e+02
     vertex  2.130523e+01  7.478346e+00  1.619858e+02
   endloop
 endfacet
 facet normal -9.763816e-01 -2.160532e-01  6.937608e-15
   outer loop
     vertex  2.131841e+01  7.173586e+00  1.589858e+02
     vertex  2.138432e+01  6.875746e+00  1.619858e+02
     vertex  2.131841e+01  7.173586e+00  1.619858e+02
   endloop
 endfacet
 facet normal -9.763816e-01 -2.160532e-01  6.934077e-15
   outer loop
     vertex  2.131841e+01  7.173586e+00  1.589858e+02
     vertex  2.138432e+01  6.875746e+00  1.589858e+02
     vertex  2.138432e+01  6.875746e+00  1.619858e+02
   endloop
 endfacet
 facet normal -9.990654e-01 -4.322403e-02  7.098787e-15
   outer loop
     vertex  2.130523e+01  7.478346e+00  1.589858e+02
     vertex  2.131841e+01  7.173586e+00  1.589858e+02
     vertex  2.130523e+01  7.478346e+00  1.619858e+02
   endloop
 endfacet
 facet normal -9.913931e-01  1.309185e-01  7.044272e-15
   outer loop
     vertex  2.134517e+01  7.780766e+00  1.589858e+02
     vertex  2.130523e+01  7.478346e+00  1.619858e+02
     vertex  2.134517e+01  7.780766e+00  1.619858e+02
   endloop
 endfacet
 facet normal -9.913931e-01  1.309185e-01  7.044021e-15
   outer loop
     vertex  2.134517e+01  7.780766e+00  1.589858e+02
     vertex  2.130523e+01  7.478346e+00  1.589858e+02
     vertex  2.130523e+01  7.478346e+00  1.619858e+02
   endloop
 endfacet
 facet normal -9.535979e-01  3.010832e-01  6.359542e-15
   outer loop
     vertex  2.143701e+01  8.071656e+00  1.589858e+02
     vertex  2.134517e+01  7.780766e+00  1.619858e+02
     vertex  2.143701e+01  8.071656e+00  1.619858e+02
   endloop
 endfacet
 facet normal -9.535979e-01  3.010832e-01  6.778638e-15
   outer loop
     vertex  2.143701e+01  8.071656e+00  1.589858e+02
     vertex  2.134517e+01  7.780766e+00  1.589858e+02
     vertex  2.134517e+01  7.780766e+00  1.619858e+02
   endloop
 endfacet
 facet normal -8.868280e-01  4.620996e-01  6.346443e-15
   outer loop
     vertex  2.157797e+01  8.342179e+00  1.589858e+02
     vertex  2.143701e+01  8.071656e+00  1.589858e+02
     vertex  2.143701e+01  8.071656e+00  1.619858e+02
   endloop
 endfacet
 facet normal -8.868280e-01  4.620996e-01  6.301292e-15
   outer loop
     vertex  2.157797e+01  8.342179e+00  1.589858e+02
     vertex  2.143701e+01  8.071656e+00  1.619858e+02
     vertex  2.157797e+01  8.342179e+00  1.619858e+02
   endloop
 endfacet
 facet normal -7.931124e-01  6.090753e-01  5.635402e-15
   outer loop
     vertex  2.176377e+01  8.584114e+00  1.589858e+02
     vertex  2.157797e+01  8.342179e+00  1.619858e+02
     vertex  2.176377e+01  8.584114e+00  1.619858e+02
   endloop
 endfacet
 facet normal -7.931124e-01  6.090753e-01  5.633700e-15
   outer loop
     vertex  2.176377e+01  8.584114e+00  1.589858e+02
     vertex  2.157797e+01  8.342179e+00  1.589858e+02
     vertex  2.157797e+01  8.342179e+00  1.619858e+02
   endloop
 endfacet
 facet normal -6.752984e-01  7.375446e-01  4.798284e-15
   outer loop
     vertex  2.198875e+01  8.790110e+00  1.589858e+02
     vertex  2.176377e+01  8.584114e+00  1.619858e+02
     vertex  2.198875e+01  8.790110e+00  1.619858e+02
   endloop
 endfacet
 facet normal -6.752984e-01  7.375446e-01  4.799640e-15
   outer loop
     vertex  2.198875e+01  8.790110e+00  1.589858e+02
     vertex  2.176377e+01  8.584114e+00  1.589858e+02
     vertex  2.176377e+01  8.584114e+00  1.619858e+02
   endloop
 endfacet
 facet normal -5.369658e-01  8.436040e-01  3.815372e-15
   outer loop
     vertex  2.224609e+01  8.953909e+00  1.589858e+02
     vertex  2.198875e+01  8.790110e+00  1.619858e+02
     vertex  2.224609e+01  8.953909e+00  1.619858e+02
   endloop
 endfacet
 facet normal -5.369658e-01  8.436040e-01  3.813932e-15
   outer loop
     vertex  2.224609e+01  8.953909e+00  1.589858e+02
     vertex  2.198875e+01  8.790110e+00  1.589858e+02
     vertex  2.198875e+01  8.790110e+00  1.619858e+02
   endloop
 endfacet
 facet normal -3.823178e-01  9.240309e-01  2.716531e-15
   outer loop
     vertex  2.252796e+01  9.070533e+00  1.589858e+02
     vertex  2.224609e+01  8.953909e+00  1.619858e+02
     vertex  2.252796e+01  9.070533e+00  1.619858e+02
   endloop
 endfacet
 facet normal -3.823178e-01  9.240309e-01  2.714488e-15
   outer loop
     vertex  2.252796e+01  9.070533e+00  1.589858e+02
     vertex  2.224609e+01  8.953909e+00  1.589858e+02
     vertex  2.224609e+01  8.953909e+00  1.619858e+02
   endloop
 endfacet
 facet normal -2.160532e-01  9.763816e-01  1.535151e-15
   outer loop
     vertex  2.282580e+01  9.136439e+00  1.589858e+02
     vertex  2.252796e+01  9.070533e+00  1.619858e+02
     vertex  2.282580e+01  9.136439e+00  1.619858e+02
   endloop
 endfacet
 facet normal -2.160532e-01  9.763816e-01  1.535430e-15
   outer loop
     vertex  2.282580e+01  9.136439e+00  1.589858e+02
     vertex  2.252796e+01  9.070533e+00  1.589858e+02
     vertex  2.252796e+01  9.070533e+00  1.619858e+02
   endloop
 endfacet
 facet normal -4.322403e-02  9.990654e-01  3.071252e-16
   outer loop
     vertex  2.313056e+01  9.149624e+00  1.589858e+02
     vertex  2.282580e+01  9.136439e+00  1.619858e+02
     vertex  2.313056e+01  9.149624e+00  1.619858e+02
   endloop
 endfacet
 facet normal -4.322403e-02  9.990654e-01  3.070860e-16
   outer loop
     vertex  2.313056e+01  9.149624e+00  1.589858e+02
     vertex  2.282580e+01  9.136439e+00  1.589858e+02
     vertex  2.282580e+01  9.136439e+00  1.619858e+02
   endloop
 endfacet
 facet normal  3.010832e-01  9.535979e-01 -2.139325e-15
   outer loop
     vertex  2.343298e+01  9.109688e+00  1.589858e+02
     vertex  2.343298e+01  9.109688e+00  1.619858e+02
     vertex  2.372387e+01  9.017844e+00  1.619858e+02
   endloop
 endfacet
 facet normal  1.309185e-01  9.913931e-01 -9.302321e-16
   outer loop
     vertex  2.343298e+01  9.109688e+00  1.589858e+02
     vertex  2.313056e+01  9.149624e+00  1.619858e+02
     vertex  2.343298e+01  9.109688e+00  1.619858e+02
   endloop
 endfacet
 facet normal  1.309185e-01  9.913931e-01 -9.307358e-16
   outer loop
     vertex  2.343298e+01  9.109688e+00  1.589858e+02
     vertex  2.313056e+01  9.149624e+00  1.589858e+02
     vertex  2.313056e+01  9.149624e+00  1.619858e+02
   endloop
 endfacet
 facet normal  4.620996e-01  8.868280e-01 -3.283415e-15
   outer loop
     vertex  2.372387e+01  9.017844e+00  1.589858e+02
     vertex  2.372387e+01  9.017844e+00  1.619858e+02
     vertex  2.399439e+01  8.876883e+00  1.619858e+02
   endloop
 endfacet
 facet normal  3.010832e-01  9.535979e-01 -2.139325e-15
   outer loop
     vertex  2.372387e+01  9.017844e+00  1.589858e+02
     vertex  2.343298e+01  9.109688e+00  1.589858e+02
     vertex  2.372387e+01  9.017844e+00  1.619858e+02
   endloop
 endfacet
 facet normal  4.620996e-01  8.868280e-01 -3.283415e-15
   outer loop
     vertex  2.399439e+01  8.876883e+00  1.589858e+02
     vertex  2.372387e+01  9.017844e+00  1.589858e+02
     vertex  2.399439e+01  8.876883e+00  1.619858e+02
   endloop
 endfacet
 facet normal  6.090753e-01  7.931124e-01 -4.327741e-15
   outer loop
     vertex  2.423633e+01  8.691088e+00  1.589858e+02
     vertex  2.399439e+01  8.876883e+00  1.619858e+02
     vertex  2.423633e+01  8.691088e+00  1.619858e+02
   endloop
 endfacet
 facet normal  6.090753e-01  7.931124e-01 -4.329533e-15
   outer loop
     vertex  2.423633e+01  8.691088e+00  1.589858e+02
     vertex  2.399439e+01  8.876883e+00  1.589858e+02
     vertex  2.399439e+01  8.876883e+00  1.619858e+02
   endloop
 endfacet
 facet normal  7.375446e-01  6.752984e-01 -5.240570e-15
   outer loop
     vertex  2.444232e+01  8.466103e+00  1.589858e+02
     vertex  2.423633e+01  8.691088e+00  1.619858e+02
     vertex  2.444232e+01  8.466103e+00  1.619858e+02
   endloop
 endfacet
 facet normal  7.375446e-01  6.752984e-01 -5.239417e-15
   outer loop
     vertex  2.444232e+01  8.466103e+00  1.589858e+02
     vertex  2.423633e+01  8.691088e+00  1.589858e+02
     vertex  2.423633e+01  8.691088e+00  1.619858e+02
   endloop
 endfacet
 facet normal  9.240309e-01  3.823178e-01 -6.565634e-15
   outer loop
     vertex  2.460612e+01  8.208766e+00  1.589858e+02
     vertex  2.460612e+01  8.208766e+00  1.619858e+02
     vertex  2.472275e+01  7.926895e+00  1.619858e+02
   endloop
 endfacet
 facet normal  8.436040e-01  5.369658e-01 -5.994167e-15
   outer loop
     vertex  2.460612e+01  8.208766e+00  1.589858e+02
     vertex  2.444232e+01  8.466103e+00  1.619858e+02
     vertex  2.460612e+01  8.208766e+00  1.619858e+02
   endloop
 endfacet
 facet normal  8.436040e-01  5.369658e-01 -5.990072e-15
   outer loop
     vertex  2.460612e+01  8.208766e+00  1.589858e+02
     vertex  2.444232e+01  8.466103e+00  1.589858e+02
     vertex  2.444232e+01  8.466103e+00  1.619858e+02
   endloop
 endfacet
 facet normal  9.240309e-01  3.823178e-01 -6.565634e-15
   outer loop
     vertex  2.472275e+01  7.926895e+00  1.589858e+02
     vertex  2.460612e+01  8.208766e+00  1.589858e+02
     vertex  2.472275e+01  7.926895e+00  1.619858e+02
   endloop
 endfacet
 facet normal  9.763816e-01  2.160532e-01 -6.937608e-15
   outer loop
     vertex  2.478865e+01  7.629055e+00  1.589858e+02
     vertex  2.472275e+01  7.926895e+00  1.619858e+02
     vertex  2.478865e+01  7.629055e+00  1.619858e+02
   endloop
 endfacet
 facet normal  9.763816e-01  2.160532e-01 -6.937868e-15
   outer loop
     vertex  2.478865e+01  7.629055e+00  1.589858e+02
     vertex  2.472275e+01  7.926895e+00  1.589858e+02
     vertex  2.472275e+01  7.926895e+00  1.619858e+02
   endloop
 endfacet
 facet normal  9.913931e-01 -1.309185e-01 -7.044272e-15
   outer loop
     vertex  2.480184e+01  7.324295e+00  1.589858e+02
     vertex  2.480184e+01  7.324295e+00  1.619858e+02
     vertex  2.476190e+01  7.021875e+00  1.619858e+02
   endloop
 endfacet
 facet normal  9.990654e-01  4.322403e-02 -7.098787e-15
   outer loop
     vertex  2.480184e+01  7.324295e+00  1.589858e+02
     vertex  2.478865e+01  7.629055e+00  1.619858e+02
     vertex  2.480184e+01  7.324295e+00  1.619858e+02
   endloop
 endfacet
 facet normal  9.990654e-01  4.322403e-02 -7.098993e-15
   outer loop
     vertex  2.480184e+01  7.324295e+00  1.589858e+02
     vertex  2.478865e+01  7.629055e+00  1.589858e+02
     vertex  2.478865e+01  7.629055e+00  1.619858e+02
   endloop
 endfacet
 facet normal  9.913931e-01 -1.309185e-01 -7.044272e-15
   outer loop
     vertex  2.476190e+01  7.021875e+00  1.589858e+02
     vertex  2.480184e+01  7.324295e+00  1.589858e+02
     vertex  2.476190e+01  7.021875e+00  1.619858e+02
   endloop
 endfacet
 facet normal  9.535979e-01 -3.010832e-01 -6.448680e-15
   outer loop
     vertex  2.467006e+01  6.730985e+00  1.589858e+02
     vertex  2.476190e+01  7.021875e+00  1.619858e+02
     vertex  2.467006e+01  6.730985e+00  1.619858e+02
   endloop
 endfacet
 facet normal  9.535979e-01 -3.010832e-01 -6.778638e-15
   outer loop
     vertex  2.467006e+01  6.730985e+00  1.589858e+02
     vertex  2.476190e+01  7.021875e+00  1.589858e+02
     vertex  2.476190e+01  7.021875e+00  1.619858e+02
   endloop
 endfacet
 facet normal  0.000000e+00  0.000000e+00 -1.000000e+00
   outer loop
     vertex  2.403121e+01  7.709157e+00  1.589858e+02
     vertex  2.460612e+01  8.208766e+00  1.589858e+02
     vertex  2.472275e+01  7.926895e+00  1.589858e+02
   endloop
 endfacet
 facet normal  0.000000e+00  0.000000e+00 -1.000000e+00
   outer loop
     vertex  2.396291e+01  7.874253e+00  1.589858e+02
     vertex  2.444232e+01  8.466103e+00  1.589858e+02
     vertex  2.460612e+01  8.208766e+00  1.589858e+02
   endloop
 endfacet
 facet normal  0.000000e+00  0.000000e+00 -1.000000e+00
   outer loop
     vertex  2.396291e+01  7.874253e+00  1.589858e+02
     vertex  2.460612e+01  8.208766e+00  1.589858e+02
     vertex  2.403121e+01  7.709157e+00  1.589858e+02
   endloop
 endfacet
 facet normal  0.000000e+00  0.000000e+00 -1.000000e+00
   outer loop
     vertex  2.406982e+01  7.534708e+00  1.589858e+02
     vertex  2.472275e+01  7.926895e+00  1.589858e+02
     vertex  2.478865e+01  7.629055e+00  1.589858e+02
   endloop
 endfacet
 facet normal  0.000000e+00  0.000000e+00 -1.000000e+00
   outer loop
     vertex  2.406982e+01  7.534708e+00  1.589858e+02
     vertex  2.403121e+01  7.709157e+00  1.589858e+02
     vertex  2.472275e+01  7.926895e+00  1.589858e+02
   endloop
 endfacet
 facet normal  0.000000e+00  0.000000e+00 -1.000000e+00
   outer loop
     vertex  2.386697e+01  8.024979e+00  1.589858e+02
     vertex  2.423633e+01  8.691088e+00  1.589858e+02
     vertex  2.444232e+01  8.466103e+00  1.589858e+02
   endloop
 endfacet
 facet normal  0.000000e+00  0.000000e+00 -1.000000e+00
   outer loop
     vertex  2.386697e+01  8.024979e+00  1.589858e+02
     vertex  2.444232e+01  8.466103e+00  1.589858e+02
     vertex  2.396291e+01  7.874253e+00  1.589858e+02
   endloop
 endfacet
 facet normal  0.000000e+00  0.000000e+00 -1.000000e+00
   outer loop
     vertex  2.407754e+01  7.356205e+00  1.589858e+02
     vertex  2.406982e+01  7.534708e+00  1.589858e+02
     vertex  2.478865e+01  7.629055e+00  1.589858e+02
   endloop
 endfacet
 facet normal  0.000000e+00  0.000000e+00 -1.000000e+00
   outer loop
     vertex  2.407754e+01  7.356205e+00  1.589858e+02
     vertex  2.478865e+01  7.629055e+00  1.589858e+02
     vertex  2.480184e+01  7.324295e+00  1.589858e+02
   endloop
 endfacet
 facet normal  0.000000e+00  0.000000e+00 -1.000000e+00
   outer loop
     vertex  2.374631e+01  8.156756e+00  1.589858e+02
     vertex  2.423633e+01  8.691088e+00  1.589858e+02
     vertex  2.386697e+01  8.024979e+00  1.589858e+02
   endloop
 endfacet
 facet normal  0.000000e+00  0.000000e+00 -1.000000e+00
   outer loop
     vertex  2.374631e+01  8.156756e+00  1.589858e+02
     vertex  2.399439e+01  8.876883e+00  1.589858e+02
     vertex  2.423633e+01  8.691088e+00  1.589858e+02
   endloop
 endfacet
 facet normal  0.000000e+00  0.000000e+00 -1.000000e+00
   outer loop
     vertex  2.405415e+01  7.179074e+00  1.589858e+02
     vertex  2.407754e+01  7.356205e+00  1.589858e+02
     vertex  2.480184e+01  7.324295e+00  1.589858e+02
   endloop
 endfacet
 facet normal  0.000000e+00  0.000000e+00 -1.000000e+00
   outer loop
     vertex  2.405415e+01  7.179074e+00  1.589858e+02
     vertex  2.480184e+01  7.324295e+00  1.589858e+02
     vertex  2.476190e+01  7.021875e+00  1.589858e+02
   endloop
 endfacet
 facet normal  0.000000e+00  0.000000e+00 -1.000000e+00
   outer loop
     vertex  2.360461e+01  8.265579e+00  1.589858e+02
     vertex  2.399439e+01  8.876883e+00  1.589858e+02
     vertex  2.374631e+01  8.156756e+00  1.589858e+02
   endloop
 endfacet
 facet normal  0.000000e+00  0.000000e+00 -1.000000e+00
   outer loop
     vertex  2.360461e+01  8.265579e+00  1.589858e+02
     vertex  2.372387e+01  9.017844e+00  1.589858e+02
     vertex  2.399439e+01  8.876883e+00  1.589858e+02
   endloop
 endfacet
 facet normal  0.000000e+00  0.000000e+00 -1.000000e+00
   outer loop
     vertex  2.400035e+01  7.008695e+00  1.589858e+02
     vertex  2.405415e+01  7.179074e+00  1.589858e+02
     vertex  2.476190e+01  7.021875e+00  1.589858e+02
   endloop
 endfacet
 facet normal  0.000000e+00  0.000000e+00 -1.000000e+00
   outer loop
     vertex  2.400035e+01  7.008695e+00  1.589858e+02
     vertex  2.476190e+01  7.021875e+00  1.589858e+02
     vertex  2.467006e+01  6.730985e+00  1.589858e+02
   endloop
 endfacet
 facet normal  0.000000e+00  0.000000e+00 -1.000000e+00
   outer loop
     vertex  2.344616e+01  8.348142e+00  1.589858e+02
     vertex  2.372387e+01  9.017844e+00  1.589858e+02
     vertex  2.360461e+01  8.265579e+00  1.589858e+02
   endloop
 endfacet
 facet normal  0.000000e+00  0.000000e+00 -1.000000e+00
   outer loop
     vertex  2.344616e+01  8.348142e+00  1.589858e+02
     vertex  2.343298e+01  9.109688e+00  1.589858e+02
     vertex  2.372387e+01  9.017844e+00  1.589858e+02
   endloop
 endfacet
 facet normal  0.000000e+00  0.000000e+00 -1.000000e+00
   outer loop
     vertex  2.391779e+01  6.850246e+00  1.589858e+02
     vertex  2.400035e+01  7.008695e+00  1.589858e+02
     vertex  2.467006e+01  6.730985e+00  1.589858e+02
   endloop
 endfacet
 facet normal  0.000000e+00  0.000000e+00 -1.000000e+00
   outer loop
     vertex  2.391779e+01  6.850246e+00  1.589858e+02
     vertex  2.467006e+01  6.730985e+00  1.589858e+02
     vertex  2.452910e+01  6.460462e+00  1.589858e+02
   endloop
 endfacet
 facet normal  0.000000e+00  0.000000e+00 -1.000000e+00
   outer loop
     vertex  2.327578e+01  8.401936e+00  1.589858e+02
     vertex  2.343298e+01  9.109688e+00  1.589858e+02
     vertex  2.344616e+01  8.348142e+00  1.589858e+02
   endloop
 endfacet
 facet normal  0.000000e+00  0.000000e+00 -1.000000e+00
   outer loop
     vertex  2.327578e+01  8.401936e+00  1.589858e+02
     vertex  2.313056e+01  9.149624e+00  1.589858e+02
     vertex  2.343298e+01  9.109688e+00  1.589858e+02
   endloop
 endfacet
 facet normal  0.000000e+00  0.000000e+00 -1.000000e+00
   outer loop
     vertex  2.380897e+01  6.708541e+00  1.589858e+02
     vertex  2.452910e+01  6.460462e+00  1.589858e+02
     vertex  2.434330e+01  6.218527e+00  1.589858e+02
   endloop
 endfacet
 facet normal  0.000000e+00  0.000000e+00 -1.000000e+00
   outer loop
     vertex  2.380897e+01  6.708541e+00  1.589858e+02
     vertex  2.391779e+01  6.850246e+00  1.589858e+02
     vertex  2.452910e+01  6.460462e+00  1.589858e+02
   endloop
 endfacet
 facet normal  0.000000e+00  0.000000e+00 -1.000000e+00
   outer loop
     vertex  2.309865e+01  8.425327e+00  1.589858e+02
     vertex  2.282580e+01  9.136439e+00  1.589858e+02
     vertex  2.313056e+01  9.149624e+00  1.589858e+02
   endloop
 endfacet
 facet normal  0.000000e+00  0.000000e+00 -1.000000e+00
   outer loop
     vertex  2.309865e+01  8.425327e+00  1.589858e+02
     vertex  2.313056e+01  9.149624e+00  1.589858e+02
     vertex  2.327578e+01  8.401936e+00  1.589858e+02
   endloop
 endfacet
 facet normal  0.000000e+00  0.000000e+00 -1.000000e+00
   outer loop
     vertex  2.367719e+01  6.587886e+00  1.589858e+02
     vertex  2.434330e+01  6.218527e+00  1.589858e+02
     vertex  2.411832e+01  6.012531e+00  1.589858e+02
   endloop
 endfacet
 facet normal  0.000000e+00  0.000000e+00 -1.000000e+00
   outer loop
     vertex  2.367719e+01  6.587886e+00  1.589858e+02
     vertex  2.380897e+01  6.708541e+00  1.589858e+02
     vertex  2.434330e+01  6.218527e+00  1.589858e+02
   endloop
 endfacet
 facet normal  0.000000e+00  0.000000e+00 -1.000000e+00
   outer loop
     vertex  2.292015e+01  8.417604e+00  1.589858e+02
     vertex  2.282580e+01  9.136439e+00  1.589858e+02
     vertex  2.309865e+01  8.425327e+00  1.589858e+02
   endloop
 endfacet
 facet normal  0.000000e+00  0.000000e+00 -1.000000e+00
   outer loop
     vertex  2.252796e+01  9.070533e+00  1.589858e+02
     vertex  2.282580e+01  9.136439e+00  1.589858e+02
     vertex  2.292015e+01  8.417604e+00  1.589858e+02
   endloop
 endfacet
 facet normal  0.000000e+00  0.000000e+00 -1.000000e+00
   outer loop
     vertex  2.352647e+01  6.491947e+00  1.589858e+02
     vertex  2.411832e+01  6.012531e+00  1.589858e+02
     vertex  2.386098e+01  5.848732e+00  1.589858e+02
   endloop
 endfacet
 facet normal  0.000000e+00  0.000000e+00 -1.000000e+00
   outer loop
     vertex  2.352647e+01  6.491947e+00  1.589858e+02
     vertex  2.367719e+01  6.587886e+00  1.589858e+02
     vertex  2.411832e+01  6.012531e+00  1.589858e+02
   endloop
 endfacet
 facet normal  0.000000e+00  0.000000e+00 -1.000000e+00
   outer loop
     vertex  2.274570e+01  8.379002e+00  1.589858e+02
     vertex  2.252796e+01  9.070533e+00  1.589858e+02
     vertex  2.292015e+01  8.417604e+00  1.589858e+02
   endloop
 endfacet
 facet normal  0.000000e+00  0.000000e+00 -1.000000e+00
   outer loop
     vertex  2.224609e+01  8.953909e+00  1.589858e+02
     vertex  2.252796e+01  9.070533e+00  1.589858e+02
     vertex  2.274570e+01  8.379002e+00  1.589858e+02
   endloop
 endfacet
 facet normal  0.000000e+00  0.000000e+00 -1.000000e+00
   outer loop
     vertex  2.224609e+01  8.953909e+00  1.589858e+02
     vertex  2.274570e+01  8.379002e+00  1.589858e+02
     vertex  2.258060e+01  8.310694e+00  1.589858e+02
   endloop
 endfacet
 facet normal  0.000000e+00  0.000000e+00 -1.000000e+00
   outer loop
     vertex  2.357911e+01  5.732108e+00  1.589858e+02
     vertex  2.352647e+01  6.491947e+00  1.589858e+02
     vertex  2.386098e+01  5.848732e+00  1.589858e+02
   endloop
 endfacet
 facet normal  0.000000e+00  0.000000e+00 -1.000000e+00
   outer loop
     vertex  2.357911e+01  5.732108e+00  1.589858e+02
     vertex  2.336137e+01  6.423639e+00  1.589858e+02
     vertex  2.352647e+01  6.491947e+00  1.589858e+02
   endloop
 endfacet
 facet normal  0.000000e+00  0.000000e+00 -1.000000e+00
   outer loop
     vertex  2.198875e+01  8.790110e+00  1.589858e+02
     vertex  2.224609e+01  8.953909e+00  1.589858e+02
     vertex  2.258060e+01  8.310694e+00  1.589858e+02
   endloop
 endfacet
 facet normal  0.000000e+00  0.000000e+00 -1.000000e+00
   outer loop
     vertex  2.198875e+01  8.790110e+00  1.589858e+02
     vertex  2.258060e+01  8.310694e+00  1.589858e+02
     vertex  2.242987e+01  8.214754e+00  1.589858e+02
   endloop
 endfacet
 facet normal  0.000000e+00  0.000000e+00 -1.000000e+00
   outer loop
     vertex  2.328127e+01  5.666202e+00  1.589858e+02
     vertex  2.336137e+01  6.423639e+00  1.589858e+02
     vertex  2.357911e+01  5.732108e+00  1.589858e+02
   endloop
 endfacet
 facet normal  0.000000e+00  0.000000e+00 -1.000000e+00
   outer loop
     vertex  2.328127e+01  5.666202e+00  1.589858e+02
     vertex  2.318692e+01  6.385037e+00  1.589858e+02
     vertex  2.336137e+01  6.423639e+00  1.589858e+02
   endloop
 endfacet
 facet normal  0.000000e+00  0.000000e+00 -1.000000e+00
   outer loop
     vertex  2.176377e+01  8.584114e+00  1.589858e+02
     vertex  2.242987e+01  8.214754e+00  1.589858e+02
     vertex  2.229810e+01  8.094099e+00  1.589858e+02
   endloop
 endfacet
 facet normal  0.000000e+00  0.000000e+00 -1.000000e+00
   outer loop
     vertex  2.176377e+01  8.584114e+00  1.589858e+02
     vertex  2.198875e+01  8.790110e+00  1.589858e+02
     vertex  2.242987e+01  8.214754e+00  1.589858e+02
   endloop
 endfacet
 facet normal  0.000000e+00  0.000000e+00 -1.000000e+00
   outer loop
     vertex  2.297651e+01  5.653016e+00  1.589858e+02
     vertex  2.300842e+01  6.377314e+00  1.589858e+02
     vertex  2.318692e+01  6.385037e+00  1.589858e+02
   endloop
 endfacet
 facet normal  0.000000e+00  0.000000e+00 -1.000000e+00
   outer loop
     vertex  2.297651e+01  5.653016e+00  1.589858e+02
     vertex  2.318692e+01  6.385037e+00  1.589858e+02
     vertex  2.328127e+01  5.666202e+00  1.589858e+02
   endloop
 endfacet
 facet normal  0.000000e+00  0.000000e+00 -1.000000e+00
   outer loop
     vertex  2.157797e+01  8.342179e+00  1.589858e+02
     vertex  2.229810e+01  8.094099e+00  1.589858e+02
     vertex  2.218927e+01  7.952395e+00  1.589858e+02
   endloop
 endfacet
 facet normal  0.000000e+00  0.000000e+00 -1.000000e+00
   outer loop
     vertex  2.157797e+01  8.342179e+00  1.589858e+02
     vertex  2.176377e+01  8.584114e+00  1.589858e+02
     vertex  2.229810e+01  8.094099e+00  1.589858e+02
   endloop
 endfacet
 facet normal  0.000000e+00  0.000000e+00 -1.000000e+00
   outer loop
     vertex  2.267409e+01  5.692952e+00  1.589858e+02
     vertex  2.283129e+01  6.400705e+00  1.589858e+02
     vertex  2.300842e+01  6.377314e+00  1.589858e+02
   endloop
 endfacet
 facet normal  0.000000e+00  0.000000e+00 -1.000000e+00
   outer loop
     vertex  2.267409e+01  5.692952e+00  1.589858e+02
     vertex  2.300842e+01  6.377314e+00  1.589858e+02
     vertex  2.297651e+01  5.653016e+00  1.589858e+02
   endloop
 endfacet
 facet normal  0.000000e+00  0.000000e+00 -1.000000e+00
   outer loop
     vertex  2.267409e+01  5.692952e+00  1.589858e+02
     vertex  2.266091e+01  6.454499e+00  1.589858e+02
     vertex  2.283129e+01  6.400705e+00  1.589858e+02
   endloop
 endfacet
 facet normal  0.000000e+00  0.000000e+00 -1.000000e+00
   outer loop
     vertex  2.238320e+01  5.784796e+00  1.589858e+02
     vertex  2.266091e+01  6.454499e+00  1.589858e+02
     vertex  2.267409e+01  5.692952e+00  1.589858e+02
   endloop
 endfacet
 facet normal  0.000000e+00  0.000000e+00 -1.000000e+00
   outer loop
     vertex  2.143701e+01  8.071656e+00  1.589858e+02
     vertex  2.218927e+01  7.952395e+00  1.589858e+02
     vertex  2.210671e+01  7.793946e+00  1.589858e+02
   endloop
 endfacet
 facet normal  0.000000e+00  0.000000e+00 -1.000000e+00
   outer loop
     vertex  2.143701e+01  8.071656e+00  1.589858e+02
     vertex  2.157797e+01  8.342179e+00  1.589858e+02
     vertex  2.218927e+01  7.952395e+00  1.589858e+02
   endloop
 endfacet
 facet normal  0.000000e+00  0.000000e+00 -1.000000e+00
   outer loop
     vertex  2.211267e+01  5.925758e+00  1.589858e+02
     vertex  2.250246e+01  6.537062e+00  1.589858e+02
     vertex  2.266091e+01  6.454499e+00  1.589858e+02
   endloop
 endfacet
 facet normal  0.000000e+00  0.000000e+00 -1.000000e+00
   outer loop
     vertex  2.211267e+01  5.925758e+00  1.589858e+02
     vertex  2.236075e+01  6.645885e+00  1.589858e+02
     vertex  2.250246e+01  6.537062e+00  1.589858e+02
   endloop
 endfacet
 facet normal  0.000000e+00  0.000000e+00 -1.000000e+00
   outer loop
     vertex  2.211267e+01  5.925758e+00  1.589858e+02
     vertex  2.266091e+01  6.454499e+00  1.589858e+02
     vertex  2.238320e+01  5.784796e+00  1.589858e+02
   endloop
 endfacet
 facet normal  0.000000e+00  0.000000e+00 -1.000000e+00
   outer loop
     vertex  2.134517e+01  7.780766e+00  1.589858e+02
     vertex  2.210671e+01  7.793946e+00  1.589858e+02
     vertex  2.205292e+01  7.623567e+00  1.589858e+02
   endloop
 endfacet
 facet normal  0.000000e+00  0.000000e+00 -1.000000e+00
   outer loop
     vertex  2.134517e+01  7.780766e+00  1.589858e+02
     vertex  2.143701e+01  8.071656e+00  1.589858e+02
     vertex  2.210671e+01  7.793946e+00  1.589858e+02
   endloop
 endfacet
 facet normal  0.000000e+00  0.000000e+00 -1.000000e+00
   outer loop
     vertex  2.187074e+01  6.111553e+00  1.589858e+02
     vertex  2.236075e+01  6.645885e+00  1.589858e+02
     vertex  2.211267e+01  5.925758e+00  1.589858e+02
   endloop
 endfacet
 facet normal  0.000000e+00  0.000000e+00 -1.000000e+00
   outer loop
     vertex  2.130523e+01  7.478346e+00  1.589858e+02
     vertex  2.205292e+01  7.623567e+00  1.589858e+02
     vertex  2.202953e+01  7.446436e+00  1.589858e+02
   endloop
 endfacet
 facet normal  0.000000e+00  0.000000e+00 -1.000000e+00
   outer loop
     vertex  2.130523e+01  7.478346e+00  1.589858e+02
     vertex  2.134517e+01  7.780766e+00  1.589858e+02
     vertex  2.205292e+01  7.623567e+00  1.589858e+02
   endloop
 endfacet
 facet normal  0.000000e+00  0.000000e+00 -1.000000e+00
   outer loop
     vertex  2.131841e+01  7.173586e+00  1.589858e+02
     vertex  2.130523e+01  7.478346e+00  1.589858e+02
     vertex  2.202953e+01  7.446436e+00  1.589858e+02
   endloop
 endfacet
 facet normal  0.000000e+00  0.000000e+00 -1.000000e+00
   outer loop
     vertex  2.131841e+01  7.173586e+00  1.589858e+02
     vertex  2.202953e+01  7.446436e+00  1.589858e+02
     vertex  2.203725e+01  7.267933e+00  1.589858e+02
   endloop
 endfacet
 facet normal  0.000000e+00  0.000000e+00 -1.000000e+00
   outer loop
     vertex  2.166474e+01  6.336537e+00  1.589858e+02
     vertex  2.236075e+01  6.645885e+00  1.589858e+02
     vertex  2.187074e+01  6.111553e+00  1.589858e+02
   endloop
 endfacet
 facet normal  0.000000e+00  0.000000e+00 -1.000000e+00
   outer loop
     vertex  2.166474e+01  6.336537e+00  1.589858e+02
     vertex  2.224010e+01  6.777662e+00  1.589858e+02
     vertex  2.236075e+01  6.645885e+00  1.589858e+02
   endloop
 endfacet
 facet normal  0.000000e+00  0.000000e+00 -1.000000e+00
   outer loop
     vertex  2.166474e+01  6.336537e+00  1.589858e+02
     vertex  2.214416e+01  6.928388e+00  1.589858e+02
     vertex  2.224010e+01  6.777662e+00  1.589858e+02
   endloop
 endfacet
 facet normal  0.000000e+00  0.000000e+00 -1.000000e+00
   outer loop
     vertex  2.138432e+01  6.875746e+00  1.589858e+02
     vertex  2.131841e+01  7.173586e+00  1.589858e+02
     vertex  2.203725e+01  7.267933e+00  1.589858e+02
   endloop
 endfacet
 facet normal  0.000000e+00  0.000000e+00 -1.000000e+00
   outer loop
     vertex  2.138432e+01  6.875746e+00  1.589858e+02
     vertex  2.203725e+01  7.267933e+00  1.589858e+02
     vertex  2.207585e+01  7.093484e+00  1.589858e+02
   endloop
 endfacet
 facet normal  0.000000e+00  0.000000e+00 -1.000000e+00
   outer loop
     vertex  2.150094e+01  6.593875e+00  1.589858e+02
     vertex  2.214416e+01  6.928388e+00  1.589858e+02
     vertex  2.166474e+01  6.336537e+00  1.589858e+02
   endloop
 endfacet
 facet normal  0.000000e+00  0.000000e+00 -1.000000e+00
   outer loop
     vertex  2.150094e+01  6.593875e+00  1.589858e+02
     vertex  2.138432e+01  6.875746e+00  1.589858e+02
     vertex  2.207585e+01  7.093484e+00  1.589858e+02
   endloop
 endfacet
 facet normal  0.000000e+00  0.000000e+00 -1.000000e+00
   outer loop
     vertex  2.150094e+01  6.593875e+00  1.589858e+02
     vertex  2.207585e+01  7.093484e+00  1.589858e+02
     vertex  2.214416e+01  6.928388e+00  1.589858e+02
   endloop
 endfacet
 facet normal  0.000000e+00  0.000000e+00  1.000000e+00
   outer loop
     vertex  2.457967e+01  7.881846e+00  1.619858e+02
     vertex  2.472275e+01  7.926895e+00  1.619858e+02
     vertex  2.460612e+01  8.208766e+00  1.619858e+02
   endloop
 endfacet
 facet normal  0.000000e+00 -0.000000e+00  1.000000e+00
   outer loop
     vertex  2.457967e+01  7.881846e+00  1.619858e+02
     vertex  2.460612e+01  8.208766e+00  1.619858e+02
     vertex  2.447304e+01  8.139557e+00  1.619858e+02
   endloop
 endfacet
 facet normal -0.000000e+00  0.000000e+00  1.000000e+00
   outer loop
     vertex  2.432328e+01  8.374836e+00  1.619858e+02
     vertex  2.460612e+01  8.208766e+00  1.619858e+02
     vertex  2.444232e+01  8.466103e+00  1.619858e+02
   endloop
 endfacet
 facet normal  0.000000e+00  0.000000e+00  1.000000e+00
   outer loop
     vertex  2.432328e+01  8.374836e+00  1.619858e+02
     vertex  2.447304e+01  8.139557e+00  1.619858e+02
     vertex  2.460612e+01  8.208766e+00  1.619858e+02
   endloop
 endfacet
 facet normal -0.000000e+00  0.000000e+00  1.000000e+00
   outer loop
     vertex  2.463993e+01  7.609535e+00  1.619858e+02
     vertex  2.480184e+01  7.324295e+00  1.619858e+02
     vertex  2.478865e+01  7.629055e+00  1.619858e+02
   endloop
 endfacet
 facet normal  0.000000e+00  0.000000e+00  1.000000e+00
   outer loop
     vertex  2.463993e+01  7.609535e+00  1.619858e+02
     vertex  2.478865e+01  7.629055e+00  1.619858e+02
     vertex  2.472275e+01  7.926895e+00  1.619858e+02
   endloop
 endfacet
 facet normal  0.000000e+00 -0.000000e+00  1.000000e+00
   outer loop
     vertex  2.463993e+01  7.609535e+00  1.619858e+02
     vertex  2.472275e+01  7.926895e+00  1.619858e+02
     vertex  2.457967e+01  7.881846e+00  1.619858e+02
   endloop
 endfacet
 facet normal -0.000000e+00  0.000000e+00  1.000000e+00
   outer loop
     vertex  2.413494e+01  8.580536e+00  1.619858e+02
     vertex  2.444232e+01  8.466103e+00  1.619858e+02
     vertex  2.423633e+01  8.691088e+00  1.619858e+02
   endloop
 endfacet
 facet normal  0.000000e+00  0.000000e+00  1.000000e+00
   outer loop
     vertex  2.413494e+01  8.580536e+00  1.619858e+02
     vertex  2.432328e+01  8.374836e+00  1.619858e+02
     vertex  2.444232e+01  8.466103e+00  1.619858e+02
   endloop
 endfacet
 facet normal -0.000000e+00 -0.000000e+00  1.000000e+00
   outer loop
     vertex  2.465198e+01  7.330897e+00  1.619858e+02
     vertex  2.480184e+01  7.324295e+00  1.619858e+02
     vertex  2.463993e+01  7.609535e+00  1.619858e+02
   endloop
 endfacet
 facet normal -0.000000e+00  0.000000e+00  1.000000e+00
   outer loop
     vertex  2.391375e+01  8.750406e+00  1.619858e+02
     vertex  2.423633e+01  8.691088e+00  1.619858e+02
     vertex  2.399439e+01  8.876883e+00  1.619858e+02
   endloop
 endfacet
 facet normal  0.000000e+00  0.000000e+00  1.000000e+00
   outer loop
     vertex  2.391375e+01  8.750406e+00  1.619858e+02
     vertex  2.413494e+01  8.580536e+00  1.619858e+02
     vertex  2.423633e+01  8.691088e+00  1.619858e+02
   endloop
 endfacet
 facet normal  0.000000e+00  0.000000e+00  1.000000e+00
   outer loop
     vertex  2.461547e+01  7.054399e+00  1.619858e+02
     vertex  2.480184e+01  7.324295e+00  1.619858e+02
     vertex  2.465198e+01  7.330897e+00  1.619858e+02
   endloop
 endfacet
 facet normal -0.000000e+00  0.000000e+00  1.000000e+00
   outer loop
     vertex  2.461547e+01  7.054399e+00  1.619858e+02
     vertex  2.476190e+01  7.021875e+00  1.619858e+02
     vertex  2.480184e+01  7.324295e+00  1.619858e+02
   endloop
 endfacet
 facet normal  0.000000e+00  0.000000e+00  1.000000e+00
   outer loop
     vertex  2.366641e+01  8.879285e+00  1.619858e+02
     vertex  2.391375e+01  8.750406e+00  1.619858e+02
     vertex  2.399439e+01  8.876883e+00  1.619858e+02
   endloop
 endfacet
 facet normal -0.000000e+00  0.000000e+00  1.000000e+00
   outer loop
     vertex  2.366641e+01  8.879285e+00  1.619858e+02
     vertex  2.399439e+01  8.876883e+00  1.619858e+02
     vertex  2.372387e+01  9.017844e+00  1.619858e+02
   endloop
 endfacet
 facet normal -0.000000e+00  0.000000e+00  1.000000e+00
   outer loop
     vertex  2.453150e+01  6.788442e+00  1.619858e+02
     vertex  2.467006e+01  6.730985e+00  1.619858e+02
     vertex  2.476190e+01  7.021875e+00  1.619858e+02
   endloop
 endfacet
 facet normal  0.000000e+00  0.000000e+00  1.000000e+00
   outer loop
     vertex  2.453150e+01  6.788442e+00  1.619858e+02
     vertex  2.476190e+01  7.021875e+00  1.619858e+02
     vertex  2.461547e+01  7.054399e+00  1.619858e+02
   endloop
 endfacet
 facet normal -0.000000e+00  0.000000e+00  1.000000e+00
   outer loop
     vertex  2.340045e+01  8.963257e+00  1.619858e+02
     vertex  2.366641e+01  8.879285e+00  1.619858e+02
     vertex  2.372387e+01  9.017844e+00  1.619858e+02
   endloop
 endfacet
 facet normal  0.000000e+00  0.000000e+00  1.000000e+00
   outer loop
     vertex  2.340045e+01  8.963257e+00  1.619858e+02
     vertex  2.372387e+01  9.017844e+00  1.619858e+02
     vertex  2.343298e+01  9.109688e+00  1.619858e+02
   endloop
 endfacet
 facet normal  0.000000e+00  0.000000e+00  1.000000e+00
   outer loop
     vertex  2.440262e+01  6.541107e+00  1.619858e+02
     vertex  2.467006e+01  6.730985e+00  1.619858e+02
     vertex  2.453150e+01  6.788442e+00  1.619858e+02
   endloop
 endfacet
 facet normal -0.000000e+00  0.000000e+00  1.000000e+00
   outer loop
     vertex  2.440262e+01  6.541107e+00  1.619858e+02
     vertex  2.452910e+01  6.460462e+00  1.619858e+02
     vertex  2.467006e+01  6.730985e+00  1.619858e+02
   endloop
 endfacet
 facet normal  0.000000e+00  0.000000e+00  1.000000e+00
   outer loop
     vertex  2.312396e+01  8.999770e+00  1.619858e+02
     vertex  2.343298e+01  9.109688e+00  1.619858e+02
     vertex  2.313056e+01  9.149624e+00  1.619858e+02
   endloop
 endfacet
 facet normal -0.000000e+00  0.000000e+00  1.000000e+00
   outer loop
     vertex  2.312396e+01  8.999770e+00  1.619858e+02
     vertex  2.340045e+01  8.963257e+00  1.619858e+02
     vertex  2.343298e+01  9.109688e+00  1.619858e+02
   endloop
 endfacet
 facet normal -0.000000e+00  0.000000e+00  1.000000e+00
   outer loop
     vertex  2.423275e+01  6.319909e+00  1.619858e+02
     vertex  2.434330e+01  6.218527e+00  1.619858e+02
     vertex  2.452910e+01  6.460462e+00  1.619858e+02
   endloop
 endfacet
 facet normal  0.000000e+00  0.000000e+00  1.000000e+00
   outer loop
     vertex  2.423275e+01  6.319909e+00  1.619858e+02
     vertex  2.452910e+01  6.460462e+00  1.619858e+02
     vertex  2.440262e+01  6.541107e+00  1.619858e+02
   endloop
 endfacet
 facet normal  0.000000e+00 -0.000000e+00  1.000000e+00
   outer loop
     vertex  2.284532e+01  8.987715e+00  1.619858e+02
     vertex  2.313056e+01  9.149624e+00  1.619858e+02
     vertex  2.282580e+01  9.136439e+00  1.619858e+02
   endloop
 endfacet
 facet normal  0.000000e+00  0.000000e+00  1.000000e+00
   outer loop
     vertex  2.284532e+01  8.987715e+00  1.619858e+02
     vertex  2.312396e+01  8.999770e+00  1.619858e+02
     vertex  2.313056e+01  9.149624e+00  1.619858e+02
   endloop
 endfacet
 facet normal -0.000000e+00  0.000000e+00  1.000000e+00
   outer loop
     vertex  2.402705e+01  6.131570e+00  1.619858e+02
     vertex  2.411832e+01  6.012531e+00  1.619858e+02
     vertex  2.434330e+01  6.218527e+00  1.619858e+02
   endloop
 endfacet
 facet normal  0.000000e+00  0.000000e+00  1.000000e+00
   outer loop
     vertex  2.402705e+01  6.131570e+00  1.619858e+02
     vertex  2.434330e+01  6.218527e+00  1.619858e+02
     vertex  2.423275e+01  6.319909e+00  1.619858e+02
   endloop
 endfacet
 facet normal -0.000000e+00  0.000000e+00  1.000000e+00
   outer loop
     vertex  2.252796e+01  9.070533e+00  1.619858e+02
     vertex  2.284532e+01  8.987715e+00  1.619858e+02
     vertex  2.282580e+01  9.136439e+00  1.619858e+02
   endloop
 endfacet
 facet normal  0.000000e+00 -0.000000e+00  1.000000e+00
   outer loop
     vertex  2.257301e+01  8.927458e+00  1.619858e+02
     vertex  2.284532e+01  8.987715e+00  1.619858e+02
     vertex  2.252796e+01  9.070533e+00  1.619858e+02
   endloop
 endfacet
 facet normal -0.000000e+00  0.000000e+00  1.000000e+00
   outer loop
     vertex  2.379177e+01  5.981811e+00  1.619858e+02
     vertex  2.386098e+01  5.848732e+00  1.619858e+02
     vertex  2.411832e+01  6.012531e+00  1.619858e+02
   endloop
 endfacet
 facet normal  0.000000e+00  0.000000e+00  1.000000e+00
   outer loop
     vertex  2.379177e+01  5.981811e+00  1.619858e+02
     vertex  2.411832e+01  6.012531e+00  1.619858e+02
     vertex  2.402705e+01  6.131570e+00  1.619858e+02
   endloop
 endfacet
 facet normal -0.000000e+00  0.000000e+00  1.000000e+00
   outer loop
     vertex  2.353406e+01  5.875183e+00  1.619858e+02
     vertex  2.386098e+01  5.848732e+00  1.619858e+02
     vertex  2.379177e+01  5.981811e+00  1.619858e+02
   endloop
 endfacet
 facet normal -0.000000e+00  0.000000e+00  1.000000e+00
   outer loop
     vertex  2.224609e+01  8.953909e+00  1.619858e+02
     vertex  2.257301e+01  8.927458e+00  1.619858e+02
     vertex  2.252796e+01  9.070533e+00  1.619858e+02
   endloop
 endfacet
 facet normal  0.000000e+00  0.000000e+00  1.000000e+00
   outer loop
     vertex  2.224609e+01  8.953909e+00  1.619858e+02
     vertex  2.231530e+01  8.820830e+00  1.619858e+02
     vertex  2.257301e+01  8.927458e+00  1.619858e+02
   endloop
 endfacet
 facet normal  0.000000e+00 -0.000000e+00  1.000000e+00
   outer loop
     vertex  2.357911e+01  5.732108e+00  1.619858e+02
     vertex  2.386098e+01  5.848732e+00  1.619858e+02
     vertex  2.353406e+01  5.875183e+00  1.619858e+02
   endloop
 endfacet
 facet normal  0.000000e+00  0.000000e+00  1.000000e+00
   outer loop
     vertex  2.198875e+01  8.790110e+00  1.619858e+02
     vertex  2.231530e+01  8.820830e+00  1.619858e+02
     vertex  2.224609e+01  8.953909e+00  1.619858e+02
   endloop
 endfacet
 facet normal -0.000000e+00  0.000000e+00  1.000000e+00
   outer loop
     vertex  2.198875e+01  8.790110e+00  1.619858e+02
     vertex  2.208002e+01  8.671071e+00  1.619858e+02
     vertex  2.231530e+01  8.820830e+00  1.619858e+02
   endloop
 endfacet
 facet normal  0.000000e+00 -0.000000e+00  1.000000e+00
   outer loop
     vertex  2.328127e+01  5.666202e+00  1.619858e+02
     vertex  2.353406e+01  5.875183e+00  1.619858e+02
     vertex  2.326175e+01  5.814926e+00  1.619858e+02
   endloop
 endfacet
 facet normal  0.000000e+00  0.000000e+00  1.000000e+00
   outer loop
     vertex  2.328127e+01  5.666202e+00  1.619858e+02
     vertex  2.357911e+01  5.732108e+00  1.619858e+02
     vertex  2.353406e+01  5.875183e+00  1.619858e+02
   endloop
 endfacet
 facet normal  0.000000e+00  0.000000e+00  1.000000e+00
   outer loop
     vertex  2.187432e+01  8.482731e+00  1.619858e+02
     vertex  2.208002e+01  8.671071e+00  1.619858e+02
     vertex  2.198875e+01  8.790110e+00  1.619858e+02
   endloop
 endfacet
 facet normal -0.000000e+00  0.000000e+00  1.000000e+00
   outer loop
     vertex  2.298311e+01  5.802871e+00  1.619858e+02
     vertex  2.328127e+01  5.666202e+00  1.619858e+02
     vertex  2.326175e+01  5.814926e+00  1.619858e+02
   endloop
 endfacet
 facet normal -0.000000e+00  0.000000e+00  1.000000e+00
   outer loop
     vertex  2.176377e+01  8.584114e+00  1.619858e+02
     vertex  2.187432e+01  8.482731e+00  1.619858e+02
     vertex  2.198875e+01  8.790110e+00  1.619858e+02
   endloop
 endfacet
 facet normal  0.000000e+00  0.000000e+00  1.000000e+00
   outer loop
     vertex  2.297651e+01  5.653016e+00  1.619858e+02
     vertex  2.328127e+01  5.666202e+00  1.619858e+02
     vertex  2.298311e+01  5.802871e+00  1.619858e+02
   endloop
 endfacet
 facet normal  0.000000e+00  0.000000e+00  1.000000e+00
   outer loop
     vertex  2.170445e+01  8.261534e+00  1.619858e+02
     vertex  2.187432e+01  8.482731e+00  1.619858e+02
     vertex  2.176377e+01  8.584114e+00  1.619858e+02
   endloop
 endfacet
 facet normal -0.000000e+00  0.000000e+00  1.000000e+00
   outer loop
     vertex  2.157797e+01  8.342179e+00  1.619858e+02
     vertex  2.170445e+01  8.261534e+00  1.619858e+02
     vertex  2.176377e+01  8.584114e+00  1.619858e+02
   endloop
 endfacet
 facet normal  0.000000e+00  0.000000e+00  1.000000e+00
   outer loop
     vertex  2.267409e+01  5.692952e+00  1.619858e+02
     vertex  2.298311e+01  5.802871e+00  1.619858e+02
     vertex  2.270661e+01  5.839384e+00  1.619858e+02
   endloop
 endfacet
 facet normal -0.000000e+00  0.000000e+00  1.000000e+00
   outer loop
     vertex  2.267409e+01  5.692952e+00  1.619858e+02
     vertex  2.297651e+01  5.653016e+00  1.619858e+02
     vertex  2.298311e+01  5.802871e+00  1.619858e+02
   endloop
 endfacet
 facet normal -0.000000e+00  0.000000e+00  1.000000e+00
   outer loop
     vertex  2.143701e+01  8.071656e+00  1.619858e+02
     vertex  2.157557e+01  8.014199e+00  1.619858e+02
     vertex  2.170445e+01  8.261534e+00  1.619858e+02
   endloop
 endfacet
 facet normal  0.000000e+00  0.000000e+00  1.000000e+00
   outer loop
     vertex  2.143701e+01  8.071656e+00  1.619858e+02
     vertex  2.170445e+01  8.261534e+00  1.619858e+02
     vertex  2.157797e+01  8.342179e+00  1.619858e+02
   endloop
 endfacet
 facet normal  0.000000e+00  0.000000e+00  1.000000e+00
   outer loop
     vertex  2.238320e+01  5.784796e+00  1.619858e+02
     vertex  2.270661e+01  5.839384e+00  1.619858e+02
     vertex  2.244065e+01  5.923356e+00  1.619858e+02
   endloop
 endfacet
 facet normal -0.000000e+00  0.000000e+00  1.000000e+00
   outer loop
     vertex  2.238320e+01  5.784796e+00  1.619858e+02
     vertex  2.267409e+01  5.692952e+00  1.619858e+02
     vertex  2.270661e+01  5.839384e+00  1.619858e+02
   endloop
 endfacet
 facet normal -0.000000e+00  0.000000e+00  1.000000e+00
   outer loop
     vertex  2.211267e+01  5.925758e+00  1.619858e+02
     vertex  2.244065e+01  5.923356e+00  1.619858e+02
     vertex  2.219332e+01  6.052234e+00  1.619858e+02
   endloop
 endfacet
 facet normal  0.000000e+00  0.000000e+00  1.000000e+00
   outer loop
     vertex  2.211267e+01  5.925758e+00  1.619858e+02
     vertex  2.238320e+01  5.784796e+00  1.619858e+02
     vertex  2.244065e+01  5.923356e+00  1.619858e+02
   endloop
 endfacet
 facet normal -0.000000e+00  0.000000e+00  1.000000e+00
   outer loop
     vertex  2.134517e+01  7.780766e+00  1.619858e+02
     vertex  2.149160e+01  7.748242e+00  1.619858e+02
     vertex  2.157557e+01  8.014199e+00  1.619858e+02
   endloop
 endfacet
 facet normal  0.000000e+00  0.000000e+00  1.000000e+00
   outer loop
     vertex  2.134517e+01  7.780766e+00  1.619858e+02
     vertex  2.157557e+01  8.014199e+00  1.619858e+02
     vertex  2.143701e+01  8.071656e+00  1.619858e+02
   endloop
 endfacet
 facet normal  0.000000e+00  0.000000e+00  1.000000e+00
   outer loop
     vertex  2.187074e+01  6.111553e+00  1.619858e+02
     vertex  2.211267e+01  5.925758e+00  1.619858e+02
     vertex  2.219332e+01  6.052234e+00  1.619858e+02
   endloop
 endfacet
 facet normal -0.000000e+00  0.000000e+00  1.000000e+00
   outer loop
     vertex  2.187074e+01  6.111553e+00  1.619858e+02
     vertex  2.219332e+01  6.052234e+00  1.619858e+02
     vertex  2.197212e+01  6.222105e+00  1.619858e+02
   endloop
 endfacet
 facet normal -0.000000e+00  0.000000e+00  1.000000e+00
   outer loop
     vertex  2.130523e+01  7.478346e+00  1.619858e+02
     vertex  2.145508e+01  7.471744e+00  1.619858e+02
     vertex  2.149160e+01  7.748242e+00  1.619858e+02
   endloop
 endfacet
 facet normal  0.000000e+00  0.000000e+00  1.000000e+00
   outer loop
     vertex  2.130523e+01  7.478346e+00  1.619858e+02
     vertex  2.146714e+01  7.193106e+00  1.619858e+02
     vertex  2.145508e+01  7.471744e+00  1.619858e+02
   endloop
 endfacet
 facet normal  0.000000e+00  0.000000e+00  1.000000e+00
   outer loop
     vertex  2.130523e+01  7.478346e+00  1.619858e+02
     vertex  2.149160e+01  7.748242e+00  1.619858e+02
     vertex  2.134517e+01  7.780766e+00  1.619858e+02
   endloop
 endfacet
 facet normal  0.000000e+00 -0.000000e+00  1.000000e+00
   outer loop
     vertex  2.131841e+01  7.173586e+00  1.619858e+02
     vertex  2.146714e+01  7.193106e+00  1.619858e+02
     vertex  2.130523e+01  7.478346e+00  1.619858e+02
   endloop
 endfacet
 facet normal -0.000000e+00  0.000000e+00  1.000000e+00
   outer loop
     vertex  2.166474e+01  6.336537e+00  1.619858e+02
     vertex  2.197212e+01  6.222105e+00  1.619858e+02
     vertex  2.178378e+01  6.427805e+00  1.619858e+02
   endloop
 endfacet
 facet normal  0.000000e+00  0.000000e+00  1.000000e+00
   outer loop
     vertex  2.166474e+01  6.336537e+00  1.619858e+02
     vertex  2.187074e+01  6.111553e+00  1.619858e+02
     vertex  2.197212e+01  6.222105e+00  1.619858e+02
   endloop
 endfacet
 facet normal  0.000000e+00 -0.000000e+00  1.000000e+00
   outer loop
     vertex  2.138432e+01  6.875746e+00  1.619858e+02
     vertex  2.146714e+01  7.193106e+00  1.619858e+02
     vertex  2.131841e+01  7.173586e+00  1.619858e+02
   endloop
 endfacet
 facet normal  0.000000e+00  0.000000e+00  1.000000e+00
   outer loop
     vertex  2.138432e+01  6.875746e+00  1.619858e+02
     vertex  2.152740e+01  6.920795e+00  1.619858e+02
     vertex  2.146714e+01  7.193106e+00  1.619858e+02
   endloop
 endfacet
 facet normal  0.000000e+00  0.000000e+00  1.000000e+00
   outer loop
     vertex  2.150094e+01  6.593875e+00  1.619858e+02
     vertex  2.166474e+01  6.336537e+00  1.619858e+02
     vertex  2.178378e+01  6.427805e+00  1.619858e+02
   endloop
 endfacet
 facet normal  0.000000e+00  0.000000e+00  1.000000e+00
   outer loop
     vertex  2.150094e+01  6.593875e+00  1.619858e+02
     vertex  2.163402e+01  6.663084e+00  1.619858e+02
     vertex  2.152740e+01  6.920795e+00  1.619858e+02
   endloop
 endfacet
 facet normal -0.000000e+00  0.000000e+00  1.000000e+00
   outer loop
     vertex  2.150094e+01  6.593875e+00  1.619858e+02
     vertex  2.178378e+01  6.427805e+00  1.619858e+02
     vertex  2.163402e+01  6.663084e+00  1.619858e+02
   endloop
 endfacet
 facet normal  0.000000e+00 -0.000000e+00  1.000000e+00
   outer loop
     vertex  2.150094e+01  6.593875e+00  1.619858e+02
     vertex  2.152740e+01  6.920795e+00  1.619858e+02
     vertex  2.138432e+01  6.875746e+00  1.619858e+02
   endloop
 endfacet
 facet normal  9.535979e-01 -3.010832e-01 -7.314617e-15
   outer loop
     vertex  2.461547e+01  7.054399e+00  1.629858e+02
     vertex  2.453150e+01  6.788442e+00  1.629858e+02
     vertex  2.453150e+01  6.788442e+00  1.619858e+02
   endloop
 endfacet
 facet normal  9.535979e-01 -3.010832e-01 -6.775720e-15
   outer loop
     vertex  2.461547e+01  7.054399e+00  1.629858e+02
     vertex  2.453150e+01  6.788442e+00  1.619858e+02
     vertex  2.461547e+01  7.054399e+00  1.619858e+02
   endloop
 endfacet
 facet normal  9.913931e-01 -1.309185e-01 -7.044272e-15
   outer loop
     vertex  2.465198e+01  7.330897e+00  1.629858e+02
     vertex  2.461547e+01  7.054399e+00  1.619858e+02
     vertex  2.465198e+01  7.330897e+00  1.619858e+02
   endloop
 endfacet
 facet normal  9.913931e-01 -1.309185e-01 -7.047161e-15
   outer loop
     vertex  2.465198e+01  7.330897e+00  1.629858e+02
     vertex  2.461547e+01  7.054399e+00  1.629858e+02
     vertex  2.461547e+01  7.054399e+00  1.619858e+02
   endloop
 endfacet
 facet normal  9.990654e-01  4.322403e-02 -7.098787e-15
   outer loop
     vertex  2.463993e+01  7.609535e+00  1.629858e+02
     vertex  2.465198e+01  7.330897e+00  1.619858e+02
     vertex  2.463993e+01  7.609535e+00  1.619858e+02
   endloop
 endfacet
 facet normal  9.990654e-01  4.322403e-02 -7.098475e-15
   outer loop
     vertex  2.463993e+01  7.609535e+00  1.629858e+02
     vertex  2.465198e+01  7.330897e+00  1.629858e+02
     vertex  2.465198e+01  7.330897e+00  1.619858e+02
   endloop
 endfacet
 facet normal  9.763816e-01  2.160532e-01 -6.937608e-15
   outer loop
     vertex  2.457967e+01  7.881846e+00  1.629858e+02
     vertex  2.463993e+01  7.609535e+00  1.619858e+02
     vertex  2.457967e+01  7.881846e+00  1.619858e+02
   endloop
 endfacet
 facet normal  9.763816e-01  2.160532e-01 -6.941422e-15
   outer loop
     vertex  2.457967e+01  7.881846e+00  1.629858e+02
     vertex  2.463993e+01  7.609535e+00  1.629858e+02
     vertex  2.463993e+01  7.609535e+00  1.619858e+02
   endloop
 endfacet
 facet normal  9.240309e-01  3.823178e-01 -6.565634e-15
   outer loop
     vertex  2.447304e+01  8.139557e+00  1.629858e+02
     vertex  2.457967e+01  7.881846e+00  1.619858e+02
     vertex  2.447304e+01  8.139557e+00  1.619858e+02
   endloop
 endfacet
 facet normal  9.240309e-01  3.823178e-01 -6.568228e-15
   outer loop
     vertex  2.447304e+01  8.139557e+00  1.629858e+02
     vertex  2.457967e+01  7.881846e+00  1.629858e+02
     vertex  2.457967e+01  7.881846e+00  1.619858e+02
   endloop
 endfacet
 facet normal  8.436040e-01  5.369658e-01 -5.994167e-15
   outer loop
     vertex  2.432328e+01  8.374836e+00  1.629858e+02
     vertex  2.447304e+01  8.139557e+00  1.619858e+02
     vertex  2.432328e+01  8.374836e+00  1.619858e+02
   endloop
 endfacet
 facet normal  8.436040e-01  5.369658e-01 -5.995996e-15
   outer loop
     vertex  2.432328e+01  8.374836e+00  1.629858e+02
     vertex  2.447304e+01  8.139557e+00  1.629858e+02
     vertex  2.447304e+01  8.139557e+00  1.619858e+02
   endloop
 endfacet
 facet normal  7.375446e-01  6.752984e-01 -5.240570e-15
   outer loop
     vertex  2.413494e+01  8.580536e+00  1.629858e+02
     vertex  2.432328e+01  8.374836e+00  1.619858e+02
     vertex  2.413494e+01  8.580536e+00  1.619858e+02
   endloop
 endfacet
 facet normal  7.375446e-01  6.752984e-01 -5.224726e-15
   outer loop
     vertex  2.413494e+01  8.580536e+00  1.629858e+02
     vertex  2.432328e+01  8.374836e+00  1.629858e+02
     vertex  2.432328e+01  8.374836e+00  1.619858e+02
   endloop
 endfacet
 facet normal  6.090753e-01  7.931124e-01 -4.327741e-15
   outer loop
     vertex  2.391375e+01  8.750406e+00  1.629858e+02
     vertex  2.413494e+01  8.580536e+00  1.619858e+02
     vertex  2.391375e+01  8.750406e+00  1.619858e+02
   endloop
 endfacet
 facet normal  6.090753e-01  7.931124e-01 -4.329059e-15
   outer loop
     vertex  2.391375e+01  8.750406e+00  1.629858e+02
     vertex  2.413494e+01  8.580536e+00  1.629858e+02
     vertex  2.413494e+01  8.580536e+00  1.619858e+02
   endloop
 endfacet
 facet normal  4.620996e-01  8.868280e-01 -3.283415e-15
   outer loop
     vertex  2.366641e+01  8.879285e+00  1.629858e+02
     vertex  2.391375e+01  8.750406e+00  1.619858e+02
     vertex  2.366641e+01  8.879285e+00  1.619858e+02
   endloop
 endfacet
 facet normal  4.620996e-01  8.868280e-01 -3.284114e-15
   outer loop
     vertex  2.366641e+01  8.879285e+00  1.629858e+02
     vertex  2.391375e+01  8.750406e+00  1.629858e+02
     vertex  2.391375e+01  8.750406e+00  1.619858e+02
   endloop
 endfacet
 facet normal  3.010832e-01  9.535979e-01 -2.139325e-15
   outer loop
     vertex  2.340045e+01  8.963257e+00  1.629858e+02
     vertex  2.366641e+01  8.879285e+00  1.619858e+02
     vertex  2.340045e+01  8.963257e+00  1.619858e+02
   endloop
 endfacet
 facet normal  3.010832e-01  9.535979e-01 -2.139650e-15
   outer loop
     vertex  2.340045e+01  8.963257e+00  1.629858e+02
     vertex  2.366641e+01  8.879285e+00  1.629858e+02
     vertex  2.366641e+01  8.879285e+00  1.619858e+02
   endloop
 endfacet
 facet normal  1.309185e-01  9.913931e-01 -9.302321e-16
   outer loop
     vertex  2.312396e+01  8.999770e+00  1.629858e+02
     vertex  2.340045e+01  8.963257e+00  1.619858e+02
     vertex  2.312396e+01  8.999770e+00  1.619858e+02
   endloop
 endfacet
 facet normal  1.309185e-01  9.913931e-01 -9.329869e-16
   outer loop
     vertex  2.312396e+01  8.999770e+00  1.629858e+02
     vertex  2.340045e+01  8.963257e+00  1.629858e+02
     vertex  2.340045e+01  8.963257e+00  1.619858e+02
   endloop
 endfacet
 facet normal -4.322403e-02  9.990654e-01  3.071252e-16
   outer loop
     vertex  2.284532e+01  8.987715e+00  1.629858e+02
     vertex  2.312396e+01  8.999770e+00  1.619858e+02
     vertex  2.284532e+01  8.987715e+00  1.619858e+02
   endloop
 endfacet
 facet normal -4.322403e-02  9.990654e-01  3.063307e-16
   outer loop
     vertex  2.284532e+01  8.987715e+00  1.629858e+02
     vertex  2.312396e+01  8.999770e+00  1.629858e+02
     vertex  2.312396e+01  8.999770e+00  1.619858e+02
   endloop
 endfacet
 facet normal -2.160532e-01  9.763816e-01  1.535151e-15
   outer loop
     vertex  2.257301e+01  8.927458e+00  1.629858e+02
     vertex  2.284532e+01  8.987715e+00  1.619858e+02
     vertex  2.257301e+01  8.927458e+00  1.619858e+02
   endloop
 endfacet
 facet normal -2.160532e-01  9.763816e-01  1.542538e-15
   outer loop
     vertex  2.257301e+01  8.927458e+00  1.629858e+02
     vertex  2.284532e+01  8.987715e+00  1.629858e+02
     vertex  2.284532e+01  8.987715e+00  1.619858e+02
   endloop
 endfacet
 facet normal -3.823178e-01  9.240309e-01  2.716531e-15
   outer loop
     vertex  2.231530e+01  8.820830e+00  1.629858e+02
     vertex  2.257301e+01  8.927458e+00  1.619858e+02
     vertex  2.231530e+01  8.820830e+00  1.619858e+02
   endloop
 endfacet
 facet normal -3.823178e-01  9.240309e-01  2.711882e-15
   outer loop
     vertex  2.231530e+01  8.820830e+00  1.629858e+02
     vertex  2.257301e+01  8.927458e+00  1.629858e+02
     vertex  2.257301e+01  8.927458e+00  1.619858e+02
   endloop
 endfacet
 facet normal -5.369658e-01  8.436040e-01  3.806586e-15
   outer loop
     vertex  2.208002e+01  8.671071e+00  1.629858e+02
     vertex  2.231530e+01  8.820830e+00  1.629858e+02
     vertex  2.231530e+01  8.820830e+00  1.619858e+02
   endloop
 endfacet
 facet normal -5.369658e-01  8.436040e-01  3.815372e-15
   outer loop
     vertex  2.208002e+01  8.671071e+00  1.629858e+02
     vertex  2.231530e+01  8.820830e+00  1.619858e+02
     vertex  2.208002e+01  8.671071e+00  1.619858e+02
   endloop
 endfacet
 facet normal -6.752984e-01  7.375446e-01  4.801772e-15
   outer loop
     vertex  2.187432e+01  8.482731e+00  1.629858e+02
     vertex  2.208002e+01  8.671071e+00  1.629858e+02
     vertex  2.208002e+01  8.671071e+00  1.619858e+02
   endloop
 endfacet
 facet normal -6.752984e-01  7.375446e-01  4.798284e-15
   outer loop
     vertex  2.187432e+01  8.482731e+00  1.629858e+02
     vertex  2.208002e+01  8.671071e+00  1.619858e+02
     vertex  2.187432e+01  8.482731e+00  1.619858e+02
   endloop
 endfacet
 facet normal -7.931124e-01  6.090753e-01  5.635402e-15
   outer loop
     vertex  2.187432e+01  8.482731e+00  1.629858e+02
     vertex  2.187432e+01  8.482731e+00  1.619858e+02
     vertex  2.170445e+01  8.261534e+00  1.619858e+02
   endloop
 endfacet
 facet normal -7.931124e-01  6.090753e-01  5.635402e-15
   outer loop
     vertex  2.170445e+01  8.261534e+00  1.629858e+02
     vertex  2.187432e+01  8.482731e+00  1.629858e+02
     vertex  2.170445e+01  8.261534e+00  1.619858e+02
   endloop
 endfacet
 facet normal -8.868280e-01  4.620996e-01  6.301292e-15
   outer loop
     vertex  2.170445e+01  8.261534e+00  1.629858e+02
     vertex  2.170445e+01  8.261534e+00  1.619858e+02
     vertex  2.157557e+01  8.014199e+00  1.619858e+02
   endloop
 endfacet
 facet normal -8.868280e-01  4.620996e-01  6.301292e-15
   outer loop
     vertex  2.157557e+01  8.014199e+00  1.629858e+02
     vertex  2.170445e+01  8.261534e+00  1.629858e+02
     vertex  2.157557e+01  8.014199e+00  1.619858e+02
   endloop
 endfacet
 facet normal  0.000000e+00  0.000000e+00  1.000000e+00
   outer loop
     vertex  2.396291e+01  7.874253e+00  1.629858e+02
     vertex  2.447304e+01  8.139557e+00  1.629858e+02
     vertex  2.432328e+01  8.374836e+00  1.629858e+02
   endloop
 endfacet
 facet normal  0.000000e+00  0.000000e+00  1.000000e+00
   outer loop
     vertex  2.403121e+01  7.709157e+00  1.629858e+02
     vertex  2.457967e+01  7.881846e+00  1.629858e+02
     vertex  2.447304e+01  8.139557e+00  1.629858e+02
   endloop
 endfacet
 facet normal  0.000000e+00 -0.000000e+00  1.000000e+00
   outer loop
     vertex  2.403121e+01  7.709157e+00  1.629858e+02
     vertex  2.447304e+01  8.139557e+00  1.629858e+02
     vertex  2.396291e+01  7.874253e+00  1.629858e+02
   endloop
 endfacet
 facet normal -0.000000e+00  0.000000e+00  1.000000e+00
   outer loop
     vertex  2.386697e+01  8.024979e+00  1.629858e+02
     vertex  2.396291e+01  7.874253e+00  1.629858e+02
     vertex  2.432328e+01  8.374836e+00  1.629858e+02
   endloop
 endfacet
 facet normal  0.000000e+00  0.000000e+00  1.000000e+00
   outer loop
     vertex  2.406982e+01  7.534708e+00  1.629858e+02
     vertex  2.463993e+01  7.609535e+00  1.629858e+02
     vertex  2.457967e+01  7.881846e+00  1.629858e+02
   endloop
 endfacet
 facet normal  0.000000e+00 -0.000000e+00  1.000000e+00
   outer loop
     vertex  2.406982e+01  7.534708e+00  1.629858e+02
     vertex  2.457967e+01  7.881846e+00  1.629858e+02
     vertex  2.403121e+01  7.709157e+00  1.629858e+02
   endloop
 endfacet
 facet normal  0.000000e+00  0.000000e+00  1.000000e+00
   outer loop
     vertex  2.374631e+01  8.156756e+00  1.629858e+02
     vertex  2.432328e+01  8.374836e+00  1.629858e+02
     vertex  2.413494e+01  8.580536e+00  1.629858e+02
   endloop
 endfacet
 facet normal -0.000000e+00  0.000000e+00  1.000000e+00
   outer loop
     vertex  2.374631e+01  8.156756e+00  1.629858e+02
     vertex  2.386697e+01  8.024979e+00  1.629858e+02
     vertex  2.432328e+01  8.374836e+00  1.629858e+02
   endloop
 endfacet
 facet normal -0.000000e+00  0.000000e+00  1.000000e+00
   outer loop
     vertex  2.407754e+01  7.356205e+00  1.629858e+02
     vertex  2.465198e+01  7.330897e+00  1.629858e+02
     vertex  2.463993e+01  7.609535e+00  1.629858e+02
   endloop
 endfacet
 facet normal  0.000000e+00 -0.000000e+00  1.000000e+00
   outer loop
     vertex  2.407754e+01  7.356205e+00  1.629858e+02
     vertex  2.463993e+01  7.609535e+00  1.629858e+02
     vertex  2.406982e+01  7.534708e+00  1.629858e+02
   endloop
 endfacet
 facet normal -0.000000e+00  0.000000e+00  1.000000e+00
   outer loop
     vertex  2.360461e+01  8.265579e+00  1.629858e+02
     vertex  2.374631e+01  8.156756e+00  1.629858e+02
     vertex  2.413494e+01  8.580536e+00  1.629858e+02
   endloop
 endfacet
 facet normal  0.000000e+00  0.000000e+00  1.000000e+00
   outer loop
     vertex  2.360461e+01  8.265579e+00  1.629858e+02
     vertex  2.413494e+01  8.580536e+00  1.629858e+02
     vertex  2.391375e+01  8.750406e+00  1.629858e+02
   endloop
 endfacet
 facet normal  0.000000e+00  0.000000e+00  1.000000e+00
   outer loop
     vertex  2.405415e+01  7.179074e+00  1.629858e+02
     vertex  2.465198e+01  7.330897e+00  1.629858e+02
     vertex  2.407754e+01  7.356205e+00  1.629858e+02
   endloop
 endfacet
 facet normal -0.000000e+00  0.000000e+00  1.000000e+00
   outer loop
     vertex  2.405415e+01  7.179074e+00  1.629858e+02
     vertex  2.461547e+01  7.054399e+00  1.629858e+02
     vertex  2.465198e+01  7.330897e+00  1.629858e+02
   endloop
 endfacet
 facet normal  0.000000e+00  0.000000e+00  1.000000e+00
   outer loop
     vertex  2.344616e+01  8.348142e+00  1.629858e+02
     vertex  2.391375e+01  8.750406e+00  1.629858e+02
     vertex  2.366641e+01  8.879285e+00  1.629858e+02
   endloop
 endfacet
 facet normal -0.000000e+00  0.000000e+00  1.000000e+00
   outer loop
     vertex  2.344616e+01  8.348142e+00  1.629858e+02
     vertex  2.360461e+01  8.265579e+00  1.629858e+02
     vertex  2.391375e+01  8.750406e+00  1.629858e+02
   endloop
 endfacet
 facet normal  0.000000e+00  0.000000e+00  1.000000e+00
   outer loop
     vertex  2.400035e+01  7.008695e+00  1.629858e+02
     vertex  2.461547e+01  7.054399e+00  1.629858e+02
     vertex  2.405415e+01  7.179074e+00  1.629858e+02
   endloop
 endfacet
 facet normal -0.000000e+00  0.000000e+00  1.000000e+00
   outer loop
     vertex  2.400035e+01  7.008695e+00  1.629858e+02
     vertex  2.453150e+01  6.788442e+00  1.629858e+02
     vertex  2.461547e+01  7.054399e+00  1.629858e+02
   endloop
 endfacet
 facet normal  0.000000e+00  0.000000e+00  1.000000e+00
   outer loop
     vertex  2.327578e+01  8.401936e+00  1.629858e+02
     vertex  2.366641e+01  8.879285e+00  1.629858e+02
     vertex  2.340045e+01  8.963257e+00  1.629858e+02
   endloop
 endfacet
 facet normal -0.000000e+00  0.000000e+00  1.000000e+00
   outer loop
     vertex  2.327578e+01  8.401936e+00  1.629858e+02
     vertex  2.344616e+01  8.348142e+00  1.629858e+02
     vertex  2.366641e+01  8.879285e+00  1.629858e+02
   endloop
 endfacet
 facet normal -0.000000e+00  0.000000e+00  1.000000e+00
   outer loop
     vertex  2.391779e+01  6.850246e+00  1.629858e+02
     vertex  2.453150e+01  6.788442e+00  1.629858e+02
     vertex  2.400035e+01  7.008695e+00  1.629858e+02
   endloop
 endfacet
 facet normal  0.000000e+00  0.000000e+00  1.000000e+00
   outer loop
     vertex  2.391779e+01  6.850246e+00  1.629858e+02
     vertex  2.440262e+01  6.541107e+00  1.629858e+02
     vertex  2.453150e+01  6.788442e+00  1.629858e+02
   endloop
 endfacet
 facet normal -0.000000e+00  0.000000e+00  1.000000e+00
   outer loop
     vertex  2.309865e+01  8.425327e+00  1.629858e+02
     vertex  2.327578e+01  8.401936e+00  1.629858e+02
     vertex  2.340045e+01  8.963257e+00  1.629858e+02
   endloop
 endfacet
 facet normal  0.000000e+00  0.000000e+00  1.000000e+00
   outer loop
     vertex  2.309865e+01  8.425327e+00  1.629858e+02
     vertex  2.340045e+01  8.963257e+00  1.629858e+02
     vertex  2.312396e+01  8.999770e+00  1.629858e+02
   endloop
 endfacet
 facet normal  0.000000e+00  0.000000e+00  1.000000e+00
   outer loop
     vertex  2.380897e+01  6.708541e+00  1.629858e+02
     vertex  2.423275e+01  6.319909e+00  1.629858e+02
     vertex  2.440262e+01  6.541107e+00  1.629858e+02
   endloop
 endfacet
 facet normal -0.000000e+00  0.000000e+00  1.000000e+00
   outer loop
     vertex  2.380897e+01  6.708541e+00  1.629858e+02
     vertex  2.440262e+01  6.541107e+00  1.629858e+02
     vertex  2.391779e+01  6.850246e+00  1.629858e+02
   endloop
 endfacet
 facet normal  0.000000e+00  0.000000e+00  1.000000e+00
   outer loop
     vertex  2.292015e+01  8.417604e+00  1.629858e+02
     vertex  2.309865e+01  8.425327e+00  1.629858e+02
     vertex  2.312396e+01  8.999770e+00  1.629858e+02
   endloop
 endfacet
 facet normal  0.000000e+00 -0.000000e+00  1.000000e+00
   outer loop
     vertex  2.292015e+01  8.417604e+00  1.629858e+02
     vertex  2.312396e+01  8.999770e+00  1.629858e+02
     vertex  2.284532e+01  8.987715e+00  1.629858e+02
   endloop
 endfacet
 facet normal  0.000000e+00  0.000000e+00  1.000000e+00
   outer loop
     vertex  2.367719e+01  6.587886e+00  1.629858e+02
     vertex  2.402705e+01  6.131570e+00  1.629858e+02
     vertex  2.423275e+01  6.319909e+00  1.629858e+02
   endloop
 endfacet
 facet normal -0.000000e+00  0.000000e+00  1.000000e+00
   outer loop
     vertex  2.367719e+01  6.587886e+00  1.629858e+02
     vertex  2.423275e+01  6.319909e+00  1.629858e+02
     vertex  2.380897e+01  6.708541e+00  1.629858e+02
   endloop
 endfacet
 facet normal  0.000000e+00 -0.000000e+00  1.000000e+00
   outer loop
     vertex  2.274570e+01  8.379002e+00  1.629858e+02
     vertex  2.284532e+01  8.987715e+00  1.629858e+02
     vertex  2.257301e+01  8.927458e+00  1.629858e+02
   endloop
 endfacet
 facet normal  0.000000e+00  0.000000e+00  1.000000e+00
   outer loop
     vertex  2.274570e+01  8.379002e+00  1.629858e+02
     vertex  2.292015e+01  8.417604e+00  1.629858e+02
     vertex  2.284532e+01  8.987715e+00  1.629858e+02
   endloop
 endfacet
 facet normal  0.000000e+00  0.000000e+00  1.000000e+00
   outer loop
     vertex  2.352647e+01  6.491947e+00  1.629858e+02
     vertex  2.379177e+01  5.981811e+00  1.629858e+02
     vertex  2.402705e+01  6.131570e+00  1.629858e+02
   endloop
 endfacet
 facet normal -0.000000e+00  0.000000e+00  1.000000e+00
   outer loop
     vertex  2.352647e+01  6.491947e+00  1.629858e+02
     vertex  2.402705e+01  6.131570e+00  1.629858e+02
     vertex  2.367719e+01  6.587886e+00  1.629858e+02
   endloop
 endfacet
 facet normal -0.000000e+00  0.000000e+00  1.000000e+00
   outer loop
     vertex  2.231530e+01  8.820830e+00  1.629858e+02
     vertex  2.274570e+01  8.379002e+00  1.629858e+02
     vertex  2.257301e+01  8.927458e+00  1.629858e+02
   endloop
 endfacet
 facet normal  0.000000e+00  0.000000e+00  1.000000e+00
   outer loop
     vertex  2.231530e+01  8.820830e+00  1.629858e+02
     vertex  2.258060e+01  8.310694e+00  1.629858e+02
     vertex  2.274570e+01  8.379002e+00  1.629858e+02
   endloop
 endfacet
 facet normal  0.000000e+00 -0.000000e+00  1.000000e+00
   outer loop
     vertex  2.353406e+01  5.875183e+00  1.629858e+02
     vertex  2.379177e+01  5.981811e+00  1.629858e+02
     vertex  2.352647e+01  6.491947e+00  1.629858e+02
   endloop
 endfacet
 facet normal  0.000000e+00  0.000000e+00  1.000000e+00
   outer loop
     vertex  2.353406e+01  5.875183e+00  1.629858e+02
     vertex  2.352647e+01  6.491947e+00  1.629858e+02
     vertex  2.336137e+01  6.423639e+00  1.629858e+02
   endloop
 endfacet
 facet normal  0.000000e+00  0.000000e+00  1.000000e+00
   outer loop
     vertex  2.208002e+01  8.671071e+00  1.629858e+02
     vertex  2.242987e+01  8.214754e+00  1.629858e+02
     vertex  2.258060e+01  8.310694e+00  1.629858e+02
   endloop
 endfacet
 facet normal -0.000000e+00  0.000000e+00  1.000000e+00
   outer loop
     vertex  2.208002e+01  8.671071e+00  1.629858e+02
     vertex  2.258060e+01  8.310694e+00  1.629858e+02
     vertex  2.231530e+01  8.820830e+00  1.629858e+02
   endloop
 endfacet
 facet normal  0.000000e+00  0.000000e+00  1.000000e+00
   outer loop
     vertex  2.326175e+01  5.814926e+00  1.629858e+02
     vertex  2.353406e+01  5.875183e+00  1.629858e+02
     vertex  2.336137e+01  6.423639e+00  1.629858e+02
   endloop
 endfacet
 facet normal  0.000000e+00 -0.000000e+00  1.000000e+00
   outer loop
     vertex  2.326175e+01  5.814926e+00  1.629858e+02
     vertex  2.336137e+01  6.423639e+00  1.629858e+02
     vertex  2.318692e+01  6.385037e+00  1.629858e+02
   endloop
 endfacet
 facet normal -0.000000e+00  0.000000e+00  1.000000e+00
   outer loop
     vertex  2.300842e+01  6.377314e+00  1.629858e+02
     vertex  2.326175e+01  5.814926e+00  1.629858e+02
     vertex  2.318692e+01  6.385037e+00  1.629858e+02
   endloop
 endfacet
 facet normal -0.000000e+00  0.000000e+00  1.000000e+00
   outer loop
     vertex  2.187432e+01  8.482731e+00  1.629858e+02
     vertex  2.242987e+01  8.214754e+00  1.629858e+02
     vertex  2.208002e+01  8.671071e+00  1.629858e+02
   endloop
 endfacet
 facet normal  0.000000e+00  0.000000e+00  1.000000e+00
   outer loop
     vertex  2.187432e+01  8.482731e+00  1.629858e+02
     vertex  2.229810e+01  8.094099e+00  1.629858e+02
     vertex  2.242987e+01  8.214754e+00  1.629858e+02
   endloop
 endfacet
 facet normal  0.000000e+00  0.000000e+00  1.000000e+00
   outer loop
     vertex  2.187432e+01  8.482731e+00  1.629858e+02
     vertex  2.218927e+01  7.952395e+00  1.629858e+02
     vertex  2.229810e+01  8.094099e+00  1.629858e+02
   endloop
 endfacet
 facet normal  0.000000e+00  0.000000e+00  1.000000e+00
   outer loop
     vertex  2.298311e+01  5.802871e+00  1.629858e+02
     vertex  2.326175e+01  5.814926e+00  1.629858e+02
     vertex  2.300842e+01  6.377314e+00  1.629858e+02
   endloop
 endfacet
 facet normal -0.000000e+00  0.000000e+00  1.000000e+00
   outer loop
     vertex  2.170445e+01  8.261534e+00  1.629858e+02
     vertex  2.218927e+01  7.952395e+00  1.629858e+02
     vertex  2.187432e+01  8.482731e+00  1.629858e+02
   endloop
 endfacet
 facet normal  0.000000e+00 -0.000000e+00  1.000000e+00
   outer loop
     vertex  2.270661e+01  5.839384e+00  1.629858e+02
     vertex  2.283129e+01  6.400705e+00  1.629858e+02
     vertex  2.266091e+01  6.454499e+00  1.629858e+02
   endloop
 endfacet
 facet normal  0.000000e+00  0.000000e+00  1.000000e+00
   outer loop
     vertex  2.270661e+01  5.839384e+00  1.629858e+02
     vertex  2.300842e+01  6.377314e+00  1.629858e+02
     vertex  2.283129e+01  6.400705e+00  1.629858e+02
   endloop
 endfacet
 facet normal -0.000000e+00  0.000000e+00  1.000000e+00
   outer loop
     vertex  2.270661e+01  5.839384e+00  1.629858e+02
     vertex  2.298311e+01  5.802871e+00  1.629858e+02
     vertex  2.300842e+01  6.377314e+00  1.629858e+02
   endloop
 endfacet
 facet normal -0.000000e+00  0.000000e+00  1.000000e+00
   outer loop
     vertex  2.244065e+01  5.923356e+00  1.629858e+02
     vertex  2.270661e+01  5.839384e+00  1.629858e+02
     vertex  2.266091e+01  6.454499e+00  1.629858e+02
   endloop
 endfacet
 facet normal  0.000000e+00  0.000000e+00  1.000000e+00
   outer loop
     vertex  2.157557e+01  8.014199e+00  1.629858e+02
     vertex  2.210671e+01  7.793946e+00  1.629858e+02
     vertex  2.218927e+01  7.952395e+00  1.629858e+02
   endloop
 endfacet
 facet normal  0.000000e+00  0.000000e+00  1.000000e+00
   outer loop
     vertex  2.157557e+01  8.014199e+00  1.629858e+02
     vertex  2.205292e+01  7.623567e+00  1.629858e+02
     vertex  2.210671e+01  7.793946e+00  1.629858e+02
   endloop
 endfacet
 facet normal -0.000000e+00  0.000000e+00  1.000000e+00
   outer loop
     vertex  2.157557e+01  8.014199e+00  1.629858e+02
     vertex  2.218927e+01  7.952395e+00  1.629858e+02
     vertex  2.170445e+01  8.261534e+00  1.629858e+02
   endloop
 endfacet
 facet normal  0.000000e+00  0.000000e+00  1.000000e+00
   outer loop
     vertex  2.219332e+01  6.052234e+00  1.629858e+02
     vertex  2.250246e+01  6.537062e+00  1.629858e+02
     vertex  2.236075e+01  6.645885e+00  1.629858e+02
   endloop
 endfacet
 facet normal  0.000000e+00  0.000000e+00  1.000000e+00
   outer loop
     vertex  2.219332e+01  6.052234e+00  1.629858e+02
     vertex  2.266091e+01  6.454499e+00  1.629858e+02
     vertex  2.250246e+01  6.537062e+00  1.629858e+02
   endloop
 endfacet
 facet normal -0.000000e+00  0.000000e+00  1.000000e+00
   outer loop
     vertex  2.219332e+01  6.052234e+00  1.629858e+02
     vertex  2.244065e+01  5.923356e+00  1.629858e+02
     vertex  2.266091e+01  6.454499e+00  1.629858e+02
   endloop
 endfacet
 facet normal -0.000000e+00  0.000000e+00  1.000000e+00
   outer loop
     vertex  2.149160e+01  7.748242e+00  1.629858e+02
     vertex  2.205292e+01  7.623567e+00  1.629858e+02
     vertex  2.157557e+01  8.014199e+00  1.629858e+02
   endloop
 endfacet
 facet normal -0.000000e+00  0.000000e+00  1.000000e+00
   outer loop
     vertex  2.197212e+01  6.222105e+00  1.629858e+02
     vertex  2.219332e+01  6.052234e+00  1.629858e+02
     vertex  2.236075e+01  6.645885e+00  1.629858e+02
   endloop
 endfacet
 facet normal -0.000000e+00  0.000000e+00  1.000000e+00
   outer loop
     vertex  2.145508e+01  7.471744e+00  1.629858e+02
     vertex  2.202953e+01  7.446436e+00  1.629858e+02
     vertex  2.205292e+01  7.623567e+00  1.629858e+02
   endloop
 endfacet
 facet normal  0.000000e+00  0.000000e+00  1.000000e+00
   outer loop
     vertex  2.145508e+01  7.471744e+00  1.629858e+02
     vertex  2.203725e+01  7.267933e+00  1.629858e+02
     vertex  2.202953e+01  7.446436e+00  1.629858e+02
   endloop
 endfacet
 facet normal  0.000000e+00  0.000000e+00  1.000000e+00
   outer loop
     vertex  2.145508e+01  7.471744e+00  1.629858e+02
     vertex  2.205292e+01  7.623567e+00  1.629858e+02
     vertex  2.149160e+01  7.748242e+00  1.629858e+02
   endloop
 endfacet
 facet normal  0.000000e+00 -0.000000e+00  1.000000e+00
   outer loop
     vertex  2.146714e+01  7.193106e+00  1.629858e+02
     vertex  2.203725e+01  7.267933e+00  1.629858e+02
     vertex  2.145508e+01  7.471744e+00  1.629858e+02
   endloop
 endfacet
 facet normal -0.000000e+00  0.000000e+00  1.000000e+00
   outer loop
     vertex  2.178378e+01  6.427805e+00  1.629858e+02
     vertex  2.197212e+01  6.222105e+00  1.629858e+02
     vertex  2.236075e+01  6.645885e+00  1.629858e+02
   endloop
 endfacet
 facet normal  0.000000e+00  0.000000e+00  1.000000e+00
   outer loop
     vertex  2.178378e+01  6.427805e+00  1.629858e+02
     vertex  2.236075e+01  6.645885e+00  1.629858e+02
     vertex  2.224010e+01  6.777662e+00  1.629858e+02
   endloop
 endfacet
 facet normal  0.000000e+00  0.000000e+00  1.000000e+00
   outer loop
     vertex  2.152740e+01  6.920795e+00  1.629858e+02
     vertex  2.207585e+01  7.093484e+00  1.629858e+02
     vertex  2.203725e+01  7.267933e+00  1.629858e+02
   endloop
 endfacet
 facet normal  0.000000e+00 -0.000000e+00  1.000000e+00
   outer loop
     vertex  2.152740e+01  6.920795e+00  1.629858e+02
     vertex  2.203725e+01  7.267933e+00  1.629858e+02
     vertex  2.146714e+01  7.193106e+00  1.629858e+02
   endloop
 endfacet
 facet normal -0.000000e+00  0.000000e+00  1.000000e+00
   outer loop
     vertex  2.163402e+01  6.663084e+00  1.629858e+02
     vertex  2.178378e+01  6.427805e+00  1.629858e+02
     vertex  2.224010e+01  6.777662e+00  1.629858e+02
   endloop
 endfacet
 facet normal  0.000000e+00 -0.000000e+00  1.000000e+00
   outer loop
     vertex  2.163402e+01  6.663084e+00  1.629858e+02
     vertex  2.207585e+01  7.093484e+00  1.629858e+02
     vertex  2.152740e+01  6.920795e+00  1.629858e+02
   endloop
 endfacet
 facet normal  0.000000e+00  0.000000e+00  1.000000e+00
   outer loop
     vertex  2.163402e+01  6.663084e+00  1.629858e+02
     vertex  2.214416e+01  6.928388e+00  1.629858e+02
     vertex  2.207585e+01  7.093484e+00  1.629858e+02
   endloop
 endfacet
 facet normal  0.000000e+00  0.000000e+00  1.000000e+00
   outer loop
     vertex  2.163402e+01  6.663084e+00  1.629858e+02
     vertex  2.224010e+01  6.777662e+00  1.629858e+02
     vertex  2.214416e+01  6.928388e+00  1.629858e+02
   endloop
 endfacet
 facet normal -8.868280e-01  4.620996e-01  6.128889e-15
   outer loop
     vertex  2.391779e+01  6.850246e+00  1.589858e+02
     vertex  2.400035e+01  7.008695e+00  1.629858e+02
     vertex  2.400035e+01  7.008695e+00  1.589858e+02
   endloop
 endfacet
 facet normal -8.868280e-01  4.620996e-01  5.616237e-15
   outer loop
     vertex  2.391779e+01  6.850246e+00  1.589858e+02
     vertex  2.391779e+01  6.850246e+00  1.629858e+02
     vertex  2.400035e+01  7.008695e+00  1.629858e+02
   endloop
 endfacet
 facet normal -7.931124e-01  6.090753e-01  5.066219e-15
   outer loop
     vertex  2.380897e+01  6.708541e+00  1.589858e+02
     vertex  2.380897e+01  6.708541e+00  1.629858e+02
     vertex  2.391779e+01  6.850246e+00  1.629858e+02
   endloop
 endfacet
 facet normal -7.931124e-01  6.090753e-01  5.065739e-15
   outer loop
     vertex  2.380897e+01  6.708541e+00  1.589858e+02
     vertex  2.391779e+01  6.850246e+00  1.629858e+02
     vertex  2.391779e+01  6.850246e+00  1.589858e+02
   endloop
 endfacet
 facet normal -6.752984e-01  7.375446e-01  4.962051e-15
   outer loop
     vertex  2.367719e+01  6.587886e+00  1.589858e+02
     vertex  2.367719e+01  6.587886e+00  1.629858e+02
     vertex  2.380897e+01  6.708541e+00  1.629858e+02
   endloop
 endfacet
 facet normal -6.752984e-01  7.375446e-01  4.364255e-15
   outer loop
     vertex  2.367719e+01  6.587886e+00  1.589858e+02
     vertex  2.380897e+01  6.708541e+00  1.629858e+02
     vertex  2.380897e+01  6.708541e+00  1.589858e+02
   endloop
 endfacet
 facet normal -5.369658e-01  8.436040e-01  3.338450e-15
   outer loop
     vertex  2.352647e+01  6.491947e+00  1.589858e+02
     vertex  2.352647e+01  6.491947e+00  1.629858e+02
     vertex  2.367719e+01  6.587886e+00  1.629858e+02
   endloop
 endfacet
 facet normal -5.369658e-01  8.436040e-01  4.002589e-15
   outer loop
     vertex  2.352647e+01  6.491947e+00  1.589858e+02
     vertex  2.367719e+01  6.587886e+00  1.629858e+02
     vertex  2.367719e+01  6.587886e+00  1.589858e+02
   endloop
 endfacet
 facet normal -3.823178e-01  9.240309e-01  2.716531e-15
   outer loop
     vertex  2.336137e+01  6.423639e+00  1.589858e+02
     vertex  2.336137e+01  6.423639e+00  1.629858e+02
     vertex  2.352647e+01  6.491947e+00  1.629858e+02
   endloop
 endfacet
 facet normal -3.823178e-01  9.240309e-01  2.376310e-15
   outer loop
     vertex  2.336137e+01  6.423639e+00  1.589858e+02
     vertex  2.352647e+01  6.491947e+00  1.629858e+02
     vertex  2.352647e+01  6.491947e+00  1.589858e+02
   endloop
 endfacet
 facet normal -2.160532e-01  9.763816e-01  1.535151e-15
   outer loop
     vertex  2.318692e+01  6.385037e+00  1.589858e+02
     vertex  2.318692e+01  6.385037e+00  1.629858e+02
     vertex  2.336137e+01  6.423639e+00  1.629858e+02
   endloop
 endfacet
 facet normal -2.160532e-01  9.763816e-01  1.535256e-15
   outer loop
     vertex  2.318692e+01  6.385037e+00  1.589858e+02
     vertex  2.336137e+01  6.423639e+00  1.629858e+02
     vertex  2.336137e+01  6.423639e+00  1.589858e+02
   endloop
 endfacet
 facet normal -4.322403e-02  9.990654e-01  3.071252e-16
   outer loop
     vertex  2.300842e+01  6.377314e+00  1.589858e+02
     vertex  2.300842e+01  6.377314e+00  1.629858e+02
     vertex  2.318692e+01  6.385037e+00  1.629858e+02
   endloop
 endfacet
 facet normal -4.322403e-02  9.990654e-01  3.070513e-16
   outer loop
     vertex  2.300842e+01  6.377314e+00  1.589858e+02
     vertex  2.318692e+01  6.385037e+00  1.629858e+02
     vertex  2.318692e+01  6.385037e+00  1.589858e+02
   endloop
 endfacet
 facet normal  1.309185e-01  9.913931e-01 -8.139531e-16
   outer loop
     vertex  2.283129e+01  6.400705e+00  1.589858e+02
     vertex  2.283129e+01  6.400705e+00  1.629858e+02
     vertex  2.300842e+01  6.377314e+00  1.629858e+02
   endloop
 endfacet
 facet normal  1.309185e-01  9.913931e-01 -9.296493e-16
   outer loop
     vertex  2.283129e+01  6.400705e+00  1.589858e+02
     vertex  2.300842e+01  6.377314e+00  1.629858e+02
     vertex  2.300842e+01  6.377314e+00  1.589858e+02
   endloop
 endfacet
 facet normal  3.010832e-01  9.535979e-01 -2.139325e-15
   outer loop
     vertex  2.266091e+01  6.454499e+00  1.589858e+02
     vertex  2.266091e+01  6.454499e+00  1.629858e+02
     vertex  2.283129e+01  6.400705e+00  1.629858e+02
   endloop
 endfacet
 facet normal  3.010832e-01  9.535979e-01 -1.871435e-15
   outer loop
     vertex  2.266091e+01  6.454499e+00  1.589858e+02
     vertex  2.283129e+01  6.400705e+00  1.629858e+02
     vertex  2.283129e+01  6.400705e+00  1.589858e+02
   endloop
 endfacet
 facet normal  4.620996e-01  8.868280e-01 -3.283415e-15
   outer loop
     vertex  2.250246e+01  6.537062e+00  1.589858e+02
     vertex  2.250246e+01  6.537062e+00  1.629858e+02
     vertex  2.266091e+01  6.454499e+00  1.629858e+02
   endloop
 endfacet
 facet normal  4.620996e-01  8.868280e-01 -3.284114e-15
   outer loop
     vertex  2.250246e+01  6.537062e+00  1.589858e+02
     vertex  2.266091e+01  6.454499e+00  1.629858e+02
     vertex  2.266091e+01  6.454499e+00  1.589858e+02
   endloop
 endfacet
 facet normal  6.090753e-01  7.931124e-01 -4.327741e-15
   outer loop
     vertex  2.236075e+01  6.645885e+00  1.589858e+02
     vertex  2.236075e+01  6.645885e+00  1.629858e+02
     vertex  2.250246e+01  6.537062e+00  1.629858e+02
   endloop
 endfacet
 facet normal  6.090753e-01  7.931124e-01 -4.327845e-15
   outer loop
     vertex  2.236075e+01  6.645885e+00  1.589858e+02
     vertex  2.250246e+01  6.537062e+00  1.629858e+02
     vertex  2.250246e+01  6.537062e+00  1.589858e+02
   endloop
 endfacet
 facet normal  7.375446e-01  6.752984e-01 -5.240570e-15
   outer loop
     vertex  2.224010e+01  6.777662e+00  1.589858e+02
     vertex  2.224010e+01  6.777662e+00  1.629858e+02
     vertex  2.236075e+01  6.645885e+00  1.629858e+02
   endloop
 endfacet
 facet normal  7.375446e-01  6.752984e-01 -5.242931e-15
   outer loop
     vertex  2.224010e+01  6.777662e+00  1.589858e+02
     vertex  2.236075e+01  6.645885e+00  1.629858e+02
     vertex  2.236075e+01  6.645885e+00  1.589858e+02
   endloop
 endfacet
 facet normal  8.436040e-01  5.369658e-01 -6.113397e-15
   outer loop
     vertex  2.214416e+01  6.928388e+00  1.589858e+02
     vertex  2.214416e+01  6.928388e+00  1.629858e+02
     vertex  2.224010e+01  6.777662e+00  1.629858e+02
   endloop
 endfacet
 facet normal  8.436040e-01  5.369658e-01 -5.995389e-15
   outer loop
     vertex  2.214416e+01  6.928388e+00  1.589858e+02
     vertex  2.224010e+01  6.777662e+00  1.629858e+02
     vertex  2.224010e+01  6.777662e+00  1.589858e+02
   endloop
 endfacet
 facet normal  9.240309e-01  3.823178e-01 -6.650526e-15
   outer loop
     vertex  2.207585e+01  7.093484e+00  1.589858e+02
     vertex  2.207585e+01  7.093484e+00  1.629858e+02
     vertex  2.214416e+01  6.928388e+00  1.629858e+02
   endloop
 endfacet
 facet normal  9.240309e-01  3.823178e-01 -6.650755e-15
   outer loop
     vertex  2.207585e+01  7.093484e+00  1.589858e+02
     vertex  2.214416e+01  6.928388e+00  1.629858e+02
     vertex  2.214416e+01  6.928388e+00  1.589858e+02
   endloop
 endfacet
 facet normal  9.763816e-01  2.160532e-01 -6.984507e-15
   outer loop
     vertex  2.203725e+01  7.267933e+00  1.589858e+02
     vertex  2.207585e+01  7.093484e+00  1.629858e+02
     vertex  2.207585e+01  7.093484e+00  1.589858e+02
   endloop
 endfacet
 facet normal  9.763816e-01  2.160532e-01 -6.985582e-15
   outer loop
     vertex  2.203725e+01  7.267933e+00  1.589858e+02
     vertex  2.203725e+01  7.267933e+00  1.629858e+02
     vertex  2.207585e+01  7.093484e+00  1.629858e+02
   endloop
 endfacet
 facet normal  9.990654e-01  4.322403e-02 -7.108298e-15
   outer loop
     vertex  2.202953e+01  7.446436e+00  1.589858e+02
     vertex  2.203725e+01  7.267933e+00  1.629858e+02
     vertex  2.203725e+01  7.267933e+00  1.589858e+02
   endloop
 endfacet
 facet normal  9.990654e-01  4.322403e-02 -7.108384e-15
   outer loop
     vertex  2.202953e+01  7.446436e+00  1.589858e+02
     vertex  2.202953e+01  7.446436e+00  1.629858e+02
     vertex  2.203725e+01  7.267933e+00  1.629858e+02
   endloop
 endfacet
 facet normal  9.913931e-01 -1.309185e-01 -7.014848e-15
   outer loop
     vertex  2.205292e+01  7.623567e+00  1.589858e+02
     vertex  2.202953e+01  7.446436e+00  1.629858e+02
     vertex  2.202953e+01  7.446436e+00  1.589858e+02
   endloop
 endfacet
 facet normal  9.913931e-01 -1.309185e-01 -7.895736e-15
   outer loop
     vertex  2.205292e+01  7.623567e+00  1.589858e+02
     vertex  2.205292e+01  7.623567e+00  1.629858e+02
     vertex  2.202953e+01  7.446436e+00  1.629858e+02
   endloop
 endfacet
 facet normal  9.535979e-01 -3.010832e-01 -7.556132e-15
   outer loop
     vertex  2.210671e+01  7.793946e+00  1.589858e+02
     vertex  2.205292e+01  7.623567e+00  1.629858e+02
     vertex  2.205292e+01  7.623567e+00  1.589858e+02
   endloop
 endfacet
 facet normal  9.535979e-01 -3.010832e-01 -5.884037e-15
   outer loop
     vertex  2.210671e+01  7.793946e+00  1.589858e+02
     vertex  2.210671e+01  7.793946e+00  1.629858e+02
     vertex  2.205292e+01  7.623567e+00  1.629858e+02
   endloop
 endfacet
endsolid
