solid 
 facet normal  9.961989e-01  8.710716e-02  3.400596e-06
   outer loop
     vertex  2.405353e+01 -1.315562e+01  1.687858e+02
     vertex  2.406873e+01 -1.332926e+01  1.662859e+02
     vertex  2.405354e+01 -1.315562e+01  1.662858e+02
   endloop
 endfacet
 facet normal  9.659258e-01  2.588190e-01  1.765396e-11
   outer loop
     vertex  2.406873e+01 -1.332926e+01  1.687858e+02
     vertex  2.411384e+01 -1.349764e+01  1.662859e+02
     vertex  2.406873e+01 -1.332926e+01  1.662859e+02
   endloop
 endfacet
 facet normal  9.961947e-01  8.715574e-02 -1.765415e-11
   outer loop
     vertex  2.406873e+01 -1.332926e+01  1.687858e+02
     vertex  2.406873e+01 -1.332926e+01  1.662859e+02
     vertex  2.405353e+01 -1.315562e+01  1.687858e+02
   endloop
 endfacet
 facet normal  9.063078e-01  4.226183e-01  1.661536e-11
   outer loop
     vertex  2.411384e+01 -1.349764e+01  1.687858e+02
     vertex  2.418751e+01 -1.365562e+01  1.662859e+02
     vertex  2.411384e+01 -1.349764e+01  1.662859e+02
   endloop
 endfacet
 facet normal  9.659258e-01  2.588190e-01 -1.661561e-11
   outer loop
     vertex  2.411384e+01 -1.349764e+01  1.687858e+02
     vertex  2.411384e+01 -1.349764e+01  1.662859e+02
     vertex  2.406873e+01 -1.332926e+01  1.687858e+02
   endloop
 endfacet
 facet normal  8.191520e-01  5.735764e-01  1.557589e-11
   outer loop
     vertex  2.418751e+01 -1.365562e+01  1.687858e+02
     vertex  2.428749e+01 -1.379840e+01  1.662859e+02
     vertex  2.418751e+01 -1.365562e+01  1.662859e+02
   endloop
 endfacet
 facet normal  9.063078e-01  4.226183e-01 -1.557841e-11
   outer loop
     vertex  2.418751e+01 -1.365562e+01  1.687858e+02
     vertex  2.418751e+01 -1.365562e+01  1.662859e+02
     vertex  2.411384e+01 -1.349764e+01  1.687858e+02
   endloop
 endfacet
 facet normal  7.071068e-01  7.071068e-01  1.453753e-11
   outer loop
     vertex  2.428749e+01 -1.379840e+01  1.687858e+02
     vertex  2.441075e+01 -1.392166e+01  1.662859e+02
     vertex  2.428749e+01 -1.379840e+01  1.662859e+02
   endloop
 endfacet
 facet normal  8.191520e-01  5.735764e-01 -1.453970e-11
   outer loop
     vertex  2.428749e+01 -1.379840e+01  1.687858e+02
     vertex  2.428749e+01 -1.379840e+01  1.662859e+02
     vertex  2.418751e+01 -1.365562e+01  1.687858e+02
   endloop
 endfacet
 facet normal  5.735764e-01  8.191520e-01  1.349926e-11
   outer loop
     vertex  2.441075e+01 -1.392166e+01  1.687858e+02
     vertex  2.455353e+01 -1.402164e+01  1.662859e+02
     vertex  2.441075e+01 -1.392166e+01  1.662859e+02
   endloop
 endfacet
 facet normal  7.071068e-01  7.071068e-01 -1.350100e-11
   outer loop
     vertex  2.441075e+01 -1.392166e+01  1.687858e+02
     vertex  2.441075e+01 -1.392166e+01  1.662859e+02
     vertex  2.428749e+01 -1.379840e+01  1.687858e+02
   endloop
 endfacet
 facet normal  4.226183e-01  9.063078e-01  1.246006e-11
   outer loop
     vertex  2.455353e+01 -1.402164e+01  1.687858e+02
     vertex  2.471151e+01 -1.409531e+01  1.662859e+02
     vertex  2.455353e+01 -1.402164e+01  1.662859e+02
   endloop
 endfacet
 facet normal  5.735764e-01  8.191520e-01 -1.246334e-11
   outer loop
     vertex  2.455353e+01 -1.402164e+01  1.687858e+02
     vertex  2.455353e+01 -1.402164e+01  1.662859e+02
     vertex  2.441075e+01 -1.392166e+01  1.687858e+02
   endloop
 endfacet
 facet normal  2.588190e-01  9.659258e-01  1.142163e-11
   outer loop
     vertex  2.471151e+01 -1.409531e+01  1.687858e+02
     vertex  2.487988e+01 -1.414042e+01  1.662859e+02
     vertex  2.471151e+01 -1.409531e+01  1.662859e+02
   endloop
 endfacet
 facet normal  4.226183e-01  9.063078e-01 -1.142484e-11
   outer loop
     vertex  2.471151e+01 -1.409531e+01  1.687858e+02
     vertex  2.471151e+01 -1.409531e+01  1.662859e+02
     vertex  2.455353e+01 -1.402164e+01  1.687858e+02
   endloop
 endfacet
 facet normal  8.715574e-02  9.961947e-01  1.038342e-11
   outer loop
     vertex  2.487988e+01 -1.414042e+01  1.687858e+02
     vertex  2.505353e+01 -1.415562e+01  1.662859e+02
     vertex  2.487988e+01 -1.414042e+01  1.662859e+02
   endloop
 endfacet
 facet normal  2.588190e-01  9.659258e-01 -1.038619e-11
   outer loop
     vertex  2.487988e+01 -1.414042e+01  1.687858e+02
     vertex  2.487988e+01 -1.414042e+01  1.662859e+02
     vertex  2.471151e+01 -1.409531e+01  1.687858e+02
   endloop
 endfacet
 facet normal -8.715574e-02  9.961947e-01  9.344890e-12
   outer loop
     vertex  2.505353e+01 -1.415562e+01  1.687858e+02
     vertex  2.522718e+01 -1.414042e+01  1.662859e+02
     vertex  2.505353e+01 -1.415562e+01  1.662859e+02
   endloop
 endfacet
 facet normal  8.715574e-02  9.961947e-01 -9.347722e-12
   outer loop
     vertex  2.505353e+01 -1.415562e+01  1.687858e+02
     vertex  2.505353e+01 -1.415562e+01  1.662859e+02
     vertex  2.487988e+01 -1.414042e+01  1.687858e+02
   endloop
 endfacet
 facet normal -2.588190e-01  9.659258e-01  8.306327e-12
   outer loop
     vertex  2.522718e+01 -1.414042e+01  1.687858e+02
     vertex  2.539555e+01 -1.409531e+01  1.662859e+02
     vertex  2.522718e+01 -1.414042e+01  1.662859e+02
   endloop
 endfacet
 facet normal -8.715574e-02  9.961947e-01 -8.309241e-12
   outer loop
     vertex  2.522718e+01 -1.414042e+01  1.687858e+02
     vertex  2.522718e+01 -1.414042e+01  1.662859e+02
     vertex  2.505353e+01 -1.415562e+01  1.687858e+02
   endloop
 endfacet
 facet normal -4.226183e-01  9.063078e-01  7.268353e-12
   outer loop
     vertex  2.539555e+01 -1.409531e+01  1.687858e+02
     vertex  2.555353e+01 -1.402164e+01  1.662859e+02
     vertex  2.539555e+01 -1.409531e+01  1.662859e+02
   endloop
 endfacet
 facet normal -2.588190e-01  9.659258e-01 -7.270518e-12
   outer loop
     vertex  2.539555e+01 -1.409531e+01  1.687858e+02
     vertex  2.539555e+01 -1.409531e+01  1.662859e+02
     vertex  2.522718e+01 -1.414042e+01  1.687858e+02
   endloop
 endfacet
 facet normal -5.735764e-01  8.191520e-01  6.229634e-12
   outer loop
     vertex  2.555353e+01 -1.402164e+01  1.687858e+02
     vertex  2.569632e+01 -1.392166e+01  1.662859e+02
     vertex  2.555353e+01 -1.402164e+01  1.662859e+02
   endloop
 endfacet
 facet normal -4.226183e-01  9.063078e-01 -6.232284e-12
   outer loop
     vertex  2.555353e+01 -1.402164e+01  1.687858e+02
     vertex  2.555353e+01 -1.402164e+01  1.662859e+02
     vertex  2.539555e+01 -1.409531e+01  1.687858e+02
   endloop
 endfacet
 facet normal -7.071068e-01  7.071068e-01  5.191186e-12
   outer loop
     vertex  2.569632e+01 -1.392166e+01  1.687858e+02
     vertex  2.581958e+01 -1.379840e+01  1.662859e+02
     vertex  2.569632e+01 -1.392166e+01  1.662859e+02
   endloop
 endfacet
 facet normal -5.735764e-01  8.191520e-01 -5.193690e-12
   outer loop
     vertex  2.569632e+01 -1.392166e+01  1.687858e+02
     vertex  2.569632e+01 -1.392166e+01  1.662859e+02
     vertex  2.555353e+01 -1.402164e+01  1.687858e+02
   endloop
 endfacet
 facet normal -8.191520e-01  5.735764e-01  4.153427e-12
   outer loop
     vertex  2.581958e+01 -1.379840e+01  1.687858e+02
     vertex  2.591956e+01 -1.365562e+01  1.662859e+02
     vertex  2.581958e+01 -1.379840e+01  1.662859e+02
   endloop
 endfacet
 facet normal -7.071068e-01  7.071068e-01 -4.154657e-12
   outer loop
     vertex  2.581958e+01 -1.379840e+01  1.687858e+02
     vertex  2.581958e+01 -1.379840e+01  1.662859e+02
     vertex  2.569632e+01 -1.392166e+01  1.687858e+02
   endloop
 endfacet
 facet normal -8.191520e-01  5.735764e-01 -3.115923e-12
   outer loop
     vertex  2.591956e+01 -1.365562e+01  1.687858e+02
     vertex  2.591956e+01 -1.365562e+01  1.662859e+02
     vertex  2.581958e+01 -1.379840e+01  1.687858e+02
   endloop
 endfacet
 facet normal -9.063078e-01  4.226183e-01  3.115219e-12
   outer loop
     vertex  2.591956e+01 -1.365562e+01  1.687858e+02
     vertex  2.599323e+01 -1.349764e+01  1.662859e+02
     vertex  2.591956e+01 -1.365562e+01  1.662859e+02
   endloop
 endfacet
 facet normal -9.063078e-01  4.226183e-01 -2.077880e-12
   outer loop
     vertex  2.599323e+01 -1.349764e+01  1.687858e+02
     vertex  2.599323e+01 -1.349764e+01  1.662859e+02
     vertex  2.591956e+01 -1.365562e+01  1.687858e+02
   endloop
 endfacet
 facet normal -9.659258e-01  2.588190e-01  2.076218e-12
   outer loop
     vertex  2.599323e+01 -1.349764e+01  1.687858e+02
     vertex  2.603834e+01 -1.332926e+01  1.662859e+02
     vertex  2.599323e+01 -1.349764e+01  1.662859e+02
   endloop
 endfacet
 facet normal -9.659258e-01  2.588190e-01 -1.038744e-12
   outer loop
     vertex  2.603834e+01 -1.332926e+01  1.687858e+02
     vertex  2.603834e+01 -1.332926e+01  1.662859e+02
     vertex  2.599323e+01 -1.349764e+01  1.687858e+02
   endloop
 endfacet
 facet normal -9.961989e-01  8.710716e-02  1.039022e-12
   outer loop
     vertex  2.603834e+01 -1.332926e+01  1.687858e+02
     vertex  2.605352e+01 -1.315562e+01  1.662858e+02
     vertex  2.603834e+01 -1.332926e+01  1.662859e+02
   endloop
 endfacet
 facet normal -9.961947e-01  8.715574e-02  3.400561e-06
   outer loop
     vertex  2.605353e+01 -1.315562e+01  1.687858e+02
     vertex  2.605352e+01 -1.315562e+01  1.662858e+02
     vertex  2.603834e+01 -1.332926e+01  1.687858e+02
   endloop
 endfacet
 facet normal  9.961947e-01  8.715574e-02 -8.617454e-15
   outer loop
     vertex  3.706873e+01 -1.332926e+01  1.687858e+02
     vertex  3.705353e+01 -1.315562e+01  1.662859e+02
     vertex  3.705353e+01 -1.315562e+01  1.687858e+02
   endloop
 endfacet
 facet normal  9.961947e-01  8.715574e-02 -2.955259e-15
   outer loop
     vertex  3.706873e+01 -1.332926e+01  1.687858e+02
     vertex  3.706873e+01 -1.332926e+01  1.662859e+02
     vertex  3.705353e+01 -1.315562e+01  1.662859e+02
   endloop
 endfacet
 facet normal  9.659258e-01  2.588190e-01 -5.517149e-16
   outer loop
     vertex  3.711384e+01 -1.349764e+01  1.687858e+02
     vertex  3.711384e+01 -1.349764e+01  1.662859e+02
     vertex  3.706873e+01 -1.332926e+01  1.662859e+02
   endloop
 endfacet
 facet normal  9.659258e-01  2.588190e-01 -3.112992e-15
   outer loop
     vertex  3.711384e+01 -1.349764e+01  1.687858e+02
     vertex  3.706873e+01 -1.332926e+01  1.662859e+02
     vertex  3.706873e+01 -1.332926e+01  1.687858e+02
   endloop
 endfacet
 facet normal  9.063078e-01  4.226183e-01 -6.005863e-16
   outer loop
     vertex  3.718751e+01 -1.365562e+01  1.687858e+02
     vertex  3.718751e+01 -1.365562e+01  1.662859e+02
     vertex  3.711384e+01 -1.349764e+01  1.662859e+02
   endloop
 endfacet
 facet normal  9.063078e-01  4.226183e-01 -8.996626e-16
   outer loop
     vertex  3.718751e+01 -1.365562e+01  1.687858e+02
     vertex  3.711384e+01 -1.349764e+01  1.662859e+02
     vertex  3.711384e+01 -1.349764e+01  1.687858e+02
   endloop
 endfacet
 facet normal  8.191520e-01  5.735764e-01 -1.222671e-15
   outer loop
     vertex  3.728749e+01 -1.379840e+01  1.687858e+02
     vertex  3.728749e+01 -1.379840e+01  1.662859e+02
     vertex  3.718751e+01 -1.365562e+01  1.662859e+02
   endloop
 endfacet
 facet normal  8.191520e-01  5.735764e-01 -8.160656e-16
   outer loop
     vertex  3.728749e+01 -1.379840e+01  1.687858e+02
     vertex  3.718751e+01 -1.365562e+01  1.662859e+02
     vertex  3.718751e+01 -1.365562e+01  1.687858e+02
   endloop
 endfacet
 facet normal  7.071068e-01  7.071068e-01 -3.517064e-15
   outer loop
     vertex  3.741075e+01 -1.392166e+01  1.687858e+02
     vertex  3.741075e+01 -1.392166e+01  1.662859e+02
     vertex  3.728749e+01 -1.379840e+01  1.662859e+02
   endloop
 endfacet
 facet normal  7.071068e-01  7.071068e-01 -1.508726e-15
   outer loop
     vertex  3.741075e+01 -1.392166e+01  1.687858e+02
     vertex  3.728749e+01 -1.379840e+01  1.662859e+02
     vertex  3.728749e+01 -1.379840e+01  1.687858e+02
   endloop
 endfacet
 facet normal  5.735764e-01  8.191520e-01 -1.746156e-15
   outer loop
     vertex  3.755353e+01 -1.402164e+01  1.687858e+02
     vertex  3.755353e+01 -1.402164e+01  1.662859e+02
     vertex  3.741075e+01 -1.392166e+01  1.662859e+02
   endloop
 endfacet
 facet normal  4.226183e-01  9.063078e-01 -1.931942e-15
   outer loop
     vertex  3.755353e+01 -1.402164e+01  1.687858e+02
     vertex  3.771151e+01 -1.409531e+01  1.662859e+02
     vertex  3.755353e+01 -1.402164e+01  1.662859e+02
   endloop
 endfacet
 facet normal  5.735764e-01  8.191520e-01 -3.379706e-15
   outer loop
     vertex  3.755353e+01 -1.402164e+01  1.687858e+02
     vertex  3.741075e+01 -1.392166e+01  1.662859e+02
     vertex  3.741075e+01 -1.392166e+01  1.687858e+02
   endloop
 endfacet
 facet normal  2.588190e-01  9.659258e-01 -2.059028e-15
   outer loop
     vertex  3.771151e+01 -1.409531e+01  1.687858e+02
     vertex  3.787988e+01 -1.414042e+01  1.662859e+02
     vertex  3.771151e+01 -1.409531e+01  1.662859e+02
   endloop
 endfacet
 facet normal  4.226183e-01  9.063078e-01 -1.931942e-15
   outer loop
     vertex  3.771151e+01 -1.409531e+01  1.687858e+02
     vertex  3.771151e+01 -1.409531e+01  1.662859e+02
     vertex  3.755353e+01 -1.402164e+01  1.687858e+02
   endloop
 endfacet
 facet normal  2.588190e-01  9.659258e-01 -2.059028e-15
   outer loop
     vertex  3.787988e+01 -1.414042e+01  1.687858e+02
     vertex  3.787988e+01 -1.414042e+01  1.662859e+02
     vertex  3.771151e+01 -1.409531e+01  1.687858e+02
   endloop
 endfacet
 facet normal  8.715574e-02  9.961947e-01 -2.831401e-15
   outer loop
     vertex  3.805353e+01 -1.415562e+01  1.687858e+02
     vertex  3.805353e+01 -1.415562e+01  1.662859e+02
     vertex  3.787988e+01 -1.414042e+01  1.662859e+02
   endloop
 endfacet
 facet normal -8.715574e-02  9.961947e-01 -2.831401e-15
   outer loop
     vertex  3.805353e+01 -1.415562e+01  1.687858e+02
     vertex  3.822718e+01 -1.414042e+01  1.662859e+02
     vertex  3.805353e+01 -1.415562e+01  1.662859e+02
   endloop
 endfacet
 facet normal  8.715574e-02  9.961947e-01 -2.123761e-15
   outer loop
     vertex  3.805353e+01 -1.415562e+01  1.687858e+02
     vertex  3.787988e+01 -1.414042e+01  1.662859e+02
     vertex  3.787988e+01 -1.414042e+01  1.687858e+02
   endloop
 endfacet
 facet normal -8.715574e-02  9.961947e-01 -1.875835e-15
   outer loop
     vertex  3.822718e+01 -1.414042e+01  1.687858e+02
     vertex  3.822718e+01 -1.414042e+01  1.662859e+02
     vertex  3.805353e+01 -1.415562e+01  1.687858e+02
   endloop
 endfacet
 facet normal -2.588190e-01  9.659258e-01 -2.745371e-15
   outer loop
     vertex  3.839555e+01 -1.409531e+01  1.687858e+02
     vertex  3.839555e+01 -1.409531e+01  1.662859e+02
     vertex  3.822718e+01 -1.414042e+01  1.662859e+02
   endloop
 endfacet
 facet normal -4.226183e-01  9.063078e-01 -2.575923e-15
   outer loop
     vertex  3.839555e+01 -1.409531e+01  1.687858e+02
     vertex  3.855353e+01 -1.402164e+01  1.662859e+02
     vertex  3.839555e+01 -1.409531e+01  1.662859e+02
   endloop
 endfacet
 facet normal -2.588190e-01  9.659258e-01 -1.321628e-15
   outer loop
     vertex  3.839555e+01 -1.409531e+01  1.687858e+02
     vertex  3.822718e+01 -1.414042e+01  1.662859e+02
     vertex  3.822718e+01 -1.414042e+01  1.687858e+02
   endloop
 endfacet
 facet normal -5.735764e-01  8.191520e-01 -2.328208e-15
   outer loop
     vertex  3.855353e+01 -1.402164e+01  1.687858e+02
     vertex  3.869632e+01 -1.392166e+01  1.662859e+02
     vertex  3.855353e+01 -1.402164e+01  1.662859e+02
   endloop
 endfacet
 facet normal -4.226183e-01  9.063078e-01 -2.575923e-15
   outer loop
     vertex  3.855353e+01 -1.402164e+01  1.687858e+02
     vertex  3.855353e+01 -1.402164e+01  1.662859e+02
     vertex  3.839555e+01 -1.409531e+01  1.687858e+02
   endloop
 endfacet
 facet normal -5.735764e-01  8.191520e-01 -6.979791e-16
   outer loop
     vertex  3.869632e+01 -1.392166e+01  1.687858e+02
     vertex  3.869632e+01 -1.392166e+01  1.662859e+02
     vertex  3.855353e+01 -1.402164e+01  1.687858e+02
   endloop
 endfacet
 facet normal -7.071068e-01  7.071068e-01 -2.009751e-15
   outer loop
     vertex  3.881958e+01 -1.379840e+01  1.687858e+02
     vertex  3.881958e+01 -1.379840e+01  1.662859e+02
     vertex  3.869632e+01 -1.392166e+01  1.662859e+02
   endloop
 endfacet
 facet normal -7.071068e-01  7.071068e-01  0.000000e+00
   outer loop
     vertex  3.881958e+01 -1.379840e+01  1.687858e+02
     vertex  3.869632e+01 -1.392166e+01  1.662859e+02
     vertex  3.869632e+01 -1.392166e+01  1.687858e+02
   endloop
 endfacet
 facet normal -8.191520e-01  5.735764e-01 -1.632131e-15
   outer loop
     vertex  3.891956e+01 -1.365562e+01  1.687858e+02
     vertex  3.881958e+01 -1.379840e+01  1.662859e+02
     vertex  3.881958e+01 -1.379840e+01  1.687858e+02
   endloop
 endfacet
 facet normal -8.191520e-01  5.735764e-01 -2.037786e-15
   outer loop
     vertex  3.891956e+01 -1.365562e+01  1.687858e+02
     vertex  3.891956e+01 -1.365562e+01  1.662859e+02
     vertex  3.881958e+01 -1.379840e+01  1.662859e+02
   endloop
 endfacet
 facet normal -9.063078e-01  4.226183e-01 -1.501466e-15
   outer loop
     vertex  3.891956e+01 -1.365562e+01  1.687858e+02
     vertex  3.899323e+01 -1.349764e+01  1.662859e+02
     vertex  3.891956e+01 -1.365562e+01  1.662859e+02
   endloop
 endfacet
 facet normal -9.063078e-01  4.226183e-01  1.074457e-15
   outer loop
     vertex  3.899323e+01 -1.349764e+01  1.687858e+02
     vertex  3.899323e+01 -1.349764e+01  1.662859e+02
     vertex  3.891956e+01 -1.365562e+01  1.687858e+02
   endloop
 endfacet
 facet normal -9.659258e-01  2.588190e-01  1.827191e-15
   outer loop
     vertex  3.903834e+01 -1.332926e+01  1.687858e+02
     vertex  3.899323e+01 -1.349764e+01  1.662859e+02
     vertex  3.899323e+01 -1.349764e+01  1.687858e+02
   endloop
 endfacet
 facet normal -9.659258e-01  2.588190e-01 -9.195248e-16
   outer loop
     vertex  3.903834e+01 -1.332926e+01  1.687858e+02
     vertex  3.903834e+01 -1.332926e+01  1.662859e+02
     vertex  3.899323e+01 -1.349764e+01  1.662859e+02
   endloop
 endfacet
 facet normal -9.961947e-01  8.715574e-02 -3.095078e-16
   outer loop
     vertex  3.905353e+01 -1.315562e+01  1.687858e+02
     vertex  3.903834e+01 -1.332926e+01  1.662859e+02
     vertex  3.903834e+01 -1.332926e+01  1.687858e+02
   endloop
 endfacet
 facet normal -9.961947e-01  8.715574e-02 -8.679990e-15
   outer loop
     vertex  3.905353e+01 -1.315562e+01  1.687858e+02
     vertex  3.905353e+01 -1.315562e+01  1.662859e+02
     vertex  3.903834e+01 -1.332926e+01  1.662859e+02
   endloop
 endfacet
 facet normal  9.961989e-01  8.710716e-02  3.400596e-06
   outer loop
     vertex  2.405353e+01 -1.155616e+00  1.687858e+02
     vertex  2.406873e+01 -1.329264e+00  1.662859e+02
     vertex  2.405354e+01 -1.155616e+00  1.662858e+02
   endloop
 endfacet
 facet normal  9.659258e-01  2.588190e-01  1.765382e-11
   outer loop
     vertex  2.406873e+01 -1.329264e+00  1.687858e+02
     vertex  2.411384e+01 -1.497636e+00  1.662859e+02
     vertex  2.406873e+01 -1.329264e+00  1.662859e+02
   endloop
 endfacet
 facet normal  9.961947e-01  8.715574e-02 -1.765420e-11
   outer loop
     vertex  2.406873e+01 -1.329264e+00  1.687858e+02
     vertex  2.406873e+01 -1.329264e+00  1.662859e+02
     vertex  2.405353e+01 -1.155616e+00  1.687858e+02
   endloop
 endfacet
 facet normal  9.063078e-01  4.226183e-01  1.661547e-11
   outer loop
     vertex  2.411384e+01 -1.497636e+00  1.687858e+02
     vertex  2.418751e+01 -1.655616e+00  1.662859e+02
     vertex  2.411384e+01 -1.497636e+00  1.662859e+02
   endloop
 endfacet
 facet normal  9.659258e-01  2.588190e-01 -1.661554e-11
   outer loop
     vertex  2.411384e+01 -1.497636e+00  1.687858e+02
     vertex  2.411384e+01 -1.497636e+00  1.662859e+02
     vertex  2.406873e+01 -1.329264e+00  1.687858e+02
   endloop
 endfacet
 facet normal  8.191520e-01  5.735764e-01  1.557548e-11
   outer loop
     vertex  2.418751e+01 -1.655616e+00  1.687858e+02
     vertex  2.428749e+01 -1.798404e+00  1.662859e+02
     vertex  2.418751e+01 -1.655616e+00  1.662859e+02
   endloop
 endfacet
 facet normal  9.063078e-01  4.226183e-01 -1.557871e-11
   outer loop
     vertex  2.418751e+01 -1.655616e+00  1.687858e+02
     vertex  2.418751e+01 -1.655616e+00  1.662859e+02
     vertex  2.411384e+01 -1.497636e+00  1.687858e+02
   endloop
 endfacet
 facet normal  7.071068e-01  7.071068e-01  1.453728e-11
   outer loop
     vertex  2.428749e+01 -1.798404e+00  1.687858e+02
     vertex  2.441075e+01 -1.921661e+00  1.662859e+02
     vertex  2.428749e+01 -1.798404e+00  1.662859e+02
   endloop
 endfacet
 facet normal  8.191520e-01  5.735764e-01 -1.453991e-11
   outer loop
     vertex  2.428749e+01 -1.798404e+00  1.687858e+02
     vertex  2.428749e+01 -1.798404e+00  1.662859e+02
     vertex  2.418751e+01 -1.655616e+00  1.687858e+02
   endloop
 endfacet
 facet normal  5.735764e-01  8.191520e-01  1.349883e-11
   outer loop
     vertex  2.441075e+01 -1.921661e+00  1.687858e+02
     vertex  2.455353e+01 -2.021642e+00  1.662859e+02
     vertex  2.441075e+01 -1.921661e+00  1.662859e+02
   endloop
 endfacet
 facet normal  7.071068e-01  7.071068e-01 -1.350138e-11
   outer loop
     vertex  2.441075e+01 -1.921661e+00  1.687858e+02
     vertex  2.441075e+01 -1.921661e+00  1.662859e+02
     vertex  2.428749e+01 -1.798404e+00  1.687858e+02
   endloop
 endfacet
 facet normal  4.226183e-01  9.063078e-01  1.245990e-11
   outer loop
     vertex  2.455353e+01 -2.021642e+00  1.687858e+02
     vertex  2.471151e+01 -2.095309e+00  1.662859e+02
     vertex  2.455353e+01 -2.021642e+00  1.662859e+02
   endloop
 endfacet
 facet normal  5.735764e-01  8.191520e-01 -1.246349e-11
   outer loop
     vertex  2.455353e+01 -2.021642e+00  1.687858e+02
     vertex  2.455353e+01 -2.021642e+00  1.662859e+02
     vertex  2.441075e+01 -1.921661e+00  1.687858e+02
   endloop
 endfacet
 facet normal  2.588190e-01  9.659258e-01  1.142200e-11
   outer loop
     vertex  2.471151e+01 -2.095309e+00  1.687858e+02
     vertex  2.487988e+01 -2.140424e+00  1.662859e+02
     vertex  2.471151e+01 -2.095309e+00  1.662859e+02
   endloop
 endfacet
 facet normal  4.226183e-01  9.063078e-01 -1.142424e-11
   outer loop
     vertex  2.471151e+01 -2.095309e+00  1.687858e+02
     vertex  2.471151e+01 -2.095309e+00  1.662859e+02
     vertex  2.455353e+01 -2.021642e+00  1.687858e+02
   endloop
 endfacet
 facet normal  8.715574e-02  9.961947e-01  1.038289e-11
   outer loop
     vertex  2.487988e+01 -2.140424e+00  1.687858e+02
     vertex  2.505353e+01 -2.155616e+00  1.662859e+02
     vertex  2.487988e+01 -2.140424e+00  1.662859e+02
   endloop
 endfacet
 facet normal  2.588190e-01  9.659258e-01 -1.038671e-11
   outer loop
     vertex  2.487988e+01 -2.140424e+00  1.687858e+02
     vertex  2.487988e+01 -2.140424e+00  1.662859e+02
     vertex  2.471151e+01 -2.095309e+00  1.687858e+02
   endloop
 endfacet
 facet normal -8.715574e-02  9.961947e-01  9.344536e-12
   outer loop
     vertex  2.505353e+01 -2.155616e+00  1.687858e+02
     vertex  2.522718e+01 -2.140424e+00  1.662859e+02
     vertex  2.505353e+01 -2.155616e+00  1.662859e+02
   endloop
 endfacet
 facet normal  8.715574e-02  9.961947e-01 -9.348076e-12
   outer loop
     vertex  2.505353e+01 -2.155616e+00  1.687858e+02
     vertex  2.505353e+01 -2.155616e+00  1.662859e+02
     vertex  2.487988e+01 -2.140424e+00  1.687858e+02
   endloop
 endfacet
 facet normal -2.588190e-01  9.659258e-01  8.305984e-12
   outer loop
     vertex  2.522718e+01 -2.140424e+00  1.687858e+02
     vertex  2.539555e+01 -2.095309e+00  1.662859e+02
     vertex  2.522718e+01 -2.140424e+00  1.662859e+02
   endloop
 endfacet
 facet normal -8.715574e-02  9.961947e-01 -8.309595e-12
   outer loop
     vertex  2.522718e+01 -2.140424e+00  1.687858e+02
     vertex  2.522718e+01 -2.140424e+00  1.662859e+02
     vertex  2.505353e+01 -2.155616e+00  1.687858e+02
   endloop
 endfacet
 facet normal -4.226183e-01  9.063078e-01  7.267592e-12
   outer loop
     vertex  2.539555e+01 -2.095309e+00  1.687858e+02
     vertex  2.555353e+01 -2.021642e+00  1.662859e+02
     vertex  2.539555e+01 -2.095309e+00  1.662859e+02
   endloop
 endfacet
 facet normal -2.588190e-01  9.659258e-01 -7.271058e-12
   outer loop
     vertex  2.539555e+01 -2.095309e+00  1.687858e+02
     vertex  2.539555e+01 -2.095309e+00  1.662859e+02
     vertex  2.522718e+01 -2.140424e+00  1.687858e+02
   endloop
 endfacet
 facet normal -5.735764e-01  8.191520e-01  6.229634e-12
   outer loop
     vertex  2.555353e+01 -2.021642e+00  1.687858e+02
     vertex  2.569632e+01 -1.921661e+00  1.662859e+02
     vertex  2.555353e+01 -2.021642e+00  1.662859e+02
   endloop
 endfacet
 facet normal -4.226183e-01  9.063078e-01 -6.232284e-12
   outer loop
     vertex  2.555353e+01 -2.021642e+00  1.687858e+02
     vertex  2.555353e+01 -2.021642e+00  1.662859e+02
     vertex  2.539555e+01 -2.095309e+00  1.687858e+02
   endloop
 endfacet
 facet normal -7.071068e-01  7.071068e-01  5.191060e-12
   outer loop
     vertex  2.569632e+01 -1.921661e+00  1.687858e+02
     vertex  2.581958e+01 -1.798404e+00  1.662859e+02
     vertex  2.569632e+01 -1.921661e+00  1.662859e+02
   endloop
 endfacet
 facet normal -5.735764e-01  8.191520e-01 -5.193836e-12
   outer loop
     vertex  2.569632e+01 -1.921661e+00  1.687858e+02
     vertex  2.569632e+01 -1.921661e+00  1.662859e+02
     vertex  2.555353e+01 -2.021642e+00  1.687858e+02
   endloop
 endfacet
 facet normal -8.191520e-01  5.735764e-01  4.153427e-12
   outer loop
     vertex  2.581958e+01 -1.798404e+00  1.687858e+02
     vertex  2.591956e+01 -1.655616e+00  1.662859e+02
     vertex  2.581958e+01 -1.798404e+00  1.662859e+02
   endloop
 endfacet
 facet normal -7.071068e-01  7.071068e-01 -4.154657e-12
   outer loop
     vertex  2.581958e+01 -1.798404e+00  1.687858e+02
     vertex  2.581958e+01 -1.798404e+00  1.662859e+02
     vertex  2.569632e+01 -1.921661e+00  1.687858e+02
   endloop
 endfacet
 facet normal -8.191520e-01  5.735764e-01 -3.115872e-12
   outer loop
     vertex  2.591956e+01 -1.655616e+00  1.687858e+02
     vertex  2.591956e+01 -1.655616e+00  1.662859e+02
     vertex  2.581958e+01 -1.798404e+00  1.687858e+02
   endloop
 endfacet
 facet normal -9.063078e-01  4.226183e-01  3.115257e-12
   outer loop
     vertex  2.591956e+01 -1.655616e+00  1.687858e+02
     vertex  2.599323e+01 -1.497636e+00  1.662859e+02
     vertex  2.591956e+01 -1.655616e+00  1.662859e+02
   endloop
 endfacet
 facet normal -9.063078e-01  4.226183e-01 -2.077955e-12
   outer loop
     vertex  2.599323e+01 -1.497636e+00  1.687858e+02
     vertex  2.599323e+01 -1.497636e+00  1.662859e+02
     vertex  2.591956e+01 -1.655616e+00  1.687858e+02
   endloop
 endfacet
 facet normal -9.659258e-01  2.588190e-01  2.076172e-12
   outer loop
     vertex  2.599323e+01 -1.497636e+00  1.687858e+02
     vertex  2.603834e+01 -1.329264e+00  1.662859e+02
     vertex  2.599323e+01 -1.497636e+00  1.662859e+02
   endloop
 endfacet
 facet normal -9.659258e-01  2.588190e-01 -1.038767e-12
   outer loop
     vertex  2.603834e+01 -1.329264e+00  1.687858e+02
     vertex  2.603834e+01 -1.329264e+00  1.662859e+02
     vertex  2.599323e+01 -1.497636e+00  1.687858e+02
   endloop
 endfacet
 facet normal -9.961989e-01  8.710716e-02  1.039014e-12
   outer loop
     vertex  2.603834e+01 -1.329264e+00  1.687858e+02
     vertex  2.605352e+01 -1.155616e+00  1.662858e+02
     vertex  2.603834e+01 -1.329264e+00  1.662859e+02
   endloop
 endfacet
 facet normal -9.961947e-01  8.715574e-02  3.400561e-06
   outer loop
     vertex  2.605353e+01 -1.155616e+00  1.687858e+02
     vertex  2.605352e+01 -1.155616e+00  1.662858e+02
     vertex  2.603834e+01 -1.329264e+00  1.687858e+02
   endloop
 endfacet
 facet normal  9.961947e-01  8.715574e-02  2.746249e-15
   outer loop
     vertex  3.705353e+01 -1.155616e+00  1.687858e+02
     vertex  3.706873e+01 -1.329264e+00  1.662859e+02
     vertex  3.705353e+01 -1.155616e+00  1.662859e+02
   endloop
 endfacet
 facet normal  9.659258e-01  2.588190e-01 -3.021228e-15
   outer loop
     vertex  3.706873e+01 -1.329264e+00  1.687858e+02
     vertex  3.711384e+01 -1.497636e+00  1.662859e+02
     vertex  3.706873e+01 -1.329264e+00  1.662859e+02
   endloop
 endfacet
 facet normal  9.961947e-01  8.715574e-02 -2.924295e-15
   outer loop
     vertex  3.706873e+01 -1.329264e+00  1.687858e+02
     vertex  3.706873e+01 -1.329264e+00  1.662859e+02
     vertex  3.705353e+01 -1.155616e+00  1.687858e+02
   endloop
 endfacet
 facet normal  9.063078e-01  4.226183e-01 -3.063900e-15
   outer loop
     vertex  3.711384e+01 -1.497636e+00  1.687858e+02
     vertex  3.718751e+01 -1.655616e+00  1.662859e+02
     vertex  3.711384e+01 -1.497636e+00  1.662859e+02
   endloop
 endfacet
 facet normal  9.659258e-01  2.588190e-01 -3.044216e-15
   outer loop
     vertex  3.711384e+01 -1.497636e+00  1.687858e+02
     vertex  3.711384e+01 -1.497636e+00  1.662859e+02
     vertex  3.706873e+01 -1.329264e+00  1.687858e+02
   endloop
 endfacet
 facet normal  8.191520e-01  5.735764e-01 -6.622803e-16
   outer loop
     vertex  3.718751e+01 -1.655616e+00  1.687858e+02
     vertex  3.728749e+01 -1.798404e+00  1.662859e+02
     vertex  3.718751e+01 -1.655616e+00  1.662859e+02
   endloop
 endfacet
 facet normal  9.063078e-01  4.226183e-01 -4.879764e-16
   outer loop
     vertex  3.718751e+01 -1.655616e+00  1.687858e+02
     vertex  3.718751e+01 -1.655616e+00  1.662859e+02
     vertex  3.711384e+01 -1.497636e+00  1.687858e+02
   endloop
 endfacet
 facet normal  7.071068e-01  7.071068e-01 -9.420706e-16
   outer loop
     vertex  3.728749e+01 -1.798404e+00  1.687858e+02
     vertex  3.741075e+01 -1.921661e+00  1.662859e+02
     vertex  3.728749e+01 -1.798404e+00  1.662859e+02
   endloop
 endfacet
 facet normal  8.191520e-01  5.735764e-01 -7.641696e-16
   outer loop
     vertex  3.728749e+01 -1.798404e+00  1.687858e+02
     vertex  3.728749e+01 -1.798404e+00  1.662859e+02
     vertex  3.718751e+01 -1.655616e+00  1.687858e+02
   endloop
 endfacet
 facet normal  5.735764e-01  8.191520e-01 -2.794332e-15
   outer loop
     vertex  3.741075e+01 -1.921661e+00  1.687858e+02
     vertex  3.755353e+01 -2.021642e+00  1.662859e+02
     vertex  3.741075e+01 -1.921661e+00  1.662859e+02
   endloop
 endfacet
 facet normal  7.071068e-01  7.071068e-01 -3.014626e-15
   outer loop
     vertex  3.741075e+01 -1.921661e+00  1.687858e+02
     vertex  3.741075e+01 -1.921661e+00  1.662859e+02
     vertex  3.728749e+01 -1.798404e+00  1.687858e+02
   endloop
 endfacet
 facet normal  4.226183e-01  9.063078e-01 -1.448957e-15
   outer loop
     vertex  3.755353e+01 -2.021642e+00  1.687858e+02
     vertex  3.771151e+01 -2.095309e+00  1.662859e+02
     vertex  3.755353e+01 -2.021642e+00  1.662859e+02
   endloop
 endfacet
 facet normal  5.735764e-01  8.191520e-01 -1.309617e-15
   outer loop
     vertex  3.755353e+01 -2.021642e+00  1.687858e+02
     vertex  3.755353e+01 -2.021642e+00  1.662859e+02
     vertex  3.741075e+01 -1.921661e+00  1.687858e+02
   endloop
 endfacet
 facet normal  2.588190e-01  9.659258e-01 -1.372685e-15
   outer loop
     vertex  3.771151e+01 -2.095309e+00  1.687858e+02
     vertex  3.787988e+01 -2.140424e+00  1.662859e+02
     vertex  3.771151e+01 -2.095309e+00  1.662859e+02
   endloop
 endfacet
 facet normal  4.226183e-01  9.063078e-01 -1.287962e-15
   outer loop
     vertex  3.771151e+01 -2.095309e+00  1.687858e+02
     vertex  3.771151e+01 -2.095309e+00  1.662859e+02
     vertex  3.755353e+01 -2.021642e+00  1.687858e+02
   endloop
 endfacet
 facet normal  2.588190e-01  9.659258e-01 -1.715857e-15
   outer loop
     vertex  3.787988e+01 -2.140424e+00  1.687858e+02
     vertex  3.787988e+01 -2.140424e+00  1.662859e+02
     vertex  3.771151e+01 -2.095309e+00  1.687858e+02
   endloop
 endfacet
 facet normal  8.715574e-02  9.961947e-01 -1.769626e-15
   outer loop
     vertex  3.805353e+01 -2.155616e+00  1.687858e+02
     vertex  3.805353e+01 -2.155616e+00  1.662859e+02
     vertex  3.787988e+01 -2.140424e+00  1.662859e+02
   endloop
 endfacet
 facet normal -8.715574e-02  9.961947e-01 -1.769626e-15
   outer loop
     vertex  3.805353e+01 -2.155616e+00  1.687858e+02
     vertex  3.822718e+01 -2.140424e+00  1.662859e+02
     vertex  3.805353e+01 -2.155616e+00  1.662859e+02
   endloop
 endfacet
 facet normal  8.715574e-02  9.961947e-01 -1.769469e-15
   outer loop
     vertex  3.805353e+01 -2.155616e+00  1.687858e+02
     vertex  3.787988e+01 -2.140424e+00  1.662859e+02
     vertex  3.787988e+01 -2.140424e+00  1.687858e+02
   endloop
 endfacet
 facet normal -2.588190e-01  9.659258e-01 -1.151822e-15
   outer loop
     vertex  3.822718e+01 -2.140424e+00  1.687858e+02
     vertex  3.839555e+01 -2.095309e+00  1.662859e+02
     vertex  3.822718e+01 -2.140424e+00  1.662859e+02
   endloop
 endfacet
 facet normal -8.715574e-02  9.961947e-01 -1.698873e-15
   outer loop
     vertex  3.822718e+01 -2.140424e+00  1.687858e+02
     vertex  3.822718e+01 -2.140424e+00  1.662859e+02
     vertex  3.805353e+01 -2.155616e+00  1.687858e+02
   endloop
 endfacet
 facet normal -2.588190e-01  9.659258e-01 -2.059028e-15
   outer loop
     vertex  3.839555e+01 -2.095309e+00  1.687858e+02
     vertex  3.839555e+01 -2.095309e+00  1.662859e+02
     vertex  3.822718e+01 -2.140424e+00  1.687858e+02
   endloop
 endfacet
 facet normal -4.226183e-01  9.063078e-01 -2.253933e-15
   outer loop
     vertex  3.855353e+01 -2.021642e+00  1.687858e+02
     vertex  3.855353e+01 -2.021642e+00  1.662859e+02
     vertex  3.839555e+01 -2.095309e+00  1.662859e+02
   endloop
 endfacet
 facet normal -5.735764e-01  8.191520e-01 -2.037182e-15
   outer loop
     vertex  3.855353e+01 -2.021642e+00  1.687858e+02
     vertex  3.869632e+01 -1.921661e+00  1.662859e+02
     vertex  3.855353e+01 -2.021642e+00  1.662859e+02
   endloop
 endfacet
 facet normal -4.226183e-01  9.063078e-01 -1.934673e-15
   outer loop
     vertex  3.855353e+01 -2.021642e+00  1.687858e+02
     vertex  3.839555e+01 -2.095309e+00  1.662859e+02
     vertex  3.839555e+01 -2.095309e+00  1.687858e+02
   endloop
 endfacet
 facet normal -5.735764e-01  8.191520e-01 -4.069531e-16
   outer loop
     vertex  3.869632e+01 -1.921661e+00  1.687858e+02
     vertex  3.869632e+01 -1.921661e+00  1.662859e+02
     vertex  3.855353e+01 -2.021642e+00  1.687858e+02
   endloop
 endfacet
 facet normal -7.071068e-01  7.071068e-01 -1.946946e-15
   outer loop
     vertex  3.881958e+01 -1.798404e+00  1.687858e+02
     vertex  3.881958e+01 -1.798404e+00  1.662859e+02
     vertex  3.869632e+01 -1.921661e+00  1.662859e+02
   endloop
 endfacet
 facet normal -8.191520e-01  5.735764e-01 -1.579284e-15
   outer loop
     vertex  3.881958e+01 -1.798404e+00  1.687858e+02
     vertex  3.891956e+01 -1.655616e+00  1.662859e+02
     vertex  3.881958e+01 -1.798404e+00  1.662859e+02
   endloop
 endfacet
 facet normal -7.071068e-01  7.071068e-01  2.507909e-16
   outer loop
     vertex  3.881958e+01 -1.798404e+00  1.687858e+02
     vertex  3.869632e+01 -1.921661e+00  1.662859e+02
     vertex  3.869632e+01 -1.921661e+00  1.687858e+02
   endloop
 endfacet
 facet normal -8.191520e-01  5.735764e-01 -1.630229e-15
   outer loop
     vertex  3.891956e+01 -1.655616e+00  1.687858e+02
     vertex  3.891956e+01 -1.655616e+00  1.662859e+02
     vertex  3.881958e+01 -1.798404e+00  1.687858e+02
   endloop
 endfacet
 facet normal -9.063078e-01  4.226183e-01 -1.201173e-15
   outer loop
     vertex  3.891956e+01 -1.655616e+00  1.687858e+02
     vertex  3.899323e+01 -1.497636e+00  1.662859e+02
     vertex  3.891956e+01 -1.655616e+00  1.662859e+02
   endloop
 endfacet
 facet normal -9.063078e-01  4.226183e-01  1.262141e-15
   outer loop
     vertex  3.899323e+01 -1.497636e+00  1.687858e+02
     vertex  3.899323e+01 -1.497636e+00  1.662859e+02
     vertex  3.891956e+01 -1.655616e+00  1.687858e+02
   endloop
 endfacet
 facet normal -9.659258e-01  2.588190e-01  1.940644e-15
   outer loop
     vertex  3.903834e+01 -1.329264e+00  1.687858e+02
     vertex  3.899323e+01 -1.497636e+00  1.662859e+02
     vertex  3.899323e+01 -1.497636e+00  1.687858e+02
   endloop
 endfacet
 facet normal -9.659258e-01  2.588190e-01 -8.275723e-16
   outer loop
     vertex  3.903834e+01 -1.329264e+00  1.687858e+02
     vertex  3.903834e+01 -1.329264e+00  1.662859e+02
     vertex  3.899323e+01 -1.497636e+00  1.662859e+02
   endloop
 endfacet
 facet normal -9.961947e-01  8.715574e-02 -2.786799e-16
   outer loop
     vertex  3.903834e+01 -1.329264e+00  1.687858e+02
     vertex  3.905353e+01 -1.155616e+00  1.662859e+02
     vertex  3.903834e+01 -1.329264e+00  1.662859e+02
   endloop
 endfacet
 facet normal -9.961947e-01  8.715574e-02  2.676579e-15
   outer loop
     vertex  3.905353e+01 -1.155616e+00  1.687858e+02
     vertex  3.905353e+01 -1.155616e+00  1.662859e+02
     vertex  3.903834e+01 -1.329264e+00  1.687858e+02
   endloop
 endfacet
 facet normal  6.170539e-01  3.562562e-01  7.016595e-01
   outer loop
     vertex  3.779818e+01 -1.336988e+01  1.656192e+02
     vertex  3.805353e+01 -1.315562e+01  1.652858e+02
     vertex  3.774030e+01 -1.326962e+01  1.656192e+02
   endloop
 endfacet
 facet normal  4.579942e-01  5.458162e-01  7.016595e-01
   outer loop
     vertex  3.788687e+01 -1.344429e+01  1.656192e+02
     vertex  3.805353e+01 -1.315562e+01  1.652858e+02
     vertex  3.779818e+01 -1.336988e+01  1.656192e+02
   endloop
 endfacet
 facet normal  6.847397e-01  5.990696e-02  7.263214e-01
   outer loop
     vertex  3.742707e+01 -1.338363e+01  1.659525e+02
     vertex  3.705353e+01 -1.315562e+01  1.662859e+02
     vertex  3.706873e+01 -1.332926e+01  1.662859e+02
   endloop
 endfacet
 facet normal  6.843272e-01  1.833649e-01  7.057433e-01
   outer loop
     vertex  3.742707e+01 -1.338363e+01  1.659525e+02
     vertex  3.706873e+01 -1.332926e+01  1.662859e+02
     vertex  3.711384e+01 -1.349764e+01  1.662859e+02
   endloop
 endfacet
 facet normal  6.420897e-01  2.994114e-01  7.057433e-01
   outer loop
     vertex  3.742707e+01 -1.338363e+01  1.659525e+02
     vertex  3.711384e+01 -1.349764e+01  1.662859e+02
     vertex  3.718751e+01 -1.365562e+01  1.662859e+02
   endloop
 endfacet
 facet normal  7.016877e-01  1.237265e-01  7.016595e-01
   outer loop
     vertex  3.742707e+01 -1.338363e+01  1.659525e+02
     vertex  3.805353e+01 -1.315562e+01  1.652858e+02
     vertex  3.705353e+01 -1.315562e+01  1.662859e+02
   endloop
 endfacet
 facet normal  2.904627e-01 -9.553722e-01 -5.380877e-02
   outer loop
     vertex  3.742707e+01 -1.338363e+01  1.659525e+02
     vertex  3.774030e+01 -1.326962e+01  1.656192e+02
     vertex  3.805353e+01 -1.315562e+01  1.652858e+02
   endloop
 endfacet
 facet normal  2.436936e-01  6.695427e-01  7.016595e-01
   outer loop
     vertex  3.799565e+01 -1.348389e+01  1.656192e+02
     vertex  3.805353e+01 -1.315562e+01  1.652858e+02
     vertex  3.788687e+01 -1.344429e+01  1.656192e+02
   endloop
 endfacet
 facet normal  5.803427e-01  4.063603e-01  7.057433e-01
   outer loop
     vertex  3.754284e+01 -1.358414e+01  1.659525e+02
     vertex  3.718751e+01 -1.365562e+01  1.662859e+02
     vertex  3.728749e+01 -1.379840e+01  1.662859e+02
   endloop
 endfacet
 facet normal  5.009623e-01  5.009623e-01  7.057433e-01
   outer loop
     vertex  3.754284e+01 -1.358414e+01  1.659525e+02
     vertex  3.728749e+01 -1.379840e+01  1.662859e+02
     vertex  3.741075e+01 -1.392166e+01  1.662859e+02
   endloop
 endfacet
 facet normal  6.170539e-01  3.562562e-01  7.016595e-01
   outer loop
     vertex  3.754284e+01 -1.358414e+01  1.659525e+02
     vertex  3.774030e+01 -1.326962e+01  1.656192e+02
     vertex  3.742707e+01 -1.338363e+01  1.659525e+02
   endloop
 endfacet
 facet normal  6.170539e-01  3.562562e-01  7.016595e-01
   outer loop
     vertex  3.754284e+01 -1.358414e+01  1.659525e+02
     vertex  3.779818e+01 -1.336988e+01  1.656192e+02
     vertex  3.774030e+01 -1.326962e+01  1.656192e+02
   endloop
 endfacet
 facet normal  6.031533e-01  3.482307e-01  7.175942e-01
   outer loop
     vertex  3.754284e+01 -1.358414e+01  1.659525e+02
     vertex  3.742707e+01 -1.338363e+01  1.659525e+02
     vertex  3.718751e+01 -1.365562e+01  1.662859e+02
   endloop
 endfacet
 facet normal  0.000000e+00  0.000000e+00  0.000000e+00
   outer loop
     vertex  3.811142e+01 -1.348389e+01  1.656192e+02
     vertex  3.805353e+01 -1.315562e+01  1.652858e+02
     vertex  3.805353e+01 -1.315562e+01  1.652858e+02
   endloop
 endfacet
 facet normal  0.000000e+00  7.125124e-01  7.016595e-01
   outer loop
     vertex  3.811142e+01 -1.348389e+01  1.656192e+02
     vertex  3.805353e+01 -1.315562e+01  1.652858e+02
     vertex  3.799565e+01 -1.348389e+01  1.656192e+02
   endloop
 endfacet
 facet normal  4.063603e-01  5.803427e-01  7.057433e-01
   outer loop
     vertex  3.772020e+01 -1.373297e+01  1.659525e+02
     vertex  3.741075e+01 -1.392166e+01  1.662859e+02
     vertex  3.755353e+01 -1.402164e+01  1.662859e+02
   endloop
 endfacet
 facet normal  2.994114e-01  6.420897e-01  7.057433e-01
   outer loop
     vertex  3.772020e+01 -1.373297e+01  1.659525e+02
     vertex  3.755353e+01 -1.402164e+01  1.662859e+02
     vertex  3.771151e+01 -1.409531e+01  1.662859e+02
   endloop
 endfacet
 facet normal  4.476768e-01  5.335204e-01  7.175942e-01
   outer loop
     vertex  3.772020e+01 -1.373297e+01  1.659525e+02
     vertex  3.754284e+01 -1.358414e+01  1.659525e+02
     vertex  3.741075e+01 -1.392166e+01  1.662859e+02
   endloop
 endfacet
 facet normal  4.579942e-01  5.458162e-01  7.016595e-01
   outer loop
     vertex  3.772020e+01 -1.373297e+01  1.659525e+02
     vertex  3.779818e+01 -1.336988e+01  1.656192e+02
     vertex  3.754284e+01 -1.358414e+01  1.659525e+02
   endloop
 endfacet
 facet normal  4.579942e-01  5.458162e-01  7.016595e-01
   outer loop
     vertex  3.772020e+01 -1.373297e+01  1.659525e+02
     vertex  3.788687e+01 -1.344429e+01  1.656192e+02
     vertex  3.779818e+01 -1.336988e+01  1.656192e+02
   endloop
 endfacet
 facet normal -2.436936e-01  6.695427e-01  7.016595e-01
   outer loop
     vertex  3.822020e+01 -1.344429e+01  1.656192e+02
     vertex  3.805353e+01 -1.315562e+01  1.652858e+02
     vertex  3.811142e+01 -1.348389e+01  1.656192e+02
   endloop
 endfacet
 facet normal  1.833649e-01  6.843272e-01  7.057433e-01
   outer loop
     vertex  3.793777e+01 -1.381215e+01  1.659525e+02
     vertex  3.771151e+01 -1.409531e+01  1.662859e+02
     vertex  3.787988e+01 -1.414042e+01  1.662859e+02
   endloop
 endfacet
 facet normal  6.174702e-02  7.057717e-01  7.057433e-01
   outer loop
     vertex  3.793777e+01 -1.381215e+01  1.659525e+02
     vertex  3.787988e+01 -1.414042e+01  1.662859e+02
     vertex  3.805353e+01 -1.415562e+01  1.662859e+02
   endloop
 endfacet
 facet normal  2.382038e-01  6.544597e-01  7.175942e-01
   outer loop
     vertex  3.793777e+01 -1.381215e+01  1.659525e+02
     vertex  3.772020e+01 -1.373297e+01  1.659525e+02
     vertex  3.771151e+01 -1.409531e+01  1.662859e+02
   endloop
 endfacet
 facet normal  2.436936e-01  6.695427e-01  7.016595e-01
   outer loop
     vertex  3.793777e+01 -1.381215e+01  1.659525e+02
     vertex  3.799565e+01 -1.348389e+01  1.656192e+02
     vertex  3.788687e+01 -1.344429e+01  1.656192e+02
   endloop
 endfacet
 facet normal  2.436936e-01  6.695427e-01  7.016595e-01
   outer loop
     vertex  3.793777e+01 -1.381215e+01  1.659525e+02
     vertex  3.788687e+01 -1.344429e+01  1.656192e+02
     vertex  3.772020e+01 -1.373297e+01  1.659525e+02
   endloop
 endfacet
 facet normal -4.579942e-01  5.458162e-01  7.016595e-01
   outer loop
     vertex  3.830888e+01 -1.336988e+01  1.656192e+02
     vertex  3.805353e+01 -1.315562e+01  1.652858e+02
     vertex  3.822020e+01 -1.344429e+01  1.656192e+02
   endloop
 endfacet
 facet normal -6.174702e-02  7.057717e-01  7.057433e-01
   outer loop
     vertex  3.816930e+01 -1.381215e+01  1.659525e+02
     vertex  3.805353e+01 -1.415562e+01  1.662859e+02
     vertex  3.822718e+01 -1.414042e+01  1.662859e+02
   endloop
 endfacet
 facet normal -1.833649e-01  6.843272e-01  7.057433e-01
   outer loop
     vertex  3.816930e+01 -1.381215e+01  1.659525e+02
     vertex  3.822718e+01 -1.414042e+01  1.662859e+02
     vertex  3.839555e+01 -1.409531e+01  1.662859e+02
   endloop
 endfacet
 facet normal  5.343408e-15  6.964615e-01  7.175942e-01
   outer loop
     vertex  3.816930e+01 -1.381215e+01  1.659525e+02
     vertex  3.793777e+01 -1.381215e+01  1.659525e+02
     vertex  3.805353e+01 -1.415562e+01  1.662859e+02
   endloop
 endfacet
 facet normal  0.000000e+00  7.125124e-01  7.016595e-01
   outer loop
     vertex  3.816930e+01 -1.381215e+01  1.659525e+02
     vertex  3.811142e+01 -1.348389e+01  1.656192e+02
     vertex  3.799565e+01 -1.348389e+01  1.656192e+02
   endloop
 endfacet
 facet normal  5.466554e-15  7.125124e-01  7.016595e-01
   outer loop
     vertex  3.816930e+01 -1.381215e+01  1.659525e+02
     vertex  3.799565e+01 -1.348389e+01  1.656192e+02
     vertex  3.793777e+01 -1.381215e+01  1.659525e+02
   endloop
 endfacet
 facet normal -6.170539e-01  3.562562e-01  7.016595e-01
   outer loop
     vertex  3.836676e+01 -1.326962e+01  1.656192e+02
     vertex  3.805353e+01 -1.315562e+01  1.652858e+02
     vertex  3.830888e+01 -1.336988e+01  1.656192e+02
   endloop
 endfacet
 facet normal -2.994114e-01  6.420897e-01  7.057433e-01
   outer loop
     vertex  3.838687e+01 -1.373297e+01  1.659525e+02
     vertex  3.839555e+01 -1.409531e+01  1.662859e+02
     vertex  3.855353e+01 -1.402164e+01  1.662859e+02
   endloop
 endfacet
 facet normal -4.063603e-01  5.803427e-01  7.057433e-01
   outer loop
     vertex  3.838687e+01 -1.373297e+01  1.659525e+02
     vertex  3.855353e+01 -1.402164e+01  1.662859e+02
     vertex  3.869632e+01 -1.392166e+01  1.662859e+02
   endloop
 endfacet
 facet normal -2.436936e-01  6.695427e-01  7.016595e-01
   outer loop
     vertex  3.838687e+01 -1.373297e+01  1.659525e+02
     vertex  3.811142e+01 -1.348389e+01  1.656192e+02
     vertex  3.816930e+01 -1.381215e+01  1.659525e+02
   endloop
 endfacet
 facet normal -2.436936e-01  6.695427e-01  7.016595e-01
   outer loop
     vertex  3.838687e+01 -1.373297e+01  1.659525e+02
     vertex  3.822020e+01 -1.344429e+01  1.656192e+02
     vertex  3.811142e+01 -1.348389e+01  1.656192e+02
   endloop
 endfacet
 facet normal -2.382038e-01  6.544597e-01  7.175942e-01
   outer loop
     vertex  3.838687e+01 -1.373297e+01  1.659525e+02
     vertex  3.816930e+01 -1.381215e+01  1.659525e+02
     vertex  3.839555e+01 -1.409531e+01  1.662859e+02
   endloop
 endfacet
 facet normal -4.579942e-01  5.458162e-01  7.016595e-01
   outer loop
     vertex  3.838687e+01 -1.373297e+01  1.659525e+02
     vertex  3.830888e+01 -1.336988e+01  1.656192e+02
     vertex  3.822020e+01 -1.344429e+01  1.656192e+02
   endloop
 endfacet
 facet normal -5.009623e-01  5.009623e-01  7.057433e-01
   outer loop
     vertex  3.856423e+01 -1.358414e+01  1.659525e+02
     vertex  3.869632e+01 -1.392166e+01  1.662859e+02
     vertex  3.881958e+01 -1.379840e+01  1.662859e+02
   endloop
 endfacet
 facet normal -5.803427e-01  4.063603e-01  7.057433e-01
   outer loop
     vertex  3.856423e+01 -1.358414e+01  1.659525e+02
     vertex  3.881958e+01 -1.379840e+01  1.662859e+02
     vertex  3.891956e+01 -1.365562e+01  1.662859e+02
   endloop
 endfacet
 facet normal -4.476768e-01  5.335204e-01  7.175942e-01
   outer loop
     vertex  3.856423e+01 -1.358414e+01  1.659525e+02
     vertex  3.838687e+01 -1.373297e+01  1.659525e+02
     vertex  3.869632e+01 -1.392166e+01  1.662859e+02
   endloop
 endfacet
 facet normal -4.579942e-01  5.458162e-01  7.016595e-01
   outer loop
     vertex  3.856423e+01 -1.358414e+01  1.659525e+02
     vertex  3.830888e+01 -1.336988e+01  1.656192e+02
     vertex  3.838687e+01 -1.373297e+01  1.659525e+02
   endloop
 endfacet
 facet normal -6.420897e-01  2.994114e-01  7.057433e-01
   outer loop
     vertex  3.867999e+01 -1.338363e+01  1.659525e+02
     vertex  3.891956e+01 -1.365562e+01  1.662859e+02
     vertex  3.899323e+01 -1.349764e+01  1.662859e+02
   endloop
 endfacet
 facet normal -6.843272e-01  1.833649e-01  7.057433e-01
   outer loop
     vertex  3.867999e+01 -1.338363e+01  1.659525e+02
     vertex  3.899323e+01 -1.349764e+01  1.662859e+02
     vertex  3.903834e+01 -1.332926e+01  1.662859e+02
   endloop
 endfacet
 facet normal -6.847397e-01  5.990696e-02  7.263214e-01
   outer loop
     vertex  3.867999e+01 -1.338363e+01  1.659525e+02
     vertex  3.903834e+01 -1.332926e+01  1.662859e+02
     vertex  3.905353e+01 -1.315562e+01  1.662859e+02
   endloop
 endfacet
 facet normal -7.016877e-01  1.237265e-01  7.016595e-01
   outer loop
     vertex  3.867999e+01 -1.338363e+01  1.659525e+02
     vertex  3.905353e+01 -1.315562e+01  1.662859e+02
     vertex  3.805353e+01 -1.315562e+01  1.652858e+02
   endloop
 endfacet
 facet normal -6.031533e-01  3.482307e-01  7.175942e-01
   outer loop
     vertex  3.867999e+01 -1.338363e+01  1.659525e+02
     vertex  3.856423e+01 -1.358414e+01  1.659525e+02
     vertex  3.891956e+01 -1.365562e+01  1.662859e+02
   endloop
 endfacet
 facet normal -4.117215e-01 -9.081103e-01  7.629664e-02
   outer loop
     vertex  3.867999e+01 -1.338363e+01  1.659525e+02
     vertex  3.805353e+01 -1.315562e+01  1.652858e+02
     vertex  3.836676e+01 -1.326962e+01  1.656192e+02
   endloop
 endfacet
 facet normal -6.170539e-01  3.562562e-01  7.016595e-01
   outer loop
     vertex  3.867999e+01 -1.338363e+01  1.659525e+02
     vertex  3.836676e+01 -1.326962e+01  1.656192e+02
     vertex  3.830888e+01 -1.336988e+01  1.656192e+02
   endloop
 endfacet
 facet normal -6.170539e-01  3.562562e-01  7.016595e-01
   outer loop
     vertex  3.867999e+01 -1.338363e+01  1.659525e+02
     vertex  3.830888e+01 -1.336988e+01  1.656192e+02
     vertex  3.856423e+01 -1.358414e+01  1.659525e+02
   endloop
 endfacet
 facet normal  7.016877e-01  1.237265e-01  7.016595e-01
   outer loop
     vertex  3.774030e+01 -1.269623e+00  1.656192e+02
     vertex  3.805353e+01 -1.155616e+00  1.652858e+02
     vertex  3.705353e+01 -1.155616e+00  1.662859e+02
   endloop
 endfacet
 facet normal  6.170539e-01  3.562562e-01  7.016595e-01
   outer loop
     vertex  3.779818e+01 -1.369879e+00  1.656192e+02
     vertex  3.805353e+01 -1.155616e+00  1.652858e+02
     vertex  3.774030e+01 -1.269623e+00  1.656192e+02
   endloop
 endfacet
 facet normal  4.579942e-01  5.458162e-01  7.016595e-01
   outer loop
     vertex  3.788687e+01 -1.444291e+00  1.656192e+02
     vertex  3.805353e+01 -1.155616e+00  1.652858e+02
     vertex  3.779818e+01 -1.369879e+00  1.656192e+02
   endloop
 endfacet
 facet normal  6.847397e-01  5.990696e-02  7.263214e-01
   outer loop
     vertex  3.742707e+01 -1.383630e+00  1.659525e+02
     vertex  3.705353e+01 -1.155616e+00  1.662859e+02
     vertex  3.706873e+01 -1.329264e+00  1.662859e+02
   endloop
 endfacet
 facet normal  6.843272e-01  1.833649e-01  7.057433e-01
   outer loop
     vertex  3.742707e+01 -1.383630e+00  1.659525e+02
     vertex  3.706873e+01 -1.329264e+00  1.662859e+02
     vertex  3.711384e+01 -1.497636e+00  1.662859e+02
   endloop
 endfacet
 facet normal  6.420897e-01  2.994114e-01  7.057433e-01
   outer loop
     vertex  3.742707e+01 -1.383630e+00  1.659525e+02
     vertex  3.711384e+01 -1.497636e+00  1.662859e+02
     vertex  3.718751e+01 -1.655616e+00  1.662859e+02
   endloop
 endfacet
 facet normal  7.016877e-01  1.237265e-01  7.016595e-01
   outer loop
     vertex  3.742707e+01 -1.383630e+00  1.659525e+02
     vertex  3.774030e+01 -1.269623e+00  1.656192e+02
     vertex  3.705353e+01 -1.155616e+00  1.662859e+02
   endloop
 endfacet
 facet normal  2.436936e-01  6.695427e-01  7.016595e-01
   outer loop
     vertex  3.799565e+01 -1.483885e+00  1.656192e+02
     vertex  3.805353e+01 -1.155616e+00  1.652858e+02
     vertex  3.788687e+01 -1.444291e+00  1.656192e+02
   endloop
 endfacet
 facet normal  5.803427e-01  4.063603e-01  7.057433e-01
   outer loop
     vertex  3.754284e+01 -1.584141e+00  1.659525e+02
     vertex  3.718751e+01 -1.655616e+00  1.662859e+02
     vertex  3.728749e+01 -1.798404e+00  1.662859e+02
   endloop
 endfacet
 facet normal  5.009623e-01  5.009623e-01  7.057433e-01
   outer loop
     vertex  3.754284e+01 -1.584141e+00  1.659525e+02
     vertex  3.728749e+01 -1.798404e+00  1.662859e+02
     vertex  3.741075e+01 -1.921661e+00  1.662859e+02
   endloop
 endfacet
 facet normal  6.170539e-01  3.562562e-01  7.016595e-01
   outer loop
     vertex  3.754284e+01 -1.584141e+00  1.659525e+02
     vertex  3.774030e+01 -1.269623e+00  1.656192e+02
     vertex  3.742707e+01 -1.383630e+00  1.659525e+02
   endloop
 endfacet
 facet normal  6.170539e-01  3.562562e-01  7.016595e-01
   outer loop
     vertex  3.754284e+01 -1.584141e+00  1.659525e+02
     vertex  3.779818e+01 -1.369879e+00  1.656192e+02
     vertex  3.774030e+01 -1.269623e+00  1.656192e+02
   endloop
 endfacet
 facet normal  6.031533e-01  3.482307e-01  7.175942e-01
   outer loop
     vertex  3.754284e+01 -1.584141e+00  1.659525e+02
     vertex  3.742707e+01 -1.383630e+00  1.659525e+02
     vertex  3.718751e+01 -1.655616e+00  1.662859e+02
   endloop
 endfacet
 facet normal  0.000000e+00  0.000000e+00  0.000000e+00
   outer loop
     vertex  3.811142e+01 -1.483885e+00  1.656192e+02
     vertex  3.805353e+01 -1.155616e+00  1.652858e+02
     vertex  3.805353e+01 -1.155616e+00  1.652858e+02
   endloop
 endfacet
 facet normal  1.366639e-15  7.125124e-01  7.016595e-01
   outer loop
     vertex  3.811142e+01 -1.483885e+00  1.656192e+02
     vertex  3.805353e+01 -1.155616e+00  1.652858e+02
     vertex  3.799565e+01 -1.483885e+00  1.656192e+02
   endloop
 endfacet
 facet normal  4.063603e-01  5.803427e-01  7.057433e-01
   outer loop
     vertex  3.772020e+01 -1.732966e+00  1.659525e+02
     vertex  3.741075e+01 -1.921661e+00  1.662859e+02
     vertex  3.755353e+01 -2.021642e+00  1.662859e+02
   endloop
 endfacet
 facet normal  2.994114e-01  6.420897e-01  7.057433e-01
   outer loop
     vertex  3.772020e+01 -1.732966e+00  1.659525e+02
     vertex  3.755353e+01 -2.021642e+00  1.662859e+02
     vertex  3.771151e+01 -2.095309e+00  1.662859e+02
   endloop
 endfacet
 facet normal  4.476768e-01  5.335204e-01  7.175942e-01
   outer loop
     vertex  3.772020e+01 -1.732966e+00  1.659525e+02
     vertex  3.754284e+01 -1.584141e+00  1.659525e+02
     vertex  3.741075e+01 -1.921661e+00  1.662859e+02
   endloop
 endfacet
 facet normal  4.579942e-01  5.458162e-01  7.016595e-01
   outer loop
     vertex  3.772020e+01 -1.732966e+00  1.659525e+02
     vertex  3.779818e+01 -1.369879e+00  1.656192e+02
     vertex  3.754284e+01 -1.584141e+00  1.659525e+02
   endloop
 endfacet
 facet normal  4.579942e-01  5.458162e-01  7.016595e-01
   outer loop
     vertex  3.772020e+01 -1.732966e+00  1.659525e+02
     vertex  3.788687e+01 -1.444291e+00  1.656192e+02
     vertex  3.779818e+01 -1.369879e+00  1.656192e+02
   endloop
 endfacet
 facet normal -2.436936e-01  6.695427e-01  7.016595e-01
   outer loop
     vertex  3.822020e+01 -1.444291e+00  1.656192e+02
     vertex  3.805353e+01 -1.155616e+00  1.652858e+02
     vertex  3.811142e+01 -1.483885e+00  1.656192e+02
   endloop
 endfacet
 facet normal  1.833649e-01  6.843272e-01  7.057433e-01
   outer loop
     vertex  3.793777e+01 -1.812155e+00  1.659525e+02
     vertex  3.771151e+01 -2.095309e+00  1.662859e+02
     vertex  3.787988e+01 -2.140424e+00  1.662859e+02
   endloop
 endfacet
 facet normal  6.174702e-02  7.057717e-01  7.057433e-01
   outer loop
     vertex  3.793777e+01 -1.812155e+00  1.659525e+02
     vertex  3.787988e+01 -2.140424e+00  1.662859e+02
     vertex  3.805353e+01 -2.155616e+00  1.662859e+02
   endloop
 endfacet
 facet normal  2.382038e-01  6.544597e-01  7.175942e-01
   outer loop
     vertex  3.793777e+01 -1.812155e+00  1.659525e+02
     vertex  3.772020e+01 -1.732966e+00  1.659525e+02
     vertex  3.771151e+01 -2.095309e+00  1.662859e+02
   endloop
 endfacet
 facet normal  2.436936e-01  6.695427e-01  7.016595e-01
   outer loop
     vertex  3.793777e+01 -1.812155e+00  1.659525e+02
     vertex  3.799565e+01 -1.483885e+00  1.656192e+02
     vertex  3.788687e+01 -1.444291e+00  1.656192e+02
   endloop
 endfacet
 facet normal  2.436936e-01  6.695427e-01  7.016595e-01
   outer loop
     vertex  3.793777e+01 -1.812155e+00  1.659525e+02
     vertex  3.788687e+01 -1.444291e+00  1.656192e+02
     vertex  3.772020e+01 -1.732966e+00  1.659525e+02
   endloop
 endfacet
 facet normal -4.579942e-01  5.458162e-01  7.016595e-01
   outer loop
     vertex  3.830888e+01 -1.369879e+00  1.656192e+02
     vertex  3.805353e+01 -1.155616e+00  1.652858e+02
     vertex  3.822020e+01 -1.444291e+00  1.656192e+02
   endloop
 endfacet
 facet normal -6.174702e-02  7.057717e-01  7.057433e-01
   outer loop
     vertex  3.816930e+01 -1.812155e+00  1.659525e+02
     vertex  3.805353e+01 -2.155616e+00  1.662859e+02
     vertex  3.822718e+01 -2.140424e+00  1.662859e+02
   endloop
 endfacet
 facet normal -1.833649e-01  6.843272e-01  7.057433e-01
   outer loop
     vertex  3.816930e+01 -1.812155e+00  1.659525e+02
     vertex  3.822718e+01 -2.140424e+00  1.662859e+02
     vertex  3.839555e+01 -2.095309e+00  1.662859e+02
   endloop
 endfacet
 facet normal  0.000000e+00  6.964615e-01  7.175942e-01
   outer loop
     vertex  3.816930e+01 -1.812155e+00  1.659525e+02
     vertex  3.793777e+01 -1.812155e+00  1.659525e+02
     vertex  3.805353e+01 -2.155616e+00  1.662859e+02
   endloop
 endfacet
 facet normal  1.281172e-15  7.125124e-01  7.016595e-01
   outer loop
     vertex  3.816930e+01 -1.812155e+00  1.659525e+02
     vertex  3.811142e+01 -1.483885e+00  1.656192e+02
     vertex  3.799565e+01 -1.483885e+00  1.656192e+02
   endloop
 endfacet
 facet normal  0.000000e+00  7.125124e-01  7.016595e-01
   outer loop
     vertex  3.816930e+01 -1.812155e+00  1.659525e+02
     vertex  3.799565e+01 -1.483885e+00  1.656192e+02
     vertex  3.793777e+01 -1.812155e+00  1.659525e+02
   endloop
 endfacet
 facet normal -6.170539e-01  3.562562e-01  7.016595e-01
   outer loop
     vertex  3.836676e+01 -1.269623e+00  1.656192e+02
     vertex  3.805353e+01 -1.155616e+00  1.652858e+02
     vertex  3.830888e+01 -1.369879e+00  1.656192e+02
   endloop
 endfacet
 facet normal -2.994114e-01  6.420897e-01  7.057433e-01
   outer loop
     vertex  3.838687e+01 -1.732966e+00  1.659525e+02
     vertex  3.839555e+01 -2.095309e+00  1.662859e+02
     vertex  3.855353e+01 -2.021642e+00  1.662859e+02
   endloop
 endfacet
 facet normal -4.063603e-01  5.803427e-01  7.057433e-01
   outer loop
     vertex  3.838687e+01 -1.732966e+00  1.659525e+02
     vertex  3.855353e+01 -2.021642e+00  1.662859e+02
     vertex  3.869632e+01 -1.921661e+00  1.662859e+02
   endloop
 endfacet
 facet normal -2.436936e-01  6.695427e-01  7.016595e-01
   outer loop
     vertex  3.838687e+01 -1.732966e+00  1.659525e+02
     vertex  3.811142e+01 -1.483885e+00  1.656192e+02
     vertex  3.816930e+01 -1.812155e+00  1.659525e+02
   endloop
 endfacet
 facet normal -2.436936e-01  6.695427e-01  7.016595e-01
   outer loop
     vertex  3.838687e+01 -1.732966e+00  1.659525e+02
     vertex  3.822020e+01 -1.444291e+00  1.656192e+02
     vertex  3.811142e+01 -1.483885e+00  1.656192e+02
   endloop
 endfacet
 facet normal -2.382038e-01  6.544597e-01  7.175942e-01
   outer loop
     vertex  3.838687e+01 -1.732966e+00  1.659525e+02
     vertex  3.816930e+01 -1.812155e+00  1.659525e+02
     vertex  3.839555e+01 -2.095309e+00  1.662859e+02
   endloop
 endfacet
 facet normal -5.009623e-01  5.009623e-01  7.057433e-01
   outer loop
     vertex  3.856423e+01 -1.584141e+00  1.659525e+02
     vertex  3.869632e+01 -1.921661e+00  1.662859e+02
     vertex  3.881958e+01 -1.798404e+00  1.662859e+02
   endloop
 endfacet
 facet normal -5.803427e-01  4.063603e-01  7.057433e-01
   outer loop
     vertex  3.856423e+01 -1.584141e+00  1.659525e+02
     vertex  3.881958e+01 -1.798404e+00  1.662859e+02
     vertex  3.891956e+01 -1.655616e+00  1.662859e+02
   endloop
 endfacet
 facet normal -4.476768e-01  5.335204e-01  7.175942e-01
   outer loop
     vertex  3.856423e+01 -1.584141e+00  1.659525e+02
     vertex  3.838687e+01 -1.732966e+00  1.659525e+02
     vertex  3.869632e+01 -1.921661e+00  1.662859e+02
   endloop
 endfacet
 facet normal -4.579942e-01  5.458162e-01  7.016595e-01
   outer loop
     vertex  3.856423e+01 -1.584141e+00  1.659525e+02
     vertex  3.830888e+01 -1.369879e+00  1.656192e+02
     vertex  3.822020e+01 -1.444291e+00  1.656192e+02
   endloop
 endfacet
 facet normal -4.579942e-01  5.458162e-01  7.016595e-01
   outer loop
     vertex  3.856423e+01 -1.584141e+00  1.659525e+02
     vertex  3.822020e+01 -1.444291e+00  1.656192e+02
     vertex  3.838687e+01 -1.732966e+00  1.659525e+02
   endloop
 endfacet
 facet normal -6.420897e-01  2.994114e-01  7.057433e-01
   outer loop
     vertex  3.867999e+01 -1.383630e+00  1.659525e+02
     vertex  3.891956e+01 -1.655616e+00  1.662859e+02
     vertex  3.899323e+01 -1.497636e+00  1.662859e+02
   endloop
 endfacet
 facet normal -6.843272e-01  1.833649e-01  7.057433e-01
   outer loop
     vertex  3.867999e+01 -1.383630e+00  1.659525e+02
     vertex  3.899323e+01 -1.497636e+00  1.662859e+02
     vertex  3.903834e+01 -1.329264e+00  1.662859e+02
   endloop
 endfacet
 facet normal -6.847397e-01  5.990696e-02  7.263214e-01
   outer loop
     vertex  3.867999e+01 -1.383630e+00  1.659525e+02
     vertex  3.903834e+01 -1.329264e+00  1.662859e+02
     vertex  3.905353e+01 -1.155616e+00  1.662859e+02
   endloop
 endfacet
 facet normal -7.016877e-01  1.237265e-01  7.016595e-01
   outer loop
     vertex  3.867999e+01 -1.383630e+00  1.659525e+02
     vertex  3.905353e+01 -1.155616e+00  1.662859e+02
     vertex  3.805353e+01 -1.155616e+00  1.652858e+02
   endloop
 endfacet
 facet normal -6.031533e-01  3.482307e-01  7.175942e-01
   outer loop
     vertex  3.867999e+01 -1.383630e+00  1.659525e+02
     vertex  3.856423e+01 -1.584141e+00  1.659525e+02
     vertex  3.891956e+01 -1.655616e+00  1.662859e+02
   endloop
 endfacet
 facet normal -4.117056e-01 -9.081190e-01  7.627854e-02
   outer loop
     vertex  3.867999e+01 -1.383630e+00  1.659525e+02
     vertex  3.805353e+01 -1.155616e+00  1.652858e+02
     vertex  3.836676e+01 -1.269623e+00  1.656192e+02
   endloop
 endfacet
 facet normal -6.170539e-01  3.562562e-01  7.016595e-01
   outer loop
     vertex  3.867999e+01 -1.383630e+00  1.659525e+02
     vertex  3.836676e+01 -1.269623e+00  1.656192e+02
     vertex  3.830888e+01 -1.369879e+00  1.656192e+02
   endloop
 endfacet
 facet normal -6.170539e-01  3.562562e-01  7.016595e-01
   outer loop
     vertex  3.867999e+01 -1.383630e+00  1.659525e+02
     vertex  3.830888e+01 -1.369879e+00  1.656192e+02
     vertex  3.856423e+01 -1.584141e+00  1.659525e+02
   endloop
 endfacet
 facet normal -1.498473e-16  9.807853e-01 -1.950903e-01
   outer loop
     vertex  2.065353e+01  1.044384e+00  1.649858e+02
     vertex  4.245353e+01  1.067220e+00  1.651006e+02
     vertex  4.245353e+01  1.044384e+00  1.649858e+02
   endloop
 endfacet
 facet normal -1.355034e-16  8.314696e-01 -5.555702e-01
   outer loop
     vertex  2.065353e+01  1.067220e+00  1.651006e+02
     vertex  4.245353e+01  1.132252e+00  1.651980e+02
     vertex  4.245353e+01  1.067220e+00  1.651006e+02
   endloop
 endfacet
 facet normal -1.598371e-16  9.807853e-01 -1.950903e-01
   outer loop
     vertex  2.065353e+01  1.067220e+00  1.651006e+02
     vertex  4.245353e+01  1.067220e+00  1.651006e+02
     vertex  2.065353e+01  1.044384e+00  1.649858e+02
   endloop
 endfacet
 facet normal -9.054046e-17  5.555702e-01 -8.314696e-01
   outer loop
     vertex  2.065353e+01  1.132252e+00  1.651980e+02
     vertex  4.245353e+01  1.229579e+00  1.652630e+02
     vertex  4.245353e+01  1.132252e+00  1.651980e+02
   endloop
 endfacet
 facet normal -1.355034e-16  8.314696e-01 -5.555702e-01
   outer loop
     vertex  2.065353e+01  1.132252e+00  1.651980e+02
     vertex  4.245353e+01  1.132252e+00  1.651980e+02
     vertex  2.065353e+01  1.067220e+00  1.651006e+02
   endloop
 endfacet
 facet normal -3.179358e-17  1.950903e-01 -9.807853e-01
   outer loop
     vertex  2.065353e+01  1.229579e+00  1.652630e+02
     vertex  4.245353e+01  1.344384e+00  1.652858e+02
     vertex  4.245353e+01  1.229579e+00  1.652630e+02
   endloop
 endfacet
 facet normal -9.054046e-17  5.555702e-01 -8.314696e-01
   outer loop
     vertex  2.065353e+01  1.229579e+00  1.652630e+02
     vertex  4.245353e+01  1.229579e+00  1.652630e+02
     vertex  2.065353e+01  1.132252e+00  1.651980e+02
   endloop
 endfacet
 facet normal -3.179358e-17  1.950903e-01 -9.807853e-01
   outer loop
     vertex  2.065353e+01  1.344384e+00  1.652858e+02
     vertex  4.245353e+01  1.344384e+00  1.652858e+02
     vertex  2.065353e+01  1.229579e+00  1.652630e+02
   endloop
 endfacet
 facet normal -2.574043e-12 -9.927089e-01  1.205367e-01
   outer loop
     vertex  4.195353e+01 -6.555616e+00  1.672858e+02
     vertex  4.695353e+01 -6.573051e+00  1.671422e+02
     vertex  4.695353e+01 -6.555616e+00  1.672858e+02
   endloop
 endfacet
 facet normal  1.660922e-16 -9.350162e-01  3.546049e-01
   outer loop
     vertex  4.195353e+01 -6.573051e+00  1.671422e+02
     vertex  4.695353e+01 -6.624343e+00  1.670070e+02
     vertex  4.695353e+01 -6.573051e+00  1.671422e+02
   endloop
 endfacet
 facet normal  1.763405e-16 -9.927089e-01  1.205367e-01
   outer loop
     vertex  4.195353e+01 -6.573051e+00  1.671422e+02
     vertex  4.695353e+01 -6.573051e+00  1.671422e+02
     vertex  4.195353e+01 -6.555616e+00  1.672858e+02
   endloop
 endfacet
 facet normal  2.923826e-16 -8.229839e-01  5.680647e-01
   outer loop
     vertex  4.195353e+01 -6.624343e+00  1.670070e+02
     vertex  4.695353e+01 -6.706510e+00  1.668879e+02
     vertex  4.695353e+01 -6.624343e+00  1.670070e+02
   endloop
 endfacet
 facet normal  3.321845e-16 -9.350162e-01  3.546049e-01
   outer loop
     vertex  4.195353e+01 -6.624343e+00  1.670070e+02
     vertex  4.695353e+01 -6.624343e+00  1.670070e+02
     vertex  4.195353e+01 -6.573051e+00  1.671422e+02
   endloop
 endfacet
 facet normal  2.355885e-16 -6.631227e-01  7.485107e-01
   outer loop
     vertex  4.195353e+01 -6.706510e+00  1.668879e+02
     vertex  4.695353e+01 -6.814777e+00  1.667920e+02
     vertex  4.695353e+01 -6.706510e+00  1.668879e+02
   endloop
 endfacet
 facet normal  2.923826e-16 -8.229839e-01  5.680647e-01
   outer loop
     vertex  4.195353e+01 -6.706510e+00  1.668879e+02
     vertex  4.695353e+01 -6.706510e+00  1.668879e+02
     vertex  4.195353e+01 -6.624343e+00  1.670070e+02
   endloop
 endfacet
 facet normal  2.355885e-16 -6.631227e-01  7.485107e-01
   outer loop
     vertex  4.195353e+01 -6.814777e+00  1.667920e+02
     vertex  4.695353e+01 -6.814777e+00  1.667920e+02
     vertex  4.195353e+01 -6.706510e+00  1.668879e+02
   endloop
 endfacet
 facet normal  1.651028e-16 -4.647232e-01  8.854560e-01
   outer loop
     vertex  4.195353e+01 -6.942853e+00  1.667248e+02
     vertex  4.695353e+01 -6.942853e+00  1.667248e+02
     vertex  4.695353e+01 -6.814777e+00  1.667920e+02
   endloop
 endfacet
 facet normal  8.502200e-17 -2.393157e-01  9.709418e-01
   outer loop
     vertex  4.195353e+01 -6.942853e+00  1.667248e+02
     vertex  4.695353e+01 -7.083294e+00  1.666902e+02
     vertex  4.695353e+01 -6.942853e+00  1.667248e+02
   endloop
 endfacet
 facet normal  1.655041e-16 -4.647232e-01  8.854560e-01
   outer loop
     vertex  4.195353e+01 -6.942853e+00  1.667248e+02
     vertex  4.695353e+01 -6.814777e+00  1.667920e+02
     vertex  4.195353e+01 -6.814777e+00  1.667920e+02
   endloop
 endfacet
 facet normal -0.000000e+00  0.000000e+00  1.000000e+00
   outer loop
     vertex  4.195353e+01 -7.083294e+00  1.666902e+02
     vertex  4.695353e+01 -7.227938e+00  1.666902e+02
     vertex  4.695353e+01 -7.083294e+00  1.666902e+02
   endloop
 endfacet
 facet normal  8.502200e-17 -2.393157e-01  9.709418e-01
   outer loop
     vertex  4.195353e+01 -7.083294e+00  1.666902e+02
     vertex  4.695353e+01 -7.083294e+00  1.666902e+02
     vertex  4.195353e+01 -6.942853e+00  1.667248e+02
   endloop
 endfacet
 facet normal -1.275330e-16  2.393157e-01  9.709418e-01
   outer loop
     vertex  4.195353e+01 -7.227938e+00  1.666902e+02
     vertex  4.695353e+01 -7.368379e+00  1.667248e+02
     vertex  4.695353e+01 -7.227938e+00  1.666902e+02
   endloop
 endfacet
 facet normal  0.000000e+00  0.000000e+00  1.000000e+00
   outer loop
     vertex  4.195353e+01 -7.227938e+00  1.666902e+02
     vertex  4.695353e+01 -7.227938e+00  1.666902e+02
     vertex  4.195353e+01 -7.083294e+00  1.666902e+02
   endloop
 endfacet
 facet normal -8.502200e-17  2.393157e-01  9.709418e-01
   outer loop
     vertex  4.195353e+01 -7.368379e+00  1.667248e+02
     vertex  4.695353e+01 -7.368379e+00  1.667248e+02
     vertex  4.195353e+01 -7.227938e+00  1.666902e+02
   endloop
 endfacet
 facet normal -1.651028e-16  4.647232e-01  8.854560e-01
   outer loop
     vertex  4.195353e+01 -7.496455e+00  1.667920e+02
     vertex  4.695353e+01 -7.496455e+00  1.667920e+02
     vertex  4.695353e+01 -7.368379e+00  1.667248e+02
   endloop
 endfacet
 facet normal -1.655041e-16  4.647232e-01  8.854560e-01
   outer loop
     vertex  4.195353e+01 -7.496455e+00  1.667920e+02
     vertex  4.695353e+01 -7.368379e+00  1.667248e+02
     vertex  4.195353e+01 -7.368379e+00  1.667248e+02
   endloop
 endfacet
 facet normal -2.355885e-16  6.631227e-01  7.485107e-01
   outer loop
     vertex  4.195353e+01 -7.604723e+00  1.668879e+02
     vertex  4.695353e+01 -7.604723e+00  1.668879e+02
     vertex  4.695353e+01 -7.496455e+00  1.667920e+02
   endloop
 endfacet
 facet normal -2.923826e-16  8.229839e-01  5.680647e-01
   outer loop
     vertex  4.195353e+01 -7.604723e+00  1.668879e+02
     vertex  4.695353e+01 -7.686890e+00  1.670070e+02
     vertex  4.695353e+01 -7.604723e+00  1.668879e+02
   endloop
 endfacet
 facet normal -2.350639e-16  6.631227e-01  7.485107e-01
   outer loop
     vertex  4.195353e+01 -7.604723e+00  1.668879e+02
     vertex  4.695353e+01 -7.496455e+00  1.667920e+02
     vertex  4.195353e+01 -7.496455e+00  1.667920e+02
   endloop
 endfacet
 facet normal -3.321845e-16  9.350162e-01  3.546049e-01
   outer loop
     vertex  4.195353e+01 -7.686890e+00  1.670070e+02
     vertex  4.695353e+01 -7.738181e+00  1.671422e+02
     vertex  4.695353e+01 -7.686890e+00  1.670070e+02
   endloop
 endfacet
 facet normal -2.923826e-16  8.229839e-01  5.680647e-01
   outer loop
     vertex  4.195353e+01 -7.686890e+00  1.670070e+02
     vertex  4.695353e+01 -7.686890e+00  1.670070e+02
     vertex  4.195353e+01 -7.604723e+00  1.668879e+02
   endloop
 endfacet
 facet normal -3.321845e-16  9.350162e-01  3.546049e-01
   outer loop
     vertex  4.195353e+01 -7.738181e+00  1.671422e+02
     vertex  4.695353e+01 -7.738181e+00  1.671422e+02
     vertex  4.195353e+01 -7.686890e+00  1.670070e+02
   endloop
 endfacet
 facet normal -2.574395e-12  9.927089e-01  1.205367e-01
   outer loop
     vertex  4.195353e+01 -7.755616e+00  1.672858e+02
     vertex  4.695353e+01 -7.755616e+00  1.672858e+02
     vertex  4.695353e+01 -7.738181e+00  1.671422e+02
   endloop
 endfacet
 facet normal -3.525958e-16  9.927089e-01  1.205367e-01
   outer loop
     vertex  4.195353e+01 -7.755616e+00  1.672858e+02
     vertex  4.695353e+01 -7.738181e+00  1.671422e+02
     vertex  4.195353e+01 -7.738181e+00  1.671422e+02
   endloop
 endfacet
 facet normal  2.572984e-12  9.927089e-01  1.205367e-01
   outer loop
     vertex  2.115353e+01 -7.738181e+00  1.671422e+02
     vertex  1.615353e+01 -7.755616e+00  1.672858e+02
     vertex  2.115353e+01 -7.755616e+00  1.672858e+02
   endloop
 endfacet
 facet normal -1.763405e-16  9.927089e-01  1.205367e-01
   outer loop
     vertex  2.115353e+01 -7.738181e+00  1.671422e+02
     vertex  1.615353e+01 -7.738181e+00  1.671422e+02
     vertex  1.615353e+01 -7.755616e+00  1.672858e+02
   endloop
 endfacet
 facet normal -1.461913e-16  8.229839e-01  5.680647e-01
   outer loop
     vertex  2.115353e+01 -7.686890e+00  1.670070e+02
     vertex  1.615353e+01 -7.604723e+00  1.668879e+02
     vertex  1.615353e+01 -7.686890e+00  1.670070e+02
   endloop
 endfacet
 facet normal -1.660922e-16  9.350162e-01  3.546049e-01
   outer loop
     vertex  2.115353e+01 -7.686890e+00  1.670070e+02
     vertex  1.615353e+01 -7.686890e+00  1.670070e+02
     vertex  1.615353e+01 -7.738181e+00  1.671422e+02
   endloop
 endfacet
 facet normal -1.655041e-16  9.350162e-01  3.546049e-01
   outer loop
     vertex  2.115353e+01 -7.686890e+00  1.670070e+02
     vertex  1.615353e+01 -7.738181e+00  1.671422e+02
     vertex  2.115353e+01 -7.738181e+00  1.671422e+02
   endloop
 endfacet
 facet normal -1.461913e-16  8.229839e-01  5.680647e-01
   outer loop
     vertex  2.115353e+01 -7.604723e+00  1.668879e+02
     vertex  1.615353e+01 -7.604723e+00  1.668879e+02
     vertex  2.115353e+01 -7.686890e+00  1.670070e+02
   endloop
 endfacet
 facet normal -1.177942e-16  6.631227e-01  7.485107e-01
   outer loop
     vertex  2.115353e+01 -7.496455e+00  1.667920e+02
     vertex  1.615353e+01 -7.496455e+00  1.667920e+02
     vertex  1.615353e+01 -7.604723e+00  1.668879e+02
   endloop
 endfacet
 facet normal -1.175319e-16  6.631227e-01  7.485107e-01
   outer loop
     vertex  2.115353e+01 -7.496455e+00  1.667920e+02
     vertex  1.615353e+01 -7.604723e+00  1.668879e+02
     vertex  2.115353e+01 -7.604723e+00  1.668879e+02
   endloop
 endfacet
 facet normal -8.255142e-17  4.647232e-01  8.854560e-01
   outer loop
     vertex  2.115353e+01 -7.368379e+00  1.667248e+02
     vertex  1.615353e+01 -7.368379e+00  1.667248e+02
     vertex  1.615353e+01 -7.496455e+00  1.667920e+02
   endloop
 endfacet
 facet normal -8.155277e-17  4.647232e-01  8.854560e-01
   outer loop
     vertex  2.115353e+01 -7.368379e+00  1.667248e+02
     vertex  1.615353e+01 -7.496455e+00  1.667920e+02
     vertex  2.115353e+01 -7.496455e+00  1.667920e+02
   endloop
 endfacet
 facet normal -4.251100e-17  2.393157e-01  9.709418e-01
   outer loop
     vertex  2.115353e+01 -7.227938e+00  1.666902e+02
     vertex  1.615353e+01 -7.227938e+00  1.666902e+02
     vertex  1.615353e+01 -7.368379e+00  1.667248e+02
   endloop
 endfacet
 facet normal -4.317499e-17  2.393157e-01  9.709418e-01
   outer loop
     vertex  2.115353e+01 -7.227938e+00  1.666902e+02
     vertex  1.615353e+01 -7.368379e+00  1.667248e+02
     vertex  2.115353e+01 -7.368379e+00  1.667248e+02
   endloop
 endfacet
 facet normal  4.251100e-17 -2.393157e-01  9.709418e-01
   outer loop
     vertex  2.115353e+01 -7.083294e+00  1.666902e+02
     vertex  1.615353e+01 -6.942853e+00  1.667248e+02
     vertex  1.615353e+01 -7.083294e+00  1.666902e+02
   endloop
 endfacet
 facet normal  0.000000e+00  0.000000e+00  1.000000e+00
   outer loop
     vertex  2.115353e+01 -7.083294e+00  1.666902e+02
     vertex  1.615353e+01 -7.083294e+00  1.666902e+02
     vertex  1.615353e+01 -7.227938e+00  1.666902e+02
   endloop
 endfacet
 facet normal  0.000000e+00  0.000000e+00  1.000000e+00
   outer loop
     vertex  2.115353e+01 -7.083294e+00  1.666902e+02
     vertex  1.615353e+01 -7.227938e+00  1.666902e+02
     vertex  2.115353e+01 -7.227938e+00  1.666902e+02
   endloop
 endfacet
 facet normal  4.251100e-17 -2.393157e-01  9.709418e-01
   outer loop
     vertex  2.115353e+01 -6.942853e+00  1.667248e+02
     vertex  1.615353e+01 -6.942853e+00  1.667248e+02
     vertex  2.115353e+01 -7.083294e+00  1.666902e+02
   endloop
 endfacet
 facet normal  1.177942e-16 -6.631227e-01  7.485107e-01
   outer loop
     vertex  2.115353e+01 -6.814777e+00  1.667920e+02
     vertex  1.615353e+01 -6.706510e+00  1.668879e+02
     vertex  1.615353e+01 -6.814777e+00  1.667920e+02
   endloop
 endfacet
 facet normal  8.255142e-17 -4.647232e-01  8.854560e-01
   outer loop
     vertex  2.115353e+01 -6.814777e+00  1.667920e+02
     vertex  1.615353e+01 -6.814777e+00  1.667920e+02
     vertex  1.615353e+01 -6.942853e+00  1.667248e+02
   endloop
 endfacet
 facet normal  8.155277e-17 -4.647232e-01  8.854560e-01
   outer loop
     vertex  2.115353e+01 -6.814777e+00  1.667920e+02
     vertex  1.615353e+01 -6.942853e+00  1.667248e+02
     vertex  2.115353e+01 -6.942853e+00  1.667248e+02
   endloop
 endfacet
 facet normal  1.177942e-16 -6.631227e-01  7.485107e-01
   outer loop
     vertex  2.115353e+01 -6.706510e+00  1.668879e+02
     vertex  1.615353e+01 -6.706510e+00  1.668879e+02
     vertex  2.115353e+01 -6.814777e+00  1.667920e+02
   endloop
 endfacet
 facet normal  1.660922e-16 -9.350162e-01  3.546049e-01
   outer loop
     vertex  2.115353e+01 -6.624343e+00  1.670070e+02
     vertex  1.615353e+01 -6.573051e+00  1.671422e+02
     vertex  1.615353e+01 -6.624343e+00  1.670070e+02
   endloop
 endfacet
 facet normal  1.461913e-16 -8.229839e-01  5.680647e-01
   outer loop
     vertex  2.115353e+01 -6.624343e+00  1.670070e+02
     vertex  1.615353e+01 -6.624343e+00  1.670070e+02
     vertex  1.615353e+01 -6.706510e+00  1.668879e+02
   endloop
 endfacet
 facet normal  1.463153e-16 -8.229839e-01  5.680647e-01
   outer loop
     vertex  2.115353e+01 -6.624343e+00  1.670070e+02
     vertex  1.615353e+01 -6.706510e+00  1.668879e+02
     vertex  2.115353e+01 -6.706510e+00  1.668879e+02
   endloop
 endfacet
 facet normal  1.660922e-16 -9.350162e-01  3.546049e-01
   outer loop
     vertex  2.115353e+01 -6.573051e+00  1.671422e+02
     vertex  1.615353e+01 -6.573051e+00  1.671422e+02
     vertex  2.115353e+01 -6.624343e+00  1.670070e+02
   endloop
 endfacet
 facet normal  2.573337e-12 -9.927089e-01  1.205367e-01
   outer loop
     vertex  2.115353e+01 -6.555616e+00  1.672858e+02
     vertex  1.615353e+01 -6.555616e+00  1.672858e+02
     vertex  1.615353e+01 -6.573051e+00  1.671422e+02
   endloop
 endfacet
 facet normal  1.762979e-16 -9.927089e-01  1.205367e-01
   outer loop
     vertex  2.115353e+01 -6.555616e+00  1.672858e+02
     vertex  1.615353e+01 -6.573051e+00  1.671422e+02
     vertex  2.115353e+01 -6.573051e+00  1.671422e+02
   endloop
 endfacet
 facet normal  8.536543e-01  4.510607e-01  2.604200e-01
   outer loop
     vertex  4.171319e+01 -7.308825e+00  1.671573e+02
     vertex  4.159302e+01 -7.155616e+00  1.672858e+02
     vertex  4.171319e+01 -7.343555e+00  1.672174e+02
   endloop
 endfacet
 facet normal  8.536543e-01  3.347895e-01  3.989866e-01
   outer loop
     vertex  4.171319e+01 -7.255616e+00  1.671126e+02
     vertex  4.159302e+01 -7.155616e+00  1.672858e+02
     vertex  4.171319e+01 -7.308825e+00  1.671573e+02
   endloop
 endfacet
 facet normal  8.637673e-01  5.002170e-01  6.073734e-02
   outer loop
     vertex  4.183336e+01 -7.531493e+00  1.671490e+02
     vertex  4.195353e+01 -7.755616e+00  1.672858e+02
     vertex  4.195353e+01 -7.738181e+00  1.671422e+02
   endloop
 endfacet
 facet normal  8.521146e-01  4.893457e-01  1.855843e-01
   outer loop
     vertex  4.183336e+01 -7.531493e+00  1.671490e+02
     vertex  4.195353e+01 -7.738181e+00  1.671422e+02
     vertex  4.195353e+01 -7.686890e+00  1.670070e+02
   endloop
 endfacet
 facet normal  8.536543e-01  5.129273e-01  9.044292e-02
   outer loop
     vertex  4.183336e+01 -7.531493e+00  1.671490e+02
     vertex  4.159302e+01 -7.155616e+00  1.672858e+02
     vertex  4.195353e+01 -7.755616e+00  1.672858e+02
   endloop
 endfacet
 facet normal -8.460363e-01 -4.227523e-01 -3.248123e-01
   outer loop
     vertex  4.183336e+01 -7.531493e+00  1.671490e+02
     vertex  4.171319e+01 -7.343555e+00  1.672174e+02
     vertex  4.159302e+01 -7.155616e+00  1.672858e+02
   endloop
 endfacet
 facet normal  8.536543e-01  1.781378e-01  4.894295e-01
   outer loop
     vertex  4.171319e+01 -7.190346e+00  1.670889e+02
     vertex  4.159302e+01 -7.155616e+00  1.672858e+02
     vertex  4.171319e+01 -7.255616e+00  1.671126e+02
   endloop
 endfacet
 facet normal  8.541574e-01  4.279636e-01  2.954019e-01
   outer loop
     vertex  4.183336e+01 -7.462034e+00  1.670287e+02
     vertex  4.195353e+01 -7.686890e+00  1.670070e+02
     vertex  4.195353e+01 -7.604723e+00  1.668879e+02
   endloop
 endfacet
 facet normal  8.571439e-01  3.415593e-01  3.855407e-01
   outer loop
     vertex  4.183336e+01 -7.462034e+00  1.670287e+02
     vertex  4.195353e+01 -7.604723e+00  1.668879e+02
     vertex  4.195353e+01 -7.496455e+00  1.667920e+02
   endloop
 endfacet
 facet normal  8.536543e-01  4.510607e-01  2.604200e-01
   outer loop
     vertex  4.183336e+01 -7.462034e+00  1.670287e+02
     vertex  4.171319e+01 -7.343555e+00  1.672174e+02
     vertex  4.183336e+01 -7.531493e+00  1.671490e+02
   endloop
 endfacet
 facet normal  8.633318e-01  4.370282e-01  2.523184e-01
   outer loop
     vertex  4.183336e+01 -7.462034e+00  1.670287e+02
     vertex  4.183336e+01 -7.531493e+00  1.671490e+02
     vertex  4.195353e+01 -7.686890e+00  1.670070e+02
   endloop
 endfacet
 facet normal  8.536543e-01  4.510607e-01  2.604200e-01
   outer loop
     vertex  4.183336e+01 -7.462034e+00  1.670287e+02
     vertex  4.171319e+01 -7.308825e+00  1.671573e+02
     vertex  4.171319e+01 -7.343555e+00  1.672174e+02
   endloop
 endfacet
 facet normal  0.000000e+00  0.000000e+00  0.000000e+00
   outer loop
     vertex  4.171319e+01 -7.120887e+00  1.670889e+02
     vertex  4.159302e+01 -7.155616e+00  1.672858e+02
     vertex  4.159302e+01 -7.155616e+00  1.672858e+02
   endloop
 endfacet
 facet normal  8.536543e-01  0.000000e+00  5.208400e-01
   outer loop
     vertex  4.171319e+01 -7.120887e+00  1.670889e+02
     vertex  4.159302e+01 -7.155616e+00  1.672858e+02
     vertex  4.171319e+01 -7.190346e+00  1.670889e+02
   endloop
 endfacet
 facet normal  8.524580e-01  2.429553e-01  4.629127e-01
   outer loop
     vertex  4.183336e+01 -7.355616e+00  1.669394e+02
     vertex  4.195353e+01 -7.496455e+00  1.667920e+02
     vertex  4.195353e+01 -7.368379e+00  1.667248e+02
   endloop
 endfacet
 facet normal  8.536543e-01  3.347895e-01  3.989866e-01
   outer loop
     vertex  4.183336e+01 -7.355616e+00  1.669394e+02
     vertex  4.171319e+01 -7.308825e+00  1.671573e+02
     vertex  4.183336e+01 -7.462034e+00  1.670287e+02
   endloop
 endfacet
 facet normal  8.609933e-01  3.269322e-01  3.896226e-01
   outer loop
     vertex  4.183336e+01 -7.355616e+00  1.669394e+02
     vertex  4.183336e+01 -7.462034e+00  1.670287e+02
     vertex  4.195353e+01 -7.496455e+00  1.667920e+02
   endloop
 endfacet
 facet normal  8.536543e-01  3.347895e-01  3.989866e-01
   outer loop
     vertex  4.183336e+01 -7.355616e+00  1.669394e+02
     vertex  4.171319e+01 -7.255616e+00  1.671126e+02
     vertex  4.171319e+01 -7.308825e+00  1.671573e+02
   endloop
 endfacet
 facet normal  8.536543e-01 -1.781378e-01  4.894295e-01
   outer loop
     vertex  4.171319e+01 -7.055616e+00  1.671126e+02
     vertex  4.159302e+01 -7.155616e+00  1.672858e+02
     vertex  4.171319e+01 -7.120887e+00  1.670889e+02
   endloop
 endfacet
 facet normal  8.531413e-01  1.248462e-01  5.065209e-01
   outer loop
     vertex  4.183336e+01 -7.225075e+00  1.668919e+02
     vertex  4.195353e+01 -7.368379e+00  1.667248e+02
     vertex  4.195353e+01 -7.227938e+00  1.666902e+02
   endloop
 endfacet
 facet normal  8.536543e-01  1.781378e-01  4.894295e-01
   outer loop
     vertex  4.183336e+01 -7.225075e+00  1.668919e+02
     vertex  4.171319e+01 -7.190346e+00  1.670889e+02
     vertex  4.171319e+01 -7.255616e+00  1.671126e+02
   endloop
 endfacet
 facet normal  8.536543e-01  1.781378e-01  4.894295e-01
   outer loop
     vertex  4.183336e+01 -7.225075e+00  1.668919e+02
     vertex  4.171319e+01 -7.255616e+00  1.671126e+02
     vertex  4.183336e+01 -7.355616e+00  1.669394e+02
   endloop
 endfacet
 facet normal  8.637932e-01  1.723256e-01  4.734608e-01
   outer loop
     vertex  4.183336e+01 -7.225075e+00  1.668919e+02
     vertex  4.183336e+01 -7.355616e+00  1.669394e+02
     vertex  4.195353e+01 -7.368379e+00  1.667248e+02
   endloop
 endfacet
 facet normal  8.536543e-01 -3.347895e-01  3.989866e-01
   outer loop
     vertex  4.171319e+01 -7.002407e+00  1.671573e+02
     vertex  4.159302e+01 -7.155616e+00  1.672858e+02
     vertex  4.171319e+01 -7.055616e+00  1.671126e+02
   endloop
 endfacet
 facet normal  8.590845e-01  0.000000e+00  5.118338e-01
   outer loop
     vertex  4.183336e+01 -7.086157e+00  1.668919e+02
     vertex  4.195353e+01 -7.227938e+00  1.666902e+02
     vertex  4.195353e+01 -7.083294e+00  1.666902e+02
   endloop
 endfacet
 facet normal  8.531413e-01 -1.248462e-01  5.065209e-01
   outer loop
     vertex  4.183336e+01 -7.086157e+00  1.668919e+02
     vertex  4.195353e+01 -7.083294e+00  1.666902e+02
     vertex  4.195353e+01 -6.942853e+00  1.667248e+02
   endloop
 endfacet
 facet normal  8.590845e-01  0.000000e+00  5.118338e-01
   outer loop
     vertex  4.183336e+01 -7.086157e+00  1.668919e+02
     vertex  4.183336e+01 -7.225075e+00  1.668919e+02
     vertex  4.195353e+01 -7.227938e+00  1.666902e+02
   endloop
 endfacet
 facet normal  8.536543e-01  0.000000e+00  5.208400e-01
   outer loop
     vertex  4.183336e+01 -7.086157e+00  1.668919e+02
     vertex  4.171319e+01 -7.190346e+00  1.670889e+02
     vertex  4.183336e+01 -7.225075e+00  1.668919e+02
   endloop
 endfacet
 facet normal  8.536543e-01  0.000000e+00  5.208400e-01
   outer loop
     vertex  4.183336e+01 -7.086157e+00  1.668919e+02
     vertex  4.171319e+01 -7.120887e+00  1.670889e+02
     vertex  4.171319e+01 -7.190346e+00  1.670889e+02
   endloop
 endfacet
 facet normal  8.536543e-01 -4.510607e-01  2.604200e-01
   outer loop
     vertex  4.171319e+01 -6.967678e+00  1.672174e+02
     vertex  4.159302e+01 -7.155616e+00  1.672858e+02
     vertex  4.171319e+01 -7.002407e+00  1.671573e+02
   endloop
 endfacet
 facet normal  8.524580e-01 -2.429553e-01  4.629127e-01
   outer loop
     vertex  4.183336e+01 -6.955616e+00  1.669394e+02
     vertex  4.195353e+01 -6.942853e+00  1.667248e+02
     vertex  4.195353e+01 -6.814777e+00  1.667920e+02
   endloop
 endfacet
 facet normal  8.536543e-01 -1.781378e-01  4.894295e-01
   outer loop
     vertex  4.183336e+01 -6.955616e+00  1.669394e+02
     vertex  4.171319e+01 -7.055616e+00  1.671126e+02
     vertex  4.171319e+01 -7.120887e+00  1.670889e+02
   endloop
 endfacet
 facet normal  8.637932e-01 -1.723256e-01  4.734608e-01
   outer loop
     vertex  4.183336e+01 -6.955616e+00  1.669394e+02
     vertex  4.183336e+01 -7.086157e+00  1.668919e+02
     vertex  4.195353e+01 -6.942853e+00  1.667248e+02
   endloop
 endfacet
 facet normal  8.536543e-01 -1.781378e-01  4.894295e-01
   outer loop
     vertex  4.183336e+01 -6.955616e+00  1.669394e+02
     vertex  4.171319e+01 -7.120887e+00  1.670889e+02
     vertex  4.183336e+01 -7.086157e+00  1.668919e+02
   endloop
 endfacet
 facet normal  8.571439e-01 -3.415593e-01  3.855407e-01
   outer loop
     vertex  4.183336e+01 -6.849198e+00  1.670287e+02
     vertex  4.195353e+01 -6.814777e+00  1.667920e+02
     vertex  4.195353e+01 -6.706510e+00  1.668879e+02
   endloop
 endfacet
 facet normal  8.541574e-01 -4.279636e-01  2.954019e-01
   outer loop
     vertex  4.183336e+01 -6.849198e+00  1.670287e+02
     vertex  4.195353e+01 -6.706510e+00  1.668879e+02
     vertex  4.195353e+01 -6.624343e+00  1.670070e+02
   endloop
 endfacet
 facet normal  8.536543e-01 -3.347895e-01  3.989866e-01
   outer loop
     vertex  4.183336e+01 -6.849198e+00  1.670287e+02
     vertex  4.171319e+01 -7.055616e+00  1.671126e+02
     vertex  4.183336e+01 -6.955616e+00  1.669394e+02
   endloop
 endfacet
 facet normal  8.536543e-01 -3.347895e-01  3.989866e-01
   outer loop
     vertex  4.183336e+01 -6.849198e+00  1.670287e+02
     vertex  4.171319e+01 -7.002407e+00  1.671573e+02
     vertex  4.171319e+01 -7.055616e+00  1.671126e+02
   endloop
 endfacet
 facet normal  8.609933e-01 -3.269322e-01  3.896226e-01
   outer loop
     vertex  4.183336e+01 -6.849198e+00  1.670287e+02
     vertex  4.183336e+01 -6.955616e+00  1.669394e+02
     vertex  4.195353e+01 -6.814777e+00  1.667920e+02
   endloop
 endfacet
 facet normal  8.521146e-01 -4.893457e-01  1.855843e-01
   outer loop
     vertex  4.183336e+01 -6.779739e+00  1.671490e+02
     vertex  4.195353e+01 -6.624343e+00  1.670070e+02
     vertex  4.195353e+01 -6.573051e+00  1.671422e+02
   endloop
 endfacet
 facet normal  8.637673e-01 -5.002170e-01  6.073734e-02
   outer loop
     vertex  4.183336e+01 -6.779739e+00  1.671490e+02
     vertex  4.195353e+01 -6.573051e+00  1.671422e+02
     vertex  4.195353e+01 -6.555616e+00  1.672858e+02
   endloop
 endfacet
 facet normal  8.536543e-01 -5.129273e-01  9.044292e-02
   outer loop
     vertex  4.183336e+01 -6.779739e+00  1.671490e+02
     vertex  4.195353e+01 -6.555616e+00  1.672858e+02
     vertex  4.159302e+01 -7.155616e+00  1.672858e+02
   endloop
 endfacet
 facet normal  8.633318e-01 -4.370282e-01  2.523184e-01
   outer loop
     vertex  4.183336e+01 -6.779739e+00  1.671490e+02
     vertex  4.183336e+01 -6.849198e+00  1.670287e+02
     vertex  4.195353e+01 -6.624343e+00  1.670070e+02
   endloop
 endfacet
 facet normal  3.010698e-01  1.502373e-01  9.416930e-01
   outer loop
     vertex  4.183336e+01 -6.779739e+00  1.671490e+02
     vertex  4.159302e+01 -7.155616e+00  1.672858e+02
     vertex  4.171319e+01 -6.967678e+00  1.672174e+02
   endloop
 endfacet
 facet normal  8.536543e-01 -4.510607e-01  2.604200e-01
   outer loop
     vertex  4.183336e+01 -6.779739e+00  1.671490e+02
     vertex  4.171319e+01 -6.967678e+00  1.672174e+02
     vertex  4.171319e+01 -7.002407e+00  1.671573e+02
   endloop
 endfacet
 facet normal  8.536543e-01 -4.510607e-01  2.604200e-01
   outer loop
     vertex  4.183336e+01 -6.779739e+00  1.671490e+02
     vertex  4.171319e+01 -7.002407e+00  1.671573e+02
     vertex  4.183336e+01 -6.849198e+00  1.670287e+02
   endloop
 endfacet
 facet normal -8.536543e-01 -4.510607e-01  2.604200e-01
   outer loop
     vertex  2.139388e+01 -7.002407e+00  1.671573e+02
     vertex  2.151405e+01 -7.155616e+00  1.672858e+02
     vertex  2.139388e+01 -6.967678e+00  1.672174e+02
   endloop
 endfacet
 facet normal -8.536543e-01 -3.347895e-01  3.989866e-01
   outer loop
     vertex  2.139388e+01 -7.055616e+00  1.671126e+02
     vertex  2.151405e+01 -7.155616e+00  1.672858e+02
     vertex  2.139388e+01 -7.002407e+00  1.671573e+02
   endloop
 endfacet
 facet normal -8.637673e-01 -5.002170e-01  6.073734e-02
   outer loop
     vertex  2.127371e+01 -6.779739e+00  1.671490e+02
     vertex  2.115353e+01 -6.555616e+00  1.672858e+02
     vertex  2.115353e+01 -6.573051e+00  1.671422e+02
   endloop
 endfacet
 facet normal -8.521146e-01 -4.893457e-01  1.855843e-01
   outer loop
     vertex  2.127371e+01 -6.779739e+00  1.671490e+02
     vertex  2.115353e+01 -6.573051e+00  1.671422e+02
     vertex  2.115353e+01 -6.624343e+00  1.670070e+02
   endloop
 endfacet
 facet normal -8.536543e-01 -5.129273e-01  9.044292e-02
   outer loop
     vertex  2.127371e+01 -6.779739e+00  1.671490e+02
     vertex  2.151405e+01 -7.155616e+00  1.672858e+02
     vertex  2.115353e+01 -6.555616e+00  1.672858e+02
   endloop
 endfacet
 facet normal -3.002883e-01  1.507955e-01  9.418533e-01
   outer loop
     vertex  2.127371e+01 -6.779739e+00  1.671490e+02
     vertex  2.139388e+01 -6.967678e+00  1.672174e+02
     vertex  2.151405e+01 -7.155616e+00  1.672858e+02
   endloop
 endfacet
 facet normal  0.000000e+00  0.000000e+00  0.000000e+00
   outer loop
     vertex  2.139388e+01 -7.120887e+00  1.670889e+02
     vertex  2.151405e+01 -7.155616e+00  1.672858e+02
     vertex  2.151405e+01 -7.155616e+00  1.672858e+02
   endloop
 endfacet
 facet normal -8.536543e-01 -1.781378e-01  4.894295e-01
   outer loop
     vertex  2.139388e+01 -7.120887e+00  1.670889e+02
     vertex  2.151405e+01 -7.155616e+00  1.672858e+02
     vertex  2.139388e+01 -7.055616e+00  1.671126e+02
   endloop
 endfacet
 facet normal -8.541574e-01 -4.279636e-01  2.954019e-01
   outer loop
     vertex  2.127371e+01 -6.849198e+00  1.670287e+02
     vertex  2.115353e+01 -6.624343e+00  1.670070e+02
     vertex  2.115353e+01 -6.706510e+00  1.668879e+02
   endloop
 endfacet
 facet normal -8.571439e-01 -3.415593e-01  3.855407e-01
   outer loop
     vertex  2.127371e+01 -6.849198e+00  1.670287e+02
     vertex  2.115353e+01 -6.706510e+00  1.668879e+02
     vertex  2.115353e+01 -6.814777e+00  1.667920e+02
   endloop
 endfacet
 facet normal -8.536543e-01 -4.510607e-01  2.604200e-01
   outer loop
     vertex  2.127371e+01 -6.849198e+00  1.670287e+02
     vertex  2.139388e+01 -6.967678e+00  1.672174e+02
     vertex  2.127371e+01 -6.779739e+00  1.671490e+02
   endloop
 endfacet
 facet normal -8.633318e-01 -4.370282e-01  2.523184e-01
   outer loop
     vertex  2.127371e+01 -6.849198e+00  1.670287e+02
     vertex  2.127371e+01 -6.779739e+00  1.671490e+02
     vertex  2.115353e+01 -6.624343e+00  1.670070e+02
   endloop
 endfacet
 facet normal -8.536543e-01 -4.510607e-01  2.604200e-01
   outer loop
     vertex  2.127371e+01 -6.849198e+00  1.670287e+02
     vertex  2.139388e+01 -7.002407e+00  1.671573e+02
     vertex  2.139388e+01 -6.967678e+00  1.672174e+02
   endloop
 endfacet
 facet normal -8.536543e-01  0.000000e+00  5.208400e-01
   outer loop
     vertex  2.139388e+01 -7.190346e+00  1.670889e+02
     vertex  2.151405e+01 -7.155616e+00  1.672858e+02
     vertex  2.139388e+01 -7.120887e+00  1.670889e+02
   endloop
 endfacet
 facet normal -8.524580e-01 -2.429553e-01  4.629127e-01
   outer loop
     vertex  2.127371e+01 -6.955616e+00  1.669394e+02
     vertex  2.115353e+01 -6.814777e+00  1.667920e+02
     vertex  2.115353e+01 -6.942853e+00  1.667248e+02
   endloop
 endfacet
 facet normal -8.536543e-01 -3.347895e-01  3.989866e-01
   outer loop
     vertex  2.127371e+01 -6.955616e+00  1.669394e+02
     vertex  2.139388e+01 -7.002407e+00  1.671573e+02
     vertex  2.127371e+01 -6.849198e+00  1.670287e+02
   endloop
 endfacet
 facet normal -8.609933e-01 -3.269322e-01  3.896226e-01
   outer loop
     vertex  2.127371e+01 -6.955616e+00  1.669394e+02
     vertex  2.127371e+01 -6.849198e+00  1.670287e+02
     vertex  2.115353e+01 -6.814777e+00  1.667920e+02
   endloop
 endfacet
 facet normal -8.536543e-01 -3.347895e-01  3.989866e-01
   outer loop
     vertex  2.127371e+01 -6.955616e+00  1.669394e+02
     vertex  2.139388e+01 -7.055616e+00  1.671126e+02
     vertex  2.139388e+01 -7.002407e+00  1.671573e+02
   endloop
 endfacet
 facet normal -8.536543e-01  1.781378e-01  4.894295e-01
   outer loop
     vertex  2.139388e+01 -7.255616e+00  1.671126e+02
     vertex  2.151405e+01 -7.155616e+00  1.672858e+02
     vertex  2.139388e+01 -7.190346e+00  1.670889e+02
   endloop
 endfacet
 facet normal -8.531413e-01 -1.248462e-01  5.065209e-01
   outer loop
     vertex  2.127371e+01 -7.086157e+00  1.668919e+02
     vertex  2.115353e+01 -6.942853e+00  1.667248e+02
     vertex  2.115353e+01 -7.083294e+00  1.666902e+02
   endloop
 endfacet
 facet normal -8.536543e-01 -1.781378e-01  4.894295e-01
   outer loop
     vertex  2.127371e+01 -7.086157e+00  1.668919e+02
     vertex  2.139388e+01 -7.120887e+00  1.670889e+02
     vertex  2.139388e+01 -7.055616e+00  1.671126e+02
   endloop
 endfacet
 facet normal -8.536543e-01 -1.781378e-01  4.894295e-01
   outer loop
     vertex  2.127371e+01 -7.086157e+00  1.668919e+02
     vertex  2.139388e+01 -7.055616e+00  1.671126e+02
     vertex  2.127371e+01 -6.955616e+00  1.669394e+02
   endloop
 endfacet
 facet normal -8.637932e-01 -1.723256e-01  4.734608e-01
   outer loop
     vertex  2.127371e+01 -7.086157e+00  1.668919e+02
     vertex  2.127371e+01 -6.955616e+00  1.669394e+02
     vertex  2.115353e+01 -6.942853e+00  1.667248e+02
   endloop
 endfacet
 facet normal -8.536543e-01  3.347895e-01  3.989866e-01
   outer loop
     vertex  2.139388e+01 -7.308825e+00  1.671573e+02
     vertex  2.151405e+01 -7.155616e+00  1.672858e+02
     vertex  2.139388e+01 -7.255616e+00  1.671126e+02
   endloop
 endfacet
 facet normal -8.590845e-01  0.000000e+00  5.118338e-01
   outer loop
     vertex  2.127371e+01 -7.225075e+00  1.668919e+02
     vertex  2.115353e+01 -7.083294e+00  1.666902e+02
     vertex  2.115353e+01 -7.227938e+00  1.666902e+02
   endloop
 endfacet
 facet normal -8.531413e-01  1.248462e-01  5.065209e-01
   outer loop
     vertex  2.127371e+01 -7.225075e+00  1.668919e+02
     vertex  2.115353e+01 -7.227938e+00  1.666902e+02
     vertex  2.115353e+01 -7.368379e+00  1.667248e+02
   endloop
 endfacet
 facet normal -8.536543e-01  0.000000e+00  5.208400e-01
   outer loop
     vertex  2.127371e+01 -7.225075e+00  1.668919e+02
     vertex  2.139388e+01 -7.190346e+00  1.670889e+02
     vertex  2.139388e+01 -7.120887e+00  1.670889e+02
   endloop
 endfacet
 facet normal -8.590845e-01  0.000000e+00  5.118338e-01
   outer loop
     vertex  2.127371e+01 -7.225075e+00  1.668919e+02
     vertex  2.127371e+01 -7.086157e+00  1.668919e+02
     vertex  2.115353e+01 -7.083294e+00  1.666902e+02
   endloop
 endfacet
 facet normal -8.536543e-01  0.000000e+00  5.208400e-01
   outer loop
     vertex  2.127371e+01 -7.225075e+00  1.668919e+02
     vertex  2.139388e+01 -7.120887e+00  1.670889e+02
     vertex  2.127371e+01 -7.086157e+00  1.668919e+02
   endloop
 endfacet
 facet normal -8.536543e-01  4.510607e-01  2.604200e-01
   outer loop
     vertex  2.139388e+01 -7.343555e+00  1.672174e+02
     vertex  2.151405e+01 -7.155616e+00  1.672858e+02
     vertex  2.139388e+01 -7.308825e+00  1.671573e+02
   endloop
 endfacet
 facet normal -8.524580e-01  2.429553e-01  4.629127e-01
   outer loop
     vertex  2.127371e+01 -7.355616e+00  1.669394e+02
     vertex  2.115353e+01 -7.368379e+00  1.667248e+02
     vertex  2.115353e+01 -7.496455e+00  1.667920e+02
   endloop
 endfacet
 facet normal -8.637932e-01  1.723256e-01  4.734608e-01
   outer loop
     vertex  2.127371e+01 -7.355616e+00  1.669394e+02
     vertex  2.127371e+01 -7.225075e+00  1.668919e+02
     vertex  2.115353e+01 -7.368379e+00  1.667248e+02
   endloop
 endfacet
 facet normal -8.536543e-01  1.781378e-01  4.894295e-01
   outer loop
     vertex  2.127371e+01 -7.355616e+00  1.669394e+02
     vertex  2.139388e+01 -7.190346e+00  1.670889e+02
     vertex  2.127371e+01 -7.225075e+00  1.668919e+02
   endloop
 endfacet
 facet normal -8.536543e-01  1.781378e-01  4.894295e-01
   outer loop
     vertex  2.127371e+01 -7.355616e+00  1.669394e+02
     vertex  2.139388e+01 -7.255616e+00  1.671126e+02
     vertex  2.139388e+01 -7.190346e+00  1.670889e+02
   endloop
 endfacet
 facet normal -8.571439e-01  3.415593e-01  3.855407e-01
   outer loop
     vertex  2.127371e+01 -7.462034e+00  1.670287e+02
     vertex  2.115353e+01 -7.496455e+00  1.667920e+02
     vertex  2.115353e+01 -7.604723e+00  1.668879e+02
   endloop
 endfacet
 facet normal -8.541574e-01  4.279636e-01  2.954019e-01
   outer loop
     vertex  2.127371e+01 -7.462034e+00  1.670287e+02
     vertex  2.115353e+01 -7.604723e+00  1.668879e+02
     vertex  2.115353e+01 -7.686890e+00  1.670070e+02
   endloop
 endfacet
 facet normal -8.536543e-01  3.347895e-01  3.989866e-01
   outer loop
     vertex  2.127371e+01 -7.462034e+00  1.670287e+02
     vertex  2.139388e+01 -7.308825e+00  1.671573e+02
     vertex  2.139388e+01 -7.255616e+00  1.671126e+02
   endloop
 endfacet
 facet normal -8.609933e-01  3.269322e-01  3.896226e-01
   outer loop
     vertex  2.127371e+01 -7.462034e+00  1.670287e+02
     vertex  2.127371e+01 -7.355616e+00  1.669394e+02
     vertex  2.115353e+01 -7.496455e+00  1.667920e+02
   endloop
 endfacet
 facet normal -8.536543e-01  3.347895e-01  3.989866e-01
   outer loop
     vertex  2.127371e+01 -7.462034e+00  1.670287e+02
     vertex  2.139388e+01 -7.255616e+00  1.671126e+02
     vertex  2.127371e+01 -7.355616e+00  1.669394e+02
   endloop
 endfacet
 facet normal -8.521146e-01  4.893457e-01  1.855843e-01
   outer loop
     vertex  2.127371e+01 -7.531493e+00  1.671490e+02
     vertex  2.115353e+01 -7.686890e+00  1.670070e+02
     vertex  2.115353e+01 -7.738181e+00  1.671422e+02
   endloop
 endfacet
 facet normal -8.637673e-01  5.002170e-01  6.073734e-02
   outer loop
     vertex  2.127371e+01 -7.531493e+00  1.671490e+02
     vertex  2.115353e+01 -7.738181e+00  1.671422e+02
     vertex  2.115353e+01 -7.755616e+00  1.672858e+02
   endloop
 endfacet
 facet normal -8.536543e-01  5.129273e-01  9.044292e-02
   outer loop
     vertex  2.127371e+01 -7.531493e+00  1.671490e+02
     vertex  2.115353e+01 -7.755616e+00  1.672858e+02
     vertex  2.151405e+01 -7.155616e+00  1.672858e+02
   endloop
 endfacet
 facet normal -8.633318e-01  4.370282e-01  2.523184e-01
   outer loop
     vertex  2.127371e+01 -7.531493e+00  1.671490e+02
     vertex  2.127371e+01 -7.462034e+00  1.670287e+02
     vertex  2.115353e+01 -7.686890e+00  1.670070e+02
   endloop
 endfacet
 facet normal  8.460676e-01 -4.228472e-01 -3.246073e-01
   outer loop
     vertex  2.127371e+01 -7.531493e+00  1.671490e+02
     vertex  2.151405e+01 -7.155616e+00  1.672858e+02
     vertex  2.139388e+01 -7.343555e+00  1.672174e+02
   endloop
 endfacet
 facet normal -8.536543e-01  4.510607e-01  2.604200e-01
   outer loop
     vertex  2.127371e+01 -7.531493e+00  1.671490e+02
     vertex  2.139388e+01 -7.343555e+00  1.672174e+02
     vertex  2.139388e+01 -7.308825e+00  1.671573e+02
   endloop
 endfacet
 facet normal -8.536543e-01  4.510607e-01  2.604200e-01
   outer loop
     vertex  2.127371e+01 -7.531493e+00  1.671490e+02
     vertex  2.139388e+01 -7.308825e+00  1.671573e+02
     vertex  2.127371e+01 -7.462034e+00  1.670287e+02
   endloop
 endfacet
 facet normal  1.837236e-17 -9.801714e-02 -9.951847e-01
   outer loop
     vertex  1.615353e+01 -3.801934e+00  1.633502e+02
     vertex  4.695353e+01 -3.655616e+00  1.633358e+02
     vertex  4.695353e+01 -3.801934e+00  1.633502e+02
   endloop
 endfacet
 facet normal  5.441103e-17 -2.902847e-01 -9.569403e-01
   outer loop
     vertex  1.615353e+01 -3.801934e+00  1.633502e+02
     vertex  4.695353e+01 -3.801934e+00  1.633502e+02
     vertex  4.695353e+01 -3.942629e+00  1.633929e+02
   endloop
 endfacet
 facet normal  1.695116e-17 -9.801714e-02 -9.951847e-01
   outer loop
     vertex  1.615353e+01 -3.801934e+00  1.633502e+02
     vertex  1.615353e+01 -3.655616e+00  1.633358e+02
     vertex  4.695353e+01 -3.655616e+00  1.633358e+02
   endloop
 endfacet
 facet normal  9.515555e-17 -4.713967e-01 -8.819213e-01
   outer loop
     vertex  1.615353e+01 -3.942629e+00  1.633929e+02
     vertex  4.695353e+01 -3.942629e+00  1.633929e+02
     vertex  4.695353e+01 -4.072294e+00  1.634622e+02
   endloop
 endfacet
 facet normal  5.859650e-17 -2.902847e-01 -9.569403e-01
   outer loop
     vertex  1.615353e+01 -3.942629e+00  1.633929e+02
     vertex  1.615353e+01 -3.801934e+00  1.633502e+02
     vertex  4.695353e+01 -3.942629e+00  1.633929e+02
   endloop
 endfacet
 facet normal  1.280578e-16 -6.343933e-01 -7.730105e-01
   outer loop
     vertex  1.615353e+01 -4.072294e+00  1.634622e+02
     vertex  4.695353e+01 -4.072294e+00  1.634622e+02
     vertex  4.695353e+01 -4.185946e+00  1.635555e+02
   endloop
 endfacet
 facet normal  9.515555e-17 -4.713967e-01 -8.819213e-01
   outer loop
     vertex  1.615353e+01 -4.072294e+00  1.634622e+02
     vertex  1.615353e+01 -3.942629e+00  1.633929e+02
     vertex  4.695353e+01 -4.072294e+00  1.634622e+02
   endloop
 endfacet
 facet normal  1.560389e-16 -7.730105e-01 -6.343933e-01
   outer loop
     vertex  1.615353e+01 -4.185946e+00  1.635555e+02
     vertex  4.695353e+01 -4.185946e+00  1.635555e+02
     vertex  4.695353e+01 -4.279218e+00  1.636691e+02
   endloop
 endfacet
 facet normal  1.280578e-16 -6.343933e-01 -7.730105e-01
   outer loop
     vertex  1.615353e+01 -4.185946e+00  1.635555e+02
     vertex  1.615353e+01 -4.072294e+00  1.634622e+02
     vertex  4.695353e+01 -4.185946e+00  1.635555e+02
   endloop
 endfacet
 facet normal  1.780235e-16 -8.819213e-01 -4.713967e-01
   outer loop
     vertex  1.615353e+01 -4.279218e+00  1.636691e+02
     vertex  4.695353e+01 -4.279218e+00  1.636691e+02
     vertex  4.695353e+01 -4.348526e+00  1.637988e+02
   endloop
 endfacet
 facet normal  1.560389e-16 -7.730105e-01 -6.343933e-01
   outer loop
     vertex  1.615353e+01 -4.279218e+00  1.636691e+02
     vertex  1.615353e+01 -4.185946e+00  1.635555e+02
     vertex  4.695353e+01 -4.279218e+00  1.636691e+02
   endloop
 endfacet
 facet normal  1.931668e-16 -9.569403e-01 -2.902847e-01
   outer loop
     vertex  1.615353e+01 -4.348526e+00  1.637988e+02
     vertex  4.695353e+01 -4.348526e+00  1.637988e+02
     vertex  4.695353e+01 -4.391205e+00  1.639395e+02
   endloop
 endfacet
 facet normal  1.780235e-16 -8.819213e-01 -4.713967e-01
   outer loop
     vertex  1.615353e+01 -4.348526e+00  1.637988e+02
     vertex  1.615353e+01 -4.279218e+00  1.636691e+02
     vertex  4.695353e+01 -4.348526e+00  1.637988e+02
   endloop
 endfacet
 facet normal  2.008867e-16 -9.951847e-01 -9.801714e-02
   outer loop
     vertex  1.615353e+01 -4.391205e+00  1.639395e+02
     vertex  4.695353e+01 -4.391205e+00  1.639395e+02
     vertex  4.695353e+01 -4.405616e+00  1.640858e+02
   endloop
 endfacet
 facet normal  1.931668e-16 -9.569403e-01 -2.902847e-01
   outer loop
     vertex  1.615353e+01 -4.391205e+00  1.639395e+02
     vertex  1.615353e+01 -4.348526e+00  1.637988e+02
     vertex  4.695353e+01 -4.391205e+00  1.639395e+02
   endloop
 endfacet
 facet normal  1.721886e-16 -9.951847e-01 -9.801714e-02
   outer loop
     vertex  1.615353e+01 -4.405616e+00  1.640858e+02
     vertex  1.615353e+01 -4.391205e+00  1.639395e+02
     vertex  4.695353e+01 -4.405616e+00  1.640858e+02
   endloop
 endfacet
 facet normal  0.000000e+00  0.000000e+00  1.000000e+00
   outer loop
     vertex  2.428749e+01 -1.379840e+01  1.687858e+02
     vertex  2.065353e+01 -1.525562e+01  1.687858e+02
     vertex  2.441075e+01 -1.392166e+01  1.687858e+02
   endloop
 endfacet
 facet normal  0.000000e+00  0.000000e+00  1.000000e+00
   outer loop
     vertex  2.418751e+01 -1.365562e+01  1.687858e+02
     vertex  2.065353e+01 -1.525562e+01  1.687858e+02
     vertex  2.428749e+01 -1.379840e+01  1.687858e+02
   endloop
 endfacet
 facet normal  0.000000e+00  0.000000e+00  1.000000e+00
   outer loop
     vertex  2.455353e+01 -1.402164e+01  1.687858e+02
     vertex  2.441075e+01 -1.392166e+01  1.687858e+02
     vertex  2.065353e+01 -1.525562e+01  1.687858e+02
   endloop
 endfacet
 facet normal  0.000000e+00  0.000000e+00  1.000000e+00
   outer loop
     vertex  2.471151e+01 -1.409531e+01  1.687858e+02
     vertex  2.455353e+01 -1.402164e+01  1.687858e+02
     vertex  2.065353e+01 -1.525562e+01  1.687858e+02
   endloop
 endfacet
 facet normal  0.000000e+00  0.000000e+00  1.000000e+00
   outer loop
     vertex  2.411384e+01 -1.349764e+01  1.687858e+02
     vertex  2.065353e+01 -1.525562e+01  1.687858e+02
     vertex  2.418751e+01 -1.365562e+01  1.687858e+02
   endloop
 endfacet
 facet normal  0.000000e+00  0.000000e+00  1.000000e+00
   outer loop
     vertex  2.406873e+01 -1.332926e+01  1.687858e+02
     vertex  2.065353e+01 -1.525562e+01  1.687858e+02
     vertex  2.411384e+01 -1.349764e+01  1.687858e+02
   endloop
 endfacet
 facet normal  0.000000e+00  0.000000e+00  1.000000e+00
   outer loop
     vertex  2.487988e+01 -1.414042e+01  1.687858e+02
     vertex  2.471151e+01 -1.409531e+01  1.687858e+02
     vertex  2.065353e+01 -1.525562e+01  1.687858e+02
   endloop
 endfacet
 facet normal  0.000000e+00  0.000000e+00  1.000000e+00
   outer loop
     vertex  2.405353e+01 -1.315562e+01  1.687858e+02
     vertex  2.065353e+01 -1.525562e+01  1.687858e+02
     vertex  2.406873e+01 -1.332926e+01  1.687858e+02
   endloop
 endfacet
 facet normal  0.000000e+00  0.000000e+00  1.000000e+00
   outer loop
     vertex  2.505353e+01 -1.415562e+01  1.687858e+02
     vertex  2.487988e+01 -1.414042e+01  1.687858e+02
     vertex  2.065353e+01 -1.525562e+01  1.687858e+02
   endloop
 endfacet
 facet normal  0.000000e+00  0.000000e+00  1.000000e+00
   outer loop
     vertex  2.406873e+01 -1.298197e+01  1.687858e+02
     vertex  2.065353e+01 -1.525562e+01  1.687858e+02
     vertex  2.405353e+01 -1.315562e+01  1.687858e+02
   endloop
 endfacet
 facet normal  0.000000e+00  0.000000e+00  1.000000e+00
   outer loop
     vertex  2.522718e+01 -1.414042e+01  1.687858e+02
     vertex  2.505353e+01 -1.415562e+01  1.687858e+02
     vertex  2.065353e+01 -1.525562e+01  1.687858e+02
   endloop
 endfacet
 facet normal  0.000000e+00  0.000000e+00  1.000000e+00
   outer loop
     vertex  2.411384e+01 -1.281360e+01  1.687858e+02
     vertex  2.065353e+01 -1.525562e+01  1.687858e+02
     vertex  2.406873e+01 -1.298197e+01  1.687858e+02
   endloop
 endfacet
 facet normal  0.000000e+00  0.000000e+00  1.000000e+00
   outer loop
     vertex  2.418751e+01 -1.265562e+01  1.687858e+02
     vertex  2.065353e+01 -1.525562e+01  1.687858e+02
     vertex  2.411384e+01 -1.281360e+01  1.687858e+02
   endloop
 endfacet
 facet normal  0.000000e+00  0.000000e+00  1.000000e+00
   outer loop
     vertex  2.428749e+01 -1.251283e+01  1.687858e+02
     vertex  2.065353e+01 -1.525562e+01  1.687858e+02
     vertex  2.418751e+01 -1.265562e+01  1.687858e+02
   endloop
 endfacet
 facet normal -1.324182e-15  1.754427e-15  1.000000e+00
   outer loop
     vertex  2.065353e+01  9.443839e-01  1.687858e+02
     vertex  2.065353e+01 -1.525562e+01  1.687858e+02
     vertex  2.428749e+01 -1.251283e+01  1.687858e+02
   endloop
 endfacet
 facet normal  2.002138e-15  2.652658e-15  1.000000e+00
   outer loop
     vertex  2.428749e+01 -1.798404e+00  1.687858e+02
     vertex  2.065353e+01  9.443839e-01  1.687858e+02
     vertex  2.428749e+01 -1.251283e+01  1.687858e+02
   endloop
 endfacet
 facet normal -2.715127e-15  2.715127e-15  1.000000e+00
   outer loop
     vertex  2.441075e+01 -1.921661e+00  1.687858e+02
     vertex  2.428749e+01 -1.251283e+01  1.687858e+02
     vertex  2.441075e+01 -1.238957e+01  1.687858e+02
   endloop
 endfacet
 facet normal  2.652658e-15  2.652658e-15  1.000000e+00
   outer loop
     vertex  2.441075e+01 -1.921661e+00  1.687858e+02
     vertex  2.428749e+01 -1.798404e+00  1.687858e+02
     vertex  2.428749e+01 -1.251283e+01  1.687858e+02
   endloop
 endfacet
 facet normal  0.000000e+00  0.000000e+00  1.000000e+00
   outer loop
     vertex  2.418751e+01 -1.655616e+00  1.687858e+02
     vertex  2.065353e+01  9.443839e-01  1.687858e+02
     vertex  2.428749e+01 -1.798404e+00  1.687858e+02
   endloop
 endfacet
 facet normal  1.901152e-15  2.715127e-15  1.000000e+00
   outer loop
     vertex  2.455353e+01 -2.021642e+00  1.687858e+02
     vertex  2.441075e+01 -1.921661e+00  1.687858e+02
     vertex  2.441075e+01 -1.238957e+01  1.687858e+02
   endloop
 endfacet
 facet normal -1.938176e-15  2.768003e-15  1.000000e+00
   outer loop
     vertex  2.455353e+01 -2.021642e+00  1.687858e+02
     vertex  2.441075e+01 -1.238957e+01  1.687858e+02
     vertex  2.455353e+01 -1.228959e+01  1.687858e+02
   endloop
 endfacet
 facet normal  1.290741e-15  2.768003e-15  1.000000e+00
   outer loop
     vertex  2.471151e+01 -2.095309e+00  1.687858e+02
     vertex  2.455353e+01 -2.021642e+00  1.687858e+02
     vertex  2.455353e+01 -1.228959e+01  1.687858e+02
   endloop
 endfacet
 facet normal -1.309531e-15  2.808299e-15  1.000000e+00
   outer loop
     vertex  2.471151e+01 -2.095309e+00  1.687858e+02
     vertex  2.455353e+01 -1.228959e+01  1.687858e+02
     vertex  2.471151e+01 -1.221592e+01  1.687858e+02
   endloop
 endfacet
 facet normal -7.524814e-16  2.808299e-15  1.000000e+00
   outer loop
     vertex  2.471151e+01 -2.095309e+00  1.687858e+02
     vertex  2.471151e+01 -1.221592e+01  1.687858e+02
     vertex  2.487988e+01 -1.217081e+01  1.687858e+02
   endloop
 endfacet
 facet normal  0.000000e+00  0.000000e+00  1.000000e+00
   outer loop
     vertex  2.411384e+01 -1.497636e+00  1.687858e+02
     vertex  2.065353e+01  9.443839e-01  1.687858e+02
     vertex  2.418751e+01 -1.655616e+00  1.687858e+02
   endloop
 endfacet
 facet normal  0.000000e+00  0.000000e+00  1.000000e+00
   outer loop
     vertex  2.406873e+01 -1.329264e+00  1.687858e+02
     vertex  2.065353e+01  9.443839e-01  1.687858e+02
     vertex  2.411384e+01 -1.497636e+00  1.687858e+02
   endloop
 endfacet
 facet normal -2.479045e-16  2.833561e-15  1.000000e+00
   outer loop
     vertex  2.487988e+01 -2.140424e+00  1.687858e+02
     vertex  2.487988e+01 -1.217081e+01  1.687858e+02
     vertex  2.505353e+01 -1.215562e+01  1.687858e+02
   endloop
 endfacet
 facet normal  7.592505e-16  2.833561e-15  1.000000e+00
   outer loop
     vertex  2.487988e+01 -2.140424e+00  1.687858e+02
     vertex  2.471151e+01 -2.095309e+00  1.687858e+02
     vertex  2.487988e+01 -1.217081e+01  1.687858e+02
   endloop
 endfacet
 facet normal  2.486577e-16  2.842171e-15  1.000000e+00
   outer loop
     vertex  2.505353e+01 -2.155616e+00  1.687858e+02
     vertex  2.487988e+01 -2.140424e+00  1.687858e+02
     vertex  2.505353e+01 -1.215562e+01  1.687858e+02
   endloop
 endfacet
 facet normal  0.000000e+00  0.000000e+00  1.000000e+00
   outer loop
     vertex  2.405353e+01 -1.155616e+00  1.687858e+02
     vertex  2.065353e+01  9.443839e-01  1.687858e+02
     vertex  2.406873e+01 -1.329264e+00  1.687858e+02
   endloop
 endfacet
 facet normal  0.000000e+00  0.000000e+00  1.000000e+00
   outer loop
     vertex  2.406873e+01 -9.819680e-01  1.687858e+02
     vertex  2.065353e+01  9.443839e-01  1.687858e+02
     vertex  2.405353e+01 -1.155616e+00  1.687858e+02
   endloop
 endfacet
 facet normal -2.486577e-16  2.842171e-15  1.000000e+00
   outer loop
     vertex  2.522718e+01 -2.140424e+00  1.687858e+02
     vertex  2.505353e+01 -2.155616e+00  1.687858e+02
     vertex  2.505353e+01 -1.215562e+01  1.687858e+02
   endloop
 endfacet
 facet normal  2.479045e-16  2.833561e-15  1.000000e+00
   outer loop
     vertex  2.522718e+01 -2.140424e+00  1.687858e+02
     vertex  2.505353e+01 -1.215562e+01  1.687858e+02
     vertex  2.522718e+01 -1.217081e+01  1.687858e+02
   endloop
 endfacet
 facet normal  7.524814e-16  2.808299e-15  1.000000e+00
   outer loop
     vertex  2.539555e+01 -2.095309e+00  1.687858e+02
     vertex  2.522718e+01 -1.217081e+01  1.687858e+02
     vertex  2.539555e+01 -1.221592e+01  1.687858e+02
   endloop
 endfacet
 facet normal -7.592505e-16  2.833561e-15  1.000000e+00
   outer loop
     vertex  2.539555e+01 -2.095309e+00  1.687858e+02
     vertex  2.522718e+01 -2.140424e+00  1.687858e+02
     vertex  2.522718e+01 -1.217081e+01  1.687858e+02
   endloop
 endfacet
 facet normal  0.000000e+00  0.000000e+00  1.000000e+00
   outer loop
     vertex  2.411384e+01 -8.135960e-01  1.687858e+02
     vertex  2.065353e+01  9.443839e-01  1.687858e+02
     vertex  2.406873e+01 -9.819680e-01  1.687858e+02
   endloop
 endfacet
 facet normal  0.000000e+00  0.000000e+00  1.000000e+00
   outer loop
     vertex  3.741075e+01 -1.392166e+01  1.687858e+02
     vertex  2.581958e+01 -1.379840e+01  1.687858e+02
     vertex  2.569632e+01 -1.392166e+01  1.687858e+02
   endloop
 endfacet
 facet normal  0.000000e+00  0.000000e+00  1.000000e+00
   outer loop
     vertex  3.741075e+01 -1.392166e+01  1.687858e+02
     vertex  3.728749e+01 -1.379840e+01  1.687858e+02
     vertex  2.581958e+01 -1.379840e+01  1.687858e+02
   endloop
 endfacet
 facet normal  0.000000e+00  0.000000e+00  1.000000e+00
   outer loop
     vertex  3.741075e+01 -1.392166e+01  1.687858e+02
     vertex  2.569632e+01 -1.392166e+01  1.687858e+02
     vertex  2.555353e+01 -1.402164e+01  1.687858e+02
   endloop
 endfacet
 facet normal  0.000000e+00  0.000000e+00  1.000000e+00
   outer loop
     vertex  3.755353e+01 -1.402164e+01  1.687858e+02
     vertex  3.741075e+01 -1.392166e+01  1.687858e+02
     vertex  2.555353e+01 -1.402164e+01  1.687858e+02
   endloop
 endfacet
 facet normal  0.000000e+00  0.000000e+00  1.000000e+00
   outer loop
     vertex  3.718751e+01 -1.365562e+01  1.687858e+02
     vertex  2.591956e+01 -1.365562e+01  1.687858e+02
     vertex  2.581958e+01 -1.379840e+01  1.687858e+02
   endloop
 endfacet
 facet normal  0.000000e+00  0.000000e+00  1.000000e+00
   outer loop
     vertex  3.718751e+01 -1.365562e+01  1.687858e+02
     vertex  2.581958e+01 -1.379840e+01  1.687858e+02
     vertex  3.728749e+01 -1.379840e+01  1.687858e+02
   endloop
 endfacet
 facet normal  0.000000e+00  0.000000e+00  1.000000e+00
   outer loop
     vertex  2.418751e+01 -6.556161e-01  1.687858e+02
     vertex  2.065353e+01  9.443839e-01  1.687858e+02
     vertex  2.411384e+01 -8.135960e-01  1.687858e+02
   endloop
 endfacet
 facet normal -1.309531e-15  2.808299e-15  1.000000e+00
   outer loop
     vertex  2.555353e+01 -2.021642e+00  1.687858e+02
     vertex  2.539555e+01 -2.095309e+00  1.687858e+02
     vertex  2.539555e+01 -1.221592e+01  1.687858e+02
   endloop
 endfacet
 facet normal  1.290741e-15  2.768003e-15  1.000000e+00
   outer loop
     vertex  2.555353e+01 -2.021642e+00  1.687858e+02
     vertex  2.539555e+01 -1.221592e+01  1.687858e+02
     vertex  2.555353e+01 -1.228959e+01  1.687858e+02
   endloop
 endfacet
 facet normal  1.938176e-15  2.768003e-15  1.000000e+00
   outer loop
     vertex  2.555353e+01 -2.021642e+00  1.687858e+02
     vertex  2.555353e+01 -1.228959e+01  1.687858e+02
     vertex  2.569632e+01 -1.238957e+01  1.687858e+02
   endloop
 endfacet
 facet normal  0.000000e+00  0.000000e+00  1.000000e+00
   outer loop
     vertex  3.711384e+01 -1.349764e+01  1.687858e+02
     vertex  2.603834e+01 -1.332926e+01  1.687858e+02
     vertex  2.599323e+01 -1.349764e+01  1.687858e+02
   endloop
 endfacet
 facet normal  0.000000e+00  0.000000e+00  1.000000e+00
   outer loop
     vertex  3.711384e+01 -1.349764e+01  1.687858e+02
     vertex  2.599323e+01 -1.349764e+01  1.687858e+02
     vertex  2.591956e+01 -1.365562e+01  1.687858e+02
   endloop
 endfacet
 facet normal  0.000000e+00  0.000000e+00  1.000000e+00
   outer loop
     vertex  3.711384e+01 -1.349764e+01  1.687858e+02
     vertex  2.591956e+01 -1.365562e+01  1.687858e+02
     vertex  3.718751e+01 -1.365562e+01  1.687858e+02
   endloop
 endfacet
 facet normal  0.000000e+00  0.000000e+00  1.000000e+00
   outer loop
     vertex  3.771151e+01 -1.409531e+01  1.687858e+02
     vertex  2.555353e+01 -1.402164e+01  1.687858e+02
     vertex  2.539555e+01 -1.409531e+01  1.687858e+02
   endloop
 endfacet
 facet normal  0.000000e+00  0.000000e+00  1.000000e+00
   outer loop
     vertex  3.771151e+01 -1.409531e+01  1.687858e+02
     vertex  3.755353e+01 -1.402164e+01  1.687858e+02
     vertex  2.555353e+01 -1.402164e+01  1.687858e+02
   endloop
 endfacet
 facet normal  0.000000e+00  0.000000e+00  1.000000e+00
   outer loop
     vertex  3.787988e+01 -1.414042e+01  1.687858e+02
     vertex  3.771151e+01 -1.409531e+01  1.687858e+02
     vertex  2.539555e+01 -1.409531e+01  1.687858e+02
   endloop
 endfacet
 facet normal  0.000000e+00  0.000000e+00  1.000000e+00
   outer loop
     vertex  3.787988e+01 -1.414042e+01  1.687858e+02
     vertex  2.539555e+01 -1.409531e+01  1.687858e+02
     vertex  2.522718e+01 -1.414042e+01  1.687858e+02
   endloop
 endfacet
 facet normal  0.000000e+00  0.000000e+00  1.000000e+00
   outer loop
     vertex  3.706873e+01 -1.332926e+01  1.687858e+02
     vertex  2.603834e+01 -1.332926e+01  1.687858e+02
     vertex  3.711384e+01 -1.349764e+01  1.687858e+02
   endloop
 endfacet
 facet normal  0.000000e+00  0.000000e+00  1.000000e+00
   outer loop
     vertex  2.428749e+01 -5.128285e-01  1.687858e+02
     vertex  2.065353e+01  9.443839e-01  1.687858e+02
     vertex  2.418751e+01 -6.556161e-01  1.687858e+02
   endloop
 endfacet
 facet normal  2.715127e-15  2.715127e-15  1.000000e+00
   outer loop
     vertex  2.569632e+01 -1.921661e+00  1.687858e+02
     vertex  2.569632e+01 -1.238957e+01  1.687858e+02
     vertex  2.581958e+01 -1.251283e+01  1.687858e+02
   endloop
 endfacet
 facet normal -1.901152e-15  2.715127e-15  1.000000e+00
   outer loop
     vertex  2.569632e+01 -1.921661e+00  1.687858e+02
     vertex  2.555353e+01 -2.021642e+00  1.687858e+02
     vertex  2.569632e+01 -1.238957e+01  1.687858e+02
   endloop
 endfacet
 facet normal  0.000000e+00  0.000000e+00  1.000000e+00
   outer loop
     vertex  3.705353e+01 -1.315562e+01  1.687858e+02
     vertex  2.605353e+01 -1.315562e+01  1.687858e+02
     vertex  2.603834e+01 -1.332926e+01  1.687858e+02
   endloop
 endfacet
 facet normal  0.000000e+00  0.000000e+00  1.000000e+00
   outer loop
     vertex  3.705353e+01 -1.315562e+01  1.687858e+02
     vertex  2.603834e+01 -1.332926e+01  1.687858e+02
     vertex  3.706873e+01 -1.332926e+01  1.687858e+02
   endloop
 endfacet
 facet normal -2.652658e-15  2.652658e-15  1.000000e+00
   outer loop
     vertex  2.581958e+01 -1.798404e+00  1.687858e+02
     vertex  2.569632e+01 -1.921661e+00  1.687858e+02
     vertex  2.581958e+01 -1.251283e+01  1.687858e+02
   endloop
 endfacet
 facet normal  0.000000e+00  0.000000e+00  1.000000e+00
   outer loop
     vertex  2.441075e+01 -3.895717e-01  1.687858e+02
     vertex  2.065353e+01  9.443839e-01  1.687858e+02
     vertex  2.428749e+01 -5.128285e-01  1.687858e+02
   endloop
 endfacet
 facet normal  0.000000e+00  0.000000e+00  1.000000e+00
   outer loop
     vertex  3.706873e+01 -1.298197e+01  1.687858e+02
     vertex  2.605353e+01 -1.315562e+01  1.687858e+02
     vertex  3.705353e+01 -1.315562e+01  1.687858e+02
   endloop
 endfacet
 facet normal  0.000000e+00  0.000000e+00  1.000000e+00
   outer loop
     vertex  3.706873e+01 -1.298197e+01  1.687858e+02
     vertex  2.603834e+01 -1.298197e+01  1.687858e+02
     vertex  2.605353e+01 -1.315562e+01  1.687858e+02
   endloop
 endfacet
 facet normal  0.000000e+00  0.000000e+00  1.000000e+00
   outer loop
     vertex  2.455353e+01 -2.895907e-01  1.687858e+02
     vertex  2.065353e+01  9.443839e-01  1.687858e+02
     vertex  2.441075e+01 -3.895717e-01  1.687858e+02
   endloop
 endfacet
 facet normal  0.000000e+00  0.000000e+00  1.000000e+00
   outer loop
     vertex  3.711384e+01 -1.281360e+01  1.687858e+02
     vertex  2.599323e+01 -1.281360e+01  1.687858e+02
     vertex  2.603834e+01 -1.298197e+01  1.687858e+02
   endloop
 endfacet
 facet normal  0.000000e+00  0.000000e+00  1.000000e+00
   outer loop
     vertex  3.711384e+01 -1.281360e+01  1.687858e+02
     vertex  2.603834e+01 -1.298197e+01  1.687858e+02
     vertex  3.706873e+01 -1.298197e+01  1.687858e+02
   endloop
 endfacet
 facet normal  0.000000e+00  0.000000e+00  1.000000e+00
   outer loop
     vertex  2.471151e+01 -2.159235e-01  1.687858e+02
     vertex  2.065353e+01  9.443839e-01  1.687858e+02
     vertex  2.455353e+01 -2.895907e-01  1.687858e+02
   endloop
 endfacet
 facet normal  0.000000e+00  0.000000e+00  1.000000e+00
   outer loop
     vertex  3.718751e+01 -1.265562e+01  1.687858e+02
     vertex  2.591956e+01 -1.265562e+01  1.687858e+02
     vertex  2.599323e+01 -1.281360e+01  1.687858e+02
   endloop
 endfacet
 facet normal  0.000000e+00  0.000000e+00  1.000000e+00
   outer loop
     vertex  3.718751e+01 -1.265562e+01  1.687858e+02
     vertex  2.599323e+01 -1.281360e+01  1.687858e+02
     vertex  3.711384e+01 -1.281360e+01  1.687858e+02
   endloop
 endfacet
 facet normal  0.000000e+00  0.000000e+00  1.000000e+00
   outer loop
     vertex  2.487988e+01 -1.708084e-01  1.687858e+02
     vertex  2.065353e+01  9.443839e-01  1.687858e+02
     vertex  2.471151e+01 -2.159235e-01  1.687858e+02
   endloop
 endfacet
 facet normal  0.000000e+00  0.000000e+00  1.000000e+00
   outer loop
     vertex  3.728749e+01 -1.251283e+01  1.687858e+02
     vertex  2.581958e+01 -1.251283e+01  1.687858e+02
     vertex  2.591956e+01 -1.265562e+01  1.687858e+02
   endloop
 endfacet
 facet normal -4.108916e-31  2.652658e-15  1.000000e+00
   outer loop
     vertex  3.728749e+01 -1.251283e+01  1.687858e+02
     vertex  2.581958e+01 -1.798404e+00  1.687858e+02
     vertex  2.581958e+01 -1.251283e+01  1.687858e+02
   endloop
 endfacet
 facet normal  0.000000e+00  0.000000e+00  1.000000e+00
   outer loop
     vertex  3.728749e+01 -1.251283e+01  1.687858e+02
     vertex  2.591956e+01 -1.265562e+01  1.687858e+02
     vertex  3.718751e+01 -1.265562e+01  1.687858e+02
   endloop
 endfacet
 facet normal  0.000000e+00  0.000000e+00  1.000000e+00
   outer loop
     vertex  2.505353e+01 -1.556161e-01  1.687858e+02
     vertex  2.065353e+01  9.443839e-01  1.687858e+02
     vertex  2.487988e+01 -1.708084e-01  1.687858e+02
   endloop
 endfacet
 facet normal  0.000000e+00  0.000000e+00  1.000000e+00
   outer loop
     vertex  4.245353e+01 -1.525562e+01  1.687858e+02
     vertex  3.905353e+01 -1.315562e+01  1.687858e+02
     vertex  3.903834e+01 -1.332926e+01  1.687858e+02
   endloop
 endfacet
 facet normal  0.000000e+00  0.000000e+00  1.000000e+00
   outer loop
     vertex  4.245353e+01 -1.525562e+01  1.687858e+02
     vertex  3.903834e+01 -1.332926e+01  1.687858e+02
     vertex  3.899323e+01 -1.349764e+01  1.687858e+02
   endloop
 endfacet
 facet normal  0.000000e+00  0.000000e+00  1.000000e+00
   outer loop
     vertex  4.245353e+01 -1.525562e+01  1.687858e+02
     vertex  3.899323e+01 -1.349764e+01  1.687858e+02
     vertex  3.891956e+01 -1.365562e+01  1.687858e+02
   endloop
 endfacet
 facet normal  0.000000e+00  0.000000e+00  1.000000e+00
   outer loop
     vertex  4.245353e+01 -1.525562e+01  1.687858e+02
     vertex  3.891956e+01 -1.365562e+01  1.687858e+02
     vertex  3.881958e+01 -1.379840e+01  1.687858e+02
   endloop
 endfacet
 facet normal  0.000000e+00  0.000000e+00  1.000000e+00
   outer loop
     vertex  4.245353e+01 -1.525562e+01  1.687858e+02
     vertex  3.881958e+01 -1.379840e+01  1.687858e+02
     vertex  3.869632e+01 -1.392166e+01  1.687858e+02
   endloop
 endfacet
 facet normal  0.000000e+00  0.000000e+00  1.000000e+00
   outer loop
     vertex  4.245353e+01 -1.525562e+01  1.687858e+02
     vertex  3.869632e+01 -1.392166e+01  1.687858e+02
     vertex  3.855353e+01 -1.402164e+01  1.687858e+02
   endloop
 endfacet
 facet normal  0.000000e+00  0.000000e+00  1.000000e+00
   outer loop
     vertex  4.245353e+01 -1.525562e+01  1.687858e+02
     vertex  3.855353e+01 -1.402164e+01  1.687858e+02
     vertex  3.839555e+01 -1.409531e+01  1.687858e+02
   endloop
 endfacet
 facet normal  0.000000e+00  0.000000e+00  1.000000e+00
   outer loop
     vertex  4.245353e+01 -1.525562e+01  1.687858e+02
     vertex  3.839555e+01 -1.409531e+01  1.687858e+02
     vertex  3.822718e+01 -1.414042e+01  1.687858e+02
   endloop
 endfacet
 facet normal  0.000000e+00  0.000000e+00  1.000000e+00
   outer loop
     vertex  4.245353e+01 -1.525562e+01  1.687858e+02
     vertex  3.822718e+01 -1.414042e+01  1.687858e+02
     vertex  3.805353e+01 -1.415562e+01  1.687858e+02
   endloop
 endfacet
 facet normal  0.000000e+00  0.000000e+00  1.000000e+00
   outer loop
     vertex  4.245353e+01 -1.525562e+01  1.687858e+02
     vertex  3.805353e+01 -1.415562e+01  1.687858e+02
     vertex  3.787988e+01 -1.414042e+01  1.687858e+02
   endloop
 endfacet
 facet normal  0.000000e+00  0.000000e+00  1.000000e+00
   outer loop
     vertex  4.245353e+01 -1.525562e+01  1.687858e+02
     vertex  3.787988e+01 -1.414042e+01  1.687858e+02
     vertex  2.522718e+01 -1.414042e+01  1.687858e+02
   endloop
 endfacet
 facet normal  0.000000e+00  0.000000e+00  1.000000e+00
   outer loop
     vertex  4.245353e+01 -1.525562e+01  1.687858e+02
     vertex  3.881958e+01 -1.251283e+01  1.687858e+02
     vertex  3.891956e+01 -1.265562e+01  1.687858e+02
   endloop
 endfacet
 facet normal  0.000000e+00  0.000000e+00  1.000000e+00
   outer loop
     vertex  4.245353e+01 -1.525562e+01  1.687858e+02
     vertex  3.891956e+01 -1.265562e+01  1.687858e+02
     vertex  3.899323e+01 -1.281360e+01  1.687858e+02
   endloop
 endfacet
 facet normal  0.000000e+00  0.000000e+00  1.000000e+00
   outer loop
     vertex  4.245353e+01 -1.525562e+01  1.687858e+02
     vertex  3.899323e+01 -1.281360e+01  1.687858e+02
     vertex  3.903834e+01 -1.298197e+01  1.687858e+02
   endloop
 endfacet
 facet normal  0.000000e+00  0.000000e+00  1.000000e+00
   outer loop
     vertex  4.245353e+01 -1.525562e+01  1.687858e+02
     vertex  3.903834e+01 -1.298197e+01  1.687858e+02
     vertex  3.905353e+01 -1.315562e+01  1.687858e+02
   endloop
 endfacet
 facet normal  0.000000e+00  0.000000e+00  1.000000e+00
   outer loop
     vertex  4.245353e+01 -1.525562e+01  1.687858e+02
     vertex  2.522718e+01 -1.414042e+01  1.687858e+02
     vertex  2.065353e+01 -1.525562e+01  1.687858e+02
   endloop
 endfacet
 facet normal  2.715127e-15  2.715127e-15  1.000000e+00
   outer loop
     vertex  3.728749e+01 -1.798404e+00  1.687858e+02
     vertex  3.741075e+01 -1.238957e+01  1.687858e+02
     vertex  3.741075e+01 -1.921661e+00  1.687858e+02
   endloop
 endfacet
 facet normal -2.652658e-15  2.652658e-15  1.000000e+00
   outer loop
     vertex  3.728749e+01 -1.798404e+00  1.687858e+02
     vertex  3.728749e+01 -1.251283e+01  1.687858e+02
     vertex  3.741075e+01 -1.238957e+01  1.687858e+02
   endloop
 endfacet
 facet normal -2.568072e-31  2.652658e-15  1.000000e+00
   outer loop
     vertex  3.728749e+01 -1.798404e+00  1.687858e+02
     vertex  2.581958e+01 -1.798404e+00  1.687858e+02
     vertex  3.728749e+01 -1.251283e+01  1.687858e+02
   endloop
 endfacet
 facet normal  1.901152e-15  2.715127e-15  1.000000e+00
   outer loop
     vertex  3.755353e+01 -2.021642e+00  1.687858e+02
     vertex  3.741075e+01 -1.921661e+00  1.687858e+02
     vertex  3.741075e+01 -1.238957e+01  1.687858e+02
   endloop
 endfacet
 facet normal -1.938176e-15  2.768003e-15  1.000000e+00
   outer loop
     vertex  3.755353e+01 -2.021642e+00  1.687858e+02
     vertex  3.741075e+01 -1.238957e+01  1.687858e+02
     vertex  3.755353e+01 -1.228959e+01  1.687858e+02
   endloop
 endfacet
 facet normal  0.000000e+00  0.000000e+00  1.000000e+00
   outer loop
     vertex  3.718751e+01 -1.655616e+00  1.687858e+02
     vertex  2.581958e+01 -1.798404e+00  1.687858e+02
     vertex  3.728749e+01 -1.798404e+00  1.687858e+02
   endloop
 endfacet
 facet normal  0.000000e+00  0.000000e+00  1.000000e+00
   outer loop
     vertex  3.718751e+01 -1.655616e+00  1.687858e+02
     vertex  2.591956e+01 -1.655616e+00  1.687858e+02
     vertex  2.581958e+01 -1.798404e+00  1.687858e+02
   endloop
 endfacet
 facet normal  1.290741e-15  2.768003e-15  1.000000e+00
   outer loop
     vertex  3.771151e+01 -2.095309e+00  1.687858e+02
     vertex  3.755353e+01 -2.021642e+00  1.687858e+02
     vertex  3.755353e+01 -1.228959e+01  1.687858e+02
   endloop
 endfacet
 facet normal -1.309531e-15  2.808299e-15  1.000000e+00
   outer loop
     vertex  3.771151e+01 -2.095309e+00  1.687858e+02
     vertex  3.755353e+01 -1.228959e+01  1.687858e+02
     vertex  3.771151e+01 -1.221592e+01  1.687858e+02
   endloop
 endfacet
 facet normal -7.524814e-16  2.808299e-15  1.000000e+00
   outer loop
     vertex  3.771151e+01 -2.095309e+00  1.687858e+02
     vertex  3.771151e+01 -1.221592e+01  1.687858e+02
     vertex  3.787988e+01 -1.217081e+01  1.687858e+02
   endloop
 endfacet
 facet normal  0.000000e+00  0.000000e+00  1.000000e+00
   outer loop
     vertex  3.711384e+01 -1.497636e+00  1.687858e+02
     vertex  2.599323e+01 -1.497636e+00  1.687858e+02
     vertex  2.591956e+01 -1.655616e+00  1.687858e+02
   endloop
 endfacet
 facet normal  0.000000e+00  0.000000e+00  1.000000e+00
   outer loop
     vertex  3.711384e+01 -1.497636e+00  1.687858e+02
     vertex  2.591956e+01 -1.655616e+00  1.687858e+02
     vertex  3.718751e+01 -1.655616e+00  1.687858e+02
   endloop
 endfacet
 facet normal  0.000000e+00  0.000000e+00  1.000000e+00
   outer loop
     vertex  3.706873e+01 -1.329264e+00  1.687858e+02
     vertex  2.603834e+01 -1.329264e+00  1.687858e+02
     vertex  2.599323e+01 -1.497636e+00  1.687858e+02
   endloop
 endfacet
 facet normal  0.000000e+00  0.000000e+00  1.000000e+00
   outer loop
     vertex  3.706873e+01 -1.329264e+00  1.687858e+02
     vertex  2.599323e+01 -1.497636e+00  1.687858e+02
     vertex  3.711384e+01 -1.497636e+00  1.687858e+02
   endloop
 endfacet
 facet normal  7.592505e-16  2.833561e-15  1.000000e+00
   outer loop
     vertex  3.787988e+01 -2.140424e+00  1.687858e+02
     vertex  3.771151e+01 -2.095309e+00  1.687858e+02
     vertex  3.787988e+01 -1.217081e+01  1.687858e+02
   endloop
 endfacet
 facet normal  0.000000e+00  0.000000e+00  1.000000e+00
   outer loop
     vertex  3.705353e+01 -1.155616e+00  1.687858e+02
     vertex  2.603834e+01 -9.819680e-01  1.687858e+02
     vertex  2.605353e+01 -1.155616e+00  1.687858e+02
   endloop
 endfacet
 facet normal  0.000000e+00  0.000000e+00  1.000000e+00
   outer loop
     vertex  3.705353e+01 -1.155616e+00  1.687858e+02
     vertex  2.605353e+01 -1.155616e+00  1.687858e+02
     vertex  2.603834e+01 -1.329264e+00  1.687858e+02
   endloop
 endfacet
 facet normal  0.000000e+00  0.000000e+00  1.000000e+00
   outer loop
     vertex  3.705353e+01 -1.155616e+00  1.687858e+02
     vertex  2.603834e+01 -1.329264e+00  1.687858e+02
     vertex  3.706873e+01 -1.329264e+00  1.687858e+02
   endloop
 endfacet
 facet normal -2.486577e-16  2.842171e-15  1.000000e+00
   outer loop
     vertex  3.805353e+01 -2.155616e+00  1.687858e+02
     vertex  3.787988e+01 -1.217081e+01  1.687858e+02
     vertex  3.805353e+01 -1.215562e+01  1.687858e+02
   endloop
 endfacet
 facet normal  2.479045e-16  2.833561e-15  1.000000e+00
   outer loop
     vertex  3.805353e+01 -2.155616e+00  1.687858e+02
     vertex  3.787988e+01 -2.140424e+00  1.687858e+02
     vertex  3.787988e+01 -1.217081e+01  1.687858e+02
   endloop
 endfacet
 facet normal  0.000000e+00  0.000000e+00  1.000000e+00
   outer loop
     vertex  3.706873e+01 -9.819680e-01  1.687858e+02
     vertex  2.603834e+01 -9.819680e-01  1.687858e+02
     vertex  3.705353e+01 -1.155616e+00  1.687858e+02
   endloop
 endfacet
 facet normal -2.486577e-16  2.842171e-15  1.000000e+00
   outer loop
     vertex  3.822718e+01 -2.140424e+00  1.687858e+02
     vertex  3.805353e+01 -2.155616e+00  1.687858e+02
     vertex  3.805353e+01 -1.215562e+01  1.687858e+02
   endloop
 endfacet
 facet normal  2.479045e-16  2.833561e-15  1.000000e+00
   outer loop
     vertex  3.822718e+01 -2.140424e+00  1.687858e+02
     vertex  3.805353e+01 -1.215562e+01  1.687858e+02
     vertex  3.822718e+01 -1.217081e+01  1.687858e+02
   endloop
 endfacet
 facet normal  7.592505e-16  2.833561e-15  1.000000e+00
   outer loop
     vertex  3.822718e+01 -2.140424e+00  1.687858e+02
     vertex  3.822718e+01 -1.217081e+01  1.687858e+02
     vertex  3.839555e+01 -1.221592e+01  1.687858e+02
   endloop
 endfacet
 facet normal -7.524814e-16  2.808299e-15  1.000000e+00
   outer loop
     vertex  3.839555e+01 -2.095309e+00  1.687858e+02
     vertex  3.822718e+01 -2.140424e+00  1.687858e+02
     vertex  3.839555e+01 -1.221592e+01  1.687858e+02
   endloop
 endfacet
 facet normal  0.000000e+00  0.000000e+00  1.000000e+00
   outer loop
     vertex  3.711384e+01 -8.135960e-01  1.687858e+02
     vertex  2.599323e+01 -8.135960e-01  1.687858e+02
     vertex  2.603834e+01 -9.819680e-01  1.687858e+02
   endloop
 endfacet
 facet normal  0.000000e+00  0.000000e+00  1.000000e+00
   outer loop
     vertex  3.711384e+01 -8.135960e-01  1.687858e+02
     vertex  2.603834e+01 -9.819680e-01  1.687858e+02
     vertex  3.706873e+01 -9.819680e-01  1.687858e+02
   endloop
 endfacet
 facet normal  0.000000e+00  0.000000e+00  1.000000e+00
   outer loop
     vertex  3.718751e+01 -6.556161e-01  1.687858e+02
     vertex  2.591956e+01 -6.556161e-01  1.687858e+02
     vertex  2.599323e+01 -8.135960e-01  1.687858e+02
   endloop
 endfacet
 facet normal  0.000000e+00  0.000000e+00  1.000000e+00
   outer loop
     vertex  3.718751e+01 -6.556161e-01  1.687858e+02
     vertex  2.599323e+01 -8.135960e-01  1.687858e+02
     vertex  3.711384e+01 -8.135960e-01  1.687858e+02
   endloop
 endfacet
 facet normal  1.290741e-15  2.768003e-15  1.000000e+00
   outer loop
     vertex  3.855353e+01 -2.021642e+00  1.687858e+02
     vertex  3.839555e+01 -1.221592e+01  1.687858e+02
     vertex  3.855353e+01 -1.228959e+01  1.687858e+02
   endloop
 endfacet
 facet normal -1.309531e-15  2.808299e-15  1.000000e+00
   outer loop
     vertex  3.855353e+01 -2.021642e+00  1.687858e+02
     vertex  3.839555e+01 -2.095309e+00  1.687858e+02
     vertex  3.839555e+01 -1.221592e+01  1.687858e+02
   endloop
 endfacet
 facet normal  0.000000e+00  0.000000e+00  1.000000e+00
   outer loop
     vertex  3.728749e+01 -5.128285e-01  1.687858e+02
     vertex  2.581958e+01 -5.128285e-01  1.687858e+02
     vertex  2.591956e+01 -6.556161e-01  1.687858e+02
   endloop
 endfacet
 facet normal  0.000000e+00  0.000000e+00  1.000000e+00
   outer loop
     vertex  3.728749e+01 -5.128285e-01  1.687858e+02
     vertex  2.591956e+01 -6.556161e-01  1.687858e+02
     vertex  3.718751e+01 -6.556161e-01  1.687858e+02
   endloop
 endfacet
 facet normal -1.938176e-15  2.768003e-15  1.000000e+00
   outer loop
     vertex  3.869632e+01 -1.921661e+00  1.687858e+02
     vertex  3.855353e+01 -2.021642e+00  1.687858e+02
     vertex  3.855353e+01 -1.228959e+01  1.687858e+02
   endloop
 endfacet
 facet normal  1.901152e-15  2.715127e-15  1.000000e+00
   outer loop
     vertex  3.869632e+01 -1.921661e+00  1.687858e+02
     vertex  3.855353e+01 -1.228959e+01  1.687858e+02
     vertex  3.869632e+01 -1.238957e+01  1.687858e+02
   endloop
 endfacet
 facet normal  2.715127e-15  2.715127e-15  1.000000e+00
   outer loop
     vertex  3.869632e+01 -1.921661e+00  1.687858e+02
     vertex  3.869632e+01 -1.238957e+01  1.687858e+02
     vertex  3.881958e+01 -1.251283e+01  1.687858e+02
   endloop
 endfacet
 facet normal  0.000000e+00  0.000000e+00  1.000000e+00
   outer loop
     vertex  3.741075e+01 -3.895717e-01  1.687858e+02
     vertex  2.581958e+01 -5.128285e-01  1.687858e+02
     vertex  3.728749e+01 -5.128285e-01  1.687858e+02
   endloop
 endfacet
 facet normal  0.000000e+00  0.000000e+00  1.000000e+00
   outer loop
     vertex  3.741075e+01 -3.895717e-01  1.687858e+02
     vertex  2.555353e+01 -2.895907e-01  1.687858e+02
     vertex  2.569632e+01 -3.895717e-01  1.687858e+02
   endloop
 endfacet
 facet normal  0.000000e+00  0.000000e+00  1.000000e+00
   outer loop
     vertex  3.741075e+01 -3.895717e-01  1.687858e+02
     vertex  2.569632e+01 -3.895717e-01  1.687858e+02
     vertex  2.581958e+01 -5.128285e-01  1.687858e+02
   endloop
 endfacet
 facet normal -2.652658e-15  2.652658e-15  1.000000e+00
   outer loop
     vertex  3.881958e+01 -1.798404e+00  1.687858e+02
     vertex  3.869632e+01 -1.921661e+00  1.687858e+02
     vertex  3.881958e+01 -1.251283e+01  1.687858e+02
   endloop
 endfacet
 facet normal  0.000000e+00  0.000000e+00  1.000000e+00
   outer loop
     vertex  3.755353e+01 -2.895907e-01  1.687858e+02
     vertex  2.555353e+01 -2.895907e-01  1.687858e+02
     vertex  3.741075e+01 -3.895717e-01  1.687858e+02
   endloop
 endfacet
 facet normal -2.002138e-15  2.652658e-15  1.000000e+00
   outer loop
     vertex  4.245353e+01  9.443839e-01  1.687858e+02
     vertex  3.881958e+01 -1.798404e+00  1.687858e+02
     vertex  3.881958e+01 -1.251283e+01  1.687858e+02
   endloop
 endfacet
 facet normal  0.000000e+00  0.000000e+00  1.000000e+00
   outer loop
     vertex  4.245353e+01  9.443839e-01  1.687858e+02
     vertex  3.905353e+01 -1.155616e+00  1.687858e+02
     vertex  3.903834e+01 -1.329264e+00  1.687858e+02
   endloop
 endfacet
 facet normal  0.000000e+00  0.000000e+00  1.000000e+00
   outer loop
     vertex  4.245353e+01  9.443839e-01  1.687858e+02
     vertex  3.903834e+01 -1.329264e+00  1.687858e+02
     vertex  3.899323e+01 -1.497636e+00  1.687858e+02
   endloop
 endfacet
 facet normal  0.000000e+00  0.000000e+00  1.000000e+00
   outer loop
     vertex  4.245353e+01  9.443839e-01  1.687858e+02
     vertex  3.899323e+01 -1.497636e+00  1.687858e+02
     vertex  3.891956e+01 -1.655616e+00  1.687858e+02
   endloop
 endfacet
 facet normal  0.000000e+00  0.000000e+00  1.000000e+00
   outer loop
     vertex  4.245353e+01  9.443839e-01  1.687858e+02
     vertex  3.891956e+01 -1.655616e+00  1.687858e+02
     vertex  3.881958e+01 -1.798404e+00  1.687858e+02
   endloop
 endfacet
 facet normal  0.000000e+00  0.000000e+00  1.000000e+00
   outer loop
     vertex  4.245353e+01  9.443839e-01  1.687858e+02
     vertex  3.805353e+01 -1.556161e-01  1.687858e+02
     vertex  3.822718e+01 -1.708084e-01  1.687858e+02
   endloop
 endfacet
 facet normal  0.000000e+00  0.000000e+00  1.000000e+00
   outer loop
     vertex  4.245353e+01  9.443839e-01  1.687858e+02
     vertex  3.822718e+01 -1.708084e-01  1.687858e+02
     vertex  3.839555e+01 -2.159235e-01  1.687858e+02
   endloop
 endfacet
 facet normal  0.000000e+00  0.000000e+00  1.000000e+00
   outer loop
     vertex  4.245353e+01  9.443839e-01  1.687858e+02
     vertex  3.839555e+01 -2.159235e-01  1.687858e+02
     vertex  3.855353e+01 -2.895907e-01  1.687858e+02
   endloop
 endfacet
 facet normal  0.000000e+00  0.000000e+00  1.000000e+00
   outer loop
     vertex  4.245353e+01  9.443839e-01  1.687858e+02
     vertex  3.855353e+01 -2.895907e-01  1.687858e+02
     vertex  3.869632e+01 -3.895717e-01  1.687858e+02
   endloop
 endfacet
 facet normal  0.000000e+00  0.000000e+00  1.000000e+00
   outer loop
     vertex  4.245353e+01  9.443839e-01  1.687858e+02
     vertex  3.869632e+01 -3.895717e-01  1.687858e+02
     vertex  3.881958e+01 -5.128285e-01  1.687858e+02
   endloop
 endfacet
 facet normal  0.000000e+00  0.000000e+00  1.000000e+00
   outer loop
     vertex  4.245353e+01  9.443839e-01  1.687858e+02
     vertex  3.881958e+01 -5.128285e-01  1.687858e+02
     vertex  3.891956e+01 -6.556161e-01  1.687858e+02
   endloop
 endfacet
 facet normal  0.000000e+00  0.000000e+00  1.000000e+00
   outer loop
     vertex  4.245353e+01  9.443839e-01  1.687858e+02
     vertex  3.891956e+01 -6.556161e-01  1.687858e+02
     vertex  3.899323e+01 -8.135960e-01  1.687858e+02
   endloop
 endfacet
 facet normal  0.000000e+00  0.000000e+00  1.000000e+00
   outer loop
     vertex  4.245353e+01  9.443839e-01  1.687858e+02
     vertex  3.899323e+01 -8.135960e-01  1.687858e+02
     vertex  3.903834e+01 -9.819680e-01  1.687858e+02
   endloop
 endfacet
 facet normal  0.000000e+00  0.000000e+00  1.000000e+00
   outer loop
     vertex  4.245353e+01  9.443839e-01  1.687858e+02
     vertex  3.903834e+01 -9.819680e-01  1.687858e+02
     vertex  3.905353e+01 -1.155616e+00  1.687858e+02
   endloop
 endfacet
 facet normal  1.324182e-15  1.754427e-15  1.000000e+00
   outer loop
     vertex  4.245353e+01  9.443839e-01  1.687858e+02
     vertex  3.881958e+01 -1.251283e+01  1.687858e+02
     vertex  4.245353e+01 -1.525562e+01  1.687858e+02
   endloop
 endfacet
 facet normal  0.000000e+00  0.000000e+00  1.000000e+00
   outer loop
     vertex  4.245353e+01  9.443839e-01  1.687858e+02
     vertex  2.065353e+01  9.443839e-01  1.687858e+02
     vertex  2.505353e+01 -1.556161e-01  1.687858e+02
   endloop
 endfacet
 facet normal  0.000000e+00  0.000000e+00  1.000000e+00
   outer loop
     vertex  4.245353e+01  9.443839e-01  1.687858e+02
     vertex  2.505353e+01 -1.556161e-01  1.687858e+02
     vertex  2.522718e+01 -1.708084e-01  1.687858e+02
   endloop
 endfacet
 facet normal  0.000000e+00  0.000000e+00  1.000000e+00
   outer loop
     vertex  4.245353e+01  9.443839e-01  1.687858e+02
     vertex  2.522718e+01 -1.708084e-01  1.687858e+02
     vertex  2.539555e+01 -2.159235e-01  1.687858e+02
   endloop
 endfacet
 facet normal  0.000000e+00  0.000000e+00  1.000000e+00
   outer loop
     vertex  4.245353e+01  9.443839e-01  1.687858e+02
     vertex  2.539555e+01 -2.159235e-01  1.687858e+02
     vertex  2.555353e+01 -2.895907e-01  1.687858e+02
   endloop
 endfacet
 facet normal  0.000000e+00  0.000000e+00  1.000000e+00
   outer loop
     vertex  4.245353e+01  9.443839e-01  1.687858e+02
     vertex  2.555353e+01 -2.895907e-01  1.687858e+02
     vertex  3.805353e+01 -1.556161e-01  1.687858e+02
   endloop
 endfacet
 facet normal  0.000000e+00  0.000000e+00  1.000000e+00
   outer loop
     vertex  3.805353e+01 -1.556161e-01  1.687858e+02
     vertex  2.555353e+01 -2.895907e-01  1.687858e+02
     vertex  3.787988e+01 -1.708084e-01  1.687858e+02
   endloop
 endfacet
 facet normal  0.000000e+00  0.000000e+00  1.000000e+00
   outer loop
     vertex  3.787988e+01 -1.708084e-01  1.687858e+02
     vertex  2.555353e+01 -2.895907e-01  1.687858e+02
     vertex  3.771151e+01 -2.159235e-01  1.687858e+02
   endloop
 endfacet
 facet normal  0.000000e+00  0.000000e+00  1.000000e+00
   outer loop
     vertex  3.771151e+01 -2.159235e-01  1.687858e+02
     vertex  2.555353e+01 -2.895907e-01  1.687858e+02
     vertex  3.755353e+01 -2.895907e-01  1.687858e+02
   endloop
 endfacet
 facet normal -9.961989e-01 -8.710716e-02  3.400575e-06
   outer loop
     vertex  2.605353e+01 -1.315562e+01  1.687858e+02
     vertex  2.603834e+01 -1.298197e+01  1.662859e+02
     vertex  2.605352e+01 -1.315562e+01  1.662858e+02
   endloop
 endfacet
 facet normal -9.659258e-01 -2.588190e-01  1.039112e-12
   outer loop
     vertex  2.603834e+01 -1.298197e+01  1.687858e+02
     vertex  2.599323e+01 -1.281360e+01  1.662859e+02
     vertex  2.603834e+01 -1.298197e+01  1.662859e+02
   endloop
 endfacet
 facet normal -9.961947e-01 -8.715574e-02 -1.038319e-12
   outer loop
     vertex  2.603834e+01 -1.298197e+01  1.687858e+02
     vertex  2.603834e+01 -1.298197e+01  1.662859e+02
     vertex  2.605353e+01 -1.315562e+01  1.687858e+02
   endloop
 endfacet
 facet normal -9.063078e-01 -4.226183e-01  2.078481e-12
   outer loop
     vertex  2.599323e+01 -1.281360e+01  1.687858e+02
     vertex  2.591956e+01 -1.265562e+01  1.662859e+02
     vertex  2.599323e+01 -1.281360e+01  1.662859e+02
   endloop
 endfacet
 facet normal -9.659258e-01 -2.588190e-01 -2.075850e-12
   outer loop
     vertex  2.599323e+01 -1.281360e+01  1.687858e+02
     vertex  2.599323e+01 -1.281360e+01  1.662859e+02
     vertex  2.603834e+01 -1.298197e+01  1.687858e+02
   endloop
 endfacet
 facet normal -8.191520e-01 -5.735764e-01  3.116738e-12
   outer loop
     vertex  2.591956e+01 -1.265562e+01  1.687858e+02
     vertex  2.581958e+01 -1.251283e+01  1.662859e+02
     vertex  2.591956e+01 -1.265562e+01  1.662859e+02
   endloop
 endfacet
 facet normal -9.063078e-01 -4.226183e-01 -3.114619e-12
   outer loop
     vertex  2.591956e+01 -1.265562e+01  1.687858e+02
     vertex  2.591956e+01 -1.265562e+01  1.662859e+02
     vertex  2.599323e+01 -1.281360e+01  1.687858e+02
   endloop
 endfacet
 facet normal -7.071068e-01 -7.071068e-01  4.154155e-12
   outer loop
     vertex  2.581958e+01 -1.251283e+01  1.687858e+02
     vertex  2.569632e+01 -1.238957e+01  1.662859e+02
     vertex  2.581958e+01 -1.251283e+01  1.662859e+02
   endloop
 endfacet
 facet normal -8.191520e-01 -5.735764e-01 -4.154183e-12
   outer loop
     vertex  2.581958e+01 -1.251283e+01  1.687858e+02
     vertex  2.581958e+01 -1.251283e+01  1.662859e+02
     vertex  2.591956e+01 -1.265562e+01  1.687858e+02
   endloop
 endfacet
 facet normal -5.735764e-01 -8.191520e-01  5.193457e-12
   outer loop
     vertex  2.569632e+01 -1.238957e+01  1.687858e+02
     vertex  2.555353e+01 -1.228959e+01  1.662859e+02
     vertex  2.569632e+01 -1.238957e+01  1.662859e+02
   endloop
 endfacet
 facet normal -7.071068e-01 -7.071068e-01 -5.191689e-12
   outer loop
     vertex  2.569632e+01 -1.238957e+01  1.687858e+02
     vertex  2.569632e+01 -1.238957e+01  1.662859e+02
     vertex  2.581958e+01 -1.251283e+01  1.687858e+02
   endloop
 endfacet
 facet normal -4.226183e-01 -9.063078e-01  6.232327e-12
   outer loop
     vertex  2.555353e+01 -1.228959e+01  1.687858e+02
     vertex  2.539555e+01 -1.221592e+01  1.662859e+02
     vertex  2.555353e+01 -1.228959e+01  1.662859e+02
   endloop
 endfacet
 facet normal -5.735764e-01 -8.191520e-01 -6.229867e-12
   outer loop
     vertex  2.555353e+01 -1.228959e+01  1.687858e+02
     vertex  2.555353e+01 -1.228959e+01  1.662859e+02
     vertex  2.569632e+01 -1.238957e+01  1.687858e+02
   endloop
 endfacet
 facet normal -2.588190e-01 -9.659258e-01  7.271205e-12
   outer loop
     vertex  2.539555e+01 -1.221592e+01  1.687858e+02
     vertex  2.522718e+01 -1.217081e+01  1.662859e+02
     vertex  2.539555e+01 -1.221592e+01  1.662859e+02
   endloop
 endfacet
 facet normal -4.226183e-01 -9.063078e-01 -7.267709e-12
   outer loop
     vertex  2.539555e+01 -1.221592e+01  1.687858e+02
     vertex  2.539555e+01 -1.221592e+01  1.662859e+02
     vertex  2.555353e+01 -1.228959e+01  1.687858e+02
   endloop
 endfacet
 facet normal -8.715574e-02 -9.961947e-01  8.309117e-12
   outer loop
     vertex  2.522718e+01 -1.217081e+01  1.687858e+02
     vertex  2.505353e+01 -1.215562e+01  1.662859e+02
     vertex  2.522718e+01 -1.217081e+01  1.662859e+02
   endloop
 endfacet
 facet normal -2.588190e-01 -9.659258e-01 -8.306695e-12
   outer loop
     vertex  2.522718e+01 -1.217081e+01  1.687858e+02
     vertex  2.522718e+01 -1.217081e+01  1.662859e+02
     vertex  2.539555e+01 -1.221592e+01  1.687858e+02
   endloop
 endfacet
 facet normal  8.715574e-02 -9.961947e-01  9.347846e-12
   outer loop
     vertex  2.505353e+01 -1.215562e+01  1.687858e+02
     vertex  2.487988e+01 -1.217081e+01  1.662859e+02
     vertex  2.505353e+01 -1.215562e+01  1.662859e+02
   endloop
 endfacet
 facet normal -8.715574e-02 -9.961947e-01 -9.345014e-12
   outer loop
     vertex  2.505353e+01 -1.215562e+01  1.687858e+02
     vertex  2.505353e+01 -1.215562e+01  1.662859e+02
     vertex  2.522718e+01 -1.217081e+01  1.687858e+02
   endloop
 endfacet
 facet normal  2.588190e-01 -9.659258e-01  1.038619e-11
   outer loop
     vertex  2.487988e+01 -1.217081e+01  1.687858e+02
     vertex  2.471151e+01 -1.221592e+01  1.662859e+02
     vertex  2.487988e+01 -1.217081e+01  1.662859e+02
   endloop
 endfacet
 facet normal  8.715574e-02 -9.961947e-01 -1.038342e-11
   outer loop
     vertex  2.487988e+01 -1.217081e+01  1.687858e+02
     vertex  2.487988e+01 -1.217081e+01  1.662859e+02
     vertex  2.505353e+01 -1.215562e+01  1.687858e+02
   endloop
 endfacet
 facet normal  4.226183e-01 -9.063078e-01  1.142484e-11
   outer loop
     vertex  2.471151e+01 -1.221592e+01  1.687858e+02
     vertex  2.455353e+01 -1.228959e+01  1.662859e+02
     vertex  2.471151e+01 -1.221592e+01  1.662859e+02
   endloop
 endfacet
 facet normal  2.588190e-01 -9.659258e-01 -1.142163e-11
   outer loop
     vertex  2.471151e+01 -1.221592e+01  1.687858e+02
     vertex  2.471151e+01 -1.221592e+01  1.662859e+02
     vertex  2.487988e+01 -1.217081e+01  1.687858e+02
   endloop
 endfacet
 facet normal  5.735764e-01 -8.191520e-01  1.246253e-11
   outer loop
     vertex  2.455353e+01 -1.228959e+01  1.687858e+02
     vertex  2.441075e+01 -1.238957e+01  1.662859e+02
     vertex  2.455353e+01 -1.228959e+01  1.662859e+02
   endloop
 endfacet
 facet normal  4.226183e-01 -9.063078e-01 -1.246066e-11
   outer loop
     vertex  2.455353e+01 -1.228959e+01  1.687858e+02
     vertex  2.455353e+01 -1.228959e+01  1.662859e+02
     vertex  2.471151e+01 -1.221592e+01  1.687858e+02
   endloop
 endfacet
 facet normal  7.071068e-01 -7.071068e-01  1.350100e-11
   outer loop
     vertex  2.441075e+01 -1.238957e+01  1.687858e+02
     vertex  2.428749e+01 -1.251283e+01  1.662859e+02
     vertex  2.441075e+01 -1.238957e+01  1.662859e+02
   endloop
 endfacet
 facet normal  5.735764e-01 -8.191520e-01 -1.349926e-11
   outer loop
     vertex  2.441075e+01 -1.238957e+01  1.687858e+02
     vertex  2.441075e+01 -1.238957e+01  1.662859e+02
     vertex  2.455353e+01 -1.228959e+01  1.687858e+02
   endloop
 endfacet
 facet normal  8.191520e-01 -5.735764e-01  1.453970e-11
   outer loop
     vertex  2.428749e+01 -1.251283e+01  1.687858e+02
     vertex  2.418751e+01 -1.265562e+01  1.662859e+02
     vertex  2.428749e+01 -1.251283e+01  1.662859e+02
   endloop
 endfacet
 facet normal  7.071068e-01 -7.071068e-01 -1.453753e-11
   outer loop
     vertex  2.428749e+01 -1.251283e+01  1.687858e+02
     vertex  2.428749e+01 -1.251283e+01  1.662859e+02
     vertex  2.441075e+01 -1.238957e+01  1.687858e+02
   endloop
 endfacet
 facet normal  8.191520e-01 -5.735764e-01 -1.557548e-11
   outer loop
     vertex  2.418751e+01 -1.265562e+01  1.687858e+02
     vertex  2.418751e+01 -1.265562e+01  1.662859e+02
     vertex  2.428749e+01 -1.251283e+01  1.687858e+02
   endloop
 endfacet
 facet normal  9.063078e-01 -4.226183e-01  1.557871e-11
   outer loop
     vertex  2.418751e+01 -1.265562e+01  1.687858e+02
     vertex  2.411384e+01 -1.281360e+01  1.662859e+02
     vertex  2.418751e+01 -1.265562e+01  1.662859e+02
   endloop
 endfacet
 facet normal  9.063078e-01 -4.226183e-01 -1.661536e-11
   outer loop
     vertex  2.411384e+01 -1.281360e+01  1.687858e+02
     vertex  2.411384e+01 -1.281360e+01  1.662859e+02
     vertex  2.418751e+01 -1.265562e+01  1.687858e+02
   endloop
 endfacet
 facet normal  9.659258e-01 -2.588190e-01  1.661561e-11
   outer loop
     vertex  2.411384e+01 -1.281360e+01  1.687858e+02
     vertex  2.406873e+01 -1.298197e+01  1.662859e+02
     vertex  2.411384e+01 -1.281360e+01  1.662859e+02
   endloop
 endfacet
 facet normal  9.659258e-01 -2.588190e-01 -1.765378e-11
   outer loop
     vertex  2.406873e+01 -1.298197e+01  1.687858e+02
     vertex  2.406873e+01 -1.298197e+01  1.662859e+02
     vertex  2.411384e+01 -1.281360e+01  1.687858e+02
   endloop
 endfacet
 facet normal  9.961989e-01 -8.710716e-02  1.766406e-11
   outer loop
     vertex  2.406873e+01 -1.298197e+01  1.687858e+02
     vertex  2.405354e+01 -1.315562e+01  1.662858e+02
     vertex  2.406873e+01 -1.298197e+01  1.662859e+02
   endloop
 endfacet
 facet normal  9.961947e-01 -8.715574e-02  3.400544e-06
   outer loop
     vertex  2.405353e+01 -1.315562e+01  1.687858e+02
     vertex  2.405354e+01 -1.315562e+01  1.662858e+02
     vertex  2.406873e+01 -1.298197e+01  1.687858e+02
   endloop
 endfacet
 facet normal -9.961947e-01 -8.715574e-02 -8.308417e-15
   outer loop
     vertex  3.905353e+01 -1.315562e+01  1.687858e+02
     vertex  3.903834e+01 -1.298197e+01  1.662859e+02
     vertex  3.905353e+01 -1.315562e+01  1.662859e+02
   endloop
 endfacet
 facet normal -9.659258e-01 -2.588190e-01  9.195248e-16
   outer loop
     vertex  3.903834e+01 -1.298197e+01  1.687858e+02
     vertex  3.899323e+01 -1.281360e+01  1.662859e+02
     vertex  3.903834e+01 -1.298197e+01  1.662859e+02
   endloop
 endfacet
 facet normal -9.961947e-01 -8.715574e-02  3.096444e-16
   outer loop
     vertex  3.903834e+01 -1.298197e+01  1.687858e+02
     vertex  3.903834e+01 -1.298197e+01  1.662859e+02
     vertex  3.905353e+01 -1.315562e+01  1.687858e+02
   endloop
 endfacet
 facet normal -9.063078e-01 -4.226183e-01 -1.074457e-15
   outer loop
     vertex  3.899323e+01 -1.281360e+01  1.687858e+02
     vertex  3.891956e+01 -1.265562e+01  1.662859e+02
     vertex  3.899323e+01 -1.281360e+01  1.662859e+02
   endloop
 endfacet
 facet normal -9.659258e-01 -2.588190e-01 -1.825846e-15
   outer loop
     vertex  3.899323e+01 -1.281360e+01  1.687858e+02
     vertex  3.899323e+01 -1.281360e+01  1.662859e+02
     vertex  3.903834e+01 -1.298197e+01  1.687858e+02
   endloop
 endfacet
 facet normal -8.191520e-01 -5.735764e-01  2.037786e-15
   outer loop
     vertex  3.891956e+01 -1.265562e+01  1.687858e+02
     vertex  3.881958e+01 -1.251283e+01  1.662859e+02
     vertex  3.891956e+01 -1.265562e+01  1.662859e+02
   endloop
 endfacet
 facet normal -9.063078e-01 -4.226183e-01  1.501466e-15
   outer loop
     vertex  3.891956e+01 -1.265562e+01  1.687858e+02
     vertex  3.891956e+01 -1.265562e+01  1.662859e+02
     vertex  3.899323e+01 -1.281360e+01  1.687858e+02
   endloop
 endfacet
 facet normal -7.071068e-01 -7.071068e-01  2.009751e-15
   outer loop
     vertex  3.881958e+01 -1.251283e+01  1.687858e+02
     vertex  3.869632e+01 -1.238957e+01  1.662859e+02
     vertex  3.881958e+01 -1.251283e+01  1.662859e+02
   endloop
 endfacet
 facet normal -8.191520e-01 -5.735764e-01  1.630229e-15
   outer loop
     vertex  3.881958e+01 -1.251283e+01  1.687858e+02
     vertex  3.881958e+01 -1.251283e+01  1.662859e+02
     vertex  3.891956e+01 -1.265562e+01  1.687858e+02
   endloop
 endfacet
 facet normal -5.735764e-01 -8.191520e-01  6.979791e-16
   outer loop
     vertex  3.869632e+01 -1.238957e+01  1.687858e+02
     vertex  3.855353e+01 -1.228959e+01  1.662859e+02
     vertex  3.869632e+01 -1.238957e+01  1.662859e+02
   endloop
 endfacet
 facet normal -7.071068e-01 -7.071068e-01  5.792838e-29
   outer loop
     vertex  3.869632e+01 -1.238957e+01  1.687858e+02
     vertex  3.869632e+01 -1.238957e+01  1.662859e+02
     vertex  3.881958e+01 -1.251283e+01  1.687858e+02
   endloop
 endfacet
 facet normal -4.226183e-01 -9.063078e-01  2.575923e-15
   outer loop
     vertex  3.855353e+01 -1.228959e+01  1.687858e+02
     vertex  3.839555e+01 -1.221592e+01  1.662859e+02
     vertex  3.855353e+01 -1.228959e+01  1.662859e+02
   endloop
 endfacet
 facet normal -5.735764e-01 -8.191520e-01  2.328208e-15
   outer loop
     vertex  3.855353e+01 -1.228959e+01  1.687858e+02
     vertex  3.855353e+01 -1.228959e+01  1.662859e+02
     vertex  3.869632e+01 -1.238957e+01  1.687858e+02
   endloop
 endfacet
 facet normal -2.588190e-01 -9.659258e-01  2.745371e-15
   outer loop
     vertex  3.839555e+01 -1.221592e+01  1.687858e+02
     vertex  3.822718e+01 -1.217081e+01  1.662859e+02
     vertex  3.839555e+01 -1.221592e+01  1.662859e+02
   endloop
 endfacet
 facet normal -4.226183e-01 -9.063078e-01  2.575923e-15
   outer loop
     vertex  3.839555e+01 -1.221592e+01  1.687858e+02
     vertex  3.839555e+01 -1.221592e+01  1.662859e+02
     vertex  3.855353e+01 -1.228959e+01  1.687858e+02
   endloop
 endfacet
 facet normal -8.715574e-02 -9.961947e-01  1.875835e-15
   outer loop
     vertex  3.822718e+01 -1.217081e+01  1.687858e+02
     vertex  3.805353e+01 -1.215562e+01  1.662859e+02
     vertex  3.822718e+01 -1.217081e+01  1.662859e+02
   endloop
 endfacet
 facet normal -2.588190e-01 -9.659258e-01  1.323408e-15
   outer loop
     vertex  3.822718e+01 -1.217081e+01  1.687858e+02
     vertex  3.822718e+01 -1.217081e+01  1.662859e+02
     vertex  3.839555e+01 -1.221592e+01  1.687858e+02
   endloop
 endfacet
 facet normal  8.715574e-02 -9.961947e-01  1.415701e-15
   outer loop
     vertex  3.805353e+01 -1.215562e+01  1.687858e+02
     vertex  3.787988e+01 -1.217081e+01  1.662859e+02
     vertex  3.805353e+01 -1.215562e+01  1.662859e+02
   endloop
 endfacet
 facet normal -8.715574e-02 -9.961947e-01  1.415701e-15
   outer loop
     vertex  3.805353e+01 -1.215562e+01  1.687858e+02
     vertex  3.805353e+01 -1.215562e+01  1.662859e+02
     vertex  3.822718e+01 -1.217081e+01  1.687858e+02
   endloop
 endfacet
 facet normal  2.588190e-01 -9.659258e-01  2.059028e-15
   outer loop
     vertex  3.787988e+01 -1.217081e+01  1.687858e+02
     vertex  3.771151e+01 -1.221592e+01  1.662859e+02
     vertex  3.787988e+01 -1.217081e+01  1.662859e+02
   endloop
 endfacet
 facet normal  8.715574e-02 -9.961947e-01  2.123551e-15
   outer loop
     vertex  3.787988e+01 -1.217081e+01  1.687858e+02
     vertex  3.787988e+01 -1.217081e+01  1.662859e+02
     vertex  3.805353e+01 -1.215562e+01  1.687858e+02
   endloop
 endfacet
 facet normal  2.588190e-01 -9.659258e-01  2.059028e-15
   outer loop
     vertex  3.771151e+01 -1.221592e+01  1.687858e+02
     vertex  3.771151e+01 -1.221592e+01  1.662859e+02
     vertex  3.787988e+01 -1.217081e+01  1.687858e+02
   endloop
 endfacet
 facet normal  4.226183e-01 -9.063078e-01  1.931942e-15
   outer loop
     vertex  3.755353e+01 -1.228959e+01  1.687858e+02
     vertex  3.755353e+01 -1.228959e+01  1.662859e+02
     vertex  3.771151e+01 -1.221592e+01  1.662859e+02
   endloop
 endfacet
 facet normal  5.735764e-01 -8.191520e-01  1.746156e-15
   outer loop
     vertex  3.755353e+01 -1.228959e+01  1.687858e+02
     vertex  3.741075e+01 -1.238957e+01  1.662859e+02
     vertex  3.755353e+01 -1.228959e+01  1.662859e+02
   endloop
 endfacet
 facet normal  4.226183e-01 -9.063078e-01  1.930692e-15
   outer loop
     vertex  3.755353e+01 -1.228959e+01  1.687858e+02
     vertex  3.771151e+01 -1.221592e+01  1.662859e+02
     vertex  3.771151e+01 -1.221592e+01  1.687858e+02
   endloop
 endfacet
 facet normal  5.735764e-01 -8.191520e-01  3.376384e-15
   outer loop
     vertex  3.741075e+01 -1.238957e+01  1.687858e+02
     vertex  3.741075e+01 -1.238957e+01  1.662859e+02
     vertex  3.755353e+01 -1.228959e+01  1.687858e+02
   endloop
 endfacet
 facet normal  7.071068e-01 -7.071068e-01  1.507313e-15
   outer loop
     vertex  3.728749e+01 -1.251283e+01  1.687858e+02
     vertex  3.728749e+01 -1.251283e+01  1.662859e+02
     vertex  3.741075e+01 -1.238957e+01  1.662859e+02
   endloop
 endfacet
 facet normal  8.191520e-01 -5.735764e-01  1.222671e-15
   outer loop
     vertex  3.728749e+01 -1.251283e+01  1.687858e+02
     vertex  3.718751e+01 -1.265562e+01  1.662859e+02
     vertex  3.728749e+01 -1.251283e+01  1.662859e+02
   endloop
 endfacet
 facet normal  7.071068e-01 -7.071068e-01  3.519034e-15
   outer loop
     vertex  3.728749e+01 -1.251283e+01  1.687858e+02
     vertex  3.741075e+01 -1.238957e+01  1.662859e+02
     vertex  3.741075e+01 -1.238957e+01  1.687858e+02
   endloop
 endfacet
 facet normal  8.191520e-01 -5.735764e-01  8.151143e-16
   outer loop
     vertex  3.718751e+01 -1.265562e+01  1.687858e+02
     vertex  3.718751e+01 -1.265562e+01  1.662859e+02
     vertex  3.728749e+01 -1.251283e+01  1.687858e+02
   endloop
 endfacet
 facet normal  9.063078e-01 -4.226183e-01  6.005863e-16
   outer loop
     vertex  3.718751e+01 -1.265562e+01  1.687858e+02
     vertex  3.711384e+01 -1.281360e+01  1.662859e+02
     vertex  3.718751e+01 -1.265562e+01  1.662859e+02
   endloop
 endfacet
 facet normal  9.063078e-01 -4.226183e-01  9.008795e-16
   outer loop
     vertex  3.711384e+01 -1.281360e+01  1.687858e+02
     vertex  3.711384e+01 -1.281360e+01  1.662859e+02
     vertex  3.718751e+01 -1.265562e+01  1.687858e+02
   endloop
 endfacet
 facet normal  9.659258e-01 -2.588190e-01  5.513419e-16
   outer loop
     vertex  3.706873e+01 -1.298197e+01  1.687858e+02
     vertex  3.711384e+01 -1.281360e+01  1.662859e+02
     vertex  3.711384e+01 -1.281360e+01  1.687858e+02
   endloop
 endfacet
 facet normal  9.659258e-01 -2.588190e-01  3.113180e-15
   outer loop
     vertex  3.706873e+01 -1.298197e+01  1.687858e+02
     vertex  3.706873e+01 -1.298197e+01  1.662859e+02
     vertex  3.711384e+01 -1.281360e+01  1.662859e+02
   endloop
 endfacet
 facet normal  9.961947e-01 -8.715574e-02  2.955259e-15
   outer loop
     vertex  3.706873e+01 -1.298197e+01  1.687858e+02
     vertex  3.705353e+01 -1.315562e+01  1.662859e+02
     vertex  3.706873e+01 -1.298197e+01  1.662859e+02
   endloop
 endfacet
 facet normal  9.961947e-01 -8.715574e-02 -8.370346e-15
   outer loop
     vertex  3.705353e+01 -1.315562e+01  1.687858e+02
     vertex  3.705353e+01 -1.315562e+01  1.662859e+02
     vertex  3.706873e+01 -1.298197e+01  1.687858e+02
   endloop
 endfacet
 facet normal -9.961989e-01 -8.710716e-02  3.400575e-06
   outer loop
     vertex  2.605353e+01 -1.155616e+00  1.687858e+02
     vertex  2.603834e+01 -9.819680e-01  1.662859e+02
     vertex  2.605352e+01 -1.155616e+00  1.662858e+02
   endloop
 endfacet
 facet normal -9.659258e-01 -2.588190e-01  1.039285e-12
   outer loop
     vertex  2.603834e+01 -9.819680e-01  1.687858e+02
     vertex  2.599323e+01 -8.135960e-01  1.662859e+02
     vertex  2.603834e+01 -9.819680e-01  1.662859e+02
   endloop
 endfacet
 facet normal -9.961947e-01 -8.715574e-02 -1.038261e-12
   outer loop
     vertex  2.603834e+01 -9.819680e-01  1.687858e+02
     vertex  2.603834e+01 -9.819680e-01  1.662859e+02
     vertex  2.605353e+01 -1.155616e+00  1.687858e+02
   endloop
 endfacet
 facet normal -9.063078e-01 -4.226183e-01  2.078725e-12
   outer loop
     vertex  2.599323e+01 -8.135960e-01  1.687858e+02
     vertex  2.591956e+01 -6.556161e-01  1.662859e+02
     vertex  2.599323e+01 -8.135960e-01  1.662859e+02
   endloop
 endfacet
 facet normal -9.659258e-01 -2.588190e-01 -2.075700e-12
   outer loop
     vertex  2.599323e+01 -8.135960e-01  1.687858e+02
     vertex  2.599323e+01 -8.135960e-01  1.662859e+02
     vertex  2.603834e+01 -9.819680e-01  1.687858e+02
   endloop
 endfacet
 facet normal -8.191520e-01 -5.735764e-01  3.116789e-12
   outer loop
     vertex  2.591956e+01 -6.556161e-01  1.687858e+02
     vertex  2.581958e+01 -5.128285e-01  1.662859e+02
     vertex  2.591956e+01 -6.556161e-01  1.662859e+02
   endloop
 endfacet
 facet normal -9.063078e-01 -4.226183e-01 -3.114581e-12
   outer loop
     vertex  2.591956e+01 -6.556161e-01  1.687858e+02
     vertex  2.591956e+01 -6.556161e-01  1.662859e+02
     vertex  2.599323e+01 -8.135960e-01  1.687858e+02
   endloop
 endfacet
 facet normal -7.071068e-01 -7.071068e-01  4.154563e-12
   outer loop
     vertex  2.581958e+01 -5.128285e-01  1.687858e+02
     vertex  2.569632e+01 -3.895717e-01  1.662859e+02
     vertex  2.581958e+01 -5.128285e-01  1.662859e+02
   endloop
 endfacet
 facet normal -8.191520e-01 -5.735764e-01 -4.153852e-12
   outer loop
     vertex  2.581958e+01 -5.128285e-01  1.687858e+02
     vertex  2.581958e+01 -5.128285e-01  1.662859e+02
     vertex  2.591956e+01 -6.556161e-01  1.687858e+02
   endloop
 endfacet
 facet normal -5.735764e-01 -8.191520e-01  5.193894e-12
   outer loop
     vertex  2.569632e+01 -3.895717e-01  1.687858e+02
     vertex  2.555353e+01 -2.895907e-01  1.662859e+02
     vertex  2.569632e+01 -3.895717e-01  1.662859e+02
   endloop
 endfacet
 facet normal -7.071068e-01 -7.071068e-01 -5.191312e-12
   outer loop
     vertex  2.569632e+01 -3.895717e-01  1.687858e+02
     vertex  2.569632e+01 -3.895717e-01  1.662859e+02
     vertex  2.581958e+01 -5.128285e-01  1.687858e+02
   endloop
 endfacet
 facet normal -4.226183e-01 -9.063078e-01  6.232287e-12
   outer loop
     vertex  2.555353e+01 -2.895907e-01  1.687858e+02
     vertex  2.539555e+01 -2.159235e-01  1.662859e+02
     vertex  2.555353e+01 -2.895907e-01  1.662859e+02
   endloop
 endfacet
 facet normal -5.735764e-01 -8.191520e-01 -6.229903e-12
   outer loop
     vertex  2.555353e+01 -2.895907e-01  1.687858e+02
     vertex  2.555353e+01 -2.895907e-01  1.662859e+02
     vertex  2.569632e+01 -3.895717e-01  1.687858e+02
   endloop
 endfacet
 facet normal -2.588190e-01 -9.659258e-01  7.271205e-12
   outer loop
     vertex  2.539555e+01 -2.159235e-01  1.687858e+02
     vertex  2.522718e+01 -1.708084e-01  1.662859e+02
     vertex  2.539555e+01 -2.159235e-01  1.662859e+02
   endloop
 endfacet
 facet normal -4.226183e-01 -9.063078e-01 -7.267709e-12
   outer loop
     vertex  2.539555e+01 -2.159235e-01  1.687858e+02
     vertex  2.539555e+01 -2.159235e-01  1.662859e+02
     vertex  2.555353e+01 -2.895907e-01  1.687858e+02
   endloop
 endfacet
 facet normal -8.715574e-02 -9.961947e-01  8.309692e-12
   outer loop
     vertex  2.522718e+01 -1.708084e-01  1.687858e+02
     vertex  2.505353e+01 -1.556161e-01  1.662859e+02
     vertex  2.522718e+01 -1.708084e-01  1.662859e+02
   endloop
 endfacet
 facet normal -2.588190e-01 -9.659258e-01 -8.306137e-12
   outer loop
     vertex  2.522718e+01 -1.708084e-01  1.687858e+02
     vertex  2.522718e+01 -1.708084e-01  1.662859e+02
     vertex  2.539555e+01 -2.159235e-01  1.687858e+02
   endloop
 endfacet
 facet normal  8.715574e-02 -9.961947e-01  9.348111e-12
   outer loop
     vertex  2.505353e+01 -1.556161e-01  1.687858e+02
     vertex  2.487988e+01 -1.708084e-01  1.662859e+02
     vertex  2.505353e+01 -1.556161e-01  1.662859e+02
   endloop
 endfacet
 facet normal -8.715574e-02 -9.961947e-01 -9.344749e-12
   outer loop
     vertex  2.505353e+01 -1.556161e-01  1.687858e+02
     vertex  2.505353e+01 -1.556161e-01  1.662859e+02
     vertex  2.522718e+01 -1.708084e-01  1.687858e+02
   endloop
 endfacet
 facet normal  2.588190e-01 -9.659258e-01  1.038637e-11
   outer loop
     vertex  2.487988e+01 -1.708084e-01  1.687858e+02
     vertex  2.471151e+01 -2.159235e-01  1.662859e+02
     vertex  2.487988e+01 -1.708084e-01  1.662859e+02
   endloop
 endfacet
 facet normal  8.715574e-02 -9.961947e-01 -1.038324e-11
   outer loop
     vertex  2.487988e+01 -1.708084e-01  1.687858e+02
     vertex  2.487988e+01 -1.708084e-01  1.662859e+02
     vertex  2.505353e+01 -1.556161e-01  1.687858e+02
   endloop
 endfacet
 facet normal  4.226183e-01 -9.063078e-01  1.142528e-11
   outer loop
     vertex  2.471151e+01 -2.159235e-01  1.687858e+02
     vertex  2.455353e+01 -2.895907e-01  1.662859e+02
     vertex  2.471151e+01 -2.159235e-01  1.662859e+02
   endloop
 endfacet
 facet normal  2.588190e-01 -9.659258e-01 -1.142143e-11
   outer loop
     vertex  2.471151e+01 -2.159235e-01  1.687858e+02
     vertex  2.471151e+01 -2.159235e-01  1.662859e+02
     vertex  2.487988e+01 -1.708084e-01  1.687858e+02
   endloop
 endfacet
 facet normal  5.735764e-01 -8.191520e-01  1.246309e-11
   outer loop
     vertex  2.455353e+01 -2.895907e-01  1.687858e+02
     vertex  2.441075e+01 -3.895717e-01  1.662859e+02
     vertex  2.455353e+01 -2.895907e-01  1.662859e+02
   endloop
 endfacet
 facet normal  4.226183e-01 -9.063078e-01 -1.246034e-11
   outer loop
     vertex  2.455353e+01 -2.895907e-01  1.687858e+02
     vertex  2.455353e+01 -2.895907e-01  1.662859e+02
     vertex  2.471151e+01 -2.159235e-01  1.687858e+02
   endloop
 endfacet
 facet normal  7.071068e-01 -7.071068e-01  1.350204e-11
   outer loop
     vertex  2.441075e+01 -3.895717e-01  1.687858e+02
     vertex  2.428749e+01 -5.128285e-01  1.662859e+02
     vertex  2.441075e+01 -3.895717e-01  1.662859e+02
   endloop
 endfacet
 facet normal  5.735764e-01 -8.191520e-01 -1.349841e-11
   outer loop
     vertex  2.441075e+01 -3.895717e-01  1.687858e+02
     vertex  2.441075e+01 -3.895717e-01  1.662859e+02
     vertex  2.455353e+01 -2.895907e-01  1.687858e+02
   endloop
 endfacet
 facet normal  8.191520e-01 -5.735764e-01  1.453962e-11
   outer loop
     vertex  2.428749e+01 -5.128285e-01  1.687858e+02
     vertex  2.418751e+01 -6.556161e-01  1.662859e+02
     vertex  2.428749e+01 -5.128285e-01  1.662859e+02
   endloop
 endfacet
 facet normal  7.071068e-01 -7.071068e-01 -1.453763e-11
   outer loop
     vertex  2.428749e+01 -5.128285e-01  1.687858e+02
     vertex  2.428749e+01 -5.128285e-01  1.662859e+02
     vertex  2.441075e+01 -3.895717e-01  1.687858e+02
   endloop
 endfacet
 facet normal  8.191520e-01 -5.735764e-01 -1.557561e-11
   outer loop
     vertex  2.418751e+01 -6.556161e-01  1.687858e+02
     vertex  2.418751e+01 -6.556161e-01  1.662859e+02
     vertex  2.428749e+01 -5.128285e-01  1.687858e+02
   endloop
 endfacet
 facet normal  9.063078e-01 -4.226183e-01  1.557862e-11
   outer loop
     vertex  2.418751e+01 -6.556161e-01  1.687858e+02
     vertex  2.411384e+01 -8.135960e-01  1.662859e+02
     vertex  2.418751e+01 -6.556161e-01  1.662859e+02
   endloop
 endfacet
 facet normal  9.063078e-01 -4.226183e-01 -1.661555e-11
   outer loop
     vertex  2.411384e+01 -8.135960e-01  1.687858e+02
     vertex  2.411384e+01 -8.135960e-01  1.662859e+02
     vertex  2.418751e+01 -6.556161e-01  1.687858e+02
   endloop
 endfacet
 facet normal  9.659258e-01 -2.588190e-01  1.661550e-11
   outer loop
     vertex  2.411384e+01 -8.135960e-01  1.687858e+02
     vertex  2.406873e+01 -9.819680e-01  1.662859e+02
     vertex  2.411384e+01 -8.135960e-01  1.662859e+02
   endloop
 endfacet
 facet normal  9.659258e-01 -2.588190e-01 -1.765379e-11
   outer loop
     vertex  2.406873e+01 -9.819680e-01  1.687858e+02
     vertex  2.406873e+01 -9.819680e-01  1.662859e+02
     vertex  2.411384e+01 -8.135960e-01  1.687858e+02
   endloop
 endfacet
 facet normal  9.961989e-01 -8.710716e-02  1.766405e-11
   outer loop
     vertex  2.406873e+01 -9.819680e-01  1.687858e+02
     vertex  2.405354e+01 -1.155616e+00  1.662858e+02
     vertex  2.406873e+01 -9.819680e-01  1.662859e+02
   endloop
 endfacet
 facet normal  9.961947e-01 -8.715574e-02  3.400544e-06
   outer loop
     vertex  2.405353e+01 -1.155616e+00  1.687858e+02
     vertex  2.405354e+01 -1.155616e+00  1.662858e+02
     vertex  2.406873e+01 -9.819680e-01  1.687858e+02
   endloop
 endfacet
 facet normal -9.961947e-01 -8.715574e-02  2.986223e-15
   outer loop
     vertex  3.905353e+01 -1.155616e+00  1.687858e+02
     vertex  3.903834e+01 -9.819680e-01  1.662859e+02
     vertex  3.905353e+01 -1.155616e+00  1.662859e+02
   endloop
 endfacet
 facet normal -9.659258e-01 -2.588190e-01  9.080307e-16
   outer loop
     vertex  3.903834e+01 -9.819680e-01  1.687858e+02
     vertex  3.899323e+01 -8.135960e-01  1.662859e+02
     vertex  3.903834e+01 -9.819680e-01  1.662859e+02
   endloop
 endfacet
 facet normal -9.961947e-01 -8.715574e-02  3.057738e-16
   outer loop
     vertex  3.903834e+01 -9.819680e-01  1.687858e+02
     vertex  3.903834e+01 -9.819680e-01  1.662859e+02
     vertex  3.905353e+01 -1.155616e+00  1.687858e+02
   endloop
 endfacet
 facet normal -9.063078e-01 -4.226183e-01 -1.149531e-15
   outer loop
     vertex  3.899323e+01 -8.135960e-01  1.687858e+02
     vertex  3.891956e+01 -6.556161e-01  1.662859e+02
     vertex  3.899323e+01 -8.135960e-01  1.662859e+02
   endloop
 endfacet
 facet normal -9.659258e-01 -2.588190e-01 -1.871822e-15
   outer loop
     vertex  3.899323e+01 -8.135960e-01  1.687858e+02
     vertex  3.899323e+01 -8.135960e-01  1.662859e+02
     vertex  3.903834e+01 -9.819680e-01  1.687858e+02
   endloop
 endfacet
 facet normal -8.191520e-01 -5.735764e-01 -4.942005e-16
   outer loop
     vertex  3.891956e+01 -6.556161e-01  1.687858e+02
     vertex  3.881958e+01 -5.128285e-01  1.662859e+02
     vertex  3.891956e+01 -6.556161e-01  1.662859e+02
   endloop
 endfacet
 facet normal -9.063078e-01 -4.226183e-01 -1.224604e-15
   outer loop
     vertex  3.891956e+01 -6.556161e-01  1.687858e+02
     vertex  3.891956e+01 -6.556161e-01  1.662859e+02
     vertex  3.899323e+01 -8.135960e-01  1.687858e+02
   endloop
 endfacet
 facet normal -7.071068e-01 -7.071068e-01  2.103958e-15
   outer loop
     vertex  3.881958e+01 -5.128285e-01  1.687858e+02
     vertex  3.869632e+01 -3.895717e-01  1.662859e+02
     vertex  3.881958e+01 -5.128285e-01  1.662859e+02
   endloop
 endfacet
 facet normal -8.191520e-01 -5.735764e-01  1.706645e-15
   outer loop
     vertex  3.881958e+01 -5.128285e-01  1.687858e+02
     vertex  3.881958e+01 -5.128285e-01  1.662859e+02
     vertex  3.891956e+01 -6.556161e-01  1.687858e+02
   endloop
 endfacet
 facet normal -5.735764e-01 -8.191520e-01  5.888444e-16
   outer loop
     vertex  3.869632e+01 -3.895717e-01  1.687858e+02
     vertex  3.855353e+01 -2.895907e-01  1.662859e+02
     vertex  3.869632e+01 -3.895717e-01  1.662859e+02
   endloop
 endfacet
 facet normal -7.071068e-01 -7.071068e-01 -9.420706e-17
   outer loop
     vertex  3.869632e+01 -3.895717e-01  1.687858e+02
     vertex  3.869632e+01 -3.895717e-01  1.662859e+02
     vertex  3.881958e+01 -5.128285e-01  1.687858e+02
   endloop
 endfacet
 facet normal -4.226183e-01 -9.063078e-01  2.253933e-15
   outer loop
     vertex  3.855353e+01 -2.895907e-01  1.687858e+02
     vertex  3.839555e+01 -2.159235e-01  1.662859e+02
     vertex  3.855353e+01 -2.895907e-01  1.662859e+02
   endloop
 endfacet
 facet normal -5.735764e-01 -8.191520e-01  2.037182e-15
   outer loop
     vertex  3.855353e+01 -2.895907e-01  1.687858e+02
     vertex  3.855353e+01 -2.895907e-01  1.662859e+02
     vertex  3.869632e+01 -3.895717e-01  1.687858e+02
   endloop
 endfacet
 facet normal -2.588190e-01 -9.659258e-01  1.409201e-15
   outer loop
     vertex  3.839555e+01 -2.159235e-01  1.687858e+02
     vertex  3.822718e+01 -1.708084e-01  1.662859e+02
     vertex  3.839555e+01 -2.159235e-01  1.662859e+02
   endloop
 endfacet
 facet normal -4.226183e-01 -9.063078e-01  8.112673e-16
   outer loop
     vertex  3.839555e+01 -2.159235e-01  1.687858e+02
     vertex  3.839555e+01 -2.159235e-01  1.662859e+02
     vertex  3.855353e+01 -2.895907e-01  1.687858e+02
   endloop
 endfacet
 facet normal -8.715574e-02 -9.961947e-01  1.787354e-15
   outer loop
     vertex  3.822718e+01 -1.708084e-01  1.687858e+02
     vertex  3.805353e+01 -1.556161e-01  1.662859e+02
     vertex  3.822718e+01 -1.708084e-01  1.662859e+02
   endloop
 endfacet
 facet normal -2.588190e-01 -9.659258e-01  1.237615e-15
   outer loop
     vertex  3.822718e+01 -1.708084e-01  1.687858e+02
     vertex  3.822718e+01 -1.708084e-01  1.662859e+02
     vertex  3.839555e+01 -2.159235e-01  1.687858e+02
   endloop
 endfacet
 facet normal  8.715574e-02 -9.961947e-01  1.769626e-15
   outer loop
     vertex  3.805353e+01 -1.556161e-01  1.687858e+02
     vertex  3.787988e+01 -1.708084e-01  1.662859e+02
     vertex  3.805353e+01 -1.556161e-01  1.662859e+02
   endloop
 endfacet
 facet normal -8.715574e-02 -9.961947e-01  1.769626e-15
   outer loop
     vertex  3.805353e+01 -1.556161e-01  1.687858e+02
     vertex  3.805353e+01 -1.556161e-01  1.662859e+02
     vertex  3.822718e+01 -1.708084e-01  1.687858e+02
   endloop
 endfacet
 facet normal  2.588190e-01 -9.659258e-01  1.544271e-15
   outer loop
     vertex  3.787988e+01 -1.708084e-01  1.687858e+02
     vertex  3.771151e+01 -2.159235e-01  1.662859e+02
     vertex  3.787988e+01 -1.708084e-01  1.662859e+02
   endloop
 endfacet
 facet normal  8.715574e-02 -9.961947e-01  1.592663e-15
   outer loop
     vertex  3.787988e+01 -1.708084e-01  1.687858e+02
     vertex  3.787988e+01 -1.708084e-01  1.662859e+02
     vertex  3.805353e+01 -1.556161e-01  1.687858e+02
   endloop
 endfacet
 facet normal  4.226183e-01 -9.063078e-01  1.328210e-15
   outer loop
     vertex  3.771151e+01 -2.159235e-01  1.687858e+02
     vertex  3.755353e+01 -2.895907e-01  1.662859e+02
     vertex  3.771151e+01 -2.159235e-01  1.662859e+02
   endloop
 endfacet
 facet normal  2.588190e-01 -9.659258e-01  1.415582e-15
   outer loop
     vertex  3.771151e+01 -2.159235e-01  1.687858e+02
     vertex  3.771151e+01 -2.159235e-01  1.662859e+02
     vertex  3.787988e+01 -1.708084e-01  1.687858e+02
   endloop
 endfacet
 facet normal  5.735764e-01 -8.191520e-01  1.054969e-15
   outer loop
     vertex  3.755353e+01 -2.895907e-01  1.687858e+02
     vertex  3.741075e+01 -3.895717e-01  1.662859e+02
     vertex  3.755353e+01 -2.895907e-01  1.662859e+02
   endloop
 endfacet
 facet normal  4.226183e-01 -9.063078e-01  1.167215e-15
   outer loop
     vertex  3.755353e+01 -2.895907e-01  1.687858e+02
     vertex  3.755353e+01 -2.895907e-01  1.662859e+02
     vertex  3.771151e+01 -2.159235e-01  1.687858e+02
   endloop
 endfacet
 facet normal  5.735764e-01 -8.191520e-01  9.458343e-16
   outer loop
     vertex  3.741075e+01 -3.895717e-01  1.687858e+02
     vertex  3.741075e+01 -3.895717e-01  1.662859e+02
     vertex  3.755353e+01 -2.895907e-01  1.687858e+02
   endloop
 endfacet
 facet normal  7.071068e-01 -7.071068e-01  7.222542e-16
   outer loop
     vertex  3.728749e+01 -5.128285e-01  1.687858e+02
     vertex  3.728749e+01 -5.128285e-01  1.662859e+02
     vertex  3.741075e+01 -3.895717e-01  1.662859e+02
   endloop
 endfacet
 facet normal  8.191520e-01 -5.735764e-01  5.858634e-16
   outer loop
     vertex  3.728749e+01 -5.128285e-01  1.687858e+02
     vertex  3.718751e+01 -6.556161e-01  1.662859e+02
     vertex  3.728749e+01 -5.128285e-01  1.662859e+02
   endloop
 endfacet
 facet normal  7.071068e-01 -7.071068e-01  8.160656e-16
   outer loop
     vertex  3.728749e+01 -5.128285e-01  1.687858e+02
     vertex  3.741075e+01 -3.895717e-01  1.662859e+02
     vertex  3.741075e+01 -3.895717e-01  1.687858e+02
   endloop
 endfacet
 facet normal  8.191520e-01 -5.735764e-01  5.349187e-16
   outer loop
     vertex  3.718751e+01 -6.556161e-01  1.687858e+02
     vertex  3.718751e+01 -6.556161e-01  1.662859e+02
     vertex  3.728749e+01 -5.128285e-01  1.687858e+02
   endloop
 endfacet
 facet normal  9.063078e-01 -4.226183e-01  3.941348e-16
   outer loop
     vertex  3.718751e+01 -6.556161e-01  1.687858e+02
     vertex  3.711384e+01 -8.135960e-01  1.662859e+02
     vertex  3.718751e+01 -6.556161e-01  1.662859e+02
   endloop
 endfacet
 facet normal  9.063078e-01 -4.226183e-01  3.753665e-16
   outer loop
     vertex  3.711384e+01 -8.135960e-01  1.687858e+02
     vertex  3.711384e+01 -8.135960e-01  1.662859e+02
     vertex  3.718751e+01 -6.556161e-01  1.687858e+02
   endloop
 endfacet
 facet normal  9.659258e-01 -2.588190e-01  2.308869e-16
   outer loop
     vertex  3.706873e+01 -9.819680e-01  1.687858e+02
     vertex  3.711384e+01 -8.135960e-01  1.662859e+02
     vertex  3.711384e+01 -8.135960e-01  1.687858e+02
   endloop
 endfacet
 facet normal  9.659258e-01 -2.588190e-01  2.963758e-15
   outer loop
     vertex  3.706873e+01 -9.819680e-01  1.687858e+02
     vertex  3.706873e+01 -9.819680e-01  1.662859e+02
     vertex  3.711384e+01 -8.135960e-01  1.662859e+02
   endloop
 endfacet
 facet normal  9.961947e-01 -8.715574e-02  2.904942e-15
   outer loop
     vertex  3.706873e+01 -9.819680e-01  1.687858e+02
     vertex  3.705353e+01 -1.155616e+00  1.662859e+02
     vertex  3.706873e+01 -9.819680e-01  1.662859e+02
   endloop
 endfacet
 facet normal  9.961947e-01 -8.715574e-02  2.916553e-15
   outer loop
     vertex  3.705353e+01 -1.155616e+00  1.687858e+02
     vertex  3.705353e+01 -1.155616e+00  1.662859e+02
     vertex  3.706873e+01 -9.819680e-01  1.687858e+02
   endloop
 endfacet
 facet normal -1.125353e-16  7.071068e-01  7.071068e-01
   outer loop
     vertex  4.245353e+01  1.344384e+00  1.683858e+02
     vertex  2.065353e+01  9.443839e-01  1.687858e+02
     vertex  4.245353e+01  9.443839e-01  1.687858e+02
   endloop
 endfacet
 facet normal -1.152361e-16  7.071068e-01  7.071068e-01
   outer loop
     vertex  4.245353e+01  1.344384e+00  1.683858e+02
     vertex  2.065353e+01  1.344384e+00  1.683858e+02
     vertex  2.065353e+01  9.443839e-01  1.687858e+02
   endloop
 endfacet
 facet normal  1.000000e+00  0.000000e+00  0.000000e+00
   outer loop
     vertex  4.245353e+01 -1.535562e+01  1.624858e+02
     vertex  4.245353e+01 -1.565562e+01  1.626858e+02
     vertex  4.245353e+01 -1.525562e+01  1.622858e+02
   endloop
 endfacet
 facet normal  1.000000e+00  0.000000e+00  0.000000e+00
   outer loop
     vertex  4.245353e+01 -1.515562e+01  1.622858e+02
     vertex  4.245353e+01 -1.535562e+01  1.624858e+02
     vertex  4.245353e+01 -1.525562e+01  1.622858e+02
   endloop
 endfacet
 facet normal  1.000000e+00  0.000000e+00  0.000000e+00
   outer loop
     vertex  4.245353e+01 -1.535562e+01  1.682858e+02
     vertex  4.245353e+01 -1.565562e+01  1.683858e+02
     vertex  4.245353e+01 -1.565562e+01  1.626858e+02
   endloop
 endfacet
 facet normal  1.000000e+00  0.000000e+00  0.000000e+00
   outer loop
     vertex  4.245353e+01 -1.535562e+01  1.682858e+02
     vertex  4.245353e+01 -1.565562e+01  1.626858e+02
     vertex  4.245353e+01 -1.535562e+01  1.624858e+02
   endloop
 endfacet
 facet normal  1.000000e+00  0.000000e+00  0.000000e+00
   outer loop
     vertex  4.245353e+01 -1.515562e+01  1.684858e+02
     vertex  4.245353e+01 -1.565562e+01  1.683858e+02
     vertex  4.245353e+01 -1.535562e+01  1.682858e+02
   endloop
 endfacet
 facet normal  1.000000e+00  0.000000e+00  0.000000e+00
   outer loop
     vertex  4.245353e+01 -1.525562e+01  1.687858e+02
     vertex  4.245353e+01 -1.565562e+01  1.683858e+02
     vertex  4.245353e+01 -1.515562e+01  1.684858e+02
   endloop
 endfacet
 facet normal  1.000000e+00  0.000000e+00  0.000000e+00
   outer loop
     vertex  4.245353e+01  1.044384e+00  1.682858e+02
     vertex  4.245353e+01  1.132252e+00  1.651980e+02
     vertex  4.245353e+01  1.229579e+00  1.652630e+02
   endloop
 endfacet
 facet normal  1.000000e+00  0.000000e+00  0.000000e+00
   outer loop
     vertex  4.245353e+01  1.044384e+00  1.682858e+02
     vertex  4.245353e+01  1.229579e+00  1.652630e+02
     vertex  4.245353e+01  1.344384e+00  1.652858e+02
   endloop
 endfacet
 facet normal  1.000000e+00  0.000000e+00  0.000000e+00
   outer loop
     vertex  4.245353e+01  9.443839e-01  1.687858e+02
     vertex  4.245353e+01 -1.515562e+01  1.684858e+02
     vertex  4.245353e+01  8.443839e-01  1.684858e+02
   endloop
 endfacet
 facet normal  1.000000e+00  0.000000e+00  0.000000e+00
   outer loop
     vertex  4.245353e+01  9.443839e-01  1.687858e+02
     vertex  4.245353e+01 -1.525562e+01  1.687858e+02
     vertex  4.245353e+01 -1.515562e+01  1.684858e+02
   endloop
 endfacet
 facet normal  1.000000e+00  0.000000e+00  0.000000e+00
   outer loop
     vertex  4.245353e+01  1.344384e+00  1.683858e+02
     vertex  4.245353e+01  8.443839e-01  1.684858e+02
     vertex  4.245353e+01  1.044384e+00  1.682858e+02
   endloop
 endfacet
 facet normal  1.000000e+00  0.000000e+00  0.000000e+00
   outer loop
     vertex  4.245353e+01  1.344384e+00  1.683858e+02
     vertex  4.245353e+01  1.044384e+00  1.682858e+02
     vertex  4.245353e+01  1.344384e+00  1.652858e+02
   endloop
 endfacet
 facet normal  1.000000e+00  0.000000e+00  0.000000e+00
   outer loop
     vertex  4.245353e+01  1.344384e+00  1.683858e+02
     vertex  4.245353e+01  9.443839e-01  1.687858e+02
     vertex  4.245353e+01  8.443839e-01  1.684858e+02
   endloop
 endfacet
 facet normal  1.000000e+00  0.000000e+00  0.000000e+00
   outer loop
     vertex  4.245353e+01  1.044384e+00  1.682858e+02
     vertex  4.245353e+01  1.044384e+00  1.649858e+02
     vertex  4.245353e+01  1.067220e+00  1.651006e+02
   endloop
 endfacet
 facet normal  1.000000e+00  0.000000e+00  0.000000e+00
   outer loop
     vertex  4.245353e+01  1.044384e+00  1.682858e+02
     vertex  4.245353e+01  1.067220e+00  1.651006e+02
     vertex  4.245353e+01  1.132252e+00  1.651980e+02
   endloop
 endfacet
 facet normal  1.152361e-16 -7.071068e-01  7.071068e-01
   outer loop
     vertex  4.245353e+01 -1.525562e+01  1.687858e+02
     vertex  2.065353e+01 -1.525562e+01  1.687858e+02
     vertex  2.065353e+01 -1.565562e+01  1.683858e+02
   endloop
 endfacet
 facet normal  1.147860e-16 -7.071068e-01  7.071068e-01
   outer loop
     vertex  4.245353e+01 -1.525562e+01  1.687858e+02
     vertex  2.065353e+01 -1.565562e+01  1.683858e+02
     vertex  4.245353e+01 -1.565562e+01  1.683858e+02
   endloop
 endfacet
 facet normal -1.000000e+00  0.000000e+00  0.000000e+00
   outer loop
     vertex  2.065353e+01  1.044384e+00  1.682858e+02
     vertex  2.065353e+01  1.344384e+00  1.683858e+02
     vertex  2.065353e+01  1.344384e+00  1.652858e+02
   endloop
 endfacet
 facet normal -1.000000e+00  0.000000e+00  0.000000e+00
   outer loop
     vertex  2.065353e+01  1.044384e+00  1.682858e+02
     vertex  2.065353e+01  1.344384e+00  1.652858e+02
     vertex  2.065353e+01  1.229579e+00  1.652630e+02
   endloop
 endfacet
 facet normal -1.000000e+00  0.000000e+00  0.000000e+00
   outer loop
     vertex  2.065353e+01  1.044384e+00  1.682858e+02
     vertex  2.065353e+01  1.229579e+00  1.652630e+02
     vertex  2.065353e+01  1.132252e+00  1.651980e+02
   endloop
 endfacet
 facet normal -1.000000e+00  0.000000e+00  0.000000e+00
   outer loop
     vertex  2.065353e+01  8.443839e-01  1.684858e+02
     vertex  2.065353e+01  1.344384e+00  1.683858e+02
     vertex  2.065353e+01  1.044384e+00  1.682858e+02
   endloop
 endfacet
 facet normal -1.000000e+00  0.000000e+00 -0.000000e+00
   outer loop
     vertex  2.065353e+01  9.443839e-01  1.687858e+02
     vertex  2.065353e+01  1.344384e+00  1.683858e+02
     vertex  2.065353e+01  8.443839e-01  1.684858e+02
   endloop
 endfacet
 facet normal -1.000000e+00  0.000000e+00  0.000000e+00
   outer loop
     vertex  2.065353e+01 -1.535562e+01  1.624858e+02
     vertex  2.065353e+01 -1.515562e+01  1.622858e+02
     vertex  2.065353e+01 -1.525562e+01  1.622858e+02
   endloop
 endfacet
 facet normal -1.000000e+00  0.000000e+00  0.000000e+00
   outer loop
     vertex  2.065353e+01 -1.565562e+01  1.626858e+02
     vertex  2.065353e+01 -1.535562e+01  1.624858e+02
     vertex  2.065353e+01 -1.525562e+01  1.622858e+02
   endloop
 endfacet
 facet normal -1.000000e+00  0.000000e+00  0.000000e+00
   outer loop
     vertex  2.065353e+01 -1.535562e+01  1.682858e+02
     vertex  2.065353e+01 -1.535562e+01  1.624858e+02
     vertex  2.065353e+01 -1.565562e+01  1.626858e+02
   endloop
 endfacet
 facet normal -1.000000e+00  0.000000e+00  0.000000e+00
   outer loop
     vertex  2.065353e+01 -1.525562e+01  1.687858e+02
     vertex  2.065353e+01  8.443839e-01  1.684858e+02
     vertex  2.065353e+01 -1.515562e+01  1.684858e+02
   endloop
 endfacet
 facet normal -1.000000e+00  0.000000e+00  0.000000e+00
   outer loop
     vertex  2.065353e+01 -1.525562e+01  1.687858e+02
     vertex  2.065353e+01  9.443839e-01  1.687858e+02
     vertex  2.065353e+01  8.443839e-01  1.684858e+02
   endloop
 endfacet
 facet normal -1.000000e+00  0.000000e+00  0.000000e+00
   outer loop
     vertex  2.065353e+01 -1.565562e+01  1.683858e+02
     vertex  2.065353e+01 -1.515562e+01  1.684858e+02
     vertex  2.065353e+01 -1.535562e+01  1.682858e+02
   endloop
 endfacet
 facet normal -1.000000e+00  0.000000e+00  0.000000e+00
   outer loop
     vertex  2.065353e+01 -1.565562e+01  1.683858e+02
     vertex  2.065353e+01 -1.525562e+01  1.687858e+02
     vertex  2.065353e+01 -1.515562e+01  1.684858e+02
   endloop
 endfacet
 facet normal -1.000000e+00  0.000000e+00 -0.000000e+00
   outer loop
     vertex  2.065353e+01 -1.565562e+01  1.683858e+02
     vertex  2.065353e+01 -1.535562e+01  1.682858e+02
     vertex  2.065353e+01 -1.565562e+01  1.626858e+02
   endloop
 endfacet
 facet normal -1.000000e+00  0.000000e+00  0.000000e+00
   outer loop
     vertex  2.065353e+01  1.044384e+00  1.649858e+02
     vertex  2.065353e+01  1.044384e+00  1.682858e+02
     vertex  2.065353e+01  1.067220e+00  1.651006e+02
   endloop
 endfacet
 facet normal -1.000000e+00  0.000000e+00  0.000000e+00
   outer loop
     vertex  2.065353e+01  1.067220e+00  1.651006e+02
     vertex  2.065353e+01  1.044384e+00  1.682858e+02
     vertex  2.065353e+01  1.132252e+00  1.651980e+02
   endloop
 endfacet
 facet normal -6.170539e-01 -3.562562e-01  7.016595e-01
   outer loop
     vertex  2.530888e+01 -1.294135e+01  1.656192e+02
     vertex  2.505353e+01 -1.315562e+01  1.652858e+02
     vertex  2.536676e+01 -1.304161e+01  1.656192e+02
   endloop
 endfacet
 facet normal -4.579942e-01 -5.458162e-01  7.016595e-01
   outer loop
     vertex  2.522020e+01 -1.286694e+01  1.656192e+02
     vertex  2.505353e+01 -1.315562e+01  1.652858e+02
     vertex  2.530888e+01 -1.294135e+01  1.656192e+02
   endloop
 endfacet
 facet normal -7.016788e-01 -1.237599e-01  7.016625e-01
   outer loop
     vertex  2.567999e+01 -1.292760e+01  1.659525e+02
     vertex  2.505353e+01 -1.315562e+01  1.652858e+02
     vertex  2.605352e+01 -1.315562e+01  1.662858e+02
   endloop
 endfacet
 facet normal -6.847426e-01 -5.998065e-02  7.263125e-01
   outer loop
     vertex  2.567999e+01 -1.292760e+01  1.659525e+02
     vertex  2.605352e+01 -1.315562e+01  1.662858e+02
     vertex  2.603834e+01 -1.298197e+01  1.662859e+02
   endloop
 endfacet
 facet normal -6.843272e-01 -1.833649e-01  7.057433e-01
   outer loop
     vertex  2.567999e+01 -1.292760e+01  1.659525e+02
     vertex  2.603834e+01 -1.298197e+01  1.662859e+02
     vertex  2.599323e+01 -1.281360e+01  1.662859e+02
   endloop
 endfacet
 facet normal -6.420897e-01 -2.994114e-01  7.057433e-01
   outer loop
     vertex  2.567999e+01 -1.292760e+01  1.659525e+02
     vertex  2.599323e+01 -1.281360e+01  1.662859e+02
     vertex  2.591956e+01 -1.265562e+01  1.662859e+02
   endloop
 endfacet
 facet normal -4.444745e-01  8.885378e-01  1.137670e-01
   outer loop
     vertex  2.567999e+01 -1.292760e+01  1.659525e+02
     vertex  2.536676e+01 -1.304161e+01  1.656192e+02
     vertex  2.505353e+01 -1.315562e+01  1.652858e+02
   endloop
 endfacet
 facet normal -2.436936e-01 -6.695427e-01  7.016595e-01
   outer loop
     vertex  2.511142e+01 -1.282735e+01  1.656192e+02
     vertex  2.505353e+01 -1.315562e+01  1.652858e+02
     vertex  2.522020e+01 -1.286694e+01  1.656192e+02
   endloop
 endfacet
 facet normal -5.803427e-01 -4.063603e-01  7.057433e-01
   outer loop
     vertex  2.556423e+01 -1.272709e+01  1.659525e+02
     vertex  2.591956e+01 -1.265562e+01  1.662859e+02
     vertex  2.581958e+01 -1.251283e+01  1.662859e+02
   endloop
 endfacet
 facet normal -5.009623e-01 -5.009623e-01  7.057433e-01
   outer loop
     vertex  2.556423e+01 -1.272709e+01  1.659525e+02
     vertex  2.581958e+01 -1.251283e+01  1.662859e+02
     vertex  2.569632e+01 -1.238957e+01  1.662859e+02
   endloop
 endfacet
 facet normal -6.170539e-01 -3.562562e-01  7.016595e-01
   outer loop
     vertex  2.556423e+01 -1.272709e+01  1.659525e+02
     vertex  2.536676e+01 -1.304161e+01  1.656192e+02
     vertex  2.567999e+01 -1.292760e+01  1.659525e+02
   endloop
 endfacet
 facet normal -6.170539e-01 -3.562562e-01  7.016595e-01
   outer loop
     vertex  2.556423e+01 -1.272709e+01  1.659525e+02
     vertex  2.530888e+01 -1.294135e+01  1.656192e+02
     vertex  2.536676e+01 -1.304161e+01  1.656192e+02
   endloop
 endfacet
 facet normal -6.031533e-01 -3.482307e-01  7.175942e-01
   outer loop
     vertex  2.556423e+01 -1.272709e+01  1.659525e+02
     vertex  2.567999e+01 -1.292760e+01  1.659525e+02
     vertex  2.591956e+01 -1.265562e+01  1.662859e+02
   endloop
 endfacet
 facet normal  0.000000e+00  0.000000e+00  0.000000e+00
   outer loop
     vertex  2.499565e+01 -1.282735e+01  1.656192e+02
     vertex  2.505353e+01 -1.315562e+01  1.652858e+02
     vertex  2.505353e+01 -1.315562e+01  1.652858e+02
   endloop
 endfacet
 facet normal -2.186622e-14 -7.125124e-01  7.016595e-01
   outer loop
     vertex  2.499565e+01 -1.282735e+01  1.656192e+02
     vertex  2.505353e+01 -1.315562e+01  1.652858e+02
     vertex  2.511142e+01 -1.282735e+01  1.656192e+02
   endloop
 endfacet
 facet normal -4.063603e-01 -5.803427e-01  7.057433e-01
   outer loop
     vertex  2.538687e+01 -1.257827e+01  1.659525e+02
     vertex  2.569632e+01 -1.238957e+01  1.662859e+02
     vertex  2.555353e+01 -1.228959e+01  1.662859e+02
   endloop
 endfacet
 facet normal -2.994114e-01 -6.420897e-01  7.057433e-01
   outer loop
     vertex  2.538687e+01 -1.257827e+01  1.659525e+02
     vertex  2.555353e+01 -1.228959e+01  1.662859e+02
     vertex  2.539555e+01 -1.221592e+01  1.662859e+02
   endloop
 endfacet
 facet normal -4.579942e-01 -5.458162e-01  7.016595e-01
   outer loop
     vertex  2.538687e+01 -1.257827e+01  1.659525e+02
     vertex  2.530888e+01 -1.294135e+01  1.656192e+02
     vertex  2.556423e+01 -1.272709e+01  1.659525e+02
   endloop
 endfacet
 facet normal -4.579942e-01 -5.458162e-01  7.016595e-01
   outer loop
     vertex  2.538687e+01 -1.257827e+01  1.659525e+02
     vertex  2.522020e+01 -1.286694e+01  1.656192e+02
     vertex  2.530888e+01 -1.294135e+01  1.656192e+02
   endloop
 endfacet
 facet normal -4.476768e-01 -5.335204e-01  7.175942e-01
   outer loop
     vertex  2.538687e+01 -1.257827e+01  1.659525e+02
     vertex  2.556423e+01 -1.272709e+01  1.659525e+02
     vertex  2.569632e+01 -1.238957e+01  1.662859e+02
   endloop
 endfacet
 facet normal  2.436936e-01 -6.695427e-01  7.016595e-01
   outer loop
     vertex  2.488687e+01 -1.286694e+01  1.656192e+02
     vertex  2.505353e+01 -1.315562e+01  1.652858e+02
     vertex  2.499565e+01 -1.282735e+01  1.656192e+02
   endloop
 endfacet
 facet normal -1.833649e-01 -6.843272e-01  7.057433e-01
   outer loop
     vertex  2.516930e+01 -1.249908e+01  1.659525e+02
     vertex  2.539555e+01 -1.221592e+01  1.662859e+02
     vertex  2.522718e+01 -1.217081e+01  1.662859e+02
   endloop
 endfacet
 facet normal -6.174702e-02 -7.057717e-01  7.057433e-01
   outer loop
     vertex  2.516930e+01 -1.249908e+01  1.659525e+02
     vertex  2.522718e+01 -1.217081e+01  1.662859e+02
     vertex  2.505353e+01 -1.215562e+01  1.662859e+02
   endloop
 endfacet
 facet normal -2.436936e-01 -6.695427e-01  7.016595e-01
   outer loop
     vertex  2.516930e+01 -1.249908e+01  1.659525e+02
     vertex  2.511142e+01 -1.282735e+01  1.656192e+02
     vertex  2.522020e+01 -1.286694e+01  1.656192e+02
   endloop
 endfacet
 facet normal -2.382038e-01 -6.544597e-01  7.175942e-01
   outer loop
     vertex  2.516930e+01 -1.249908e+01  1.659525e+02
     vertex  2.538687e+01 -1.257827e+01  1.659525e+02
     vertex  2.539555e+01 -1.221592e+01  1.662859e+02
   endloop
 endfacet
 facet normal -2.436936e-01 -6.695427e-01  7.016595e-01
   outer loop
     vertex  2.516930e+01 -1.249908e+01  1.659525e+02
     vertex  2.522020e+01 -1.286694e+01  1.656192e+02
     vertex  2.538687e+01 -1.257827e+01  1.659525e+02
   endloop
 endfacet
 facet normal  4.579942e-01 -5.458162e-01  7.016595e-01
   outer loop
     vertex  2.479818e+01 -1.294135e+01  1.656192e+02
     vertex  2.505353e+01 -1.315562e+01  1.652858e+02
     vertex  2.488687e+01 -1.286694e+01  1.656192e+02
   endloop
 endfacet
 facet normal  6.174702e-02 -7.057717e-01  7.057433e-01
   outer loop
     vertex  2.493777e+01 -1.249908e+01  1.659525e+02
     vertex  2.505353e+01 -1.215562e+01  1.662859e+02
     vertex  2.487988e+01 -1.217081e+01  1.662859e+02
   endloop
 endfacet
 facet normal  1.833649e-01 -6.843272e-01  7.057433e-01
   outer loop
     vertex  2.493777e+01 -1.249908e+01  1.659525e+02
     vertex  2.487988e+01 -1.217081e+01  1.662859e+02
     vertex  2.471151e+01 -1.221592e+01  1.662859e+02
   endloop
 endfacet
 facet normal -2.177993e-14 -7.125124e-01  7.016595e-01
   outer loop
     vertex  2.493777e+01 -1.249908e+01  1.659525e+02
     vertex  2.499565e+01 -1.282735e+01  1.656192e+02
     vertex  2.511142e+01 -1.282735e+01  1.656192e+02
   endloop
 endfacet
 facet normal -2.671704e-14 -6.964615e-01  7.175942e-01
   outer loop
     vertex  2.493777e+01 -1.249908e+01  1.659525e+02
     vertex  2.516930e+01 -1.249908e+01  1.659525e+02
     vertex  2.505353e+01 -1.215562e+01  1.662859e+02
   endloop
 endfacet
 facet normal -2.733277e-14 -7.125124e-01  7.016595e-01
   outer loop
     vertex  2.493777e+01 -1.249908e+01  1.659525e+02
     vertex  2.511142e+01 -1.282735e+01  1.656192e+02
     vertex  2.516930e+01 -1.249908e+01  1.659525e+02
   endloop
 endfacet
 facet normal  6.170539e-01 -3.562562e-01  7.016595e-01
   outer loop
     vertex  2.474030e+01 -1.304161e+01  1.656192e+02
     vertex  2.505353e+01 -1.315562e+01  1.652858e+02
     vertex  2.479818e+01 -1.294135e+01  1.656192e+02
   endloop
 endfacet
 facet normal  2.994114e-01 -6.420897e-01  7.057433e-01
   outer loop
     vertex  2.472020e+01 -1.257827e+01  1.659525e+02
     vertex  2.471151e+01 -1.221592e+01  1.662859e+02
     vertex  2.455353e+01 -1.228959e+01  1.662859e+02
   endloop
 endfacet
 facet normal  4.063603e-01 -5.803427e-01  7.057433e-01
   outer loop
     vertex  2.472020e+01 -1.257827e+01  1.659525e+02
     vertex  2.455353e+01 -1.228959e+01  1.662859e+02
     vertex  2.441075e+01 -1.238957e+01  1.662859e+02
   endloop
 endfacet
 facet normal  2.382038e-01 -6.544597e-01  7.175942e-01
   outer loop
     vertex  2.472020e+01 -1.257827e+01  1.659525e+02
     vertex  2.493777e+01 -1.249908e+01  1.659525e+02
     vertex  2.471151e+01 -1.221592e+01  1.662859e+02
   endloop
 endfacet
 facet normal  2.436936e-01 -6.695427e-01  7.016595e-01
   outer loop
     vertex  2.472020e+01 -1.257827e+01  1.659525e+02
     vertex  2.499565e+01 -1.282735e+01  1.656192e+02
     vertex  2.493777e+01 -1.249908e+01  1.659525e+02
   endloop
 endfacet
 facet normal  2.436936e-01 -6.695427e-01  7.016595e-01
   outer loop
     vertex  2.472020e+01 -1.257827e+01  1.659525e+02
     vertex  2.488687e+01 -1.286694e+01  1.656192e+02
     vertex  2.499565e+01 -1.282735e+01  1.656192e+02
   endloop
 endfacet
 facet normal  5.009623e-01 -5.009623e-01  7.057433e-01
   outer loop
     vertex  2.454284e+01 -1.272709e+01  1.659525e+02
     vertex  2.441075e+01 -1.238957e+01  1.662859e+02
     vertex  2.428749e+01 -1.251283e+01  1.662859e+02
   endloop
 endfacet
 facet normal  5.803427e-01 -4.063603e-01  7.057433e-01
   outer loop
     vertex  2.454284e+01 -1.272709e+01  1.659525e+02
     vertex  2.428749e+01 -1.251283e+01  1.662859e+02
     vertex  2.418751e+01 -1.265562e+01  1.662859e+02
   endloop
 endfacet
 facet normal  4.476768e-01 -5.335204e-01  7.175942e-01
   outer loop
     vertex  2.454284e+01 -1.272709e+01  1.659525e+02
     vertex  2.472020e+01 -1.257827e+01  1.659525e+02
     vertex  2.441075e+01 -1.238957e+01  1.662859e+02
   endloop
 endfacet
 facet normal  4.579942e-01 -5.458162e-01  7.016595e-01
   outer loop
     vertex  2.454284e+01 -1.272709e+01  1.659525e+02
     vertex  2.479818e+01 -1.294135e+01  1.656192e+02
     vertex  2.488687e+01 -1.286694e+01  1.656192e+02
   endloop
 endfacet
 facet normal  4.579942e-01 -5.458162e-01  7.016595e-01
   outer loop
     vertex  2.454284e+01 -1.272709e+01  1.659525e+02
     vertex  2.488687e+01 -1.286694e+01  1.656192e+02
     vertex  2.472020e+01 -1.257827e+01  1.659525e+02
   endloop
 endfacet
 facet normal  7.016788e-01 -1.237599e-01  7.016625e-01
   outer loop
     vertex  2.442707e+01 -1.292760e+01  1.659525e+02
     vertex  2.405354e+01 -1.315562e+01  1.662858e+02
     vertex  2.505353e+01 -1.315562e+01  1.652858e+02
   endloop
 endfacet
 facet normal  6.420897e-01 -2.994114e-01  7.057433e-01
   outer loop
     vertex  2.442707e+01 -1.292760e+01  1.659525e+02
     vertex  2.418751e+01 -1.265562e+01  1.662859e+02
     vertex  2.411384e+01 -1.281360e+01  1.662859e+02
   endloop
 endfacet
 facet normal  6.843272e-01 -1.833649e-01  7.057433e-01
   outer loop
     vertex  2.442707e+01 -1.292760e+01  1.659525e+02
     vertex  2.411384e+01 -1.281360e+01  1.662859e+02
     vertex  2.406873e+01 -1.298197e+01  1.662859e+02
   endloop
 endfacet
 facet normal  6.847426e-01 -5.998065e-02  7.263125e-01
   outer loop
     vertex  2.442707e+01 -1.292760e+01  1.659525e+02
     vertex  2.406873e+01 -1.298197e+01  1.662859e+02
     vertex  2.405354e+01 -1.315562e+01  1.662858e+02
   endloop
 endfacet
 facet normal  6.031533e-01 -3.482307e-01  7.175942e-01
   outer loop
     vertex  2.442707e+01 -1.292760e+01  1.659525e+02
     vertex  2.454284e+01 -1.272709e+01  1.659525e+02
     vertex  2.418751e+01 -1.265562e+01  1.662859e+02
   endloop
 endfacet
 facet normal  2.743433e-01  9.590647e-01 -7.021825e-02
   outer loop
     vertex  2.442707e+01 -1.292760e+01  1.659525e+02
     vertex  2.505353e+01 -1.315562e+01  1.652858e+02
     vertex  2.474030e+01 -1.304161e+01  1.656192e+02
   endloop
 endfacet
 facet normal  6.170539e-01 -3.562562e-01  7.016595e-01
   outer loop
     vertex  2.442707e+01 -1.292760e+01  1.659525e+02
     vertex  2.474030e+01 -1.304161e+01  1.656192e+02
     vertex  2.479818e+01 -1.294135e+01  1.656192e+02
   endloop
 endfacet
 facet normal  6.170539e-01 -3.562562e-01  7.016595e-01
   outer loop
     vertex  2.442707e+01 -1.292760e+01  1.659525e+02
     vertex  2.479818e+01 -1.294135e+01  1.656192e+02
     vertex  2.454284e+01 -1.272709e+01  1.659525e+02
   endloop
 endfacet
 facet normal  7.016788e-01  1.237599e-01  7.016625e-01
   outer loop
     vertex  2.474030e+01 -1.326962e+01  1.656192e+02
     vertex  2.505353e+01 -1.315562e+01  1.652858e+02
     vertex  2.405354e+01 -1.315562e+01  1.662858e+02
   endloop
 endfacet
 facet normal  6.170539e-01  3.562562e-01  7.016595e-01
   outer loop
     vertex  2.479818e+01 -1.336988e+01  1.656192e+02
     vertex  2.505353e+01 -1.315562e+01  1.652858e+02
     vertex  2.474030e+01 -1.326962e+01  1.656192e+02
   endloop
 endfacet
 facet normal  4.579942e-01  5.458162e-01  7.016595e-01
   outer loop
     vertex  2.488687e+01 -1.344429e+01  1.656192e+02
     vertex  2.505353e+01 -1.315562e+01  1.652858e+02
     vertex  2.479818e+01 -1.336988e+01  1.656192e+02
   endloop
 endfacet
 facet normal  6.847426e-01  5.998065e-02  7.263125e-01
   outer loop
     vertex  2.442707e+01 -1.338363e+01  1.659525e+02
     vertex  2.405354e+01 -1.315562e+01  1.662858e+02
     vertex  2.406873e+01 -1.332926e+01  1.662859e+02
   endloop
 endfacet
 facet normal  6.843272e-01  1.833649e-01  7.057433e-01
   outer loop
     vertex  2.442707e+01 -1.338363e+01  1.659525e+02
     vertex  2.406873e+01 -1.332926e+01  1.662859e+02
     vertex  2.411384e+01 -1.349764e+01  1.662859e+02
   endloop
 endfacet
 facet normal  6.420897e-01  2.994114e-01  7.057433e-01
   outer loop
     vertex  2.442707e+01 -1.338363e+01  1.659525e+02
     vertex  2.411384e+01 -1.349764e+01  1.662859e+02
     vertex  2.418751e+01 -1.365562e+01  1.662859e+02
   endloop
 endfacet
 facet normal  7.016788e-01  1.237599e-01  7.016625e-01
   outer loop
     vertex  2.442707e+01 -1.338363e+01  1.659525e+02
     vertex  2.474030e+01 -1.326962e+01  1.656192e+02
     vertex  2.405354e+01 -1.315562e+01  1.662858e+02
   endloop
 endfacet
 facet normal  2.436936e-01  6.695427e-01  7.016595e-01
   outer loop
     vertex  2.499565e+01 -1.348389e+01  1.656192e+02
     vertex  2.505353e+01 -1.315562e+01  1.652858e+02
     vertex  2.488687e+01 -1.344429e+01  1.656192e+02
   endloop
 endfacet
 facet normal  5.803427e-01  4.063603e-01  7.057433e-01
   outer loop
     vertex  2.454284e+01 -1.358414e+01  1.659525e+02
     vertex  2.418751e+01 -1.365562e+01  1.662859e+02
     vertex  2.428749e+01 -1.379840e+01  1.662859e+02
   endloop
 endfacet
 facet normal  5.009623e-01  5.009623e-01  7.057433e-01
   outer loop
     vertex  2.454284e+01 -1.358414e+01  1.659525e+02
     vertex  2.428749e+01 -1.379840e+01  1.662859e+02
     vertex  2.441075e+01 -1.392166e+01  1.662859e+02
   endloop
 endfacet
 facet normal  6.170539e-01  3.562562e-01  7.016595e-01
   outer loop
     vertex  2.454284e+01 -1.358414e+01  1.659525e+02
     vertex  2.474030e+01 -1.326962e+01  1.656192e+02
     vertex  2.442707e+01 -1.338363e+01  1.659525e+02
   endloop
 endfacet
 facet normal  6.170539e-01  3.562562e-01  7.016595e-01
   outer loop
     vertex  2.454284e+01 -1.358414e+01  1.659525e+02
     vertex  2.479818e+01 -1.336988e+01  1.656192e+02
     vertex  2.474030e+01 -1.326962e+01  1.656192e+02
   endloop
 endfacet
 facet normal  6.031533e-01  3.482307e-01  7.175942e-01
   outer loop
     vertex  2.454284e+01 -1.358414e+01  1.659525e+02
     vertex  2.442707e+01 -1.338363e+01  1.659525e+02
     vertex  2.418751e+01 -1.365562e+01  1.662859e+02
   endloop
 endfacet
 facet normal  0.000000e+00  0.000000e+00  0.000000e+00
   outer loop
     vertex  2.511142e+01 -1.348389e+01  1.656192e+02
     vertex  2.505353e+01 -1.315562e+01  1.652858e+02
     vertex  2.505353e+01 -1.315562e+01  1.652858e+02
   endloop
 endfacet
 facet normal  1.910123e-10  7.125124e-01  7.016595e-01
   outer loop
     vertex  2.511142e+01 -1.348389e+01  1.656192e+02
     vertex  2.505353e+01 -1.315562e+01  1.652858e+02
     vertex  2.499565e+01 -1.348389e+01  1.656192e+02
   endloop
 endfacet
 facet normal  4.063603e-01  5.803427e-01  7.057433e-01
   outer loop
     vertex  2.472020e+01 -1.373297e+01  1.659525e+02
     vertex  2.441075e+01 -1.392166e+01  1.662859e+02
     vertex  2.455353e+01 -1.402164e+01  1.662859e+02
   endloop
 endfacet
 facet normal  2.994114e-01  6.420897e-01  7.057433e-01
   outer loop
     vertex  2.472020e+01 -1.373297e+01  1.659525e+02
     vertex  2.455353e+01 -1.402164e+01  1.662859e+02
     vertex  2.471151e+01 -1.409531e+01  1.662859e+02
   endloop
 endfacet
 facet normal  4.579942e-01  5.458162e-01  7.016595e-01
   outer loop
     vertex  2.472020e+01 -1.373297e+01  1.659525e+02
     vertex  2.479818e+01 -1.336988e+01  1.656192e+02
     vertex  2.454284e+01 -1.358414e+01  1.659525e+02
   endloop
 endfacet
 facet normal  4.579942e-01  5.458162e-01  7.016595e-01
   outer loop
     vertex  2.472020e+01 -1.373297e+01  1.659525e+02
     vertex  2.488687e+01 -1.344429e+01  1.656192e+02
     vertex  2.479818e+01 -1.336988e+01  1.656192e+02
   endloop
 endfacet
 facet normal  4.476768e-01  5.335204e-01  7.175942e-01
   outer loop
     vertex  2.472020e+01 -1.373297e+01  1.659525e+02
     vertex  2.454284e+01 -1.358414e+01  1.659525e+02
     vertex  2.441075e+01 -1.392166e+01  1.662859e+02
   endloop
 endfacet
 facet normal -2.436936e-01  6.695427e-01  7.016595e-01
   outer loop
     vertex  2.522020e+01 -1.344429e+01  1.656192e+02
     vertex  2.505353e+01 -1.315562e+01  1.652858e+02
     vertex  2.511142e+01 -1.348389e+01  1.656192e+02
   endloop
 endfacet
 facet normal  1.833649e-01  6.843272e-01  7.057433e-01
   outer loop
     vertex  2.493777e+01 -1.381215e+01  1.659525e+02
     vertex  2.471151e+01 -1.409531e+01  1.662859e+02
     vertex  2.487988e+01 -1.414042e+01  1.662859e+02
   endloop
 endfacet
 facet normal  6.174702e-02  7.057717e-01  7.057433e-01
   outer loop
     vertex  2.493777e+01 -1.381215e+01  1.659525e+02
     vertex  2.487988e+01 -1.414042e+01  1.662859e+02
     vertex  2.505353e+01 -1.415562e+01  1.662859e+02
   endloop
 endfacet
 facet normal  2.436936e-01  6.695427e-01  7.016595e-01
   outer loop
     vertex  2.493777e+01 -1.381215e+01  1.659525e+02
     vertex  2.488687e+01 -1.344429e+01  1.656192e+02
     vertex  2.472020e+01 -1.373297e+01  1.659525e+02
   endloop
 endfacet
 facet normal  2.382038e-01  6.544597e-01  7.175942e-01
   outer loop
     vertex  2.493777e+01 -1.381215e+01  1.659525e+02
     vertex  2.472020e+01 -1.373297e+01  1.659525e+02
     vertex  2.471151e+01 -1.409531e+01  1.662859e+02
   endloop
 endfacet
 facet normal  2.436936e-01  6.695427e-01  7.016595e-01
   outer loop
     vertex  2.493777e+01 -1.381215e+01  1.659525e+02
     vertex  2.499565e+01 -1.348389e+01  1.656192e+02
     vertex  2.488687e+01 -1.344429e+01  1.656192e+02
   endloop
 endfacet
 facet normal -4.579942e-01  5.458162e-01  7.016595e-01
   outer loop
     vertex  2.530888e+01 -1.336988e+01  1.656192e+02
     vertex  2.505353e+01 -1.315562e+01  1.652858e+02
     vertex  2.522020e+01 -1.344429e+01  1.656192e+02
   endloop
 endfacet
 facet normal -6.174702e-02  7.057717e-01  7.057433e-01
   outer loop
     vertex  2.516930e+01 -1.381215e+01  1.659525e+02
     vertex  2.505353e+01 -1.415562e+01  1.662859e+02
     vertex  2.522718e+01 -1.414042e+01  1.662859e+02
   endloop
 endfacet
 facet normal -1.833649e-01  6.843272e-01  7.057433e-01
   outer loop
     vertex  2.516930e+01 -1.381215e+01  1.659525e+02
     vertex  2.522718e+01 -1.414042e+01  1.662859e+02
     vertex  2.539555e+01 -1.409531e+01  1.662859e+02
   endloop
 endfacet
 facet normal  1.867147e-10  6.964615e-01  7.175942e-01
   outer loop
     vertex  2.516930e+01 -1.381215e+01  1.659525e+02
     vertex  2.493777e+01 -1.381215e+01  1.659525e+02
     vertex  2.505353e+01 -1.415562e+01  1.662859e+02
   endloop
 endfacet
 facet normal  1.910125e-10  7.125124e-01  7.016595e-01
   outer loop
     vertex  2.516930e+01 -1.381215e+01  1.659525e+02
     vertex  2.511142e+01 -1.348389e+01  1.656192e+02
     vertex  2.499565e+01 -1.348389e+01  1.656192e+02
   endloop
 endfacet
 facet normal  1.910178e-10  7.125124e-01  7.016595e-01
   outer loop
     vertex  2.516930e+01 -1.381215e+01  1.659525e+02
     vertex  2.499565e+01 -1.348389e+01  1.656192e+02
     vertex  2.493777e+01 -1.381215e+01  1.659525e+02
   endloop
 endfacet
 facet normal -7.016788e-01  1.237599e-01  7.016625e-01
   outer loop
     vertex  2.536676e+01 -1.326962e+01  1.656192e+02
     vertex  2.605352e+01 -1.315562e+01  1.662858e+02
     vertex  2.505353e+01 -1.315562e+01  1.652858e+02
   endloop
 endfacet
 facet normal -6.170539e-01  3.562562e-01  7.016595e-01
   outer loop
     vertex  2.536676e+01 -1.326962e+01  1.656192e+02
     vertex  2.505353e+01 -1.315562e+01  1.652858e+02
     vertex  2.530888e+01 -1.336988e+01  1.656192e+02
   endloop
 endfacet
 facet normal -2.994114e-01  6.420897e-01  7.057433e-01
   outer loop
     vertex  2.538687e+01 -1.373297e+01  1.659525e+02
     vertex  2.539555e+01 -1.409531e+01  1.662859e+02
     vertex  2.555353e+01 -1.402164e+01  1.662859e+02
   endloop
 endfacet
 facet normal -4.063603e-01  5.803427e-01  7.057433e-01
   outer loop
     vertex  2.538687e+01 -1.373297e+01  1.659525e+02
     vertex  2.555353e+01 -1.402164e+01  1.662859e+02
     vertex  2.569632e+01 -1.392166e+01  1.662859e+02
   endloop
 endfacet
 facet normal -2.436936e-01  6.695427e-01  7.016595e-01
   outer loop
     vertex  2.538687e+01 -1.373297e+01  1.659525e+02
     vertex  2.511142e+01 -1.348389e+01  1.656192e+02
     vertex  2.516930e+01 -1.381215e+01  1.659525e+02
   endloop
 endfacet
 facet normal -2.382038e-01  6.544597e-01  7.175942e-01
   outer loop
     vertex  2.538687e+01 -1.373297e+01  1.659525e+02
     vertex  2.516930e+01 -1.381215e+01  1.659525e+02
     vertex  2.539555e+01 -1.409531e+01  1.662859e+02
   endloop
 endfacet
 facet normal -2.436936e-01  6.695427e-01  7.016595e-01
   outer loop
     vertex  2.538687e+01 -1.373297e+01  1.659525e+02
     vertex  2.522020e+01 -1.344429e+01  1.656192e+02
     vertex  2.511142e+01 -1.348389e+01  1.656192e+02
   endloop
 endfacet
 facet normal -5.009623e-01  5.009623e-01  7.057433e-01
   outer loop
     vertex  2.556423e+01 -1.358414e+01  1.659525e+02
     vertex  2.569632e+01 -1.392166e+01  1.662859e+02
     vertex  2.581958e+01 -1.379840e+01  1.662859e+02
   endloop
 endfacet
 facet normal -5.803427e-01  4.063603e-01  7.057433e-01
   outer loop
     vertex  2.556423e+01 -1.358414e+01  1.659525e+02
     vertex  2.581958e+01 -1.379840e+01  1.662859e+02
     vertex  2.591956e+01 -1.365562e+01  1.662859e+02
   endloop
 endfacet
 facet normal -4.476768e-01  5.335204e-01  7.175942e-01
   outer loop
     vertex  2.556423e+01 -1.358414e+01  1.659525e+02
     vertex  2.538687e+01 -1.373297e+01  1.659525e+02
     vertex  2.569632e+01 -1.392166e+01  1.662859e+02
   endloop
 endfacet
 facet normal -4.579942e-01  5.458162e-01  7.016595e-01
   outer loop
     vertex  2.556423e+01 -1.358414e+01  1.659525e+02
     vertex  2.530888e+01 -1.336988e+01  1.656192e+02
     vertex  2.522020e+01 -1.344429e+01  1.656192e+02
   endloop
 endfacet
 facet normal -4.579942e-01  5.458162e-01  7.016595e-01
   outer loop
     vertex  2.556423e+01 -1.358414e+01  1.659525e+02
     vertex  2.522020e+01 -1.344429e+01  1.656192e+02
     vertex  2.538687e+01 -1.373297e+01  1.659525e+02
   endloop
 endfacet
 facet normal -6.420897e-01  2.994114e-01  7.057433e-01
   outer loop
     vertex  2.567999e+01 -1.338363e+01  1.659525e+02
     vertex  2.591956e+01 -1.365562e+01  1.662859e+02
     vertex  2.599323e+01 -1.349764e+01  1.662859e+02
   endloop
 endfacet
 facet normal -6.843272e-01  1.833649e-01  7.057433e-01
   outer loop
     vertex  2.567999e+01 -1.338363e+01  1.659525e+02
     vertex  2.599323e+01 -1.349764e+01  1.662859e+02
     vertex  2.603834e+01 -1.332926e+01  1.662859e+02
   endloop
 endfacet
 facet normal -6.847426e-01  5.998065e-02  7.263125e-01
   outer loop
     vertex  2.567999e+01 -1.338363e+01  1.659525e+02
     vertex  2.603834e+01 -1.332926e+01  1.662859e+02
     vertex  2.605352e+01 -1.315562e+01  1.662858e+02
   endloop
 endfacet
 facet normal -6.031533e-01  3.482307e-01  7.175942e-01
   outer loop
     vertex  2.567999e+01 -1.338363e+01  1.659525e+02
     vertex  2.556423e+01 -1.358414e+01  1.659525e+02
     vertex  2.591956e+01 -1.365562e+01  1.662859e+02
   endloop
 endfacet
 facet normal -7.016788e-01  1.237599e-01  7.016625e-01
   outer loop
     vertex  2.567999e+01 -1.338363e+01  1.659525e+02
     vertex  2.605352e+01 -1.315562e+01  1.662858e+02
     vertex  2.536676e+01 -1.326962e+01  1.656192e+02
   endloop
 endfacet
 facet normal -6.170539e-01  3.562562e-01  7.016595e-01
   outer loop
     vertex  2.567999e+01 -1.338363e+01  1.659525e+02
     vertex  2.536676e+01 -1.326962e+01  1.656192e+02
     vertex  2.530888e+01 -1.336988e+01  1.656192e+02
   endloop
 endfacet
 facet normal -6.170539e-01  3.562562e-01  7.016595e-01
   outer loop
     vertex  2.567999e+01 -1.338363e+01  1.659525e+02
     vertex  2.530888e+01 -1.336988e+01  1.656192e+02
     vertex  2.556423e+01 -1.358414e+01  1.659525e+02
   endloop
 endfacet
 facet normal -6.170539e-01 -3.562562e-01  7.016595e-01
   outer loop
     vertex  3.830888e+01 -1.294135e+01  1.656192e+02
     vertex  3.805353e+01 -1.315562e+01  1.652858e+02
     vertex  3.836676e+01 -1.304161e+01  1.656192e+02
   endloop
 endfacet
 facet normal -4.579942e-01 -5.458162e-01  7.016595e-01
   outer loop
     vertex  3.822020e+01 -1.286694e+01  1.656192e+02
     vertex  3.805353e+01 -1.315562e+01  1.652858e+02
     vertex  3.830888e+01 -1.294135e+01  1.656192e+02
   endloop
 endfacet
 facet normal -6.847397e-01 -5.990696e-02  7.263214e-01
   outer loop
     vertex  3.867999e+01 -1.292760e+01  1.659525e+02
     vertex  3.905353e+01 -1.315562e+01  1.662859e+02
     vertex  3.903834e+01 -1.298197e+01  1.662859e+02
   endloop
 endfacet
 facet normal -6.843272e-01 -1.833649e-01  7.057433e-01
   outer loop
     vertex  3.867999e+01 -1.292760e+01  1.659525e+02
     vertex  3.903834e+01 -1.298197e+01  1.662859e+02
     vertex  3.899323e+01 -1.281360e+01  1.662859e+02
   endloop
 endfacet
 facet normal -6.420897e-01 -2.994114e-01  7.057433e-01
   outer loop
     vertex  3.867999e+01 -1.292760e+01  1.659525e+02
     vertex  3.899323e+01 -1.281360e+01  1.662859e+02
     vertex  3.891956e+01 -1.265562e+01  1.662859e+02
   endloop
 endfacet
 facet normal -7.016877e-01 -1.237265e-01  7.016595e-01
   outer loop
     vertex  3.867999e+01 -1.292760e+01  1.659525e+02
     vertex  3.805353e+01 -1.315562e+01  1.652858e+02
     vertex  3.905353e+01 -1.315562e+01  1.662859e+02
   endloop
 endfacet
 facet normal -4.117146e-01  9.081140e-01  7.628875e-02
   outer loop
     vertex  3.867999e+01 -1.292760e+01  1.659525e+02
     vertex  3.836676e+01 -1.304161e+01  1.656192e+02
     vertex  3.805353e+01 -1.315562e+01  1.652858e+02
   endloop
 endfacet
 facet normal  0.000000e+00  0.000000e+00  0.000000e+00
   outer loop
     vertex  3.811142e+01 -1.282735e+01  1.656192e+02
     vertex  3.805353e+01 -1.315562e+01  1.652858e+02
     vertex  3.805353e+01 -1.315562e+01  1.652858e+02
   endloop
 endfacet
 facet normal -2.436936e-01 -6.695427e-01  7.016595e-01
   outer loop
     vertex  3.811142e+01 -1.282735e+01  1.656192e+02
     vertex  3.805353e+01 -1.315562e+01  1.652858e+02
     vertex  3.822020e+01 -1.286694e+01  1.656192e+02
   endloop
 endfacet
 facet normal -5.803427e-01 -4.063603e-01  7.057433e-01
   outer loop
     vertex  3.856423e+01 -1.272709e+01  1.659525e+02
     vertex  3.891956e+01 -1.265562e+01  1.662859e+02
     vertex  3.881958e+01 -1.251283e+01  1.662859e+02
   endloop
 endfacet
 facet normal -5.009623e-01 -5.009623e-01  7.057433e-01
   outer loop
     vertex  3.856423e+01 -1.272709e+01  1.659525e+02
     vertex  3.881958e+01 -1.251283e+01  1.662859e+02
     vertex  3.869632e+01 -1.238957e+01  1.662859e+02
   endloop
 endfacet
 facet normal -6.170539e-01 -3.562562e-01  7.016595e-01
   outer loop
     vertex  3.856423e+01 -1.272709e+01  1.659525e+02
     vertex  3.836676e+01 -1.304161e+01  1.656192e+02
     vertex  3.867999e+01 -1.292760e+01  1.659525e+02
   endloop
 endfacet
 facet normal -6.170539e-01 -3.562562e-01  7.016595e-01
   outer loop
     vertex  3.856423e+01 -1.272709e+01  1.659525e+02
     vertex  3.830888e+01 -1.294135e+01  1.656192e+02
     vertex  3.836676e+01 -1.304161e+01  1.656192e+02
   endloop
 endfacet
 facet normal -6.031533e-01 -3.482307e-01  7.175942e-01
   outer loop
     vertex  3.856423e+01 -1.272709e+01  1.659525e+02
     vertex  3.867999e+01 -1.292760e+01  1.659525e+02
     vertex  3.891956e+01 -1.265562e+01  1.662859e+02
   endloop
 endfacet
 facet normal  0.000000e+00 -7.125124e-01  7.016595e-01
   outer loop
     vertex  3.799565e+01 -1.282735e+01  1.656192e+02
     vertex  3.805353e+01 -1.315562e+01  1.652858e+02
     vertex  3.811142e+01 -1.282735e+01  1.656192e+02
   endloop
 endfacet
 facet normal -4.063603e-01 -5.803427e-01  7.057433e-01
   outer loop
     vertex  3.838687e+01 -1.257827e+01  1.659525e+02
     vertex  3.869632e+01 -1.238957e+01  1.662859e+02
     vertex  3.855353e+01 -1.228959e+01  1.662859e+02
   endloop
 endfacet
 facet normal -2.994114e-01 -6.420897e-01  7.057433e-01
   outer loop
     vertex  3.838687e+01 -1.257827e+01  1.659525e+02
     vertex  3.855353e+01 -1.228959e+01  1.662859e+02
     vertex  3.839555e+01 -1.221592e+01  1.662859e+02
   endloop
 endfacet
 facet normal -4.476768e-01 -5.335204e-01  7.175942e-01
   outer loop
     vertex  3.838687e+01 -1.257827e+01  1.659525e+02
     vertex  3.856423e+01 -1.272709e+01  1.659525e+02
     vertex  3.869632e+01 -1.238957e+01  1.662859e+02
   endloop
 endfacet
 facet normal -4.579942e-01 -5.458162e-01  7.016595e-01
   outer loop
     vertex  3.838687e+01 -1.257827e+01  1.659525e+02
     vertex  3.830888e+01 -1.294135e+01  1.656192e+02
     vertex  3.856423e+01 -1.272709e+01  1.659525e+02
   endloop
 endfacet
 facet normal -4.579942e-01 -5.458162e-01  7.016595e-01
   outer loop
     vertex  3.838687e+01 -1.257827e+01  1.659525e+02
     vertex  3.822020e+01 -1.286694e+01  1.656192e+02
     vertex  3.830888e+01 -1.294135e+01  1.656192e+02
   endloop
 endfacet
 facet normal  2.436936e-01 -6.695427e-01  7.016595e-01
   outer loop
     vertex  3.788687e+01 -1.286694e+01  1.656192e+02
     vertex  3.805353e+01 -1.315562e+01  1.652858e+02
     vertex  3.799565e+01 -1.282735e+01  1.656192e+02
   endloop
 endfacet
 facet normal -1.833649e-01 -6.843272e-01  7.057433e-01
   outer loop
     vertex  3.816930e+01 -1.249908e+01  1.659525e+02
     vertex  3.839555e+01 -1.221592e+01  1.662859e+02
     vertex  3.822718e+01 -1.217081e+01  1.662859e+02
   endloop
 endfacet
 facet normal -6.174702e-02 -7.057717e-01  7.057433e-01
   outer loop
     vertex  3.816930e+01 -1.249908e+01  1.659525e+02
     vertex  3.822718e+01 -1.217081e+01  1.662859e+02
     vertex  3.805353e+01 -1.215562e+01  1.662859e+02
   endloop
 endfacet
 facet normal -2.382038e-01 -6.544597e-01  7.175942e-01
   outer loop
     vertex  3.816930e+01 -1.249908e+01  1.659525e+02
     vertex  3.838687e+01 -1.257827e+01  1.659525e+02
     vertex  3.839555e+01 -1.221592e+01  1.662859e+02
   endloop
 endfacet
 facet normal -2.436936e-01 -6.695427e-01  7.016595e-01
   outer loop
     vertex  3.816930e+01 -1.249908e+01  1.659525e+02
     vertex  3.811142e+01 -1.282735e+01  1.656192e+02
     vertex  3.822020e+01 -1.286694e+01  1.656192e+02
   endloop
 endfacet
 facet normal -2.436936e-01 -6.695427e-01  7.016595e-01
   outer loop
     vertex  3.816930e+01 -1.249908e+01  1.659525e+02
     vertex  3.822020e+01 -1.286694e+01  1.656192e+02
     vertex  3.838687e+01 -1.257827e+01  1.659525e+02
   endloop
 endfacet
 facet normal  4.579942e-01 -5.458162e-01  7.016595e-01
   outer loop
     vertex  3.779818e+01 -1.294135e+01  1.656192e+02
     vertex  3.805353e+01 -1.315562e+01  1.652858e+02
     vertex  3.788687e+01 -1.286694e+01  1.656192e+02
   endloop
 endfacet
 facet normal  6.174702e-02 -7.057717e-01  7.057433e-01
   outer loop
     vertex  3.793777e+01 -1.249908e+01  1.659525e+02
     vertex  3.805353e+01 -1.215562e+01  1.662859e+02
     vertex  3.787988e+01 -1.217081e+01  1.662859e+02
   endloop
 endfacet
 facet normal  1.833649e-01 -6.843272e-01  7.057433e-01
   outer loop
     vertex  3.793777e+01 -1.249908e+01  1.659525e+02
     vertex  3.787988e+01 -1.217081e+01  1.662859e+02
     vertex  3.771151e+01 -1.221592e+01  1.662859e+02
   endloop
 endfacet
 facet normal  0.000000e+00 -6.964615e-01  7.175942e-01
   outer loop
     vertex  3.793777e+01 -1.249908e+01  1.659525e+02
     vertex  3.816930e+01 -1.249908e+01  1.659525e+02
     vertex  3.805353e+01 -1.215562e+01  1.662859e+02
   endloop
 endfacet
 facet normal  0.000000e+00 -7.125124e-01  7.016595e-01
   outer loop
     vertex  3.793777e+01 -1.249908e+01  1.659525e+02
     vertex  3.799565e+01 -1.282735e+01  1.656192e+02
     vertex  3.811142e+01 -1.282735e+01  1.656192e+02
   endloop
 endfacet
 facet normal  0.000000e+00 -7.125124e-01  7.016595e-01
   outer loop
     vertex  3.793777e+01 -1.249908e+01  1.659525e+02
     vertex  3.811142e+01 -1.282735e+01  1.656192e+02
     vertex  3.816930e+01 -1.249908e+01  1.659525e+02
   endloop
 endfacet
 facet normal  6.170539e-01 -3.562562e-01  7.016595e-01
   outer loop
     vertex  3.774030e+01 -1.304161e+01  1.656192e+02
     vertex  3.805353e+01 -1.315562e+01  1.652858e+02
     vertex  3.779818e+01 -1.294135e+01  1.656192e+02
   endloop
 endfacet
 facet normal  2.994114e-01 -6.420897e-01  7.057433e-01
   outer loop
     vertex  3.772020e+01 -1.257827e+01  1.659525e+02
     vertex  3.771151e+01 -1.221592e+01  1.662859e+02
     vertex  3.755353e+01 -1.228959e+01  1.662859e+02
   endloop
 endfacet
 facet normal  4.063603e-01 -5.803427e-01  7.057433e-01
   outer loop
     vertex  3.772020e+01 -1.257827e+01  1.659525e+02
     vertex  3.755353e+01 -1.228959e+01  1.662859e+02
     vertex  3.741075e+01 -1.238957e+01  1.662859e+02
   endloop
 endfacet
 facet normal  2.436936e-01 -6.695427e-01  7.016595e-01
   outer loop
     vertex  3.772020e+01 -1.257827e+01  1.659525e+02
     vertex  3.799565e+01 -1.282735e+01  1.656192e+02
     vertex  3.793777e+01 -1.249908e+01  1.659525e+02
   endloop
 endfacet
 facet normal  2.436936e-01 -6.695427e-01  7.016595e-01
   outer loop
     vertex  3.772020e+01 -1.257827e+01  1.659525e+02
     vertex  3.788687e+01 -1.286694e+01  1.656192e+02
     vertex  3.799565e+01 -1.282735e+01  1.656192e+02
   endloop
 endfacet
 facet normal  2.382038e-01 -6.544597e-01  7.175942e-01
   outer loop
     vertex  3.772020e+01 -1.257827e+01  1.659525e+02
     vertex  3.793777e+01 -1.249908e+01  1.659525e+02
     vertex  3.771151e+01 -1.221592e+01  1.662859e+02
   endloop
 endfacet
 facet normal  5.009623e-01 -5.009623e-01  7.057433e-01
   outer loop
     vertex  3.754284e+01 -1.272709e+01  1.659525e+02
     vertex  3.741075e+01 -1.238957e+01  1.662859e+02
     vertex  3.728749e+01 -1.251283e+01  1.662859e+02
   endloop
 endfacet
 facet normal  5.803427e-01 -4.063603e-01  7.057433e-01
   outer loop
     vertex  3.754284e+01 -1.272709e+01  1.659525e+02
     vertex  3.728749e+01 -1.251283e+01  1.662859e+02
     vertex  3.718751e+01 -1.265562e+01  1.662859e+02
   endloop
 endfacet
 facet normal  4.476768e-01 -5.335204e-01  7.175942e-01
   outer loop
     vertex  3.754284e+01 -1.272709e+01  1.659525e+02
     vertex  3.772020e+01 -1.257827e+01  1.659525e+02
     vertex  3.741075e+01 -1.238957e+01  1.662859e+02
   endloop
 endfacet
 facet normal  4.579942e-01 -5.458162e-01  7.016595e-01
   outer loop
     vertex  3.754284e+01 -1.272709e+01  1.659525e+02
     vertex  3.779818e+01 -1.294135e+01  1.656192e+02
     vertex  3.788687e+01 -1.286694e+01  1.656192e+02
   endloop
 endfacet
 facet normal  6.170539e-01 -3.562562e-01  7.016595e-01
   outer loop
     vertex  3.754284e+01 -1.272709e+01  1.659525e+02
     vertex  3.774030e+01 -1.304161e+01  1.656192e+02
     vertex  3.779818e+01 -1.294135e+01  1.656192e+02
   endloop
 endfacet
 facet normal  4.579942e-01 -5.458162e-01  7.016595e-01
   outer loop
     vertex  3.754284e+01 -1.272709e+01  1.659525e+02
     vertex  3.788687e+01 -1.286694e+01  1.656192e+02
     vertex  3.772020e+01 -1.257827e+01  1.659525e+02
   endloop
 endfacet
 facet normal  6.420897e-01 -2.994114e-01  7.057433e-01
   outer loop
     vertex  3.742707e+01 -1.292760e+01  1.659525e+02
     vertex  3.718751e+01 -1.265562e+01  1.662859e+02
     vertex  3.711384e+01 -1.281360e+01  1.662859e+02
   endloop
 endfacet
 facet normal  6.843272e-01 -1.833649e-01  7.057433e-01
   outer loop
     vertex  3.742707e+01 -1.292760e+01  1.659525e+02
     vertex  3.711384e+01 -1.281360e+01  1.662859e+02
     vertex  3.706873e+01 -1.298197e+01  1.662859e+02
   endloop
 endfacet
 facet normal  6.847397e-01 -5.990696e-02  7.263214e-01
   outer loop
     vertex  3.742707e+01 -1.292760e+01  1.659525e+02
     vertex  3.706873e+01 -1.298197e+01  1.662859e+02
     vertex  3.705353e+01 -1.315562e+01  1.662859e+02
   endloop
 endfacet
 facet normal  7.016877e-01 -1.237265e-01  7.016595e-01
   outer loop
     vertex  3.742707e+01 -1.292760e+01  1.659525e+02
     vertex  3.705353e+01 -1.315562e+01  1.662859e+02
     vertex  3.805353e+01 -1.315562e+01  1.652858e+02
   endloop
 endfacet
 facet normal  6.170539e-01 -3.562562e-01  7.016595e-01
   outer loop
     vertex  3.742707e+01 -1.292760e+01  1.659525e+02
     vertex  3.774030e+01 -1.304161e+01  1.656192e+02
     vertex  3.754284e+01 -1.272709e+01  1.659525e+02
   endloop
 endfacet
 facet normal  6.031533e-01 -3.482307e-01  7.175942e-01
   outer loop
     vertex  3.742707e+01 -1.292760e+01  1.659525e+02
     vertex  3.754284e+01 -1.272709e+01  1.659525e+02
     vertex  3.718751e+01 -1.265562e+01  1.662859e+02
   endloop
 endfacet
 facet normal  2.904511e-01  9.553751e-01 -5.382051e-02
   outer loop
     vertex  3.742707e+01 -1.292760e+01  1.659525e+02
     vertex  3.805353e+01 -1.315562e+01  1.652858e+02
     vertex  3.774030e+01 -1.304161e+01  1.656192e+02
   endloop
 endfacet
 facet normal -6.170539e-01 -3.562562e-01  7.016595e-01
   outer loop
     vertex  2.530888e+01 -9.413536e-01  1.656192e+02
     vertex  2.505353e+01 -1.155616e+00  1.652858e+02
     vertex  2.536676e+01 -1.041609e+00  1.656192e+02
   endloop
 endfacet
 facet normal -4.579942e-01 -5.458162e-01  7.016595e-01
   outer loop
     vertex  2.522020e+01 -8.669410e-01  1.656192e+02
     vertex  2.505353e+01 -1.155616e+00  1.652858e+02
     vertex  2.530888e+01 -9.413536e-01  1.656192e+02
   endloop
 endfacet
 facet normal -7.016788e-01 -1.237599e-01  7.016625e-01
   outer loop
     vertex  2.567999e+01 -9.276027e-01  1.659525e+02
     vertex  2.505353e+01 -1.155616e+00  1.652858e+02
     vertex  2.605352e+01 -1.155616e+00  1.662858e+02
   endloop
 endfacet
 facet normal -6.847426e-01 -5.998065e-02  7.263125e-01
   outer loop
     vertex  2.567999e+01 -9.276027e-01  1.659525e+02
     vertex  2.605352e+01 -1.155616e+00  1.662858e+02
     vertex  2.603834e+01 -9.819680e-01  1.662859e+02
   endloop
 endfacet
 facet normal -6.843272e-01 -1.833649e-01  7.057433e-01
   outer loop
     vertex  2.567999e+01 -9.276027e-01  1.659525e+02
     vertex  2.603834e+01 -9.819680e-01  1.662859e+02
     vertex  2.599323e+01 -8.135960e-01  1.662859e+02
   endloop
 endfacet
 facet normal -6.420897e-01 -2.994114e-01  7.057433e-01
   outer loop
     vertex  2.567999e+01 -9.276027e-01  1.659525e+02
     vertex  2.599323e+01 -8.135960e-01  1.662859e+02
     vertex  2.591956e+01 -6.556161e-01  1.662859e+02
   endloop
 endfacet
 facet normal -4.444711e-01  8.885400e-01  1.137632e-01
   outer loop
     vertex  2.567999e+01 -9.276027e-01  1.659525e+02
     vertex  2.536676e+01 -1.041609e+00  1.656192e+02
     vertex  2.505353e+01 -1.155616e+00  1.652858e+02
   endloop
 endfacet
 facet normal -2.436936e-01 -6.695427e-01  7.016595e-01
   outer loop
     vertex  2.511142e+01 -8.273469e-01  1.656192e+02
     vertex  2.505353e+01 -1.155616e+00  1.652858e+02
     vertex  2.522020e+01 -8.669410e-01  1.656192e+02
   endloop
 endfacet
 facet normal -5.803427e-01 -4.063603e-01  7.057433e-01
   outer loop
     vertex  2.556423e+01 -7.270911e-01  1.659525e+02
     vertex  2.591956e+01 -6.556161e-01  1.662859e+02
     vertex  2.581958e+01 -5.128285e-01  1.662859e+02
   endloop
 endfacet
 facet normal -5.009623e-01 -5.009623e-01  7.057433e-01
   outer loop
     vertex  2.556423e+01 -7.270911e-01  1.659525e+02
     vertex  2.581958e+01 -5.128285e-01  1.662859e+02
     vertex  2.569632e+01 -3.895717e-01  1.662859e+02
   endloop
 endfacet
 facet normal -6.170539e-01 -3.562562e-01  7.016595e-01
   outer loop
     vertex  2.556423e+01 -7.270911e-01  1.659525e+02
     vertex  2.536676e+01 -1.041609e+00  1.656192e+02
     vertex  2.567999e+01 -9.276027e-01  1.659525e+02
   endloop
 endfacet
 facet normal -6.170539e-01 -3.562562e-01  7.016595e-01
   outer loop
     vertex  2.556423e+01 -7.270911e-01  1.659525e+02
     vertex  2.530888e+01 -9.413536e-01  1.656192e+02
     vertex  2.536676e+01 -1.041609e+00  1.656192e+02
   endloop
 endfacet
 facet normal -6.031533e-01 -3.482307e-01  7.175942e-01
   outer loop
     vertex  2.556423e+01 -7.270911e-01  1.659525e+02
     vertex  2.567999e+01 -9.276027e-01  1.659525e+02
     vertex  2.591956e+01 -6.556161e-01  1.662859e+02
   endloop
 endfacet
 facet normal  0.000000e+00  0.000000e+00  0.000000e+00
   outer loop
     vertex  2.499565e+01 -8.273469e-01  1.656192e+02
     vertex  2.505353e+01 -1.155616e+00  1.652858e+02
     vertex  2.505353e+01 -1.155616e+00  1.652858e+02
   endloop
 endfacet
 facet normal -2.938273e-14 -7.125124e-01  7.016595e-01
   outer loop
     vertex  2.499565e+01 -8.273469e-01  1.656192e+02
     vertex  2.505353e+01 -1.155616e+00  1.652858e+02
     vertex  2.511142e+01 -8.273469e-01  1.656192e+02
   endloop
 endfacet
 facet normal -4.063603e-01 -5.803427e-01  7.057433e-01
   outer loop
     vertex  2.538687e+01 -5.782659e-01  1.659525e+02
     vertex  2.569632e+01 -3.895717e-01  1.662859e+02
     vertex  2.555353e+01 -2.895907e-01  1.662859e+02
   endloop
 endfacet
 facet normal -2.994114e-01 -6.420897e-01  7.057433e-01
   outer loop
     vertex  2.538687e+01 -5.782659e-01  1.659525e+02
     vertex  2.555353e+01 -2.895907e-01  1.662859e+02
     vertex  2.539555e+01 -2.159235e-01  1.662859e+02
   endloop
 endfacet
 facet normal -4.579942e-01 -5.458162e-01  7.016595e-01
   outer loop
     vertex  2.538687e+01 -5.782659e-01  1.659525e+02
     vertex  2.530888e+01 -9.413536e-01  1.656192e+02
     vertex  2.556423e+01 -7.270911e-01  1.659525e+02
   endloop
 endfacet
 facet normal -4.579942e-01 -5.458162e-01  7.016595e-01
   outer loop
     vertex  2.538687e+01 -5.782659e-01  1.659525e+02
     vertex  2.522020e+01 -8.669410e-01  1.656192e+02
     vertex  2.530888e+01 -9.413536e-01  1.656192e+02
   endloop
 endfacet
 facet normal -4.476768e-01 -5.335204e-01  7.175942e-01
   outer loop
     vertex  2.538687e+01 -5.782659e-01  1.659525e+02
     vertex  2.556423e+01 -7.270911e-01  1.659525e+02
     vertex  2.569632e+01 -3.895717e-01  1.662859e+02
   endloop
 endfacet
 facet normal  2.436936e-01 -6.695427e-01  7.016595e-01
   outer loop
     vertex  2.488687e+01 -8.669410e-01  1.656192e+02
     vertex  2.505353e+01 -1.155616e+00  1.652858e+02
     vertex  2.499565e+01 -8.273469e-01  1.656192e+02
   endloop
 endfacet
 facet normal -1.833649e-01 -6.843272e-01  7.057433e-01
   outer loop
     vertex  2.516930e+01 -4.990776e-01  1.659525e+02
     vertex  2.539555e+01 -2.159235e-01  1.662859e+02
     vertex  2.522718e+01 -1.708084e-01  1.662859e+02
   endloop
 endfacet
 facet normal -6.174702e-02 -7.057717e-01  7.057433e-01
   outer loop
     vertex  2.516930e+01 -4.990776e-01  1.659525e+02
     vertex  2.522718e+01 -1.708084e-01  1.662859e+02
     vertex  2.505353e+01 -1.556161e-01  1.662859e+02
   endloop
 endfacet
 facet normal -2.436936e-01 -6.695427e-01  7.016595e-01
   outer loop
     vertex  2.516930e+01 -4.990776e-01  1.659525e+02
     vertex  2.511142e+01 -8.273469e-01  1.656192e+02
     vertex  2.522020e+01 -8.669410e-01  1.656192e+02
   endloop
 endfacet
 facet normal -2.382038e-01 -6.544597e-01  7.175942e-01
   outer loop
     vertex  2.516930e+01 -4.990776e-01  1.659525e+02
     vertex  2.538687e+01 -5.782659e-01  1.659525e+02
     vertex  2.539555e+01 -2.159235e-01  1.662859e+02
   endloop
 endfacet
 facet normal -2.436936e-01 -6.695427e-01  7.016595e-01
   outer loop
     vertex  2.516930e+01 -4.990776e-01  1.659525e+02
     vertex  2.522020e+01 -8.669410e-01  1.656192e+02
     vertex  2.538687e+01 -5.782659e-01  1.659525e+02
   endloop
 endfacet
 facet normal  4.579942e-01 -5.458162e-01  7.016595e-01
   outer loop
     vertex  2.479818e+01 -9.413536e-01  1.656192e+02
     vertex  2.505353e+01 -1.155616e+00  1.652858e+02
     vertex  2.488687e+01 -8.669410e-01  1.656192e+02
   endloop
 endfacet
 facet normal  6.174702e-02 -7.057717e-01  7.057433e-01
   outer loop
     vertex  2.493777e+01 -4.990776e-01  1.659525e+02
     vertex  2.505353e+01 -1.556161e-01  1.662859e+02
     vertex  2.487988e+01 -1.708084e-01  1.662859e+02
   endloop
 endfacet
 facet normal  1.833649e-01 -6.843272e-01  7.057433e-01
   outer loop
     vertex  2.493777e+01 -4.990776e-01  1.659525e+02
     vertex  2.487988e+01 -1.708084e-01  1.662859e+02
     vertex  2.471151e+01 -2.159235e-01  1.662859e+02
   endloop
 endfacet
 facet normal -2.946696e-14 -7.125124e-01  7.016595e-01
   outer loop
     vertex  2.493777e+01 -4.990776e-01  1.659525e+02
     vertex  2.499565e+01 -8.273469e-01  1.656192e+02
     vertex  2.511142e+01 -8.273469e-01  1.656192e+02
   endloop
 endfacet
 facet normal -2.872082e-14 -6.964615e-01  7.175942e-01
   outer loop
     vertex  2.493777e+01 -4.990776e-01  1.659525e+02
     vertex  2.516930e+01 -4.990776e-01  1.659525e+02
     vertex  2.505353e+01 -1.556161e-01  1.662859e+02
   endloop
 endfacet
 facet normal -2.938273e-14 -7.125124e-01  7.016595e-01
   outer loop
     vertex  2.493777e+01 -4.990776e-01  1.659525e+02
     vertex  2.511142e+01 -8.273469e-01  1.656192e+02
     vertex  2.516930e+01 -4.990776e-01  1.659525e+02
   endloop
 endfacet
 facet normal  6.170539e-01 -3.562562e-01  7.016595e-01
   outer loop
     vertex  2.474030e+01 -1.041609e+00  1.656192e+02
     vertex  2.505353e+01 -1.155616e+00  1.652858e+02
     vertex  2.479818e+01 -9.413536e-01  1.656192e+02
   endloop
 endfacet
 facet normal  2.994114e-01 -6.420897e-01  7.057433e-01
   outer loop
     vertex  2.472020e+01 -5.782659e-01  1.659525e+02
     vertex  2.471151e+01 -2.159235e-01  1.662859e+02
     vertex  2.455353e+01 -2.895907e-01  1.662859e+02
   endloop
 endfacet
 facet normal  4.063603e-01 -5.803427e-01  7.057433e-01
   outer loop
     vertex  2.472020e+01 -5.782659e-01  1.659525e+02
     vertex  2.455353e+01 -2.895907e-01  1.662859e+02
     vertex  2.441075e+01 -3.895717e-01  1.662859e+02
   endloop
 endfacet
 facet normal  2.382038e-01 -6.544597e-01  7.175942e-01
   outer loop
     vertex  2.472020e+01 -5.782659e-01  1.659525e+02
     vertex  2.493777e+01 -4.990776e-01  1.659525e+02
     vertex  2.471151e+01 -2.159235e-01  1.662859e+02
   endloop
 endfacet
 facet normal  2.436936e-01 -6.695427e-01  7.016595e-01
   outer loop
     vertex  2.472020e+01 -5.782659e-01  1.659525e+02
     vertex  2.499565e+01 -8.273469e-01  1.656192e+02
     vertex  2.493777e+01 -4.990776e-01  1.659525e+02
   endloop
 endfacet
 facet normal  2.436936e-01 -6.695427e-01  7.016595e-01
   outer loop
     vertex  2.472020e+01 -5.782659e-01  1.659525e+02
     vertex  2.488687e+01 -8.669410e-01  1.656192e+02
     vertex  2.499565e+01 -8.273469e-01  1.656192e+02
   endloop
 endfacet
 facet normal  5.009623e-01 -5.009623e-01  7.057433e-01
   outer loop
     vertex  2.454284e+01 -7.270911e-01  1.659525e+02
     vertex  2.441075e+01 -3.895717e-01  1.662859e+02
     vertex  2.428749e+01 -5.128285e-01  1.662859e+02
   endloop
 endfacet
 facet normal  5.803427e-01 -4.063603e-01  7.057433e-01
   outer loop
     vertex  2.454284e+01 -7.270911e-01  1.659525e+02
     vertex  2.428749e+01 -5.128285e-01  1.662859e+02
     vertex  2.418751e+01 -6.556161e-01  1.662859e+02
   endloop
 endfacet
 facet normal  4.476768e-01 -5.335204e-01  7.175942e-01
   outer loop
     vertex  2.454284e+01 -7.270911e-01  1.659525e+02
     vertex  2.472020e+01 -5.782659e-01  1.659525e+02
     vertex  2.441075e+01 -3.895717e-01  1.662859e+02
   endloop
 endfacet
 facet normal  4.579942e-01 -5.458162e-01  7.016595e-01
   outer loop
     vertex  2.454284e+01 -7.270911e-01  1.659525e+02
     vertex  2.479818e+01 -9.413536e-01  1.656192e+02
     vertex  2.488687e+01 -8.669410e-01  1.656192e+02
   endloop
 endfacet
 facet normal  4.579942e-01 -5.458162e-01  7.016595e-01
   outer loop
     vertex  2.454284e+01 -7.270911e-01  1.659525e+02
     vertex  2.488687e+01 -8.669410e-01  1.656192e+02
     vertex  2.472020e+01 -5.782659e-01  1.659525e+02
   endloop
 endfacet
 facet normal  7.016788e-01 -1.237599e-01  7.016625e-01
   outer loop
     vertex  2.442707e+01 -9.276027e-01  1.659525e+02
     vertex  2.405354e+01 -1.155616e+00  1.662858e+02
     vertex  2.505353e+01 -1.155616e+00  1.652858e+02
   endloop
 endfacet
 facet normal  6.420897e-01 -2.994114e-01  7.057433e-01
   outer loop
     vertex  2.442707e+01 -9.276027e-01  1.659525e+02
     vertex  2.418751e+01 -6.556161e-01  1.662859e+02
     vertex  2.411384e+01 -8.135960e-01  1.662859e+02
   endloop
 endfacet
 facet normal  6.843272e-01 -1.833649e-01  7.057433e-01
   outer loop
     vertex  2.442707e+01 -9.276027e-01  1.659525e+02
     vertex  2.411384e+01 -8.135960e-01  1.662859e+02
     vertex  2.406873e+01 -9.819680e-01  1.662859e+02
   endloop
 endfacet
 facet normal  6.847426e-01 -5.998065e-02  7.263125e-01
   outer loop
     vertex  2.442707e+01 -9.276027e-01  1.659525e+02
     vertex  2.406873e+01 -9.819680e-01  1.662859e+02
     vertex  2.405354e+01 -1.155616e+00  1.662858e+02
   endloop
 endfacet
 facet normal  6.031533e-01 -3.482307e-01  7.175942e-01
   outer loop
     vertex  2.442707e+01 -9.276027e-01  1.659525e+02
     vertex  2.454284e+01 -7.270911e-01  1.659525e+02
     vertex  2.418751e+01 -6.556161e-01  1.662859e+02
   endloop
 endfacet
 facet normal  2.743441e-01  9.590646e-01 -7.021753e-02
   outer loop
     vertex  2.442707e+01 -9.276027e-01  1.659525e+02
     vertex  2.505353e+01 -1.155616e+00  1.652858e+02
     vertex  2.474030e+01 -1.041609e+00  1.656192e+02
   endloop
 endfacet
 facet normal  6.170539e-01 -3.562562e-01  7.016595e-01
   outer loop
     vertex  2.442707e+01 -9.276027e-01  1.659525e+02
     vertex  2.474030e+01 -1.041609e+00  1.656192e+02
     vertex  2.479818e+01 -9.413536e-01  1.656192e+02
   endloop
 endfacet
 facet normal  6.170539e-01 -3.562562e-01  7.016595e-01
   outer loop
     vertex  2.442707e+01 -9.276027e-01  1.659525e+02
     vertex  2.479818e+01 -9.413536e-01  1.656192e+02
     vertex  2.454284e+01 -7.270911e-01  1.659525e+02
   endloop
 endfacet
 facet normal  7.016788e-01  1.237599e-01  7.016625e-01
   outer loop
     vertex  2.474030e+01 -1.269623e+00  1.656192e+02
     vertex  2.505353e+01 -1.155616e+00  1.652858e+02
     vertex  2.405354e+01 -1.155616e+00  1.662858e+02
   endloop
 endfacet
 facet normal  6.170539e-01  3.562562e-01  7.016595e-01
   outer loop
     vertex  2.479818e+01 -1.369879e+00  1.656192e+02
     vertex  2.505353e+01 -1.155616e+00  1.652858e+02
     vertex  2.474030e+01 -1.269623e+00  1.656192e+02
   endloop
 endfacet
 facet normal  4.579942e-01  5.458162e-01  7.016595e-01
   outer loop
     vertex  2.488687e+01 -1.444291e+00  1.656192e+02
     vertex  2.505353e+01 -1.155616e+00  1.652858e+02
     vertex  2.479818e+01 -1.369879e+00  1.656192e+02
   endloop
 endfacet
 facet normal  6.847426e-01  5.998065e-02  7.263125e-01
   outer loop
     vertex  2.442707e+01 -1.383630e+00  1.659525e+02
     vertex  2.405354e+01 -1.155616e+00  1.662858e+02
     vertex  2.406873e+01 -1.329264e+00  1.662859e+02
   endloop
 endfacet
 facet normal  6.843272e-01  1.833649e-01  7.057433e-01
   outer loop
     vertex  2.442707e+01 -1.383630e+00  1.659525e+02
     vertex  2.406873e+01 -1.329264e+00  1.662859e+02
     vertex  2.411384e+01 -1.497636e+00  1.662859e+02
   endloop
 endfacet
 facet normal  6.420897e-01  2.994114e-01  7.057433e-01
   outer loop
     vertex  2.442707e+01 -1.383630e+00  1.659525e+02
     vertex  2.411384e+01 -1.497636e+00  1.662859e+02
     vertex  2.418751e+01 -1.655616e+00  1.662859e+02
   endloop
 endfacet
 facet normal  7.016788e-01  1.237599e-01  7.016625e-01
   outer loop
     vertex  2.442707e+01 -1.383630e+00  1.659525e+02
     vertex  2.474030e+01 -1.269623e+00  1.656192e+02
     vertex  2.405354e+01 -1.155616e+00  1.662858e+02
   endloop
 endfacet
 facet normal  2.436936e-01  6.695427e-01  7.016595e-01
   outer loop
     vertex  2.499565e+01 -1.483885e+00  1.656192e+02
     vertex  2.505353e+01 -1.155616e+00  1.652858e+02
     vertex  2.488687e+01 -1.444291e+00  1.656192e+02
   endloop
 endfacet
 facet normal  5.803427e-01  4.063603e-01  7.057433e-01
   outer loop
     vertex  2.454284e+01 -1.584141e+00  1.659525e+02
     vertex  2.418751e+01 -1.655616e+00  1.662859e+02
     vertex  2.428749e+01 -1.798404e+00  1.662859e+02
   endloop
 endfacet
 facet normal  5.009623e-01  5.009623e-01  7.057433e-01
   outer loop
     vertex  2.454284e+01 -1.584141e+00  1.659525e+02
     vertex  2.428749e+01 -1.798404e+00  1.662859e+02
     vertex  2.441075e+01 -1.921661e+00  1.662859e+02
   endloop
 endfacet
 facet normal  6.170539e-01  3.562562e-01  7.016595e-01
   outer loop
     vertex  2.454284e+01 -1.584141e+00  1.659525e+02
     vertex  2.474030e+01 -1.269623e+00  1.656192e+02
     vertex  2.442707e+01 -1.383630e+00  1.659525e+02
   endloop
 endfacet
 facet normal  6.170539e-01  3.562562e-01  7.016595e-01
   outer loop
     vertex  2.454284e+01 -1.584141e+00  1.659525e+02
     vertex  2.479818e+01 -1.369879e+00  1.656192e+02
     vertex  2.474030e+01 -1.269623e+00  1.656192e+02
   endloop
 endfacet
 facet normal  6.031533e-01  3.482307e-01  7.175942e-01
   outer loop
     vertex  2.454284e+01 -1.584141e+00  1.659525e+02
     vertex  2.442707e+01 -1.383630e+00  1.659525e+02
     vertex  2.418751e+01 -1.655616e+00  1.662859e+02
   endloop
 endfacet
 facet normal  0.000000e+00  0.000000e+00  0.000000e+00
   outer loop
     vertex  2.511142e+01 -1.483885e+00  1.656192e+02
     vertex  2.505353e+01 -1.155616e+00  1.652858e+02
     vertex  2.505353e+01 -1.155616e+00  1.652858e+02
   endloop
 endfacet
 facet normal  1.910151e-10  7.125124e-01  7.016595e-01
   outer loop
     vertex  2.511142e+01 -1.483885e+00  1.656192e+02
     vertex  2.505353e+01 -1.155616e+00  1.652858e+02
     vertex  2.499565e+01 -1.483885e+00  1.656192e+02
   endloop
 endfacet
 facet normal  4.063603e-01  5.803427e-01  7.057433e-01
   outer loop
     vertex  2.472020e+01 -1.732966e+00  1.659525e+02
     vertex  2.441075e+01 -1.921661e+00  1.662859e+02
     vertex  2.455353e+01 -2.021642e+00  1.662859e+02
   endloop
 endfacet
 facet normal  2.994114e-01  6.420897e-01  7.057433e-01
   outer loop
     vertex  2.472020e+01 -1.732966e+00  1.659525e+02
     vertex  2.455353e+01 -2.021642e+00  1.662859e+02
     vertex  2.471151e+01 -2.095309e+00  1.662859e+02
   endloop
 endfacet
 facet normal  4.579942e-01  5.458162e-01  7.016595e-01
   outer loop
     vertex  2.472020e+01 -1.732966e+00  1.659525e+02
     vertex  2.479818e+01 -1.369879e+00  1.656192e+02
     vertex  2.454284e+01 -1.584141e+00  1.659525e+02
   endloop
 endfacet
 facet normal  4.579942e-01  5.458162e-01  7.016595e-01
   outer loop
     vertex  2.472020e+01 -1.732966e+00  1.659525e+02
     vertex  2.488687e+01 -1.444291e+00  1.656192e+02
     vertex  2.479818e+01 -1.369879e+00  1.656192e+02
   endloop
 endfacet
 facet normal  4.476768e-01  5.335204e-01  7.175942e-01
   outer loop
     vertex  2.472020e+01 -1.732966e+00  1.659525e+02
     vertex  2.454284e+01 -1.584141e+00  1.659525e+02
     vertex  2.441075e+01 -1.921661e+00  1.662859e+02
   endloop
 endfacet
 facet normal -2.436936e-01  6.695427e-01  7.016595e-01
   outer loop
     vertex  2.522020e+01 -1.444291e+00  1.656192e+02
     vertex  2.505353e+01 -1.155616e+00  1.652858e+02
     vertex  2.511142e+01 -1.483885e+00  1.656192e+02
   endloop
 endfacet
 facet normal  1.833649e-01  6.843272e-01  7.057433e-01
   outer loop
     vertex  2.493777e+01 -1.812155e+00  1.659525e+02
     vertex  2.471151e+01 -2.095309e+00  1.662859e+02
     vertex  2.487988e+01 -2.140424e+00  1.662859e+02
   endloop
 endfacet
 facet normal  6.174702e-02  7.057717e-01  7.057433e-01
   outer loop
     vertex  2.493777e+01 -1.812155e+00  1.659525e+02
     vertex  2.487988e+01 -2.140424e+00  1.662859e+02
     vertex  2.505353e+01 -2.155616e+00  1.662859e+02
   endloop
 endfacet
 facet normal  2.436936e-01  6.695427e-01  7.016595e-01
   outer loop
     vertex  2.493777e+01 -1.812155e+00  1.659525e+02
     vertex  2.488687e+01 -1.444291e+00  1.656192e+02
     vertex  2.472020e+01 -1.732966e+00  1.659525e+02
   endloop
 endfacet
 facet normal  2.382038e-01  6.544597e-01  7.175942e-01
   outer loop
     vertex  2.493777e+01 -1.812155e+00  1.659525e+02
     vertex  2.472020e+01 -1.732966e+00  1.659525e+02
     vertex  2.471151e+01 -2.095309e+00  1.662859e+02
   endloop
 endfacet
 facet normal  2.436936e-01  6.695427e-01  7.016595e-01
   outer loop
     vertex  2.493777e+01 -1.812155e+00  1.659525e+02
     vertex  2.499565e+01 -1.483885e+00  1.656192e+02
     vertex  2.488687e+01 -1.444291e+00  1.656192e+02
   endloop
 endfacet
 facet normal -4.579942e-01  5.458162e-01  7.016595e-01
   outer loop
     vertex  2.530888e+01 -1.369879e+00  1.656192e+02
     vertex  2.505353e+01 -1.155616e+00  1.652858e+02
     vertex  2.522020e+01 -1.444291e+00  1.656192e+02
   endloop
 endfacet
 facet normal -6.174702e-02  7.057717e-01  7.057433e-01
   outer loop
     vertex  2.516930e+01 -1.812155e+00  1.659525e+02
     vertex  2.505353e+01 -2.155616e+00  1.662859e+02
     vertex  2.522718e+01 -2.140424e+00  1.662859e+02
   endloop
 endfacet
 facet normal -1.833649e-01  6.843272e-01  7.057433e-01
   outer loop
     vertex  2.516930e+01 -1.812155e+00  1.659525e+02
     vertex  2.522718e+01 -2.140424e+00  1.662859e+02
     vertex  2.539555e+01 -2.095309e+00  1.662859e+02
   endloop
 endfacet
 facet normal  1.867120e-10  6.964615e-01  7.175942e-01
   outer loop
     vertex  2.516930e+01 -1.812155e+00  1.659525e+02
     vertex  2.493777e+01 -1.812155e+00  1.659525e+02
     vertex  2.505353e+01 -2.155616e+00  1.662859e+02
   endloop
 endfacet
 facet normal  1.910151e-10  7.125124e-01  7.016595e-01
   outer loop
     vertex  2.516930e+01 -1.812155e+00  1.659525e+02
     vertex  2.511142e+01 -1.483885e+00  1.656192e+02
     vertex  2.499565e+01 -1.483885e+00  1.656192e+02
   endloop
 endfacet
 facet normal  1.910151e-10  7.125124e-01  7.016595e-01
   outer loop
     vertex  2.516930e+01 -1.812155e+00  1.659525e+02
     vertex  2.499565e+01 -1.483885e+00  1.656192e+02
     vertex  2.493777e+01 -1.812155e+00  1.659525e+02
   endloop
 endfacet
 facet normal -7.016788e-01  1.237599e-01  7.016625e-01
   outer loop
     vertex  2.536676e+01 -1.269623e+00  1.656192e+02
     vertex  2.605352e+01 -1.155616e+00  1.662858e+02
     vertex  2.505353e+01 -1.155616e+00  1.652858e+02
   endloop
 endfacet
 facet normal -6.170539e-01  3.562562e-01  7.016595e-01
   outer loop
     vertex  2.536676e+01 -1.269623e+00  1.656192e+02
     vertex  2.505353e+01 -1.155616e+00  1.652858e+02
     vertex  2.530888e+01 -1.369879e+00  1.656192e+02
   endloop
 endfacet
 facet normal -2.994114e-01  6.420897e-01  7.057433e-01
   outer loop
     vertex  2.538687e+01 -1.732966e+00  1.659525e+02
     vertex  2.539555e+01 -2.095309e+00  1.662859e+02
     vertex  2.555353e+01 -2.021642e+00  1.662859e+02
   endloop
 endfacet
 facet normal -4.063603e-01  5.803427e-01  7.057433e-01
   outer loop
     vertex  2.538687e+01 -1.732966e+00  1.659525e+02
     vertex  2.555353e+01 -2.021642e+00  1.662859e+02
     vertex  2.569632e+01 -1.921661e+00  1.662859e+02
   endloop
 endfacet
 facet normal -2.436936e-01  6.695427e-01  7.016595e-01
   outer loop
     vertex  2.538687e+01 -1.732966e+00  1.659525e+02
     vertex  2.511142e+01 -1.483885e+00  1.656192e+02
     vertex  2.516930e+01 -1.812155e+00  1.659525e+02
   endloop
 endfacet
 facet normal -2.382038e-01  6.544597e-01  7.175942e-01
   outer loop
     vertex  2.538687e+01 -1.732966e+00  1.659525e+02
     vertex  2.516930e+01 -1.812155e+00  1.659525e+02
     vertex  2.539555e+01 -2.095309e+00  1.662859e+02
   endloop
 endfacet
 facet normal -2.436936e-01  6.695427e-01  7.016595e-01
   outer loop
     vertex  2.538687e+01 -1.732966e+00  1.659525e+02
     vertex  2.522020e+01 -1.444291e+00  1.656192e+02
     vertex  2.511142e+01 -1.483885e+00  1.656192e+02
   endloop
 endfacet
 facet normal -4.579942e-01  5.458162e-01  7.016595e-01
   outer loop
     vertex  2.538687e+01 -1.732966e+00  1.659525e+02
     vertex  2.530888e+01 -1.369879e+00  1.656192e+02
     vertex  2.522020e+01 -1.444291e+00  1.656192e+02
   endloop
 endfacet
 facet normal -5.009623e-01  5.009623e-01  7.057433e-01
   outer loop
     vertex  2.556423e+01 -1.584141e+00  1.659525e+02
     vertex  2.569632e+01 -1.921661e+00  1.662859e+02
     vertex  2.581958e+01 -1.798404e+00  1.662859e+02
   endloop
 endfacet
 facet normal -5.803427e-01  4.063603e-01  7.057433e-01
   outer loop
     vertex  2.556423e+01 -1.584141e+00  1.659525e+02
     vertex  2.581958e+01 -1.798404e+00  1.662859e+02
     vertex  2.591956e+01 -1.655616e+00  1.662859e+02
   endloop
 endfacet
 facet normal -4.476768e-01  5.335204e-01  7.175942e-01
   outer loop
     vertex  2.556423e+01 -1.584141e+00  1.659525e+02
     vertex  2.538687e+01 -1.732966e+00  1.659525e+02
     vertex  2.569632e+01 -1.921661e+00  1.662859e+02
   endloop
 endfacet
 facet normal -4.579942e-01  5.458162e-01  7.016595e-01
   outer loop
     vertex  2.556423e+01 -1.584141e+00  1.659525e+02
     vertex  2.530888e+01 -1.369879e+00  1.656192e+02
     vertex  2.538687e+01 -1.732966e+00  1.659525e+02
   endloop
 endfacet
 facet normal -6.420897e-01  2.994114e-01  7.057433e-01
   outer loop
     vertex  2.567999e+01 -1.383630e+00  1.659525e+02
     vertex  2.591956e+01 -1.655616e+00  1.662859e+02
     vertex  2.599323e+01 -1.497636e+00  1.662859e+02
   endloop
 endfacet
 facet normal -6.843272e-01  1.833649e-01  7.057433e-01
   outer loop
     vertex  2.567999e+01 -1.383630e+00  1.659525e+02
     vertex  2.599323e+01 -1.497636e+00  1.662859e+02
     vertex  2.603834e+01 -1.329264e+00  1.662859e+02
   endloop
 endfacet
 facet normal -6.847426e-01  5.998065e-02  7.263125e-01
   outer loop
     vertex  2.567999e+01 -1.383630e+00  1.659525e+02
     vertex  2.603834e+01 -1.329264e+00  1.662859e+02
     vertex  2.605352e+01 -1.155616e+00  1.662858e+02
   endloop
 endfacet
 facet normal -6.031533e-01  3.482307e-01  7.175942e-01
   outer loop
     vertex  2.567999e+01 -1.383630e+00  1.659525e+02
     vertex  2.556423e+01 -1.584141e+00  1.659525e+02
     vertex  2.591956e+01 -1.655616e+00  1.662859e+02
   endloop
 endfacet
 facet normal -7.016788e-01  1.237599e-01  7.016625e-01
   outer loop
     vertex  2.567999e+01 -1.383630e+00  1.659525e+02
     vertex  2.605352e+01 -1.155616e+00  1.662858e+02
     vertex  2.536676e+01 -1.269623e+00  1.656192e+02
   endloop
 endfacet
 facet normal -6.170539e-01  3.562562e-01  7.016595e-01
   outer loop
     vertex  2.567999e+01 -1.383630e+00  1.659525e+02
     vertex  2.536676e+01 -1.269623e+00  1.656192e+02
     vertex  2.530888e+01 -1.369879e+00  1.656192e+02
   endloop
 endfacet
 facet normal -6.170539e-01  3.562562e-01  7.016595e-01
   outer loop
     vertex  2.567999e+01 -1.383630e+00  1.659525e+02
     vertex  2.530888e+01 -1.369879e+00  1.656192e+02
     vertex  2.556423e+01 -1.584141e+00  1.659525e+02
   endloop
 endfacet
 facet normal -6.170539e-01 -3.562562e-01  7.016595e-01
   outer loop
     vertex  3.830888e+01 -9.413536e-01  1.656192e+02
     vertex  3.805353e+01 -1.155616e+00  1.652858e+02
     vertex  3.836676e+01 -1.041609e+00  1.656192e+02
   endloop
 endfacet
 facet normal -4.579942e-01 -5.458162e-01  7.016595e-01
   outer loop
     vertex  3.822020e+01 -8.669410e-01  1.656192e+02
     vertex  3.805353e+01 -1.155616e+00  1.652858e+02
     vertex  3.830888e+01 -9.413536e-01  1.656192e+02
   endloop
 endfacet
 facet normal -6.847397e-01 -5.990696e-02  7.263214e-01
   outer loop
     vertex  3.867999e+01 -9.276027e-01  1.659525e+02
     vertex  3.905353e+01 -1.155616e+00  1.662859e+02
     vertex  3.903834e+01 -9.819680e-01  1.662859e+02
   endloop
 endfacet
 facet normal -6.843272e-01 -1.833649e-01  7.057433e-01
   outer loop
     vertex  3.867999e+01 -9.276027e-01  1.659525e+02
     vertex  3.903834e+01 -9.819680e-01  1.662859e+02
     vertex  3.899323e+01 -8.135960e-01  1.662859e+02
   endloop
 endfacet
 facet normal -6.420897e-01 -2.994114e-01  7.057433e-01
   outer loop
     vertex  3.867999e+01 -9.276027e-01  1.659525e+02
     vertex  3.899323e+01 -8.135960e-01  1.662859e+02
     vertex  3.891956e+01 -6.556161e-01  1.662859e+02
   endloop
 endfacet
 facet normal -7.016877e-01 -1.237265e-01  7.016595e-01
   outer loop
     vertex  3.867999e+01 -9.276027e-01  1.659525e+02
     vertex  3.805353e+01 -1.155616e+00  1.652858e+02
     vertex  3.905353e+01 -1.155616e+00  1.662859e+02
   endloop
 endfacet
 facet normal -4.117061e-01  9.081187e-01  7.627913e-02
   outer loop
     vertex  3.867999e+01 -9.276027e-01  1.659525e+02
     vertex  3.836676e+01 -1.041609e+00  1.656192e+02
     vertex  3.805353e+01 -1.155616e+00  1.652858e+02
   endloop
 endfacet
 facet normal  0.000000e+00  0.000000e+00  0.000000e+00
   outer loop
     vertex  3.811142e+01 -8.273469e-01  1.656192e+02
     vertex  3.805353e+01 -1.155616e+00  1.652858e+02
     vertex  3.805353e+01 -1.155616e+00  1.652858e+02
   endloop
 endfacet
 facet normal -2.436936e-01 -6.695427e-01  7.016595e-01
   outer loop
     vertex  3.811142e+01 -8.273469e-01  1.656192e+02
     vertex  3.805353e+01 -1.155616e+00  1.652858e+02
     vertex  3.822020e+01 -8.669410e-01  1.656192e+02
   endloop
 endfacet
 facet normal -5.803427e-01 -4.063603e-01  7.057433e-01
   outer loop
     vertex  3.856423e+01 -7.270911e-01  1.659525e+02
     vertex  3.891956e+01 -6.556161e-01  1.662859e+02
     vertex  3.881958e+01 -5.128285e-01  1.662859e+02
   endloop
 endfacet
 facet normal -5.009623e-01 -5.009623e-01  7.057433e-01
   outer loop
     vertex  3.856423e+01 -7.270911e-01  1.659525e+02
     vertex  3.881958e+01 -5.128285e-01  1.662859e+02
     vertex  3.869632e+01 -3.895717e-01  1.662859e+02
   endloop
 endfacet
 facet normal -6.170539e-01 -3.562562e-01  7.016595e-01
   outer loop
     vertex  3.856423e+01 -7.270911e-01  1.659525e+02
     vertex  3.836676e+01 -1.041609e+00  1.656192e+02
     vertex  3.867999e+01 -9.276027e-01  1.659525e+02
   endloop
 endfacet
 facet normal -6.170539e-01 -3.562562e-01  7.016595e-01
   outer loop
     vertex  3.856423e+01 -7.270911e-01  1.659525e+02
     vertex  3.830888e+01 -9.413536e-01  1.656192e+02
     vertex  3.836676e+01 -1.041609e+00  1.656192e+02
   endloop
 endfacet
 facet normal -6.031533e-01 -3.482307e-01  7.175942e-01
   outer loop
     vertex  3.856423e+01 -7.270911e-01  1.659525e+02
     vertex  3.867999e+01 -9.276027e-01  1.659525e+02
     vertex  3.891956e+01 -6.556161e-01  1.662859e+02
   endloop
 endfacet
 facet normal  0.000000e+00 -7.125124e-01  7.016595e-01
   outer loop
     vertex  3.799565e+01 -8.273469e-01  1.656192e+02
     vertex  3.805353e+01 -1.155616e+00  1.652858e+02
     vertex  3.811142e+01 -8.273469e-01  1.656192e+02
   endloop
 endfacet
 facet normal -4.063603e-01 -5.803427e-01  7.057433e-01
   outer loop
     vertex  3.838687e+01 -5.782659e-01  1.659525e+02
     vertex  3.869632e+01 -3.895717e-01  1.662859e+02
     vertex  3.855353e+01 -2.895907e-01  1.662859e+02
   endloop
 endfacet
 facet normal -2.994114e-01 -6.420897e-01  7.057433e-01
   outer loop
     vertex  3.838687e+01 -5.782659e-01  1.659525e+02
     vertex  3.855353e+01 -2.895907e-01  1.662859e+02
     vertex  3.839555e+01 -2.159235e-01  1.662859e+02
   endloop
 endfacet
 facet normal -4.476768e-01 -5.335204e-01  7.175942e-01
   outer loop
     vertex  3.838687e+01 -5.782659e-01  1.659525e+02
     vertex  3.856423e+01 -7.270911e-01  1.659525e+02
     vertex  3.869632e+01 -3.895717e-01  1.662859e+02
   endloop
 endfacet
 facet normal -4.579942e-01 -5.458162e-01  7.016595e-01
   outer loop
     vertex  3.838687e+01 -5.782659e-01  1.659525e+02
     vertex  3.830888e+01 -9.413536e-01  1.656192e+02
     vertex  3.856423e+01 -7.270911e-01  1.659525e+02
   endloop
 endfacet
 facet normal -4.579942e-01 -5.458162e-01  7.016595e-01
   outer loop
     vertex  3.838687e+01 -5.782659e-01  1.659525e+02
     vertex  3.822020e+01 -8.669410e-01  1.656192e+02
     vertex  3.830888e+01 -9.413536e-01  1.656192e+02
   endloop
 endfacet
 facet normal  2.436936e-01 -6.695427e-01  7.016595e-01
   outer loop
     vertex  3.788687e+01 -8.669410e-01  1.656192e+02
     vertex  3.805353e+01 -1.155616e+00  1.652858e+02
     vertex  3.799565e+01 -8.273469e-01  1.656192e+02
   endloop
 endfacet
 facet normal -1.833649e-01 -6.843272e-01  7.057433e-01
   outer loop
     vertex  3.816930e+01 -4.990776e-01  1.659525e+02
     vertex  3.839555e+01 -2.159235e-01  1.662859e+02
     vertex  3.822718e+01 -1.708084e-01  1.662859e+02
   endloop
 endfacet
 facet normal -6.174702e-02 -7.057717e-01  7.057433e-01
   outer loop
     vertex  3.816930e+01 -4.990776e-01  1.659525e+02
     vertex  3.822718e+01 -1.708084e-01  1.662859e+02
     vertex  3.805353e+01 -1.556161e-01  1.662859e+02
   endloop
 endfacet
 facet normal -2.382038e-01 -6.544597e-01  7.175942e-01
   outer loop
     vertex  3.816930e+01 -4.990776e-01  1.659525e+02
     vertex  3.838687e+01 -5.782659e-01  1.659525e+02
     vertex  3.839555e+01 -2.159235e-01  1.662859e+02
   endloop
 endfacet
 facet normal -2.436936e-01 -6.695427e-01  7.016595e-01
   outer loop
     vertex  3.816930e+01 -4.990776e-01  1.659525e+02
     vertex  3.811142e+01 -8.273469e-01  1.656192e+02
     vertex  3.822020e+01 -8.669410e-01  1.656192e+02
   endloop
 endfacet
 facet normal -2.436936e-01 -6.695427e-01  7.016595e-01
   outer loop
     vertex  3.816930e+01 -4.990776e-01  1.659525e+02
     vertex  3.822020e+01 -8.669410e-01  1.656192e+02
     vertex  3.838687e+01 -5.782659e-01  1.659525e+02
   endloop
 endfacet
 facet normal  4.579942e-01 -5.458162e-01  7.016595e-01
   outer loop
     vertex  3.779818e+01 -9.413536e-01  1.656192e+02
     vertex  3.805353e+01 -1.155616e+00  1.652858e+02
     vertex  3.788687e+01 -8.669410e-01  1.656192e+02
   endloop
 endfacet
 facet normal  6.174702e-02 -7.057717e-01  7.057433e-01
   outer loop
     vertex  3.793777e+01 -4.990776e-01  1.659525e+02
     vertex  3.805353e+01 -1.556161e-01  1.662859e+02
     vertex  3.787988e+01 -1.708084e-01  1.662859e+02
   endloop
 endfacet
 facet normal  1.833649e-01 -6.843272e-01  7.057433e-01
   outer loop
     vertex  3.793777e+01 -4.990776e-01  1.659525e+02
     vertex  3.787988e+01 -1.708084e-01  1.662859e+02
     vertex  3.771151e+01 -2.159235e-01  1.662859e+02
   endloop
 endfacet
 facet normal  0.000000e+00 -6.964615e-01  7.175942e-01
   outer loop
     vertex  3.793777e+01 -4.990776e-01  1.659525e+02
     vertex  3.816930e+01 -4.990776e-01  1.659525e+02
     vertex  3.805353e+01 -1.556161e-01  1.662859e+02
   endloop
 endfacet
 facet normal  0.000000e+00 -7.125124e-01  7.016595e-01
   outer loop
     vertex  3.793777e+01 -4.990776e-01  1.659525e+02
     vertex  3.799565e+01 -8.273469e-01  1.656192e+02
     vertex  3.811142e+01 -8.273469e-01  1.656192e+02
   endloop
 endfacet
 facet normal  0.000000e+00 -7.125124e-01  7.016595e-01
   outer loop
     vertex  3.793777e+01 -4.990776e-01  1.659525e+02
     vertex  3.811142e+01 -8.273469e-01  1.656192e+02
     vertex  3.816930e+01 -4.990776e-01  1.659525e+02
   endloop
 endfacet
 facet normal  7.016877e-01 -1.237265e-01  7.016595e-01
   outer loop
     vertex  3.774030e+01 -1.041609e+00  1.656192e+02
     vertex  3.705353e+01 -1.155616e+00  1.662859e+02
     vertex  3.805353e+01 -1.155616e+00  1.652858e+02
   endloop
 endfacet
 facet normal  6.170539e-01 -3.562562e-01  7.016595e-01
   outer loop
     vertex  3.774030e+01 -1.041609e+00  1.656192e+02
     vertex  3.805353e+01 -1.155616e+00  1.652858e+02
     vertex  3.779818e+01 -9.413536e-01  1.656192e+02
   endloop
 endfacet
 facet normal  2.994114e-01 -6.420897e-01  7.057433e-01
   outer loop
     vertex  3.772020e+01 -5.782659e-01  1.659525e+02
     vertex  3.771151e+01 -2.159235e-01  1.662859e+02
     vertex  3.755353e+01 -2.895907e-01  1.662859e+02
   endloop
 endfacet
 facet normal  4.063603e-01 -5.803427e-01  7.057433e-01
   outer loop
     vertex  3.772020e+01 -5.782659e-01  1.659525e+02
     vertex  3.755353e+01 -2.895907e-01  1.662859e+02
     vertex  3.741075e+01 -3.895717e-01  1.662859e+02
   endloop
 endfacet
 facet normal  2.436936e-01 -6.695427e-01  7.016595e-01
   outer loop
     vertex  3.772020e+01 -5.782659e-01  1.659525e+02
     vertex  3.799565e+01 -8.273469e-01  1.656192e+02
     vertex  3.793777e+01 -4.990776e-01  1.659525e+02
   endloop
 endfacet
 facet normal  2.436936e-01 -6.695427e-01  7.016595e-01
   outer loop
     vertex  3.772020e+01 -5.782659e-01  1.659525e+02
     vertex  3.788687e+01 -8.669410e-01  1.656192e+02
     vertex  3.799565e+01 -8.273469e-01  1.656192e+02
   endloop
 endfacet
 facet normal  2.382038e-01 -6.544597e-01  7.175942e-01
   outer loop
     vertex  3.772020e+01 -5.782659e-01  1.659525e+02
     vertex  3.793777e+01 -4.990776e-01  1.659525e+02
     vertex  3.771151e+01 -2.159235e-01  1.662859e+02
   endloop
 endfacet
 facet normal  4.579942e-01 -5.458162e-01  7.016595e-01
   outer loop
     vertex  3.772020e+01 -5.782659e-01  1.659525e+02
     vertex  3.779818e+01 -9.413536e-01  1.656192e+02
     vertex  3.788687e+01 -8.669410e-01  1.656192e+02
   endloop
 endfacet
 facet normal  5.009623e-01 -5.009623e-01  7.057433e-01
   outer loop
     vertex  3.754284e+01 -7.270911e-01  1.659525e+02
     vertex  3.741075e+01 -3.895717e-01  1.662859e+02
     vertex  3.728749e+01 -5.128285e-01  1.662859e+02
   endloop
 endfacet
 facet normal  5.803427e-01 -4.063603e-01  7.057433e-01
   outer loop
     vertex  3.754284e+01 -7.270911e-01  1.659525e+02
     vertex  3.728749e+01 -5.128285e-01  1.662859e+02
     vertex  3.718751e+01 -6.556161e-01  1.662859e+02
   endloop
 endfacet
 facet normal  4.476768e-01 -5.335204e-01  7.175942e-01
   outer loop
     vertex  3.754284e+01 -7.270911e-01  1.659525e+02
     vertex  3.772020e+01 -5.782659e-01  1.659525e+02
     vertex  3.741075e+01 -3.895717e-01  1.662859e+02
   endloop
 endfacet
 facet normal  4.579942e-01 -5.458162e-01  7.016595e-01
   outer loop
     vertex  3.754284e+01 -7.270911e-01  1.659525e+02
     vertex  3.779818e+01 -9.413536e-01  1.656192e+02
     vertex  3.772020e+01 -5.782659e-01  1.659525e+02
   endloop
 endfacet
 facet normal  6.420897e-01 -2.994114e-01  7.057433e-01
   outer loop
     vertex  3.742707e+01 -9.276027e-01  1.659525e+02
     vertex  3.718751e+01 -6.556161e-01  1.662859e+02
     vertex  3.711384e+01 -8.135960e-01  1.662859e+02
   endloop
 endfacet
 facet normal  6.843272e-01 -1.833649e-01  7.057433e-01
   outer loop
     vertex  3.742707e+01 -9.276027e-01  1.659525e+02
     vertex  3.711384e+01 -8.135960e-01  1.662859e+02
     vertex  3.706873e+01 -9.819680e-01  1.662859e+02
   endloop
 endfacet
 facet normal  6.847397e-01 -5.990696e-02  7.263214e-01
   outer loop
     vertex  3.742707e+01 -9.276027e-01  1.659525e+02
     vertex  3.706873e+01 -9.819680e-01  1.662859e+02
     vertex  3.705353e+01 -1.155616e+00  1.662859e+02
   endloop
 endfacet
 facet normal  6.031533e-01 -3.482307e-01  7.175942e-01
   outer loop
     vertex  3.742707e+01 -9.276027e-01  1.659525e+02
     vertex  3.754284e+01 -7.270911e-01  1.659525e+02
     vertex  3.718751e+01 -6.556161e-01  1.662859e+02
   endloop
 endfacet
 facet normal  7.016877e-01 -1.237265e-01  7.016595e-01
   outer loop
     vertex  3.742707e+01 -9.276027e-01  1.659525e+02
     vertex  3.705353e+01 -1.155616e+00  1.662859e+02
     vertex  3.774030e+01 -1.041609e+00  1.656192e+02
   endloop
 endfacet
 facet normal  6.170539e-01 -3.562562e-01  7.016595e-01
   outer loop
     vertex  3.742707e+01 -9.276027e-01  1.659525e+02
     vertex  3.774030e+01 -1.041609e+00  1.656192e+02
     vertex  3.779818e+01 -9.413536e-01  1.656192e+02
   endloop
 endfacet
 facet normal  6.170539e-01 -3.562562e-01  7.016595e-01
   outer loop
     vertex  3.742707e+01 -9.276027e-01  1.659525e+02
     vertex  3.779818e+01 -9.413536e-01  1.656192e+02
     vertex  3.754284e+01 -7.270911e-01  1.659525e+02
   endloop
 endfacet
 facet normal -1.629685e-16  1.000000e+00 -1.647428e-15
   outer loop
     vertex  2.065353e+01  1.344384e+00  1.652858e+02
     vertex  4.245353e+01  1.344384e+00  1.683858e+02
     vertex  4.245353e+01  1.344384e+00  1.652858e+02
   endloop
 endfacet
 facet normal -1.629685e-16  1.000000e+00 -1.647428e-15
   outer loop
     vertex  2.065353e+01  1.344384e+00  1.683858e+02
     vertex  4.245353e+01  1.344384e+00  1.683858e+02
     vertex  2.065353e+01  1.344384e+00  1.652858e+02
   endloop
 endfacet
 facet normal  0.000000e+00  1.000000e+00 -1.332268e-15
   outer loop
     vertex  4.695353e+01  1.044384e+00  1.624858e+02
     vertex  4.245353e+01  1.044384e+00  1.624858e+02
     vertex  4.245353e+01  1.044384e+00  1.649858e+02
   endloop
 endfacet
 facet normal  0.000000e+00  1.000000e+00 -1.614870e-15
   outer loop
     vertex  4.695353e+01  1.044384e+00  1.682858e+02
     vertex  4.245353e+01  1.044384e+00  1.649858e+02
     vertex  4.245353e+01  1.044384e+00  1.682858e+02
   endloop
 endfacet
 facet normal -8.932829e-17  1.000000e+00 -1.493059e-15
   outer loop
     vertex  4.695353e+01  1.044384e+00  1.682858e+02
     vertex  4.695353e+01  1.044384e+00  1.624858e+02
     vertex  4.245353e+01  1.044384e+00  1.649858e+02
   endloop
 endfacet
 facet normal  0.000000e+00  1.776357e-15  1.000000e+00
   outer loop
     vertex  4.695353e+01  8.443839e-01  1.684858e+02
     vertex  4.245353e+01 -1.515562e+01  1.684858e+02
     vertex  4.695353e+01 -1.515562e+01  1.684858e+02
   endloop
 endfacet
 facet normal  0.000000e+00  1.776357e-15  1.000000e+00
   outer loop
     vertex  4.695353e+01  8.443839e-01  1.684858e+02
     vertex  4.245353e+01  8.443839e-01  1.684858e+02
     vertex  4.245353e+01 -1.515562e+01  1.684858e+02
   endloop
 endfacet
 facet normal  0.000000e+00 -1.000000e+00  1.837611e-15
   outer loop
     vertex  4.245353e+01 -1.535562e+01  1.682858e+02
     vertex  4.245353e+01 -1.535562e+01  1.624858e+02
     vertex  4.695353e+01 -1.535562e+01  1.624858e+02
   endloop
 endfacet
 facet normal  0.000000e+00 -1.000000e+00  1.837611e-15
   outer loop
     vertex  4.695353e+01 -1.535562e+01  1.682858e+02
     vertex  4.245353e+01 -1.535562e+01  1.682858e+02
     vertex  4.695353e+01 -1.535562e+01  1.624858e+02
   endloop
 endfacet
 facet normal  1.629685e-16 -1.000000e+00  9.349247e-16
   outer loop
     vertex  4.245353e+01 -1.565562e+01  1.683858e+02
     vertex  2.065353e+01 -1.565562e+01  1.683858e+02
     vertex  2.065353e+01 -1.565562e+01  1.626858e+02
   endloop
 endfacet
 facet normal  1.629685e-16 -1.000000e+00  9.349247e-16
   outer loop
     vertex  4.245353e+01 -1.565562e+01  1.683858e+02
     vertex  2.065353e+01 -1.565562e+01  1.626858e+02
     vertex  4.245353e+01 -1.565562e+01  1.626858e+02
   endloop
 endfacet
 facet normal  0.000000e+00 -1.000000e+00  1.837611e-15
   outer loop
     vertex  1.615353e+01 -1.535562e+01  1.682858e+02
     vertex  1.615353e+01 -1.535562e+01  1.624858e+02
     vertex  2.065353e+01 -1.535562e+01  1.624858e+02
   endloop
 endfacet
 facet normal  0.000000e+00 -1.000000e+00  1.837611e-15
   outer loop
     vertex  2.065353e+01 -1.535562e+01  1.682858e+02
     vertex  1.615353e+01 -1.535562e+01  1.682858e+02
     vertex  2.065353e+01 -1.535562e+01  1.624858e+02
   endloop
 endfacet
 facet normal  0.000000e+00  1.776357e-15  1.000000e+00
   outer loop
     vertex  2.065353e+01  8.443839e-01  1.684858e+02
     vertex  1.615353e+01 -1.515562e+01  1.684858e+02
     vertex  2.065353e+01 -1.515562e+01  1.684858e+02
   endloop
 endfacet
 facet normal  0.000000e+00  1.776357e-15  1.000000e+00
   outer loop
     vertex  2.065353e+01  8.443839e-01  1.684858e+02
     vertex  1.615353e+01  8.443839e-01  1.684858e+02
     vertex  1.615353e+01 -1.515562e+01  1.684858e+02
   endloop
 endfacet
 facet normal  0.000000e+00  1.000000e+00 -1.421085e-15
   outer loop
     vertex  1.615353e+01  1.044384e+00  1.624858e+02
     vertex  2.065353e+01  1.044384e+00  1.649858e+02
     vertex  2.065353e+01  1.044384e+00  1.624858e+02
   endloop
 endfacet
 facet normal  0.000000e+00  1.000000e+00 -1.547584e-15
   outer loop
     vertex  1.615353e+01  1.044384e+00  1.682858e+02
     vertex  2.065353e+01  1.044384e+00  1.682858e+02
     vertex  2.065353e+01  1.044384e+00  1.649858e+02
   endloop
 endfacet
 facet normal  3.998504e-17  1.000000e+00 -1.493059e-15
   outer loop
     vertex  1.615353e+01  1.044384e+00  1.682858e+02
     vertex  2.065353e+01  1.044384e+00  1.649858e+02
     vertex  1.615353e+01  1.044384e+00  1.624858e+02
   endloop
 endfacet
 facet normal -3.179358e-17  1.950903e-01  9.807853e-01
   outer loop
     vertex  2.065353e+01  1.344384e+00  1.646858e+02
     vertex  4.245353e+01  1.229579e+00  1.647087e+02
     vertex  4.245353e+01  1.344384e+00  1.646858e+02
   endloop
 endfacet
 facet normal -9.054046e-17  5.555702e-01  8.314696e-01
   outer loop
     vertex  2.065353e+01  1.229579e+00  1.647087e+02
     vertex  4.245353e+01  1.132252e+00  1.647737e+02
     vertex  4.245353e+01  1.229579e+00  1.647087e+02
   endloop
 endfacet
 facet normal -3.179358e-17  1.950903e-01  9.807853e-01
   outer loop
     vertex  2.065353e+01  1.229579e+00  1.647087e+02
     vertex  4.245353e+01  1.229579e+00  1.647087e+02
     vertex  2.065353e+01  1.344384e+00  1.646858e+02
   endloop
 endfacet
 facet normal -1.355034e-16  8.314696e-01  5.555702e-01
   outer loop
     vertex  2.065353e+01  1.132252e+00  1.647737e+02
     vertex  4.245353e+01  1.067220e+00  1.648710e+02
     vertex  4.245353e+01  1.132252e+00  1.647737e+02
   endloop
 endfacet
 facet normal -9.054046e-17  5.555702e-01  8.314696e-01
   outer loop
     vertex  2.065353e+01  1.132252e+00  1.647737e+02
     vertex  4.245353e+01  1.132252e+00  1.647737e+02
     vertex  2.065353e+01  1.229579e+00  1.647087e+02
   endloop
 endfacet
 facet normal -1.355034e-16  8.314696e-01  5.555702e-01
   outer loop
     vertex  2.065353e+01  1.067220e+00  1.648710e+02
     vertex  4.245353e+01  1.067220e+00  1.648710e+02
     vertex  2.065353e+01  1.132252e+00  1.647737e+02
   endloop
 endfacet
 facet normal -1.498473e-16  9.807853e-01  1.950903e-01
   outer loop
     vertex  2.065353e+01  1.044384e+00  1.649858e+02
     vertex  4.245353e+01  1.044384e+00  1.649858e+02
     vertex  4.245353e+01  1.067220e+00  1.648710e+02
   endloop
 endfacet
 facet normal -1.599250e-16  9.807853e-01  1.950903e-01
   outer loop
     vertex  2.065353e+01  1.044384e+00  1.649858e+02
     vertex  4.245353e+01  1.067220e+00  1.648710e+02
     vertex  2.065353e+01  1.067220e+00  1.648710e+02
   endloop
 endfacet
 facet normal  0.000000e+00  7.071068e-01 -7.071068e-01
   outer loop
     vertex  4.695353e+01  1.044384e+00  1.624858e+02
     vertex  4.695353e+01  8.443839e-01  1.622858e+02
     vertex  4.245353e+01  8.443839e-01  1.622858e+02
   endloop
 endfacet
 facet normal  0.000000e+00  7.071068e-01 -7.071068e-01
   outer loop
     vertex  4.695353e+01  1.044384e+00  1.624858e+02
     vertex  4.245353e+01  8.443839e-01  1.622858e+02
     vertex  4.245353e+01  1.044384e+00  1.624858e+02
   endloop
 endfacet
 facet normal  1.000000e+00  0.000000e+00  0.000000e+00
   outer loop
     vertex  4.245353e+01  1.044384e+00  1.624858e+02
     vertex  4.245353e+01  8.443839e-01  1.622858e+02
     vertex  4.245353e+01  9.443839e-01  1.622858e+02
   endloop
 endfacet
 facet normal  1.000000e+00  0.000000e+00  0.000000e+00
   outer loop
     vertex  4.245353e+01  1.344384e+00  1.626858e+02
     vertex  4.245353e+01  1.044384e+00  1.624858e+02
     vertex  4.245353e+01  9.443839e-01  1.622858e+02
   endloop
 endfacet
 facet normal  1.000000e+00  0.000000e+00  0.000000e+00
   outer loop
     vertex  4.245353e+01  1.229579e+00  1.647087e+02
     vertex  4.245353e+01  1.132252e+00  1.647737e+02
     vertex  4.245353e+01  1.044384e+00  1.624858e+02
   endloop
 endfacet
 facet normal  1.000000e+00  0.000000e+00  0.000000e+00
   outer loop
     vertex  4.245353e+01  1.229579e+00  1.647087e+02
     vertex  4.245353e+01  1.044384e+00  1.624858e+02
     vertex  4.245353e+01  1.344384e+00  1.626858e+02
   endloop
 endfacet
 facet normal  1.000000e+00  0.000000e+00  0.000000e+00
   outer loop
     vertex  4.245353e+01  1.344384e+00  1.646858e+02
     vertex  4.245353e+01  1.229579e+00  1.647087e+02
     vertex  4.245353e+01  1.344384e+00  1.626858e+02
   endloop
 endfacet
 facet normal  1.000000e+00  0.000000e+00  0.000000e+00
   outer loop
     vertex  4.245353e+01  1.044384e+00  1.649858e+02
     vertex  4.245353e+01  1.044384e+00  1.624858e+02
     vertex  4.245353e+01  1.067220e+00  1.648710e+02
   endloop
 endfacet
 facet normal  1.000000e+00  0.000000e+00  0.000000e+00
   outer loop
     vertex  4.245353e+01  1.067220e+00  1.648710e+02
     vertex  4.245353e+01  1.044384e+00  1.624858e+02
     vertex  4.245353e+01  1.132252e+00  1.647737e+02
   endloop
 endfacet
 facet normal  0.000000e+00  7.071068e-01  7.071068e-01
   outer loop
     vertex  4.695353e+01  8.443839e-01  1.684858e+02
     vertex  4.695353e+01  1.044384e+00  1.682858e+02
     vertex  4.245353e+01  1.044384e+00  1.682858e+02
   endloop
 endfacet
 facet normal  0.000000e+00  7.071068e-01  7.071068e-01
   outer loop
     vertex  4.695353e+01  8.443839e-01  1.684858e+02
     vertex  4.245353e+01  1.044384e+00  1.682858e+02
     vertex  4.245353e+01  8.443839e-01  1.684858e+02
   endloop
 endfacet
 facet normal  1.000000e+00  0.000000e+00  0.000000e+00
   outer loop
     vertex  4.695353e+01 -1.065562e+01  1.633358e+02
     vertex  4.695353e+01 -1.515562e+01  1.622858e+02
     vertex  4.695353e+01 -1.065562e+01  1.622858e+02
   endloop
 endfacet
 facet normal  1.000000e+00  0.000000e+00  0.000000e+00
   outer loop
     vertex  4.695353e+01 -1.036860e+01  1.633929e+02
     vertex  4.695353e+01 -1.065562e+01  1.633358e+02
     vertex  4.695353e+01 -1.050930e+01  1.633502e+02
   endloop
 endfacet
 facet normal  1.000000e+00  0.000000e+00  0.000000e+00
   outer loop
     vertex  4.695353e+01 -1.023894e+01  1.634622e+02
     vertex  4.695353e+01 -1.065562e+01  1.633358e+02
     vertex  4.695353e+01 -1.036860e+01  1.633929e+02
   endloop
 endfacet
 facet normal  1.000000e+00  0.000000e+00  0.000000e+00
   outer loop
     vertex  4.695353e+01 -9.962706e+00  1.637988e+02
     vertex  4.695353e+01 -1.012529e+01  1.635555e+02
     vertex  4.695353e+01 -1.003201e+01  1.636691e+02
   endloop
 endfacet
 facet normal  1.000000e+00  0.000000e+00  0.000000e+00
   outer loop
     vertex  4.695353e+01 -9.962706e+00  1.637988e+02
     vertex  4.695353e+01 -1.023894e+01  1.634622e+02
     vertex  4.695353e+01 -1.012529e+01  1.635555e+02
   endloop
 endfacet
 facet normal  1.000000e+00  0.000000e+00  0.000000e+00
   outer loop
     vertex  4.695353e+01 -9.962706e+00  1.637988e+02
     vertex  4.695353e+01 -1.065562e+01  1.633358e+02
     vertex  4.695353e+01 -1.023894e+01  1.634622e+02
   endloop
 endfacet
 facet normal  1.000000e+00  0.000000e+00  0.000000e+00
   outer loop
     vertex  4.695353e+01 -1.065562e+01  1.648358e+02
     vertex  4.695353e+01 -1.535562e+01  1.624858e+02
     vertex  4.695353e+01 -1.515562e+01  1.622858e+02
   endloop
 endfacet
 facet normal  1.000000e+00  0.000000e+00  0.000000e+00
   outer loop
     vertex  4.695353e+01 -1.065562e+01  1.648358e+02
     vertex  4.695353e+01 -1.515562e+01  1.622858e+02
     vertex  4.695353e+01 -1.065562e+01  1.633358e+02
   endloop
 endfacet
 facet normal  1.000000e+00  0.000000e+00  0.000000e+00
   outer loop
     vertex  4.695353e+01 -1.036860e+01  1.647787e+02
     vertex  4.695353e+01 -1.065562e+01  1.648358e+02
     vertex  4.695353e+01 -1.065562e+01  1.633358e+02
   endloop
 endfacet
 facet normal  1.000000e+00  0.000000e+00  0.000000e+00
   outer loop
     vertex  4.695353e+01 -1.036860e+01  1.647787e+02
     vertex  4.695353e+01 -1.050930e+01  1.648214e+02
     vertex  4.695353e+01 -1.065562e+01  1.648358e+02
   endloop
 endfacet
 facet normal  1.000000e+00  0.000000e+00  0.000000e+00
   outer loop
     vertex  4.695353e+01 -1.003201e+01  1.645025e+02
     vertex  4.695353e+01 -9.920027e+00  1.642321e+02
     vertex  4.695353e+01 -9.962706e+00  1.643728e+02
   endloop
 endfacet
 facet normal  1.000000e+00  0.000000e+00  0.000000e+00
   outer loop
     vertex  4.695353e+01 -1.003201e+01  1.645025e+02
     vertex  4.695353e+01 -9.905616e+00  1.640858e+02
     vertex  4.695353e+01 -9.920027e+00  1.642321e+02
   endloop
 endfacet
 facet normal  1.000000e+00  0.000000e+00  0.000000e+00
   outer loop
     vertex  4.695353e+01 -1.003201e+01  1.645025e+02
     vertex  4.695353e+01 -9.920027e+00  1.639395e+02
     vertex  4.695353e+01 -9.905616e+00  1.640858e+02
   endloop
 endfacet
 facet normal  1.000000e+00  0.000000e+00  0.000000e+00
   outer loop
     vertex  4.695353e+01 -1.023894e+01  1.647094e+02
     vertex  4.695353e+01 -1.036860e+01  1.647787e+02
     vertex  4.695353e+01 -1.065562e+01  1.633358e+02
   endloop
 endfacet
 facet normal  1.000000e+00  0.000000e+00  0.000000e+00
   outer loop
     vertex  4.695353e+01 -1.023894e+01  1.647094e+02
     vertex  4.695353e+01 -9.962706e+00  1.637988e+02
     vertex  4.695353e+01 -9.920027e+00  1.639395e+02
   endloop
 endfacet
 facet normal  1.000000e+00  0.000000e+00  0.000000e+00
   outer loop
     vertex  4.695353e+01 -1.023894e+01  1.647094e+02
     vertex  4.695353e+01 -1.065562e+01  1.633358e+02
     vertex  4.695353e+01 -9.962706e+00  1.637988e+02
   endloop
 endfacet
 facet normal  1.000000e+00  0.000000e+00  0.000000e+00
   outer loop
     vertex  4.695353e+01 -1.012529e+01  1.646162e+02
     vertex  4.695353e+01 -1.023894e+01  1.647094e+02
     vertex  4.695353e+01 -9.920027e+00  1.639395e+02
   endloop
 endfacet
 facet normal  1.000000e+00  0.000000e+00  0.000000e+00
   outer loop
     vertex  4.695353e+01 -1.012529e+01  1.646162e+02
     vertex  4.695353e+01 -9.920027e+00  1.639395e+02
     vertex  4.695353e+01 -1.003201e+01  1.645025e+02
   endloop
 endfacet
 facet normal  1.000000e+00  0.000000e+00  0.000000e+00
   outer loop
     vertex  4.695353e+01 -1.065562e+01  1.655858e+02
     vertex  4.695353e+01 -1.515562e+01  1.684858e+02
     vertex  4.695353e+01 -1.535562e+01  1.682858e+02
   endloop
 endfacet
 facet normal  1.000000e+00  0.000000e+00  0.000000e+00
   outer loop
     vertex  4.695353e+01 -1.065562e+01  1.655858e+02
     vertex  4.695353e+01 -1.535562e+01  1.682858e+02
     vertex  4.695353e+01 -1.535562e+01  1.624858e+02
   endloop
 endfacet
 facet normal  1.000000e+00  0.000000e+00  0.000000e+00
   outer loop
     vertex  4.695353e+01 -1.065562e+01  1.655858e+02
     vertex  4.695353e+01 -1.535562e+01  1.624858e+02
     vertex  4.695353e+01 -1.065562e+01  1.648358e+02
   endloop
 endfacet
 facet normal  1.000000e+00  0.000000e+00  0.000000e+00
   outer loop
     vertex  4.695353e+01 -7.686890e+00  1.670070e+02
     vertex  4.695353e+01 -1.065562e+01  1.655858e+02
     vertex  4.695353e+01 -7.604723e+00  1.668879e+02
   endloop
 endfacet
 facet normal  1.000000e+00  0.000000e+00  0.000000e+00
   outer loop
     vertex  4.695353e+01 -7.738181e+00  1.671422e+02
     vertex  4.695353e+01 -1.065562e+01  1.655858e+02
     vertex  4.695353e+01 -7.686890e+00  1.670070e+02
   endloop
 endfacet
 facet normal  1.000000e+00  0.000000e+00  0.000000e+00
   outer loop
     vertex  4.695353e+01 -7.755616e+00  1.672858e+02
     vertex  4.695353e+01 -1.065562e+01  1.655858e+02
     vertex  4.695353e+01 -7.738181e+00  1.671422e+02
   endloop
 endfacet
 facet normal  1.000000e+00  0.000000e+00  0.000000e+00
   outer loop
     vertex  4.695353e+01 -3.801934e+00  1.633502e+02
     vertex  4.695353e+01 -4.072294e+00  1.634622e+02
     vertex  4.695353e+01 -3.942629e+00  1.633929e+02
   endloop
 endfacet
 facet normal  1.000000e+00  0.000000e+00  0.000000e+00
   outer loop
     vertex  4.695353e+01 -3.801934e+00  1.633502e+02
     vertex  4.695353e+01 -4.185946e+00  1.635555e+02
     vertex  4.695353e+01 -4.072294e+00  1.634622e+02
   endloop
 endfacet
 facet normal  1.000000e+00  0.000000e+00  0.000000e+00
   outer loop
     vertex  4.695353e+01 -3.801934e+00  1.633502e+02
     vertex  4.695353e+01 -4.279218e+00  1.636691e+02
     vertex  4.695353e+01 -4.185946e+00  1.635555e+02
   endloop
 endfacet
 facet normal  1.000000e+00  0.000000e+00  0.000000e+00
   outer loop
     vertex  4.695353e+01 -3.801934e+00  1.633502e+02
     vertex  4.695353e+01 -4.348526e+00  1.637988e+02
     vertex  4.695353e+01 -4.279218e+00  1.636691e+02
   endloop
 endfacet
 facet normal  1.000000e+00  0.000000e+00  0.000000e+00
   outer loop
     vertex  4.695353e+01 -3.801934e+00  1.633502e+02
     vertex  4.695353e+01 -4.391205e+00  1.639395e+02
     vertex  4.695353e+01 -4.348526e+00  1.637988e+02
   endloop
 endfacet
 facet normal  1.000000e+00  0.000000e+00  0.000000e+00
   outer loop
     vertex  4.695353e+01 -7.738181e+00  1.674294e+02
     vertex  4.695353e+01 -1.065562e+01  1.655858e+02
     vertex  4.695353e+01 -7.755616e+00  1.672858e+02
   endloop
 endfacet
 facet normal  1.000000e+00  0.000000e+00  0.000000e+00
   outer loop
     vertex  4.695353e+01 -4.391205e+00  1.642321e+02
     vertex  4.695353e+01 -3.801934e+00  1.633502e+02
     vertex  4.695353e+01 -3.655616e+00  1.633358e+02
   endloop
 endfacet
 facet normal  1.000000e+00  0.000000e+00  0.000000e+00
   outer loop
     vertex  4.695353e+01 -4.391205e+00  1.642321e+02
     vertex  4.695353e+01 -4.405616e+00  1.640858e+02
     vertex  4.695353e+01 -4.391205e+00  1.639395e+02
   endloop
 endfacet
 facet normal  1.000000e+00  0.000000e+00  0.000000e+00
   outer loop
     vertex  4.695353e+01 -4.391205e+00  1.642321e+02
     vertex  4.695353e+01 -4.391205e+00  1.639395e+02
     vertex  4.695353e+01 -3.801934e+00  1.633502e+02
   endloop
 endfacet
 facet normal  1.000000e+00  0.000000e+00  0.000000e+00
   outer loop
     vertex  4.695353e+01 -7.686890e+00  1.675647e+02
     vertex  4.695353e+01 -1.515562e+01  1.684858e+02
     vertex  4.695353e+01 -1.065562e+01  1.655858e+02
   endloop
 endfacet
 facet normal  1.000000e+00  0.000000e+00  0.000000e+00
   outer loop
     vertex  4.695353e+01 -7.686890e+00  1.675647e+02
     vertex  4.695353e+01 -1.065562e+01  1.655858e+02
     vertex  4.695353e+01 -7.738181e+00  1.674294e+02
   endloop
 endfacet
 facet normal  1.000000e+00  0.000000e+00  0.000000e+00
   outer loop
     vertex  4.695353e+01 -7.604723e+00  1.676837e+02
     vertex  4.695353e+01 -1.515562e+01  1.684858e+02
     vertex  4.695353e+01 -7.686890e+00  1.675647e+02
   endloop
 endfacet
 facet normal  1.000000e+00  0.000000e+00  0.000000e+00
   outer loop
     vertex  4.695353e+01 -7.496455e+00  1.677796e+02
     vertex  4.695353e+01 -1.515562e+01  1.684858e+02
     vertex  4.695353e+01 -7.604723e+00  1.676837e+02
   endloop
 endfacet
 facet normal  1.000000e+00  0.000000e+00  0.000000e+00
   outer loop
     vertex  4.695353e+01 -7.368379e+00  1.678468e+02
     vertex  4.695353e+01 -1.515562e+01  1.684858e+02
     vertex  4.695353e+01 -7.496455e+00  1.677796e+02
   endloop
 endfacet
 facet normal  1.000000e+00  0.000000e+00  0.000000e+00
   outer loop
     vertex  4.695353e+01 -4.072294e+00  1.647094e+02
     vertex  4.695353e+01 -4.279218e+00  1.645025e+02
     vertex  4.695353e+01 -4.348526e+00  1.643728e+02
   endloop
 endfacet
 facet normal  1.000000e+00  0.000000e+00  0.000000e+00
   outer loop
     vertex  4.695353e+01 -4.072294e+00  1.647094e+02
     vertex  4.695353e+01 -4.185946e+00  1.646162e+02
     vertex  4.695353e+01 -4.279218e+00  1.645025e+02
   endloop
 endfacet
 facet normal  1.000000e+00  0.000000e+00  0.000000e+00
   outer loop
     vertex  4.695353e+01 -3.942629e+00  1.647787e+02
     vertex  4.695353e+01 -4.348526e+00  1.643728e+02
     vertex  4.695353e+01 -4.391205e+00  1.642321e+02
   endloop
 endfacet
 facet normal  1.000000e+00  0.000000e+00  0.000000e+00
   outer loop
     vertex  4.695353e+01 -3.942629e+00  1.647787e+02
     vertex  4.695353e+01 -4.072294e+00  1.647094e+02
     vertex  4.695353e+01 -4.348526e+00  1.643728e+02
   endloop
 endfacet
 facet normal  1.000000e+00  0.000000e+00  0.000000e+00
   outer loop
     vertex  4.695353e+01 -3.655616e+00  1.648358e+02
     vertex  4.695353e+01 -3.801934e+00  1.648214e+02
     vertex  4.695353e+01 -3.942629e+00  1.647787e+02
   endloop
 endfacet
 facet normal  1.000000e+00  0.000000e+00  0.000000e+00
   outer loop
     vertex  4.695353e+01 -3.655616e+00  1.648358e+02
     vertex  4.695353e+01 -4.391205e+00  1.642321e+02
     vertex  4.695353e+01 -3.655616e+00  1.633358e+02
   endloop
 endfacet
 facet normal  1.000000e+00  0.000000e+00  0.000000e+00
   outer loop
     vertex  4.695353e+01 -3.655616e+00  1.648358e+02
     vertex  4.695353e+01 -3.942629e+00  1.647787e+02
     vertex  4.695353e+01 -4.391205e+00  1.642321e+02
   endloop
 endfacet
 facet normal  1.000000e+00  0.000000e+00  0.000000e+00
   outer loop
     vertex  4.695353e+01 -3.655616e+00  1.655858e+02
     vertex  4.695353e+01 -6.624343e+00  1.675647e+02
     vertex  4.695353e+01 -6.573051e+00  1.674294e+02
   endloop
 endfacet
 facet normal  1.000000e+00  0.000000e+00  0.000000e+00
   outer loop
     vertex  4.695353e+01 -3.655616e+00  1.655858e+02
     vertex  4.695353e+01 -6.573051e+00  1.674294e+02
     vertex  4.695353e+01 -6.555616e+00  1.672858e+02
   endloop
 endfacet
 facet normal  1.000000e+00  0.000000e+00  0.000000e+00
   outer loop
     vertex  4.695353e+01 -3.655616e+00  1.655858e+02
     vertex  4.695353e+01 -6.555616e+00  1.672858e+02
     vertex  4.695353e+01 -6.573051e+00  1.671422e+02
   endloop
 endfacet
 facet normal  1.000000e+00  0.000000e+00  0.000000e+00
   outer loop
     vertex  4.695353e+01 -3.655616e+00  1.655858e+02
     vertex  4.695353e+01 -6.573051e+00  1.671422e+02
     vertex  4.695353e+01 -6.624343e+00  1.670070e+02
   endloop
 endfacet
 facet normal  1.000000e+00  0.000000e+00  0.000000e+00
   outer loop
     vertex  4.695353e+01 -3.655616e+00  1.655858e+02
     vertex  4.695353e+01 -6.624343e+00  1.670070e+02
     vertex  4.695353e+01 -6.706510e+00  1.668879e+02
   endloop
 endfacet
 facet normal  1.000000e+00  1.578984e-15 -2.671275e-30
   outer loop
     vertex  4.695353e+01  8.443839e-01  1.622858e+02
     vertex  4.695353e+01 -3.655616e+00  1.633358e+02
     vertex  4.695353e+01 -3.655616e+00  1.622858e+02
   endloop
 endfacet
 facet normal  1.000000e+00  1.578984e-15 -1.869893e-30
   outer loop
     vertex  4.695353e+01  8.443839e-01  1.622858e+02
     vertex  4.695353e+01 -3.655616e+00  1.648358e+02
     vertex  4.695353e+01 -3.655616e+00  1.633358e+02
   endloop
 endfacet
 facet normal  1.000000e+00  1.007862e-15 -1.007862e-15
   outer loop
     vertex  4.695353e+01  1.044384e+00  1.624858e+02
     vertex  4.695353e+01 -3.655616e+00  1.648358e+02
     vertex  4.695353e+01  8.443839e-01  1.622858e+02
   endloop
 endfacet
 facet normal  1.000000e+00  1.511793e-15 -1.790323e-30
   outer loop
     vertex  4.695353e+01  1.044384e+00  1.624858e+02
     vertex  4.695353e+01 -3.655616e+00  1.655858e+02
     vertex  4.695353e+01 -3.655616e+00  1.648358e+02
   endloop
 endfacet
 facet normal  1.000000e+00  7.037657e-16 -1.225074e-15
   outer loop
     vertex  4.695353e+01  1.044384e+00  1.682858e+02
     vertex  4.695353e+01 -3.655616e+00  1.655858e+02
     vertex  4.695353e+01  1.044384e+00  1.624858e+02
   endloop
 endfacet
 facet normal  1.000000e+00  0.000000e+00  0.000000e+00
   outer loop
     vertex  4.695353e+01  8.443839e-01  1.684858e+02
     vertex  4.695353e+01 -3.655616e+00  1.655858e+02
     vertex  4.695353e+01  1.044384e+00  1.682858e+02
   endloop
 endfacet
 facet normal  1.000000e+00  0.000000e+00  0.000000e+00
   outer loop
     vertex  4.695353e+01  8.443839e-01  1.684858e+02
     vertex  4.695353e+01 -6.624343e+00  1.675647e+02
     vertex  4.695353e+01 -3.655616e+00  1.655858e+02
   endloop
 endfacet
 facet normal  1.000000e+00  0.000000e+00  0.000000e+00
   outer loop
     vertex  4.695353e+01  8.443839e-01  1.684858e+02
     vertex  4.695353e+01 -6.942853e+00  1.678468e+02
     vertex  4.695353e+01 -6.814777e+00  1.677796e+02
   endloop
 endfacet
 facet normal  1.000000e+00  0.000000e+00  0.000000e+00
   outer loop
     vertex  4.695353e+01  8.443839e-01  1.684858e+02
     vertex  4.695353e+01 -6.814777e+00  1.677796e+02
     vertex  4.695353e+01 -6.706510e+00  1.676837e+02
   endloop
 endfacet
 facet normal  1.000000e+00  0.000000e+00  0.000000e+00
   outer loop
     vertex  4.695353e+01  8.443839e-01  1.684858e+02
     vertex  4.695353e+01 -6.706510e+00  1.676837e+02
     vertex  4.695353e+01 -6.624343e+00  1.675647e+02
   endloop
 endfacet
 facet normal  1.000000e+00  0.000000e+00  0.000000e+00
   outer loop
     vertex  4.695353e+01  8.443839e-01  1.684858e+02
     vertex  4.695353e+01 -1.515562e+01  1.684858e+02
     vertex  4.695353e+01 -7.227938e+00  1.678814e+02
   endloop
 endfacet
 facet normal  1.000000e+00  0.000000e+00  0.000000e+00
   outer loop
     vertex  4.695353e+01 -7.227938e+00  1.678814e+02
     vertex  4.695353e+01 -1.515562e+01  1.684858e+02
     vertex  4.695353e+01 -7.368379e+00  1.678468e+02
   endloop
 endfacet
 facet normal  1.000000e+00  0.000000e+00  0.000000e+00
   outer loop
     vertex  4.695353e+01  8.443839e-01  1.684858e+02
     vertex  4.695353e+01 -7.227938e+00  1.678814e+02
     vertex  4.695353e+01 -7.083294e+00  1.678814e+02
   endloop
 endfacet
 facet normal  1.000000e+00  0.000000e+00  0.000000e+00
   outer loop
     vertex  4.695353e+01  8.443839e-01  1.684858e+02
     vertex  4.695353e+01 -7.083294e+00  1.678814e+02
     vertex  4.695353e+01 -6.942853e+00  1.678468e+02
   endloop
 endfacet
 facet normal  1.000000e+00  0.000000e+00  0.000000e+00
   outer loop
     vertex  4.695353e+01 -1.065562e+01  1.655858e+02
     vertex  4.695353e+01 -3.655616e+00  1.655858e+02
     vertex  4.695353e+01 -7.227938e+00  1.666902e+02
   endloop
 endfacet
 facet normal  1.000000e+00 -0.000000e+00  0.000000e+00
   outer loop
     vertex  4.695353e+01 -7.227938e+00  1.666902e+02
     vertex  4.695353e+01 -3.655616e+00  1.655858e+02
     vertex  4.695353e+01 -7.083294e+00  1.666902e+02
   endloop
 endfacet
 facet normal  1.000000e+00 -0.000000e+00  0.000000e+00
   outer loop
     vertex  4.695353e+01 -7.083294e+00  1.666902e+02
     vertex  4.695353e+01 -3.655616e+00  1.655858e+02
     vertex  4.695353e+01 -6.942853e+00  1.667248e+02
   endloop
 endfacet
 facet normal  1.000000e+00 -0.000000e+00  0.000000e+00
   outer loop
     vertex  4.695353e+01 -6.942853e+00  1.667248e+02
     vertex  4.695353e+01 -3.655616e+00  1.655858e+02
     vertex  4.695353e+01 -6.814777e+00  1.667920e+02
   endloop
 endfacet
 facet normal  1.000000e+00 -0.000000e+00  0.000000e+00
   outer loop
     vertex  4.695353e+01 -6.814777e+00  1.667920e+02
     vertex  4.695353e+01 -3.655616e+00  1.655858e+02
     vertex  4.695353e+01 -6.706510e+00  1.668879e+02
   endloop
 endfacet
 facet normal  1.000000e+00  0.000000e+00  0.000000e+00
   outer loop
     vertex  4.695353e+01 -1.065562e+01  1.655858e+02
     vertex  4.695353e+01 -7.227938e+00  1.666902e+02
     vertex  4.695353e+01 -7.368379e+00  1.667248e+02
   endloop
 endfacet
 facet normal  1.000000e+00  0.000000e+00  0.000000e+00
   outer loop
     vertex  4.695353e+01 -1.065562e+01  1.655858e+02
     vertex  4.695353e+01 -7.368379e+00  1.667248e+02
     vertex  4.695353e+01 -7.496455e+00  1.667920e+02
   endloop
 endfacet
 facet normal  1.000000e+00  0.000000e+00  0.000000e+00
   outer loop
     vertex  4.695353e+01 -1.065562e+01  1.655858e+02
     vertex  4.695353e+01 -7.496455e+00  1.667920e+02
     vertex  4.695353e+01 -7.604723e+00  1.668879e+02
   endloop
 endfacet
 facet normal  0.000000e+00 -7.071068e-01  7.071068e-01
   outer loop
     vertex  4.695353e+01 -1.535562e+01  1.682858e+02
     vertex  4.245353e+01 -1.515562e+01  1.684858e+02
     vertex  4.245353e+01 -1.535562e+01  1.682858e+02
   endloop
 endfacet
 facet normal  0.000000e+00 -7.071068e-01  7.071068e-01
   outer loop
     vertex  4.695353e+01 -1.515562e+01  1.684858e+02
     vertex  4.245353e+01 -1.515562e+01  1.684858e+02
     vertex  4.695353e+01 -1.535562e+01  1.682858e+02
   endloop
 endfacet
 facet normal  0.000000e+00 -7.071068e-01 -7.071068e-01
   outer loop
     vertex  4.695353e+01 -1.535562e+01  1.624858e+02
     vertex  4.245353e+01 -1.515562e+01  1.622858e+02
     vertex  4.695353e+01 -1.515562e+01  1.622858e+02
   endloop
 endfacet
 facet normal -0.000000e+00 -7.071068e-01 -7.071068e-01
   outer loop
     vertex  4.695353e+01 -1.535562e+01  1.624858e+02
     vertex  4.245353e+01 -1.535562e+01  1.624858e+02
     vertex  4.245353e+01 -1.515562e+01  1.622858e+02
   endloop
 endfacet
 facet normal  1.147860e-16 -7.071068e-01 -7.071068e-01
   outer loop
     vertex  4.245353e+01 -1.565562e+01  1.626858e+02
     vertex  2.065353e+01 -1.525562e+01  1.622858e+02
     vertex  4.245353e+01 -1.525562e+01  1.622858e+02
   endloop
 endfacet
 facet normal  1.152361e-16 -7.071068e-01 -7.071068e-01
   outer loop
     vertex  4.245353e+01 -1.565562e+01  1.626858e+02
     vertex  2.065353e+01 -1.565562e+01  1.626858e+02
     vertex  2.065353e+01 -1.525562e+01  1.622858e+02
   endloop
 endfacet
 facet normal -1.000000e+00 -7.894919e-16  3.383537e-15
   outer loop
     vertex  1.615353e+01 -1.065562e+01  1.633358e+02
     vertex  1.615353e+01 -1.065562e+01  1.622858e+02
     vertex  1.615353e+01 -1.515562e+01  1.622858e+02
   endloop
 endfacet
 facet normal -1.000000e+00  0.000000e+00  0.000000e+00
   outer loop
     vertex  1.615353e+01 -1.023894e+01  1.634622e+02
     vertex  1.615353e+01 -1.050930e+01  1.633502e+02
     vertex  1.615353e+01 -1.065562e+01  1.633358e+02
   endloop
 endfacet
 facet normal -1.000000e+00  0.000000e+00  0.000000e+00
   outer loop
     vertex  1.615353e+01 -1.023894e+01  1.634622e+02
     vertex  1.615353e+01 -1.036860e+01  1.633929e+02
     vertex  1.615353e+01 -1.050930e+01  1.633502e+02
   endloop
 endfacet
 facet normal -1.000000e+00  0.000000e+00  0.000000e+00
   outer loop
     vertex  1.615353e+01 -1.003201e+01  1.636691e+02
     vertex  1.615353e+01 -1.012529e+01  1.635555e+02
     vertex  1.615353e+01 -1.023894e+01  1.634622e+02
   endloop
 endfacet
 facet normal -1.000000e+00  0.000000e+00  0.000000e+00
   outer loop
     vertex  1.615353e+01 -9.962706e+00  1.637988e+02
     vertex  1.615353e+01 -1.003201e+01  1.636691e+02
     vertex  1.615353e+01 -1.023894e+01  1.634622e+02
   endloop
 endfacet
 facet normal -1.000000e+00  0.000000e+00  0.000000e+00
   outer loop
     vertex  1.615353e+01 -9.920027e+00  1.639395e+02
     vertex  1.615353e+01 -1.023894e+01  1.634622e+02
     vertex  1.615353e+01 -1.065562e+01  1.633358e+02
   endloop
 endfacet
 facet normal -1.000000e+00  0.000000e+00  0.000000e+00
   outer loop
     vertex  1.615353e+01 -9.920027e+00  1.639395e+02
     vertex  1.615353e+01 -9.962706e+00  1.637988e+02
     vertex  1.615353e+01 -1.023894e+01  1.634622e+02
   endloop
 endfacet
 facet normal -1.000000e+00  0.000000e+00  0.000000e+00
   outer loop
     vertex  1.615353e+01 -1.065562e+01  1.648358e+02
     vertex  1.615353e+01 -1.515562e+01  1.622858e+02
     vertex  1.615353e+01 -1.535562e+01  1.624858e+02
   endloop
 endfacet
 facet normal -1.000000e+00  0.000000e+00  0.000000e+00
   outer loop
     vertex  1.615353e+01 -1.065562e+01  1.648358e+02
     vertex  1.615353e+01 -1.065562e+01  1.633358e+02
     vertex  1.615353e+01 -1.515562e+01  1.622858e+02
   endloop
 endfacet
 facet normal -1.000000e+00  0.000000e+00  0.000000e+00
   outer loop
     vertex  1.615353e+01 -9.962706e+00  1.643728e+02
     vertex  1.615353e+01 -9.905616e+00  1.640858e+02
     vertex  1.615353e+01 -9.920027e+00  1.639395e+02
   endloop
 endfacet
 facet normal -1.000000e+00  0.000000e+00  0.000000e+00
   outer loop
     vertex  1.615353e+01 -9.962706e+00  1.643728e+02
     vertex  1.615353e+01 -9.920027e+00  1.642321e+02
     vertex  1.615353e+01 -9.905616e+00  1.640858e+02
   endloop
 endfacet
 facet normal -1.000000e+00  0.000000e+00  0.000000e+00
   outer loop
     vertex  1.615353e+01 -1.023894e+01  1.647094e+02
     vertex  1.615353e+01 -1.050930e+01  1.648214e+02
     vertex  1.615353e+01 -1.036860e+01  1.647787e+02
   endloop
 endfacet
 facet normal -1.000000e+00  0.000000e+00  0.000000e+00
   outer loop
     vertex  1.615353e+01 -1.023894e+01  1.647094e+02
     vertex  1.615353e+01 -1.065562e+01  1.648358e+02
     vertex  1.615353e+01 -1.050930e+01  1.648214e+02
   endloop
 endfacet
 facet normal -1.000000e+00  0.000000e+00  0.000000e+00
   outer loop
     vertex  1.615353e+01 -1.003201e+01  1.645025e+02
     vertex  1.615353e+01 -9.962706e+00  1.643728e+02
     vertex  1.615353e+01 -9.920027e+00  1.639395e+02
   endloop
 endfacet
 facet normal -1.000000e+00 -0.000000e+00  0.000000e+00
   outer loop
     vertex  1.615353e+01 -1.012529e+01  1.646162e+02
     vertex  1.615353e+01 -1.065562e+01  1.633358e+02
     vertex  1.615353e+01 -1.065562e+01  1.648358e+02
   endloop
 endfacet
 facet normal -1.000000e+00  0.000000e+00  0.000000e+00
   outer loop
     vertex  1.615353e+01 -1.012529e+01  1.646162e+02
     vertex  1.615353e+01 -1.065562e+01  1.648358e+02
     vertex  1.615353e+01 -1.023894e+01  1.647094e+02
   endloop
 endfacet
 facet normal -1.000000e+00  0.000000e+00  0.000000e+00
   outer loop
     vertex  1.615353e+01 -1.012529e+01  1.646162e+02
     vertex  1.615353e+01 -1.003201e+01  1.645025e+02
     vertex  1.615353e+01 -9.920027e+00  1.639395e+02
   endloop
 endfacet
 facet normal -1.000000e+00  0.000000e+00 -0.000000e+00
   outer loop
     vertex  1.615353e+01 -1.012529e+01  1.646162e+02
     vertex  1.615353e+01 -9.920027e+00  1.639395e+02
     vertex  1.615353e+01 -1.065562e+01  1.633358e+02
   endloop
 endfacet
 facet normal -1.000000e+00  0.000000e+00  0.000000e+00
   outer loop
     vertex  1.615353e+01 -1.065562e+01  1.655858e+02
     vertex  1.615353e+01 -1.535562e+01  1.682858e+02
     vertex  1.615353e+01 -1.515562e+01  1.684858e+02
   endloop
 endfacet
 facet normal -1.000000e+00 -0.000000e+00  0.000000e+00
   outer loop
     vertex  1.615353e+01 -1.065562e+01  1.655858e+02
     vertex  1.615353e+01 -1.535562e+01  1.624858e+02
     vertex  1.615353e+01 -1.535562e+01  1.682858e+02
   endloop
 endfacet
 facet normal -1.000000e+00  0.000000e+00  0.000000e+00
   outer loop
     vertex  1.615353e+01 -1.065562e+01  1.655858e+02
     vertex  1.615353e+01 -1.065562e+01  1.648358e+02
     vertex  1.615353e+01 -1.535562e+01  1.624858e+02
   endloop
 endfacet
 facet normal -1.000000e+00 -8.994926e-16 -6.208749e-16
   outer loop
     vertex  1.615353e+01 -7.686890e+00  1.670070e+02
     vertex  1.615353e+01 -7.604723e+00  1.668879e+02
     vertex  1.615353e+01 -1.065562e+01  1.655858e+02
   endloop
 endfacet
 facet normal -1.000000e+00 -1.012832e-15 -3.841164e-16
   outer loop
     vertex  1.615353e+01 -7.738181e+00  1.671422e+02
     vertex  1.615353e+01 -7.686890e+00  1.670070e+02
     vertex  1.615353e+01 -1.065562e+01  1.655858e+02
   endloop
 endfacet
 facet normal -1.000000e+00  0.000000e+00  0.000000e+00
   outer loop
     vertex  1.615353e+01 -4.348526e+00  1.637988e+02
     vertex  1.615353e+01 -4.185946e+00  1.635555e+02
     vertex  1.615353e+01 -4.279218e+00  1.636691e+02
   endloop
 endfacet
 facet normal -1.000000e+00 -1.143669e-15 -1.388666e-16
   outer loop
     vertex  1.615353e+01 -7.755616e+00  1.672858e+02
     vertex  1.615353e+01 -7.738181e+00  1.671422e+02
     vertex  1.615353e+01 -1.065562e+01  1.655858e+02
   endloop
 endfacet
 facet normal -1.000000e+00  0.000000e+00  0.000000e+00
   outer loop
     vertex  1.615353e+01 -3.655616e+00  1.633358e+02
     vertex  1.615353e+01 -3.801934e+00  1.633502e+02
     vertex  1.615353e+01 -3.942629e+00  1.633929e+02
   endloop
 endfacet
 facet normal -1.000000e+00 -1.318955e-15  1.601501e-16
   outer loop
     vertex  1.615353e+01 -7.738181e+00  1.674294e+02
     vertex  1.615353e+01 -7.755616e+00  1.672858e+02
     vertex  1.615353e+01 -1.065562e+01  1.655858e+02
   endloop
 endfacet
 facet normal -1.000000e+00 -1.601581e-15  6.073997e-16
   outer loop
     vertex  1.615353e+01 -7.686890e+00  1.675647e+02
     vertex  1.615353e+01 -7.738181e+00  1.674294e+02
     vertex  1.615353e+01 -1.065562e+01  1.655858e+02
   endloop
 endfacet
 facet normal -1.000000e+00 -5.882628e-16 -9.128216e-16
   outer loop
     vertex  1.615353e+01 -7.686890e+00  1.675647e+02
     vertex  1.615353e+01 -1.065562e+01  1.655858e+02
     vertex  1.615353e+01 -1.515562e+01  1.684858e+02
   endloop
 endfacet
 facet normal -1.000000e+00  0.000000e+00  0.000000e+00
   outer loop
     vertex  1.615353e+01 -4.348526e+00  1.643728e+02
     vertex  1.615353e+01 -4.405616e+00  1.640858e+02
     vertex  1.615353e+01 -4.391205e+00  1.642321e+02
   endloop
 endfacet
 facet normal -1.000000e+00  0.000000e+00  0.000000e+00
   outer loop
     vertex  1.615353e+01 -4.348526e+00  1.643728e+02
     vertex  1.615353e+01 -4.391205e+00  1.639395e+02
     vertex  1.615353e+01 -4.405616e+00  1.640858e+02
   endloop
 endfacet
 facet normal -1.000000e+00  0.000000e+00 -0.000000e+00
   outer loop
     vertex  1.615353e+01 -4.348526e+00  1.643728e+02
     vertex  1.615353e+01 -4.348526e+00  1.637988e+02
     vertex  1.615353e+01 -4.391205e+00  1.639395e+02
   endloop
 endfacet
 facet normal -1.000000e+00 -4.383598e-16  3.025779e-16
   outer loop
     vertex  1.615353e+01 -7.604723e+00  1.676837e+02
     vertex  1.615353e+01 -7.686890e+00  1.675647e+02
     vertex  1.615353e+01 -1.515562e+01  1.684858e+02
   endloop
 endfacet
 facet normal -1.000000e+00  0.000000e+00  0.000000e+00
   outer loop
     vertex  1.615353e+01 -4.279218e+00  1.645025e+02
     vertex  1.615353e+01 -4.348526e+00  1.637988e+02
     vertex  1.615353e+01 -4.348526e+00  1.643728e+02
   endloop
 endfacet
 facet normal -1.000000e+00 -4.201259e-16  4.742241e-16
   outer loop
     vertex  1.615353e+01 -7.496455e+00  1.677796e+02
     vertex  1.615353e+01 -7.604723e+00  1.676837e+02
     vertex  1.615353e+01 -1.515562e+01  1.684858e+02
   endloop
 endfacet
 facet normal -1.000000e+00  0.000000e+00 -0.000000e+00
   outer loop
     vertex  1.615353e+01 -4.185946e+00  1.646162e+02
     vertex  1.615353e+01 -4.072294e+00  1.634622e+02
     vertex  1.615353e+01 -4.185946e+00  1.635555e+02
   endloop
 endfacet
 facet normal -1.000000e+00  0.000000e+00  0.000000e+00
   outer loop
     vertex  1.615353e+01 -4.185946e+00  1.646162e+02
     vertex  1.615353e+01 -4.348526e+00  1.637988e+02
     vertex  1.615353e+01 -4.279218e+00  1.645025e+02
   endloop
 endfacet
 facet normal -1.000000e+00  0.000000e+00  0.000000e+00
   outer loop
     vertex  1.615353e+01 -4.185946e+00  1.646162e+02
     vertex  1.615353e+01 -4.185946e+00  1.635555e+02
     vertex  1.615353e+01 -4.348526e+00  1.637988e+02
   endloop
 endfacet
 facet normal -1.000000e+00 -3.945386e-16  7.517304e-16
   outer loop
     vertex  1.615353e+01 -7.368379e+00  1.678468e+02
     vertex  1.615353e+01 -7.496455e+00  1.677796e+02
     vertex  1.615353e+01 -1.515562e+01  1.684858e+02
   endloop
 endfacet
 facet normal -1.000000e+00  0.000000e+00  0.000000e+00
   outer loop
     vertex  1.615353e+01 -4.072294e+00  1.647094e+02
     vertex  1.615353e+01 -4.072294e+00  1.634622e+02
     vertex  1.615353e+01 -4.185946e+00  1.646162e+02
   endloop
 endfacet
 facet normal -1.000000e+00  0.000000e+00  0.000000e+00
   outer loop
     vertex  1.615353e+01 -3.801934e+00  1.648214e+02
     vertex  1.615353e+01 -4.072294e+00  1.647094e+02
     vertex  1.615353e+01 -3.942629e+00  1.647787e+02
   endloop
 endfacet
 facet normal -1.000000e+00  0.000000e+00  0.000000e+00
   outer loop
     vertex  1.615353e+01 -3.801934e+00  1.648214e+02
     vertex  1.615353e+01 -3.942629e+00  1.633929e+02
     vertex  1.615353e+01 -4.072294e+00  1.634622e+02
   endloop
 endfacet
 facet normal -1.000000e+00  0.000000e+00  0.000000e+00
   outer loop
     vertex  1.615353e+01 -3.801934e+00  1.648214e+02
     vertex  1.615353e+01 -4.072294e+00  1.634622e+02
     vertex  1.615353e+01 -4.072294e+00  1.647094e+02
   endloop
 endfacet
 facet normal -1.000000e+00  0.000000e+00  0.000000e+00
   outer loop
     vertex  1.615353e+01 -3.655616e+00  1.648358e+02
     vertex  1.615353e+01 -3.655616e+00  1.633358e+02
     vertex  1.615353e+01 -3.942629e+00  1.633929e+02
   endloop
 endfacet
 facet normal -1.000000e+00  0.000000e+00  0.000000e+00
   outer loop
     vertex  1.615353e+01 -3.655616e+00  1.648358e+02
     vertex  1.615353e+01 -3.942629e+00  1.633929e+02
     vertex  1.615353e+01 -3.801934e+00  1.648214e+02
   endloop
 endfacet
 facet normal -1.000000e+00  0.000000e+00  0.000000e+00
   outer loop
     vertex  1.615353e+01 -3.655616e+00  1.655858e+02
     vertex  1.615353e+01 -6.573051e+00  1.674294e+02
     vertex  1.615353e+01 -6.624343e+00  1.675647e+02
   endloop
 endfacet
 facet normal -1.000000e+00  0.000000e+00  0.000000e+00
   outer loop
     vertex  1.615353e+01 -3.655616e+00  1.655858e+02
     vertex  1.615353e+01 -6.555616e+00  1.672858e+02
     vertex  1.615353e+01 -6.573051e+00  1.674294e+02
   endloop
 endfacet
 facet normal -1.000000e+00  0.000000e+00  0.000000e+00
   outer loop
     vertex  1.615353e+01 -3.655616e+00  1.655858e+02
     vertex  1.615353e+01 -6.573051e+00  1.671422e+02
     vertex  1.615353e+01 -6.555616e+00  1.672858e+02
   endloop
 endfacet
 facet normal -1.000000e+00  0.000000e+00  0.000000e+00
   outer loop
     vertex  1.615353e+01 -3.655616e+00  1.655858e+02
     vertex  1.615353e+01 -6.624343e+00  1.670070e+02
     vertex  1.615353e+01 -6.573051e+00  1.671422e+02
   endloop
 endfacet
 facet normal -1.000000e+00  0.000000e+00  0.000000e+00
   outer loop
     vertex  1.615353e+01 -3.655616e+00  1.655858e+02
     vertex  1.615353e+01 -6.706510e+00  1.668879e+02
     vertex  1.615353e+01 -6.624343e+00  1.670070e+02
   endloop
 endfacet
 facet normal -1.000000e+00 -7.894919e-16  1.402419e-30
   outer loop
     vertex  1.615353e+01  8.443839e-01  1.622858e+02
     vertex  1.615353e+01 -3.655616e+00  1.633358e+02
     vertex  1.615353e+01 -3.655616e+00  1.648358e+02
   endloop
 endfacet
 facet normal -1.000000e+00 -7.894919e-16  1.335638e-30
   outer loop
     vertex  1.615353e+01  8.443839e-01  1.622858e+02
     vertex  1.615353e+01 -3.655616e+00  1.622858e+02
     vertex  1.615353e+01 -3.655616e+00  1.633358e+02
   endloop
 endfacet
 facet normal -1.000000e+00 -7.558965e-16  8.951613e-31
   outer loop
     vertex  1.615353e+01  1.044384e+00  1.624858e+02
     vertex  1.615353e+01 -3.655616e+00  1.648358e+02
     vertex  1.615353e+01 -3.655616e+00  1.655858e+02
   endloop
 endfacet
 facet normal -1.000000e+00 -5.039310e-16  5.039310e-16
   outer loop
     vertex  1.615353e+01  1.044384e+00  1.624858e+02
     vertex  1.615353e+01  8.443839e-01  1.622858e+02
     vertex  1.615353e+01 -3.655616e+00  1.648358e+02
   endloop
 endfacet
 facet normal -1.000000e+00 -3.518829e-16  6.125368e-16
   outer loop
     vertex  1.615353e+01  1.044384e+00  1.682858e+02
     vertex  1.615353e+01  1.044384e+00  1.624858e+02
     vertex  1.615353e+01 -3.655616e+00  1.655858e+02
   endloop
 endfacet
 facet normal -1.000000e+00  0.000000e+00  0.000000e+00
   outer loop
     vertex  1.615353e+01  8.443839e-01  1.684858e+02
     vertex  1.615353e+01 -3.655616e+00  1.655858e+02
     vertex  1.615353e+01 -6.624343e+00  1.675647e+02
   endloop
 endfacet
 facet normal -1.000000e+00  0.000000e+00  0.000000e+00
   outer loop
     vertex  1.615353e+01  8.443839e-01  1.684858e+02
     vertex  1.615353e+01 -6.814777e+00  1.677796e+02
     vertex  1.615353e+01 -6.942853e+00  1.678468e+02
   endloop
 endfacet
 facet normal -1.000000e+00  0.000000e+00  0.000000e+00
   outer loop
     vertex  1.615353e+01  8.443839e-01  1.684858e+02
     vertex  1.615353e+01 -6.706510e+00  1.676837e+02
     vertex  1.615353e+01 -6.814777e+00  1.677796e+02
   endloop
 endfacet
 facet normal -1.000000e+00  0.000000e+00  0.000000e+00
   outer loop
     vertex  1.615353e+01  8.443839e-01  1.684858e+02
     vertex  1.615353e+01 -6.624343e+00  1.675647e+02
     vertex  1.615353e+01 -6.706510e+00  1.676837e+02
   endloop
 endfacet
 facet normal -1.000000e+00  0.000000e+00 -0.000000e+00
   outer loop
     vertex  1.615353e+01  8.443839e-01  1.684858e+02
     vertex  1.615353e+01  1.044384e+00  1.682858e+02
     vertex  1.615353e+01 -3.655616e+00  1.655858e+02
   endloop
 endfacet
 facet normal -1.000000e+00 -5.075305e-16 -1.641710e-15
   outer loop
     vertex  1.615353e+01 -1.065562e+01  1.655858e+02
     vertex  1.615353e+01 -7.227938e+00  1.666902e+02
     vertex  1.615353e+01 -3.655616e+00  1.655858e+02
   endloop
 endfacet
 facet normal -1.000000e+00  0.000000e+00  0.000000e+00
   outer loop
     vertex  1.615353e+01 -7.227938e+00  1.666902e+02
     vertex  1.615353e+01 -7.083294e+00  1.666902e+02
     vertex  1.615353e+01 -3.655616e+00  1.655858e+02
   endloop
 endfacet
 facet normal -1.000000e+00  0.000000e+00  0.000000e+00
   outer loop
     vertex  1.615353e+01 -7.083294e+00  1.666902e+02
     vertex  1.615353e+01 -6.942853e+00  1.667248e+02
     vertex  1.615353e+01 -3.655616e+00  1.655858e+02
   endloop
 endfacet
 facet normal -1.000000e+00  0.000000e+00  0.000000e+00
   outer loop
     vertex  1.615353e+01 -6.942853e+00  1.667248e+02
     vertex  1.615353e+01 -6.814777e+00  1.667920e+02
     vertex  1.615353e+01 -3.655616e+00  1.655858e+02
   endloop
 endfacet
 facet normal -1.000000e+00  0.000000e+00  0.000000e+00
   outer loop
     vertex  1.615353e+01 -6.814777e+00  1.667920e+02
     vertex  1.615353e+01 -6.706510e+00  1.668879e+02
     vertex  1.615353e+01 -3.655616e+00  1.655858e+02
   endloop
 endfacet
 facet normal -1.000000e+00 -4.492385e-16 -1.822632e-15
   outer loop
     vertex  1.615353e+01 -1.065562e+01  1.655858e+02
     vertex  1.615353e+01 -7.368379e+00  1.667248e+02
     vertex  1.615353e+01 -7.227938e+00  1.666902e+02
   endloop
 endfacet
 facet normal -1.000000e+00 -6.509900e-16 -1.240358e-15
   outer loop
     vertex  1.615353e+01 -1.065562e+01  1.655858e+02
     vertex  1.615353e+01 -7.496455e+00  1.667920e+02
     vertex  1.615353e+01 -7.368379e+00  1.667248e+02
   endloop
 endfacet
 facet normal -1.000000e+00 -7.858786e-16 -8.870735e-16
   outer loop
     vertex  1.615353e+01 -1.065562e+01  1.655858e+02
     vertex  1.615353e+01 -7.604723e+00  1.668879e+02
     vertex  1.615353e+01 -7.496455e+00  1.667920e+02
   endloop
 endfacet
 facet normal -1.000000e+00 -2.220446e-16  2.912594e-15
   outer loop
     vertex  1.615353e+01  8.443839e-01  1.684858e+02
     vertex  1.615353e+01 -7.083294e+00  1.678814e+02
     vertex  1.615353e+01 -1.515562e+01  1.684858e+02
   endloop
 endfacet
 facet normal -1.000000e+00  0.000000e+00  5.878330e-15
   outer loop
     vertex  1.615353e+01 -7.083294e+00  1.678814e+02
     vertex  1.615353e+01 -7.227938e+00  1.678814e+02
     vertex  1.615353e+01 -1.515562e+01  1.684858e+02
   endloop
 endfacet
 facet normal -1.000000e+00 -3.422744e-16  1.388662e-15
   outer loop
     vertex  1.615353e+01 -7.227938e+00  1.678814e+02
     vertex  1.615353e+01 -7.368379e+00  1.678468e+02
     vertex  1.615353e+01 -1.515562e+01  1.684858e+02
   endloop
 endfacet
 facet normal -1.000000e+00  0.000000e+00  0.000000e+00
   outer loop
     vertex  1.615353e+01  8.443839e-01  1.684858e+02
     vertex  1.615353e+01 -6.942853e+00  1.678468e+02
     vertex  1.615353e+01 -7.083294e+00  1.678814e+02
   endloop
 endfacet
 facet normal  0.000000e+00 -7.071068e-01  7.071068e-01
   outer loop
     vertex  2.065353e+01 -1.515562e+01  1.684858e+02
     vertex  1.615353e+01 -1.535562e+01  1.682858e+02
     vertex  2.065353e+01 -1.535562e+01  1.682858e+02
   endloop
 endfacet
 facet normal  0.000000e+00 -7.071068e-01  7.071068e-01
   outer loop
     vertex  2.065353e+01 -1.515562e+01  1.684858e+02
     vertex  1.615353e+01 -1.515562e+01  1.684858e+02
     vertex  1.615353e+01 -1.535562e+01  1.682858e+02
   endloop
 endfacet
 facet normal  0.000000e+00 -7.071068e-01 -7.071068e-01
   outer loop
     vertex  2.065353e+01 -1.535562e+01  1.624858e+02
     vertex  1.615353e+01 -1.515562e+01  1.622858e+02
     vertex  2.065353e+01 -1.515562e+01  1.622858e+02
   endloop
 endfacet
 facet normal -0.000000e+00 -7.071068e-01 -7.071068e-01
   outer loop
     vertex  2.065353e+01 -1.535562e+01  1.624858e+02
     vertex  1.615353e+01 -1.535562e+01  1.624858e+02
     vertex  1.615353e+01 -1.515562e+01  1.622858e+02
   endloop
 endfacet
 facet normal  0.000000e+00  7.071068e-01  7.071068e-01
   outer loop
     vertex  2.065353e+01  1.044384e+00  1.682858e+02
     vertex  1.615353e+01  8.443839e-01  1.684858e+02
     vertex  2.065353e+01  8.443839e-01  1.684858e+02
   endloop
 endfacet
 facet normal  0.000000e+00  7.071068e-01  7.071068e-01
   outer loop
     vertex  2.065353e+01  1.044384e+00  1.682858e+02
     vertex  1.615353e+01  1.044384e+00  1.682858e+02
     vertex  1.615353e+01  8.443839e-01  1.684858e+02
   endloop
 endfacet
 facet normal -1.000000e+00  0.000000e+00 -0.000000e+00
   outer loop
     vertex  2.065353e+01  1.044384e+00  1.624858e+02
     vertex  2.065353e+01  1.344384e+00  1.626858e+02
     vertex  2.065353e+01  9.443839e-01  1.622858e+02
   endloop
 endfacet
 facet normal -1.000000e+00  0.000000e+00  0.000000e+00
   outer loop
     vertex  2.065353e+01  8.443839e-01  1.622858e+02
     vertex  2.065353e+01  1.044384e+00  1.624858e+02
     vertex  2.065353e+01  9.443839e-01  1.622858e+02
   endloop
 endfacet
 facet normal -1.000000e+00  0.000000e+00  0.000000e+00
   outer loop
     vertex  2.065353e+01  1.229579e+00  1.647087e+02
     vertex  2.065353e+01  1.344384e+00  1.646858e+02
     vertex  2.065353e+01  1.344384e+00  1.626858e+02
   endloop
 endfacet
 facet normal -1.000000e+00  0.000000e+00 -0.000000e+00
   outer loop
     vertex  2.065353e+01  1.229579e+00  1.647087e+02
     vertex  2.065353e+01  1.344384e+00  1.626858e+02
     vertex  2.065353e+01  1.044384e+00  1.624858e+02
   endloop
 endfacet
 facet normal -1.000000e+00  0.000000e+00 -0.000000e+00
   outer loop
     vertex  2.065353e+01  1.132252e+00  1.647737e+02
     vertex  2.065353e+01  1.229579e+00  1.647087e+02
     vertex  2.065353e+01  1.044384e+00  1.624858e+02
   endloop
 endfacet
 facet normal -1.000000e+00  0.000000e+00  0.000000e+00
   outer loop
     vertex  2.065353e+01  1.044384e+00  1.624858e+02
     vertex  2.065353e+01  1.044384e+00  1.649858e+02
     vertex  2.065353e+01  1.067220e+00  1.648710e+02
   endloop
 endfacet
 facet normal -1.000000e+00  0.000000e+00  0.000000e+00
   outer loop
     vertex  2.065353e+01  1.044384e+00  1.624858e+02
     vertex  2.065353e+01  1.067220e+00  1.648710e+02
     vertex  2.065353e+01  1.132252e+00  1.647737e+02
   endloop
 endfacet
 facet normal  0.000000e+00  7.071068e-01 -7.071068e-01
   outer loop
     vertex  2.065353e+01  8.443839e-01  1.622858e+02
     vertex  1.615353e+01  1.044384e+00  1.624858e+02
     vertex  2.065353e+01  1.044384e+00  1.624858e+02
   endloop
 endfacet
 facet normal  0.000000e+00  7.071068e-01 -7.071068e-01
   outer loop
     vertex  2.065353e+01  8.443839e-01  1.622858e+02
     vertex  1.615353e+01  8.443839e-01  1.622858e+02
     vertex  1.615353e+01  1.044384e+00  1.624858e+02
   endloop
 endfacet
 facet normal -1.629685e-16  1.000000e+00 -1.776357e-15
   outer loop
     vertex  2.065353e+01  1.344384e+00  1.646858e+02
     vertex  4.245353e+01  1.344384e+00  1.646858e+02
     vertex  4.245353e+01  1.344384e+00  1.626858e+02
   endloop
 endfacet
 facet normal -1.629685e-16  1.000000e+00 -1.776357e-15
   outer loop
     vertex  2.065353e+01  1.344384e+00  1.646858e+02
     vertex  4.245353e+01  1.344384e+00  1.626858e+02
     vertex  2.065353e+01  1.344384e+00  1.626858e+02
   endloop
 endfacet
 facet normal  0.000000e+00 -6.315935e-15 -1.000000e+00
   outer loop
     vertex  4.245353e+01  8.443839e-01  1.622858e+02
     vertex  4.695353e+01  8.443839e-01  1.622858e+02
     vertex  4.695353e+01 -3.655616e+00  1.622858e+02
   endloop
 endfacet
 facet normal -1.303748e-15  0.000000e+00 -1.000000e+00
   outer loop
     vertex  2.065353e+01  8.443839e-01  1.622858e+02
     vertex  4.245353e+01  9.443839e-01  1.622858e+02
     vertex  4.245353e+01  8.443839e-01  1.622858e+02
   endloop
 endfacet
 facet normal  1.092794e-30 -6.315935e-15 -1.000000e+00
   outer loop
     vertex  1.615353e+01 -3.655616e+00  1.622858e+02
     vertex  4.245353e+01  8.443839e-01  1.622858e+02
     vertex  4.695353e+01 -3.655616e+00  1.622858e+02
   endloop
 endfacet
 facet normal -1.303748e-15  1.303748e-15 -1.000000e+00
   outer loop
     vertex  1.615353e+01 -3.655616e+00  1.622858e+02
     vertex  2.065353e+01  8.443839e-01  1.622858e+02
     vertex  4.245353e+01  8.443839e-01  1.622858e+02
   endloop
 endfacet
 facet normal -1.303748e-15 -0.000000e+00 -1.000000e+00
   outer loop
     vertex  2.065353e+01  9.443839e-01  1.622858e+02
     vertex  4.245353e+01  9.443839e-01  1.622858e+02
     vertex  2.065353e+01  8.443839e-01  1.622858e+02
   endloop
 endfacet
 facet normal  0.000000e+00  0.000000e+00 -1.000000e+00
   outer loop
     vertex  1.615353e+01  8.443839e-01  1.622858e+02
     vertex  2.065353e+01  8.443839e-01  1.622858e+02
     vertex  1.615353e+01 -3.655616e+00  1.622858e+02
   endloop
 endfacet
 facet normal -2.574395e-12  9.927089e-01 -1.205367e-01
   outer loop
     vertex  4.195353e+01 -7.755616e+00  1.672858e+02
     vertex  4.695353e+01 -7.738181e+00  1.674294e+02
     vertex  4.695353e+01 -7.755616e+00  1.672858e+02
   endloop
 endfacet
 facet normal  0.000000e+00  9.350162e-01 -3.546049e-01
   outer loop
     vertex  4.195353e+01 -7.738181e+00  1.674294e+02
     vertex  4.695353e+01 -7.686890e+00  1.675647e+02
     vertex  4.695353e+01 -7.738181e+00  1.674294e+02
   endloop
 endfacet
 facet normal  0.000000e+00  9.927089e-01 -1.205367e-01
   outer loop
     vertex  4.195353e+01 -7.738181e+00  1.674294e+02
     vertex  4.695353e+01 -7.738181e+00  1.674294e+02
     vertex  4.195353e+01 -7.755616e+00  1.672858e+02
   endloop
 endfacet
 facet normal -1.461913e-16  8.229839e-01 -5.680647e-01
   outer loop
     vertex  4.195353e+01 -7.686890e+00  1.675647e+02
     vertex  4.695353e+01 -7.604723e+00  1.676837e+02
     vertex  4.695353e+01 -7.686890e+00  1.675647e+02
   endloop
 endfacet
 facet normal -1.660922e-16  9.350162e-01 -3.546049e-01
   outer loop
     vertex  4.195353e+01 -7.686890e+00  1.675647e+02
     vertex  4.695353e+01 -7.686890e+00  1.675647e+02
     vertex  4.195353e+01 -7.738181e+00  1.674294e+02
   endloop
 endfacet
 facet normal  0.000000e+00  6.631227e-01 -7.485107e-01
   outer loop
     vertex  4.195353e+01 -7.604723e+00  1.676837e+02
     vertex  4.695353e+01 -7.496455e+00  1.677796e+02
     vertex  4.695353e+01 -7.604723e+00  1.676837e+02
   endloop
 endfacet
 facet normal  0.000000e+00  8.229839e-01 -5.680647e-01
   outer loop
     vertex  4.195353e+01 -7.604723e+00  1.676837e+02
     vertex  4.695353e+01 -7.604723e+00  1.676837e+02
     vertex  4.195353e+01 -7.686890e+00  1.675647e+02
   endloop
 endfacet
 facet normal  0.000000e+00  4.647232e-01 -8.854560e-01
   outer loop
     vertex  4.195353e+01 -7.496455e+00  1.677796e+02
     vertex  4.695353e+01 -7.368379e+00  1.678468e+02
     vertex  4.695353e+01 -7.496455e+00  1.677796e+02
   endloop
 endfacet
 facet normal  0.000000e+00  6.631227e-01 -7.485107e-01
   outer loop
     vertex  4.195353e+01 -7.496455e+00  1.677796e+02
     vertex  4.695353e+01 -7.496455e+00  1.677796e+02
     vertex  4.195353e+01 -7.604723e+00  1.676837e+02
   endloop
 endfacet
 facet normal  0.000000e+00  2.393157e-01 -9.709418e-01
   outer loop
     vertex  4.195353e+01 -7.368379e+00  1.678468e+02
     vertex  4.695353e+01 -7.227938e+00  1.678814e+02
     vertex  4.695353e+01 -7.368379e+00  1.678468e+02
   endloop
 endfacet
 facet normal  0.000000e+00  4.647232e-01 -8.854560e-01
   outer loop
     vertex  4.195353e+01 -7.368379e+00  1.678468e+02
     vertex  4.695353e+01 -7.368379e+00  1.678468e+02
     vertex  4.195353e+01 -7.496455e+00  1.677796e+02
   endloop
 endfacet
 facet normal  0.000000e+00  0.000000e+00 -1.000000e+00
   outer loop
     vertex  4.195353e+01 -7.227938e+00  1.678814e+02
     vertex  4.695353e+01 -7.083294e+00  1.678814e+02
     vertex  4.695353e+01 -7.227938e+00  1.678814e+02
   endloop
 endfacet
 facet normal  4.251100e-17  2.393157e-01 -9.709418e-01
   outer loop
     vertex  4.195353e+01 -7.227938e+00  1.678814e+02
     vertex  4.695353e+01 -7.227938e+00  1.678814e+02
     vertex  4.195353e+01 -7.368379e+00  1.678468e+02
   endloop
 endfacet
 facet normal  0.000000e+00 -2.393157e-01 -9.709418e-01
   outer loop
     vertex  4.195353e+01 -7.083294e+00  1.678814e+02
     vertex  4.695353e+01 -6.942853e+00  1.678468e+02
     vertex  4.695353e+01 -7.083294e+00  1.678814e+02
   endloop
 endfacet
 facet normal  0.000000e+00  0.000000e+00 -1.000000e+00
   outer loop
     vertex  4.195353e+01 -7.083294e+00  1.678814e+02
     vertex  4.695353e+01 -7.083294e+00  1.678814e+02
     vertex  4.195353e+01 -7.227938e+00  1.678814e+02
   endloop
 endfacet
 facet normal  0.000000e+00 -4.647232e-01 -8.854560e-01
   outer loop
     vertex  4.195353e+01 -6.942853e+00  1.678468e+02
     vertex  4.695353e+01 -6.814777e+00  1.677796e+02
     vertex  4.695353e+01 -6.942853e+00  1.678468e+02
   endloop
 endfacet
 facet normal  0.000000e+00 -2.393157e-01 -9.709418e-01
   outer loop
     vertex  4.195353e+01 -6.942853e+00  1.678468e+02
     vertex  4.695353e+01 -6.942853e+00  1.678468e+02
     vertex  4.195353e+01 -7.083294e+00  1.678814e+02
   endloop
 endfacet
 facet normal  0.000000e+00 -4.647232e-01 -8.854560e-01
   outer loop
     vertex  4.195353e+01 -6.814777e+00  1.677796e+02
     vertex  4.695353e+01 -6.814777e+00  1.677796e+02
     vertex  4.195353e+01 -6.942853e+00  1.678468e+02
   endloop
 endfacet
 facet normal  0.000000e+00 -6.631227e-01 -7.485107e-01
   outer loop
     vertex  4.195353e+01 -6.706510e+00  1.676837e+02
     vertex  4.695353e+01 -6.706510e+00  1.676837e+02
     vertex  4.695353e+01 -6.814777e+00  1.677796e+02
   endloop
 endfacet
 facet normal  0.000000e+00 -6.631227e-01 -7.485107e-01
   outer loop
     vertex  4.195353e+01 -6.706510e+00  1.676837e+02
     vertex  4.695353e+01 -6.814777e+00  1.677796e+02
     vertex  4.195353e+01 -6.814777e+00  1.677796e+02
   endloop
 endfacet
 facet normal  1.461913e-16 -8.229839e-01 -5.680647e-01
   outer loop
     vertex  4.195353e+01 -6.624343e+00  1.675647e+02
     vertex  4.695353e+01 -6.624343e+00  1.675647e+02
     vertex  4.695353e+01 -6.706510e+00  1.676837e+02
   endloop
 endfacet
 facet normal  1.660922e-16 -9.350162e-01 -3.546049e-01
   outer loop
     vertex  4.195353e+01 -6.624343e+00  1.675647e+02
     vertex  4.695353e+01 -6.573051e+00  1.674294e+02
     vertex  4.695353e+01 -6.624343e+00  1.675647e+02
   endloop
 endfacet
 facet normal  0.000000e+00 -8.229839e-01 -5.680647e-01
   outer loop
     vertex  4.195353e+01 -6.624343e+00  1.675647e+02
     vertex  4.695353e+01 -6.706510e+00  1.676837e+02
     vertex  4.195353e+01 -6.706510e+00  1.676837e+02
   endloop
 endfacet
 facet normal  1.660922e-16 -9.350162e-01 -3.546049e-01
   outer loop
     vertex  4.195353e+01 -6.573051e+00  1.674294e+02
     vertex  4.695353e+01 -6.573051e+00  1.674294e+02
     vertex  4.195353e+01 -6.624343e+00  1.675647e+02
   endloop
 endfacet
 facet normal -2.574043e-12 -9.927089e-01 -1.205367e-01
   outer loop
     vertex  4.195353e+01 -6.555616e+00  1.672858e+02
     vertex  4.695353e+01 -6.555616e+00  1.672858e+02
     vertex  4.695353e+01 -6.573051e+00  1.674294e+02
   endloop
 endfacet
 facet normal  1.762979e-16 -9.927089e-01 -1.205367e-01
   outer loop
     vertex  4.195353e+01 -6.555616e+00  1.672858e+02
     vertex  4.695353e+01 -6.573051e+00  1.674294e+02
     vertex  4.195353e+01 -6.573051e+00  1.674294e+02
   endloop
 endfacet
 facet normal  0.000000e+00  0.000000e+00 -1.000000e+00
   outer loop
     vertex  1.615353e+01 -3.655616e+00  1.655858e+02
     vertex  4.695353e+01 -1.065562e+01  1.655858e+02
     vertex  1.615353e+01 -1.065562e+01  1.655858e+02
   endloop
 endfacet
 facet normal  0.000000e+00  0.000000e+00 -1.000000e+00
   outer loop
     vertex  1.615353e+01 -3.655616e+00  1.655858e+02
     vertex  4.695353e+01 -3.655616e+00  1.655858e+02
     vertex  4.695353e+01 -1.065562e+01  1.655858e+02
   endloop
 endfacet
 facet normal  0.000000e+00 -0.000000e+00 -1.000000e+00
   outer loop
     vertex  4.695353e+01 -1.065562e+01  1.622858e+02
     vertex  4.695353e+01 -1.515562e+01  1.622858e+02
     vertex  4.245353e+01 -1.515562e+01  1.622858e+02
   endloop
 endfacet
 facet normal  0.000000e+00  0.000000e+00 -1.000000e+00
   outer loop
     vertex  2.065353e+01 -1.515562e+01  1.622858e+02
     vertex  4.245353e+01 -1.515562e+01  1.622858e+02
     vertex  4.245353e+01 -1.525562e+01  1.622858e+02
   endloop
 endfacet
 facet normal  0.000000e+00  0.000000e+00 -1.000000e+00
   outer loop
     vertex  2.065353e+01 -1.515562e+01  1.622858e+02
     vertex  4.245353e+01 -1.525562e+01  1.622858e+02
     vertex  2.065353e+01 -1.525562e+01  1.622858e+02
   endloop
 endfacet
 facet normal  0.000000e+00  0.000000e+00 -1.000000e+00
   outer loop
     vertex  1.615353e+01 -1.065562e+01  1.622858e+02
     vertex  2.065353e+01 -1.515562e+01  1.622858e+02
     vertex  1.615353e+01 -1.515562e+01  1.622858e+02
   endloop
 endfacet
 facet normal  0.000000e+00  0.000000e+00 -1.000000e+00
   outer loop
     vertex  1.615353e+01 -1.065562e+01  1.622858e+02
     vertex  4.695353e+01 -1.065562e+01  1.622858e+02
     vertex  4.245353e+01 -1.515562e+01  1.622858e+02
   endloop
 endfacet
 facet normal  0.000000e+00  0.000000e+00 -1.000000e+00
   outer loop
     vertex  1.615353e+01 -1.065562e+01  1.622858e+02
     vertex  4.245353e+01 -1.515562e+01  1.622858e+02
     vertex  2.065353e+01 -1.515562e+01  1.622858e+02
   endloop
 endfacet
 facet normal  2.573338e-12 -9.927089e-01 -1.205367e-01
   outer loop
     vertex  2.115353e+01 -6.573051e+00  1.674294e+02
     vertex  1.615353e+01 -6.555616e+00  1.672858e+02
     vertex  2.115353e+01 -6.555616e+00  1.672858e+02
   endloop
 endfacet
 facet normal  1.763405e-16 -9.927089e-01 -1.205367e-01
   outer loop
     vertex  2.115353e+01 -6.573051e+00  1.674294e+02
     vertex  1.615353e+01 -6.573051e+00  1.674294e+02
     vertex  1.615353e+01 -6.555616e+00  1.672858e+02
   endloop
 endfacet
 facet normal  3.321845e-16 -9.350162e-01 -3.546049e-01
   outer loop
     vertex  2.115353e+01 -6.624343e+00  1.675647e+02
     vertex  1.615353e+01 -6.624343e+00  1.675647e+02
     vertex  1.615353e+01 -6.573051e+00  1.674294e+02
   endloop
 endfacet
 facet normal  1.655041e-16 -9.350162e-01 -3.546049e-01
   outer loop
     vertex  2.115353e+01 -6.624343e+00  1.675647e+02
     vertex  1.615353e+01 -6.573051e+00  1.674294e+02
     vertex  2.115353e+01 -6.573051e+00  1.674294e+02
   endloop
 endfacet
 facet normal  1.177942e-16 -6.631227e-01 -7.485107e-01
   outer loop
     vertex  2.115353e+01 -6.706510e+00  1.676837e+02
     vertex  1.615353e+01 -6.814777e+00  1.677796e+02
     vertex  1.615353e+01 -6.706510e+00  1.676837e+02
   endloop
 endfacet
 facet normal  1.461913e-16 -8.229839e-01 -5.680647e-01
   outer loop
     vertex  2.115353e+01 -6.706510e+00  1.676837e+02
     vertex  1.615353e+01 -6.706510e+00  1.676837e+02
     vertex  1.615353e+01 -6.624343e+00  1.675647e+02
   endloop
 endfacet
 facet normal  2.926305e-16 -8.229839e-01 -5.680647e-01
   outer loop
     vertex  2.115353e+01 -6.706510e+00  1.676837e+02
     vertex  1.615353e+01 -6.624343e+00  1.675647e+02
     vertex  2.115353e+01 -6.624343e+00  1.675647e+02
   endloop
 endfacet
 facet normal  1.177942e-16 -6.631227e-01 -7.485107e-01
   outer loop
     vertex  2.115353e+01 -6.814777e+00  1.677796e+02
     vertex  1.615353e+01 -6.814777e+00  1.677796e+02
     vertex  2.115353e+01 -6.706510e+00  1.676837e+02
   endloop
 endfacet
 facet normal  8.255142e-17 -4.647232e-01 -8.854560e-01
   outer loop
     vertex  2.115353e+01 -6.942853e+00  1.678468e+02
     vertex  1.615353e+01 -6.942853e+00  1.678468e+02
     vertex  1.615353e+01 -6.814777e+00  1.677796e+02
   endloop
 endfacet
 facet normal  8.395138e-17 -4.647232e-01 -8.854560e-01
   outer loop
     vertex  2.115353e+01 -6.942853e+00  1.678468e+02
     vertex  1.615353e+01 -6.814777e+00  1.677796e+02
     vertex  2.115353e+01 -6.814777e+00  1.677796e+02
   endloop
 endfacet
 facet normal  4.251100e-17 -2.393157e-01 -9.709418e-01
   outer loop
     vertex  2.115353e+01 -7.083294e+00  1.678814e+02
     vertex  1.615353e+01 -7.083294e+00  1.678814e+02
     vertex  1.615353e+01 -6.942853e+00  1.678468e+02
   endloop
 endfacet
 facet normal  4.197569e-17 -2.393157e-01 -9.709418e-01
   outer loop
     vertex  2.115353e+01 -7.083294e+00  1.678814e+02
     vertex  1.615353e+01 -6.942853e+00  1.678468e+02
     vertex  2.115353e+01 -6.942853e+00  1.678468e+02
   endloop
 endfacet
 facet normal -0.000000e+00  0.000000e+00 -1.000000e+00
   outer loop
     vertex  2.115353e+01 -7.227938e+00  1.678814e+02
     vertex  1.615353e+01 -7.227938e+00  1.678814e+02
     vertex  1.615353e+01 -7.083294e+00  1.678814e+02
   endloop
 endfacet
 facet normal  0.000000e+00  0.000000e+00 -1.000000e+00
   outer loop
     vertex  2.115353e+01 -7.227938e+00  1.678814e+02
     vertex  1.615353e+01 -7.083294e+00  1.678814e+02
     vertex  2.115353e+01 -7.083294e+00  1.678814e+02
   endloop
 endfacet
 facet normal -4.251100e-17  2.393157e-01 -9.709418e-01
   outer loop
     vertex  2.115353e+01 -7.368379e+00  1.678468e+02
     vertex  1.615353e+01 -7.368379e+00  1.678468e+02
     vertex  1.615353e+01 -7.227938e+00  1.678814e+02
   endloop
 endfacet
 facet normal -4.197569e-17  2.393157e-01 -9.709418e-01
   outer loop
     vertex  2.115353e+01 -7.368379e+00  1.678468e+02
     vertex  1.615353e+01 -7.227938e+00  1.678814e+02
     vertex  2.115353e+01 -7.227938e+00  1.678814e+02
   endloop
 endfacet
 facet normal -8.255142e-17  4.647232e-01 -8.854560e-01
   outer loop
     vertex  2.115353e+01 -7.496455e+00  1.677796e+02
     vertex  1.615353e+01 -7.496455e+00  1.677796e+02
     vertex  1.615353e+01 -7.368379e+00  1.678468e+02
   endloop
 endfacet
 facet normal -8.395138e-17  4.647232e-01 -8.854560e-01
   outer loop
     vertex  2.115353e+01 -7.496455e+00  1.677796e+02
     vertex  1.615353e+01 -7.368379e+00  1.678468e+02
     vertex  2.115353e+01 -7.368379e+00  1.678468e+02
   endloop
 endfacet
 facet normal -1.177942e-16  6.631227e-01 -7.485107e-01
   outer loop
     vertex  2.115353e+01 -7.604723e+00  1.676837e+02
     vertex  1.615353e+01 -7.604723e+00  1.676837e+02
     vertex  1.615353e+01 -7.496455e+00  1.677796e+02
   endloop
 endfacet
 facet normal -1.175319e-16  6.631227e-01 -7.485107e-01
   outer loop
     vertex  2.115353e+01 -7.604723e+00  1.676837e+02
     vertex  1.615353e+01 -7.496455e+00  1.677796e+02
     vertex  2.115353e+01 -7.496455e+00  1.677796e+02
   endloop
 endfacet
 facet normal -3.321845e-16  9.350162e-01 -3.546049e-01
   outer loop
     vertex  2.115353e+01 -7.686890e+00  1.675647e+02
     vertex  1.615353e+01 -7.738181e+00  1.674294e+02
     vertex  1.615353e+01 -7.686890e+00  1.675647e+02
   endloop
 endfacet
 facet normal -2.923826e-16  8.229839e-01 -5.680647e-01
   outer loop
     vertex  2.115353e+01 -7.686890e+00  1.675647e+02
     vertex  1.615353e+01 -7.686890e+00  1.675647e+02
     vertex  1.615353e+01 -7.604723e+00  1.676837e+02
   endloop
 endfacet
 facet normal -1.463153e-16  8.229839e-01 -5.680647e-01
   outer loop
     vertex  2.115353e+01 -7.686890e+00  1.675647e+02
     vertex  1.615353e+01 -7.604723e+00  1.676837e+02
     vertex  2.115353e+01 -7.604723e+00  1.676837e+02
   endloop
 endfacet
 facet normal -1.660922e-16  9.350162e-01 -3.546049e-01
   outer loop
     vertex  2.115353e+01 -7.738181e+00  1.674294e+02
     vertex  1.615353e+01 -7.738181e+00  1.674294e+02
     vertex  2.115353e+01 -7.686890e+00  1.675647e+02
   endloop
 endfacet
 facet normal  2.572985e-12  9.927089e-01 -1.205367e-01
   outer loop
     vertex  2.115353e+01 -7.755616e+00  1.672858e+02
     vertex  1.615353e+01 -7.755616e+00  1.672858e+02
     vertex  1.615353e+01 -7.738181e+00  1.674294e+02
   endloop
 endfacet
 facet normal -1.762979e-16  9.927089e-01 -1.205367e-01
   outer loop
     vertex  2.115353e+01 -7.755616e+00  1.672858e+02
     vertex  1.615353e+01 -7.738181e+00  1.674294e+02
     vertex  2.115353e+01 -7.738181e+00  1.674294e+02
   endloop
 endfacet
 facet normal -1.033524e-15  7.071068e-01 -7.071068e-01
   outer loop
     vertex  4.245353e+01  9.443839e-01  1.622858e+02
     vertex  2.065353e+01  9.443839e-01  1.622858e+02
     vertex  2.065353e+01  1.344384e+00  1.626858e+02
   endloop
 endfacet
 facet normal -1.147860e-16  7.071068e-01 -7.071068e-01
   outer loop
     vertex  4.245353e+01  9.443839e-01  1.622858e+02
     vertex  2.065353e+01  1.344384e+00  1.626858e+02
     vertex  4.245353e+01  1.344384e+00  1.626858e+02
   endloop
 endfacet
 facet normal  1.730218e-16 -1.000000e+00  1.691768e-15
   outer loop
     vertex  4.695353e+01 -3.655616e+00  1.633358e+02
     vertex  1.615353e+01 -3.655616e+00  1.633358e+02
     vertex  1.615353e+01 -3.655616e+00  1.622858e+02
   endloop
 endfacet
 facet normal  1.730218e-16 -1.000000e+00  1.691768e-15
   outer loop
     vertex  4.695353e+01 -3.655616e+00  1.633358e+02
     vertex  1.615353e+01 -3.655616e+00  1.622858e+02
     vertex  4.695353e+01 -3.655616e+00  1.622858e+02
   endloop
 endfacet
 facet normal  8.536543e-01 -4.510607e-01 -2.604200e-01
   outer loop
     vertex  4.171319e+01 -7.002407e+00  1.674144e+02
     vertex  4.159302e+01 -7.155616e+00  1.672858e+02
     vertex  4.171319e+01 -6.967678e+00  1.673542e+02
   endloop
 endfacet
 facet normal  8.536543e-01 -3.347895e-01 -3.989866e-01
   outer loop
     vertex  4.171319e+01 -7.055616e+00  1.674590e+02
     vertex  4.159302e+01 -7.155616e+00  1.672858e+02
     vertex  4.171319e+01 -7.002407e+00  1.674144e+02
   endloop
 endfacet
 facet normal  8.637673e-01 -5.002170e-01 -6.073734e-02
   outer loop
     vertex  4.183336e+01 -6.779739e+00  1.674226e+02
     vertex  4.195353e+01 -6.555616e+00  1.672858e+02
     vertex  4.195353e+01 -6.573051e+00  1.674294e+02
   endloop
 endfacet
 facet normal  8.521146e-01 -4.893457e-01 -1.855843e-01
   outer loop
     vertex  4.183336e+01 -6.779739e+00  1.674226e+02
     vertex  4.195353e+01 -6.573051e+00  1.674294e+02
     vertex  4.195353e+01 -6.624343e+00  1.675647e+02
   endloop
 endfacet
 facet normal  8.536543e-01 -5.129273e-01 -9.044292e-02
   outer loop
     vertex  4.183336e+01 -6.779739e+00  1.674226e+02
     vertex  4.159302e+01 -7.155616e+00  1.672858e+02
     vertex  4.195353e+01 -6.555616e+00  1.672858e+02
   endloop
 endfacet
 facet normal  3.010717e-01  1.502359e-01 -9.416926e-01
   outer loop
     vertex  4.183336e+01 -6.779739e+00  1.674226e+02
     vertex  4.171319e+01 -6.967678e+00  1.673542e+02
     vertex  4.159302e+01 -7.155616e+00  1.672858e+02
   endloop
 endfacet
 facet normal  0.000000e+00  0.000000e+00  0.000000e+00
   outer loop
     vertex  4.171319e+01 -7.120887e+00  1.674828e+02
     vertex  4.159302e+01 -7.155616e+00  1.672858e+02
     vertex  4.159302e+01 -7.155616e+00  1.672858e+02
   endloop
 endfacet
 facet normal  8.536543e-01 -1.781378e-01 -4.894295e-01
   outer loop
     vertex  4.171319e+01 -7.120887e+00  1.674828e+02
     vertex  4.159302e+01 -7.155616e+00  1.672858e+02
     vertex  4.171319e+01 -7.055616e+00  1.674590e+02
   endloop
 endfacet
 facet normal  8.541574e-01 -4.279636e-01 -2.954019e-01
   outer loop
     vertex  4.183336e+01 -6.849198e+00  1.675429e+02
     vertex  4.195353e+01 -6.624343e+00  1.675647e+02
     vertex  4.195353e+01 -6.706510e+00  1.676837e+02
   endloop
 endfacet
 facet normal  8.571439e-01 -3.415593e-01 -3.855407e-01
   outer loop
     vertex  4.183336e+01 -6.849198e+00  1.675429e+02
     vertex  4.195353e+01 -6.706510e+00  1.676837e+02
     vertex  4.195353e+01 -6.814777e+00  1.677796e+02
   endloop
 endfacet
 facet normal  8.536543e-01 -4.510607e-01 -2.604200e-01
   outer loop
     vertex  4.183336e+01 -6.849198e+00  1.675429e+02
     vertex  4.171319e+01 -6.967678e+00  1.673542e+02
     vertex  4.183336e+01 -6.779739e+00  1.674226e+02
   endloop
 endfacet
 facet normal  8.633318e-01 -4.370282e-01 -2.523184e-01
   outer loop
     vertex  4.183336e+01 -6.849198e+00  1.675429e+02
     vertex  4.183336e+01 -6.779739e+00  1.674226e+02
     vertex  4.195353e+01 -6.624343e+00  1.675647e+02
   endloop
 endfacet
 facet normal  8.536543e-01 -4.510607e-01 -2.604200e-01
   outer loop
     vertex  4.183336e+01 -6.849198e+00  1.675429e+02
     vertex  4.171319e+01 -7.002407e+00  1.674144e+02
     vertex  4.171319e+01 -6.967678e+00  1.673542e+02
   endloop
 endfacet
 facet normal  8.536543e-01  0.000000e+00 -5.208400e-01
   outer loop
     vertex  4.171319e+01 -7.190346e+00  1.674828e+02
     vertex  4.159302e+01 -7.155616e+00  1.672858e+02
     vertex  4.171319e+01 -7.120887e+00  1.674828e+02
   endloop
 endfacet
 facet normal  8.524580e-01 -2.429553e-01 -4.629127e-01
   outer loop
     vertex  4.183336e+01 -6.955616e+00  1.676322e+02
     vertex  4.195353e+01 -6.814777e+00  1.677796e+02
     vertex  4.195353e+01 -6.942853e+00  1.678468e+02
   endloop
 endfacet
 facet normal  8.536543e-01 -3.347895e-01 -3.989866e-01
   outer loop
     vertex  4.183336e+01 -6.955616e+00  1.676322e+02
     vertex  4.171319e+01 -7.002407e+00  1.674144e+02
     vertex  4.183336e+01 -6.849198e+00  1.675429e+02
   endloop
 endfacet
 facet normal  8.609933e-01 -3.269322e-01 -3.896226e-01
   outer loop
     vertex  4.183336e+01 -6.955616e+00  1.676322e+02
     vertex  4.183336e+01 -6.849198e+00  1.675429e+02
     vertex  4.195353e+01 -6.814777e+00  1.677796e+02
   endloop
 endfacet
 facet normal  8.536543e-01 -3.347895e-01 -3.989866e-01
   outer loop
     vertex  4.183336e+01 -6.955616e+00  1.676322e+02
     vertex  4.171319e+01 -7.055616e+00  1.674590e+02
     vertex  4.171319e+01 -7.002407e+00  1.674144e+02
   endloop
 endfacet
 facet normal  8.536543e-01  1.781378e-01 -4.894295e-01
   outer loop
     vertex  4.171319e+01 -7.255616e+00  1.674590e+02
     vertex  4.159302e+01 -7.155616e+00  1.672858e+02
     vertex  4.171319e+01 -7.190346e+00  1.674828e+02
   endloop
 endfacet
 facet normal  8.531413e-01 -1.248462e-01 -5.065209e-01
   outer loop
     vertex  4.183336e+01 -7.086157e+00  1.676797e+02
     vertex  4.195353e+01 -6.942853e+00  1.678468e+02
     vertex  4.195353e+01 -7.083294e+00  1.678814e+02
   endloop
 endfacet
 facet normal  8.536543e-01 -1.781378e-01 -4.894295e-01
   outer loop
     vertex  4.183336e+01 -7.086157e+00  1.676797e+02
     vertex  4.171319e+01 -7.120887e+00  1.674828e+02
     vertex  4.171319e+01 -7.055616e+00  1.674590e+02
   endloop
 endfacet
 facet normal  8.536543e-01 -1.781378e-01 -4.894295e-01
   outer loop
     vertex  4.183336e+01 -7.086157e+00  1.676797e+02
     vertex  4.171319e+01 -7.055616e+00  1.674590e+02
     vertex  4.183336e+01 -6.955616e+00  1.676322e+02
   endloop
 endfacet
 facet normal  8.637932e-01 -1.723256e-01 -4.734608e-01
   outer loop
     vertex  4.183336e+01 -7.086157e+00  1.676797e+02
     vertex  4.183336e+01 -6.955616e+00  1.676322e+02
     vertex  4.195353e+01 -6.942853e+00  1.678468e+02
   endloop
 endfacet
 facet normal  8.536543e-01  3.347895e-01 -3.989866e-01
   outer loop
     vertex  4.171319e+01 -7.308825e+00  1.674144e+02
     vertex  4.159302e+01 -7.155616e+00  1.672858e+02
     vertex  4.171319e+01 -7.255616e+00  1.674590e+02
   endloop
 endfacet
 facet normal  8.590845e-01  0.000000e+00 -5.118338e-01
   outer loop
     vertex  4.183336e+01 -7.225075e+00  1.676797e+02
     vertex  4.195353e+01 -7.083294e+00  1.678814e+02
     vertex  4.195353e+01 -7.227938e+00  1.678814e+02
   endloop
 endfacet
 facet normal  8.531413e-01  1.248462e-01 -5.065209e-01
   outer loop
     vertex  4.183336e+01 -7.225075e+00  1.676797e+02
     vertex  4.195353e+01 -7.227938e+00  1.678814e+02
     vertex  4.195353e+01 -7.368379e+00  1.678468e+02
   endloop
 endfacet
 facet normal  8.536543e-01  0.000000e+00 -5.208400e-01
   outer loop
     vertex  4.183336e+01 -7.225075e+00  1.676797e+02
     vertex  4.171319e+01 -7.190346e+00  1.674828e+02
     vertex  4.171319e+01 -7.120887e+00  1.674828e+02
   endloop
 endfacet
 facet normal  8.590845e-01  0.000000e+00 -5.118338e-01
   outer loop
     vertex  4.183336e+01 -7.225075e+00  1.676797e+02
     vertex  4.183336e+01 -7.086157e+00  1.676797e+02
     vertex  4.195353e+01 -7.083294e+00  1.678814e+02
   endloop
 endfacet
 facet normal  8.536543e-01  0.000000e+00 -5.208400e-01
   outer loop
     vertex  4.183336e+01 -7.225075e+00  1.676797e+02
     vertex  4.171319e+01 -7.120887e+00  1.674828e+02
     vertex  4.183336e+01 -7.086157e+00  1.676797e+02
   endloop
 endfacet
 facet normal  8.536543e-01  4.510607e-01 -2.604200e-01
   outer loop
     vertex  4.171319e+01 -7.343555e+00  1.673542e+02
     vertex  4.159302e+01 -7.155616e+00  1.672858e+02
     vertex  4.171319e+01 -7.308825e+00  1.674144e+02
   endloop
 endfacet
 facet normal  8.524580e-01  2.429553e-01 -4.629127e-01
   outer loop
     vertex  4.183336e+01 -7.355616e+00  1.676322e+02
     vertex  4.195353e+01 -7.368379e+00  1.678468e+02
     vertex  4.195353e+01 -7.496455e+00  1.677796e+02
   endloop
 endfacet
 facet normal  8.637932e-01  1.723256e-01 -4.734608e-01
   outer loop
     vertex  4.183336e+01 -7.355616e+00  1.676322e+02
     vertex  4.183336e+01 -7.225075e+00  1.676797e+02
     vertex  4.195353e+01 -7.368379e+00  1.678468e+02
   endloop
 endfacet
 facet normal  8.536543e-01  1.781378e-01 -4.894295e-01
   outer loop
     vertex  4.183336e+01 -7.355616e+00  1.676322e+02
     vertex  4.171319e+01 -7.190346e+00  1.674828e+02
     vertex  4.183336e+01 -7.225075e+00  1.676797e+02
   endloop
 endfacet
 facet normal  8.536543e-01  1.781378e-01 -4.894295e-01
   outer loop
     vertex  4.183336e+01 -7.355616e+00  1.676322e+02
     vertex  4.171319e+01 -7.255616e+00  1.674590e+02
     vertex  4.171319e+01 -7.190346e+00  1.674828e+02
   endloop
 endfacet
 facet normal  8.571439e-01  3.415593e-01 -3.855407e-01
   outer loop
     vertex  4.183336e+01 -7.462034e+00  1.675429e+02
     vertex  4.195353e+01 -7.496455e+00  1.677796e+02
     vertex  4.195353e+01 -7.604723e+00  1.676837e+02
   endloop
 endfacet
 facet normal  8.541574e-01  4.279636e-01 -2.954019e-01
   outer loop
     vertex  4.183336e+01 -7.462034e+00  1.675429e+02
     vertex  4.195353e+01 -7.604723e+00  1.676837e+02
     vertex  4.195353e+01 -7.686890e+00  1.675647e+02
   endloop
 endfacet
 facet normal  8.536543e-01  3.347895e-01 -3.989866e-01
   outer loop
     vertex  4.183336e+01 -7.462034e+00  1.675429e+02
     vertex  4.171319e+01 -7.308825e+00  1.674144e+02
     vertex  4.171319e+01 -7.255616e+00  1.674590e+02
   endloop
 endfacet
 facet normal  8.609933e-01  3.269322e-01 -3.896226e-01
   outer loop
     vertex  4.183336e+01 -7.462034e+00  1.675429e+02
     vertex  4.183336e+01 -7.355616e+00  1.676322e+02
     vertex  4.195353e+01 -7.496455e+00  1.677796e+02
   endloop
 endfacet
 facet normal  8.536543e-01  3.347895e-01 -3.989866e-01
   outer loop
     vertex  4.183336e+01 -7.462034e+00  1.675429e+02
     vertex  4.171319e+01 -7.255616e+00  1.674590e+02
     vertex  4.183336e+01 -7.355616e+00  1.676322e+02
   endloop
 endfacet
 facet normal  8.521146e-01  4.893457e-01 -1.855843e-01
   outer loop
     vertex  4.183336e+01 -7.531493e+00  1.674226e+02
     vertex  4.195353e+01 -7.686890e+00  1.675647e+02
     vertex  4.195353e+01 -7.738181e+00  1.674294e+02
   endloop
 endfacet
 facet normal  8.637673e-01  5.002170e-01 -6.073734e-02
   outer loop
     vertex  4.183336e+01 -7.531493e+00  1.674226e+02
     vertex  4.195353e+01 -7.738181e+00  1.674294e+02
     vertex  4.195353e+01 -7.755616e+00  1.672858e+02
   endloop
 endfacet
 facet normal  8.536543e-01  5.129273e-01 -9.044292e-02
   outer loop
     vertex  4.183336e+01 -7.531493e+00  1.674226e+02
     vertex  4.195353e+01 -7.755616e+00  1.672858e+02
     vertex  4.159302e+01 -7.155616e+00  1.672858e+02
   endloop
 endfacet
 facet normal  8.633318e-01  4.370282e-01 -2.523184e-01
   outer loop
     vertex  4.183336e+01 -7.531493e+00  1.674226e+02
     vertex  4.183336e+01 -7.462034e+00  1.675429e+02
     vertex  4.195353e+01 -7.686890e+00  1.675647e+02
   endloop
 endfacet
 facet normal -8.460363e-01 -4.227523e-01  3.248123e-01
   outer loop
     vertex  4.183336e+01 -7.531493e+00  1.674226e+02
     vertex  4.159302e+01 -7.155616e+00  1.672858e+02
     vertex  4.171319e+01 -7.343555e+00  1.673542e+02
   endloop
 endfacet
 facet normal  8.536543e-01  4.510607e-01 -2.604200e-01
   outer loop
     vertex  4.183336e+01 -7.531493e+00  1.674226e+02
     vertex  4.171319e+01 -7.343555e+00  1.673542e+02
     vertex  4.171319e+01 -7.308825e+00  1.674144e+02
   endloop
 endfacet
 facet normal  8.536543e-01  4.510607e-01 -2.604200e-01
   outer loop
     vertex  4.183336e+01 -7.531493e+00  1.674226e+02
     vertex  4.171319e+01 -7.308825e+00  1.674144e+02
     vertex  4.183336e+01 -7.462034e+00  1.675429e+02
   endloop
 endfacet
 facet normal -2.306957e-16  1.000000e+00 -2.368476e-15
   outer loop
     vertex  1.615353e+01 -1.065562e+01  1.655858e+02
     vertex  4.695353e+01 -1.065562e+01  1.648358e+02
     vertex  1.615353e+01 -1.065562e+01  1.648358e+02
   endloop
 endfacet
 facet normal -1.730218e-16  1.000000e+00  0.000000e+00
   outer loop
     vertex  1.615353e+01 -1.065562e+01  1.655858e+02
     vertex  4.695353e+01 -1.065562e+01  1.655858e+02
     vertex  4.695353e+01 -1.065562e+01  1.648358e+02
   endloop
 endfacet
 facet normal  1.586033e-16 -1.000000e+00  1.776357e-15
   outer loop
     vertex  4.695353e+01 -3.655616e+00  1.655858e+02
     vertex  1.615353e+01 -3.655616e+00  1.655858e+02
     vertex  1.615353e+01 -3.655616e+00  1.648358e+02
   endloop
 endfacet
 facet normal  1.730218e-16 -1.000000e+00  1.184238e-15
   outer loop
     vertex  4.695353e+01 -3.655616e+00  1.655858e+02
     vertex  1.615353e+01 -3.655616e+00  1.648358e+02
     vertex  4.695353e+01 -3.655616e+00  1.648358e+02
   endloop
 endfacet
 facet normal -1.730218e-16  1.000000e+00 -1.691768e-15
   outer loop
     vertex  1.615353e+01 -1.065562e+01  1.633358e+02
     vertex  4.695353e+01 -1.065562e+01  1.622858e+02
     vertex  1.615353e+01 -1.065562e+01  1.622858e+02
   endloop
 endfacet
 facet normal -1.730218e-16  1.000000e+00 -1.691768e-15
   outer loop
     vertex  1.615353e+01 -1.065562e+01  1.633358e+02
     vertex  4.695353e+01 -1.065562e+01  1.633358e+02
     vertex  4.695353e+01 -1.065562e+01  1.622858e+02
   endloop
 endfacet
 facet normal -8.536543e-01  4.510607e-01 -2.604200e-01
   outer loop
     vertex  2.139388e+01 -7.308825e+00  1.674144e+02
     vertex  2.151405e+01 -7.155616e+00  1.672858e+02
     vertex  2.139388e+01 -7.343555e+00  1.673542e+02
   endloop
 endfacet
 facet normal -8.536543e-01  3.347895e-01 -3.989866e-01
   outer loop
     vertex  2.139388e+01 -7.255616e+00  1.674590e+02
     vertex  2.151405e+01 -7.155616e+00  1.672858e+02
     vertex  2.139388e+01 -7.308825e+00  1.674144e+02
   endloop
 endfacet
 facet normal -8.637673e-01  5.002170e-01 -6.073734e-02
   outer loop
     vertex  2.127371e+01 -7.531493e+00  1.674226e+02
     vertex  2.115353e+01 -7.755616e+00  1.672858e+02
     vertex  2.115353e+01 -7.738181e+00  1.674294e+02
   endloop
 endfacet
 facet normal -8.521146e-01  4.893457e-01 -1.855843e-01
   outer loop
     vertex  2.127371e+01 -7.531493e+00  1.674226e+02
     vertex  2.115353e+01 -7.738181e+00  1.674294e+02
     vertex  2.115353e+01 -7.686890e+00  1.675647e+02
   endloop
 endfacet
 facet normal -8.536543e-01  5.129273e-01 -9.044292e-02
   outer loop
     vertex  2.127371e+01 -7.531493e+00  1.674226e+02
     vertex  2.151405e+01 -7.155616e+00  1.672858e+02
     vertex  2.115353e+01 -7.755616e+00  1.672858e+02
   endloop
 endfacet
 facet normal  8.461959e-01 -4.232351e-01  3.237661e-01
   outer loop
     vertex  2.127371e+01 -7.531493e+00  1.674226e+02
     vertex  2.139388e+01 -7.343555e+00  1.673542e+02
     vertex  2.151405e+01 -7.155616e+00  1.672858e+02
   endloop
 endfacet
 facet normal -8.536543e-01  1.781378e-01 -4.894295e-01
   outer loop
     vertex  2.139388e+01 -7.190346e+00  1.674828e+02
     vertex  2.151405e+01 -7.155616e+00  1.672858e+02
     vertex  2.139388e+01 -7.255616e+00  1.674590e+02
   endloop
 endfacet
 facet normal -8.541574e-01  4.279636e-01 -2.954019e-01
   outer loop
     vertex  2.127371e+01 -7.462034e+00  1.675429e+02
     vertex  2.115353e+01 -7.686890e+00  1.675647e+02
     vertex  2.115353e+01 -7.604723e+00  1.676837e+02
   endloop
 endfacet
 facet normal -8.571439e-01  3.415593e-01 -3.855407e-01
   outer loop
     vertex  2.127371e+01 -7.462034e+00  1.675429e+02
     vertex  2.115353e+01 -7.604723e+00  1.676837e+02
     vertex  2.115353e+01 -7.496455e+00  1.677796e+02
   endloop
 endfacet
 facet normal -8.536543e-01  4.510607e-01 -2.604200e-01
   outer loop
     vertex  2.127371e+01 -7.462034e+00  1.675429e+02
     vertex  2.139388e+01 -7.343555e+00  1.673542e+02
     vertex  2.127371e+01 -7.531493e+00  1.674226e+02
   endloop
 endfacet
 facet normal -8.633318e-01  4.370282e-01 -2.523184e-01
   outer loop
     vertex  2.127371e+01 -7.462034e+00  1.675429e+02
     vertex  2.127371e+01 -7.531493e+00  1.674226e+02
     vertex  2.115353e+01 -7.686890e+00  1.675647e+02
   endloop
 endfacet
 facet normal -8.536543e-01  4.510607e-01 -2.604200e-01
   outer loop
     vertex  2.127371e+01 -7.462034e+00  1.675429e+02
     vertex  2.139388e+01 -7.308825e+00  1.674144e+02
     vertex  2.139388e+01 -7.343555e+00  1.673542e+02
   endloop
 endfacet
 facet normal  0.000000e+00  0.000000e+00  0.000000e+00
   outer loop
     vertex  2.139388e+01 -7.120887e+00  1.674828e+02
     vertex  2.151405e+01 -7.155616e+00  1.672858e+02
     vertex  2.151405e+01 -7.155616e+00  1.672858e+02
   endloop
 endfacet
 facet normal -8.536543e-01 -0.000000e+00 -5.208400e-01
   outer loop
     vertex  2.139388e+01 -7.120887e+00  1.674828e+02
     vertex  2.151405e+01 -7.155616e+00  1.672858e+02
     vertex  2.139388e+01 -7.190346e+00  1.674828e+02
   endloop
 endfacet
 facet normal -8.524580e-01  2.429553e-01 -4.629127e-01
   outer loop
     vertex  2.127371e+01 -7.355616e+00  1.676322e+02
     vertex  2.115353e+01 -7.496455e+00  1.677796e+02
     vertex  2.115353e+01 -7.368379e+00  1.678468e+02
   endloop
 endfacet
 facet normal -8.536543e-01  3.347895e-01 -3.989866e-01
   outer loop
     vertex  2.127371e+01 -7.355616e+00  1.676322e+02
     vertex  2.139388e+01 -7.308825e+00  1.674144e+02
     vertex  2.127371e+01 -7.462034e+00  1.675429e+02
   endloop
 endfacet
 facet normal -8.609933e-01  3.269322e-01 -3.896226e-01
   outer loop
     vertex  2.127371e+01 -7.355616e+00  1.676322e+02
     vertex  2.127371e+01 -7.462034e+00  1.675429e+02
     vertex  2.115353e+01 -7.496455e+00  1.677796e+02
   endloop
 endfacet
 facet normal -8.536543e-01  3.347895e-01 -3.989866e-01
   outer loop
     vertex  2.127371e+01 -7.355616e+00  1.676322e+02
     vertex  2.139388e+01 -7.255616e+00  1.674590e+02
     vertex  2.139388e+01 -7.308825e+00  1.674144e+02
   endloop
 endfacet
 facet normal -8.536543e-01 -1.781378e-01 -4.894295e-01
   outer loop
     vertex  2.139388e+01 -7.055616e+00  1.674590e+02
     vertex  2.151405e+01 -7.155616e+00  1.672858e+02
     vertex  2.139388e+01 -7.120887e+00  1.674828e+02
   endloop
 endfacet
 facet normal -8.531413e-01  1.248462e-01 -5.065209e-01
   outer loop
     vertex  2.127371e+01 -7.225075e+00  1.676797e+02
     vertex  2.115353e+01 -7.368379e+00  1.678468e+02
     vertex  2.115353e+01 -7.227938e+00  1.678814e+02
   endloop
 endfacet
 facet normal -8.536543e-01  1.781378e-01 -4.894295e-01
   outer loop
     vertex  2.127371e+01 -7.225075e+00  1.676797e+02
     vertex  2.139388e+01 -7.190346e+00  1.674828e+02
     vertex  2.139388e+01 -7.255616e+00  1.674590e+02
   endloop
 endfacet
 facet normal -8.536543e-01  1.781378e-01 -4.894295e-01
   outer loop
     vertex  2.127371e+01 -7.225075e+00  1.676797e+02
     vertex  2.139388e+01 -7.255616e+00  1.674590e+02
     vertex  2.127371e+01 -7.355616e+00  1.676322e+02
   endloop
 endfacet
 facet normal -8.637932e-01  1.723256e-01 -4.734608e-01
   outer loop
     vertex  2.127371e+01 -7.225075e+00  1.676797e+02
     vertex  2.127371e+01 -7.355616e+00  1.676322e+02
     vertex  2.115353e+01 -7.368379e+00  1.678468e+02
   endloop
 endfacet
 facet normal -8.536543e-01 -3.347895e-01 -3.989866e-01
   outer loop
     vertex  2.139388e+01 -7.002407e+00  1.674144e+02
     vertex  2.151405e+01 -7.155616e+00  1.672858e+02
     vertex  2.139388e+01 -7.055616e+00  1.674590e+02
   endloop
 endfacet
 facet normal -8.590845e-01  0.000000e+00 -5.118338e-01
   outer loop
     vertex  2.127371e+01 -7.086157e+00  1.676797e+02
     vertex  2.115353e+01 -7.227938e+00  1.678814e+02
     vertex  2.115353e+01 -7.083294e+00  1.678814e+02
   endloop
 endfacet
 facet normal -8.531413e-01 -1.248462e-01 -5.065209e-01
   outer loop
     vertex  2.127371e+01 -7.086157e+00  1.676797e+02
     vertex  2.115353e+01 -7.083294e+00  1.678814e+02
     vertex  2.115353e+01 -6.942853e+00  1.678468e+02
   endloop
 endfacet
 facet normal -8.590845e-01 -0.000000e+00 -5.118338e-01
   outer loop
     vertex  2.127371e+01 -7.086157e+00  1.676797e+02
     vertex  2.127371e+01 -7.225075e+00  1.676797e+02
     vertex  2.115353e+01 -7.227938e+00  1.678814e+02
   endloop
 endfacet
 facet normal -8.536543e-01 -0.000000e+00 -5.208400e-01
   outer loop
     vertex  2.127371e+01 -7.086157e+00  1.676797e+02
     vertex  2.139388e+01 -7.190346e+00  1.674828e+02
     vertex  2.127371e+01 -7.225075e+00  1.676797e+02
   endloop
 endfacet
 facet normal -8.536543e-01  0.000000e+00 -5.208400e-01
   outer loop
     vertex  2.127371e+01 -7.086157e+00  1.676797e+02
     vertex  2.139388e+01 -7.120887e+00  1.674828e+02
     vertex  2.139388e+01 -7.190346e+00  1.674828e+02
   endloop
 endfacet
 facet normal -8.536543e-01 -4.510607e-01 -2.604200e-01
   outer loop
     vertex  2.139388e+01 -6.967678e+00  1.673542e+02
     vertex  2.151405e+01 -7.155616e+00  1.672858e+02
     vertex  2.139388e+01 -7.002407e+00  1.674144e+02
   endloop
 endfacet
 facet normal -8.524580e-01 -2.429553e-01 -4.629127e-01
   outer loop
     vertex  2.127371e+01 -6.955616e+00  1.676322e+02
     vertex  2.115353e+01 -6.942853e+00  1.678468e+02
     vertex  2.115353e+01 -6.814777e+00  1.677796e+02
   endloop
 endfacet
 facet normal -8.536543e-01 -1.781378e-01 -4.894295e-01
   outer loop
     vertex  2.127371e+01 -6.955616e+00  1.676322e+02
     vertex  2.139388e+01 -7.055616e+00  1.674590e+02
     vertex  2.139388e+01 -7.120887e+00  1.674828e+02
   endloop
 endfacet
 facet normal -8.637932e-01 -1.723256e-01 -4.734608e-01
   outer loop
     vertex  2.127371e+01 -6.955616e+00  1.676322e+02
     vertex  2.127371e+01 -7.086157e+00  1.676797e+02
     vertex  2.115353e+01 -6.942853e+00  1.678468e+02
   endloop
 endfacet
 facet normal -8.536543e-01 -1.781378e-01 -4.894295e-01
   outer loop
     vertex  2.127371e+01 -6.955616e+00  1.676322e+02
     vertex  2.139388e+01 -7.120887e+00  1.674828e+02
     vertex  2.127371e+01 -7.086157e+00  1.676797e+02
   endloop
 endfacet
 facet normal -8.571439e-01 -3.415593e-01 -3.855407e-01
   outer loop
     vertex  2.127371e+01 -6.849198e+00  1.675429e+02
     vertex  2.115353e+01 -6.814777e+00  1.677796e+02
     vertex  2.115353e+01 -6.706510e+00  1.676837e+02
   endloop
 endfacet
 facet normal -8.541574e-01 -4.279636e-01 -2.954019e-01
   outer loop
     vertex  2.127371e+01 -6.849198e+00  1.675429e+02
     vertex  2.115353e+01 -6.706510e+00  1.676837e+02
     vertex  2.115353e+01 -6.624343e+00  1.675647e+02
   endloop
 endfacet
 facet normal -8.536543e-01 -3.347895e-01 -3.989866e-01
   outer loop
     vertex  2.127371e+01 -6.849198e+00  1.675429e+02
     vertex  2.139388e+01 -7.055616e+00  1.674590e+02
     vertex  2.127371e+01 -6.955616e+00  1.676322e+02
   endloop
 endfacet
 facet normal -8.536543e-01 -3.347895e-01 -3.989866e-01
   outer loop
     vertex  2.127371e+01 -6.849198e+00  1.675429e+02
     vertex  2.139388e+01 -7.002407e+00  1.674144e+02
     vertex  2.139388e+01 -7.055616e+00  1.674590e+02
   endloop
 endfacet
 facet normal -8.609933e-01 -3.269322e-01 -3.896226e-01
   outer loop
     vertex  2.127371e+01 -6.849198e+00  1.675429e+02
     vertex  2.127371e+01 -6.955616e+00  1.676322e+02
     vertex  2.115353e+01 -6.814777e+00  1.677796e+02
   endloop
 endfacet
 facet normal -8.521146e-01 -4.893457e-01 -1.855843e-01
   outer loop
     vertex  2.127371e+01 -6.779739e+00  1.674226e+02
     vertex  2.115353e+01 -6.624343e+00  1.675647e+02
     vertex  2.115353e+01 -6.573051e+00  1.674294e+02
   endloop
 endfacet
 facet normal -8.637673e-01 -5.002170e-01 -6.073734e-02
   outer loop
     vertex  2.127371e+01 -6.779739e+00  1.674226e+02
     vertex  2.115353e+01 -6.573051e+00  1.674294e+02
     vertex  2.115353e+01 -6.555616e+00  1.672858e+02
   endloop
 endfacet
 facet normal -8.536543e-01 -5.129273e-01 -9.044292e-02
   outer loop
     vertex  2.127371e+01 -6.779739e+00  1.674226e+02
     vertex  2.115353e+01 -6.555616e+00  1.672858e+02
     vertex  2.151405e+01 -7.155616e+00  1.672858e+02
   endloop
 endfacet
 facet normal -8.633318e-01 -4.370282e-01 -2.523184e-01
   outer loop
     vertex  2.127371e+01 -6.779739e+00  1.674226e+02
     vertex  2.127371e+01 -6.849198e+00  1.675429e+02
     vertex  2.115353e+01 -6.624343e+00  1.675647e+02
   endloop
 endfacet
 facet normal -3.002883e-01  1.507955e-01 -9.418533e-01
   outer loop
     vertex  2.127371e+01 -6.779739e+00  1.674226e+02
     vertex  2.151405e+01 -7.155616e+00  1.672858e+02
     vertex  2.139388e+01 -6.967678e+00  1.673542e+02
   endloop
 endfacet
 facet normal -8.536543e-01 -4.510607e-01 -2.604200e-01
   outer loop
     vertex  2.127371e+01 -6.779739e+00  1.674226e+02
     vertex  2.139388e+01 -6.967678e+00  1.673542e+02
     vertex  2.139388e+01 -7.002407e+00  1.674144e+02
   endloop
 endfacet
 facet normal -8.536543e-01 -4.510607e-01 -2.604200e-01
   outer loop
     vertex  2.127371e+01 -6.779739e+00  1.674226e+02
     vertex  2.139388e+01 -7.002407e+00  1.674144e+02
     vertex  2.127371e+01 -6.849198e+00  1.675429e+02
   endloop
 endfacet
 facet normal  1.721886e-16 -9.951847e-01  9.801714e-02
   outer loop
     vertex  1.615353e+01 -4.405616e+00  1.640858e+02
     vertex  4.695353e+01 -4.405616e+00  1.640858e+02
     vertex  4.695353e+01 -4.391205e+00  1.642321e+02
   endloop
 endfacet
 facet normal  1.721886e-16 -9.951847e-01  9.801714e-02
   outer loop
     vertex  1.615353e+01 -4.391205e+00  1.642321e+02
     vertex  1.615353e+01 -4.405616e+00  1.640858e+02
     vertex  4.695353e+01 -4.391205e+00  1.642321e+02
   endloop
 endfacet
 facet normal  1.655715e-16 -9.569403e-01  2.902847e-01
   outer loop
     vertex  1.615353e+01 -4.348526e+00  1.643728e+02
     vertex  4.695353e+01 -4.391205e+00  1.642321e+02
     vertex  4.695353e+01 -4.348526e+00  1.643728e+02
   endloop
 endfacet
 facet normal  1.656809e-16 -9.569403e-01  2.902847e-01
   outer loop
     vertex  1.615353e+01 -4.348526e+00  1.643728e+02
     vertex  1.615353e+01 -4.391205e+00  1.642321e+02
     vertex  4.695353e+01 -4.391205e+00  1.642321e+02
   endloop
 endfacet
 facet normal  1.525916e-16 -8.819213e-01  4.713967e-01
   outer loop
     vertex  1.615353e+01 -4.279218e+00  1.645025e+02
     vertex  4.695353e+01 -4.348526e+00  1.643728e+02
     vertex  4.695353e+01 -4.279218e+00  1.645025e+02
   endloop
 endfacet
 facet normal  1.528478e-16 -8.819213e-01  4.713967e-01
   outer loop
     vertex  1.615353e+01 -4.279218e+00  1.645025e+02
     vertex  1.615353e+01 -4.348526e+00  1.643728e+02
     vertex  4.695353e+01 -4.348526e+00  1.643728e+02
   endloop
 endfacet
 facet normal  1.337476e-16 -7.730105e-01  6.343933e-01
   outer loop
     vertex  1.615353e+01 -4.185946e+00  1.646162e+02
     vertex  4.695353e+01 -4.279218e+00  1.645025e+02
     vertex  4.695353e+01 -4.185946e+00  1.646162e+02
   endloop
 endfacet
 facet normal  1.336939e-16 -7.730105e-01  6.343933e-01
   outer loop
     vertex  1.615353e+01 -4.185946e+00  1.646162e+02
     vertex  1.615353e+01 -4.279218e+00  1.645025e+02
     vertex  4.695353e+01 -4.279218e+00  1.645025e+02
   endloop
 endfacet
 facet normal  1.097638e-16 -6.343933e-01  7.730105e-01
   outer loop
     vertex  1.615353e+01 -4.072294e+00  1.647094e+02
     vertex  4.695353e+01 -4.185946e+00  1.646162e+02
     vertex  4.695353e+01 -4.072294e+00  1.647094e+02
   endloop
 endfacet
 facet normal  1.099431e-16 -6.343933e-01  7.730105e-01
   outer loop
     vertex  1.615353e+01 -4.072294e+00  1.647094e+02
     vertex  1.615353e+01 -4.185946e+00  1.646162e+02
     vertex  4.695353e+01 -4.185946e+00  1.646162e+02
   endloop
 endfacet
 facet normal  8.156190e-17 -4.713967e-01  8.819213e-01
   outer loop
     vertex  1.615353e+01 -3.942629e+00  1.647787e+02
     vertex  4.695353e+01 -4.072294e+00  1.647094e+02
     vertex  4.695353e+01 -3.942629e+00  1.647787e+02
   endloop
 endfacet
 facet normal  8.121236e-17 -4.713967e-01  8.819213e-01
   outer loop
     vertex  1.615353e+01 -3.942629e+00  1.647787e+02
     vertex  1.615353e+01 -4.072294e+00  1.647094e+02
     vertex  4.695353e+01 -4.072294e+00  1.647094e+02
   endloop
 endfacet
 facet normal  5.022557e-17 -2.902847e-01  9.569403e-01
   outer loop
     vertex  1.615353e+01 -3.801934e+00  1.648214e+02
     vertex  4.695353e+01 -3.942629e+00  1.647787e+02
     vertex  4.695353e+01 -3.801934e+00  1.648214e+02
   endloop
 endfacet
 facet normal  5.037465e-17 -2.902847e-01  9.569403e-01
   outer loop
     vertex  1.615353e+01 -3.801934e+00  1.648214e+02
     vertex  1.615353e+01 -3.942629e+00  1.647787e+02
     vertex  4.695353e+01 -3.942629e+00  1.647787e+02
   endloop
 endfacet
 facet normal  1.695910e-17 -9.801714e-02  9.951847e-01
   outer loop
     vertex  1.615353e+01 -3.655616e+00  1.648358e+02
     vertex  4.695353e+01 -3.801934e+00  1.648214e+02
     vertex  4.695353e+01 -3.655616e+00  1.648358e+02
   endloop
 endfacet
 facet normal  1.695116e-17 -9.801714e-02  9.951847e-01
   outer loop
     vertex  1.615353e+01 -3.655616e+00  1.648358e+02
     vertex  1.615353e+01 -3.801934e+00  1.648214e+02
     vertex  4.695353e+01 -3.801934e+00  1.648214e+02
   endloop
 endfacet
 facet normal -2.260155e-17  9.801714e-02  9.951847e-01
   outer loop
     vertex  1.615353e+01 -1.050930e+01  1.648214e+02
     vertex  1.615353e+01 -1.065562e+01  1.648358e+02
     vertex  4.695353e+01 -1.065562e+01  1.648358e+02
   endloop
 endfacet
 facet normal -2.261213e-17  9.801714e-02  9.951847e-01
   outer loop
     vertex  1.615353e+01 -1.050930e+01  1.648214e+02
     vertex  4.695353e+01 -1.065562e+01  1.648358e+02
     vertex  4.695353e+01 -1.050930e+01  1.648214e+02
   endloop
 endfacet
 facet normal -6.696742e-17  2.902847e-01  9.569403e-01
   outer loop
     vertex  1.615353e+01 -1.036860e+01  1.647787e+02
     vertex  4.695353e+01 -1.050930e+01  1.648214e+02
     vertex  4.695353e+01 -1.036860e+01  1.647787e+02
   endloop
 endfacet
 facet normal -6.703850e-17  2.902847e-01  9.569403e-01
   outer loop
     vertex  1.615353e+01 -1.036860e+01  1.647787e+02
     vertex  1.615353e+01 -1.050930e+01  1.648214e+02
     vertex  4.695353e+01 -1.050930e+01  1.648214e+02
   endloop
 endfacet
 facet normal -8.156190e-17  4.713967e-01  8.819213e-01
   outer loop
     vertex  1.615353e+01 -1.023894e+01  1.647094e+02
     vertex  4.695353e+01 -1.036860e+01  1.647787e+02
     vertex  4.695353e+01 -1.023894e+01  1.647094e+02
   endloop
 endfacet
 facet normal -1.087939e-16  4.713967e-01  8.819213e-01
   outer loop
     vertex  1.615353e+01 -1.023894e+01  1.647094e+02
     vertex  1.615353e+01 -1.036860e+01  1.647787e+02
     vertex  4.695353e+01 -1.036860e+01  1.647787e+02
   endloop
 endfacet
 facet normal -1.097638e-16  6.343933e-01  7.730105e-01
   outer loop
     vertex  1.615353e+01 -1.012529e+01  1.646162e+02
     vertex  4.695353e+01 -1.023894e+01  1.647094e+02
     vertex  4.695353e+01 -1.012529e+01  1.646162e+02
   endloop
 endfacet
 facet normal -1.095601e-16  6.343933e-01  7.730105e-01
   outer loop
     vertex  1.615353e+01 -1.012529e+01  1.646162e+02
     vertex  1.615353e+01 -1.023894e+01  1.647094e+02
     vertex  4.695353e+01 -1.023894e+01  1.647094e+02
   endloop
 endfacet
 facet normal -1.337476e-16  7.730105e-01  6.343933e-01
   outer loop
     vertex  1.615353e+01 -1.003201e+01  1.645025e+02
     vertex  4.695353e+01 -1.012529e+01  1.646162e+02
     vertex  4.695353e+01 -1.003201e+01  1.645025e+02
   endloop
 endfacet
 facet normal -1.336939e-16  7.730105e-01  6.343933e-01
   outer loop
     vertex  1.615353e+01 -1.003201e+01  1.645025e+02
     vertex  1.615353e+01 -1.012529e+01  1.646162e+02
     vertex  4.695353e+01 -1.012529e+01  1.646162e+02
   endloop
 endfacet
 facet normal  2.824052e-16  8.819213e-01  4.713967e-01
   outer loop
     vertex  1.615353e+01 -9.962706e+00  1.643728e+02
     vertex  4.695353e+01 -1.003201e+01  1.645025e+02
     vertex  4.695353e+01 -9.962706e+00  1.643728e+02
   endloop
 endfacet
 facet normal -1.528478e-16  8.819213e-01  4.713967e-01
   outer loop
     vertex  1.615353e+01 -9.962706e+00  1.643728e+02
     vertex  1.615353e+01 -1.003201e+01  1.645025e+02
     vertex  4.695353e+01 -1.003201e+01  1.645025e+02
   endloop
 endfacet
 facet normal -1.655715e-16  9.569403e-01  2.902847e-01
   outer loop
     vertex  1.615353e+01 -9.920027e+00  1.642321e+02
     vertex  4.695353e+01 -9.962706e+00  1.643728e+02
     vertex  4.695353e+01 -9.920027e+00  1.642321e+02
   endloop
 endfacet
 facet normal  1.022816e-16  9.569403e-01  2.902847e-01
   outer loop
     vertex  1.615353e+01 -9.920027e+00  1.642321e+02
     vertex  1.615353e+01 -9.962706e+00  1.643728e+02
     vertex  4.695353e+01 -9.962706e+00  1.643728e+02
   endloop
 endfacet
 facet normal -1.721886e-16  9.951847e-01  9.801714e-02
   outer loop
     vertex  1.615353e+01 -9.905616e+00  1.640858e+02
     vertex  4.695353e+01 -9.920027e+00  1.642321e+02
     vertex  4.695353e+01 -9.905616e+00  1.640858e+02
   endloop
 endfacet
 facet normal -1.721932e-16  9.951847e-01  9.801714e-02
   outer loop
     vertex  1.615353e+01 -9.905616e+00  1.640858e+02
     vertex  1.615353e+01 -9.920027e+00  1.642321e+02
     vertex  4.695353e+01 -9.920027e+00  1.642321e+02
   endloop
 endfacet
 facet normal -1.147924e-16  9.951847e-01 -9.801714e-02
   outer loop
     vertex  1.615353e+01 -9.920027e+00  1.639395e+02
     vertex  4.695353e+01 -9.905616e+00  1.640858e+02
     vertex  4.695353e+01 -9.920027e+00  1.639395e+02
   endloop
 endfacet
 facet normal -1.721932e-16  9.951847e-01 -9.801714e-02
   outer loop
     vertex  1.615353e+01 -9.920027e+00  1.639395e+02
     vertex  1.615353e+01 -9.905616e+00  1.640858e+02
     vertex  4.695353e+01 -9.905616e+00  1.640858e+02
   endloop
 endfacet
 facet normal -2.207620e-16  9.569403e-01 -2.902847e-01
   outer loop
     vertex  1.615353e+01 -9.962706e+00  1.637988e+02
     vertex  4.695353e+01 -9.920027e+00  1.639395e+02
     vertex  4.695353e+01 -9.962706e+00  1.637988e+02
   endloop
 endfacet
 facet normal -1.103262e-16  9.569403e-01 -2.902847e-01
   outer loop
     vertex  1.615353e+01 -9.962706e+00  1.637988e+02
     vertex  1.615353e+01 -9.920027e+00  1.639395e+02
     vertex  4.695353e+01 -9.920027e+00  1.639395e+02
   endloop
 endfacet
 facet normal -1.525916e-16  8.819213e-01 -4.713967e-01
   outer loop
     vertex  1.615353e+01 -1.003201e+01  1.636691e+02
     vertex  4.695353e+01 -9.962706e+00  1.637988e+02
     vertex  4.695353e+01 -1.003201e+01  1.636691e+02
   endloop
 endfacet
 facet normal -2.034140e-16  8.819213e-01 -4.713967e-01
   outer loop
     vertex  1.615353e+01 -1.003201e+01  1.636691e+02
     vertex  1.615353e+01 -9.962706e+00  1.637988e+02
     vertex  4.695353e+01 -9.962706e+00  1.637988e+02
   endloop
 endfacet
 facet normal -1.783302e-16  7.730105e-01 -6.343933e-01
   outer loop
     vertex  1.615353e+01 -1.012529e+01  1.635555e+02
     vertex  4.695353e+01 -1.003201e+01  1.636691e+02
     vertex  4.695353e+01 -1.012529e+01  1.635555e+02
   endloop
 endfacet
 facet normal -1.463518e-16  6.343933e-01 -7.730105e-01
   outer loop
     vertex  1.615353e+01 -1.012529e+01  1.635555e+02
     vertex  4.695353e+01 -1.012529e+01  1.635555e+02
     vertex  4.695353e+01 -1.023894e+01  1.634622e+02
   endloop
 endfacet
 facet normal -1.336939e-16  7.730105e-01 -6.343933e-01
   outer loop
     vertex  1.615353e+01 -1.012529e+01  1.635555e+02
     vertex  1.615353e+01 -1.003201e+01  1.636691e+02
     vertex  4.695353e+01 -1.003201e+01  1.636691e+02
   endloop
 endfacet
 facet normal -1.463518e-16  6.343933e-01 -7.730105e-01
   outer loop
     vertex  1.615353e+01 -1.023894e+01  1.634622e+02
     vertex  1.615353e+01 -1.012529e+01  1.635555e+02
     vertex  4.695353e+01 -1.023894e+01  1.634622e+02
   endloop
 endfacet
 facet normal -8.156190e-17  4.713967e-01 -8.819213e-01
   outer loop
     vertex  1.615353e+01 -1.036860e+01  1.633929e+02
     vertex  4.695353e+01 -1.023894e+01  1.634622e+02
     vertex  4.695353e+01 -1.036860e+01  1.633929e+02
   endloop
 endfacet
 facet normal -1.087939e-16  4.713967e-01 -8.819213e-01
   outer loop
     vertex  1.615353e+01 -1.036860e+01  1.633929e+02
     vertex  1.615353e+01 -1.023894e+01  1.634622e+02
     vertex  4.695353e+01 -1.023894e+01  1.634622e+02
   endloop
 endfacet
 facet normal -6.696742e-17  2.902847e-01 -9.569403e-01
   outer loop
     vertex  1.615353e+01 -1.050930e+01  1.633502e+02
     vertex  4.695353e+01 -1.036860e+01  1.633929e+02
     vertex  4.695353e+01 -1.050930e+01  1.633502e+02
   endloop
 endfacet
 facet normal -5.018311e-17  2.902847e-01 -9.569403e-01
   outer loop
     vertex  1.615353e+01 -1.050930e+01  1.633502e+02
     vertex  1.615353e+01 -1.036860e+01  1.633929e+02
     vertex  4.695353e+01 -1.036860e+01  1.633929e+02
   endloop
 endfacet
 facet normal -2.260155e-17  9.801714e-02 -9.951847e-01
   outer loop
     vertex  1.615353e+01 -1.065562e+01  1.633358e+02
     vertex  1.615353e+01 -1.050930e+01  1.633502e+02
     vertex  4.695353e+01 -1.050930e+01  1.633502e+02
   endloop
 endfacet
 facet normal -1.695910e-17  9.801714e-02 -9.951847e-01
   outer loop
     vertex  1.615353e+01 -1.065562e+01  1.633358e+02
     vertex  4.695353e+01 -1.050930e+01  1.633502e+02
     vertex  4.695353e+01 -1.065562e+01  1.633358e+02
   endloop
 endfacet
endsolid
